0
-------------------------------------------Classical LM---------------------------------------------------
415.13263871614606 435.5657731292294
0 305.8442223901759 317.2398737498886 2.8688645000001998
1 305.8442223901759 317.2398737498886 2.7861138000007486
2 305.8442223901759 317.2398737498886 5.611652800005686
3 271.2851273437633 266.3055085687038 7.514648500000476
4 112.66923843766092 120.56846182866845 2.737464400001045
5 87.74006133804149 87.34574039719713 7.08711129999574
6 87.74006133804149 87.34574039719713 2.7763810999967973
7 87.74006133804149 87.34574039719713 2.8146975000054226
8 46.108529902503435 44.85053137913537 2.8152152999973623
9 46.108529902503435 44.85053137913537 7.104818400002841
10 27.177964244112687 25.576199940887946 6.9856827999974485
11 18.642622503944168 17.955134964380758 2.686559699999634
12 14.140619179368159 13.892789339670564 8.519645899999887
13 14.140619179368159 13.892789339670564 2.889717899997777
14 4.67088135466202 4.022410124771336 2.9859276999995927
15 4.67088135466202 4.022410124771336 2.902508299994224
16 2.014739351811435 1.382516145784245 2.9571930000020075
17 1.221834051761551 0.5832949943584991 2.8892678000047454
18 1.0792414974706555 0.4473472383176007 2.8683096000022488
19 1.0792414974706555 0.4473472383176007 3.0040424000035273
20 0.8728173842232101 0.24517037455442886 2.923467200002051
21 0.8728173842232101 0.24517037455442886 4.701912099997571
22 0.8224992784029977 0.20345520563213285 4.500952599999437
23 0.8073707201795632 0.18978814458800838 4.757816400000593
24 0.8073707201795632 0.18978814458800838 4.787338499998441
25 0.7767459453856511 0.16661588154882617 4.4903400000039255
26 0.7626383931820382 0.1545761781359363 4.052507699998387
27 0.7553189034970219 0.14916861244987273 3.033668799995212
28 0.7479966469147638 0.14315646078799765 4.176548999996157
29 0.6991683223798755 0.09479906044148674 2.9124119999905815
30 0.6721003133981676 0.06784444333996931 2.9108093999966513
31 0.6721003133981676 0.06784444333996931 2.9208037000062177
32 0.6414046914647153 0.038376141681786935 2.9380456999933813
33 0.6414046914647153 0.038376141681786935 2.8839126999955624
34 0.6371293790505234 0.03417747501513666 2.9548747000080766
35 3.9357495199997046
-------------------------------------------------END------------------------------------------------------
-------------------------------------------Krylov LM---------------------------------------------------
415.13263871614606 435.5657731292294
203
0 305.9081040935575 317.31147290436365 5.353603299998213
203
1 305.9081040935575 317.31147290436365 4.865144499999587
2 305.9081040935575 317.31147290436365 0.09598070000356529
3 271.26971980072346 266.20426732817987 0.10255450000113342
203
4 113.80173584382553 121.76036473770401 4.900669099995866
203
5 92.58440158004682 91.17036362380676 4.781719000005978
203
6 92.58440158004682 91.17036362380676 7.577807000008761
7 92.58440158004682 91.17036362380676 0.13620500000251923
8 36.52521682024935 36.04648036162603 0.14049839999643154
203
9 36.52521682024935 36.04648036162603 4.8918457999971
10 25.523637713929002 24.36423196086304 0.10961490000772756
203
11 17.39822704869841 17.11562248909605 5.666443699999945
203
12 15.187552366951492 14.436643996821138 5.839896799996495
203
13 15.187552366951492 14.436643996821138 4.913895799996681
14 8.291237403370465 7.776745102484737 0.07771599999978207
203
15 8.291237403370465 7.776745102484737 4.845846500000334
16 6.49414531522357 5.852447977234172 0.09912459999031853
203
17 5.4355751760528 4.7389233551480325 4.8614593999955105
203
18 5.4355751760528 4.7389233551480325 4.893082200011122
19 3.069914629727318 2.388908596858802 0.08421469999302644
203
20 1.4038166520913158 0.7598527823590777 4.865268699999433
203
21 1.4038166520913158 0.7598527823590777 4.864450299995951
22 1.0810995179616012 0.4507407021098597 0.1011653000023216
203
23 0.9644919277776342 0.3351168070593026 4.8829564999905415
203
24 0.955044620375168 0.34196522825327347 4.88387399999192
203
25 0.955044620375168 0.34196522825327347 4.831610799999908
26 0.8475875741044636 0.23173391750450326 0.10044959999504499
203
27 0.8475875741044636 0.23173391750450326 4.86789970000973
28 0.8109932448581134 0.19372844329670022 0.10023419999924954
203
29 0.7926310523486758 0.17838935546895712 4.907340799996746
203
30 0.7847205270340308 0.174166785163485 4.850424399992335
203
31 0.7339485089821041 0.12924861600806842 4.887162599989097
203
32 0.705816360840215 0.10859500156435502 4.857432399992831
203
33 0.705816360840215 0.10859500156435502 4.905781900000875
34 0.6754716309941887 0.07570465044968638 0.08757100001093931
203
35 0.6737619748794388 0.07579557506726756 4.9355206999898655
36 3.4212906888876913
-------------------------------------------------END------------------------------------------------------
------------------------------------Reduced subspace LM---------------------------------------------------
415.13263871614606 435.5657731292294
0.9980715829067671 20
0 383.3016579849317 400.9947594979892 0.2545090999919921
0.9986223743991508 20
1 337.47897198731215 350.6917883978469 0.22119529999326915
0.9990792904943259 20
2 287.5940894700237 295.0275833661075 0.21894700000120793
0.9987192841658545 20
3 251.95335678818375 258.05395200585843 0.2206350000051316
0.97461647964717 20
0.999998363381417 80
4 244.99092707235644 251.9707318552972 1.7034034999960568
0.9492789917561897 20
0.9998801901567417 80
5 234.42125811863485 236.28225948530934 1.680492300001788
0.9787865740983546 20
0.9998727291553612 80
6 212.333268792559 220.52261361533724 3.18190599999798
0.9630350953933359 20
0.9996910097421242 80
7 211.46225306811883 217.69907677943144 1.43409700000484
0.893776855412788 20
0.9991566384273399 80
8 105.4822450238046 103.22395892329673 1.426056600001175
0.9031645108402192 20
0.9996809314529513 80
9 47.988025740470995 46.52543693023393 1.5504320000036387
0.961218351826849 20
0.9999004482379638 80
10 31.453723072371677 31.800530113751083 4.449821100002737
0.9886006214265218 20
0.9999498908630391 80
11 13.214808818119488 12.700059319349696 1.5294031999947038
0.9924887500962813 20
12 5.618343854344698 4.841959974604304 0.2143375999876298
0.5871541273333621 20
0.9999929114469114 80
13 4.913999697712248 4.246690928555307 1.5027879000117537
0.9588275260401785 20
0.9999971721157896 80
14 3.6092404466278256 2.90978078653972 1.398453600006178
0.9963296312211233 20
15 1.563583293655434 0.9594474648366839 0.21327809999638703
0.37335414047536214 20
0.9999952401804789 80
16 1.2191183863729669 0.5918812333364871 1.5149711999983992
0.9871615447818237 20
0.9999983324116285 80
17 1.1070476918608092 0.5239785106087339 1.4270361999952001
0.9578676063874417 20
0.9999958900194011 80
18 0.849358447884089 0.2681941178294462 1.431083799994667
0.9567023829821575 20
0.9999968629878064 80
19 0.7927190418675037 0.1986529880954341 1.3908127000031527
0.9867262934655711 20
0.9999989199364815 80
20 0.7710777425932249 0.19044452262759176 1.3630761000094935
0.9960039988315199 20
21 0.7508693072094371 0.16260908713453381 0.21731529998942278
0.0012666099567375142 20
0.9994197829067828 80
22 0.7398152301846395 0.15226677896518545 1.4030690000072354
0.9863387148102275 20
0.9999988961754839 80
23 0.7165766267530508 0.13008673990384306 1.376707900009933
0.9924225502758812 20
24 0.7078006010189533 0.11680688823211444 0.20977809999021702
0.000399111307356292 20
0.9959801084714625 80
25 0.7035301658434379 0.11186978236950755 1.420926699996926
0.9672473742976947 20
0.9999952644051037 80
26 0.6877526791782061 0.09709844394400585 1.4241646000009496
0.991184056074601 20
27 0.6840449780862771 0.09105924140628965 0.2235342999920249
0.0001697104652237214 20
0.9863737711673275 80
0.9995996877980403 140
28 0.6675908957362395 0.07580414032834608 3.3906959000014467
0.991410854287465 20
29 0.6650674295068006 0.07170743609197103 0.22954070000560023
8.14834822909609e-05 20
0.9940233331086374 80
30 0.6594147208118049 0.06551733063048021 1.4087464999902295
0.980916858739912 20
0.999995914740472 80
31 0.6550615339244712 0.06132142908168686 2.1803641000005882
32 1.306611824999436
-------------------------------------------------END------------------------------------------------------
1
-------------------------------------------Classical LM---------------------------------------------------
399.0855190479682 421.5566978692088
0 399.0855190479682 421.5566978692088 2.879090400005225
1 308.84250571197003 312.8081703220737 2.9564754999883007
2 273.8382147257934 287.7247751368208 6.35907400000724
3 175.33842107774137 172.85182700645393 3.881711499998346
4 72.68150591160968 73.55189496805409 3.824586699993233
5 72.68150591160968 73.55189496805409 2.8844493000069633
6 72.68150591160968 73.55189496805409 2.964362800004892
7 31.584906961774053 31.718583118733964 2.912800000005518
8 31.584906961774053 31.718583118733964 2.927685799993924
9 31.584906961774053 31.718583118733964 3.024153699996532
10 20.743162678566122 21.68971253629378 2.965238499993575
11 20.743162678566122 21.68971253629378 2.834034600004088
12 16.022349770977012 16.146592725494255 2.94762140000239
13 12.056782698977639 11.278815822455813 2.843076100005419
14 10.309199772153917 10.038325507757065 2.9105376999941655
15 10.309199772153917 10.038325507757065 2.856211500009522
16 7.957597830708971 7.390200976725393 2.985033500008285
17 7.957597830708971 7.390200976725393 5.61575549999543
18 6.802846034635113 6.276280594855185 4.093096199998399
19 5.9053621417672595 5.3595839995099395 2.9682990000001155
20 4.947913204314556 4.349627763660681 4.598197100000107
21 4.042504394806229 3.436842073790843 2.920078099996317
22 3.6789633227394645 2.87768480430168 2.9192190000030678
23 3.6789633227394645 2.87768480430168 2.919130499998573
24 3.6402811282681244 2.913855209948539 2.9271465000056196
25 3.6402811282681244 2.913855209948539 2.913624000007985
26 2.4441463895665336 1.7339863321734714 2.9736514999967767
27 2.4441463895665336 1.7339863321734714 2.8999407999945106
28 2.2126263995861444 1.5249902807420448 4.490098800000851
29 2.1014904970323434 1.4581198184192499 4.328718699995079
30 2.1014904970323434 1.4581198184192499 2.9352908000000753
31 1.9206364864506549 1.2905361531449078 4.38807810000435
32 1.8388814545389651 1.2183444743488163 3.7881582000118215
33 1.8388814545389651 1.2183444743488163 2.923135300006834
34 1.714430226457005 1.0987717373834425 3.001893699998618
35 1.6519811981076855 1.0336230055322084 2.867155800006003
36 1.6519811981076855 1.0336230055322084 2.9204383000032976
37 1.5627320417368094 0.9436191084683101 2.9863808999944013
38 1.48284450797792 0.8519466332434809 2.6960044000006747
39 1.48284450797792 0.8519466332434809 2.6807479999988573
40 1.3907469852279681 0.7581965489153053 2.7731216000101995
41 1.3196879953699177 0.6813264633165941 2.6600708000041777
42 1.270145097343727 0.6359058416948813 2.711326700009522
43 1.1977695724009005 0.584556902002309 2.7079624999896623
44 1.1943499227250378 0.5835342099805956 2.6795597999880556
45 3.2498316355563777
-------------------------------------------------END------------------------------------------------------
-------------------------------------------Krylov LM---------------------------------------------------
399.0855190479682 421.5566978692088
203
0 399.0855190479682 421.5566978692088 4.715844099991955
1 308.8425057001392 312.8081703186004 0.1049743000039598
203
2 273.6341768427121 287.6202714914881 4.706852999996045
203
3 156.48756829975713 151.5759605692833 4.7532425000099465
203
4 67.08708857046797 68.6245070576176 4.673887500001001
203
5 67.08708857046797 68.6245070576176 4.714548199990531
6 67.08708857046797 68.6245070576176 0.11128379999718163
7 36.090882061493204 36.09479053418332 0.09299479999754112
203
8 25.693228163563994 24.33346550710846 4.6432045999972615
203
9 25.693228163563994 24.33346550710846 4.735558299988043
10 25.693228163563994 24.33346550710846 0.10084449998976197
11 25.693228163563994 24.33346550710846 0.09700249999877997
12 25.693228163563994 24.33346550710846 0.06579670000064652
13 16.17112111003255 15.949500205690153 0.07629520000773482
203
14 10.884607647823318 10.69190275512798 6.470620200008852
203
15 9.01194364537628 8.682429776585675 4.808759100007592
203
16 7.174009325886271 6.817885352813053 6.563547700003255
203
17 5.711530045632186 5.2587252582821895 4.748369100008858
203
18 5.569298971445602 4.993858765931827 6.741810699997586
203
19 4.048485741811449 3.583633925221503 4.764584999997169
203
20 4.048485741811449 3.583633925221503 4.756714300005115
21 4.048485741811449 3.583633925221503 0.10265950000029989
22 2.7400020572146437 2.0535735565391624 0.06935400000656955
203
23 2.7400020572146437 2.0535735565391624 4.720684599989909
24 2.3407235227950647 1.7131767819933688 0.08428120000462513
203
25 2.180882480303117 1.5630857973113002 4.771801200011396
203
26 2.0527318835942285 1.4760686575212785 4.774264599996968
203
27 1.9958643582465443 1.4894773530562964 4.723840899998322
203
28 1.9958643582465443 1.4894773530562964 4.712521399997058
29 1.7261879545636556 1.1759800323224692 0.07452810001268517
203
30 1.7261879545636556 1.1759800323224692 4.775638999999501
31 1.4765000494430152 0.8972375398904415 0.09922469999582972
203
32 1.329476494604644 0.713782185681245 4.730415500001982
203
33 1.1635435760849862 0.5296925650196909 4.760965600013151
203
34 1.0994699673957486 0.5166461283014475 4.673548299993854
203
35 0.9748844004951653 0.37405021963005536 5.0000648999994155
203
36 0.9748844004951653 0.37405021963005536 4.719976100008353
37 0.8554317899582271 0.264290187042818 0.09418529999675229
203
38 0.8249570091126661 0.23741781017507174 4.689511799995671
203
39 0.8249570091126661 0.23741781017507174 4.7012612000107765
40 0.8028951261281277 0.21860390626701054 0.10310559999197721
203
41 0.787654966431295 0.2029713847148203 4.720503100004862
203
42 0.7823465791183964 0.20035038843414615 4.732141800006502
203
43 0.7823465791183964 0.20035038843414615 4.74123580000014
44 0.7667496846827871 0.1833766521419267 0.08375369998975657
203
45 0.757253098340157 0.1771990905184851 4.733508000004804
203
46 0.7561525269528006 0.1703944489225683 4.739492500011693
47 3.374025627660461
-------------------------------------------------END------------------------------------------------------
------------------------------------Reduced subspace LM---------------------------------------------------
399.0855190479682 421.5566978692088
0.9980291931845464 20
0 369.82257160885734 388.99434734341526 0.2060910000000149
0.9987838437766668 20
1 327.78176741939114 341.8909853461685 0.21230100000684615
0.9993453404658276 20
2 282.701895048884 291.1793396208137 0.22444319998612627
0.9991062834767634 20
3 253.28894611971626 257.48487876097937 0.45447280000371393
0.9567979552620839 20
0.999952934502268 80
4 249.4361248235439 254.400068290015 3.461602099996526
0.9332310174357915 20
0.9998726154726522 80
5 244.33768437974035 249.9831774250969 1.8112101000006078
0.9605063182625685 20
0.9998713865040879 80
6 225.75487558930348 233.56127540258097 1.5951941999956034
0.9342483304020074 20
0.9997511903524644 80
7 216.70958389566326 220.74891222742568 1.4701041000080295
0.767067667651209 20
0.9992243927676608 80
8 181.62247234159634 183.502529402618 1.3418559999990975
0.8967486797384608 20
0.9990032978256937 80
9 79.46150712917701 79.830085652365 1.325525899999775
0.9238690337948363 20
0.9994550759660715 80
10 34.455903320946604 32.398012855650045 1.4737998999917181
0.9482162710361219 20
0.9998208682852421 80
11 19.212298188133705 17.87862416499298 1.4715378000109922
0.9725222790995388 20
0.9998548938536624 80
12 16.347742374082152 16.232197126970316 1.3639733000018168
0.9953978252147596 20
13 5.4549767172717605 4.951620379865008 0.2032653000060236
0.6121208300361121 20
0.9999866472535001 80
14 4.936914742999888 4.239816880585989 1.3586197999975411
0.9879787693151861 20
0.9999841429339236 80
15 3.208875702499553 2.5732730716870527 1.3515468000114197
0.9857239035303216 20
0.999989609150144 80
16 2.7352636789256835 2.1231795767313826 1.367960099989432
0.9936997903652827 20
17 1.7834800647149576 1.1421713780783749 0.2248159000009764
0.10535720304231211 20
0.9998151398105499 80
18 1.5694693429317796 0.9839639457107199 1.3489958999998635
0.9761359355722463 20
0.9999930856529774 80
19 1.2648585876720029 0.6586990489490188 3.061061600004905
0.9906191499920431 20
20 1.1608883360257165 0.542990991913566 0.20404840000264812
0.02089382281639138 20
0.9998527807234622 80
21 1.0529569651814403 0.435753373158938 3.039576200011652
0.993367396759799 20
22 1.028895356118662 0.4155831266506017 0.20900740000070073
0.000616834716551085 20
0.9961009087010222 80
23 0.9697006052207847 0.34770218189689023 1.4565465999912703
0.9937458326156927 20
24 0.9433687808129547 0.3281129944956539 0.21405979999690317
0.003329855481456225 20
0.9991952655884088 80
25 0.910965667682745 0.30324559370234816 1.4280128999962471
0.9926538089934659 20
26 0.8932461026547056 0.28808398502880483 0.20587349998822901
0.0003659950954497147 20
0.9956332819542336 80
27 0.8643261981543726 0.25319969887265464 1.4720419000077527
0.9793199496950108 20
0.9999979351490927 80
28 0.8467974315330448 0.24522038639045357 1.455092500007595
0.9917897994480889 20
29 0.8314571729001058 0.23161655593975153 0.19263459999638144
0.00016140161736969734 20
0.9919761191785161 80
30 0.8106597785309405 0.20968692336093323 1.4158581999945454
0.9644206811137565 20
0.9999982748554621 80
31 0.7972300327741921 0.202683019323051 1.463499799996498
0.9871824233177877 20
0.9999982801759938 80
32 0.7798859156117702 0.18609157630287212 1.4484455000056187
0.9874816834608922 20
0.9999981382562891 80
33 0.7681791956019244 0.1779459454946938 1.3988544999883743
0.9912950231429916 20
34 0.7587419990045261 0.1661824229246919 0.19901019999815617
0.00027830251964099697 20
0.9947772009811923 80
35 0.7486575823672617 0.15651460435025757 1.4563730000081705
0.9610534687184402 20
0.9999981308896171 80
36 0.74095176722236 0.15206610828014344 1.446481799997855
0.9888660170684502 20
0.9999981018585975 80
37 0.7317169324385773 0.14180148834185213 1.43242409999948
0.9875825967913531 20
0.9999978631290307 80
38 0.724667030379128 0.13684765627620465 2.324645899992902
0.9910463878801579 20
39 0.7199803893803879 0.12989920905781174 0.4608116000017617
40 1.2062918799998443
-------------------------------------------------END------------------------------------------------------
2
-------------------------------------------Classical LM---------------------------------------------------
379.37579279649214 395.0759171574076
0 288.37678018801967 271.30638147000576 2.7439741999987746
1 288.37678018801967 271.30638147000576 4.0314750999968965
2 288.37678018801967 271.30638147000576 2.761959699986619
3 124.840313999558 122.80808812961902 2.8007555000076536
4 124.840313999558 122.80808812961902 2.7062077000009594
5 41.932721954864846 41.05480752056454 4.350042199992458
6 41.932721954864846 41.05480752056454 2.684370200004196
7 41.932721954864846 41.05480752056454 4.382351599997492
8 23.019584131498075 23.050402660063433 2.840973099999246
9 14.410976912516665 13.4822050919313 4.439632000008714
10 14.410976912516665 13.4822050919313 4.224978199999896
11 9.148577332008637 8.740311686189377 4.64135430000897
12 6.740672090692842 6.280247870298384 4.263590899994597
13 4.7617871110745895 4.264738939882086 4.32578640000429
14 4.7617871110745895 4.264738939882086 2.812867400003597
15 3.9419277367936956 3.4990324601257115 4.425832499997341
16 3.4407069868704507 2.930169598892334 4.308125000010477
17 3.2728816553315316 2.7739135838530156 3.116002800001297
18 3.2728816553315316 2.7739135838530156 2.7407107000035467
19 3.2728816553315316 2.7739135838530156 4.383075099991402
20 2.313626147763586 1.7674898935278884 2.8780291000002762
21 2.313626147763586 1.7674898935278884 3.1378792000032263
22 2.1968180131306547 1.6501459588821805 2.8182916000077967
23 2.1229780737555854 1.5830271762372317 2.753314400004456
24 2.0379080895766735 1.5024722864849855 2.8194492000038736
25 1.885393453954124 1.339667853434487 2.95738330000313
26 1.808354061955987 1.233834526959276 4.10417970000708
27 1.808354061955987 1.233834526959276 3.7673591999919154
28 1.4143197886959458 0.8563235403184906 3.438069700001506
29 1.3184371592267843 0.7579735960037173 5.785242300000391
30 1.134548216832277 0.5716588196392289 6.186690799993812
31 1.134548216832277 0.5716588196392289 6.19920619999175
32 1.0262757453931262 0.45294148898210324 2.8838775000040187
33 0.9866593652679743 0.41441313335102525 6.762225500002387
34 0.9866593652679743 0.41441313335102525 4.162027100013802
35 0.9446088328572323 0.36704722948147295 2.828233899999759
36 0.9258552299187657 0.3451802708125155 2.8569053999963216
37 0.9258552299187657 0.3451802708125155 4.618631999997888
38 0.8913372875685632 0.3080686468647988 2.7849680999934208
39 0.8763153418002286 0.29024969167027964 2.894886599999154
40 0.8763153418002286 0.29024969167027964 4.070757500012405
41 0.8547956674533372 0.26694706253308015 2.785717000006116
42 0.8412511878775611 0.2515148019615687 3.1694189999980154
43 0.8259725247898212 0.23418858274017357 5.000197700006538
44 0.8177503120461567 0.22578654502099998 5.346613200003048
45 0.8177503120461567 0.22578654502099998 6.123970999993617
46 0.780844041112124 0.18767505713905644 2.8272951999970246
47 0.7709194841150355 0.17888285828510245 3.3961873999942327
48 0.7709194841150355 0.17888285828510245 8.201030399999581
49 0.7591763940059496 0.16644794310923483 3.794813000000431
50 0.7518619521786551 0.1599062074269564 3.0051846999995178
51 0.7518619521786551 0.1599062074269564 4.18186529999366
52 0.7448783773718899 0.1526052197250921 2.7972806000034325
53 0.7388047714723162 0.14685391760224328 2.85324350000883
54 0.7360917749896183 0.14420510651952242 5.184632100004819
55 3.861074963637194
-------------------------------------------------END------------------------------------------------------
-------------------------------------------Krylov LM---------------------------------------------------
379.37579279649214 395.0759171574076
203
0 288.3820471686573 271.30786784466346 7.251814200004446
203
1 288.3820471686573 271.30786784466346 7.095202900003642
2 276.24827940047055 280.9234100485154 0.10230440000304952
203
3 276.24827940047055 280.9234100485154 7.117086800004472
4 276.24827940047055 280.9234100485154 0.07501160001265816
5 161.72833253081228 164.54897301026944 0.08515759999863803
203
6 145.53792983656538 145.78405363613348 7.780522300003213
203
7 139.92490146480034 138.38905146375643 7.9243053999962285
203
8 55.00553855178436 56.062206831518765 8.198392899997998
203
9 55.00553855178436 56.062206831518765 7.199376799995662
10 55.00553855178436 56.062206831518765 0.09061640000436455
11 37.335963411050784 35.07949763714442 0.09928470000158995
203
12 37.335963411050784 35.07949763714442 4.759948300008546
13 14.63424575024413 14.532937051480866 0.11451909999595955
203
14 13.060250541172087 12.864332512332966 4.7085017999925185
203
15 11.453239298715845 10.636784383804127 4.756541599999764
203
16 3.4287853336228102 3.069183036137391 4.7739577000029385
203
17 3.4287853336228102 3.069183036137391 4.755809300011606
18 2.763706838683074 2.03306468146754 0.1000103999977
203
19 2.763706838683074 2.03306468146754 4.7481007000023965
20 2.0160293120411277 1.481955651429685 0.09922509999887552
203
21 2.0160293120411277 1.481955651429685 4.760430099995574
22 1.587123569823977 0.9691129202037743 0.10026360000483692
203
23 1.4996578080100442 0.9300819658250921 4.74658599999384
203
24 1.4996578080100442 0.9300819658250921 4.786395100003574
25 1.3957079113744506 0.7558907680917143 0.11510039999848232
203
26 1.3508871315059339 0.737031345283908 7.607027000005473
203
27 1.3508871315059339 0.737031345283908 5.778496600003564
28 1.1960256710269583 0.564923369834482 0.11665149999316782
203
29 1.147796395147695 0.5224155090566945 7.505102399998577
203
30 1.147796395147695 0.5224155090566945 4.831429900004878
31 0.9943141507764857 0.3914553646815594 0.09981090000655968
203
32 0.9474348569823989 0.34011459771596597 4.762031600010232
203
33 0.9017451935735524 0.2897174773807997 4.735260099987499
203
34 0.848893107616767 0.23700582548507895 4.773924600012833
203
35 0.7789583891163648 0.1780854064401841 4.7169047000061255
203
36 0.7789583891163648 0.1780854064401841 4.725797000006423
37 0.7390259705446423 0.13465604374076692 0.08406589999503922
203
38 0.7238526802735988 0.11559197260992789 4.809291500001564
203
39 0.7238526802735988 0.11559197260992789 5.167883100002655
40 0.7100304599518997 0.10233224457608069 0.1001579000003403
203
41 0.7014150282055616 0.09188810600739286 4.716740699994261
203
42 0.7014150282055616 0.09188810600739286 4.754630600000382
43 0.694043372521336 0.08583892937753017 0.09972820000257343
203
44 0.6894378230394195 0.08046183893566008 4.695198799992795
45 3.7872132933346117
-------------------------------------------------END------------------------------------------------------
------------------------------------Reduced subspace LM---------------------------------------------------
379.37579279649214 395.0759171574076
0.9981996395775216 20
0 353.8404250190557 367.29684699611727 0.22120810000342317
0.9985138371116508 20
1 317.065914782045 326.9109233019669 0.42208089999621734
0.9986820614866122 20
2 276.0484869806344 282.86210478196807 0.21863370000210125
0.997931075624254 20
3 241.5756901607507 248.44933679800118 0.21556559999589808
0.9953779962360529 20
4 200.2105979865212 200.5394225944658 0.2125120999990031
0.9871102735761835 20
0.9999980979579378 80
5 181.9948679813906 181.3990990115488 1.624753399999463
0.9774550528523706 20
0.9999825775590184 80
6 180.6665209517396 181.122336268962 1.7141528000065591
0.9817094329273951 20
0.9999971739361163 80
7 159.24172205623034 162.17637348231662 1.595553100007237
0.9793491756894015 20
0.999990603573678 80
8 123.93451284176491 125.07644926302603 1.4831982999894535
0.9958590734234621 20
9 67.71209448996808 65.79586570494452 0.21358380001038313
0.7407991009716643 20
0.9999917851199578 80
10 62.340551834755765 61.93519074380398 2.023304600006668
0.9665501712552157 20
0.9999986829120033 80
11 51.561058713887746 50.70904841101573 1.4826002000045264
0.9933734444260638 20
12 31.486236716013803 30.50130552419964 0.37318240001332015
0.9776088902699275 20
0.9999900685156108 80
13 21.950408905878604 21.099228910083504 1.5217146999930264
0.9804829786300413 20
0.9999923195317688 80
14 17.893575865193007 17.193436869528146 1.462086300001829
0.9928504884916672 20
15 7.196987337474249 6.242933132647644 0.2073035999928834
0.32931913397569 20
0.9999927126342593 80
16 6.030954163091149 4.962250447814284 1.5527931999968132
0.983942950062633 20
0.9999997397906703 80
17 4.166846976018905 3.2432093573408842 1.410894200002076
0.9890922970803804 20
0.9999995465097147 80
18 3.7053145955425433 2.8296612022093273 1.6100105999939842
0.9920775059621662 20
19 2.5735898374049704 1.7028786713411956 0.20655219999025576
0.10966132955351662 20
0.999998401482062 80
20 2.338803163146039 1.5059808989103278 1.5720545000076527
0.9834823653176481 20
0.9999998531706275 80
21 2.175522909104023 1.3776476409469425 2.15703499999654
0.9890626571177211 20
0.9999997469741722 80
22 1.890778273265346 1.1179855616578862 2.282019099991885
0.9894974697277183 20
0.9999985511884821 80
23 1.5978284800642815 0.8645426953225583 2.946136500002467
0.9976076225385246 20
24 1.2175120838781341 0.508585657289672 0.21660390000033658
0.010676066317417934 20
0.9996556705986204 80
25 1.1559595786076364 0.45931504091755837 1.5746741000039037
0.9556442775473913 20
0.9999995714261604 80
26 1.1159039737915077 0.43280199348211 1.538242499998887
0.9756819507283074 20
0.99999820110943 80
27 1.0799889090131634 0.41299661150523154 1.5205258000059985
0.9876749721126913 20
0.9999992858365203 80
28 1.0538064507421576 0.40627704748043686 1.5496577000012621
0.9952775263374205 20
29 0.9689754211476608 0.33063426770959997 0.20023410000430886
0.004158499676641505 20
0.9999615628873314 80
30 0.9557564032837301 0.33027010373500376 1.5530419999995502
0.9952320472876777 20
31 0.9279693048763602 0.3017564611908627 0.18836500000907108
0.0015159159123638354 20
0.9999047647507265 80
32 0.9181573452243179 0.30281024438275017 1.5765482999995584
0.9954323129278989 20
33 0.8929462673749087 0.27518580602441434 0.21273690000816714
0.0012917209905298137 20
0.9998958789802453 80
34 0.876275453174383 0.2673730801147841 1.5362246000004234
0.9912693848720424 20
35 0.8657066696266579 0.2556339764692541 0.1979286999994656
0.00030914204078770203 20
0.9998034226730147 80
36 0.8637235429683986 0.2630205791522993 3.176355599993258
37 1.1829748135142664
-------------------------------------------------END------------------------------------------------------
3
-------------------------------------------Classical LM---------------------------------------------------
471.7546725985559 496.9030762911027
0 364.45292620639094 373.8869470577221 3.1755062000011094
1 279.6531168737617 290.5433671379965 8.458915700000944
2 175.13633579881375 174.80379045525186 2.747125900001265
3 89.12516461353574 84.67550543265402 8.423675500001991
4 89.12516461353574 84.67550543265402 2.706673500011675
5 89.12516461353574 84.67550543265402 2.7761368000064977
6 89.12516461353574 84.67550543265402 4.334355899991351
7 56.161381715615676 59.8815118757523 2.8470935999939684
8 56.161381715615676 59.8815118757523 5.664170599993668
9 20.230773984070815 19.535250758779178 2.810932699998375
10 20.230773984070815 19.535250758779178 2.7042774000001373
11 20.230773984070815 19.535250758779178 2.8132290999928955
12 12.871962272467973 11.670134247949806 2.8063988000067184
13 9.267169235586103 8.55270060235885 2.7191172000020742
14 8.533271385050393 7.841051976089389 2.8036548999953084
15 8.533271385050393 7.841051976089389 6.665020500004175
16 4.652357838398494 3.863344830284834 3.751732799995807
17 4.652357838398494 3.863344830284834 4.114464700003737
18 3.7313502779788394 2.9600109696114845 2.8195473000087077
19 3.3408672160246597 2.658986119229461 4.573530200010282
20 3.220173623873687 2.584022793082173 4.271013599995058
21 2.412210878062117 1.8038793026317461 7.554256300005363
22 2.412210878062117 1.8038793026317461 4.296928299998399
23 1.6134439583286713 1.0137412792925085 4.65074349999486
24 1.457918745862638 0.8389022242301368 8.416368199992576
25 1.457918745862638 0.8389022242301368 5.500646400003461
26 1.2008715561526422 0.5765829144113801 3.5333191999961855
27 1.1721914543602139 0.5611610573379838 5.618671200005338
28 1.1721914543602139 0.5611610573379838 5.763893199997256
29 1.02499507143225 0.41705366607510436 2.7976007999968715
30 1.02499507143225 0.41705366607510436 3.918466500006616
31 0.982953406764707 0.37925129926751844 2.745245400001295
32 0.9541883673616715 0.3598132367173435 2.777380700004869
33 0.9103945742327978 0.32015841921077187 3.8530903000064427
34 0.8964321543928178 0.30894538527157167 6.19537250000576
35 0.8964321543928178 0.30894538527157167 10.1712331000017
36 0.8225614568048153 0.2351037892775376 2.824258500011638
37 0.8028473993088032 0.21246630718873785 4.657423099997686
38 0.7750869032803428 0.18023261860052875 7.510727800006862
39 0.7481463794878986 0.15368545928571184 5.714692900000955
40 0.7172181503462695 0.11886069829406071 9.84828479999851
41 0.7071595408735738 0.10906550175542824 6.515202399998088
42 0.7071595408735738 0.10906550175542824 10.73414739999862
43 0.6750168564359841 0.07550257610748508 2.8304012000007788
44 0.6750168564359841 0.07550257610748508 3.440137400000822
45 0.6595857436922222 0.06214885124882645 2.7864735999901313
46 0.6573680076826729 0.060423060729448246 3.7033373000012944
47 4.730742019149747
-------------------------------------------------END------------------------------------------------------
-------------------------------------------Krylov LM---------------------------------------------------
471.7546725985559 496.9030762911027
203
0 365.0408221217832 374.4450781102687 5.259006499996758
203
1 262.06128870859084 265.67153337009023 9.653977599999052
203
2 106.82139662780969 106.08957297660852 5.664266799998586
203
3 91.63892838548189 90.80418756478801 10.13037020000047
203
4 91.63892838548189 90.80418756478801 6.29313779999211
5 91.63892838548189 90.80418756478801 0.07449990000168327
6 38.95611262407228 37.50721295152447 0.07149089999438729
203
7 38.95611262407228 37.50721295152447 10.857056100008776
8 38.95611262407228 37.50721295152447 0.1366757000068901
9 23.056662327130326 23.452689836010986 0.13580950000323355
203
10 23.056662327130326 23.452689836010986 7.004472200002056
11 23.056662327130326 23.452689836010986 0.09943409998959396
12 14.755093299957943 14.468180499301154 0.06908539999858476
203
13 9.50002816064062 9.058137219248511 11.154919300010079
203
14 9.50002816064062 9.058137219248511 7.2651252999930875
15 7.035022704881165 6.417020519191531 0.10027130000526085
203
16 5.504638907442411 4.838576274069324 11.494664099998772
203
17 5.504638907442411 4.838576274069324 4.8126417999883415
18 4.477910039527765 3.842426258765501 0.086724900000263
203
19 3.5216064911657607 2.9471174558640576 9.06147119999514
203
20 3.0120035134208205 2.4306466005996237 4.902039500011597
203
21 3.0120035134208205 2.4306466005996237 9.780591799994
22 2.277466363749543 1.6856673563819957 0.14128909999271855
203
23 2.1411096271246524 1.4217932631422463 4.765687799997977
203
24 1.797799661636875 1.2204780808016098 4.8113512999989325
203
25 1.797799661636875 1.2204780808016098 4.792331500008004
26 1.4877889439351484 0.901490001523759 0.09470080000755843
203
27 1.4877889439351484 0.901490001523759 4.741821100004017
28 1.4144582158407257 0.8260381550425691 0.10387389999232255
203
29 1.3488525531864164 0.7649785445116712 4.782503200010979
203
30 1.3450822973995598 0.7458754290803538 4.749044900003355
31 4.615817274193696
-------------------------------------------------END------------------------------------------------------
------------------------------------Reduced subspace LM---------------------------------------------------
471.7546725985559 496.9030762911027
0.9980011179118182 20
0 430.28484821918914 452.69992975255053 0.21849479999218602
0.9985773026889717 20
1 369.9570000256531 388.0516451173576 0.19933420000597835
0.9991647005489257 20
2 303.65977542690234 315.938878759859 0.21192940000037197
0.9992697131619974 20
3 257.80999038963694 263.9943220744509 0.18780559999868274
0.9971702654540477 20
4 228.35665699321112 231.47192123645252 0.21244049999222625
0.9720628316516374 20
0.9999992616793469 80
5 219.87539991103728 222.72525324586587 1.679811800000607
0.966204413378872 20
0.9999954793252034 80
6 207.42172002507144 210.5599437464376 1.6532290000031935
0.9804772411560904 20
0.99996571235042 80
7 183.1014888952533 186.8119910259889 2.1885316999978386
0.9618879586661911 20
0.9999761496543148 80
8 147.92306331822792 147.84350853219078 2.4334075000078883
0.9711573624538553 20
0.999982527354258 80
9 85.38524643654682 81.09338262384809 1.5406769999972312
0.9806363301059791 20
0.9999798107841849 80
10 83.64390245241705 81.09422393647598 1.4290122999955202
0.9949462933871768 20
11 29.610771392539867 27.969740172437753 0.18790369998896495
0.9754758171295239 20
0.9999929743466263 80
12 25.812763202052743 24.474847878582242 1.4535575000045355
0.994367778699834 20
13 9.161234381232964 7.778982637429871 0.1885993000032613
0.9491794055562186 20
0.9999994351680707 80
14 6.028010051667783 5.003098206640858 1.4409853999968618
0.9891637384487479 20
0.9999993624336059 80
15 5.821425181041228 5.109075977656415 1.422217900006217
0.9944780612758612 20
16 2.708270483442336 1.8615924349469337 0.34932719999051187
0.4566785251848751 20
0.9999968207294165 80
17 1.9649309954500593 1.1830697478003047 1.398669999995036
0.9831910289077769 20
0.9999988887501847 80
18 1.5198296126046091 0.8691499277526477 1.4855062999995425
0.9812804710811583 20
0.9999988650511569 80
19 1.5141673040508148 0.9007684090365659 1.3227777000138303
0.9871079294480474 20
0.9999987502209408 80
20 1.0158916093905621 0.41564552636300506 1.3298924999980954
0.9934633309889115 20
21 0.91601360167815 0.30961127980075837 0.21947830000135582
0.008219937579999838 20
0.9999620784871697 80
22 0.84680832316811 0.24273453892147348 1.482542800004012
0.9704285430806454 20
0.9999978122260264 80
23 0.8214634085151827 0.21661176934095164 1.8998204000090482
0.9946728123367643 20
24 0.7944917562268679 0.18980831925466038 0.21475670000654645
0.0032498948776896676 20
0.9999296152790236 80
25 0.7638920012475089 0.16207791322580983 1.4899478000006638
0.9446327477381403 20
0.9999896720838345 80
26 0.7432396477770244 0.13946904543890792 1.4221741999936057
0.9946021572694116 20
27 0.7380641977979072 0.13604645648028257 0.3262718999903882
0.0013415877497451416 20
0.9998613050296223 80
28 0.7231742493166213 0.12600060644879849 1.3708581999962917
0.9807921495288867 20
0.9999992540495262 80
29 0.7106916781268078 0.10975030761825129 1.3329268000088632
0.9924478242849567 20
30 0.7086333694005119 0.108118904043771 0.18776790000265464
31 1.0477631064516777
-------------------------------------------------END------------------------------------------------------
4
-------------------------------------------Classical LM---------------------------------------------------
429.8622770059984 452.3030141028707
0 429.8622770059984 452.3030141028707 2.7297881999984384
1 217.46365595429154 215.76985699632007 2.797517799990601
2 217.46365595429154 215.76985699632007 2.7577184999972815
3 217.46365595429154 215.76985699632007 2.8372509999899194
4 92.91220910462273 91.86837965072037 2.9632898999989266
5 85.18802795949115 85.75547617768811 2.7288976999989245
6 85.18802795949115 85.75547617768811 2.6894506999960868
7 20.90770189860139 19.91561817627802 2.8354210999968927
8 20.90770189860139 19.91561817627802 4.071341699993354
9 13.262706980223168 12.886378573061727 5.434601599990856
10 7.376284677910607 6.589740943983788 3.67052609998791
11 6.7581228364390205 6.245201900163049 2.7131974999938393
12 6.7581228364390205 6.245201900163049 2.708055399998557
13 2.3151599976736392 1.6453617062342492 2.856656699994346
14 1.4533113931604533 0.829000167685069 2.7405848000053084
15 1.4533113931604533 0.829000167685069 2.748638699995354
16 1.0234219908814244 0.43265441413841926 2.857312300009653
17 1.0098632317278866 0.41368304096777125 2.6815007000113837
18 0.8651214216708065 0.2716926793243726 2.739714900002582
19 0.8651214216708065 0.2716926793243726 2.7084548999991966
20 0.7553743314622294 0.1578831166914475 2.7933463000081247
21 0.7266570347348642 0.13242003012356668 2.664111400008551
22 0.7266570347348642 0.13242003012356668 2.7780828999966616
23 0.7026543501097211 0.10548920242254174 2.859061199997086
24 0.6922799733475095 0.09772610608380561 6.06651960000454
25 0.6922799733475095 0.09772610608380561 2.7720546000055037
26 0.6800735014322024 0.08347051782706069 2.9420201999892015
27 0.6722629796464437 0.0765343278248474 2.7041941000061342
28 0.6683792391289937 0.07344341091718384 2.664541799997096
29 0.6683792391289937 0.07344341091718384 2.7086487999913516
30 0.6540714384150196 0.05531987728309098 2.784859299994423
31 0.649977562439168 0.05124720646554739 2.704455600003712
32 3.0222442499984936
-------------------------------------------------END------------------------------------------------------
-------------------------------------------Krylov LM---------------------------------------------------
429.8622770059984 452.3030141028707
203
0 429.8622770059984 452.3030141028707 4.758504700002959
1 217.46365474040164 215.76985576768993 0.10251070000231266
203
2 217.46365474040164 215.76985576768993 4.751421300010406
3 217.46365474040164 215.76985576768993 0.09926639999321196
4 92.9122099811689 91.86838059826889 0.08166349999373779
203
5 85.18785608238954 85.75560109748425 4.716443499986781
203
6 85.18785608238954 85.75560109748425 4.789559600001667
7 20.908257849504675 19.916062965658405 0.11534550000214949
203
8 20.908257849504675 19.916062965658405 4.7832239999988815
9 13.261260320572063 12.884718579822074 0.10662320000119507
203
10 7.3759358874042515 6.589399478555961 6.517852099990705
203
11 6.7479149436804695 6.235917976602139 4.772363600000972
203
12 6.7479149436804695 6.235917976602139 4.824253099999623
13 2.3144316902504047 1.6448413582897379 0.10005029999592807
203
14 1.4628264004915712 0.8362470161563373 4.752311999996891
203
15 1.4628264004915712 0.8362470161563373 4.718076799996197
16 1.0243019415122854 0.43354307132140707 0.07335649999731686
203
17 1.011022598080213 0.4147930427366292 4.994860999999219
203
18 0.8624219441498588 0.2685327693270076 5.808041700001922
203
19 0.8624219441498588 0.2685327693270076 4.809128000008059
20 0.755081832194879 0.1577418358082101 0.10769830000936054
203
21 0.726754586543151 0.1322457954682801 4.81831339999917
203
22 0.726754586543151 0.1322457954682801 4.878381199989235
23 0.7030628322512575 0.10599797791174716 0.10893930000020191
203
24 0.6923007675281994 0.0976632675797506 4.819406099995831
203
25 0.6923007675281994 0.0976632675797506 4.747916000007535
26 0.680567686691664 0.08395148622582008 0.1103502999903867
203
27 0.672688797019812 0.07683776596470607 5.798084099995322
203
28 0.6687697498259622 0.0735711683842255 5.692811700006132
203
29 0.6687697498259622 0.0735711683842255 4.831911100001889
30 0.6544028122432902 0.05545434899808863 0.10007509999559261
203
31 0.6503007950353414 0.05143656023403149 4.747492799986503
32 3.3261324031236654
-------------------------------------------------END------------------------------------------------------
------------------------------------Reduced subspace LM---------------------------------------------------
429.8622770059984 452.3030141028707
0.9987125234442925 20
0 395.2373032334156 414.9575219322227 0.19242999999551103
0.9991896902623528 20
1 345.4938264062142 360.66037844356896 0.27038589998846874
0.9994956518993581 20
2 291.39416733657475 300.90556574661184 0.20774600000004284
0.999195272199458 20
3 255.12474134900077 261.135135172037 0.2249240999954054
0.9778538047269056 20
0.999999631999926 80
4 254.01731280720267 260.26353493799536 1.7422245000052499
0.9720589962065485 20
0.9999960071379251 80
5 241.16200978869725 245.30083511383322 1.6554203999985475
0.9817499822310299 20
0.999990815438406 80
6 231.9313586240478 237.4314134188603 1.6939125999924727
0.9932331597381903 20
7 211.7735949477464 213.438443527769 0.19368219999887515
0.9817480141960002 20
0.9999936247810856 80
8 205.2156551184062 206.61464696694983 1.6100623999955133
0.9295592789095545 20
0.9999772396435255 80
9 178.53625342909945 179.59947015141753 1.6041727999981958
0.9875064635754159 20
0.9999966689803929 80
10 145.78991282116166 148.9474629083939 1.7021326999965822
0.9970049825344828 20
11 47.60013596087809 47.01792682608245 0.20058970000536647
0.8545992793239275 20
0.9999935005648879 80
12 39.37928878301785 39.0353072385275 2.2235091000038665
0.9599035691919117 20
0.999997902178046 80
13 23.507051210360892 22.981915574830303 1.4201909999974305
0.9890247320808401 20
0.9999973477973403 80
14 14.82534383136045 14.167761740590526 1.4401842999941437
0.9831351561668079 20
0.9999986454047538 80
15 10.132104468125323 9.57447355402824 1.3445992000051774
0.9884710631022794 20
0.9999993614000716 80
16 5.919426044333123 5.161341160846375 1.3902792000008048
0.9912246580227828 20
17 3.23630466111357 2.6114581460520947 0.21867010000278242
0.11191410119523769 20
0.9999889789084403 80
18 2.1478690281113324 1.354111141116487 1.402572399994824
0.9783823029110825 20
0.9999965851721413 80
19 1.4250943945032861 0.6799480150430777 1.4925048000004608
0.9834923210449797 20
0.9999984232120366 80
20 1.1542261179559727 0.4311003475093274 1.4631236999994144
0.9854253789576504 20
0.9999977439682675 80
21 1.1128676423317023 0.4177225028078151 1.457264299999224
0.9948630532170126 20
22 0.9416811512049044 0.2800551073608144 0.19815039999957662
0.02323005730291908 20
0.999958998785929 80
23 0.8721002705999276 0.22840774638728675 1.5943872000061674
0.9850928388337349 20
0.9999990454314359 80
24 0.8266439173388206 0.19085713076251762 1.487209899991285
0.9899337470031484 20
0.9999988895632731 80
25 0.7915621910615005 0.16718630596319986 2.1559085000044433
0.9906126354745435 20
26 0.7648740158705665 0.14679345393848994 0.37507280000136234
0.003631279907931557 20
0.9997451762361325 80
27 0.7408659576599038 0.1272531904887045 2.163714299997082
0.9875957719851227 20
0.9999960500970763 80
28 0.7221901967014162 0.11580086829875322 1.3956832999974722
0.9938297955398874 20
29 0.7200712996646229 0.11273018983202074 0.2137594999949215
0.00016914475906725784 20
0.9958746831129061 80
30 0.7105505209562938 0.0969543271493967 1.3386854999989737
0.9951680236326765 20
31 0.7082355255387901 0.09464392153683181 0.1910548000014387
32 1.1332564874987838
-------------------------------------------------END------------------------------------------------------
5
-------------------------------------------Classical LM---------------------------------------------------
392.3661998322001 410.5250473115871
0 334.69295439462377 363.57335062911733 2.6754178999981377
1 322.85073057304226 327.3084468182571 2.7500130999978865
2 303.9687369645475 301.48768475916495 2.7159809000004316
3 127.49706845748567 125.17759645977182 2.7514475000061793
4 127.49706845748567 125.17759645977182 4.2039242000028025
5 76.1995529686374 72.39799662891522 2.7911146999977063
6 76.1995529686374 72.39799662891522 2.625116600000183
7 76.1995529686374 72.39799662891522 2.7991040000051726
8 76.1995529686374 72.39799662891522 2.812866699998267
9 36.83180131123917 35.09069586356241 2.760672500007786
10 36.83180131123917 35.09069586356241 2.6378660000045784
11 31.843806939503043 30.771131708244713 2.800849699997343
12 31.843806939503043 30.771131708244713 2.685675300002913
13 31.843806939503043 30.771131708244713 2.819101299988688
14 17.013776288061564 16.77944109988508 2.791506699999445
15 10.795249480901157 10.446370658646558 2.7291684999945574
16 8.631444109595574 8.264177924336927 2.734372400009306
17 5.944155665413053 5.50975676714807 2.7611029999970924
18 5.495764176071747 4.896751378946597 2.742331000001286
19 5.495764176071747 4.896751378946597 2.7049931999936234
20 4.22132748497509 3.604988475654005 2.9262378999992507
21 4.22132748497509 3.604988475654005 2.703364600005443
22 3.047926746200394 2.5129241587236657 2.8039607999962755
23 3.047926746200394 2.5129241587236657 2.7157664999976987
24 2.7353775869104995 2.2064686648096488 2.7402001000009477
25 2.473210912192252 1.9537297628584185 2.7417688999994425
26 2.174695166335813 1.6349226349690493 2.6847288999997545
27 2.0305902477000277 1.4314579171651718 2.734912700005225
28 2.0305902477000277 1.4314579171651718 2.7389561000018148
29 1.633082749297418 1.060264162603362 2.7747577000118326
30 1.4679960243271548 0.8342756301314396 2.7234020000032615
31 1.4654312842923238 0.8444774668379614 3.0757451000099536
32 2.8017633281260714
-------------------------------------------------END------------------------------------------------------
-------------------------------------------Krylov LM---------------------------------------------------
392.3661998322001 410.5250473115871
203
0 334.73383612882265 363.62128723543685 4.7236820999969495
203
1 218.74537058129917 220.70067285936327 7.379430799992406
203
2 208.4534979348711 210.13573588518392 4.765795600003912
203
3 208.4534979348711 210.13573588518392 8.13369089999469
4 189.14851761034845 194.39690605280944 0.10218719999829773
203
5 72.01569275173654 68.94971885811674 4.727849400005653
203
6 72.01569275173654 68.94971885811674 8.963105400005588
7 72.01569275173654 68.94971885811674 0.10210319999896456
8 70.78366927316061 69.98831219462346 0.08435979999194387
203
9 65.32694977051678 63.487112682831906 4.754121100006159
203
10 65.32694977051678 63.487112682831906 8.91958689999592
11 51.25551908548538 49.53570315507393 0.134494400001131
203
12 51.25551908548538 49.53570315507393 4.7406840000039665
13 51.25551908548538 49.53570315507393 0.11150330000964459
14 51.25551908548538 49.53570315507393 0.07008750000386499
15 47.89563261120909 47.21800990632721 0.09545009999419563
203
16 8.614206296401349 7.84184881083745 8.956284700005199
203
17 5.80601429030357 4.8945916071524405 4.7821087000047555
203
18 4.558836281119753 3.8451054167011245 8.964243299997179
203
19 4.558836281119753 3.8451054167011245 4.767227799995453
20 3.7532321788680916 3.2434045957979505 0.10454480000771582
203
21 3.7532321788680916 3.2434045957979505 8.94342310000502
22 2.2559310105740353 1.7020994319405458 0.13296770000306424
203
23 1.831331091616007 1.302028374965591 4.769841600005748
203
24 1.6191892261091279 1.0982999477812299 8.906937699997798
203
25 1.6191892261091279 1.0982999477812299 4.756854299994302
26 1.340259776317692 0.809706814318719 0.08314870001049712
203
27 1.340259776317692 0.809706814318719 8.987860799999908
28 1.2038621124428301 0.662346070912828 0.12349110000650398
203
29 1.1272955906557047 0.5735800704253324 4.761236100006499
203
30 1.1272955906557047 0.5735800704253324 9.095449799991911
31 1.0731230873371944 0.5120380920347221 0.13002959999721497
203
32 1.0240534243193302 0.4576001907263823 4.766155400007847
203
33 1.0240534243193302 0.4576001907263823 9.0271888999996
34 0.9920313111374087 0.41724891668768704 0.2355435000063153
203
35 0.9615886414291602 0.38620782261164965 4.74797190001118
203
36 0.9615886414291602 0.38620782261164965 9.130094799998915
37 0.9319346636274142 0.34802421103368364 0.1321345000033034
203
38 0.9065802470637467 0.3206050569871477 4.7610314000048675
203
39 0.8924509889245874 0.2960452530398817 8.556833199996618
203
40 0.8466846235756013 0.2441038704404264 5.581405500008259
203
41 0.8466846235756013 0.2441038704404264 5.15850400000636
42 0.7972312921247775 0.189318604125546 0.10770480000064708
203
43 0.7774541028793055 0.17076120436615447 4.856633700008388
203
44 0.7616644213764574 0.15664650048412485 4.741937099999632
203
45 0.7490395072607382 0.15057954800443027 4.777041199995438
203
46 0.7490395072607382 0.15057954800443027 4.793662299998687
47 0.7105211764935506 0.10843930144880727 0.10681139999360312
203
48 0.7055696844296955 0.10439963236918781 4.823331399995368
49 4.33424013265443
-------------------------------------------------END------------------------------------------------------
------------------------------------Reduced subspace LM---------------------------------------------------
392.3661998322001 410.5250473115871
0.998801106566122 20
0 363.9117490082851 379.7977413084727 0.32814690000668634
0.9988427688453162 20
1 323.34882700358537 335.80458169595244 0.21070760001020972
0.9990592785933808 20
2 279.5636435515169 287.34234230741185 0.21027919999323785
0.9985573559850507 20
3 244.96047885685726 250.37688065534675 0.19237560000328813
0.9761025345870216 20
0.9999998207021555 80
4 242.2646384725826 248.25434307860075 1.6356064000137849
0.9837313675254222 20
0.9999153693778833 80
5 233.5552553610131 238.76369494886075 1.4690999000013107
0.8228791846622947 20
0.990142044150099 80
6 152.67297249969374 155.27851166666363 1.3473426999989897
0.8742704302762537 20
0.9908057445139067 80
7 131.99257474440654 138.55297450430592 1.3686967999965418
0.9308547786681608 20
0.996428797000717 80
8 44.03606771043871 42.53873082915863 1.4292630000127247
0.8571013757767518 20
0.9957622858616526 80
9 27.484747598997334 26.57167658591931 1.413822500006063
0.9564566751850655 20
0.9996632545618181 80
10 19.48996659817581 18.70201762607493 1.4508974000054877
0.9708462776730833 20
0.9999778182858361 80
11 14.242690076013375 13.526149916888603 1.5521265000134008
0.9882989121707855 20
0.9999937260315038 80
12 10.12244278561996 9.363060555479718 1.4579557999968529
0.994679901991919 20
13 7.504161818309813 6.632362487275984 0.20568480000656564
0.27501436268421614 20
0.9999898729190817 80
14 6.529184134764822 5.692569964208978 1.4337003999971785
0.9959978284423786 20
15 5.702931930734826 4.730003905991065 0.32402600000204984
0.024914606028603247 20
0.9997405923180178 80
16 5.173529927179131 4.256513392932067 1.4911887999915052
0.9942863818799629 20
17 4.860385664707172 3.8914852597254375 0.2617528999981005
0.009864315947783179 20
0.9995944138466623 80
18 4.51798654752229 3.590344548035434 1.3555725000042003
0.9979323200302117 20
19 4.050944721498186 3.115850151334547 0.21722829999634996
0.08339533519061834 20
0.9999803092630682 80
20 4.003678217265301 3.129268683466043 1.3613810999959242
0.9977418952450119 20
21 3.7966653407861974 2.834103323936997 0.21721629999228753
0.004771423373154089 20
0.9994934829713239 80
22 3.670957980053658 2.751997311435297 1.3830559000052745
0.9818639783227027 20
0.9999987341803686 80
23 3.572252277181374 2.7255979014216862 1.4849138000136008
0.9873649937581181 20
0.9999989518352277 80
24 3.335630663869371 2.48566179034072 1.3432155000045896
0.9751759487553376 20
0.9999967302895266 80
25 3.2555093924634164 2.405063817959013 1.3345013000071049
0.9940294506387924 20
26 3.181785870918568 2.331212545386695 0.21317780000390485
0.004433253499425406 20
0.9998425880355977 80
27 3.0545279242569654 2.241751333349809 1.375374399998691
0.9777812310787246 20
0.9999989935482874 80
28 3.007631473343798 2.168725285790837 1.3683769000053871
0.9972799972973194 20
29 2.9232880939756565 2.083520518658464 0.22898169999825768
0.0015696772601366611 20
0.999482218367782 80
30 2.8761043556807513 2.0972519791973574 1.3902562000002945
0.9948510007027795 20
31 2.807653237358372 2.03861901139957 0.23944059999485034
0.010997585043893785 20
0.999973976002191 80
32 2.720084903439403 1.942150260930931 2.4720097000099486
0.9971846876881925 20
33 2.7059596935832313 1.9295882299701288 0.2717705999966711
0.0004998438641645041 20
0.9903543254044137 80
34 2.644528322989251 1.8852750779695486 2.402645999987726
0.9944374572642645 20
35 2.6280482232497477 1.87744040461121 0.2131399999925634
0.001171531102933156 20
0.9992916625148539 80
36 2.5761375137732725 1.8278961406965881 1.4769978999975137
0.9960983573660209 20
37 2.5460894284005926 1.810970589851888 0.20914550000452437
0.0015670126991339354 20
0.9995933738435335 80
38 2.518855482164237 1.779134446938581 1.580036100000143
0.9980453602243627 20
39 2.46101943260238 1.7352009514193203 0.22591920000559185
0.0028005207931890907 20
0.9997474072717214 80
40 2.4367007445454893 1.7025519807027667 1.4931789999973262
0.998314849750826 20
41 2.377149955815574 1.653874457059256 0.21159849999821745
0.003160822450198127 20
0.9997606022854953 80
42 2.3360385450200125 1.612124574075504 1.5374905999924522
0.998384620453005 20
43 2.2854318914581415 1.5658413448433506 0.21865589999652002
0.0021918757374093517 20
0.9992594685519963 80
44 2.2233733398720843 1.5122394095599658 1.555829899996752
0.9973440917425184 20
45 2.196685167397462 1.482736023772319 0.2253463999950327
0.0010434712733013224 20
0.9958830590439101 80
46 2.1438937356187235 1.4431592874127754 1.4972555999993347
0.9971222563985517 20
47 2.1174964353630634 1.4099906682610823 0.2234256999945501
0.0013013568051353022 20
0.9965482240289599 80
48 2.070644630434606 1.3800959790102645 3.3480657000036445
0.9963598350874613 20
49 2.046816046211081 1.3480133979183875 0.19336140000086743
0.0013596647882862033 20
0.998633528310244 80
50 1.9979380779063267 1.3143801332689413 1.5768201000028057
0.9950733197894286 20
51 1.9824098907871648 1.2925276442228897 0.21483359999547247
0.000974020901887374 20
0.9987814046025352 80
52 1.932923627953094 1.258929395145739 3.23064580000937
0.9917665417021884 20
53 1.9255512353086872 1.2465966568348696 0.21486130000266712
0.0004796472849643678 20
0.9978364554230302 80
54 1.9024414971314714 1.2509657288024034 2.780434000000241
0.9977307030651481 20
55 1.8291823605218065 1.1587270452356047 0.21409830001357477
0.006781991348728051 20
0.999797017511829 80
56 1.8222126017339433 1.1414554357969917 1.3697586999915075
0.9925028031725817 20
57 1.7012251019063493 1.017751937578229 0.24641130000236444
0.0045187751124321765 20
0.9998039525521853 80
58 1.662410702182684 0.9951132186160642 1.3660711999982595
0.9984846909870104 20
59 1.573433726982853 0.9255978588752639 0.4078050000098301
0.009790009458621815 20
0.9999645256748109 80
60 1.5277277047647173 0.8754195976539221 1.4951723999984097
0.9982340633239365 20
61 1.513353028425965 0.8655902806331413 0.6018181999970693
0.00024751416607995594 20
0.9983037809936145 80
62 1.446109506941898 0.8024709245451184 1.4951725999999326
0.9932618078914409 20
63 1.4310918588411812 0.787045737652407 0.20271499999216758
6.441142285091451e-05 20
0.9981642273951673 80
64 1.4083428502613897 0.7500110291741501 1.334698099992238
0.9847814779491002 20
0.9999978779046944 80
65 1.3900346191273294 0.7414330882339147 1.405149900005199
0.9958939906125038 20
66 1.3325572587637082 0.6976198100669273 0.36626750000868924
0.0007490168047766516 20
0.9991451363938911 80
67 1.3087330210992971 0.6720099381114959 1.3232855999958701
0.9833607065552863 20
0.9999945552121025 80
68 1.2626187442519772 0.6268126576685982 2.6531565000041155
0.9916337952269663 20
69 1.25144531603099 0.6213097930971648 0.2172197000036249
0.00033447592281576026 20
0.99858845010982 80
70 1.2141932555643302 0.6130943275764027 1.346791599993594
0.9860844350235853 20
0.9999995557199977 80
71 1.159466068330197 0.5450241520164306 1.3393213999952422
0.9948740244155382 20
72 1.1492581774035928 0.5388240419275238 0.20722539999405853
0.0008006284974655409 20
0.9994358937853552 80
73 1.1398752706289563 0.5323353109433199 1.3700389000005089
0.9947191668850391 20
74 1.1288032455600774 0.5214081014323801 0.23908300000766758
0.0002626496764416861 20
0.9984702937934666 80
75 1.1175913092877594 0.5116219708486451 2.7831143000075826
0.9949562104773543 20
76 1.1106491631336615 0.5058701654391693 0.3136543000000529
0.00029933408821921715 20
0.9985619644619108 80
77 1.105308126715896 0.5024212087787194 1.3390649000066333
0.9928620770662845 20
78 1.0922016878942908 0.492030816370434 0.2055471000057878
0.00019792924313693792 20
0.9971544723979755 80
79 1.080829735510823 0.48194792008475407 1.5402505999954883
0.9947319191793836 20
80 1.075777127888253 0.4780316019728692 0.200052299987874
0.0002564516148250704 20
0.9960693842406727 80
81 1.068269549806261 0.47012627581208055 2.3275539000023855
0.9906889176013446 20
82 1.058965973587297 0.46417614041089766 0.24975990000530146
0.0001429276374162417 20
0.9977506570851365 80
83 1.0473372285550546 0.452301681133743 1.6298931000055745
0.9950644742143546 20
84 1.0443586279929324 0.450448399983047 0.38920089999737684
85 1.04527277176556
-------------------------------------------------END------------------------------------------------------
6
-------------------------------------------Classical LM---------------------------------------------------
404.6050360458441 428.48981650090576
0 404.6050360458441 428.48981650090576 2.8092077000037534
1 307.7390866128986 319.9953939315859 2.9401376999885542
2 307.7390866128986 319.9953939315859 2.8633402999985265
3 307.7390866128986 319.9953939315859 2.809217299989541
4 252.9492391249654 253.9938608588472 2.816573199990671
5 76.88394316869847 79.27518290846555 2.733026699992479
6 76.88394316869847 79.27518290846555 2.7368339999957243
7 58.89567856509602 61.55112124750082 2.8194725000066683
8 40.807964948660334 39.580545997884286 2.7086530000087805
9 40.807964948660334 39.580545997884286 2.6955533000000287
10 29.072271875106143 29.958643338180984 2.7962145999917993
11 11.556691728983898 10.581267092367613 2.680818499997258
12 6.409161730578481 5.732981549710289 2.733111599998665
13 6.409161730578481 5.732981549710289 3.942979400002514
14 5.079190975308352 4.656730065808 2.8406786999985343
15 5.079190975308352 4.656730065808 2.7549300999962725
16 2.1353606531311664 1.5599430980118405 2.830309600001783
17 1.6483352182899393 1.0843299128278268 2.7639590999897337
18 1.1565462969715437 0.5779663104838789 2.7074296999926446
19 0.8267335114435075 0.23602948549277283 2.7098067999904742
20 0.8267335114435075 0.23602948549277283 2.692914400002337
21 0.7187111980308722 0.12708519738979554 2.7794012000085786
22 0.7142798442638828 0.12407082123480134 2.686724300001515
23 0.7142798442638828 0.12407082123480134 2.642995799993514
24 0.6751431088906201 0.07847361558016497 2.8049711999919964
25 0.6751431088906201 0.07847361558016497 2.7181103999901097
26 0.6683920887237438 0.07192839771076576 3.044475799993961
27 0.6646582788612447 0.0669732938245242 3.0882430999918142
28 0.6646582788612447 0.0669732938245242 3.18832420000399
29 0.6591865774262821 0.06196234441505484 2.8282802000030642
30 0.6562728229444457 0.058724147623147524 2.6800928999873577
31 2.833767332254924
-------------------------------------------------END------------------------------------------------------
-------------------------------------------Krylov LM---------------------------------------------------
404.6050360458441 428.48981650090576
203
0 404.6050360458441 428.48981650090576 4.757022799996776
1 307.73908635926426 319.99539363133545 0.08970090000366326
203
2 307.73908635926426 319.99539363133545 4.754232199993567
3 307.73908635926426 319.99539363133545 0.07195860000501852
4 252.94923796158395 253.99385971020394 0.10213990000193007
203
5 76.88394299719883 79.2751828411662 4.810169599993969
203
6 76.88394299719883 79.2751828411662 5.685751700002584
7 58.895673329996384 61.55111270908499 0.10881170000357088
203
8 40.79922840263075 39.571718839832236 4.815102399996249
203
9 40.79922840263075 39.571718839832236 7.951408000008087
10 29.070796625851152 29.956548374127337 0.1007714000006672
203
11 11.585204543481732 10.611256130497754 4.740645899990341
203
12 6.235951005496563 5.564684275420795 9.961727300003986
203
13 6.235951005496563 5.564684275420795 5.7792889999982435
14 5.252319371896517 4.872202417454529 0.10367080000287388
203
15 5.252319371896517 4.872202417454529 9.010258199996315
16 2.1358283530104747 1.5603811628669764 0.2412280999997165
203
17 1.7070537731524587 1.1428882897813117 4.79873760000919
203
18 1.1037547289214196 0.5244861917754952 8.977332199996454
203
19 0.8490130279971821 0.25323335192163887 4.780522300003213
203
20 0.8490130279971821 0.25323335192163887 8.996595199991134
21 0.7419502378367103 0.1491450468662472 0.13384150000638328
203
22 0.7044179788877971 0.11449735028608082 4.7487615999998525
203
23 0.7044179788877971 0.11449735028608082 9.072655299998587
24 0.686901126929382 0.0887248029385572 0.13339030000497587
203
25 0.686901126929382 0.0887248029385572 5.7944825000013225
26 0.6733398472507427 0.07603642171987476 0.10793099999136757
203
27 0.6710589288265534 0.07251057740545735 10.422160599991912
203
28 0.6710589288265534 0.07251057740545735 4.7756927000009455
29 0.6622656397849063 0.06401223464565521 0.12669710000045598
203
30 0.6582801606032354 0.05979096532389367 9.093724300008034
31 4.356335893548431
-------------------------------------------------END------------------------------------------------------
------------------------------------Reduced subspace LM---------------------------------------------------
404.6050360458441 428.48981650090576
0.9985294649459023 20
0 374.31332987793394 394.17745293723266 0.22064689999388065
0.9986057653671995 20
1 330.9302748675713 345.2542124933582 0.19582900000386871
0.9984326284470566 20
2 284.1163134711043 292.94370725758506 0.38359240000136197
0.9986753315353039 20
3 252.07723071556484 257.8918665833654 0.22806959999434184
0.9720220378414957 20
0.9999996807850335 80
4 248.01924686354482 253.1669227619464 1.71325300000899
0.9458716497909783 20
0.9999845429237753 80
5 244.26854726074006 249.19241574743484 1.6354267000133405
0.949286572394867 20
0.9999454184971797 80
6 236.88725529365414 237.64015616051776 1.5556160999985877
0.969135651345597 20
0.9999480682017174 80
7 191.39572741942905 189.20874525641793 1.4612170000036713
0.9277448035090976 20
0.9996831318440936 80
8 149.44948417165597 158.2660421102548 1.334892899991246
0.9373278139096058 20
0.9997406343883306 80
9 46.163527850604474 44.7900092023665 1.322368599998299
0.8734367784626685 20
0.997992229045154 80
10 18.307954418804037 17.15051373924342 1.47742220001237
0.9367911041271724 20
0.9998964987682918 80
11 8.024707895987373 7.129827793040152 2.43375759999617
0.920373930737636 20
0.9999196501720283 80
12 4.6730658186395715 4.034050861008724 3.0760287000011886
0.9515259297702888 20
0.9999709898299077 80
13 2.9482408443607526 2.364974536384047 1.4912015000008978
0.9637738308190514 20
0.9999902979469286 80
14 2.3631137708787207 1.762756785009381 2.9595134999981383
0.9843195601011541 20
0.9999962010506972 80
15 1.206301209916528 0.6190966024867578 1.3623433000029763
0.9414946461652157 20
0.9999654539955097 80
16 0.9990749051485538 0.3734783030125256 2.3335759000037797
0.9662364108255052 20
0.9999961030395457 80
17 0.9745897903538269 0.37740272847510575 1.3656508999993093
0.9650790085244952 20
0.9999969343640508 80
18 0.8213518634852383 0.20066600059265216 1.403809800001909
0.9636584321875842 20
0.9999943645506748 80
19 0.8042125654526291 0.20487748008986328 1.3776614999951562
0.9661910009353428 20
0.9999972950192512 80
20 0.7481077586068627 0.13959167785615237 2.8517159999901196
0.9893429057729557 20
0.9999972139884936 80
21 0.7159785542269758 0.11168391315352962 2.2656979999883333
0.974469928734588 20
0.9999968537508384 80
22 0.6981546326391688 0.09212662682324001 1.3588691000040853
0.9865896361850753 20
0.9999978024535463 80
23 0.6794096723487172 0.07294402854186197 1.4719165999995312
0.9571496337123855 20
0.9999964920395276 80
24 0.6703300364687331 0.06283893726266292 1.3562574999959907
0.9741941751045036 20
0.9999971416623155 80
25 0.6603871517081458 0.053227520697495465 1.3647826000087662
0.9500096193959798 20
0.99998048626008 80
26 0.6545353756224915 0.04645730747158583 1.3247024000011152
0.9711650147448312 20
0.9999962883286503 80
27 0.6490490123850737 0.04188361020122826 1.3385529999941355
0.9689733079698918 20
0.9999765683369464 80
28 0.6450203401975603 0.03733073224482889 1.3626898000075016
0.9776682322566698 20
0.9999920700123525 80
29 0.6420696978797112 0.03518399468477286 1.8700523000006797
0.9792940065293713 20
0.999978253917194 80
30 0.6395893432257237 0.032839209305033576 2.893642999988515
31 1.5738953999999437
-------------------------------------------------END------------------------------------------------------
7
-------------------------------------------Classical LM---------------------------------------------------
409.00389376668596 428.5314168805261
0 409.00389376668596 428.5314168805261 3.2453525000019
1 319.7106982461671 323.0813414806549 5.759216099992045
2 162.19335073182347 160.95226633736922 6.5693325999891385
3 162.19335073182347 160.95226633736922 5.684107399996719
4 110.21489230604735 114.17534300800762 2.798709000009694
5 110.21489230604735 114.17534300800762 2.8572220000060042
6 46.35209414945508 44.15956761635332 2.7823232999944594
7 46.35209414945508 44.15956761635332 2.767406499988283
8 46.35209414945508 44.15956761635332 2.936289300007047
9 15.178213652618807 13.722655686689217 3.237907800008543
10 15.178213652618807 13.722655686689217 2.7203358999977354
11 8.847093071263783 7.831252202716388 3.8278398999973433
12 6.957368176961999 6.062361505136126 2.9316374999907566
13 4.682390449522685 3.976789083618155 2.895230599999195
14 4.682390449522685 3.976789083618155 2.8177977000013925
15 3.449966965499983 2.739344368499577 2.7992403999960516
16 2.9380315236848173 2.281533966909121 2.7821503000013763
17 2.4131957094398513 1.7901245426462313 2.7245275000022957
18 2.16049069327012 1.535253769978864 2.7079183000023477
19 2.16049069327012 1.535253769978864 2.672115399996983
20 1.4865907292411433 0.8686692374340402 4.602195600004052
21 1.370751578003671 0.7260299861656038 2.76842530000431
22 1.370751578003671 0.7260299861656038 2.750538200009032
23 1.0673723025314743 0.46924396222033576 2.8202376999979606
24 0.9704393724611041 0.39962200469249465 2.736393200000748
25 0.9704393724611041 0.39962200469249465 2.720501999996486
26 0.9046983962672309 0.3245324884335176 2.9189382000040496
27 0.8730119135740729 0.29964126377837635 2.7531009999947855
28 0.8730119135740729 0.29964126377837635 2.716892199998256
29 0.8252419116973555 0.24690398439910016 2.872061300004134
30 0.8176184431470495 0.23273386723081183 2.7148687000008067
31 0.8176184431470495 0.23273386723081183 2.803821599998628
32 0.7766622062263112 0.19065026973043028 2.8447846000053687
33 0.7637815230923051 0.17185266761922124 2.7271947000117507
34 0.7552899603516671 0.15925609972834018 3.9479743000119925
35 0.7429386882543024 0.14937674997727662 2.7733835999970324
36 0.7235734799426967 0.13231363616529523 2.7944770000030985
37 0.7235734799426967 0.13231363616529523 3.0150091999967117
38 0.6738013309594184 0.07591928013247096 2.8176393000030657
39 0.6714644403448091 0.07304663285427572 2.705907700001262
40 3.158025135000571
-------------------------------------------------END------------------------------------------------------
-------------------------------------------Krylov LM---------------------------------------------------
409.00389376668596 428.5314168805261
203
0 409.00389376668596 428.5314168805261 4.721481100001256
1 319.7107006292704 323.08134357847865 0.07347160000063013
203
2 163.50533413629225 161.72574554692358 5.880384899995988
203
3 163.50533413629225 161.72574554692358 5.748896000004606
4 109.47582104727947 113.67163277618876 0.08592399999906775
203
5 109.47582104727947 113.67163277618876 4.897826500004157
6 42.10934645736072 40.77046621271309 0.10891419999825303
203
7 42.10934645736072 40.77046621271309 4.774518600010197
8 28.666794869127195 26.680603602888457 0.1055973000038648
203
9 28.666794869127195 26.680603602888457 4.809868600001209
10 17.005886407048838 16.81316167004983 0.1002378000121098
203
11 17.005886407048838 16.81316167004983 4.629498100010096
12 7.053772034127711 6.343121379239723 0.08667299999797251
203
13 3.9009287169729285 3.1713736697699195 4.841554900005576
203
14 3.769656274887003 3.189999936205256 4.900367599999299
203
15 3.769656274887003 3.189999936205256 6.563219400006346
16 2.3172155976603492 1.702847503550248 0.13689319998957217
203
17 2.2761184319178867 1.6759370883120344 4.8458353000023635
203
18 2.2761184319178867 1.6759370883120344 4.81823710000026
19 1.4994805055625318 0.9043423737033628 0.1090734000026714
203
20 1.429830126254879 0.7913685306546063 4.851025399999344
203
21 1.429830126254879 0.7913685306546063 4.849240499999723
22 1.1360304344897547 0.5362739472445914 0.07434930000454187
203
23 1.0587735261287503 0.4499313582733486 4.731533500002115
203
24 1.023108834724303 0.45454325309516397 4.767803599999752
203
25 1.023108834724303 0.45454325309516397 4.755835599993588
26 0.8907837920358997 0.30701890326002435 0.10994760000903625
203
27 0.8454869885962311 0.26275637411519726 4.8198507000051904
203
28 0.8454869885962311 0.26275637411519726 4.776926099992124
29 0.7872646280993834 0.19690211191894957 0.07363260000420269
203
30 0.765910263710372 0.17488965337443466 4.740469700001995
203
31 0.7441343077186584 0.15035323414089352 6.976421400002437
203
32 0.7389328228787462 0.14424704713056608 4.826216600005864
203
33 0.7058289863176351 0.1093011315184338 4.741606299998239
203
34 0.7058289863176351 0.1093011315184338 4.752325900000869
35 0.6802748829880948 0.08461458892468582 0.0768060999980662
203
36 0.6802748829880948 0.08461458892468582 4.700050100000226
37 0.672806928165487 0.07681072435426063 0.09378429999924265
203
38 0.6687882315602496 0.07447092605184959 4.748197000008076
39 3.377038330771029
-------------------------------------------------END------------------------------------------------------
------------------------------------Reduced subspace LM---------------------------------------------------
409.00389376668596 428.5314168805261
0.9985633001681 20
0 377.97071324227653 395.0223102277479 0.34152410000388045
0.9988401531263824 20
1 333.502506153745 346.5794494866598 0.20216120000986848
0.9991262983583956 20
2 284.8022199467408 293.28144315570177 0.37796379999781493
0.9989340341656059 20
3 251.1649618526523 258.4951699307294 0.19600929999432992
0.9886536607597192 20
0.9999994186941068 80
4 223.91269497115397 222.57763936052186 1.5541376000037417
0.8770142285945436 20
0.9965847599265446 80
5 169.35083871720127 168.4465997063979 2.162083800008986
0.9299535460952054 20
0.9974301200598769 80
6 145.0177205692906 144.31188152758688 1.6121378999960143
0.984898183778703 20
0.9998200576210641 80
7 75.23690143838022 74.63164879470447 2.1521007000119425
0.9374406614040083 20
0.9999080988289752 80
8 28.716432141325146 26.513379397557948 1.4388246000016807
0.961458443468757 20
0.9999132512072169 80
9 14.484666049913265 13.303978121144297 1.4324253999948269
0.9884317605538447 20
0.999982913816882 80
10 9.745982095213924 8.509400192487018 1.3767052999901352
0.9903281874515352 20
11 3.824994545123176 2.9632496829812798 0.20851549999497365
0.798215883744418 20
0.9999830512654722 80
12 3.3507304671670166 2.589665097912056 2.5690525000100024
0.9884872382807518 20
0.9999785674549957 80
13 2.8052580815213806 2.113386440881959 1.3592270000081044
0.9510104069993404 20
0.9999955744938884 80
14 2.4132752514646283 1.7204207142214 1.3653946999984328
0.9923135598106927 20
15 1.6620948937616642 0.9684520407814721 0.22294409999449272
0.007311235646819482 20
0.9987362583643463 80
16 1.4547901215233274 0.8234303957174481 2.090260099997977
0.9877594746890169 20
0.9999971685793101 80
17 1.1106705043822593 0.48517402339213844 1.4649529999878723
0.9726865473840202 20
0.9999959250503774 80
18 0.9977427304903492 0.39624934285513214 1.4763842999964254
0.9928109906481395 20
19 0.8196867931026877 0.20900828542409008 0.23576979999779724
0.007817819504482492 20
0.9995762184003758 80
20 0.7675521393478353 0.15501647051835352 2.0734493999916594
0.9284845206864067 20
0.9999938206240134 80
21 0.7382107052173372 0.133140471058378 2.0783754000003682
0.9811725275241494 20
0.999999032224562 80
22 0.7161047611991231 0.1097850003916607 1.449603200002457
0.9850695671467917 20
0.9999989517110418 80
23 0.7099644823347327 0.1059263364553463 1.3358150999993086
0.9926843312639976 20
24 0.6928558840012351 0.0897040255474474 0.21307320000778418
0.000622518088013852 20
0.9993229760488668 80
25 0.6918303543685294 0.08663296877192764 1.9445082999882288
0.9746212192357199 20
0.9999991885711002 80
26 0.6711757515855588 0.06875679873140893 1.373864199995296
0.9882185335068453 20
0.9999992918308978 80
27 0.6624982737969551 0.059004786203161144 2.146704900005716
0.9746250385014652 20
0.9999989451893181 80
28 0.6564289553662923 0.054487897320816873 1.5060445999988588
0.9892664319827367 20
0.999999256312327 80
29 0.6510616585023801 0.04872758512918711 2.0432288000010885
0.96741720443517 20
0.9999975892690747 80
30 0.6476192033433176 0.046534506817389756 2.599052700010361
31 1.3742675645161428
-------------------------------------------------END------------------------------------------------------
8
-------------------------------------------Classical LM---------------------------------------------------
413.103402464325 436.34545242566963
0 413.103402464325 436.34545242566963 2.8141364000039175
1 307.53482650498023 314.58414460599033 6.201218499991228
2 307.53482650498023 314.58414460599033 6.18206900000223
3 307.53482650498023 314.58414460599033 2.8203101999970386
4 211.34453791184296 212.38948729137704 2.905462600014289
5 211.34453791184296 212.38948729137704 2.7432266999967396
6 77.7190214405779 80.46558816162263 2.815287300007185
7 60.53830619690369 62.06534516244274 2.6994776999927126
8 60.53830619690369 62.06534516244274 2.7287126000010176
9 25.18030271744671 26.189100654553027 2.8220779999974184
10 11.359210263047006 11.043240417673733 2.72588289999112
11 11.359210263047006 11.043240417673733 2.7552636000036728
12 4.342134818626317 3.8155363124914285 2.818696500005899
13 2.7779311784450447 2.1195549486146357 2.7106942999962484
14 2.7779311784450447 2.1195549486146357 2.7949945999862393
15 2.1912200273384057 1.6174664367610694 2.817318300003535
16 1.8315815263282362 1.2772082432736234 2.723718099994585
17 1.535817764676121 0.9545157825150947 2.758470100001432
18 1.535817764676121 0.9545157825150947 2.6935629999934463
19 1.0983949770344426 0.5079194587121846 2.8336725999979535
20 0.9831288781972828 0.40098651656221074 2.700063600001158
21 0.9353002194149005 0.3469274984272845 3.2614258999965386
22 0.8300332488487149 0.22913091941444638 2.731990600004792
23 0.7388886166561818 0.14323441015079436 4.073856500006514
24 0.7388886166561818 0.14323441015079436 2.7240850000089267
25 0.6468416465443425 0.04750450256209843 2.817296000008355
26 0.6424018299224785 0.04372390619109117 4.269992900008219
27 0.6341505717633248 0.03549195336852275 2.712253599995165
28 0.6341505717633248 0.03549195336852275 2.6630252999893855
29 0.6221857331120857 0.02399127825200673 2.815067799994722
30 0.6203189631787042 0.0231128427699104 2.821479199992609
31 3.0953157870962675
-------------------------------------------------END------------------------------------------------------
-------------------------------------------Krylov LM---------------------------------------------------
413.103402464325 436.34545242566963
203
0 413.103402464325 436.34545242566963 5.6712780999951065
1 307.53482654752355 314.5841446792035 0.08374420000473037
203
2 307.53482654752355 314.5841446792035 4.791934499997296
3 307.53482654752355 314.5841446792035 0.07213469999260269
4 211.3445379031105 212.3894872078254 0.0791282999998657
203
5 211.3445379031105 212.3894872078254 4.779473300004611
6 77.71902133000253 80.46558803330707 0.074274599988712
203
7 60.538306617609734 62.06534547750623 4.7807048999966355
203
8 60.538306617609734 62.06534547750623 4.743077899998752
9 25.18030289982341 26.189100862985928 0.08374190000176895
203
10 11.359189820094922 11.043218276209155 4.746218499989482
203
11 11.359189820094922 11.043218276209155 4.791748900010134
12 4.342130919895764 3.8155318124983704 0.0748133000015514
203
13 2.777938827347238 2.1195732117885155 4.797084300007555
203
14 2.777938827347238 2.1195732117885155 4.921293599996716
15 2.191224341447775 1.6174758574909216 0.09954049999942072
203
16 1.8315771543786918 1.2772114554366298 4.766092699996079
203
17 1.5361967351445711 0.954632358840659 4.8149421000125585
203
18 1.5361967351445711 0.954632358840659 4.804260400007479
19 1.0983573461886507 0.5078228975320724 0.07391050001024269
203
20 0.9828554942268729 0.40078801427367805 4.789868499996373
203
21 0.9304792076104431 0.3416242629552412 4.770898200004012
203
22 0.8010951266001775 0.19857269939147573 4.875145800004248
203
23 0.7511630208592743 0.15498198528952 5.7576221999916015
203
24 0.7511630208592743 0.15498198528952 5.831970800005365
25 0.6528533216362693 0.05201031531619992 0.08895009999105241
203
26 0.6473131919596835 0.04774831247260046 4.800009099999443
203
27 0.6390995936885365 0.03938500512208721 5.837300700004562
203
28 0.6294168753456059 0.03163168208768267 4.928537600004347
203
29 0.6225329881482088 0.025340871988372024 4.779908500000602
203
30 0.6194360341336335 0.022734938460444765 4.793641600001138
31 3.558169364516582
-------------------------------------------------END------------------------------------------------------
------------------------------------Reduced subspace LM---------------------------------------------------
413.103402464325 436.34545242566963
0.998518374007129 20
0 381.34644765382285 401.15917184750015 0.22755780001170933
0.9989772376614757 20
1 335.7616226750217 350.49295744584396 0.3729377999989083
0.9993737397055482 20
2 286.72207759898475 295.8201707656055 0.1938984000007622
0.9994031577395047 20
3 252.64788040844743 258.300757612333 0.22821129999647383
0.9536081500433025 20
0.9999995546355999 80
4 201.62416503633557 198.2727210367663 1.5237503999960609
0.74248297801716 20
0.9985786626328903 80
5 63.459139964291154 63.04613778545607 2.939083399993251
0.8145898730883034 20
0.9991684751941786 80
6 42.538762533139554 42.656015677947714 1.3185494000063045
0.968148724787612 20
0.9994720587395415 80
7 29.85725795991586 29.161619896010105 2.163030299998354
0.9910647643779212 20
8 12.691320327966181 12.105043239714966 0.22072330000810325
0.7123979320598082 20
0.9995104379324089 80
9 6.317445906155032 5.832803336101031 1.4425750999944285
0.9254059432458956 20
0.9999666536502498 80
10 3.5494615452880853 3.0965502025391998 1.5598714999941876
0.9643491222300636 20
0.9999458155060064 80
11 2.2974777631032217 1.8290573603479596 1.4404521999967983
0.9818648846085397 20
0.9999891680773985 80
12 2.059507110207176 1.5379197070904225 1.3095432000118308
0.9627971094279257 20
0.9999860179598576 80
13 1.0213706435831362 0.40836301277291276 1.4323023000033572
0.962592973074479 20
0.9999907432341665 80
14 0.9000402088428069 0.31418723764442746 1.3537078000081237
0.9577080108214728 20
0.9999769319847563 80
15 0.8873715741553536 0.3248948877791904 1.3801687999948626
0.9919582465762184 20
16 0.8141875336020084 0.22527733470749467 0.3119003000028897
0.0037177611705872817 20
0.999357494923266 80
17 0.7699606535733917 0.17604745137755382 1.544536600005813
0.9466894296028006 20
0.9999918547435634 80
18 0.7294927206187188 0.1340131093495504 1.364054199992097
0.9737037058764427 20
0.9999830390032398 80
19 0.7105457874010408 0.1148794010579099 1.3793712000042433
0.924274979270372 20
0.9999904167516186 80
20 0.6938433969100215 0.09803031676218242 3.0101239000068745
0.9722504257381531 20
0.9999965882265083 80
21 0.6844768725812354 0.08987657289956644 2.0269662999926368
0.9000257701824309 20
0.9999884012492254 80
22 0.6753592457538784 0.08129762814983517 3.7586991999996826
0.9850994515993408 20
0.9999982877423603 80
23 0.6698607918881077 0.07590379096012988 1.4371134999964852
0.9312281523294639 20
0.9999952557120528 80
24 0.6635823872347466 0.0702520854930932 1.3491446999978507
0.986248660990176 20
0.9999987558314727 80
25 0.6595530548366255 0.06533113762601939 1.3770510000031209
0.9125647901428391 20
0.9999846632855661 80
26 0.6553417982698065 0.06194382402538351 1.3755727999960072
0.9783835242936467 20
0.9999984939278148 80
27 0.6522165834719829 0.05786550526523486 1.3816850000002887
0.9658834722593107 20
0.9999892890874235 80
28 0.6490322240855809 0.055818030148393406 1.435137799999211
0.977717231679786 20
0.9999961129352092 80
29 0.6464050742554035 0.05221985515274782 1.3714640000107465
0.9823444666810394 20
0.9999916083699947 80
30 0.6440220241674975 0.050643443618673116 1.3665813999978127
31 1.4063149967748154
-------------------------------------------------END------------------------------------------------------
9
-------------------------------------------Classical LM---------------------------------------------------
380.2676354764849 400.06483447232745
0 380.2676354764849 400.06483447232745 2.6723348000086844
1 287.14645269919407 285.3689317594606 2.935275099996943
2 287.14645269919407 285.3689317594606 2.6997854999935953
3 240.63661133562798 246.88639683728368 2.779483000005712
4 58.9732469926112 57.26478827727707 2.7666046999947866
5 58.9732469926112 57.26478827727707 3.091791099999682
6 58.9732469926112 57.26478827727707 2.8268624000047566
7 32.46473849967008 29.071380742980253 2.968098400000599
8 32.46473849967008 29.071380742980253 2.7225672000058694
9 11.197496425628863 10.238867993401108 2.900814499997068
10 8.08678741867161 6.753543702643727 2.784108000007109
11 5.9993048987849 5.570044353310918 3.2831614000024274
12 5.9993048987849 5.570044353310918 2.8182008000003407
13 3.294547040506298 2.7000917551351504 2.953114199990523
14 3.294547040506298 2.7000917551351504 2.789173299999675
15 2.024188103286022 1.3902508452216193 2.854580500003067
16 2.024188103286022 1.3902508452216193 2.8409773000021232
17 1.772162754767979 1.1573449762857353 2.865612699999474
18 1.5667158684932467 0.9580558617131467 2.7195530999888433
19 1.3714159745911425 0.7523149356215343 2.7169893000100274
20 1.1953176087552677 0.5621057554493777 2.718284999995376
21 1.1936491618098473 0.5682810559539035 2.7166720000095665
22 1.0633995193317651 0.45980299289527543 3.0931635000015376
23 0.9163726313145298 0.31956264845658955 2.721857899989118
24 0.8850177296025853 0.29374754966495076 2.6830654999939725
25 0.8850177296025853 0.29374754966495076 2.7334944999893196
26 0.8085741479346245 0.20385988089049087 2.8111332999978913
27 0.7713445029829432 0.16982166962307418 2.666478899991489
28 0.7301377752387501 0.1338020605138002 2.6942758999939542
29 0.7301377752387501 0.1338020605138002 2.6574995999981184
30 0.6443680413748344 0.05190336579319843 2.746060799996485
31 0.6443680413748344 0.05190336579319843 2.7502744999947026
32 0.6318700658738994 0.03785349281349576 2.7415897000028053
33 0.6318700658738994 0.03785349281349576 2.6646635999932187
34 0.6295848833986483 0.035805572327349995 2.8013194000086514
35 2.805397754284786
-------------------------------------------------END------------------------------------------------------
-------------------------------------------Krylov LM---------------------------------------------------
380.2676354764849 400.06483447232745
203
0 380.2676354764849 400.06483447232745 4.709473499999149
1 287.1464527089316 285.368931768799 0.0843072999996366
203
2 287.1464527089316 285.368931768799 4.75857520000136
3 240.63686659598844 246.88842202748842 0.0847465000115335
203
4 59.421068915303984 57.79299517387354 7.4316473999933805
203
5 59.421068915303984 57.79299517387354 4.774844299987308
6 59.421068915303984 57.79299517387354 0.08561000000918284
7 32.79592129690846 29.307607305799866 0.09022820000245702
203
8 32.79592129690846 29.307607305799866 4.776159699991695
9 11.246350501920096 10.273722972176463 0.10118070000316948
203
10 8.480423445733136 7.014348876693744 4.830264799995348
203
11 5.870068381057999 5.386437086997934 4.758784000005107
203
12 5.870068381057999 5.386437086997934 4.737974199990276
13 3.3852764071761245 2.790304897507418 0.09938580000016373
203
14 3.3852764071761245 2.790304897507418 5.223277500001132
15 2.011433239459913 1.3585275635180405 0.21152739999524783
203
16 2.011433239459913 1.3585275635180405 5.800336899992544
17 1.7741882998060188 1.150310523023159 0.09984520000580233
203
18 1.5710091349457125 0.9572035551701424 5.592252200003713
203
19 1.371533963825042 0.7548885752692325 4.853106500013382
203
20 1.2021656756583596 0.5730933436129064 4.7577822000021115
203
21 1.2021656756583596 0.5730933436129064 4.813184400001774
22 1.045539588508722 0.43674616531611027 0.1045742000133032
203
23 0.9770009159563022 0.3710041897278252 4.783491800000775
203
24 0.9188387526700602 0.32027880636809064 4.754826699994737
203
25 0.8414019695160346 0.2528080467998665 4.775590199991711
203
26 0.8006889615377695 0.21625707611594094 4.790550499994424
203
27 0.8006889615377695 0.21625707611594094 4.784437700000126
28 0.8006889615377695 0.21625707611594094 0.10054130000935402
29 0.7258962109375902 0.14037309554777033 0.06946210000023711
203
30 0.7258962109375902 0.14037309554777033 4.797593300012522
31 0.720672334466089 0.13675277073447067 0.07329020000179298
203
32 0.716493876779262 0.13233918561555527 4.798849700004212
33 3.227506109091778
-------------------------------------------------END------------------------------------------------------
------------------------------------Reduced subspace LM---------------------------------------------------
380.2676354764849 400.06483447232745
0.997975167153566 20
0 353.9685780680607 370.3852384267894 0.21722700000100303
0.9981992379485738 20
1 316.5628732607211 328.05994914856507 0.20231560000684112
0.9986300458736698 20
2 276.9714093387766 284.5017073937146 0.22782220000226516
0.998901161545066 20
3 248.90145444991967 253.97763057752704 0.21858440000505652
0.9845123455958674 20
0.9999998713727988 80
4 243.05135520309815 244.13015487780805 1.4511265000037383
0.8781418561172841 20
0.9930384318529409 80
5 103.79737261665912 105.16597880894304 1.3011406000005081
0.8517058601052264 20
0.9966382702908217 80
6 67.91251968153314 69.11237865151251 1.4569352999969851
0.8502636056128844 20
0.9976656935224473 80
7 61.088274622572634 60.65187528472982 1.3881777000060538
0.9505020582706929 20
0.9994173829254125 80
8 19.47261447659487 18.23092804354975 1.3958249000133947
0.9472923284183614 20
0.9998998416967042 80
9 17.87965423739781 17.531908339173313 2.520956099993782
0.9736217654392559 20
0.9999824180753245 80
10 9.905767968699662 8.995361958452573 1.3635026999982074
0.9854544469085611 20
0.9999888656742844 80
11 5.533001663861547 4.538986777478099 1.376606099991477
0.9877004506905274 20
0.9999716508669798 80
12 3.562848523131774 2.6465873002393216 1.6374254999973346
0.9789243862305222 20
0.9999760927301218 80
13 2.823671643835856 2.0458897768488087 2.3683500999904936
0.98663167919734 20
0.9999965485264676 80
14 2.2847509109065802 1.4974863336940798 1.4812596999981906
0.9931107180410929 20
15 1.9994294257214882 1.2150124370504933 0.23049709999759216
0.06635076191793995 20
0.9999331186401836 80
16 1.8481279909272046 1.1488091422330062 1.4318226000032155
0.9623248230406136 20
0.9999916909409309 80
17 1.7474141580639084 1.0011077486619202 1.4484623999887845
0.9958887334075622 20
18 1.6680598424081279 0.9408918652422462 0.22324620001018047
0.0027578412587184135 20
0.9990180006967111 80
19 1.5668358156291107 0.8884461025180985 1.448368199999095
0.820869662378834 20
0.9999894615272836 80
20 1.5576586391227603 0.8420513772455213 1.5697177999973064
0.9944597690085353 20
21 1.4658585699939721 0.780634142594337 0.21163639999576844
0.003209649469982447 20
0.9987864955050084 80
22 1.3810092482515968 0.728625533899608 1.4407021999941207
0.720201386383648 20
0.9998752056459393 80
23 1.3362991478379274 0.6785784950412 1.5708660999953281
0.9916538810311775 20
24 1.2948325945252448 0.6503065510861604 0.21029640000779182
0.0006944533190590574 20
0.9926760380932673 80
25 1.228871478655761 0.603242070429897 3.347346499998821
0.8378105322144587 20
0.9999483588330902 80
26 1.1658627338470404 0.5392869345710097 1.4390302000101656
0.9828979377057461 20
0.9999876309696123 80
27 1.1077260396500412 0.4920439118397827 1.4640408999985084
0.9873876646597135 20
0.9999750615910955 80
28 1.0503851530544657 0.4330267630151657 2.068200900001102
0.9885837057158088 20
0.9999914927946459 80
29 1.009020769673393 0.3979464968915597 2.2890993999899365
0.9930002423706683 20
30 0.9814561461174873 0.37392765044717546 0.3578490999934729
0.005148739642303186 20
0.9995868879937168 80
31 0.9425645745970728 0.3272613159358633 1.4661607000016375
0.9895310143623623 20
0.9999965866092062 80
32 0.9086851150948317 0.3011389464941442 2.8389175000047544
0.9916284979908193 20
33 0.9008324523900785 0.2943160600002218 0.20097510000050534
0.0007118644300325192 20
0.9978452909675182 80
34 0.8742472408766881 0.26190374829338736 1.475554699994973
0.9839187274016123 20
0.9999973494210754 80
35 0.8627002390522571 0.25747985828565584 1.4447189000056824
0.9853122741261093 20
0.9999920914498666 80
36 0.8297107352127386 0.22043500933726728 1.3544899000116857
0.9899188595111245 20
0.9999979784872629 80
37 0.7993732950036984 0.19317970844210708 1.3441423000040231
0.960472215254059 20
0.9999907680148455 80
38 0.7880814750758487 0.1841870569844558 1.4723011999885784
0.9878506495946912 20
0.9999963213127978 80
39 0.7719455308337856 0.16725052523984602 1.364986200002022
0.9695963193270654 20
0.999994091224997 80
40 0.7615685650158711 0.16240654301224702 1.331209600000875
0.984627082378929 20
0.9999957373567439 80
41 0.7492806545049459 0.14712267640564025 2.103092599994852
0.9739146016977749 20
0.9999959825542658 80
42 0.7398071848478885 0.14457396050535887 1.5095098999881884
0.9767473328988492 20
0.9999970647132496 80
43 0.7292965743235555 0.12833063953534712 2.3076187999977265
0.9741550251706433 20
0.9999971414943358 80
44 0.72152515270407 0.1249112152447825 1.3728763999970397
0.9711545121030939 20
0.9999967872278983 80
45 0.7136821048901323 0.11289119435201246 1.5316937000025064
0.9847697649200712 20
0.9999970199987552 80
46 0.707245864615442 0.11039121779923772 2.7911309999908553
0.9764211700509831 20
0.999996379256945 80
47 0.7012129049040823 0.10187936624799446 1.3645504000014625
0.9825511150614842 20
0.999996981457788 80
48 0.6960956703975266 0.0988525661376654 1.3331629000022076
0.978303582951634 20
0.9999977087122693 80
49 0.6914542980269531 0.09306997811924217 1.362045500005479
50 1.3865514819996314
-------------------------------------------------END------------------------------------------------------
10
-------------------------------------------Classical LM---------------------------------------------------
442.8597399710348 467.13724081363563
0 442.8597399710348 467.13724081363563 4.951302199988277
1 287.5595320177773 295.37943885020957 4.395645700002206
2 239.29280237653347 238.70965516492757 2.6938347999966936
3 135.5025912673102 131.76763180199993 4.819508100001258
4 135.5025912673102 131.76763180199993 2.7065082999906735
5 135.5025912673102 131.76763180199993 2.787662899994757
6 49.03375183327883 44.097118416327426 2.791898499999661
7 49.03375183327883 44.097118416327426 4.441936499992153
8 21.152922732103097 18.833414756380495 4.3440789000014775
9 21.152922732103097 18.833414756380495 2.7533200999896508
10 18.05124261382043 16.356869430476326 2.7813557000044966
11 10.885184297105535 9.511020014078253 3.9405183999915607
12 10.885184297105535 9.511020014078253 2.7463952000107383
13 9.950747112206322 8.892980215951907 2.816122500007623
14 5.149818149579583 4.376737772889042 3.8731694000016432
15 5.149818149579583 4.376737772889042 2.758088399990811
16 2.8536502201045733 2.163300105775419 2.9337730999977794
17 2.8536502201045733 2.163300105775419 3.8235530000092695
18 2.306064407607427 1.6606173779915139 6.346307500003604
19 2.081387558141366 1.4579142664953473 2.7273296999919694
20 1.4360887954596673 0.7742056820430047 6.036541099994793
21 1.2877152867024975 0.6335966250697975 2.705049800002598
22 1.2877152867024975 0.6335966250697975 2.968294899998
23 0.9964627364030967 0.3723838965877933 6.064838400008739
24 0.9964627364030967 0.3723838965877933 2.709996299992781
25 0.9091784878064889 0.2915870568464393 2.787720400010585
26 0.8705151027547005 0.2587791048096733 2.7356104999926174
27 0.8705151027547005 0.2587791048096733 2.6683059000060894
28 0.8358395577847733 0.22727915467080426 2.8195493999955943
29 0.8053775148958666 0.19933404392854953 2.6931063999945763
30 0.7988990547508296 0.20191740819711104 2.64321259999997
31 0.7988990547508296 0.20191740819711104 2.7366070999996737
32 0.7444174766467946 0.13958129091923502 3.7076053000055254
33 0.7299591314123656 0.12711815063297735 3.2252283999987412
34 0.7299591314123656 0.12711815063297735 5.404092900003889
35 0.7188541764195756 0.11194613172804592 2.793556799995713
36 0.7098918208818592 0.10314649284376005 4.276708199991845
37 0.7053367511727633 0.09983902035538104 4.130958900001133
38 3.5405076894726095
-------------------------------------------------END------------------------------------------------------
-------------------------------------------Krylov LM---------------------------------------------------
442.8597399710348 467.13724081363563
203
0 442.8597399710348 467.13724081363563 5.4344068000064
1 287.55953060737187 295.37943675198665 0.10165640000195708
203
2 239.25363020553067 238.86867754695731 4.842757799997344
203
3 150.5018168105171 148.16567720475095 4.748998200011556
203
4 150.5018168105171 148.16567720475095 4.921703600004548
5 58.93066884729183 56.255441398294174 0.10996339999837801
203
6 58.93066884729183 56.255441398294174 5.7517522999987705
7 58.93066884729183 56.255441398294174 0.10755929999868385
8 27.28579462039675 25.527767007194594 0.08784130000276491
203
9 27.28579462039675 25.527767007194594 4.775697100005345
10 20.697051074894684 20.319511108541185 0.07314770000812132
203
11 20.697051074894684 20.319511108541185 6.492585200001486
12 10.509469080930034 9.156107667999914 0.09668499999679625
203
13 10.509469080930034 9.156107667999914 4.708202199995867
14 7.715233810856179 6.468371946893688 0.08673180000914726
203
15 5.882187542143205 4.756665335428299 8.841759499991895
203
16 4.577470627724109 3.66212368188727 4.775509400002193
203
17 3.7211503583539662 2.9142952910218356 9.14534599999024
203
18 3.7211503583539662 2.9142952910218356 4.753024099991308
19 2.4792611399077438 1.6051975102728964 0.1019576000107918
203
20 2.4792611399077438 1.6051975102728964 9.04628650000086
21 2.068032475273035 1.2826708763365027 0.13591789999918547
203
22 1.8470113683266165 1.073405426701549 4.782349000000977
203
23 1.5503579687989895 0.8182681902680943 9.099699300000793
203
24 1.4215657901231453 0.7117419719873979 4.769987699997728
203
25 1.4215657901231453 0.7117419719873979 8.95135499999742
26 1.152581458841306 0.47534465957308125 0.12323009999818169
203
27 1.071445050723568 0.43009492559998874 4.776163100003032
203
28 1.071445050723568 0.43009492559998874 7.919279800000368
29 0.978325834456742 0.349502022615978 0.1397446999908425
203
30 0.9245455444231331 0.304141874319571 4.788603000008152
203
31 0.8778268413332009 0.2692624902680606 7.809676000004401
203
32 0.8778268413332009 0.2692624902680606 5.913152699999046
33 0.8474586634942619 0.234074203803715 0.09486199999810196
203
34 0.8474586634942619 0.234074203803715 5.358734999987064
35 0.7758685303591452 0.17056874995436203 0.12496599998848978
203
36 0.7693662520331295 0.16419953708482615 4.771359099991969
203
37 0.7693662520331295 0.16419953708482615 4.744654499998433
38 0.753786264723202 0.15068891571190862 0.07464669999899343
203
39 0.7464109345147277 0.14410411659978734 4.777244099997915
203
40 0.7435606008226902 0.14314037046122377 4.913120999990497
41 3.9773736073164887
-------------------------------------------------END------------------------------------------------------
------------------------------------Reduced subspace LM---------------------------------------------------
442.8597399710348 467.13724081363563
0.9985050612646702 20
0 405.39096332050354 427.26454298152214 0.1917719000048237
0.9990974322492137 20
1 351.37389493375224 369.6340354490234 0.22891369998978917
0.9994071815235467 20
2 291.74368102049226 304.12864094749114 0.20281869999598712
0.9991040760764837 20
3 237.4290508704636 244.41921176749125 0.20094570000946987
0.9893245325857822 20
0.9999990118955049 80
4 236.82574603378046 242.12393955933373 1.6467071000079159
0.988233239837067 20
0.9999920767481301 80
5 229.2849289982456 232.6865566279576 1.8997297000023536
0.6436695351154472 20
0.9953134904794604 80
6 200.86613371421305 203.30946180860613 2.679961200003163
0.8914916970646974 20
0.9948806533162804 80
7 61.8657920339165 59.6739392920339 1.414390200006892
0.8785407001397945 20
0.9982541376531009 80
8 31.865808354788612 30.65424794261402 1.5959405000030529
0.875711324938811 20
0.9987628902547371 80
9 21.48456020827672 20.82407980907157 1.4712580000050366
0.9375865784658028 20
0.9997959390910851 80
10 16.51948400799068 15.80301236675241 3.57512000000861
0.9287183744014695 20
0.9999525295448266 80
11 13.383058625214337 12.767173688288633 1.5697481999959564
0.8989832326569676 20
0.9999643729841384 80
12 11.208109683653534 10.543990184972834 3.220106000007945
0.9483138969067597 20
0.9999762126154663 80
13 9.310718919230487 8.41329136351835 1.529801900003804
0.9477537417147668 20
0.9999937800686386 80
14 7.862020074385652 7.054571153994166 1.4728088999981992
0.9744763943860857 20
0.9999985862067757 80
15 4.52843675075688 3.7191294520418747 1.4409424000041327
0.9575180021046682 20
0.9999967264968336 80
16 3.5069472010431317 2.7406252086500937 1.539112300000852
0.9762187630830457 20
0.9999974815145934 80
17 2.8780633618555815 2.181081343676243 1.4756014000013238
0.9907888637285747 20
18 2.515199732241714 1.7446599514040204 0.20266120000451338
0.042938380255662476 20
0.9998931206708285 80
19 2.3049855393389547 1.5763780266453182 1.5793295000039507
0.9970686695311566 20
20 2.1420122743166625 1.4225591584107744 0.1881656000041403
0.027297562723734528 20
0.9998800544666323 80
21 1.9120875716357522 1.2568191372180588 1.5516893999883905
0.9478732915310895 20
0.9999958800228117 80
22 1.8507382640312076 1.1801223318157454 1.35916079999879
0.9615058949857332 20
0.999994435000862 80
23 1.8377856043721277 1.2011868919065036 1.3948424999980489
0.9821440362254414 20
0.999994302121926 80
24 1.690948546535428 1.0330611696190561 2.385783799996716
0.9573494943075629 20
0.9999969640357101 80
25 1.5909674865929457 0.9497027121033991 1.5630443999980344
0.9791365707556763 20
0.9999975312605068 80
26 1.483788944021456 0.8707361396028008 2.980069999990519
0.9909727094765828 20
27 1.4489054106521355 0.8376228467280675 0.44770109999808483
0.001108409988596605 20
0.9986729916422288 80
28 1.4055508015765503 0.7668986592023945 1.3175224000005983
0.9845984988812945 20
0.9999980397642 80
29 1.3956544117145848 0.7960966230364349 3.086613800012856
0.9894218357523722 20
0.9999982005559174 80
30 1.3670621250370236 0.7459657430064693 1.3675958999956492
0.9770375201569675 20
0.9999972866972627 80
31 1.3472110498885526 0.7565864122965811 1.3890141000010772
0.9801759009719427 20
0.9999971422584579 80
32 1.3327982262687623 0.7296481983371077 1.377663199993549
0.9765277548384709 20
0.9999954963103551 80
33 1.3054302884587254 0.715208660021501 1.3692922000045655
0.9793091225085425 20
0.9999951687969707 80
34 1.2871278831408162 0.6907395067423266 1.3520475999976043
0.9759864295971855 20
0.9999953638149461 80
35 1.2701257725353563 0.6820539454560031 1.453058900005999
0.9818071389606388 20
0.9999947277394589 80
36 1.2539923359577005 0.6615648630462683 1.346671299994341
0.9778035258450503 20
0.9999967029788083 80
37 1.2403765069168424 0.6546400280966531 1.346012800000608
0.9838802293781559 20
0.9999957965893451 80
38 1.2280389843193429 0.637493854420748 1.3631754000089131
0.9809082069913522 20
0.9999973877059873 80
39 1.2163965853921443 0.6327885199495457 1.3117734999977984
0.9844866346035124 20
0.9999961912704372 80
40 1.2061381201172876 0.6176421193903657 1.4688068999967072
0.9793607582551801 20
0.9999976502991946 80
41 1.195597904790224 0.6127642026734519 1.4595915999962017
0.9842112274865374 20
0.9999969851507075 80
42 1.1871405292543278 0.5999462093523096 1.3255525000131456
0.9808299978838233 20
0.9999981494130797 80
43 1.177806442996474 0.595636067460242 1.6265970000094967
0.9843221163184827 20
0.9999973804797913 80
44 1.170658938069422 0.5843115654675357 2.900335099999211
0.9821362515835689 20
0.9999983897779406 80
45 1.1622690119556538 0.5808840751806931 1.4135905000002822
0.9851609858924592 20
0.9999975697905723 80
46 1.1560925049673219 0.5706355257230705 1.4550368000054732
0.9839420547458033 20
0.9999985970704253 80
47 1.1485297748026868 0.5676945807918439 1.3596492000069702
0.9859997920714824 20
0.9999978577299687 80
48 1.1430001912618715 0.5581656358894909 1.3879082999919774
0.985371869475375 20
0.999998598863371 80
49 1.1361426007000321 0.5557222366911229 1.4670338999858359
0.9867257467293362 20
0.9999980751010659 80
50 1.1311193466100495 0.5467679705772637 1.3584573000116507
0.9863919154796307 20
0.999998693477497 80
51 1.1248328681664417 0.5450321870025173 1.3721037000068463
0.9871562451425439 20
0.999998213030337 80
52 1.120221376484493 0.5362206655790716 1.341934800002491
53 1.491040845284346
-------------------------------------------------END------------------------------------------------------
11
-------------------------------------------Classical LM---------------------------------------------------
403.6422499331868 427.7528962313201
0 298.06797936049935 288.6145548892213 2.7324729999963893
1 298.06797936049935 288.6145548892213 2.706566200009547
2 298.06797936049935 288.6145548892213 2.8567125999979908
3 298.06797936049935 288.6145548892213 2.9597510999883525
4 159.08379292230723 164.4310629213784 2.82070169999497
5 134.2009124944088 135.8854136730318 2.869893299997784
6 134.2009124944088 135.8854136730318 3.414569800006575
7 86.18031897103583 87.80508104311463 2.7969296999945072
8 86.18031897103583 87.80508104311463 2.720224499993492
9 30.67653700985273 29.94855365355264 2.8061558999906993
10 24.936855051772483 24.362203177126517 2.6923180000012508
11 8.64840204185375 7.7722728916726505 2.682809600009932
12 8.64840204185375 7.7722728916726505 2.76800280000316
13 4.594608316468825 3.9564442755515405 2.8031230999913532
14 3.3363661257159256 2.7153101254229246 2.6749330000020564
15 3.3363661257159256 2.7153101254229246 2.8438939999905415
16 2.758904687297981 2.166054385212163 2.8182961999991676
17 2.758904687297981 2.166054385212163 2.726396300000488
18 2.1561815858832563 1.53343557221475 2.8048696000041673
19 2.05610437017514 1.4058980062456312 2.7372770000074524
20 2.05610437017514 1.4058980062456312 2.700258999990183
21 1.7411322725447866 1.102419202185125 2.779366899994784
22 1.6286387051657423 0.9829423777896678 2.727047099993797
23 1.6286387051657423 0.9829423777896678 2.7335984999954235
24 1.4225027006157367 0.7977640912704826 2.7716639999998733
25 1.3338272701995189 0.7119577748342552 2.749601600007736
26 1.3338272701995189 0.7119577748342552 2.8334984999964945
27 1.2416963076892995 0.6202639731209258 2.824881100008497
28 1.1841622461982009 0.5641335778563404 2.7192649000062374
29 1.1407331050700538 0.5202822325998786 2.731039199992665
30 1.0783736207228944 0.4584029533470231 2.729323799998383
31 0.9846200473781686 0.37156709414180134 2.80693049999536
32 0.895803505742625 0.28571036803553346 2.683232900002622
33 0.895803505742625 0.28571036803553346 2.755329299994628
34 0.7832946533873263 0.18044677263364753 2.7784276999882422
35 0.7832946533873263 0.18044677263364753 2.743715299991891
36 0.7663236826446438 0.16348367709565267 2.9000792000006186
37 0.7558595115842286 0.1551299900350379 2.6828085000015562
38 0.7523766472196947 0.15512553338018042 2.683061900010216
39 2.7838212128192072
-------------------------------------------------END------------------------------------------------------
-------------------------------------------Krylov LM---------------------------------------------------
403.6422499331868 427.7528962313201
203
0 298.0260844112805 288.5443753860211 4.773367900008452
203
1 298.0260844112805 288.5443753860211 4.756802500007325
2 298.0260844112805 288.5443753860211 0.08522310000262223
3 298.0260844112805 288.5443753860211 0.09596189999138005
4 159.20663450452207 164.54762816827864 0.10271890000149142
203
5 135.08065624698042 136.77636936546534 4.7780063999962294
203
6 135.08065624698042 136.77636936546534 4.7749669999902835
7 86.91458244264167 88.6547769003522 0.08501549999346025
203
8 86.91458244264167 88.6547769003522 4.804479899990838
9 30.32146727192078 29.58695993214418 0.07320210000034422
203
10 25.129683307281155 24.554963359069063 7.819122200002312
203
11 8.736957365163946 7.829581878128698 4.7646979999990435
203
12 8.736957365163946 7.829581878128698 4.757156299994676
13 4.657095156343214 4.03063657307391 0.0901884000049904
203
14 3.378234805468148 2.7508234136320224 4.7708816999947885
203
15 3.378234805468148 2.7508234136320224 4.764335100000608
16 2.6874217979756767 2.0929045548310885 0.1142831000033766
203
17 2.6874217979756767 2.0929045548310885 4.7658748000103515
18 2.210192565174704 1.5864796540880748 0.09311729999899399
203
19 2.0650412384668644 1.4057685240364188 5.798845099998289
203
20 2.0650412384668644 1.4057685240364188 5.762732199989841
21 1.7796911850490333 1.1428171214260954 0.0746625000028871
203
22 1.6803101781961478 1.0430204345695506 4.824170300009428
203
23 1.6495430262354218 1.0147100486271994 4.805076299991924
203
24 1.6495430262354218 1.0147100486271994 4.767400199998519
25 1.2486854227249933 0.6358614358388234 0.10620759999437723
203
26 1.2486854227249933 0.6358614358388234 7.90442360000452
27 1.1665290768721062 0.5551306044787634 0.15393490000860766
203
28 1.1174785915124144 0.5055004537405405 4.770389900004375
203
29 1.0694483264132182 0.4536577041541392 4.740640000003623
203
30 1.0096668340916208 0.3918265114754 4.874502000006032
203
31 0.9253944000695912 0.3108461575738761 4.8869279000064125
203
32 0.8349317558701318 0.2333657067618879 4.766735900004278
203
33 0.8349317558701318 0.2333657067618879 4.8475671999913175
34 0.794322995248751 0.18884689187537687 0.11455610000120942
203
35 0.794322995248751 0.18884689187537687 4.754374800002552
36 0.7641523590179928 0.1598244195116059 0.07422150000638794
203
37 0.754392341688796 0.15244807534809024 4.751629599995795
203
38 0.7506927196039797 0.15127468436355598 4.748469799989834
39 3.430688961538507
-------------------------------------------------END------------------------------------------------------
------------------------------------Reduced subspace LM---------------------------------------------------
403.6422499331868 427.7528962313201
0.9986584182031625 20
0 373.7977655763406 394.88097729063486 0.2090851999964798
0.9989605811633164 20
1 330.70674788170845 346.8612013258357 0.21694040000147652
0.9990111953347844 20
2 284.5073065886824 293.54534248515927 0.43243339999753516
0.9988646988938581 20
3 251.44144455815172 256.7982352065989 0.2106733999971766
0.9849992957672545 20
0.999999253789933 80
4 244.98233741249834 249.83564107198583 1.6727127000049222
0.9763938230147822 20
0.9999644876536865 80
5 229.41998461691784 232.96093711786475 1.5581008000008296
0.9454366154375358 20
0.999198054068759 80
6 206.28501163955593 208.24660739238618 3.0581468000018504
0.9678959540395183 20
0.9997942925761901 80
7 168.8268281541794 170.43662683343044 3.1528613999980735
0.983562602827376 20
0.9999551826451146 80
8 138.81177146242632 141.15077235507354 2.004100100006326
0.9952675732156824 20
9 53.009843764911324 50.86289164595084 0.21514460000616964
0.9479614298675533 20
0.9999966167677521 80
10 47.47044876752848 45.97912260715063 1.524437299987767
0.9880946038743779 20
0.9999882998833161 80
11 32.76226003993985 32.206356823616076 2.355116299993824
0.9891070366552545 20
0.999997503935452 80
12 15.432640865876362 14.137934632654076 1.3538609000097495
0.9912826455991351 20
13 5.753060326711685 4.798340166423328 0.431155199999921
0.09537165843850541 20
0.99996765719923 80
14 3.1271800784408565 2.247348450654721 1.4567684999929043
0.8204789331061199 20
0.9999956501256164 80
15 1.9226318403216436 1.180001001820892 1.553110699998797
0.9500741681574981 20
0.9999985300672138 80
16 1.430609304539835 0.7613742851436031 1.5176072000031127
0.9904284567367938 20
17 1.27059279177937 0.5975925085064333 0.20945409999694675
0.045253654579697405 20
0.9999805756352683 80
18 1.1008157971926704 0.45558388909666575 2.1937480000051437
0.9812132763657918 20
0.9999989581868309 80
19 0.9913626453445402 0.3631817018065652 1.4687195000005886
0.988601907597827 20
0.9999983416241995 80
20 0.9372195688394422 0.3395258024479492 2.799077200004831
0.9944115698343398 20
21 0.884196484523973 0.274934098602938 0.2335365000035381
0.0034195939755207305 20
0.9998165137404967 80
22 0.8667179818077666 0.2744716661245134 3.0482397000014316
0.985959697863732 20
0.9999984149631398 80
23 0.8346559216609145 0.24490248496698552 1.878853900008835
0.9918151907357652 20
24 0.8049439860423753 0.20410585198631556 0.2267403000005288
0.00673569962572049 20
0.9999068277829308 80
25 0.7776123365554963 0.18279257642585742 2.23116390001087
0.9823140168524312 20
0.9999974409585459 80
26 0.7611310471907372 0.16528314794663942 1.4396961000020383
0.9925732213282209 20
27 0.7424282967824445 0.14044566572931824 0.37144940000143833
0.006538211561498338 20
0.9998145617845563 80
28 0.7279111392209595 0.12664224559823842 1.4729395999893313
0.985269671456806 20
0.9999978251556231 80
29 0.7183346697899531 0.11543955171566016 1.4184789999999339
0.9917599505010821 20
30 0.708464624655767 0.10353427036858721 0.1898842000082368
0.006475673393372704 20
0.999882104410141 80
31 0.6993802118330951 0.0935893401970687 1.4348901999910595
0.978626377772528 20
0.9999983683473445 80
32 0.6912904529232431 0.08545915813341963 1.4793146000010893
0.982939086239169 20
0.9999963649203655 80
33 0.6888349601013417 0.08160761294608801 1.4305468000093242
34 1.36614670294212
-------------------------------------------------END------------------------------------------------------
12
-------------------------------------------Classical LM---------------------------------------------------
439.53878258598166 462.13058789924753
0 343.2751955518109 350.0418296363167 4.25760420000006
1 264.5365788417371 280.1086006871046 2.681617100010044
2 82.71218732509439 81.09937420006891 4.505305899991072
3 82.71218732509439 81.09937420006891 2.701855899998918
4 57.58021285312595 56.373688687548956 2.769710099993972
5 57.58021285312595 56.373688687548956 4.480001599993557
6 35.304470879334225 33.49129345111035 4.190537700007553
7 35.304470879334225 33.49129345111035 2.7350135000015143
8 35.304470879334225 33.49129345111035 2.782462300005136
9 16.83476512627321 16.786051508028677 2.8090388999989955
10 16.83476512627321 16.786051508028677 3.0958402999967802
11 16.83476512627321 16.786051508028677 2.7912120999972103
12 8.096565989096906 7.352201534288484 3.216505300006247
13 6.575263992523175 6.151612861492201 3.750545399991097
14 5.581588744075317 5.124680064443654 2.7749526999978116
15 5.581588744075317 5.124680064443654 2.7840529999957653
16 3.1205760720383897 2.5830720202628474 2.816184899988002
17 2.78599291696758 2.250158469041929 2.744371399996453
18 2.3367330273436893 1.7369115945844864 2.726224900005036
19 2.3367330273436893 1.7369115945844864 6.564723599993158
20 1.4126101982913049 0.8490476864030734 3.1401084000099218
21 1.4126101982913049 0.8490476864030734 4.5203376999998
22 1.262836640876803 0.7177901066466383 3.3394586000067648
23 1.1618553223476564 0.6115077758120467 3.760681999992812
24 1.0894198227673122 0.5222920736263591 2.7278088000020944
25 1.0158459312351227 0.43120256533034257 4.198161300009815
26 1.0158459312351227 0.43120256533034257 2.7186445999977877
27 0.8375647452007866 0.2440117950555231 2.826272299993434
28 0.803575142867148 0.21552929958262484 5.455964599997969
29 0.803575142867148 0.21552929958262484 2.7218602999928407
30 0.7608726940105301 0.16722187900800395 3.8927582999895094
31 0.7444230113223659 0.15311982213673372 5.146658800003934
32 0.7444230113223659 0.15311982213673372 2.7374226999963867
33 0.7304852701316645 0.13533403646459094 4.43709900000249
34 0.7224987758466411 0.1278245866298679 6.162452799995663
35 0.7123301530858517 0.11963825224999226 3.938277699999162
36 0.7123301530858517 0.11963825224999226 7.778003600004013
37 0.6938995603094144 0.09697327697016721 4.608527300006244
38 0.688733675160377 0.09381842196504547 4.222259100002702
39 0.688733675160377 0.09381842196504547 7.617535700002918
40 0.6749621628212037 0.07597655829681647 3.0419800999952713
41 0.674625868766878 0.07582473310807634 4.444825000013225
42 3.82416332142817
-------------------------------------------------END------------------------------------------------------
-------------------------------------------Krylov LM---------------------------------------------------
439.53878258598166 462.13058789924753
203
0 343.44782598935376 350.1997802431802 10.127409799999441
203
1 293.1178908279994 306.8847404251529 4.745240200005355
203
2 65.18942042427166 62.26506266050672 9.903225400004885
203
3 65.18942042427166 62.26506266050672 5.377529500008677
4 64.39086273728743 65.73401622364347 0.1244929999957094
203
5 64.39086273728743 65.73401622364347 10.736333800014108
6 64.39086273728743 65.73401622364347 0.1895183000015095
7 46.507811252925535 44.1129271330527 0.20265350000408944
203
8 46.507811252925535 44.1129271330527 5.837682699988363
9 46.507811252925535 44.1129271330527 0.12528320000274107
10 16.658420181628543 15.592292755647106 0.1252000000094995
203
11 16.658420181628543 15.592292755647106 10.742682700001751
12 13.192669967166351 11.619047959787789 0.33132909999403637
203
13 6.0765847847778005 5.31761894537612 4.828370500006713
203
14 5.304621289628194 4.3688805250115195 10.19423179999285
203
15 5.304621289628194 4.3688805250115195 5.112697300006403
16 3.1003846169882796 2.336054728793648 0.09859249999863096
203
17 2.2005301140771847 1.5738744776350369 9.135018999993918
203
18 2.181781677075623 1.6487880984837289 4.819687100010924
203
19 1.5691185226253344 0.9769500155682687 9.029983300002641
203
20 1.5691185226253344 0.9769500155682687 4.699132699999609
21 1.4182593374651749 0.9646010819680622 0.10785060000489466
203
22 1.4182593374651749 0.9646010819680622 7.662838600008399
23 1.1356546717286344 0.4811654412267921 0.12368019999121316
203
24 1.112403495317982 0.5215083778506462 4.762603200011654
203
25 1.112403495317982 0.5215083778506462 7.040178299997933
26 0.823230067696188 0.19163055300650766 0.1293397000117693
203
27 0.7845530273471425 0.16543679796951086 4.7973746999923605
203
28 0.7845530273471425 0.16543679796951086 4.777264799995464
29 0.7481206491852614 0.13712572443242224 0.09556380000140052
203
30 0.7346809032238638 0.12228122717000371 4.713654399994994
203
31 0.7270559056069485 0.11225464668961459 4.766513399998075
203
32 0.7270559056069485 0.11225464668961459 4.738484700006666
33 0.7060215880059026 0.0977517461702843 0.11007270000118297
203
34 0.6984305312820226 0.08862775200928755 4.706485299990163
203
35 0.6984305312820226 0.08862775200928755 4.835334200004581
36 0.6914951607716372 0.0836775822066503 0.10511340000084601
203
37 0.6863864385497589 0.07791271959678364 4.758637200007797
203
38 0.6863864385497589 0.07791271959678364 4.7919611999968765
39 0.6817097469631446 0.07377351945621759 0.07364329999836627
40 4.239572227501412
-------------------------------------------------END------------------------------------------------------
------------------------------------Reduced subspace LM---------------------------------------------------
439.53878258598166 462.13058789924753
0.9989234948475232 20
0 403.795847612748 422.95721967190144 0.21515699999872595
0.9990594560902458 20
1 352.1258572724191 366.4100669804254 0.21307109999179374
0.999127644938614 20
2 295.2389083137622 305.15182254781155 0.20381320000160486
0.9990752089026084 20
3 255.8665465568066 262.0141703715721 0.2290973000053782
0.9761634605838794 20
0.999999648656123 80
4 225.05984052549786 215.0602690633965 1.9470233000029111
0.6868627548602159 20
0.9642297174592293 80
0.9910180383350233 140
5 102.71159892473017 100.91498112748856 4.5324073000083445
0.6345334707647738 20
0.9811211108275008 80
0.9947316475647545 140
6 95.56756602708506 92.62955846384662 4.321544099992025
0.8926026822957336 20
0.9991381389309526 80
7 72.93775862812177 74.27908584966198 1.531027900011395
0.922144222192768 20
0.9988442238305999 80
8 35.35084662146127 35.5368248326175 1.4788085000036517
0.9614631140169184 20
0.9998995078968795 80
9 31.096076801267994 31.946786053362608 2.8922290000045905
0.9828344754220255 20
0.9999415696952063 80
10 14.291959488209704 13.406049838298408 1.3669444999977713
0.9313201741395557 20
0.9999008132592694 80
11 11.204636017334284 11.159169323624148 1.348073499990278
0.978938904921589 20
0.999947782323422 80
12 7.574756610886424 6.8821678519249305 1.4034620000020368
0.9660092897593455 20
0.9999655154188034 80
13 4.702438188749449 4.1007747570281055 1.3466016000020318
0.9703039849384011 20
0.9999785696894528 80
14 3.4319925713077115 2.76273047588971 1.356732699990971
0.9926219765543215 20
15 2.8534397825461397 2.128787756234912 0.21651199999905657
0.025163974366537903 20
0.9994719164087481 80
16 2.4466267664036954 1.7802533036996289 1.5182745000056457
0.8916846628981855 20
0.9999746322243396 80
17 2.3087537050908455 1.714485292015255 1.4035244999977294
0.9838349119676233 20
0.9999779357381953 80
18 1.704760021209437 1.0875053338964544 1.3481615999917267
0.955573155856827 20
0.9999375249695318 80
19 1.5598501022159514 0.9562892491550004 1.3645513999945251
0.9708838662580949 20
0.9999754031424285 80
20 1.5124179172789562 0.8679233582060735 1.3593731000000844
0.9204659664185167 20
0.9999788889933305 80
21 1.477701587833941 0.8657128183951938 1.4142423000012059
0.9074184829760816 20
0.9999893336055222 80
22 1.4466495986770398 0.8059918702577691 1.3617957000096794
0.8360965190389751 20
0.9999655432900061 80
23 1.425911069922288 0.8193230663865458 1.6827175000071293
0.900887805728264 20
0.9999856994961367 80
24 1.4111034128907078 0.7738616018535314 2.869899200013606
0.812439767027856 20
0.9998941007290643 80
25 1.3718114414206484 0.7539980142779127 1.3144995000038762
0.9018182997254851 20
0.9999579915687832 80
26 1.3411630822077576 0.7053621405696943 1.3969733999983873
0.831411848815753 20
0.9999709431263439 80
27 1.2849598806160687 0.6653753182132457 1.4637913000042317
0.9098922738514981 20
0.9999605517065541 80
28 1.2551246567997754 0.6254293621163541 1.3899031000037212
0.8812420821495606 20
0.9999861566424534 80
29 1.2013419511675099 0.5939341741086621 1.3587240999913774
0.9194133046433814 20
0.9999802891652311 80
30 1.1796881356550217 0.5577253317491736 1.3881879999971716
0.922297650660919 20
0.9999912170589178 80
31 1.131219266746365 0.5284183087610648 1.3211856999987504
0.9280095406570782 20
0.9999883886382809 80
32 1.1107015855687605 0.49422074687572476 1.3658768000022974
0.960116899011767 20
0.9999929444536216 80
33 1.069844068017273 0.4624587370512584 1.3723839000012958
0.9449470600804787 20
0.9999917340151521 80
34 1.054804988328532 0.4370238094355476 1.3667752999899676
0.9795635167534611 20
0.9999945357007801 80
35 1.023183222853161 0.41172168020807226 1.389360500004841
0.961263059378309 20
0.9999934979802403 80
36 1.0128924611045902 0.3944258678503813 1.3631720999983372
0.9870179024671303 20
0.9999951726101431 80
37 0.9895748621945666 0.3759067348446132 1.4711721999919973
0.9690577053820486 20
0.9999937730728065 80
38 0.982363792853478 0.36443982363450045 2.5251442000007955
0.9899877320214624 20
0.9999957600107428 80
39 0.9627767375554578 0.3486172017628138 1.5357770999980858
0.9728957978087854 20
0.9999939904862267 80
40 0.9557716780535495 0.3385374159195204 1.36360070000228
0.9910681672724901 20
41 0.9464654938493912 0.3301944735312464 0.2079682000039611
0.0010448165999485156 20
0.9962526009322116 80
42 0.9394296383060042 0.32478977214465227 2.3349400000006426
0.9760421691239202 20
0.999994244793468 80
43 0.933514094915824 0.3170082422919039 1.351284400006989
0.9918721190435584 20
44 0.9272410906293637 0.311534528545018 0.220188599996618
0.0006891463277581886 20
0.9949570387201889 80
45 0.9212801517675354 0.30619270103179147 1.463160200000857
0.9789623094217355 20
0.9999939958459431 80
46 0.9158094311189389 0.2997044952498592 1.311663000000408
0.9923526630802706 20
47 0.910807852379581 0.2956008131429177 0.21484819999022875
0.0005675002381296824 20
0.9939570835681417 80
48 0.9057650641671288 0.2898594988062166 1.445577599995886
0.9818998054620593 20
0.9999939822071605 80
49 0.9004767657680924 0.28464012050297854 1.3811690000002272
0.9924892109509558 20
50 0.8962475588211019 0.28135370452330993 0.19511110000894405
51 1.4203428039218837
-------------------------------------------------END------------------------------------------------------
13
-------------------------------------------Classical LM---------------------------------------------------
416.11017829096056 442.7225365908387
0 416.11017829096056 442.7225365908387 2.6984566999890376
1 229.9666539963278 230.1854146292947 2.7695262000052026
2 229.9666539963278 230.1854146292947 2.724688200003584
3 229.9666539963278 230.1854146292947 2.8072742999938782
4 85.8947456561296 82.86216688497102 2.9374199000012595
5 85.8947456561296 82.86216688497102 2.738372200008598
6 29.932558469033726 28.74636807543862 2.9501390000077663
7 29.932558469033726 28.74636807543862 2.9110607000038726
8 13.35328869033702 11.934233598279894 3.087792199992691
9 7.205225861261772 6.470206629152685 2.7253356000001077
10 6.286305814235269 5.420443391343443 2.744647300001816
11 3.9149532936576144 3.35684067134398 2.8627441999997245
12 3.9149532936576144 3.35684067134398 2.7309072999923956
13 1.60503254929491 0.9881846787840537 2.7987671999871964
14 1.4336707943781957 0.8370094635891396 2.772617299997364
15 1.4336707943781957 0.8370094635891396 2.7374811000045156
16 1.1751645848527819 0.5521814773692738 2.8094129000091925
17 1.1203373395149183 0.4948542930664485 2.7291870000044582
18 1.1203373395149183 0.4948542930664485 2.7053340000129538
19 0.9960639800359624 0.37926356594075356 3.9110401999932947
20 0.9554056860905099 0.34822793329195123 3.6497714999859454
21 0.9554056860905099 0.34822793329195123 2.8478553000022657
22 0.8991822010367759 0.29226984768304204 2.8073834999959217
23 0.8660596675216672 0.26474581970801725 2.724314899998717
24 0.8537667508975119 0.26398763487458077 2.702083099997253
25 0.8537667508975119 0.26398763487458077 2.743182699996396
26 0.778709276758848 0.17570437055437707 2.7753094999934547
27 0.7746533880318879 0.17221359007864231 2.789293900001212
28 0.7746533880318879 0.17221359007864231 2.7347660999948857
29 0.7306783456310584 0.12737610629511864 2.8284795000072336
30 0.7160088924389422 0.11452049924298519 2.7306600000010803
31 0.7067742222531153 0.108696254275933 2.736689999990631
32 0.7067742222531153 0.108696254275933 2.699311200005468
33 0.6843119085242451 0.08688790644946781 2.773426900006598
34 0.677136927972691 0.08084833704674071 2.7450276000017766
35 0.6750609602106649 0.07937283245136888 2.664345199998934
36 2.8362251222218524
-------------------------------------------------END------------------------------------------------------
-------------------------------------------Krylov LM---------------------------------------------------
416.11017829096056 442.7225365908387
203
0 416.11017829096056 442.7225365908387 4.743640000000596
1 229.96665180496342 230.18541260132096 0.08583260000159498
203
2 229.96665180496342 230.18541260132096 4.799094700007117
3 229.96665180496342 230.18541260132096 0.08403230000112671
4 85.89474133101587 82.86216207185323 0.0894319000071846
203
5 85.89474133101587 82.86216207185323 4.827873100002762
6 29.932558456882905 28.746368227332233 0.07377430000633467
203
7 29.932558456882905 28.746368227332233 4.882270499991137
8 13.353288829947497 11.934233891341398 0.09919150000496302
203
9 7.205225924169086 6.4702069492570455 5.031195400006254
203
10 6.2862677854086275 5.420407760250428 6.312599099997897
203
11 3.914970855802827 3.3579273370827103 7.74874299998919
203
12 3.6852223400298696 2.9761602030374177 5.657818400010001
203
13 3.6852223400298696 2.9761602030374177 7.754105200001504
14 1.711842939737267 1.1163955906569332 0.15663430000131484
203
15 1.6998573720149042 1.1034350935278967 4.740260400008992
203
16 1.6998573720149042 1.1034350935278967 4.85892130000866
17 1.0143345465642022 0.4008659334591007 0.14087740000104532
203
18 1.0143345465642022 0.4008659334591007 4.777203100005863
19 0.8843422693660355 0.27615900536411264 0.09110370000416879
203
20 0.847619437007243 0.24972937465482523 5.054338400004781
203
21 0.847619437007243 0.24972937465482523 4.744913100003032
22 0.8119357150969363 0.21121019818205305 0.08451390000118408
203
23 0.7880166158504825 0.19152769943643558 4.731481999988318
203
24 0.7880166158504825 0.19152769943643558 4.714056899989373
25 0.7706186887694987 0.1734939300389828 0.11040779999166261
203
26 0.7544316379482304 0.15865213645860018 5.612343200002215
203
27 0.7454380295437791 0.14967035857456704 4.740335499998764
203
28 0.7441127417047453 0.14959224559637616 5.1539580000098795
203
29 0.7140874872778945 0.1235216800989294 6.420423999996274
203
30 0.7140874872778945 0.1235216800989294 4.764508199994452
31 0.6700667028404811 0.07575299637192891 0.08547710000129882
203
32 0.6638859385483107 0.06999834117534168 4.893369800003711
203
33 0.6638859385483107 0.06999834117534168 4.713155399993411
34 0.6546857915201454 0.06183588159210082 0.07441129999642726
203
35 0.650866173774245 0.05869313157887635 4.747026599987294
36 3.5444256500005498
-------------------------------------------------END------------------------------------------------------
------------------------------------Reduced subspace LM---------------------------------------------------
416.11017829096056 442.7225365908387
0.9983471610685042 20
0 384.06304568427305 406.8459882927283 0.222961799998302
0.9989742683695465 20
1 337.91051256346844 354.30210848541947 0.2103888999990886
0.9994530066682975 20
2 287.63745282637956 296.6934171881637 0.2178762999974424
0.999213914417412 20
3 252.00411435717987 257.8420434533448 0.2520397999905981
0.9815985778621709 20
0.9999996443807397 80
4 230.89584428546047 235.31972753529664 1.5635755999974208
0.7272947786260499 20
0.9928511812821329 80
5 190.59913275318692 196.91879087030136 1.4791728999989573
0.8802031235989151 20
0.9926128980257739 80
6 79.9125587720587 76.62204008403683 2.2151768999901833
0.9306509064674084 20
0.9994379893226706 80
7 58.75765862479059 56.883409267161284 1.5787311000021873
0.9817721928719826 20
0.9999149706293645 80
8 45.463599961736065 42.40961271841194 1.589240899993456
0.989426717945361 20
0.9999938723360651 80
9 32.324779813859365 30.00567023626506 1.4907627999928081
0.992937113306587 20
10 11.505044276339516 10.170685343026486 0.2037484000029508
0.9109537880950904 20
0.9999839760976584 80
11 6.621165861864043 5.585912285242383 1.5132148999982746
0.9912689106916995 20
12 5.675707460588333 4.581755111437275 0.30093050000141375
0.2606441421060675 20
0.9999938253878884 80
13 4.403828592796765 3.5038624406565924 2.281913099999656
0.9840040201583347 20
0.9999981917844176 80
14 3.547274988040108 2.8167296995991893 2.891436399993836
0.9964658640868682 20
15 3.271018332520187 2.486425204038149 0.7611326000042027
0.006213598493269696 20
0.9995287451343668 80
16 2.87855820754451 2.2039043824724285 1.4512327000120422
0.9971543783859654 20
17 2.7280575976001367 2.0033724271178945 0.22435940000286791
0.0076227417897159555 20
0.9996501994709749 80
18 2.447909965662079 1.7580494111516358 1.4209885000018403
0.9756555279385416 20
0.999998631287111 80
19 2.2383679012111437 1.595118941449149 1.5045009000023128
0.987944331581828 20
0.999998059576357 80
20 2.1391920115091945 1.4944785431686542 1.521638999998686
0.9924422123090075 20
21 2.0622158966093767 1.3892012980650006 0.22495170000183862
0.003399794764139511 20
0.9991489926735333 80
22 1.88472255213106 1.25567516835582 1.4733427000028314
0.9807418118561082 20
0.9999948572147418 80
23 1.779186409707814 1.1539615865356077 1.4541968000121415
0.9902686444937895 20
24 1.6699244170784038 1.0585190358874392 0.22308630000043195
0.008105739192057836 20
0.9997374548906263 80
25 1.6156680153070617 1.0242244772236009 1.6442031000042334
0.9903631508473005 20
26 1.6003724425116717 1.0026617899836512 0.33278759999666363
0.0004408867395963904 20
0.9974300109202199 80
27 1.5297629891756066 0.9419388911059764 1.495317499997327
0.9858003950117399 20
0.9999972778770131 80
28 1.5033524881116063 0.922317468992745 2.827371799998218
0.9967697090535357 20
29 1.4775415254171065 0.900282238064729 0.21668110000609886
0.0008069398865768922 20
0.9978668283191999 80
30 1.4460850921343964 0.871853733237309 1.79088739999861
0.9946313662362857 20
31 1.439226272991388 0.8655754953922807 0.434996099997079
9.494907417751171e-05 20
0.9890202256143721 80
0.9999147173195646 140
32 1.4040396624217373 0.8317283605781204 5.566339199998765
0.9956889546857006 20
33 1.3970000273229437 0.8256609067299233 0.21050499999546446
0.00010524209601074137 20
0.9928419312179123 80
34 1.3941769190127784 0.8294797489221594 1.6430276000028243
35 1.269506208571173
-------------------------------------------------END------------------------------------------------------
14
-------------------------------------------Classical LM---------------------------------------------------
417.5882469314372 442.58206761643
0 379.4666188705013 388.2681144193333 2.7232867999991868
1 250.79147376621114 264.08120240325724 2.8667619999905583
2 250.79147376621114 264.08120240325724 2.7342115999927046
3 205.9751310421574 209.24689288802566 2.741874299987103
4 205.9751310421574 209.24689288802566 2.7061042999994243
5 178.7596927452918 175.37866598608147 2.8038628999929642
6 127.0667772287897 131.06515244431424 2.671040000001085
7 127.0667772287897 131.06515244431424 2.7010220999945886
8 56.43893757606867 55.8507293590783 2.814121699993848
9 56.43893757606867 55.8507293590783 2.6851680999970995
10 56.43893757606867 55.8507293590783 2.7536283999943407
11 56.43893757606867 55.8507293590783 2.807381100006751
12 22.017841787504192 21.265207516283134 2.792359300001408
13 16.777386110181762 14.912155653716455 2.6273137999960454
14 11.43483469142545 11.042194122700453 2.7201841000060085
15 6.071682305885943 5.440026534562621 2.681150800010073
16 5.980213134301691 5.329586799284716 2.68172800001048
17 5.980213134301691 5.329586799284716 2.8086508000124013
18 4.48776791164116 4.061234243344588 2.8413036999991164
19 3.799292615360624 3.199449494055643 2.6983889999974053
20 3.799292615360624 3.199449494055643 2.713179800004582
21 3.799292615360624 3.199449494055643 2.8032926000014413
22 2.79573418072418 2.2634050456916355 2.7663469999970403
23 1.3406561816301181 0.7848573333443312 2.7014539999945555
24 1.3406561816301181 0.7848573333443312 2.6985676000040257
25 0.9999630357937839 0.43697627833546604 4.2208514000085415
26 0.8987553776278493 0.32013928280095727 2.6313815000030445
27 0.8987553776278493 0.32013928280095727 2.7239747999992687
28 0.8515963460870772 0.2668260963066862 3.2022659000067506
29 0.8205867017161261 0.2280195758145589 2.7847577999928035
30 0.7952170396879416 0.19458625043209243 2.726794100002735
31 0.7921567652764651 0.1884538269542869 2.6955794999958016
32 2.797749649999787
-------------------------------------------------END------------------------------------------------------
-------------------------------------------Krylov LM---------------------------------------------------
417.5882469314372 442.58206761643
203
0 379.8639487461881 388.6759725366166 4.722091699994053
203
1 291.39280494941596 306.25031574288187 4.661628799993196
203
2 119.33587086063807 119.43230515450726 4.74330019998888
203
3 119.33587086063807 119.43230515450726 4.681816099997377
4 119.33587086063807 119.43230515450726 0.10975889999826904
5 97.94076698130479 98.46906364186799 0.09781700000166893
203
6 97.94076698130479 98.46906364186799 4.703387599991402
7 71.11157757181816 67.91549101519432 0.09832999999343883
203
8 71.11157757181816 67.91549101519432 4.691737300003297
9 48.83131019800253 46.99572047100444 0.11723199998959899
203
10 48.83131019800253 46.99572047100444 4.758513300010236
11 48.83131019800253 46.99572047100444 0.0707884000003105
12 44.87877599860878 44.40317546198006 0.08298899998771958
203
13 14.87726141280843 14.207571286002821 5.212824000002001
203
14 14.87726141280843 14.207571286002821 4.765297500009183
15 14.87726141280843 14.207571286002821 0.11257569999725092
16 9.296111529796107 8.272975784675463 0.08921460001147352
203
17 5.8619336133034246 5.029760237429959 6.164463599998271
203
18 4.985371266534461 4.268647303003277 4.7855949999939185
203
19 4.20272161672982 3.6005497584642843 7.957873199993628
203
20 4.20272161672982 3.6005497584642843 4.775445600011153
21 3.376068516960717 2.738571078836591 0.10166909999679774
203
22 2.670758254874555 2.096056721298962 8.05975899999612
203
23 2.3366615716888517 1.816855412544848 4.78164280000783
203
24 2.014867761520376 1.4473799298000318 8.817365900002187
203
25 2.014867761520376 1.4473799298000318 4.7174660000018775
26 1.3473360615942978 0.7893350865631683 0.0846873999980744
203
27 1.3473360615942978 0.7893350865631683 8.907076600007713
28 1.2107322704085277 0.6562214188566536 0.21894330000213813
203
29 1.1339242671435665 0.5670987616144917 4.774498099999619
203
30 1.0553332876751196 0.4718139036522316 8.919588200005819
203
31 1.0017863062598893 0.40787571618363894 4.754834799998207
203
32 1.0017863062598893 0.40787571618363894 8.913971599991783
33 0.8834389917731612 0.29646456389055437 0.1442792999878293
203
34 0.8702827379090184 0.2826281428830946 4.7969722999987425
203
35 0.8702827379090184 0.2826281428830946 8.960238400002709
36 0.8065693635846565 0.21914400176951435 0.12859429999662098
203
37 0.8065693635846565 0.21914400176951435 4.668229100003373
38 0.7969053867215884 0.2105189389023546 0.0866746000101557
203
39 0.7859194917613312 0.19716750733190774 9.257854199997382
203
40 0.775293771250848 0.18600260725655687 4.777990900009172
203
41 0.7726472404000235 0.1836053857106029 9.041114499996183
42 4.1027649976184914
-------------------------------------------------END------------------------------------------------------
------------------------------------Reduced subspace LM---------------------------------------------------
417.5882469314372 442.58206761643
0.9972455541351146 20
0 385.70875349201236 406.15310498682294 0.21148329999414273
0.9982278076040643 20
1 339.317817975173 353.3979271202224 0.21546629999647848
0.999006882957481 20
2 288.11552985197466 296.3410819987432 0.23224199999822304
0.9993222282004725 20
3 252.6415250405659 258.13388358806 0.20120250000036322
0.9932258920703353 20
4 231.64085839427776 235.6667921462928 0.21378140000160784
0.9885534615404665 20
0.9999997149561337 80
5 210.0529747972394 213.9962218430573 1.6089925999986008
0.9048124134270761 20
0.9999685374892792 80
6 200.5360873673628 203.11978026914906 1.7669599000073504
0.9561598302454015 20
0.9999684857325549 80
7 193.11341461525166 196.66350224906344 1.6147144999995362
0.9916798697924074 20
8 140.05813870082784 142.2547490715412 0.23065729999507312
0.8692505676746827 20
0.9997890423988274 80
9 130.38685955647736 133.2585676580311 3.1189420000009704
0.9927559123861849 20
10 58.52454264183954 57.12937282005593 0.18770879998919554
0.8325062496438348 20
0.9999357754495084 80
11 42.7751401181741 41.47640232326278 1.5765117999981157
0.9676608440586351 20
0.9999986090268902 80
12 30.69327177548703 29.882346101352834 1.6144614999939222
0.990370829379082 20
13 18.633463270845734 17.407120312621274 0.21335189999081194
0.9564418077732723 20
0.9999985634669749 80
14 16.87445459973475 16.174718446466095 1.4860375999996904
0.9026457494234374 20
0.9999898343315045 80
15 5.50032489108032 4.747127256267124 1.4253000000026077
0.9154180528266587 20
0.9999674251325437 80
16 3.2839593376039375 2.581087952759556 1.4436744999984512
0.9474508438894432 20
0.999998837467191 80
17 2.0542472958409705 1.3721118717114138 1.457179000004544
0.9874053352389878 20
0.9999994932811739 80
18 1.9880548964286369 1.349772528904476 1.3819574000081047
0.9653178657917771 20
0.9999978634660596 80
19 1.4588088206286236 0.8545459243167284 1.489757200004533
0.9943326954332333 20
20 1.0556658080365293 0.43498548143206256 0.22342300000309478
0.09364662865301869 20
0.9999938930712142 80
21 0.9080896572473779 0.30857002258093646 1.383388999995077
0.9870716575880365 20
0.9999996298587401 80
22 0.8596190610925345 0.25588512287399834 1.4504335999954492
0.9940453849814267 20
23 0.8152729461887404 0.20543122874824485 0.18864320000284351
0.004203597274583221 20
0.9999077673384535 80
24 0.7805285789850974 0.1741111669299789 1.448877499991795
0.9916417187976343 20
25 0.7664160672116596 0.15754434068911957 0.21658259999821894
0.000976685731236741 20
0.9996653218298166 80
26 0.7365415336579751 0.12825813047562093 1.5182041000080062
0.9749923065790616 20
0.9999995133283492 80
27 0.7143754417567034 0.10918683754501296 1.4579052000044612
0.9822278551838995 20
0.9999996897532255 80
28 0.6963478807761203 0.09251104698763482 1.4753915000037523
0.976672256178114 20
0.999999491401314 80
29 0.682844984415129 0.07837406600419715 1.446105199996964
0.9959224053228014 20
30 0.6795030180777226 0.07423086521247681 0.46900269998877775
31 1.0634948096764762
-------------------------------------------------END------------------------------------------------------
15
-------------------------------------------Classical LM---------------------------------------------------
405.50225006576005 428.1353124847887
0 318.76456355389433 315.617448457248 2.8990374999993946
1 267.1549695687369 269.2319927364773 3.2295814999961294
2 267.1549695687369 269.2319927364773 2.8613059999988764
3 97.67495174285217 94.82448851534195 2.9885406000030343
4 97.67495174285217 94.82448851534195 2.9117603999984567
5 78.19571096477367 75.41832038145564 2.9862859999993816
6 78.19571096477367 75.41832038145564 2.8711575999986962
7 68.65201540756048 67.93925550595988 3.1888397999937297
8 68.65201540756048 67.93925550595988 2.8547149000005447
9 68.65201540756048 67.93925550595988 3.6055454000015743
10 27.29466941895131 27.048692010649525 4.165622799999255
11 27.29466941895131 27.048692010649525 3.27611039999465
12 17.50946056791557 17.21862190113363 4.425782100006472
13 9.519377635131026 8.446395517398976 6.23114440000063
14 9.519377635131026 8.446395517398976 4.443315999997139
15 5.768362938879084 5.202346185375236 4.4846583000035025
16 4.065244080447732 3.391874853771231 2.9921744000021135
17 4.065244080447732 3.391874853771231 3.353092100005597
18 3.1828498373255485 2.532254094153864 4.45902290000231
19 2.5029401277443086 1.8750113845561 3.0162081999878865
20 2.316036479251716 1.6922930645387446 2.875668399996357
21 2.316036479251716 1.6922930645387446 2.9296066999959294
22 1.6236093074864228 1.033196782606559 4.521230900005321
23 1.3993266216987217 0.8225909754638848 4.567886100005126
24 1.3993266216987217 0.8225909754638848 3.481535300001269
25 1.2035449529778544 0.5985712172227882 4.357201200007694
26 1.1196450491372463 0.5250963255810496 4.263403399992967
27 1.1196450491372463 0.5250963255810496 2.953955799996038
28 0.9750236678269847 0.3804676359791573 5.007519399994635
29 0.9276771977423112 0.33761047615824186 4.2944696999911685
30 0.8954164003248382 0.3054075643094757 5.052470299997367
31 0.8695826339827101 0.27974675417699085 3.2844396000000415
32 0.8004637110420342 0.2016735423315394 3.818721799994819
33 0.8004637110420342 0.2016735423315394 4.3857641000067815
34 0.701865482985288 0.10989637602299719 3.0913504000054672
35 0.6904667889641354 0.09351821045844422 3.2204818000027444
36 0.6904667889641354 0.09351821045844422 3.0057572000077926
37 0.6685806312102637 0.07301494066640427 6.616334000005736
38 0.6619314811566945 0.06535601287753719 6.160855299996911
39 0.6618047525876782 0.06389543242676506 4.904967200011015
40 3.8509379975001137
-------------------------------------------------END------------------------------------------------------
-------------------------------------------Krylov LM---------------------------------------------------
405.50225006576005 428.1353124847887
203
0 318.7672991324037 315.6230884043442 6.941092900000513
203
1 251.08324291036422 250.99187882226116 7.674210299999686
203
2 129.71224324730647 134.37281078163113 7.880102199997054
203
3 47.26277165754313 44.296961485051256 7.4951803000003565
203
4 47.26277165754313 44.296961485051256 7.237371499999426
5 47.26277165754313 44.296961485051256 0.13267999999516178
6 47.26277165754313 44.296961485051256 0.12421100000210572
7 47.26277165754313 44.296961485051256 0.1430802999966545
8 40.14824799610301 38.86840144179955 0.12422960001276806
203
9 40.14824799610301 38.86840144179955 7.731686300001456
10 26.46668281547551 23.901734033248832 0.12464959999488201
203
11 26.46668281547551 23.901734033248832 7.84071610000683
12 12.427076438526194 11.378931752041492 0.12697540000954177
203
13 7.82937498877422 6.862462342269077 7.883618200008641
203
14 6.338007389502436 5.75481782229614 8.28377609999734
203
15 6.338007389502436 5.75481782229614 8.274423599999864
16 4.220480207222642 3.4832042708835096 0.07353520000469871
203
17 4.220480207222642 3.4832042708835096 8.612612699987949
18 3.362501688852747 2.6793623269970293 0.10515879999729805
203
19 2.844967831935407 2.22402066537497 8.430304599998635
203
20 2.844967831935407 2.22402066537497 8.433796900004381
21 2.243547699861843 1.5965112342843792 0.11318570000003092
203
22 2.1023719482927494 1.4767146188049336 7.98143989998789
203
23 1.7785299258176557 1.1233800815066701 8.458566100001917
203
24 1.5147811206449138 0.8908938032543798 8.330841800008784
203
25 1.5147811206449138 0.8908938032543798 8.211182699989877
26 1.2542560305940533 0.6400349619218695 0.12997490000270773
203
27 1.1744064006750785 0.5708767843962618 8.431878100003814
203
28 1.1744064006750785 0.5708767843962618 7.749667399999453
29 1.0274406247432417 0.4134598854060832 0.10249269999621902
203
30 1.0274406247432417 0.4134598854060832 8.4883686999965
31 1.0019800230052818 0.3881202666847513 0.11037670000223443
203
32 0.9776682066429832 0.36656324145550384 8.356552800003556
203
33 0.9543764105730154 0.3476102744990091 9.112374899996212
203
34 0.9463489501865675 0.341902232130283 8.235174300003564
203
35 0.8919921649057786 0.2856630683609968 7.82019610000134
203
36 0.8919921649057786 0.2856630683609968 8.341450399995665
37 0.836636703186517 0.23260611378051593 0.11282839998602867
203
38 0.836636703186517 0.23260611378051593 4.881129300003522
39 0.8273799553429191 0.22590257058987334 0.07549040000594687
203
40 0.8180804275039316 0.21702633216948658 4.866726199994446
203
41 0.8180804275039316 0.21702633216948658 4.8430414000031305
42 0.8107570925646507 0.21074676118711524 0.09960589998809155
203
43 0.8040347848505728 0.20410787052890036 4.7972178000054555
203
44 0.8040347848505728 0.20410787052890036 4.84276869999303
45 0.7975129558406847 0.197822253552691 0.10476839999319054
203
46 0.7916869958157359 0.19139013930371665 7.860292800003663
203
47 0.7916869958157359 0.19139013930371665 4.840543800004525
48 0.7856379936589915 0.1852343593563638 0.11029810000036377
203
49 0.7801581939827913 0.1786640960317821 4.836076899999171
203
50 0.7801581939827913 0.1786640960317821 4.852972699998645
51 0.7750460595555715 0.17312898547598696 0.07378409999364521
203
52 0.7700218025833854 0.16678128949095616 4.827287299995078
203
53 0.767116126559081 0.16086269281687018 4.8671863000054145
54 4.824799135184784
-------------------------------------------------END------------------------------------------------------
------------------------------------Reduced subspace LM---------------------------------------------------
405.50225006576005 428.1353124847887
0.9977056554556796 20
0 375.14635665310664 394.16154052317444 0.23323660000460222
0.998006883101779 20
1 331.29131213651976 344.4389818630387 0.22423520000302233
0.9984164867193606 20
2 283.4120837199835 290.89217321944017 0.23227560000668745
0.9986527815800618 20
3 246.56045361547768 252.88145326931968 0.18845629999123048
0.9770721360482715 20
0.999999145937969 80
4 238.48925336941443 244.04674112735958 1.6888992000021972
0.9663571863694779 20
0.9999827328022999 80
5 210.2543003557847 213.2599411438439 1.6344558999990113
0.9274394447874209 20
0.9999072340828058 80
6 165.23651300254693 166.28358681829903 1.4869843000051333
0.872916159804801 20
0.9998790098324565 80
7 113.41881271985253 114.49183539294114 1.6049668999912683
0.941517290328059 20
0.9999711005307492 80
8 71.86076078444763 69.05951922895511 1.526260499987984
0.9826635881195328 20
0.9999104063952332 80
9 47.089012153601686 45.66174890291754 1.4432348999980604
0.9909904436088025 20
10 14.252643800426982 13.159744934089508 0.3560185999958776
0.8876217070191049 20
0.9999939579424385 80
11 8.479634968482342 7.537727883846462 1.5091437000082806
0.9901031128983837 20
12 5.133937874584369 4.231945778244455 0.2210168000019621
0.1490290044226462 20
0.9999832702709586 80
13 3.5278359873712857 2.629439358789836 1.4711190999951214
0.9764375657073683 20
0.9999990363001032 80
14 3.2552681083087114 2.7380524025504465 1.4275253000087105
0.9648141745897585 20
0.9999978874158185 80
15 1.3419426842444588 0.6763385167298201 1.3841462999989744
0.9792996976020356 20
0.9999988312598511 80
16 1.079628239394979 0.4382855800283843 1.514373500001966
0.9865725776296436 20
0.9999970796502892 80
17 0.8780971859608566 0.24382999012757367 2.5394355000025826
0.9884138398070044 20
0.9999973313826492 80
18 0.7921217403885985 0.17075341795107357 1.4116548000019975
0.9505458859108459 20
0.9999968937625352 80
19 0.7669396096291384 0.1502395260605798 2.7307901000021957
0.9598676287545883 20
0.999998219979604 80
20 0.7407210653396822 0.12551687198732128 1.5180905000015628
0.9390474667868132 20
0.9999986470110959 80
21 0.7256754942101709 0.11670080076607595 1.4193027000001166
0.975888610128302 20
0.9999992645235147 80
22 0.7085608193043621 0.09828250131603722 1.3961723999964306
0.8883725772394365 20
0.99999830247843 80
23 0.6976600859425558 0.09195978165224067 1.4452586999977939
0.9758753741356465 20
0.9999993017580232 80
24 0.6874647063893711 0.08042712221488518 1.3963129999901867
0.9519936583511145 20
0.999998567275424 80
25 0.6801717101095667 0.07580368997338323 1.4497909999918193
0.9444994055852558 20
0.9999951156907451 80
26 0.6749863190143327 0.0698111802805909 1.4052426000125706
0.9906226165262002 20
27 0.6735293105679979 0.06841077043007866 0.22067120000428986
1.5845938985032816e-05 20
0.99349230504679 80
28 0.6692993064600994 0.06561915371059765 2.137597499997355
0.9712410395836883 20
0.9999986366157476 80
29 0.665925574269798 0.06130367637925796 1.4066328999906546
0.9942709120672737 20
30 0.6638477170270138 0.05940877301702352 0.19505569999455474
31 1.2522050741930386
-------------------------------------------------END------------------------------------------------------
16
-------------------------------------------Classical LM---------------------------------------------------
358.11378200085574 372.6388758649695
0 358.11378200085574 372.6388758649695 2.9117848000023514
1 358.11378200085574 372.6388758649695 2.975634100002935
2 307.89386787623334 311.89158499871286 2.9106036000011954
3 292.0079706697301 298.95663085058527 2.7236588999949163
4 228.26256011431525 224.6729730240534 2.709727900000871
5 164.96671036080335 159.77540037787875 2.726139799997327
6 164.96671036080335 159.77540037787875 2.6913843999936944
7 127.3185017654686 123.94529015252935 2.7654508000123315
8 127.3185017654686 123.94529015252935 2.68257019999146
9 110.58648870451087 104.54061855722222 4.151390099999844
10 85.26642082564894 87.84361313017246 2.7306645000062417
11 85.26642082564894 87.84361313017246 2.7434350999974413
12 42.15527579686307 40.82399738593155 2.79623019999417
13 42.15527579686307 40.82399738593155 2.6648526999924798
14 23.088920987556833 22.814506482143823 2.792748499996378
15 9.903513191738211 8.997869694571062 2.67544020000787
16 9.903513191738211 8.997869694571062 2.753609499995946
17 3.010100704060591 2.3647465863971284 2.822283300003619
18 2.078577580410346 1.3977844640682413 2.710375299997395
19 2.078577580410346 1.3977844640682413 2.7175367000018014
20 1.102846976186187 0.5133053417364422 2.7481171999970684
21 0.8891491776179479 0.2880668415688956 2.708004300002358
22 0.8059180746730337 0.2260340300506085 2.6779152999952203
23 0.8059180746730337 0.2260340300506085 2.709295900000143
24 0.6909151700720461 0.1013563535732111 2.7969199000071967
25 0.6779046196528521 0.08862317723219258 2.756815800006734
26 0.6611707673643519 0.07014395653472014 2.6516271000000415
27 0.6430949511683435 0.05070606559849681 2.687418500005151
28 0.6430949511683435 0.05070606559849681 2.6895439000072656
29 0.623429412458271 0.029537503487537274 2.774198500002967
30 0.623429412458271 0.029537503487537274 2.6598986000026343
31 0.6214634205141113 0.028053316599462804 2.8128491999959806
32 2.791503900000407
-------------------------------------------------END------------------------------------------------------
-------------------------------------------Krylov LM---------------------------------------------------
358.11378200085574 372.6388758649695
203
0 358.11378200085574 372.6388758649695 4.681692400001339
1 358.11378200085574 372.6388758649695 0.08441079998738132
2 307.89386787620987 311.891584998664 0.09547729999758303
203
3 292.00797690278284 298.9566365046364 4.693194899999071
203
4 227.53681485788644 224.07942039812755 4.704570700007025
203
5 104.64476844466135 102.47973397332761 4.688389500006451
203
6 104.64476844466135 102.47973397332761 4.762532799999462
7 104.64476844466135 102.47973397332761 0.08978910000587348
8 38.663840014645416 38.79111515645648 0.1071498000092106
203
9 38.663840014645416 38.79111515645648 4.697671799993259
10 15.592225428585992 14.301031280445693 0.10617900000943337
203
11 15.592225428585992 14.301031280445693 4.718210599996382
12 13.1574952897818 12.842102877714467 0.11722350001218729
203
13 4.996098981769475 4.226005654802775 4.688521199990646
203
14 4.216817962796699 3.5743614207230516 4.74671710000257
203
15 4.216817962796699 3.5743614207230516 4.712606999994023
16 2.6787221928511564 2.0049698821086195 0.10190340000553988
203
17 2.4644127671763205 1.793368845172718 4.797648100007791
203
18 2.4035893004490085 1.7873416484721252 4.7075314999965485
203
19 2.4035893004490085 1.7873416484721252 4.714960900004371
20 1.516397465903435 0.9339513505648434 0.09788919999846257
203
21 1.1964794114911477 0.5956654255156738 5.065434999996796
203
22 1.1964794114911477 0.5956654255156738 4.746717499991064
23 0.9797482425754369 0.37789328608303585 0.10275679999904241
203
24 0.9311263606421111 0.3297996008351918 6.4340356000029715
203
25 0.9311263606421111 0.3297996008351918 4.728482699996675
26 0.8059748014727072 0.19845912872461385 0.10884909999731462
203
27 0.7747078087994543 0.16488270108062636 6.357650000005378
203
28 0.7741401372713799 0.1596918943016069 4.743814600005862
203
29 0.772546982645579 0.1613898031931383 7.7888753000006545
203
30 0.739013777001029 0.1325577633269575 4.917049299998325
203
31 0.6643938172453869 0.06595855480500376 8.877846400006092
203
32 0.6590069545338464 0.058406666757038685 4.76337909999711
203
33 0.6484030402999064 0.05075368448841269 8.985347200010438
203
34 0.6484030402999064 0.05075368448841269 4.721010799999931
35 0.6476577367911025 0.04892231323148039 0.08470849999866914
36 3.737228569445304
-------------------------------------------------END------------------------------------------------------
------------------------------------Reduced subspace LM---------------------------------------------------
358.11378200085574 372.6388758649695
0.9984456994726015 20
0 336.16856091167995 348.09314061684256 0.45565379998879507
0.998355959734092 20
1 304.8129134957067 313.7548967987923 0.20341539999935776
0.9978233636390405 20
2 271.38558923755363 277.56155385926553 0.20743840000068303
0.991559322378907 20
3 242.6361208971599 245.22761511305598 0.1953702000027988
0.8535068819534716 20
0.9999887891602933 80
4 217.63402393332436 223.19214927097346 1.4281638999964343
0.9194728655286073 20
0.998747676632754 80
5 178.84095787365428 179.3009906142936 1.388073300011456
0.865080202305488 20
0.9958968850788993 80
6 57.697941155161836 57.32388579577178 1.3484271000052104
0.9661054163086136 20
0.9996747356423645 80
7 28.533575608515633 27.592122943175948 1.4590591000014683
0.9808790474622481 20
0.9996832270861188 80
8 11.846740739172661 10.466906368413262 1.464999000003445
0.9662525004585254 20
0.9999501714856706 80
9 7.067462469040437 6.605346523551896 1.3446713000012096
0.9849068389316956 20
0.9999972464082278 80
10 2.4478142310085413 1.880060788551252 1.376293799999985
0.9863824977806529 20
0.9999978366809941 80
11 1.477683645646795 0.845988888726743 1.3409372000023723
0.9740527806384945 20
0.9999986005852004 80
12 1.2465311565590724 0.638849149524525 1.3600936000002548
0.9835315370629238 20
0.9999990168570766 80
13 0.963541461980257 0.3691566162559357 1.3584950000076788
0.9353354891432556 20
0.9999923987423797 80
14 0.9523903026733944 0.3335098556655721 1.3814552999974694
0.9715541376218246 20
0.9999981226117731 80
15 0.8187572423183093 0.2216112208177626 3.127994000009494
0.9635418512367198 20
0.9999966248659026 80
16 0.7794853042684514 0.17607107957636906 1.4367863000079524
0.9719496237805492 20
0.9999955081714539 80
17 0.7631207272535924 0.1656707198168392 3.0150549999962095
0.9860821959898308 20
0.9999991354293616 80
18 0.7153191390249957 0.10873085695895003 1.328129200002877
0.9903477399041595 20
19 0.7020403683794421 0.09558882670911777 0.237878300002194
5.0558128822211314e-05 20
0.9970224908627663 80
20 0.6993285757348785 0.08997108270947078 1.295823400010704
0.9743372323264876 20
0.999990621607253 80
21 0.688306083397013 0.07852622159850205 1.369146400000318
0.9767511748354786 20
0.9999985083779874 80
22 0.6808753967257473 0.0710215078995584 1.357966800002032
0.9700621421841924 20
0.9999978780347747 80
23 0.6705478266837597 0.060366379188656796 1.4819442000007257
0.9669849938132333 20
0.9999985292255469 80
24 0.6649640389822747 0.056571436498655474 1.3450159999920288
0.9635801943821759 20
0.9999976480771416 80
25 0.6577958678244071 0.04866345093645486 1.372135800003889
0.9587608252925018 20
0.9999959192206627 80
26 0.6534150057772484 0.04624149266307091 1.3730376000021352
0.9539890303648505 20
0.9999949851544958 80
27 0.6494187067516181 0.041264375894656265 1.3341664999898057
0.9557763172488404 20
0.9999927757333834 80
28 0.6461739230997472 0.03960317165335917 1.3385800000105519
0.9488918440867153 20
0.9999919837086368 80
29 0.643318461769206 0.03635415735259883 1.3243868999998085
0.9556410177996265 20
0.9999969159058009 80
30 0.6407215768269492 0.034711666849771124 1.321063099996536
31 1.3023114806466414
-------------------------------------------------END------------------------------------------------------
17
-------------------------------------------Classical LM---------------------------------------------------
381.9098205149097 405.64533991566185
0 351.23043119113476 367.6034332606646 2.735665899992455
1 204.1845755809992 197.92550931464947 2.742376800000784
2 204.1845755809992 197.92550931464947 2.7327515999932075
3 106.45022725303055 104.76306482653179 2.920020300007309
4 106.45022725303055 104.76306482653179 2.694158199999947
5 41.57543962519411 42.18092526041109 2.8294959000049857
6 41.57543962519411 42.18092526041109 2.7291419000102906
7 37.25170746140948 35.37584927761811 2.7911602000094717
8 35.76598250955062 34.88979255978878 5.756877399995574
9 35.76598250955062 34.88979255978878 2.7349186000064947
10 35.76598250955062 34.88979255978878 2.7669201999960933
11 17.349647626832883 15.239444765217556 2.7833840000093915
12 17.349647626832883 15.239444765217556 2.670727299991995
13 8.161927083125056 7.726379492024668 2.852422800002387
14 4.923379755902325 4.027719818536579 2.7027915000071516
15 4.923379755902325 4.027719818536579 2.703380200007814
16 3.6167164612428753 2.8631009170165727 2.783150300005218
17 2.6687994360571508 2.0100294977446382 2.7479816999984905
18 2.6687994360571508 2.0100294977446382 2.664255499999854
19 2.056599757901443 1.3607153387627258 2.8067874000116717
20 1.811205066426042 1.2008143361860033 2.7195137000089744
21 1.4756781798690202 0.8782489440970387 2.754341599997133
22 1.1927435753666582 0.5391313792417577 2.7079549000045517
23 1.1927435753666582 0.5391313792417577 2.687573799994425
24 0.8270919486814718 0.22289938702227557 2.8115415000065695
25 0.7739215395981139 0.16571071306454957 5.787588199993479
26 0.7282359535535248 0.12370856270937705 2.671155300005921
27 0.7282359535535248 0.12370856270937705 2.6668990000034682
28 0.6814178344366772 0.08124458180188412 2.774275800009491
29 0.6704644561826799 0.07200058214189374 2.696743599997717
30 0.6704644561826799 0.07200058214189374 2.6978556999965804
31 0.6605110069508765 0.0647547116021012 2.7983856000064407
32 0.658069491728011 0.06177970938706079 2.7248557999992045
33 2.92869855151741
-------------------------------------------------END------------------------------------------------------
-------------------------------------------Krylov LM---------------------------------------------------
381.9098205149097 405.64533991566185
203
0 351.2311506268507 367.6033764565908 4.843452699991758
203
1 177.9304192759905 181.80836121449943 4.761898400000064
203
2 75.55652947170003 74.7076133477644 4.760074700010591
203
3 67.81355823790155 65.34888396501196 4.780773100006627
203
4 32.5288526937848 33.43316280132852 4.77250200000708
203
5 20.04486475036175 18.81992823173626 8.085880900005577
203
6 20.04486475036175 18.81992823173626 4.775740900004166
7 20.04486475036175 18.81992823173626 0.09870519999822136
8 20.04486475036175 18.81992823173626 0.08721559999685269
9 20.04486475036175 18.81992823173626 0.06913970000459813
10 20.04486475036175 18.81992823173626 0.07924639999691863
11 8.77437669985712 7.922852543400592 0.10216890000447165
203
12 8.708754580484621 8.32277173122896 4.755686500007869
203
13 4.496394090107956 4.062458024851051 4.771707600011723
203
14 4.496394090107956 4.062458024851051 4.745529099993291
15 3.509118825108488 3.040945627010642 0.090044399999897
203
16 3.308233550566391 2.843038667720995 4.787352400002419
203
17 1.4879415331999137 0.9433221551062909 4.923936399995
203
18 1.4879415331999137 0.9433221551062909 4.771140400000149
19 1.4326041287390183 0.8721400271656851 0.07403449999401346
203
20 1.2433238715918937 0.6523522104792452 4.7853353999962565
203
21 1.09053874206014 0.4824514479230821 4.810897200004547
203
22 0.9402864409343583 0.322570752657629 4.7836058999964735
203
23 0.7660321620835621 0.14549882105218653 8.024876800001948
203
24 0.7660321620835621 0.14549882105218653 4.765631800008123
25 0.7660321620835621 0.14549882105218653 0.07252739999967162
26 0.7553002064521983 0.13413848754435315 0.10146630000963341
203
27 0.7090707208014528 0.09243705007304573 4.782934300004854
203
28 0.7004062427311833 0.08188073377856242 4.739644400004181
203
29 0.6852843780424369 0.0716071840781802 4.765595099990605
203
30 0.67378835186676 0.059082528894590196 4.747648000004119
203
31 0.6672754662808589 0.05733069584607468 4.768070399994031
203
32 0.6604762587077088 0.048993414499421496 4.803352100003394
203
33 0.6560527307236116 0.04844090655538872 4.745147499997984
34 3.730381247060209
-------------------------------------------------END------------------------------------------------------
------------------------------------Reduced subspace LM---------------------------------------------------
381.9098205149097 405.64533991566185
0.9988154689575026 20
0 356.1503685516723 376.07375440471975 0.19410140000400133
0.9991412768731811 20
1 318.97686835183873 333.1456347500299 0.21440839998831507
0.9994784640428107 20
2 278.2334231575757 286.457240394884 0.1976969000097597
0.9990050526349895 20
3 248.92250212711738 253.8779051410429 0.2208875999931479
0.978781232311551 20
0.9999982002861814 80
4 233.8786294948713 235.88487905523098 1.5701183000055607
0.9491079551141759 20
0.9998587495999255 80
5 213.5254208047995 212.39326277936667 1.4422918000054779
0.7597103705876532 20
0.9989516207121271 80
6 80.89221758406266 78.63745417189114 1.368432400005986
0.5552805654787367 20
0.9857715718120684 80
0.9949827433603791 140
7 56.01830426320778 54.686850545960176 5.581115900000441
0.6331356528125072 20
0.9916384781244085 80
8 32.72996297715761 31.99201446383283 2.959282299998449
0.9616788401951042 20
0.9996528852586973 80
9 16.775947536667907 16.06767329228462 3.5411134000023594
0.9792709090775605 20
0.9999045873058912 80
10 8.475163769986292 7.672242958422215 1.4182204000098864
0.9865426320561492 20
0.9999799624888306 80
11 3.8388031658161825 3.1163288108345566 1.4270899999974063
0.9904325924416135 20
12 2.2912545705239933 1.6150956208400216 0.2263575000106357
0.18705810390524494 20
0.9999663178681139 80
13 1.8381233585911738 1.2062083107934873 1.4662919000111287
0.9510991356327934 20
0.9999846642356293 80
14 1.5905809298056308 0.9950065338177019 1.4130095000000438
0.9875738755908119 20
0.9999960741093746 80
15 1.3926279256846006 0.8128667002171276 1.4879838000051677
0.9903745074821062 20
16 1.2141807545863 0.5864364492519059 0.523822500006645
0.007700713246867085 20
0.9994971578510075 80
17 1.1135084827743023 0.5217630112348406 1.4532616000069538
0.984206945597347 20
0.9999970453610441 80
18 1.006129782012937 0.4170076258882693 1.4802546999999322
0.9873579715642246 20
0.9999864324227167 80
19 0.9366613954675009 0.3401809295753883 1.469365500001004
0.9962752099933494 20
20 0.8742591891107507 0.26108976519464294 0.22154859999136534
0.005540364349994413 20
0.9997549129890776 80
21 0.85367849134766 0.24309482398776083 1.4554767999943579
0.9921797298795444 20
22 0.8303744972327344 0.21367333998789417 0.19830750000255648
0.0006737351942780484 20
0.998100234581999 80
23 0.806404373080881 0.1923011879771101 1.469337100003031
0.9702897051469441 20
0.9999966090582612 80
24 0.7842232687864173 0.17086372604476807 1.4361429999989923
0.9934589632515503 20
25 0.7780987558574814 0.16628856246667026 0.3136701000039466
0.00015216473979552068 20
0.9952624622259805 80
26 0.7653162110398718 0.14991741828090763 1.4670847000088543
0.9926541777824978 20
27 0.7595512385887723 0.1486494064595673 0.36307289999967907
0.0002680324133099357 20
0.9968783615770402 80
28 0.7585041198461053 0.14961801127222987 1.376944599993294
0.9941195951050652 20
29 0.7441700065089296 0.13792865965357026 0.2107879000104731
0.0016058181789903288 20
0.9988186078006059 80
30 0.7292599691332485 0.12105609116035969 1.5016785000043456
0.9793655801500482 20
0.9999959977892536 80
31 0.7126229771848727 0.10565009724137758 1.5880127000127686
0.9872721377808948 20
0.9999989006815773 80
32 0.7014363344319243 0.10003914665889692 1.392803199996706
0.9879251544387252 20
0.9999945753965255 80
33 0.6881389411980288 0.08823347602945435 1.3473142000002554
0.9938234558635075 20
34 0.686295814130872 0.08670824758946906 0.22353659999498632
35 1.2634521200022262
-------------------------------------------------END------------------------------------------------------
18
-------------------------------------------Classical LM---------------------------------------------------
412.1751251611514 433.9144959539507
0 412.1751251611514 433.9144959539507 2.6846630000072764
1 281.7239888508798 289.1633450151863 2.8412005999998655
2 281.7239888508798 289.1633450151863 2.769629400005215
3 188.19254516130502 182.22115623230044 2.7705436999967787
4 188.19254516130502 182.22115623230044 2.720506600002409
5 48.62681183785115 47.09946539895687 2.819494700001087
6 48.00963098376239 49.06024348444967 2.701480099989567
7 48.00963098376239 49.06024348444967 3.8060479999985546
8 37.03369357928613 34.620877494360876 2.882781899999827
9 37.03369357928613 34.620877494360876 2.7707800999924075
10 10.78550204646421 9.511024370418996 2.7635459000011906
11 9.040128686573743 8.645452540662085 2.741603899994516
12 9.040128686573743 8.645452540662085 2.7150318999920273
13 2.746339063683913 2.0453684677956723 3.815004099989892
14 2.746339063683913 2.0453684677956723 4.0004716999974335
15 1.617862749696876 0.9965446895878415 2.8193137000052957
16 1.3372581327462985 0.7411682547483803 3.976265000004787
17 1.1560750981482837 0.5240783387725108 3.888747200006037
18 0.9640445335277517 0.34843145025423083 4.293387699988671
19 0.941255120396283 0.31096172178257775 2.6908888000034494
20 0.9008378346025329 0.308518095326444 4.4936756000097375
21 0.8304955709268846 0.2198903819457957 2.729471400001785
22 0.7893585745763231 0.21144901824207712 4.998378499993123
23 0.7893585745763231 0.21144901824207712 2.7175958000007086
24 0.6745338876169877 0.08401828005760013 2.7905159999936586
25 0.6465800280921798 0.0545431758509 4.458732300001429
26 0.6465800280921798 0.0545431758509 2.6851783000020077
27 0.6134850575619569 0.02305326765883532 2.7843012000084855
28 0.6134850575619569 0.02305326765883532 2.7093732000066666
29 0.6120988068002234 0.022131153493296248 2.8150020000030054
30 0.6114211490187167 0.021648552790170607 2.7161659999983385
31 3.1732186548385557
-------------------------------------------------END------------------------------------------------------
-------------------------------------------Krylov LM---------------------------------------------------
412.1751251611514 433.9144959539507
203
0 412.1751251611514 433.9144959539507 5.1313976000092225
1 281.72398888470167 289.163345054205 0.13493050000397488
203
2 281.72398888470167 289.163345054205 4.760346100010793
3 188.19254658820137 182.22116105301728 0.11491730000125244
203
4 188.19254658820137 182.22116105301728 4.793864000006579
5 48.62647668480407 47.0997812643496 0.07457140000769868
203
6 47.978557237766935 49.03242318947338 4.916504499997245
203
7 47.978557237766935 49.03242318947338 4.806724900001427
8 37.133901216546406 34.72668229598252 0.1054017999995267
203
9 37.133901216546406 34.72668229598252 4.782333399998606
10 10.778992256513604 9.506682477949536 0.07497580000199378
203
11 8.995412291159475 8.589221036397523 4.825663099996746
203
12 8.995412291159475 8.589221036397523 4.794181200006278
13 2.7630019224975957 2.0599287834879876 0.11603829999512527
203
14 2.7630019224975957 2.0599287834879876 4.702242800005479
15 1.6283257813513183 1.0049716955650598 0.08405510000011418
203
16 1.3468452361319139 0.7525100829313253 4.776451600002474
203
17 1.158754097518585 0.5246629867184127 4.825976499996614
203
18 0.9640122135756359 0.35189111600196366 4.772074900000007
203
19 0.9248672562811313 0.3046190674575509 4.795765899994876
203
20 0.8852070419019048 0.29272859181917626 4.759196300001349
203
21 0.7343080593020631 0.14142270268741036 4.74818320000486
203
22 0.7343080593020631 0.14142270268741036 4.780083699995885
23 0.6806994272460759 0.08492148598796485 0.1006758000003174
203
24 0.6488163044265454 0.05290102784984852 4.832494600006612
203
25 0.6488163044265454 0.05290102784984852 4.808415999999852
26 0.6488163044265454 0.05290102784984852 0.10606530000222847
27 0.6357863750592601 0.039243634987179615 0.09467390000645537
203
28 0.6317624237614853 0.03551552343677894 4.802607999998145
203
29 0.6291054507100738 0.03306001416614266 4.779769400003715
203
30 0.6291054507100738 0.03306001416614266 4.794613699996262
31 0.6265852563335133 0.030976362817181087 0.07287509999878239
32 3.189627240626578
-------------------------------------------------END------------------------------------------------------
------------------------------------Reduced subspace LM---------------------------------------------------
412.1751251611514 433.9144959539507
0.9991128807103122 20
0 380.97807027590864 400.1000104456045 0.22489470000436995
0.9993320480345937 20
1 336.1066608196705 350.9200555737235 0.22047110000858083
0.999491302140896 20
2 287.4471396985166 296.54900470862003 0.19519949999812525
0.999438401120696 20
3 253.94075284410104 258.4922378651513 0.18723209999734536
0.9873704835483518 20
0.9999996546867194 80
4 227.5379297220353 229.48461546434913 1.471180299995467
0.778469402043652 20
0.9914432136684505 80
5 116.93945426893904 118.8586128531921 1.359330500010401
0.8289067384412773 20
0.9911723499862802 80
6 59.906772312066195 60.74490791854519 1.4462325000058627
0.9257717713864685 20
0.9993286217536912 80
7 55.99767543199139 55.94962701196541 1.5507528000016464
0.96849860380437 20
0.9999522384209166 80
8 26.465673253534124 26.295211664884576 3.314698399990448
0.9803146494489524 20
0.9999679770528056 80
9 11.489070253816436 10.799811764885147 3.3330550999962725
0.9778398569862421 20
0.9999733463445222 80
10 9.56505781605647 8.358556272947885 5.120751700000255
0.9955760791030265 20
11 3.4077094819332205 2.654508248336102 0.19841520000773016
0.2110226083812221 20
0.9999461188593357 80
12 2.7464553706964816 2.0229624150591348 2.905488399992464
0.9808375708855857 20
0.9999962835918157 80
13 2.354248185571705 1.6619787278267821 1.463881700008642
0.9817357295293879 20
0.9999967857963835 80
14 2.0636630651055685 1.3786357797278153 1.5679762000072515
0.9779546654392679 20
0.9999928735070759 80
15 1.9874789672698014 1.2966657393698289 1.4351793999958318
0.9930694022924763 20
16 1.7115367974430744 1.068015136396002 0.1872282999975141
0.007561842723143398 20
0.9992864717860781 80
17 1.5921337229752608 0.9328378626736387 1.4426698000024771
0.9896595439572183 20
0.9999992976645458 80
18 1.5777801071865838 0.9356618451740849 1.4506452000059653
0.9958563976032699 20
19 1.4391740629814895 0.7972174017324993 0.1919938000064576
0.003615996514031666 20
0.99977154139013 80
20 1.3849993203730024 0.7535231117119235 1.5497809000080451
0.9765897912912274 20
0.999999060349487 80
21 1.3295673819732277 0.7066815295432034 1.526061500000651
0.9893920475177556 20
0.9999991554424656 80
22 1.2282618046183715 0.6278909849809803 1.4212981000018772
0.9956689989005797 20
23 1.177591654637315 0.5531817191499315 0.2014663999871118
0.0010502728265256668 20
0.9992607124625981 80
24 1.0895269141048174 0.48521817377444837 1.4942365000024438
0.9852732136690362 20
0.999997676177806 80
25 1.048076062187653 0.45780579019497397 2.9791859999968437
0.9931138643289573 20
26 0.9454614888389559 0.3312895242753962 0.4502572999917902
0.0053174589011994455 20
0.9997284197383256 80
27 0.902111237164557 0.29941768724627393 3.926874199998565
0.9935167990518136 20
28 0.8813205191171495 0.2774928277751236 0.18946859998686705
0.00018990828901661153 20
0.9920976736581817 80
29 0.8543639176355027 0.24653532849980309 1.392965599996387
0.9935406901292823 20
30 0.8474916196396225 0.2383865188789166 0.21436430000176188
0.0005790469321938179 20
0.9951344300265752 80
31 0.834264191309432 0.23322963931539817 1.6705594000086421
0.9893140291806326 20
0.9999966663611322 80
32 0.8113383765909533 0.2081670633623131 1.342026900005294
0.9956005478491224 20
33 0.805653265597731 0.2022698722185766 0.20156000000133645
0.00036459350243408503 20
0.9946483132654138 80
34 0.7986756581536688 0.19974259597912486 1.3482857000053627
0.9604731266084575 20
0.9999884965159362 80
35 0.7863071862440533 0.1868720575230101 1.4980968000018038
0.9931601510176102 20
36 0.7808873393994124 0.18260797574825718 0.21412670001154765
0.0003357147708307937 20
0.9968982953305713 80
37 0.7767404351273475 0.1791742823973907 1.3540558999957284
38 1.3747880921061886
-------------------------------------------------END------------------------------------------------------
19
-------------------------------------------Classical LM---------------------------------------------------
428.2824210336217 453.1442937519105
0 428.2824210336217 453.1442937519105 2.7201467999984743
1 317.0545146379264 323.49486078986035 2.7555296999926213
2 317.0545146379264 323.49486078986035 2.7363758999999845
3 264.8030037466837 266.3781980200027 2.7999781999969855
4 95.64974789125526 91.76310966752443 2.712790200006566
5 95.64974789125526 91.76310966752443 2.700440200002049
6 95.64974789125526 91.76310966752443 2.8051534999976866
7 31.214279607447253 29.156282607918058 3.855110300006345
8 31.214279607447253 29.156282607918058 3.4627690999914194
9 17.890061584353912 15.855292604527614 2.8126378000015393
10 17.890061584353912 15.855292604527614 2.7593109000008553
11 10.440163524333432 8.826679808616834 2.824289600001066
12 8.43115573716152 6.8323967468172615 3.1024491999996826
13 8.43115573716152 6.8323967468172615 2.7467599000083283
14 6.2303258092786375 4.83021055216594 2.7739421000005677
15 4.906244342992553 3.6565088678313216 2.7280570000002626
16 4.205356303401768 3.126301746398117 2.7025221999938367
17 2.928311310761462 2.063234502840096 2.678416999988258
18 2.928311310761462 2.063234502840096 3.7348048000130802
19 2.4280945420562787 1.6344220162785732 2.888390799998888
20 1.9073617799031148 1.229139979346951 2.713542800003779
21 1.3969845236112268 0.7545520934361952 2.7444123000022955
22 1.3969845236112268 0.7545520934361952 2.733907600006205
23 1.189100928862702 0.5706434467460068 2.7840607999969507
24 1.189100928862702 0.5706434467460068 2.749076399995829
25 0.9991684692908297 0.37046817295157397 4.038322499996866
26 0.9523983437340615 0.33767193788583233 2.7221403000003193
27 0.9319455769052025 0.3337468739890048 2.6952038000017637
28 0.9319455769052025 0.3337468739890048 2.7228251000051387
29 0.8383828964226991 0.23301777313922392 3.841517599998042
30 0.8173096252862152 0.21634931346541084 2.707486700004665
31 0.8119970075095456 0.21286965610808653 2.714814799997839
32 0.8119970075095456 0.21286965610808653 2.730324099989957
33 0.7578649903962018 0.15577969349612852 2.8105940999957966
34 0.7526738300966738 0.1520095067074018 2.663822699993034
35 0.7526738300966738 0.1520095067074018 2.7050599999929545
36 0.7315940816067592 0.12976550857694066 2.741491599997971
37 0.7255475142359331 0.1237854429928306 2.7147873000067193
38 0.7255475142359331 0.1237854429928306 2.7161076000047615
39 0.7160985401182282 0.11410937969030123 2.7659418000112055
40 0.710973712432991 0.10855748807399156 3.109110799996415
41 0.710973712432991 0.10855748807399156 3.2797210999997333
42 0.7066353239898739 0.10452391465487847 3.1145856000075582
43 2.9027612232559137
-------------------------------------------------END------------------------------------------------------
-------------------------------------------Krylov LM---------------------------------------------------
428.2824210336217 453.1442937519105
203
0 428.2824210336217 453.1442937519105 4.668213699987973
1 317.0545126516289 323.4948592839977 0.10009590000845492
203
2 317.0545126516289 323.4948592839977 4.751435899990611
3 264.8040939797742 266.37989102971835 0.11341749998973683
203
4 96.58400223621196 93.11584467646445 4.761980299997958
203
5 96.58400223621196 93.11584467646445 4.748773999992409
6 96.58400223621196 93.11584467646445 0.07602500000211876
7 30.095614995465592 28.066389498421557 0.10917549999430776
203
8 30.095614995465592 28.066389498421557 4.7611904999939725
9 17.68358347467147 15.73541205154566 0.08485389999987092
203
10 16.62463717231542 15.613395177649931 4.699901300002239
203
11 16.62463717231542 15.613395177649931 4.736065899996902
12 8.39861179779024 6.884778859169495 0.0868585999996867
203
13 8.39861179779024 6.884778859169495 4.721375100009027
14 6.574073547227062 5.319032601209481 0.09768719998828601
203
15 4.342451990281016 3.3137438841428777 4.771058799989987
203
16 4.0098737784627145 3.095952189172377 7.180909999995492
203
17 2.961970669290656 2.168240288118068 4.760076699996716
203
18 2.961970669290656 2.168240288118068 4.970874099992216
19 2.3085821404364304 1.518909258288818 0.10112020000815392
203
20 1.515835761630279 0.8298664194193631 4.7186753999994835
203
21 1.515835761630279 0.8298664194193631 4.824192100000801
22 1.2758683718915784 0.5973753550383242 0.10942049999721348
203
23 1.1613681867383268 0.5051751615883862 4.708887500004494
203
24 1.1170717013759055 0.4930532814775022 4.72878099999798
203
25 1.1170717013759055 0.4930532814775022 4.699887900002068
26 0.9400634429999459 0.31292963717014616 0.10070830000040587
203
27 0.9400634429999459 0.31292963717014616 4.751292300003115
28 0.9080809144073991 0.28380540105117563 0.09108299999206793
203
29 0.8918390209413898 0.274506735050675 4.773415000003297
203
30 0.8918390209413898 0.274506735050675 4.7430885000067065
31 0.8583423351553064 0.24070909033506627 0.08450050000101328
203
32 0.8406315783757303 0.22704498857068278 4.778228199997102
203
33 0.8183580440252419 0.21048398607616361 4.810631999993348
203
34 0.79640615954681 0.19164879721550274 4.772374499996658
203
35 0.79640615954681 0.19164879721550274 4.690669500007061
36 0.7623208308151003 0.15377800434387903 0.1103850999934366
203
37 0.7540419674974385 0.14650708686139804 4.749710899995989
203
38 0.7540419674974385 0.14650708686139804 4.75063819999923
39 0.7374728934828493 0.13125840911117886 0.09851700000581332
203
40 0.7285615282250281 0.12319545350763242 4.789011799992295
203
41 0.7202270873861801 0.11495803402263118 4.734504599997308
203
42 0.7163814249024625 0.10988312522847142 4.755568199994741
43 3.2947735372073894
-------------------------------------------------END------------------------------------------------------
------------------------------------Reduced subspace LM---------------------------------------------------
428.2824210336217 453.1442937519105
0.9948732650910806 20
0 394.6886041904379 415.65002564299493 0.21522339999501128
0.9982220884995654 20
1 345.33181159512793 360.5376022636373 0.22308859998884145
0.9993452726812923 20
2 291.440941254176 300.96500196229726 0.20706289999361616
0.9995610877676795 20
3 254.98424934397144 262.1426193090121 0.3330413000076078
0.9963197541977319 20
4 232.46887228436583 237.11964131620752 0.21230939999804832
0.9571755836738753 20
0.999997652264342 80
5 221.01072823958634 226.07191658566876 1.5873087999934796
0.825134306410403 20
0.999872833282394 80
6 219.75445401898776 219.17355332932271 1.5782249000039883
0.8566364774834949 20
0.9978163725736826 80
7 161.5007136744427 163.65722169432556 2.8830580999929225
0.9538789563067556 20
0.9995903427106231 80
8 65.9317253994218 64.94045398914237 2.7175989000097616
0.9802081390670868 20
0.9998769797935734 80
9 34.91755956185821 34.70085938215281 1.4762313999963226
0.9936680203584257 20
10 12.70251826920959 11.419045048646632 0.2944333000050392
0.8235153519054719 20
0.9999900432283755 80
11 9.608135813485031 8.443890752897719 1.5568826999951852
0.9285502650853527 20
0.9999953014901575 80
12 7.156446830995016 6.3120999277706575 2.2644698999938555
0.987125893495935 20
0.999995811170242 80
13 5.671476402147841 5.13387982747124 1.319887400008156
0.9916478487338356 20
14 3.090901219948489 2.562150290724844 0.2145485000073677
0.42155220799416726 20
0.9999968443095039 80
15 2.631186174692003 1.883840660075045 1.3736467999988236
0.9959983507764154 20
16 1.896669553518316 1.2164191805653 0.21925840000039898
0.05596426315657193 20
0.9999875090585918 80
17 1.4820165029903318 0.8734636094953451 1.4425735999975586
0.9906670915292924 20
18 1.4479738517474354 0.8404810516036899 0.215948600001866
0.0016654963970292702 20
0.9997030982317101 80
19 1.238614708832348 0.6684344392398542 1.5165223999938462
0.9902501117937474 20
20 1.2058966235498352 0.6236179119162665 0.20154429999820422
0.0008394826384015596 20
0.9992231767246675 80
21 1.0869663208936633 0.4923778331556297 1.4571359999972628
0.9957594736615529 20
22 1.053161276657526 0.46311492476250055 0.22489470000436995
0.0004018982549456193 20
0.9988328070883361 80
23 1.0226716401933482 0.3928328597788151 2.187675900000613
0.9972901785457834 20
24 0.9111921661826072 0.29952416338927834 0.21546359999047127
0.007156452331733537 20
0.9999143536889976 80
25 0.8485536196465242 0.22054378331310706 1.403938300005393
0.9839432137237514 20
0.9999989693192872 80
26 0.8157888872495233 0.20179883697246723 1.3597440000012284
0.9983028163897189 20
27 0.7821517696763136 0.1713594183774111 0.2023697000113316
0.03347670275026165 20
0.9999859585234668 80
28 0.7786392670745041 0.16223114960471197 1.346600299992133
0.9871948838245983 20
0.9999994315896742 80
29 0.7454034510347336 0.13409433747270777 1.3991792000015266
0.9963166279265432 20
30 0.7220136099784572 0.11465342880258064 0.20073119999142364
0.06039170843565832 20
0.999997072537964 80
31 0.7085116877826161 0.09850638118737973 1.585431100000278
0.985631261629109 20
0.9999990735325879 80
32 0.692747444208026 0.08420077914461817 1.4017109999986133
0.9946796869757986 20
33 0.6859194949928334 0.08004636092305105 0.22408770000038203
0.013012135289552017 20
0.9999773961998454 80
34 0.6759656970781798 0.06935843444106332 2.1894259999971837
0.986068247502438 20
0.9999927925800042 80
35 0.6681466458589925 0.0622749146440236 1.3683108000113862
0.9941802054100013 20
36 0.6659978615551988 0.06169357291246969 0.607713799996418
37 1.0656020783778355
-------------------------------------------------END------------------------------------------------------
20
-------------------------------------------Classical LM---------------------------------------------------
442.4279250374785 463.86372531131315
0 442.4279250374785 463.86372531131315 2.744325299994671
1 159.28095576296457 154.2542760321179 4.479466100005084
2 159.28095576296457 154.2542760321179 4.932036600002903
3 159.28095576296457 154.2542760321179 3.2776550999988103
4 67.51374780268117 66.44139646134917 2.810750500007998
5 67.51374780268117 66.44139646134917 3.502560300010373
6 67.51374780268117 66.44139646134917 2.9187891999899875
7 31.384187848535547 30.398573084146474 2.8177767999877688
8 14.429972938032687 13.57790629097593 2.856649200009997
9 7.243931161912691 6.390257438253833 4.388938300005975
10 7.243931161912691 6.390257438253833 3.01139709999552
11 4.367603985172391 3.409224559839174 7.297749199991813
12 3.6019159416712645 2.8367719829178917 3.9964513999875635
13 3.146100963710165 2.4780686270688728 4.3312032999965595
14 3.146100963710165 2.4780686270688728 2.753064300006372
15 2.085899163321081 1.4079458646007443 4.318247899995185
16 1.7220171687742252 1.1391047333824844 4.304238999990048
17 1.7220171687742252 1.1391047333824844 4.285562999997637
18 1.485521631602079 0.8667586456384679 4.414046000005328
19 1.3892160632352841 0.7881317266045746 4.2584766000072705
20 1.3301204096953798 0.7311149785606521 4.2707484000129625
21 1.3301204096953798 0.7311149785606521 2.754425999999512
22 1.0875305296995244 0.47999408809150484 4.348051499997382
23 1.0325820367953666 0.42317112164569703 4.150164499995299
24 0.9702033104870447 0.3666873864320722 4.311820299990359
25 0.9462245001928088 0.35841745443253453 2.7720064999884926
26 0.8526548012895749 0.2578592829172018 4.048298599998816
27 0.8526548012895749 0.2578592829172018 3.9330654999939725
28 0.7210810588092876 0.12998585727315054 4.474013700004434
29 0.7210810588092876 0.12998585727315054 4.241634699996212
30 0.6743363253590049 0.07977657600212505 2.934633099997882
31 0.6743363253590049 0.07977657600212505 4.508400399994571
32 0.6655940229535193 0.06954012344582176 3.2189692000101786
33 0.6623684181193237 0.06635180005939405 3.5597087999922223
34 3.8595684235282106
-------------------------------------------------END------------------------------------------------------
-------------------------------------------Krylov LM---------------------------------------------------
442.4279250374785 463.86372531131315
203
0 442.4279250374785 463.86372531131315 6.192003599993768
1 159.28095600306423 154.25427618839703 0.12731319999147672
203
2 159.28095600306423 154.25427618839703 6.166912899992894
3 159.28095600306423 154.25427618839703 0.10370220000913832
4 67.51374941909481 66.44139769194406 0.07452360000752378
203
5 67.51374941909481 66.44139769194406 6.200351100007538
6 67.51374941909481 66.44139769194406 0.07853060000343248
7 31.38418752106212 30.398572643581492 0.09549130000232253
203
8 14.429973536488605 13.577906982786873 8.193723999997019
203
9 7.243930731469898 6.39025703846995 8.145558999996865
203
10 7.243930731469898 6.39025703846995 8.114093700001831
11 4.367604969544437 3.409225019027425 0.25562119999085553
203
12 3.6019154540029596 2.8367718731645466 7.98443500000576
203
13 3.1480547782248194 2.4801381828401783 7.734654699990642
203
14 3.1480547782248194 2.4801381828401783 7.672316099997261
15 2.085896896656381 1.407796978601687 0.12720160000026226
203
16 1.7218097087603565 1.13883921300648 8.013049400004093
203
17 1.7218097087603565 1.13883921300648 7.534265700000105
18 1.4855910136067871 0.8668244540617206 0.11828439999953844
203
19 1.3894156377276674 0.7883329465428306 7.330647700000554
203
20 1.3302257952556213 0.731353923390921 8.221184299996821
203
21 1.3302257952556213 0.731353923390921 7.578218299997388
22 1.0876885908178926 0.48005230965726414 0.10107309999875724
203
23 1.0323095379566838 0.4227707264086364 7.692991999996593
203
24 0.9660336322628517 0.3631124773368622 8.238470900003449
203
25 0.9348247220339273 0.35132678104942316 8.02449370000977
203
26 0.8292307971469367 0.23443870829485344 8.012037699998473
203
27 0.8292307971469367 0.23443870829485344 8.10219990000769
28 0.7577544790374313 0.16658757979447833 0.11227230000076815
203
29 0.7577544790374313 0.16658757979447833 8.138500499990187
30 0.6818588532314683 0.08685566710613069 0.0942452999879606
203
31 0.6818588532314683 0.08685566710613069 7.903285199994571
32 0.6705215015668866 0.07413557710095338 0.08308060000126716
203
33 0.6664265685210702 0.06987736702891985 6.739611499986495
34 4.979539597057737
-------------------------------------------------END------------------------------------------------------
------------------------------------Reduced subspace LM---------------------------------------------------
442.4279250374785 463.86372531131315
0.9985985509207813 20
0 405.99829062167237 425.47684805295665 0.5367307999986224
0.998860630813755 20
1 353.73357655532516 370.33080223068936 0.20169509999686852
0.9991471913773269 20
2 296.3942186139449 308.64844994520917 0.20321300000068732
0.9993566223865094 20
3 257.2191819008564 263.27009874040135 0.2215520000027027
0.9909520068700074 20
4 231.19564878187367 235.97146514825138 0.21183519999613054
0.9547182801380871 20
0.999996928283522 80
5 222.64237194303573 225.01542800469628 1.5978796999988845
0.9280924756328954 20
0.9999499920660159 80
6 196.64902968564252 197.89109029183888 3.3267737999995006
0.9533178124997903 20
0.9998892026808921 80
7 186.47000495498102 187.97194689487895 1.5693589000002248
0.9932936004064706 20
8 110.3570128737052 108.8806545405592 0.6429820000048494
0.9572739734578126 20
0.9998504253132752 80
9 83.66198143816983 83.80392434771649 2.582451599999331
0.9830790180638063 20
0.9999561126929852 80
10 40.223329319997596 38.849857609097164 1.4804854999965755
0.9929980822107577 20
11 12.133915377723179 10.250480348051047 0.21764420000545215
0.6489470457756182 20
0.9999665451816517 80
12 8.727893777683205 7.311239209765109 1.556213599993498
0.8879401216586177 20
0.9999980082400369 80
13 5.4786521645780715 4.456841706012203 1.459375499995076
0.9655353037046334 20
0.9999946523746011 80
14 4.994754243631405 4.138648736438233 1.3818825999915134
0.9822347519923331 20
0.9999911147312218 80
15 2.0017948835663173 1.385239845924558 1.4360012000106508
0.9935473720940315 20
16 1.3042560177152083 0.6753089323325706 0.21534099998825695
0.14885690098866422 20
0.999996609381297 80
17 1.0978916430804098 0.45803663210793444 1.456094299996039
0.9497465175787773 20
0.9999984151055133 80
18 0.9239093937173398 0.2971564944531775 1.4359735999896657
0.9677047097918773 20
0.9999837480678172 80
19 0.8419944657627503 0.21865917764102386 1.4453656999976374
0.9685033399423423 20
0.9999868811643221 80
20 0.782513406406112 0.16522864808230814 1.4294488000014098
0.9770809852525958 20
0.9999979951867527 80
21 0.7469728747077857 0.13188948046814974 1.4657993000000715
0.98004839381621 20
0.9999900045458404 80
22 0.7376977843740132 0.11923597073113414 1.3858970000001136
0.9916225048140999 20
23 0.6917235938244597 0.08437020703519832 0.19036839999898802
0.005126792771392583 20
0.9998423650139809 80
24 0.6716437056274269 0.06791446467632688 1.3776439000066603
0.9824200838793095 20
0.9999995170953786 80
25 0.6639286544984049 0.059810515131079114 1.3761710999970092
0.9729367344163913 20
0.9999975584001535 80
26 0.6572507215868365 0.05274721206740754 1.4763264000066556
0.986883041647477 20
0.9999995734843241 80
27 0.6527738065932729 0.048287304420151805 1.3680478000023868
0.9853891569970018 20
0.9999996635636557 80
28 0.6492014459789404 0.04436077152211074 1.3650598999956856
0.9915617271704167 20
29 0.6488441365780718 0.044429521123479004 0.1968780000024708
9.606721173351212e-06 20
0.9974076012300607 80
30 0.6465020250816439 0.041441784697056026 1.3996197000087705
31 1.1680680516123352
-------------------------------------------------END------------------------------------------------------
21
-------------------------------------------Classical LM---------------------------------------------------
424.9221324643665 452.7601175031953
0 326.28726757501613 341.8562337715746 2.717139899992617
1 326.28726757501613 341.8562337715746 2.7492434000014327
2 166.15255550638435 177.37390486168266 2.8238410000049043
3 166.15255550638435 177.37390486168266 4.7878163999994285
4 166.15255550638435 177.37390486168266 2.8462261999957263
5 45.14032610196833 45.68382457316693 2.912786500004586
6 45.14032610196833 45.68382457316693 2.7967885000107344
7 32.42893691871117 30.64672888382578 2.8264546999998856
8 30.60730812424715 30.811434474258572 2.68765269999858
9 30.60730812424715 30.811434474258572 2.8010941999964416
10 25.899049600449235 23.611569941847637 2.8083135000051698
11 25.899049600449235 23.611569941847637 2.680944299994735
12 25.631041156966152 24.49084312600747 2.842064800002845
13 9.872785819857302 9.361007783009201 2.7083671000000322
14 9.872785819857302 9.361007783009201 2.6978352000005543
15 3.4544280738223914 2.6628974471975697 2.773137800002587
16 2.8785025187534306 2.1268085861699215 2.721201399996062
17 2.8203761927397815 2.1180886658718476 2.6534447000012733
18 2.8203761927397815 2.1180886658718476 2.713026199999149
19 1.3139678208752574 0.6314806113453166 3.1201961999904597
20 1.1753117614412512 0.5354435379129722 2.7021890000032727
21 1.1753117614412512 0.5354435379129722 2.961515499991947
22 1.0303704959067397 0.39470967274944646 3.215718800012837
23 0.9691115922043934 0.3530339744228083 2.9692579000111436
24 0.9399614718516172 0.33453060709660953 2.6984727999952156
25 0.9399614718516172 0.33453060709660953 3.663498299996718
26 0.8959931974647599 0.299094659957367 2.753755600002478
27 0.8591653227973626 0.2607576795156877 2.7138181000045734
28 0.8518372872874114 0.2660433975197459 2.7458647999883397
29 0.8518372872874114 0.2660433975197459 2.7147732000012184
30 0.7662674942996281 0.17212675363152835 2.8391583999909926
31 0.7471292274005695 0.15706863734671866 2.767834700003732
32 0.727871264455402 0.1317372202760516 3.5936636999977054
33 0.7156281391347248 0.11785878321506825 3.9800619000016013
34 0.7156281391347248 0.11785878321506825 3.3669321999914246
35 0.6628257290469542 0.06510730295825289 2.8214085000072373
36 0.6628257290469542 0.06510730295825289 2.7092469000053825
37 0.654941210898082 0.057685160251854724 2.896143199992366
38 0.6507981688002293 0.05295184524995483 2.824242000002414
39 2.938593082051226
-------------------------------------------------END------------------------------------------------------
-------------------------------------------Krylov LM---------------------------------------------------
424.9221324643665 452.7601175031953
203
0 326.3094854679877 341.86594391628086 6.142904799999087
203
1 202.7531208596461 212.28815318304765 6.161287700000685
203
2 202.7531208596461 212.28815318304765 6.146984999999404
3 202.7531208596461 212.28815318304765 0.07397019999916665
4 202.7531208596461 212.28815318304765 0.08829079999122769
5 54.70327091020506 56.97600974627699 0.09372699999948964
203
6 54.70327091020506 56.97600974627699 6.185908400002518
7 54.70327091020506 56.97600974627699 0.104350900001009
8 24.04377763366738 23.64779484496499 0.100032000002102
203
9 14.788606199587393 14.13683655924067 5.72206540001207
203
10 10.868464521607114 10.770980892473876 7.199230300000636
203
11 9.216129876548091 8.899746405588466 5.854550000003655
203
12 7.476637641006376 7.442324213404328 8.45311170000059
203
13 7.476637641006376 7.442324213404328 8.354048099994543
14 2.995503927413101 2.473803493874374 0.12351170000329148
203
15 2.995503927413101 2.473803493874374 7.463897399997222
16 1.8573985383565363 1.2606309007036929 0.23094819999823812
203
17 1.5187752352831783 0.9702873894933567 8.026439299996127
203
18 1.5187752352831783 0.9702873894933567 7.5801799000037136
19 1.2516586608095066 0.6807319127224567 0.12001810000219848
203
20 1.2516586608095066 0.6807319127224567 8.110088799992809
21 1.1742541720201018 0.6006609002474276 0.12226079999527428
203
22 1.12056232999993 0.5385428483436216 9.863656400004402
203
23 1.12056232999993 0.5385428483436216 8.39110979999532
24 1.0816010077151277 0.4936503183838074 0.09848819999024272
203
25 1.0495063292096518 0.45931085649539116 8.13208319999103
203
26 1.0451762751326419 0.459337971787672 8.180449099992984
203
27 1.014571921873209 0.4347909895448845 8.534599300008267
203
28 0.9577353309101001 0.3721419038557889 8.264136599987978
203
29 0.9577353309101001 0.3721419038557889 7.819623099989258
30 0.8066765058740311 0.20442625048485444 0.21703919999708887
203
31 0.7931734811137379 0.18970602643178244 8.264740099999472
203
32 0.7931734811137379 0.18970602643178244 8.211320800008252
33 0.7576119422149497 0.15163942876557396 0.07336389999545645
203
34 0.7421234194825455 0.1361288454574489 7.848733099992387
203
35 0.7421234194825455 0.1361288454574489 7.940296500004479
36 0.7322183922794326 0.1254855332831605 0.09529329999350011
203
37 0.7217718455003485 0.11583454785256087 8.02129540000169
203
38 0.7217718455003485 0.11583454785256087 7.720871800003806
39 0.71476186556597 0.10848297991882332 0.12354830000549555
203
40 0.707496166560455 0.10184344707460585 7.760659199993825
203
41 0.707496166560455 0.10184344707460585 8.023053899989463
42 0.7014315924559936 0.09570021971950694 0.1385558000038145
203
43 0.696001391266153 0.09072143144420212 8.414344300006633
203
44 0.6919240679264304 0.08723726456227127 8.072453700006008
45 5.170389366665687
-------------------------------------------------END------------------------------------------------------
------------------------------------Reduced subspace LM---------------------------------------------------
424.9221324643665 452.7601175031953
0.999000141345383 20
0 390.72423446594814 414.6701697434865 0.2099259999959031
0.9993152536955113 20
1 341.5189249232008 359.23175321438185 0.22235209999780636
0.9994584779351682 20
2 288.4917027449978 297.74065589015487 0.2059962000057567
0.9993604415325322 20
3 253.2562485564799 258.66285744232425 0.23235639999620616
0.9647245837703404 20
0.9999995102739884 80
4 249.50335285634864 254.8913643998837 2.73199719999684
0.9344048935202643 20
0.999997548401702 80
5 236.74993647305254 241.38946061121405 1.7272295000002487
0.9936964815195228 20
6 162.15145799337856 161.872141930871 0.4072675000061281
0.9463916241815289 20
0.9998464178036286 80
7 130.0996294330032 129.88646291222443 1.6440282999974443
0.950041852007431 20
0.9999713535917373 80
8 108.21800449621777 107.45345557585962 1.687118300003931
0.9720408962220548 20
0.999992679879381 80
9 96.0087286384979 95.42843313600173 1.6994539000006625
0.9928500233102782 20
10 45.57084380902536 44.60565184058929 0.316819999992731
0.854094648707351 20
0.999999392343527 80
11 39.353686745842836 38.03466730693581 1.510415099997772
0.9844049368976642 20
0.999998682720628 80
12 26.341378301819024 25.288268649064054 1.6918671000021277
0.9845971310454703 20
0.9999991739590705 80
13 11.479900304462703 10.89205726281185 1.4373209999903338
0.9899171079159945 20
0.9999955042009816 80
14 6.924645162555875 5.98063848254352 1.4530515000078594
0.9903928081961846 20
15 2.657458442950357 1.6883294597174254 0.2612564000010025
0.6403098037487558 20
0.9999993984910823 80
16 2.122789102766231 1.257846577985037 1.4564793000026839
0.9935424945133566 20
17 1.6593081256790472 0.8042244281424238 0.21783889998914674
0.02766955202701381 20
0.9999725237854155 80
18 1.4655531508029316 0.7995801547803704 1.3969907999999123
0.9747606398383377 20
0.9999990093002586 80
19 1.0540632882037548 0.4379593510295485 1.3737626999936765
0.9946076849017846 20
20 0.9399401322666978 0.32822435655319315 0.21191990000079386
0.008234180074121637 20
0.9998730264386967 80
21 0.8788570899632591 0.26761155673850473 1.4607209999958286
0.9627028606274743 20
0.9999995293321323 80
22 0.8539837368278637 0.24819473151644295 1.545394300002954
0.9853192680844596 20
0.9999995740817625 80
23 0.834053620684455 0.2335785591390285 1.5860702999925707
0.9936354833126904 20
24 0.8160100462072905 0.21786730455642517 0.21314180000626948
0.0014717257845208716 20
0.9997839306167908 80
25 0.7957255590624447 0.20103884689490628 1.4510595000028843
0.9863242131851165 20
0.999999726873198 80
26 0.7801453278883422 0.18848942188805626 1.5948604000004707
0.99482948886606 20
27 0.770712898861281 0.17774798265685487 0.3791629999905126
0.0003664433248624573 20
0.9992751554448305 80
28 0.75279559249402 0.1621018316881739 2.0685006999992765
0.9111264740429718 20
0.9999995919017816 80
29 0.7399876606655118 0.1494330811974567 2.025549400001182
0.9144798780760051 20
0.9999955413567686 80
30 0.7287658794771461 0.13580817625204025 1.590263899997808
0.9541085277082146 20
0.9999984531811771 80
31 0.7156686502313647 0.11957763157024524 1.4861680000030901
0.9643599962177173 20
0.999997580190516 80
32 0.7099789720404955 0.10832643752122999 3.0683310000022175
0.981821119368259 20
0.9999969217834318 80
33 0.6766102506085719 0.0761783510827838 1.3863268999994034
0.9720316372675751 20
0.9999991716688562 80
34 0.6612914195986889 0.058678619615162395 2.785250699991593
0.9935157847890922 20
35 0.6610471859432451 0.05832977246514001 0.21054330001061317
36 1.2485220083326567
-------------------------------------------------END------------------------------------------------------
22
-------------------------------------------Classical LM---------------------------------------------------
422.8328816228191 445.2438238383652
0 422.8328816228191 445.2438238383652 2.72534910000104
1 269.0515616926146 277.37446604125785 2.8116440999874612
2 269.0515616926146 277.37446604125785 2.697586800000863
3 269.0515616926146 277.37446604125785 2.82918429998972
4 269.0515616926146 277.37446604125785 2.815628900003503
5 252.55151194626433 252.88163975463198 2.774340799995116
6 109.37181966220811 108.7058265225251 6.2351049999997485
7 61.25174520012376 61.22442653551466 2.7382013999886112
8 61.25174520012376 61.22442653551466 2.737665599997854
9 26.707517959906294 27.06489098371523 5.9559523000061745
10 24.16329273220718 23.381533585099994 2.838033899999573
11 10.272823284125913 8.956937920905085 4.346297299998696
12 10.272823284125913 8.956937920905085 4.144315599987749
13 5.061579678407666 4.418974857309007 2.9559017999999924
14 3.10471072764131 2.4872443473118673 3.785834900001646
15 3.10471072764131 2.4872443473118673 3.9371761999937007
16 1.5602767743039767 0.928048656413043 4.220774600005825
17 1.5602767743039767 0.928048656413043 4.2695361000078265
18 1.1907638337706392 0.5600561583720719 4.483132399996975
19 1.0130406130976832 0.4015285333935512 2.7308351999963634
20 0.900816239503476 0.29958755515600066 2.716643199993996
21 0.7675346077306989 0.1590683170471652 2.749543799989624
22 0.7430793545568282 0.1337904585986472 2.732961100002285
23 0.7430793545568282 0.1337904585986472 2.7356385000020964
24 0.6675161413182584 0.06319317024215391 2.8359077999921283
25 0.6593433379488698 0.05693761214535975 2.7730071999976644
26 0.6593433379488698 0.05693761214535975 2.7061508000042522
27 0.6464172428744042 0.04492740465455267 2.9926466000033543
28 0.6412202505322644 0.04048895862107082 2.727468700002646
29 0.6412202505322644 0.04048895862107082 2.7059866999916267
30 0.6375114268609815 0.03747462158124273 2.8132118999928934
31 3.307150406449387
-------------------------------------------------END------------------------------------------------------
-------------------------------------------Krylov LM---------------------------------------------------
422.8328816228191 445.2438238383652
203
0 422.8328816228191 445.2438238383652 4.746196699998109
1 269.0515616956908 277.37446606775177 0.07432379999954719
203
2 269.0515616956908 277.37446606775177 4.71311899999273
3 269.0515616956908 277.37446606775177 0.1150154999922961
4 269.0515616956908 277.37446606775177 0.1003198000107659
5 252.55151225701644 252.88164007940912 0.07896020000043791
203
6 109.37181900493896 108.70582600628138 4.794791200009058
203
7 61.251744865472126 61.22442638886544 4.7568525000097
203
8 61.251744865472126 61.22442638886544 4.827507400012109
9 26.707517522138847 27.064890516923654 0.10933530000329483
203
10 24.163260000339612 23.381504353588117 4.753184700006386
203
11 10.304371326544878 8.986181517668747 4.760348099996918
203
12 10.304371326544878 8.986181517668747 4.800504800005001
13 5.071507923485431 4.429665025496777 0.08612649999849964
203
14 3.1132578594037934 2.4941286581657396 4.807059300001129
203
15 3.1132578594037934 2.4941286581657396 4.799436700006481
16 1.557860756933485 0.9247077295781485 0.08976989999064244
203
17 1.557860756933485 0.9247077295781485 4.770461299995077
18 1.1900862204597382 0.5589128320355233 0.10219240000878926
203
19 1.0128833387389382 0.40156240012405 4.82675819999713
203
20 0.9001038335015552 0.29828152522723655 4.8030876999982866
203
21 0.7653576031954609 0.15641089909913308 4.797453699997277
203
22 0.729241610489677 0.11917612209128135 5.805326800007606
203
23 0.729241610489677 0.11917612209128135 5.445756700006314
24 0.6699130851865579 0.06491945440676086 0.11153819999890402
203
25 0.6602610214153969 0.057483679513422516 4.787146899994696
203
26 0.6602610214153969 0.057483679513422516 4.76121840000269
27 0.6479204389772353 0.04597379992336423 0.11299899998994078
203
28 0.6424730898265582 0.04137860861302624 4.780902300000889
203
29 0.6414235092360626 0.04158808250763121 4.73540970000613
203
30 0.6414235092360626 0.04158808250763121 4.82231829999364
31 0.6308563780314825 0.03201917423252637 0.10806199999933597
203
32 0.6285424042128117 0.030431618793280008 4.8156118000042625
33 3.272699842425275
-------------------------------------------------END------------------------------------------------------
------------------------------------Reduced subspace LM---------------------------------------------------
422.8328816228191 445.2438238383652
0.9981455964243765 20
0 389.26982622377426 408.5149283909473 0.1978952999925241
0.9987363479166245 20
1 341.07960132752123 355.53282302424543 0.21795719998772256
0.9993803984291967 20
2 288.5737015736665 298.06165058889593 0.21311539999442175
0.9994102148000733 20
3 252.17364259548887 257.9448149529224 0.21555809999699704
0.9662205217744229 20
0.9999961059904718 80
4 245.83199761723495 251.2388084949798 1.7082687999936752
0.904333391497688 20
0.9999940198523044 80
5 242.7896388699172 247.137294105981 1.8139367999974638
0.9642165084665556 20
0.999995855045952 80
6 230.2763155515673 236.309317555319 1.4250863999914145
0.7219353484350539 20
0.9843494903334183 80
0.9957320908063113 140
7 165.0192156438057 169.7866913019536 3.3875071000074968
0.9287616580591045 20
0.9935422916967716 80
8 161.72139274899118 167.9869568065057 2.5413457000104245
0.9851093106828654 20
0.9996053601919954 80
9 141.953898679331 142.61103413114427 1.4027207999897655
0.9468884947185645 20
0.9997120185311943 80
10 24.435255607648113 23.163085920714035 1.3364851999940583
0.7425606938349839 20
0.9969430198110566 80
11 13.114537975247837 12.655380079100862 1.4931310999963898
0.7568230729313049 20
0.9985934903968819 80
12 10.551370318722512 9.897418613302255 1.501540400000522
0.9772115202110285 20
0.9999374241138115 80
13 7.421330374880999 6.728105414302583 1.361131599987857
0.9510642374281528 20
0.9999204781548962 80
14 4.756337604345319 4.1396401610712505 1.3248242999979993
0.9870429735083679 20
0.999970871280921 80
15 3.039228749696294 2.3621268427618998 1.3914791999995941
0.988556247849496 20
0.9999822933223693 80
16 2.5471267205782873 2.008551245971348 1.3892785999923944
0.9945615745113389 20
17 1.957912189636015 1.410367008234321 0.2130092000006698
0.20485090384018087 20
0.9999716194126521 80
18 1.6385473859124537 1.0847745180902426 1.5051349999994272
0.9409389715733375 20
0.9999807478804082 80
19 1.4601753893524536 0.9760662093006864 1.4097561999951722
0.9823877025931808 20
0.9999954323615099 80
20 1.2477007979630923 0.6884564181762162 1.376470800008974
0.976263888872962 20
0.9999799978740423 80
21 1.1638397870000485 0.6158813272003665 1.3907327000051737
0.9784604264650919 20
0.9999916646038863 80
22 1.1025947966924363 0.5463422202304729 1.3638178000110202
0.9517315458407473 20
0.9999808633430161 80
23 1.0304561244291122 0.4876889601282741 1.4599360000138404
0.9260396494691638 20
0.999989814536991 80
24 0.9956502548666789 0.4434055559421307 1.3632393000007141
0.9507288803636775 20
0.9999937631927632 80
25 0.935026864695454 0.3811999091573127 1.3697809000004781
0.8986056396988392 20
0.9999906145023508 80
26 0.9084540941742706 0.35266323969680957 1.394609799986938
0.936264736580025 20
0.9999941982311596 80
27 0.8740526614787028 0.3138879512066339 1.5096357000002172
0.8962911931886981 20
0.9999922220393881 80
28 0.8550173720958978 0.29280084168052345 1.3417341000022134
0.9293777121337052 20
0.9999943785364347 80
29 0.8340021262014045 0.26931387608743934 1.356312700008857
0.9389972946216927 20
0.9999959589191878 80
30 0.8206193225730063 0.25258481665947624 1.3659073000017088
0.9457417328661522 20
0.999996385535329 80
31 0.8057047621776092 0.23884630972279644 1.4656436999939615
0.9632111179360925 20
0.9999972122756782 80
32 0.7960593841236294 0.2238163192614308 2.9424463999894215
0.9593736312286909 20
0.999997228829394 80
33 0.784449761115041 0.21539754707183476 2.5118709999951534
0.973620284312822 20
0.9999970524050307 80
34 0.7759595713285048 0.19978872901687386 1.354578999991645
0.9685048491439086 20
0.9999978683621742 80
35 0.7669404338963799 0.1954779377354202 1.352767300006235
0.9785369959325996 20
0.9999974748851193 80
36 0.7598826128561814 0.18150091663016973 1.3666051999898627
0.9741617110920238 20
0.999998427583203 80
37 0.7523996746062227 0.1788243837473271 1.3687527000001865
0.9807586596047553 20
0.9999979573017327 80
38 0.7463564448069149 0.16642388695607488 1.5210358999902382
0.975915832515182 20
0.9999984967943134 80
39 0.7401358638008432 0.1658083396095544 1.399215400000685
0.9821903142437599 20
0.9999983575405473 80
40 0.7348688337334446 0.15377895473060246 1.3499898000009125
0.9767720829883828 20
0.9999982799072458 80
41 0.729686744929212 0.15466073294864516 1.4709872999956133
0.9834052008409134 20
0.9999978968921656 80
42 0.7251767342751915 0.14442332758536702 1.4150629000068875
43 1.4153557232541145
-------------------------------------------------END------------------------------------------------------
23
-------------------------------------------Classical LM---------------------------------------------------
397.6714908457862 419.7765153363649
0 271.1802449427018 274.5089078711069 2.724504199999501
1 271.1802449427018 274.5089078711069 2.7095207999955164
2 210.24670997828943 210.16919776158892 2.8100813000055496
3 210.24670997828943 210.16919776158892 2.74553119999473
4 175.99136722427 174.3686722495652 2.7628727999981493
5 175.99136722427 174.3686722495652 2.6645667999982834
6 175.99136722427 174.3686722495652 2.7710044999985257
7 67.26656438869617 67.74322674459815 2.8979704000084894
8 67.26656438869617 67.74322674459815 2.788352699993993
9 30.271427301191935 28.479011502071476 2.7892588999966392
10 18.453795142168236 17.802164326175948 2.7345188000035705
11 18.453795142168236 17.802164326175948 2.777102099993499
12 7.359645381293187 6.229505419210442 2.778217599989148
13 4.5883824218367595 3.518781883086652 2.727575999990222
14 3.280051929715041 2.431628595414894 2.7492677999980515
15 2.755525662362749 1.9740755792956668 2.745509899992612
16 2.755525662362749 1.9740755792956668 2.709056399995461
17 2.327766095178644 1.6203412180187238 2.8141164999979082
18 2.327766095178644 1.6203412180187238 2.712840199994389
19 1.8970851530669977 1.2019020063148855 2.7913971999951173
20 1.8970851530669977 1.2019020063148855 4.306063700001687
21 1.60251962240926 0.912587091104268 3.743241299991496
22 1.550474369580892 0.9042467502103325 2.746452000006684
23 1.4876480290368534 0.8897243078882147 4.312189899996156
24 1.3111317020203663 0.7046042294817971 2.722184999991441
25 1.3111317020203663 0.7046042294817971 2.7017104999977164
26 1.3111317020203663 0.7046042294817971 2.799129399994854
27 1.1462589891226465 0.546212043557383 3.0341221999988193
28 1.1456620104231496 0.552335811377298 2.766224900013185
29 1.1456620104231496 0.552335811377298 2.7534987999970326
30 1.0902515954915828 0.5012957081609619 2.79726859999937
31 1.0754500475498856 0.49097709296744557 2.685153500002343
32 1.0754500475498856 0.49097709296744557 2.715838799995254
33 1.0471724144252528 0.46448898315498005 2.790581799999927
34 1.028556722594981 0.4483321278374077 4.264835299996776
35 1.0218364694344084 0.44441358773426864 2.6874485000007553
36 1.0218364694344084 0.44441358773426864 4.471778399994946
37 0.9714881115357002 0.3934284572883177 4.2072696999966865
38 0.9517958404264406 0.3746969424398019 2.745024200004991
39 0.9377036634742588 0.36142064680837604 2.6895003999961773
40 0.9377036634742588 0.36142064680837604 2.746939399992698
41 0.8987497405464037 0.3218938958440284 2.850210899996455
42 0.88116227220578 0.3043880910805296 2.711487799999304
43 0.8623295845683966 0.2837595387575071 2.7200411000085296
44 0.8406216370625074 0.2572803174251804 2.6765233999904012
45 0.8178531073022507 0.22785853699562517 2.634913999994751
46 0.8178531073022507 0.22785853699562517 2.7152200999989873
47 0.7690629946432312 0.1778889397089285 2.8118527000042377
48 0.7690629946432312 0.1778889397089285 2.738216099998681
49 0.7584972209223335 0.16646490803982636 2.7565497000032337
50 0.7516628087214507 0.1581380583831204 3.701022799999919
51 0.7516628087214507 0.1581380583831204 3.1725375999958487
52 0.7426609774981116 0.14880722649433842 2.7707366999966325
53 0.7365300933058558 0.14183589147569503 2.7029449999972712
54 0.7365300933058558 0.14183589147569503 2.688610199998948
55 0.7291252723236994 0.13522838288593636 2.8268113999947673
56 0.7235632542092891 0.12910695659269888 2.6740494000114268
57 0.7235632542092891 0.12910695659269888 2.709188799999538
58 0.7176440630483949 0.12431891332761728 2.758522600008291
59 0.7141367093241309 0.12073107765742978 2.7121925999963423
60 2.920355921665032
-------------------------------------------------END------------------------------------------------------
-------------------------------------------Krylov LM---------------------------------------------------
397.6714908457862 419.7765153363649
203
0 271.3226554433068 274.6809743179568 4.708229799987748
203
1 241.88976949242576 243.9089688861795 4.790387800007011
203
2 241.88976949242576 243.9089688861795 4.7243041999900015
3 240.58090375310084 238.1632225524282 0.09358060000522528
203
4 240.58090375310084 238.1632225524282 4.780704900011187
5 240.58090375310084 238.1632225524282 0.08231359999626875
6 209.38487253083275 214.3479710134409 0.07892820000415668
203
7 83.92390355741058 81.05105559540462 6.697032800002489
203
8 83.92390355741058 81.05105559540462 4.724900199988042
9 51.24787571765182 53.441393794630336 0.11555919999955222
203
10 51.24787571765182 53.441393794630336 7.014657199993962
11 49.075216346835866 47.29024226571321 0.12007030000677332
203
12 21.21441269966451 20.09347857106212 4.81986770000367
203
13 21.21441269966451 20.09347857106212 7.212902799990843
14 10.144552759956163 10.09762721495201 0.11667319999833126
203
15 10.144552759956163 10.09762721495201 4.779143399995519
16 3.4634609212251375 2.974583836390933 0.09942270000465214
203
17 3.4634609212251375 2.974583836390933 6.712648700005957
18 1.8655007143546016 1.2352459363387536 0.11487269999634009
203
19 1.702612806486441 1.1422635480684518 4.776750399993034
203
20 1.393521360778136 0.771496425634771 4.827650699997321
203
21 1.3271080561981417 0.7271007412507795 5.101332999998704
203
22 1.3271080561981417 0.7271007412507795 5.796277899993584
23 1.0191036671845715 0.4077675282014922 0.0827863000013167
203
24 1.0191036671845715 0.4077675282014922 4.88353379999171
25 0.8457064330242637 0.24743027648607788 0.09707970000454225
203
26 0.8242710179793766 0.2214026141806688 4.7665194000001065
203
27 0.8242710179793766 0.2214026141806688 4.779919900000095
28 0.785036319814223 0.18670548545877722 0.090382900001714
203
29 0.7666020707100545 0.1672211862290742 4.75774879999517
203
30 0.7666020707100545 0.1672211862290742 4.759603700003936
31 0.7506488730333558 0.15335190423546677 0.10090439999476075
203
32 0.7392236605943301 0.1413983925406277 4.756600000007893
203
33 0.7392236605943301 0.1413983925406277 4.762868799996795
34 0.7300294055634914 0.13248418404531653 0.09917860000859946
203
35 0.7218721463890149 0.12371937609297701 4.7773539000045275
203
36 0.7146623597622962 0.11507276277960306 4.664367399993353
203
37 0.7146623597622962 0.11507276277960306 4.7930925999971805
38 0.7025192422089639 0.10346140261513577 0.0732002000004286
203
39 0.6958617334048789 0.09595617318578366 4.852658999996493
203
40 0.6893669797342518 0.08823663992263774 4.8176917000091635
203
41 0.6857595152059941 0.08379535764547104 4.672053499991307
42 3.449422776189749
-------------------------------------------------END------------------------------------------------------
------------------------------------Reduced subspace LM---------------------------------------------------
397.6714908457862 419.7765153363649
0.9986118342502848 20
0 369.02450493790184 387.0889200282725 0.21194929999182932
0.9987061096603232 20
1 327.97718525094695 340.5239786147749 0.21821120000095107
0.9987692658163458 20
2 282.98863556988016 290.7196910831796 0.21280490000208374
0.9988086775476082 20
3 250.91639556703194 255.9629720252996 0.46362609999778215
0.9873652959478366 20
0.9999996163733902 80
4 250.56281125351362 254.9585412864072 1.7331546999921557
0.9382407393239953 20
0.9999883135818359 80
5 248.8992561676083 254.54777808515237 3.6776217000006
0.9222689970577617 20
0.9999429047418731 80
6 242.88432889907247 247.67855388959376 1.8184842000046046
0.9593838174765004 20
0.999941689354909 80
7 228.80196889556805 232.56106061365114 1.6501392000063788
0.9568073977720584 20
0.9998816163958324 80
8 217.80368781404007 220.72393838972815 1.4161993000016082
0.8695966044631114 20
0.9988493737892445 80
9 148.38801532730022 141.71178960421946 1.4151287999993656
0.8871681494134928 20
0.9990332565710711 80
10 97.48893543823662 97.54072694554424 1.380799599995953
0.9254095786939662 20
0.999711902430978 80
11 41.600931731057436 40.88634650915819 1.4952750999946147
0.9754080558917033 20
0.9998901843863058 80
12 22.43018423171636 22.167755663511553 2.88059329999669
0.9786067358924097 20
0.9998707153747431 80
13 13.548236048013456 12.70428007187439 2.837359600001946
0.9962499030564347 20
14 6.237111977834485 5.174501867151203 0.19554889999562874
0.6081675486006138 20
0.9999675329959095 80
15 5.316028479253763 4.521771896542737 1.387610699996003
0.9974785284858166 20
16 3.5888459099404324 2.6866026107906715 0.20014349999837577
0.2663654220750414 20
0.9999835623691657 80
17 3.303495431492463 2.574659070366544 1.3562925000005635
0.9886394889023151 20
0.9999977738895074 80
18 2.614998349305615 1.9571211795488996 1.4244347999920137
0.9949084358121325 20
19 2.2284349581264284 1.4867755884379665 0.22301909999805503
0.11025944050993428 20
0.9999739125716802 80
20 2.0718330811004497 1.4192515519133693 3.0946288000122877
0.9980463896693672 20
21 1.6828304655302775 1.0510861569464527 0.2045221999869682
0.07466644898324355 20
0.9999355223685394 80
22 1.5596024820388101 0.9569431085972064 3.009544400003506
0.9832447147604854 20
0.9999947301929651 80
23 1.3525071899121623 0.714217995348557 1.361242900005891
0.9878359759787262 20
0.9999912317040816 80
24 1.2166636764217935 0.6231174150291374 1.3671959999919636
0.9836760357664465 20
0.9999894859546135 80
25 1.0538135624408203 0.4563797551368656 1.366151300011552
0.9702441810361643 20
0.9999920967451316 80
26 0.9796270496903173 0.3791149092991358 1.373217400003341
0.9950707578902145 20
27 0.9607555274362487 0.3545178812496989 0.22195960000681225
0.00217236840840947 20
0.9991689283619661 80
28 0.9223534816083772 0.328895375717094 1.4963924000039697
0.9620567705415146 20
0.9999967944301166 80
29 0.8761748868734518 0.27653426915515084 1.3702444000082323
0.9919499313404675 20
30 0.8707698611064348 0.26977208043602385 0.22475339999073185
0.0003098528900071604 20
0.9887804375897774 80
0.9994099175446151 140
31 0.8208605444473862 0.2197717859248605 3.463064400013536
0.9951132882781094 20
32 0.810618988629046 0.21276216344268487 0.39803899999242276
0.0017021424546676993 20
0.9975776743490185 80
33 0.789232395551242 0.19767653797040072 1.3522483999986434
0.9511688416505418 20
0.999998399026073 80
34 0.7732922119874021 0.17695155131395143 1.4948349000042072
0.9807244375469286 20
0.9999991410762228 80
35 0.7616591165296425 0.16765656822537614 1.373846099988441
0.9885641453444235 20
0.9999988704121243 80
36 0.7503071814456634 0.15473102896471405 1.3262927000032505
0.978382657945557 20
0.9999926658314705 80
37 0.742245418942407 0.14875049892116687 2.9984216000011656
0.993925390279352 20
38 0.7404055561928373 0.14695803306934477 0.2172941000026185
39 1.3823664230768395
-------------------------------------------------END------------------------------------------------------
24
-------------------------------------------Classical LM---------------------------------------------------
404.64238030922024 428.1466372018084
0 404.64238030922024 428.1466372018084 6.549690500003635
1 331.354108407302 334.8183522973412 7.223942099997657
2 99.56530006316574 95.74904531271753 3.865987799988943
3 96.001125103921 92.63771697156719 7.173472900001798
4 96.001125103921 92.63771697156719 2.748770299993339
5 96.001125103921 92.63771697156719 2.7861521000013454
6 33.91074569427575 32.64145254651353 2.818218100001104
7 33.91074569427575 32.64145254651353 6.95565039999201
8 33.91074569427575 32.64145254651353 5.2823067999997875
9 16.300440665063473 15.569319140036741 4.346294299990404
10 8.01067593795641 7.164377010564771 4.760495000009541
11 8.01067593795641 7.164377010564771 4.509565400003339
12 4.43808784697929 3.637018395244292 5.575284400008968
13 3.218126380564893 2.3877380649065545 5.682858999993186
14 2.5262812301397184 1.9874845862439443 6.047227200004272
15 2.5262812301397184 1.9874845862439443 6.253974699997343
16 1.7867050602173034 1.1688220895989496 2.9934376000019256
17 1.6903712051977033 1.1147756892980325 3.4719730999931926
18 1.6903712051977033 1.1147756892980325 4.280772500002058
19 1.3036707510356782 0.7041389708569623 3.27778920000128
20 1.3036707510356782 0.7041389708569623 2.79228310000326
21 1.208567183362679 0.6270056765442631 2.9226317000138806
22 1.1179185858805314 0.5299955424891359 2.772208899987163
23 1.0894068876856526 0.4784514069886643 2.769291600008728
24 1.0148684389742 0.4052267958065621 3.273353099997621
25 1.0148684389742 0.4052267958065621 4.79081849999784
26 0.8232797238268115 0.2215953379583951 2.8186137000011513
27 0.8199612482151053 0.20202725656270787 2.9167965999949956
28 0.8020224373325774 0.1768554924751668 3.826022599998396
29 0.7637399078240021 0.15252624575322005 5.156693600001745
30 0.7637399078240021 0.15252624575322005 5.675575099987327
31 0.6563141359514246 0.057821199574826794 2.8200894000037806
32 0.6563141359514246 0.057821199574826794 3.5808825999993132
33 0.6492844472579608 0.05224536894033717 2.8224153999908594
34 0.6452227584467588 0.047974968218517815 2.7772511999937706
35 4.237679728570427
-------------------------------------------------END------------------------------------------------------
-------------------------------------------Krylov LM---------------------------------------------------
404.64238030922024 428.1466372018084
203
0 404.64238030922024 428.1466372018084 4.754347599999164
1 331.35410836332477 334.8183522567254 0.10121750000689644
203
2 99.70746966847506 95.87406887737664 4.824432900000829
203
3 99.70746966847506 95.87406887737664 4.854520399996545
4 99.70746966847506 95.87406887737664 0.08368609999888577
5 66.2106685905328 64.55674928196309 0.07509890000801533
203
6 65.63273678535275 66.79169628402698 7.261276800010819
203
7 49.20768834565787 48.06420431402302 4.9108761999959825
203
8 49.20768834565787 48.06420431402302 5.629995399998734
9 49.20768834565787 48.06420431402302 0.09913099999539554
10 35.11754473376018 35.819999264551306 0.10562360000039916
203
11 26.67161500696803 27.297578074577086 5.26751360000344
203
12 24.0277063761689 23.54911581646069 4.906579399990733
203
13 24.0277063761689 23.54911581646069 4.72916719999921
14 14.161711687986104 13.557686732390092 0.11378339999646414
203
15 7.024086119293152 5.865946462125314 4.798710000002757
203
16 7.024086119293152 5.865946462125314 4.788146999999299
17 4.312924322084653 3.8841500228186243 0.07789990000310354
203
18 1.6983243621360091 1.04021610290837 4.844866700004786
203
19 1.6983243621360091 1.04021610290837 4.789850599991041
20 1.4832483955541993 0.9102199907560728 0.10099149998859502
203
21 1.1588688624043515 0.5517842073141844 4.936645699999644
203
22 1.1588688624043515 0.5517842073141844 5.312309800006915
23 1.0575615347430005 0.4455338470442704 0.09624059998895973
203
24 0.8346840795075197 0.22160150653059252 4.846128100005444
203
25 0.7628715670373373 0.16366982419926268 4.774617899995064
203
26 0.7628715670373373 0.16366982419926268 4.795282999999472
27 0.7536601887731583 0.14595941992174175 0.11387960000138264
203
28 0.7051097095626935 0.10136611006080981 4.748339700003271
203
29 0.7051097095626935 0.10136611006080981 4.80402850000246
30 0.7015047731323096 0.10141713378733647 0.10037650000595022
31 3.2788891967741827
-------------------------------------------------END------------------------------------------------------
------------------------------------Reduced subspace LM---------------------------------------------------
404.64238030922024 428.1466372018084
0.9989053542055354 20
0 374.91403028882786 395.1059921401357 0.21706270000140648
0.9993103266385359 20
1 332.1642905051041 347.26032579495734 0.20335670000349637
0.9994088571474106 20
2 285.417488463254 294.81465862566944 0.2271290000062436
0.9988537027765371 20
3 250.94410846483046 257.04197501050163 0.21607029999722727
0.9723381228993093 20
0.9999995551516773 80
4 249.14532611741967 255.1999123060753 1.6603563000098802
0.9403662125919848 20
0.9999895605940646 80
5 249.14532611741967 255.1999123060753 1.6898220000002766
0.9403662125919848 20
0.9999895605940646 80
6 245.647769858124 251.35750028971128 1.8023002999980235
0.9751032072440956 20
0.9999855751858187 80
7 243.86693559070937 246.53411918466304 1.6503959999972722
0.9901454775349328 20
8 161.9980617980218 163.27472200568172 0.21628330000385176
0.9247463645363398 20
0.999921417329864 80
9 149.579034481196 151.9822554605418 1.6006900000065798
0.9601163258329433 20
0.999883275551159 80
10 106.47895432268066 105.88649385429919 2.779241099997307
0.9752001484284459 20
0.9999757676802322 80
11 85.76153313215839 88.5590721611185 1.4590068999968935
0.986484078465171 20
0.9999951659053579 80
12 48.85814333923114 49.74601470308888 1.371473600011086
0.9727475598319716 20
0.999995486015863 80
13 15.913275598293863 15.68688422060395 1.501607400001376
0.9863525960385349 20
0.9999978099192798 80
14 7.218997904782626 6.75840389491102 1.594411800004309
0.9921840179416391 20
15 3.1710110966998646 2.419130161243524 0.2058794000040507
0.47083109779436955 20
0.9999971792451574 80
16 2.00686390448982 1.3340411430732828 1.4691966000100365
0.9287409716538889 20
0.9999983977461923 80
17 1.4780191445189539 0.8348934849732869 1.4035390000062762
0.9918514706475214 20
18 1.21014763109356 0.5412554520845952 0.21884729999874253
0.009398541935296491 20
0.9999306398255257 80
19 0.9872954248055401 0.34997493623677095 1.4483068999979878
0.96141136081062 20
0.9999992524747081 80
20 0.9291262296168669 0.30419117877885615 1.351545100013027
0.9566175116545897 20
0.9999964563693295 80
21 0.7488867707641214 0.12630518489575576 1.3766329000063706
0.9899970263003769 20
0.9999985035660253 80
22 0.7121165056275085 0.08928347610229986 1.38083129998995
0.9942498184636815 20
23 0.7015212038011074 0.08204347131400665 0.2089889999915613
0.004560343230966711 20
0.9998903753150172 80
24 0.6905514883910624 0.06982451516180592 1.3120399000035832
0.9950569339166419 20
25 0.6839491353189019 0.06506237389662924 0.18382299999939278
0.0014489125602668207 20
0.9997442228935612 80
26 0.6739388632739549 0.056330452900209924 1.4619401000090875
0.9909721884271874 20
27 0.6730228211131034 0.05629975114105722 0.21440440000151284
5.075774596487434e-05 20
0.9980240729042714 80
28 0.6691623400755744 0.05655211319556685 1.3573569000000134
0.9832180584064398 20
0.999998632499889 80
29 0.6481481366572485 0.03783939873191332 1.3481203999981517
0.9970155365390841 20
30 0.6475505435321812 0.03770004777505606 0.19858349999412894
31 1.075136874195455
-------------------------------------------------END------------------------------------------------------
25
-------------------------------------------Classical LM---------------------------------------------------
413.13531723028126 435.2059904111699
0 413.13531723028126 435.2059904111699 4.106602700005169
1 210.78416759860002 210.40780238497808 2.832804899997427
2 210.78416759860002 210.40780238497808 3.0848483000008855
3 210.78416759860002 210.40780238497808 2.8067932999983896
4 119.6849702205955 120.17758089073405 2.8099635999969905
5 119.6849702205955 120.17758089073405 3.4535907999961637
6 31.517453001542005 31.58229245173192 2.7795437000022503
7 31.517453001542005 31.58229245173192 2.7646737999893958
8 15.70271757820375 16.049667326604748 2.787682500013034
9 9.261723057770599 9.247648958111888 2.7240690999897197
10 5.689277916931306 5.161583145507574 2.6481019999919226
11 5.689277916931306 5.161583145507574 3.8839478000008967
12 3.0121356725121253 2.3922635834897554 6.888898300006986
13 2.676124479088582 2.053250403385739 2.851461999991443
14 2.676124479088582 2.053250403385739 6.434890799995628
15 1.7583998969104544 1.1389430133488947 4.475768100004643
16 1.41695003201913 0.8082304720886939 2.7419198999996297
17 1.2808475526388345 0.7025340410903989 2.653172199992696
18 1.2808475526388345 0.7025340410903989 2.673963699999149
19 1.0822123096569267 0.5180655332368954 2.812548000001698
20 1.0822123096569267 0.5180655332368954 2.71781159999955
21 1.0128676515592685 0.44842686056784736 2.8367863000021316
22 0.9749771791468181 0.40899171132314316 2.781344799994258
23 0.8980132686688146 0.3156528157605751 2.724646999995457
24 0.797739552118151 0.21375578858659128 3.8276998000073945
25 0.7477198893622966 0.1627799549260039 2.709421499996097
26 0.7288232089297124 0.14066856518254078 4.153672600004938
27 0.7288232089297124 0.14066856518254078 2.7467036999878474
28 0.7111272763160725 0.12510449626984285 2.795274200005224
29 0.7035863997834886 0.11633473438072021 4.674804299997049
30 0.7035863997834886 0.11633473438072021 2.6672602000035113
31 0.6960957622450649 0.10899629253163977 2.8375224999908824
32 0.6903516229989258 0.10242324463543007 6.2533746999979485
33 0.6891108173942379 0.09996540024831777 2.7963868000078946
34 3.37464574999895
-------------------------------------------------END------------------------------------------------------
-------------------------------------------Krylov LM---------------------------------------------------
413.13531723028126 435.2059904111699
203
0 413.13531723028126 435.2059904111699 7.7708156000007875
1 210.7841675979632 210.4078024000147 0.12387239999952726
203
2 210.7841675979632 210.4078024000147 4.753911799998605
3 210.7841675979632 210.4078024000147 0.08588110000710003
4 119.68497056052938 120.17758116920467 0.066743299990776
203
5 119.68497056052938 120.17758116920467 4.733690699998988
6 31.51745283529202 31.582292249335957 0.0873103999911109
203
7 31.51745283529202 31.582292249335957 4.749807200001669
8 15.70271680126823 16.04966648254064 0.11395590000029188
203
9 9.261722900989632 9.24764876751245 4.74565710000752
203
10 5.689519971781671 5.161816840199106 4.726300100010121
203
11 5.689519971781671 5.161816840199106 4.765172500003246
12 3.01213166320943 2.3922546920840686 0.08396460000949446
203
13 2.675306422264185 2.0524806547277663 4.747197999997297
203
14 2.675306422264185 2.0524806547277663 4.758816900008242
15 1.7581595864750605 1.1386767118862098 0.10143530000641476
203
16 1.4168930402156144 0.8081778121518289 4.71755229998962
203
17 1.279905595346291 0.7016687629914473 4.788727699997253
203
18 1.279905595346291 0.7016687629914473 4.765635499992641
19 1.0823175874379138 0.5181166123591697 0.10063430000445805
203
20 1.0823175874379138 0.5181166123591697 4.791455700004008
21 1.0129825494539724 0.44845258838084645 0.1095115999924019
203
22 0.9752075403639677 0.40916469512413955 4.842195599994739
203
23 0.8983321616954341 0.3160385956451787 4.701187500002561
203
24 0.7982727496236823 0.21438631563757804 4.834686500005773
203
25 0.7479284419037402 0.16291769380453844 4.790047299989965
203
26 0.7279616754591313 0.1397055278044641 4.7651555000047665
203
27 0.7279616754591313 0.1397055278044641 4.743360400010715
28 0.7126837124151745 0.1260420241277606 0.07439849998627324
203
29 0.7049381621133431 0.11650171887300587 4.72847780000302
203
30 0.7049381621133431 0.11650171887300587 4.75661549999495
31 0.6975407516798331 0.1098318706711876 0.074833699996816
203
32 0.6919344679520545 0.10361462299384427 6.6213690000004135
203
33 0.6904706308931094 0.1012959020295991 4.920516900005168
34 3.398261594117845
-------------------------------------------------END------------------------------------------------------
------------------------------------Reduced subspace LM---------------------------------------------------
413.13531723028126 435.2059904111699
0.9987901222356421 20
0 381.59524785141826 400.82922524660404 0.47370740000042133
0.9991065314924249 20
1 335.9596978498784 350.6858496648175 0.3432735000096727
0.9993690781177995 20
2 285.8093543987028 293.4127249787931 0.2273291000019526
0.9990274006669662 20
3 249.85959996197624 255.68735162490862 0.21294750001106877
0.9870673304954999 20
0.9999995637686488 80
4 243.32518416568496 248.06892772528397 2.6919338000006974
0.9656517781011411 20
0.9999791191317221 80
5 241.92033353704176 240.76346952531074 1.9249083000031533
0.4188636138557431 20
0.9594245481092889 80
0.9898042638831629 140
0.9955480815198283 200
6 97.63553678156869 95.06262862464683 7.28721239999868
0.4706716312314584 20
0.947515113778109 80
0.9813755746253006 140
0.9912663691323419 200
7 76.05569821197594 73.42601257368472 7.292601399996784
0.5420493849451464 20
0.9798462435697022 80
0.992166954386122 140
8 57.22897645912455 54.120703634645494 4.392118699994171
0.7243627935887393 20
0.9984121224106749 80
9 54.08244663744353 52.112343525836096 2.3000561999942875
0.9466287262787519 20
0.9996228199643717 80
10 36.91742084659168 35.414641575312395 1.3574488000012934
0.9429151312309076 20
0.9999684914889216 80
11 12.58730461535937 11.77932481219092 1.4596358000126202
0.8442091259979853 20
0.9999497130074486 80
12 11.03249694054815 10.215911849336262 1.4744777000014437
0.9834056511671788 20
0.9999829341139567 80
13 5.690233314221585 4.736509610854758 2.5549536000035005
0.9436677139398596 20
0.9999883654080011 80
14 4.652902727392952 3.7420675791978644 1.4788960000005318
0.9612129501576805 20
0.9999780843249408 80
15 3.976121660096549 3.1248167235368824 1.4644660999911139
0.9664852238191761 20
0.9999797744004106 80
16 3.3334093330405454 2.596353647322845 1.4125690000073519
0.9694593637695903 20
0.9999839173075232 80
17 2.8610369279232226 2.2328241462814193 1.390547200004221
0.9787306678923824 20
0.999996834512142 80
18 2.7579192558505077 2.1573564092236426 1.6395290999935241
0.9779675123705676 20
0.9999930941625723 80
19 2.646772567362232 2.055247970042001 2.0661903000000166
0.9703301665728152 20
0.9999809327505031 80
20 2.564310262976407 1.9936182957002706 1.9163127000065288
0.9659873795589597 20
0.9999907864730856 80
21 2.425800532198916 1.8620895045296166 1.3639365999988513
0.9796299429206267 20
0.9999833871960634 80
22 2.306778413892345 1.7297792299645771 1.350125900004059
0.9753230178701376 20
0.9999936627210443 80
23 2.081159165854881 1.5046557841953543 1.347002299997257
0.9870060652548173 20
0.9999939607475458 80
24 1.9854249266815138 1.4218833274559497 1.3710413000080734
0.9955014774535752 20
25 1.96352182743364 1.3895400159491493 0.2120705999986967
0.0005311678030703865 20
0.9925082621439693 80
26 1.8729528404509357 1.325299805199901 1.4148548000084702
0.9836570808330806 20
0.9999948465198365 80
27 1.8122859208323192 1.2552177100166027 1.3488852000009501
0.9888626999944848 20
0.9999932008059107 80
28 1.7094588444431142 1.1566316434162363 3.095753899993724
0.9854802499891877 20
0.9999957597010978 80
29 1.648495112778 1.1061728232818067 1.4323996000020998
0.97663429376039 20
0.9999906589359596 80
30 1.5665721433202926 1.0137464848114286 4.007764699999825
0.9781436527157132 20
0.9999953702179318 80
31 1.5216193637834916 0.9845716206219186 2.8475115000037476
0.9690278640114496 20
0.9999955575203313 80
32 1.4470291137442135 0.89780596528203 2.0801741000032052
0.949696898179964 20
0.9999933269943483 80
33 1.4164620463930442 0.8696151393785455 1.355518900003517
0.9424402801882402 20
0.9999957348379181 80
34 1.3371676800775498 0.790445330055642 1.358703300007619
0.9610858037014399 20
0.999988203934257 80
35 1.304456165708026 0.732241033214043 1.3721751999983098
0.9440324237765144 20
0.9999943751891567 80
36 1.2350543533626148 0.6782842160236789 1.3840344000054756
0.9692568707235427 20
0.9999928981486933 80
37 1.1924716986103154 0.5921142697450118 1.3780303000094136
0.9497447695408229 20
0.9999958258595167 80
38 1.1542021344172297 0.5744768319575947 1.364368900001864
0.9679562936935124 20
0.99999391273001 80
39 1.1192532090911194 0.5023456055784674 1.8523635000019567
0.9606205346200527 20
0.9999977904332609 80
40 1.0966229115472033 0.5002188802249415 2.2122135999961756
0.9778043430465445 20
0.99999362891225 80
41 1.0748862401578068 0.457230451594295 1.3606823000009172
0.9752020322874094 20
0.9999968241007141 80
42 1.0543684891543952 0.4501631345401361 1.507672799998545
0.9886674959809983 20
0.999996181661168 80
43 1.0401803257002986 0.42467577966875847 1.372801100005745
0.9861828652285232 20
0.9999960231751606 80
44 1.025890203421675 0.4184478484623389 1.3631773999950383
0.9944334329745794 20
45 1.0212333669882985 0.4130029516377764 0.46465209999587387
46 1.8604136717407054
-------------------------------------------------END------------------------------------------------------
26
-------------------------------------------Classical LM---------------------------------------------------
477.16386101092047 502.0123200887074
0 329.38867045605576 350.2789675540499 2.7122125000023516
1 329.38867045605576 350.2789675540499 6.99800310000137
2 329.38867045605576 350.2789675540499 8.20350150000013
3 170.97241536671254 175.28643382977543 3.5167149000044446
4 170.97241536671254 175.28643382977543 2.7659542999899713
5 54.48334554765758 53.49111436431657 2.8254569999990053
6 54.48334554765758 53.49111436431657 3.7321021999960067
7 32.6471556482247 33.191910866191535 2.8060203999921214
8 32.6471556482247 33.191910866191535 2.7120508999942103
9 24.137871579497627 24.46821127968075 5.92092189998948
10 13.683425013066106 13.36186096780538 6.229726300007314
11 13.683425013066106 13.36186096780538 5.56412859998818
12 8.21274993124814 7.755215212583316 2.8307640999992145
13 6.311798298345499 5.79251043198339 2.9715163000073517
14 6.311798298345499 5.79251043198339 4.458703800002695
15 3.733691566652806 2.9846386068515365 2.789306000006036
16 3.3163094240942197 2.6301916914181485 2.8479960999975447
17 3.3163094240942197 2.6301916914181485 3.3772714999940945
18 2.4297959775516347 1.7365048301915973 2.793001700003515
19 2.1653557739319877 1.5573617924765946 2.7437427999975625
20 1.8849431084589672 1.326592248879781 2.826898600003915
21 1.8849431084589672 1.326592248879781 3.228688500006683
22 1.591233060455961 1.0321562226782315 2.801087700005155
23 1.591233060455961 1.0321562226782315 3.1245492000016384
24 1.4754224595483723 0.9009092799351957 3.4748709999985294
25 1.3511573691829017 0.7714565559686102 2.707867899996927
26 1.3511573691829017 0.7714565559686102 2.7501783999905456
27 1.246862834089926 0.6543684411064702 2.787189499998931
28 1.1712015920904129 0.5753122525475799 2.7053739999973914
29 1.1712015920904129 0.5753122525475799 2.7302867000107653
30 1.1128837338771798 0.5085054896214185 2.803405600003316
31 1.0651323876860341 0.4596780209556504 2.7172396999958437
32 1.0207057829952069 0.4162879544463699 2.7812650999985635
33 0.9079299211816542 0.30354467763460186 3.1220661999977892
34 0.9079299211816542 0.30354467763460186 2.705387399997562
35 0.8666064385416649 0.26117758870294433 2.8282435000000987
36 0.8526182541760009 0.2482725667691818 3.963435199999367
37 0.8365669999611659 0.23063514179686398 2.7513598000077764
38 0.7649327632858065 0.16120954240073726 6.759115199994994
39 0.7627608008603433 0.16736057168629856 2.7099817999987863
40 3.5269396724994295
-------------------------------------------------END------------------------------------------------------
-------------------------------------------Krylov LM---------------------------------------------------
477.16386101092047 502.0123200887074
203
0 329.51929124190633 350.48505024273936 4.7570261000073515
203
1 329.51929124190633 350.48505024273936 4.781087800001842
2 329.51929124190633 350.48505024273936 0.07456759999331553
3 170.04730363851027 174.4162829297009 0.09996849999879487
203
4 170.04730363851027 174.4162829297009 4.792363399988972
5 55.29078640278853 54.20981263220393 0.08523119999154005
203
6 55.29078640278853 54.20981263220393 4.796307299999171
7 32.79606101309551 33.531247668502054 0.11735489999409765
203
8 32.79606101309551 33.531247668502054 4.799515400009113
9 25.48635802963641 25.869583736827938 0.11035160000028554
203
10 14.445631188373664 14.196834828159503 4.85880570000154
203
11 14.445631188373664 14.196834828159503 5.82170600000245
12 7.477676536373245 7.083796854721739 0.0760735000076238
203
13 5.568003370718771 4.914485863823747 4.876048600010108
203
14 5.568003370718771 4.914485863823747 4.806052900006762
15 3.5319263012783857 2.7378814509766713 0.11706390000472311
203
16 3.0622416879965675 2.351913539326127 4.7500378000113415
203
17 3.0622416879965675 2.351913539326127 5.848714599997038
18 2.4447013872501464 1.7109067559729183 0.07496729999547824
203
19 2.249886086177576 1.6182922875691341 5.55706750000536
203
20 2.0824046586949403 1.528051663777751 4.841190399994957
203
21 1.7134278114649486 1.1412056082989406 4.799001299994416
203
22 1.7134278114649486 1.1412056082989406 4.759097999994992
23 1.2000544496082861 0.6193576977488565 0.07244119999813847
203
24 1.2000544496082861 0.6193576977488565 4.761895400006324
25 1.1066708981145483 0.512135129873257 0.11401720000139903
203
26 1.019305125094508 0.4068395801237398 4.702205299996422
203
27 1.019305125094508 0.4068395801237398 4.790721800003666
28 0.9423093813747367 0.33289881835568835 0.09956789998977911
203
29 0.9423093813747367 0.33289881835568835 4.7880597000039415
30 0.9029473072955975 0.29466330812856767 0.07734509999863803
203
31 0.8746596559754728 0.26943794808345295 4.7353549000108615
203
32 0.8501398856777518 0.24897801641924938 4.777584800001932
203
33 0.8055483466667687 0.20917646100671006 4.767139599993243
203
34 0.8055483466667687 0.20917646100671006 4.673438600002555
35 0.7555552747374225 0.1575551345335121 0.11481520000961609
203
36 0.7472040999765875 0.1498398316475438 4.784694600006333
203
37 0.7472040999765875 0.1498398316475438 4.7303026000008686
38 0.7357495802557431 0.13686278523793438 0.10257069999352098
203
39 0.7300190656180475 0.13078813135933737 4.747567099999287
203
40 0.72646544125414 0.12669980899108932 4.75569770000584
41 3.248659041464235
-------------------------------------------------END------------------------------------------------------
------------------------------------Reduced subspace LM---------------------------------------------------
477.16386101092047 502.0123200887074
0.997354386708114 20
0 434.8423411770742 457.40973982022666 0.20549639999808278
0.9979819756315204 20
1 373.35363411220237 392.14898169932326 0.22107660000619944
0.9988524678939094 20
2 305.7291094261271 318.13937147924094 0.2176195999927586
0.9994921270512608 20
3 258.66943444924544 265.5665374909325 0.20197039999766275
0.9961897842476284 20
4 232.2742698732107 239.35153847950917 0.3047705000062706
0.973659369437915 20
0.9999988382843159 80
5 220.39042960735242 226.49028294359505 1.6212938999960897
0.9433004907760095 20
0.9999542559050215 80
6 217.85183921875935 221.03814730275312 1.7277253000065684
0.9954848043180731 20
7 143.98821905336348 146.39813774480146 0.20429300000250805
0.9329189802626906 20
0.9997912479654139 80
8 108.84060538755273 110.73248613934132 1.6432362999912584
0.9643165180632937 20
0.9999276912139293 80
9 84.01789412839828 84.95776706991758 1.536620300001232
0.989445906658909 20
0.9999869301960187 80
10 47.72824983868898 47.44854201564055 3.1822705999948084
0.9929137434240726 20
11 16.678021352909592 14.937044152466594 0.19736610000836663
0.9444148462043066 20
0.9999990499821619 80
12 12.45169454543537 11.546733093126992 2.437428799996269
0.9933014913568693 20
13 6.881058478355187 5.6477707164690365 0.18542589999560732
0.7409685754777469 20
0.9999991601244419 80
14 5.302339794176388 4.169769109342463 1.636534200006281
0.9654353884674484 20
0.9999996843186648 80
15 4.3211239132258 3.2776774565928335 1.5738072999956785
0.98741467954065 20
0.9999995038084911 80
16 4.1345526913417405 3.2340214564590157 1.5022895000001881
0.997921719561614 20
17 2.3182149909270198 1.4463737900341536 0.2131494999921415
0.12870414086365725 20
0.999991876553879 80
18 2.134168057459551 1.3594933488884218 2.0441439999995055
0.9870254283000395 20
0.9999992281705722 80
19 1.788859112662741 1.0606166545047535 1.487468399995123
0.9895705699259973 20
0.9999994723793223 80
20 1.4955594621092987 0.8376752561033373 1.380264499995974
0.9675301245598059 20
0.9999988669925338 80
21 0.9380261830182378 0.308548264238868 1.438478900003247
0.9907959486412943 20
22 0.8771491396953527 0.24444769582307793 0.22207110001181718
0.0021117530287997465 20
0.9996814890683737 80
23 0.8234950875162816 0.20656843550414714 1.4625572000077227
0.9908216194644995 20
24 0.8084776629550559 0.19133314219004932 0.22035529999993742
0.004222500387466162 20
0.9999084437296627 80
25 0.7875850548872316 0.17697002896641856 1.4008684000000358
0.9882714658064328 20
0.9999993719981234 80
26 0.7556867146414418 0.15127660986728922 2.8295565000007628
0.9873774551765181 20
0.9999987735372885 80
27 0.7393047239676176 0.13733106031531925 2.7935667999990983
0.9917127720483645 20
28 0.733354381212126 0.1300865123004863 0.21442569998907857
0.00018364611421164647 20
0.998467803557719 80
29 0.7209313040800589 0.1193173024647414 1.530926300009014
0.9882562374901394 20
0.9999997005595378 80
30 0.7087146635287658 0.10790197654737792 1.373310399998445
0.97741873998993 20
0.999999526778515 80
31 0.6981456485049924 0.09792704974206592 1.330971799994586
0.9815004271051134 20
0.9999996883873906 80
32 0.6892239056019782 0.08870443019306076 1.3944199000106892
0.9607257720054063 20
0.999998193284262 80
33 0.6817413645169291 0.08248907747814489 1.4270047999889357
0.9792913368598376 20
0.999999705090608 80
34 0.6744382990676767 0.07385339797566644 1.4627910999988671
0.9490618549904698 20
0.9999990731113413 80
35 0.6687664982660768 0.06903934965121729 1.3760842999909073
0.9751578605196921 20
0.99999972258666 80
36 0.6635483970918965 0.06277594320117955 1.4082321000023512
0.9677513102097721 20
0.9999997044108936 80
37 0.6589066509576565 0.05810096128818377 2.7623004999913974
38 1.2729518999993543
-------------------------------------------------END------------------------------------------------------
27
-------------------------------------------Classical LM---------------------------------------------------
394.8485066994946 416.72927550807316
0 394.8485066994946 416.72927550807316 4.1288354999996955
1 254.4157508136251 260.38266849405056 2.760086299997056
2 254.4157508136251 260.38266849405056 5.566591000009794
3 254.4157508136251 260.38266849405056 4.498670899993158
4 167.61268636884301 164.760078351928 4.234945999996853
5 90.38494437152782 92.83926386795619 2.722987299988745
6 90.38494437152782 92.83926386795619 4.473768600000767
7 71.3221251408822 69.00169262971305 4.199475499990513
8 71.3221251408822 69.00169262971305 2.732379300010507
9 22.252623152383183 20.383848478227016 2.838987700000871
10 22.252623152383183 20.383848478227016 4.2287517999939155
11 16.997213668004676 16.616741285925556 5.1167830000049435
12 6.75696189124856 5.780523948351916 2.8299027999892132
13 4.413159624468938 3.617113455107258 2.814927200000966
14 3.5448012720461324 2.8341075521937213 2.694477299999562
15 3.5448012720461324 2.8341075521937213 2.7235980999976164
16 1.8687337795919863 1.1485029234011395 2.8088212000002386
17 1.8687337795919863 1.1485029234011395 2.7180837000050815
18 1.5738545598147837 0.8829027052738775 2.9273074999946402
19 1.4278467081709063 0.7878722595248215 2.7276735000050394
20 1.3428651524977613 0.7522412428071984 2.7371513999969466
21 1.3428651524977613 0.7522412428071984 2.670592200011015
22 1.0573436618718424 0.44150988390566864 2.7920916000002762
23 0.9767579347686529 0.3747295263394205 2.7302409000112675
24 0.9415559095270781 0.34695382557373367 2.7388442999945255
25 0.9415559095270781 0.34695382557373367 4.464044200009084
26 0.8037578778683064 0.20257041377811558 4.241238400005386
27 0.7873674110963073 0.18060983989291277 2.71096569999645
28 0.7781952943837017 0.17145676469277327 2.7452398000023095
29 0.7658105709142754 0.16636353949829197 2.7118052000005264
30 0.7658105709142754 0.16636353949829197 2.6822982000012416
31 0.6591766872034482 0.05756119467215574 2.83140129999083
32 0.6563680638574885 0.054147538884656725 2.7273021999862976
33 3.288796048484404
-------------------------------------------------END------------------------------------------------------
-------------------------------------------Krylov LM---------------------------------------------------
394.8485066994946 416.72927550807316
203
0 394.8485066994946 416.72927550807316 4.777183700003661
1 254.41575085388544 260.38266856744326 0.10915549998753704
203
2 254.41575085388544 260.38266856744326 4.773274799998035
3 254.41575085388544 260.38266856744326 0.10928669999702834
4 167.6126862607406 164.76007799404115 0.0703122999984771
203
5 90.38494465962455 92.83926145312157 5.964507600001525
203
6 90.38494465962455 92.83926145312157 5.137622100010049
7 71.3222386965916 69.00180096219532 0.10648519999813288
203
8 71.3222386965916 69.00180096219532 4.779929500000435
9 22.252668705586977 20.383890023480966 0.0902364000066882
203
10 22.252668705586977 20.383890023480966 4.7329398000001675
11 16.99729892850252 16.616831341404787 0.10735959999146871
203
12 6.756982712380214 5.780543987747175 4.753951600010623
203
13 4.413062952795068 3.617051991058549 6.5547665000049165
203
14 3.568693646186481 2.8614721894864017 4.7664199999999255
203
15 3.568693646186481 2.8614721894864017 8.071253700007219
16 1.8700091654787117 1.149728431956424 0.11305369999899995
203
17 1.8700091654787117 1.149728431956424 4.8055918000027305
18 1.573699472890013 0.8825493993929133 0.10306100000161678
203
19 1.4272665179474302 0.787107771661973 6.59745760000078
203
20 1.3383726005234493 0.7468598294841212 4.768657000007806
203
21 1.3383726005234493 0.7468598294841212 4.796367299990379
22 1.057500793698081 0.4418194066027825 0.08793979999609292
203
23 0.9765540952472931 0.3744648090898463 4.757673899992369
203
24 0.9308157977101049 0.33422772542873624 4.78544829999737
203
25 0.9308157977101049 0.33422772542873624 4.773921100000734
26 0.8043128425123492 0.20262975907866815 0.10678610000468325
203
27 0.7892271219010054 0.18191154083746758 4.743407700007083
203
28 0.7892271219010054 0.18191154083746758 4.786385799990967
29 0.7298342009808694 0.12770720992096557 0.08548009999503847
203
30 0.7119025014744204 0.10900855711172842 4.721386700010044
203
31 0.6977083173355499 0.09588006391943786 4.799979799994617
203
32 0.6950375263495437 0.09388681695679725 4.778467800002545
33 3.470174257576053
-------------------------------------------------END------------------------------------------------------
------------------------------------Reduced subspace LM---------------------------------------------------
394.8485066994946 416.72927550807316
0.9981065955525669 20
0 366.73280431720053 385.58211036322405 0.20387060000211932
0.9980155213072118 20
1 326.5857443700935 340.7918544105013 0.2158740000013495
0.9981311543392575 20
2 282.0599889537884 290.7763443790757 0.21625009999843314
0.9988011632429491 20
3 249.3339773650901 255.17495477011065 0.19705839999369346
0.9728178578330084 20
0.9999985516143366 80
4 224.4123989226662 218.2088139762202 1.4175923000002513
0.8481886559340245 20
0.9912668940829247 80
5 130.87051182772672 128.54896505780286 1.3718605999893043
0.7727850853203281 20
0.9930221756449291 80
6 99.99041944582339 99.23988855645433 1.6737564999930328
0.8882313968966782 20
0.9990492497243584 80
7 84.56580593233066 83.44972193469485 1.5808155999984592
0.9769238438400043 20
0.999901603427602 80
8 44.044602548265885 42.85741916308891 1.4497256000031484
0.9836867145097972 20
0.9999919714083093 80
9 16.7253457414477 15.814052187632795 1.9744355999864638
0.9881955280748183 20
0.9999935647459942 80
10 12.030683537476387 10.690607576848084 1.5120032999984687
0.9681776160223619 20
0.9999881343421994 80
11 11.738990737710404 11.214250558679248 1.9458998999907635
0.9937073991035325 20
12 3.4731980142271226 2.6454214534810143 0.5574839999899268
0.7035668307364727 20
0.9999908578168337 80
13 2.715121157663775 1.9572720676826951 1.4745457000099123
0.9794555878488141 20
0.9999975669861546 80
14 2.333435554138133 1.6117410110494355 3.126682300004177
0.9927462175347974 20
15 2.1640142470129042 1.4424804140890746 0.21212840000225697
0.01961348364091763 20
0.999889009583538 80
16 1.9357410226294265 1.2186733087555703 1.4654619000066305
0.9873319472132874 20
0.9999930072781805 80
17 1.7554627497875517 1.0514267226081422 1.4459903000097256
0.9679627294846642 20
0.9999789524957303 80
18 1.6443737476577123 0.9706105567030964 1.4355792999995174
0.9856741825350418 20
0.9999912073331989 80
19 1.5328694235763856 0.8630794728706328 1.5535210999951232
0.9469394083767908 20
0.9999926565521997 80
20 1.4359661864745308 0.7956451360864858 1.4025771000015084
0.9787399317587451 20
0.9999898108827646 80
21 1.3535636832922382 0.7017926958290243 1.5863160000008065
0.9386558257329504 20
0.9999945489818884 80
22 1.3255089812924639 0.7311676743276903 1.3705916000035359
0.9825830698675774 20
0.9999981162116617 80
23 1.2454543328792966 0.6438936184189421 1.4025990999944042
0.993137629647701 20
24 1.104834397238227 0.49889844618039814 0.22177830000873655
0.05989182609515361 20
0.9999381039723061 80
25 1.035676265749641 0.46080987794495926 1.3774524000036763
0.9830465521463185 20
0.999987837019127 80
26 0.948300217984735 0.3786486927207942 1.3462109999964014
0.9773457476456634 20
0.999996157070941 80
27 0.9185128049867637 0.3620271602055279 2.942593899992062
0.9764978535055879 20
0.9999894112932416 80
28 0.8745369336447391 0.3177018897128598 2.8183079000009457
0.9860056446280496 20
0.999997314982346 80
29 0.8470676415091315 0.28526613446776833 4.228484799998114
0.9661952794407818 20
0.9999946070849167 80
30 0.8251222761592004 0.2650605582642791 1.7148439000011422
0.9892818000583515 20
0.9999974906409359 80
31 0.8045351617569497 0.23764243121500228 1.3780458999972325
0.974203496600429 20
0.999997156579757 80
32 0.790022831376481 0.22307909991902847 1.4088044000091031
0.9887848527539693 20
0.999997670016263 80
33 0.7758105922175852 0.2034345883570872 1.3921246999962023
0.9854081496041022 20
0.9999978755048378 80
34 0.7652442562521881 0.19438108495305265 1.3696452000003774
0.9870863080172299 20
0.9999944613487811 80
35 0.7548582315881125 0.18032225411714628 1.370744999992894
0.9881839637445329 20
0.999997761821488 80
36 0.7462432462345662 0.17218751856214823 1.2942073000012897
0.9845143899938621 20
0.9999901339861338 80
37 0.7376245807481808 0.15972617894845714 1.4311632999888388
0.9854193010772992 20
0.9999985171559208 80
38 0.7306884558026188 0.1532497153847267 1.438616400002502
0.9816007541255167 20
0.9999928405728492 80
39 0.7238519497843547 0.14345146013023521 1.372859299997799
0.9720537516709385 20
0.9999960547129904 80
40 0.7189773792348026 0.14008641098709854 1.3619746000040323
41 1.4453775024381552
-------------------------------------------------END------------------------------------------------------
28
-------------------------------------------Classical LM---------------------------------------------------
437.8575166668152 459.5853693000768
0 437.8575166668152 459.5853693000768 2.735838699998567
1 334.4592819068625 329.01951757628694 2.773489100000006
2 334.4592819068625 329.01951757628694 2.6978327999968315
3 237.5765018161463 244.71400342535543 2.8317634999984875
4 215.7116068181499 219.40135056396858 2.7278876999916974
5 215.7116068181499 219.40135056396858 2.75559690000955
6 190.9470958324173 187.96114700370438 2.776574999996228
7 190.9470958324173 187.96114700370438 2.71065959999396
8 69.52358522689948 69.80081259765831 2.8702704000024823
9 69.52358522689948 69.80081259765831 2.6901421999937156
10 64.6140255729513 62.411620051395055 2.8228559999988647
11 32.044340821654494 31.669698602536695 2.7359852000081446
12 32.044340821654494 31.669698602536695 2.7367420000082348
13 24.349281437112943 23.661614453482347 2.77851780000492
14 18.481872672820028 18.125860230491767 2.7275206000049366
15 7.018340129294224 5.955498289446274 2.725910900000599
16 7.018340129294224 5.955498289446274 2.6881489000079455
17 2.935596493808795 2.3294686770756083 3.850716899993131
18 1.7668835784812313 1.1727228093994664 3.767797200009227
19 1.7668835784812313 1.1727228093994664 4.172067099993001
20 1.1179702086465642 0.49265642887536515 2.7905519000050845
21 1.1179702086465642 0.49265642887536515 2.750615700002527
22 0.8852606413734404 0.27054159421257523 2.775966499990318
23 0.8470521603393343 0.2370275788444895 2.723470400000224
24 0.8470521603393343 0.2370275788444895 2.691342500009341
25 0.7734647229467567 0.1715704824382539 2.7809208999969997
26 0.7449407940375189 0.1468141542918692 2.7358136999973794
27 0.7221365335038419 0.12584113599576655 2.6395688000047812
28 0.6987296146842098 0.1021424968310174 2.7607056999986526
29 0.6987296146842098 0.1021424968310174 2.755796299999929
30 0.6710575705724413 0.0747592590184896 3.1613514999917243
31 0.6636173580149867 0.06669078113342192 2.806691599995247
32 0.6636173580149867 0.06669078113342192 2.8670865000021877
33 0.6545359579001135 0.05804095107093992 2.828103600011673
34 0.6502562411045456 0.05340272699568833 2.7970562999980757
35 2.8697531542861334
-------------------------------------------------END------------------------------------------------------
-------------------------------------------Krylov LM---------------------------------------------------
437.8575166668152 459.5853693000768
203
0 437.8575166668152 459.5853693000768 4.7841173999913735
1 334.4592825165564 329.0195177854144 0.0704484999878332
203
2 334.4592825165564 329.0195177854144 4.777757100004237
3 237.61632987100697 244.76047827289736 0.11112380000122357
203
4 216.08631659869613 219.84313465669928 4.858476399997016
203
5 216.08631659869613 219.84313465669928 4.803072100010468
6 193.00306551465997 190.150562203473 0.11018930000136606
203
7 193.00306551465997 190.150562203473 4.795873100010795
8 68.41453618777312 68.76100180514948 0.10830089999944903
203
9 68.41453618777312 68.76100180514948 4.8316976000060095
10 52.55272214395064 50.237494415943466 0.12880289999884553
203
11 32.44520007447714 32.17977354312969 5.900843199997325
203
12 32.44520007447714 32.17977354312969 5.003362900009961
13 14.392404094676703 12.9559079449023 0.11713299999246374
203
14 12.124627466643448 11.7603227922168 4.797493000005488
203
15 8.344959475442538 6.994636078943897 4.735478699993109
203
16 8.344959475442538 6.994636078943897 4.76929779999773
17 2.9529255593063457 2.2050254573316503 0.07178889999340754
203
18 2.9529255593063457 2.2050254573316503 4.773793699991074
19 1.3919619905755654 0.7445969004450941 0.08475140000518877
203
20 1.0284099545529075 0.4048866295639998 5.246822900007828
203
21 0.9940867943320271 0.3936341243257255 4.77267409999331
203
22 0.9518227962573783 0.36520511078698104 4.975755899999058
203
23 0.9518227962573783 0.36520511078698104 4.956388799997512
24 0.8462862936630683 0.24956686843304654 0.09623280000232626
203
25 0.7306310399826877 0.1402806112214597 4.784431700012647
203
26 0.7306310399826877 0.1402806112214597 4.961992700002156
27 0.6900234094180361 0.09644051189049455 0.10801070000161417
203
28 0.6900234094180361 0.09644051189049455 4.797572199997376
29 0.6758110587743899 0.08161032092161738 0.08455869999306742
203
30 0.6691886026123216 0.07556158186854381 5.5650244999997085
203
31 0.6684306241400323 0.07613390068911764 6.059962200000882
32 3.313850903125058
-------------------------------------------------END------------------------------------------------------
------------------------------------Reduced subspace LM---------------------------------------------------
437.8575166668152 459.5853693000768
0.9992370155710272 20
0 401.73586053748943 421.0296796932902 0.3158834000059869
0.9991944898919254 20
1 349.8883967930506 365.2036026951979 0.21714490000158548
0.9989658612266492 20
2 293.401994945999 303.7693789624498 0.19719859999895561
0.9989662845843853 20
3 254.03415908051812 260.15854539307475 0.21313249999366235
0.9804029622882225 20
0.9999998592212487 80
4 246.06147234725947 245.30123220065562 1.5512567999976454
0.8373892856199 20
0.9994349457730926 80
5 218.97136169294276 226.263200788913 1.343703499995172
0.7402245994146238 20
0.9911247188232756 80
6 132.55668018230648 129.5455945449322 1.8058389000070747
0.8956785226380407 20
0.996224597844897 80
7 56.95402096585887 52.69696931732826 1.4615051000000676
0.9526130617051062 20
0.9997678518871094 80
8 30.455965402652968 30.07787525339367 1.5000125999940792
0.9449210087065127 20
0.9997057999033542 80
9 9.395842795815025 8.23550189215607 1.4774579999939306
0.9697591822306785 20
0.99997027791394 80
10 5.637237600138549 4.651270847427753 1.4548783999925945
0.9922189949688054 20
11 4.376182797585907 3.50268081180815 0.21209269999235403
0.08603738595251478 20
0.9999269097304069 80
12 3.1105749919786994 2.3324472238043525 1.432034700002987
0.9283124495028988 20
0.9999858497268607 80
13 2.2825843026061725 1.543078889873178 1.4641829000029247
0.9661306313482413 20
0.9999969007972724 80
14 1.9147649856665516 1.3374365690789092 1.6403153999999631
0.9942572685332335 20
15 1.4492738183273668 0.8348843771939867 0.2196475999953691
0.009409826763786192 20
0.9992344166569889 80
16 1.3168304908632096 0.7519314353629635 2.0345736000017496
0.9906312061087506 20
17 1.1424861208153085 0.5271127692201726 0.22276080001029186
0.07483771847141435 20
0.9999846830517699 80
18 1.1087780976479387 0.4984268291148327 1.3843868999974802
0.9672890207241653 20
0.9999923867534619 80
19 0.9633207408815601 0.36130287596686084 1.459509500011336
0.9628858820579792 20
0.9999906993264877 80
20 0.8781291142368067 0.273661939046508 1.4672131999977864
0.9890878983189987 20
0.999999026104886 80
21 0.8404648116608864 0.23645941150298205 1.4826848000084283
0.993952389592583 20
22 0.7984643894515336 0.1967810428050063 0.1956408999976702
0.0006843191076588777 20
0.9923082841230092 80
23 0.7902833784581462 0.19347668687710284 1.8747732999909203
0.9880011449587291 20
0.9999992837774098 80
24 0.7555217821958148 0.16078208911696404 2.333181499998318
0.9766490891625396 20
0.999998057829346 80
25 0.7377076001617002 0.14665396788300453 1.3242859000019962
0.9865619010241307 20
0.9999995040421041 80
26 0.7052342527217847 0.10588790325535911 1.3790818999987096
0.9933048980882542 20
27 0.7023360322785862 0.10246980016491579 0.2106774999992922
0.00037147693451065227 20
0.9964796113279311 80
28 0.6960616040352081 0.10534007806281746 1.3502815999963786
0.9886256082281284 20
0.9999868820994232 80
29 0.688468022587144 0.09083164979164188 1.377164499994251
0.9824894284929578 20
0.9999964374230843 80
30 0.6826963138500826 0.0913863952883749 1.3703379999933532
0.9851599082630562 20
0.9999951916571594 80
31 0.6799709253095588 0.08447767082917912 1.3869933000096353
32 1.167494787499436
-------------------------------------------------END------------------------------------------------------
29
-------------------------------------------Classical LM---------------------------------------------------
381.1182707131151 397.24671467459467
0 345.436902299144 359.486568394296 2.7234135000035167
1 345.436902299144 359.486568394296 2.984542500009411
2 292.7696538130024 303.72249447366585 2.9348977000045124
3 206.16244774753537 209.24570265096713 2.7651323000027332
4 206.16244774753537 209.24570265096713 2.764380799999344
5 206.16244774753537 209.24570265096713 2.854490199999418
6 206.16244774753537 209.24570265096713 2.78848219999054
7 67.99246260421687 69.58805758897498 2.792905800000881
8 67.99246260421687 69.58805758897498 2.7285563000041293
9 46.517147124004225 47.83951998356075 2.8245047999953385
10 34.48424775296876 35.51562528457563 2.677916400003596
11 34.48424775296876 35.51562528457563 2.7675247000006493
12 17.786316966166616 17.574708430301467 2.7912100999965332
13 7.415004653152077 6.69066446037008 2.727160800001002
14 6.013409133066231 5.172078068476014 3.1419296999956714
15 6.013409133066231 5.172078068476014 3.3078277000022354
16 3.429570096494892 2.60487875263866 5.671207099992898
17 3.429570096494892 2.60487875263866 7.254152900000918
18 2.4302921106662327 1.6499473757184187 3.991836899993359
19 2.023748576006401 1.2644957794863139 3.9769922999985283
20 2.023748576006401 1.2644957794863139 6.31627579999622
21 1.8190493699491794 1.098996582931345 4.207525899997563
22 1.5619511316630539 0.8542001981333386 2.8258158000098774
23 1.5619511316630539 0.8542001981333386 3.020753800010425
24 1.4657454913971344 0.7744938913395735 2.7850717999972403
25 1.3380333724421944 0.6530564486858798 2.748823899994022
26 1.3380333724421944 0.6530564486858798 3.2440539999952307
27 1.2847735047112032 0.6112370998055509 2.790481700008968
28 1.2199504444273677 0.5532128012386547 2.77185869999812
29 1.1755395362402665 0.5322789551509861 2.7676211999933003
30 1.083526471963649 0.45212392571572846 2.819970700002159
31 1.083526471963649 0.45212392571572846 3.956772199991974
32 0.9973883564611687 0.38747920203480923 2.929775199998403
33 0.9435420475885816 0.3332504128778089 2.7967522000108147
34 0.9435420475885816 0.3332504128778089 3.280989100006991
35 0.91477381817273 0.31102566009764737 2.809090800001286
36 0.8772570410742546 0.2728085413549947 6.382400299989968
37 0.8772570410742546 0.2728085413549947 2.732637299995986
38 0.8603160764922031 0.2578903314847085 2.7948810999951093
39 0.8388325168651479 0.23694473360312415 5.010275799999363
40 0.8191638926158508 0.2223059417601634 2.7656791000044905
41 0.7970876032998856 0.20491604007851777 5.7433405999909155
42 0.7970876032998856 0.20491604007851777 2.7199493999942206
43 0.7625712211717388 0.16878136586715886 2.815897299995413
44 0.7478467388961466 0.15529352425278076 2.7267514999984996
45 0.7303582068527694 0.13715736246597152 2.743145300002652
46 0.7303582068527694 0.13715736246597152 2.7365076999994926
47 0.7134559102632418 0.11918128644115045 2.826532299994142
48 0.7052929909227702 0.11121684978315392 2.7132955999986734
49 0.7052929909227702 0.11121684978315392 2.6775990999885835
50 0.6952668858179896 0.10039845068708494 2.8224583999981405
51 0.6904610920720292 0.09574082749121075 2.699767799989786
52 3.297150309614293
-------------------------------------------------END------------------------------------------------------
-------------------------------------------Krylov LM---------------------------------------------------
381.1182707131151 397.24671467459467
203
0 345.45309146592433 359.50618794271713 4.737076200006413
203
1 345.45309146592433 359.50618794271713 4.687918100011302
2 241.98627995060002 252.85418465389913 0.11666099999274593
203
3 165.66746252895803 161.12979270770194 4.741445899999235
203
4 165.66746252895803 161.12979270770194 4.771214000007603
5 165.66746252895803 161.12979270770194 0.08532929999637417
6 88.12105081535594 90.1467810759247 0.09668560000136495
203
7 88.12105081535594 90.1467810759247 4.77802490000613
8 31.92223411257991 29.51815118514913 0.10265790000266861
203
9 31.92223411257991 29.51815118514913 6.741514900000766
10 31.92223411257991 29.51815118514913 0.11072620000049938
11 11.271108729582666 10.362369855059583 0.21015749999787658
203
12 6.656753478896807 5.464956563118705 6.292324399997597
203
13 4.333343919595506 3.536237384300457 7.798713399999542
203
14 3.77609818648632 2.8981950429392764 4.77987509999366
203
15 2.506746739333592 1.8961195459348774 7.18411049999122
203
16 2.3000403667256784 1.700827644549535 4.7326780000003055
203
17 2.3000403667256784 1.700827644549535 7.409239200002048
18 1.50902107820649 0.8546442905869176 0.12388800000189804
203
19 1.1932129822177604 0.5968158084989693 4.765778899993165
203
20 1.1932129822177604 0.5968158084989693 7.6416989999997895
21 0.8581141733687451 0.2448229547619352 0.11189059999014717
203
22 0.824518221289109 0.23532514533231738 4.756238300004043
203
23 0.7653445146495406 0.17974664351679726 7.202485499990871
203
24 0.7104208722163042 0.11459402949128199 4.771775300003355
203
25 0.6968198410467912 0.09808569006532156 7.356707999992068
203
26 0.695906491437677 0.09792564190108709 4.782860899998923
203
27 0.6691511536611016 0.06874664795598913 4.781185200001346
203
28 0.6559404543652024 0.05410207212877665 4.75049210000725
203
29 0.6506230716440905 0.048338040062394 4.777835899993079
203
30 0.6441699901565515 0.04149096986605876 4.887169800000265
203
31 0.6413851125721851 0.03936963274521952 5.686379399994621
32 4.242898093749318
-------------------------------------------------END------------------------------------------------------
------------------------------------Reduced subspace LM---------------------------------------------------
381.1182707131151 397.24671467459467
0.9972615957604478 20
0 354.85090033893306 368.2393155150051 0.20099260000279173
0.9977736649098402 20
1 317.25284019999475 327.1871432187839 0.22109389999241102
0.9977101054281308 20
2 276.7382173636325 284.58435086545455 0.24622049999015871
0.9952385391315882 20
3 244.89500845746937 251.70962903221258 0.3416826000029687
0.9414012336682606 20
0.9999984047062107 80
4 230.49120859356458 235.12761956348388 1.6374323000054574
0.931720228870477 20
0.9998030172798088 80
5 217.62199687582347 222.24225712059848 1.7899115000036545
0.9602611912559303 20
0.9999803489359133 80
6 187.98706626218575 187.24934335515852 1.6555764999939129
0.9865386558730511 20
0.9999957993007607 80
7 126.12751720803105 126.16600719786994 1.510822999989614
0.9954131632186201 20
8 68.72152318026198 65.92923188520395 0.5969121999951312
0.9370100078297555 20
0.999952472186367 80
9 42.931687351284374 40.30408949380208 1.5624804999970365
0.8993110629384343 20
0.9999759056038595 80
10 31.657676616368757 29.371081684458954 3.3870549999992363
0.9659561346730395 20
0.9999996160856207 80
11 25.033790291052476 23.585310783996153 1.5503281000128482
0.9863784832624258 20
0.9999998550880758 80
12 24.603586510973848 23.76301714691679 1.4017339999991236
0.9967870258764033 20
13 6.826642938144315 5.8996423012603625 0.21562550000089686
0.8789020314041716 20
0.9999997963701792 80
14 3.093525126744523 2.2497109897862364 1.6195632999879308
0.9811239281257524 20
0.9999998917168171 80
15 3.011704025298881 2.21605200618928 1.4653201999899466
0.9870953192654017 20
0.9999991752704435 80
16 1.5170164426797932 0.8859259907955218 1.41731499999878
0.9980082841148207 20
17 1.0336353671151235 0.42794060593183014 0.19888670000364073
0.24675183850209192 20
0.9999994300345298 80
18 1.0333382268176128 0.4045377805833274 2.152520400006324
0.9890306905282601 20
0.9999999079595606 80
19 0.9702468075896995 0.36622843180227016 1.6397231000009924
0.9987914483846267 20
20 0.8601547472737681 0.2505191563575119 0.39968790000420995
0.007671981414589566 20
0.9999790795995578 80
21 0.8535099543799711 0.24522535496167758 1.4651567000109935
0.9971119524648443 20
22 0.8194355009642182 0.21391265510406493 0.23504729999694973
0.004020492491872276 20
0.9999617087367962 80
23 0.7954855113616357 0.19314686082250776 2.535626600001706
0.9858380464132697 20
0.999999857380984 80
24 0.7667067943098916 0.17537882391729465 1.5903837999940151
0.9949854382966875 20
25 0.7622641003739048 0.16933659064240386 0.47745009999198373
0.0008561846299613417 20
0.9999212182174928 80
26 0.7516680522332692 0.148717925715214 1.3916822000028333
0.9963494266556522 20
27 0.745288014222072 0.1410438827233077 0.34862520000024233
0.0002999419598935677 20
0.9997110711899376 80
28 0.730072482059473 0.13453688704856565 1.3920446999982232
0.9958371980406177 20
29 0.7291294482634246 0.13321932697750755 0.21408589999191463
0.00036874511859424713 20
0.9997304633763242 80
30 0.7217328478886198 0.12182920812031595 1.3387207000050694
0.9897049135293187 20
0.9999999246547139 80
31 0.7129428656317001 0.11713660960147894 1.344136100000469
0.9967591869412322 20
32 0.7125273374397633 0.11623269240862974 0.19910230000095908
33 1.1437256484840128
-------------------------------------------------END------------------------------------------------------
30
-------------------------------------------Classical LM---------------------------------------------------
432.7255911545867 449.2560036340261
0 432.7255911545867 449.2560036340261 2.6914717000036035
1 281.31956643847695 289.60604316402555 2.8254087999957846
2 281.31956643847695 289.60604316402555 2.717041399999289
3 224.86109522016187 228.48359451428715 2.7980620000016643
4 63.0268142072823 62.55186891404698 2.675666800001636
5 63.0268142072823 62.55186891404698 2.713025799996103
6 63.0268142072823 62.55186891404698 2.905385000005481
7 34.45451561558939 33.555091545397126 2.7926718999951845
8 34.45451561558939 33.555091545397126 2.696998600004008
9 13.990732736394339 12.787725269542436 2.8109181999898283
10 13.990732736394339 12.787725269542436 2.7513991999876453
11 9.028922371616092 8.17551549003428 2.780685199992149
12 6.467056471591329 5.627556500527357 2.734915999986697
13 4.868357257633913 4.023440004295995 2.7283731999923475
14 3.5557366689363445 2.838211512982249 2.703466999999364
15 3.5557366689363445 2.838211512982249 2.740944799996214
16 2.548983802396261 1.8537405145339707 2.8517388999898685
17 2.548983802396261 1.8537405145339707 2.7088532999914605
18 2.048061145942519 1.4113638322468112 2.7858676000032574
19 1.7705254786313283 1.1691647846257143 2.7878499000071315
20 1.4629062862464588 0.892966123010766 2.7250774999993155
21 1.2717419070757012 0.6974636462292884 2.6194995999976527
22 1.2717419070757012 0.6974636462292884 2.688999899997725
23 1.005648834591993 0.4223009388904947 2.7801107999985106
24 0.9025064963220589 0.3101516414245058 2.7646838999935426
25 0.852231702540016 0.2517728969242681 2.719467100003385
26 0.852231702540016 0.2517728969242681 2.690777900003013
27 0.764849109355113 0.16705593802440746 2.7859610000014072
28 0.7415371982437805 0.1447397060815972 2.7035004000063054
29 0.7415371982437805 0.1447397060815972 2.694042300005094
30 0.7077655167249706 0.11155907583789522 2.779038299995591
31 0.693856486536523 0.09825516606877453 2.7067803999962052
32 0.6894750600695907 0.0924039244811963 2.744815199999721
33 2.7455605939374603
-------------------------------------------------END------------------------------------------------------
-------------------------------------------Krylov LM---------------------------------------------------
432.7255911545867 449.2560036340261
203
0 432.7255911545867 449.2560036340261 4.7603144999884535
1 281.31956643028474 289.6060432680725 0.112916199999745
203
2 281.31956643028474 289.6060432680725 4.822577800005092
3 224.86113649905604 228.48351599145988 0.08372120000422001
203
4 63.01205827691623 62.55085514691636 4.770465800000238
203
5 63.01205827691623 62.55085514691636 4.827138599997852
6 63.01205827691623 62.55085514691636 0.09650410000176635
7 34.706970733492824 33.83250851225477 0.10393010001280345
203
8 34.706970733492824 33.83250851225477 4.78596569999354
9 14.064374058027456 12.839085139998428 0.11146220000227913
203
10 14.064374058027456 12.839085139998428 4.7481904000014765
11 9.047926546065625 8.195888390107942 0.10292969999136403
203
12 6.47860439952529 5.644007002669286 5.8367746000003535
203
13 4.902324450637122 4.0591039054500335 4.825070899998536
203
14 3.5415064169641846 2.8099754311315777 4.7809817000088515
203
15 3.5415064169641846 2.8099754311315777 5.468236899992917
16 2.5600625983533916 1.8717943508439727 0.14566179999383166
203
17 2.5600625983533916 1.8717943508439727 5.871422899988829
18 2.0629689173445165 1.4249243793011193 0.08797709998907521
203
19 1.7837218825446726 1.185794754215685 4.807468999992125
203
20 1.4738569122564582 0.9051006291225537 4.740234900003998
203
21 1.2504262367758154 0.6841727299201003 5.152003600000171
203
22 1.115748639462514 0.525613946480569 4.802410899996175
203
23 1.115748639462514 0.525613946480569 4.674078999989433
24 0.8475912455983098 0.2554250299413322 0.11073470000701491
203
25 0.8341840493986928 0.23056733397510476 4.798883499999647
203
26 0.7787058266145326 0.1867151450294152 4.754095199998119
203
27 0.7787058266145326 0.1867151450294152 4.762935899998411
28 0.7115202191812002 0.12003885578780144 0.07308320001175161
203
29 0.7115202191812002 0.12003885578780144 4.7490069000050426
30 0.68958460858752 0.0942419087049693 0.09895039998809807
203
31 0.682867534212163 0.08687916743983248 4.821396900006221
203
32 0.6786693105957521 0.07542484733274085 4.78779050000594
33 3.3174338424234353
-------------------------------------------------END------------------------------------------------------
------------------------------------Reduced subspace LM---------------------------------------------------
432.7255911545867 449.2560036340261
0.9989588233915144 20
0 397.4986823712267 412.5460439216144 0.18734769998991396
0.999076111435928 20
1 347.1672569273441 360.34582861147624 0.22310840000864118
0.9993068255967916 20
2 291.9029477302998 302.65516657325384 0.22049590000824537
0.9992161964948076 20
3 252.64552502082898 258.7354338358472 0.18992589999106713
0.9497011379990256 20
0.9999993911190879 80
4 248.86231382411205 251.71986956988187 1.4247610000020359
0.9062340940588888 20
0.997371838932175 80
5 160.89959796754286 158.1530692581894 1.3559387999994215
0.9580026193437333 20
0.9994584542238699 80
6 138.12274274882344 144.73845009582783 1.4416238999983761
0.8602988509489256 20
0.9991351221698962 80
7 64.26821596372179 64.31668215454573 1.3617391000007046
0.9692057829107377 20
0.9998621283026299 80
8 23.140164968880743 22.62303519290393 1.4950024999998277
0.9411379986900135 20
0.9999530823758623 80
9 14.010632216708327 13.445643117566608 1.4660339999973075
0.9587527149753897 20
0.9999565459476811 80
10 8.608409476946425 8.242495066536245 1.5233559000043897
0.9916507846469659 20
11 5.90319407356991 5.267835649664678 0.22493090000352822
0.7244841192875235 20
0.999997376589257 80
12 4.7841699893126775 4.2564002835462205 1.551900199992815
0.9860919013459134 20
0.9999984419728638 80
13 3.7523429582837533 3.2293413922060292 1.4817754000105197
0.9885918095815623 20
0.9999982928705573 80
14 3.3773952594647834 2.817841904917872 1.6988071000087075
0.9934074806822939 20
15 2.960714496190184 2.3315247861106307 0.2753967000026023
0.06729931876513873 20
0.9998157105904577 80
16 2.7215748052755973 2.1013640789382078 1.546339699998498
0.9720941612448833 20
0.9999982157308248 80
17 2.6519456539079207 2.0244649794296254 1.458299399993848
0.9971842223955489 20
18 2.299699966890555 1.6853944958406568 0.19883360000676475
0.027348237523627767 20
0.9997665780091628 80
19 2.1012292045957293 1.470972925156852 1.5201920999970753
0.9950670689721746 20
20 2.039719737717588 1.4163168560796326 0.22358400000666734
0.0019067263271312423 20
0.9994618433208391 80
21 1.8774000297976208 1.2577324358176407 1.977327000000514
0.995151213161328 20
22 1.8390669722992266 1.230660268419265 0.19895089999772608
0.000994831700092029 20
0.9966867748640852 80
23 1.6969229444385736 1.085077170551077 1.486430900011328
0.9918469529413343 20
24 1.6820380034291127 1.0749922677320167 0.22948870000254828
0.0003955574875126176 20
0.994537275581522 80
25 1.5857419169780795 0.9867862013364477 1.558606200007489
0.9952489026086297 20
26 1.5622300199982337 0.960144687221392 0.19170060000033118
0.0004302795312203556 20
0.9962708604773353 80
27 1.4640929919943946 0.8549749186490186 1.3912495999975363
0.9900189943812129 20
28 1.456482393062049 0.8473719895122722 0.21390030000475235
0.0002251028295323128 20
0.9939059007214764 80
29 1.4556656957585448 0.8400056990510553 1.3552059999929043
0.9967315166163014 20
30 1.3832881655775895 0.7513385605226905 0.23075519999838434
0.0047389201739275934 20
0.9996834111015477 80
31 1.3722642810628713 0.7652322655777685 1.4062187999952585
0.9741982966078025 20
0.9999973134492737 80
32 1.3339533432168145 0.6754084877410446 1.5658859999966808
0.9690131425997762 20
0.9999885416024562 80
33 1.2692909516007054 0.6504228988948062 2.0158018999936758
0.9716996748577358 20
0.9999979784837202 80
34 1.2174452796440396 0.5593372503322014 1.3847931000054814
0.9715028664751375 20
0.9999919431312089 80
35 1.1581271033880143 0.5337550885934611 1.4551379999902565
0.9775309406231479 20
0.9999986974301962 80
36 1.1216725168006971 0.4686751028281806 1.4396944000036456
0.9839936521204519 20
0.9999977278299066 80
37 1.0820936274452302 0.4578383927933731 1.3925987999973586
0.9908620905989084 20
38 1.0698666706604818 0.4411124754312512 0.21554960000503343
0.0008870646727588149 20
0.9986000013769971 80
39 1.0540469054329984 0.4021224635494809 1.9864531000057468
0.9906572284336819 20
40 1.0475849879424735 0.3922975065392145 0.20151050000276882
0.0008437059291323859 20
0.9975555333201164 80
41 1.0292870533368998 0.4050640527786606 2.17369619999954
0.9933942837020162 20
42 1.0180023517827397 0.39137998136471197 0.4433654000022216
0.0009447909075151888 20
0.9984490898724049 80
43 1.0039632166994117 0.3542493327038204 2.0683330000028946
0.9912438354378966 20
44 0.9989843823889863 0.34901262956000767 0.2222817000001669
45 1.06387395777856
-------------------------------------------------END------------------------------------------------------
31
-------------------------------------------Classical LM---------------------------------------------------
457.23902157128975 481.12965656500813
0 225.90387803589596 223.4205032367895 10.411340900005598
1 225.90387803589596 223.4205032367895 2.9619438000008813
2 225.90387803589596 223.4205032367895 3.198687100004463
3 184.44580160751207 186.68766701772407 2.905394900000829
4 184.44580160751207 186.68766701772407 4.040053600001556
5 83.1153339402067 83.01018082722511 2.743554000000586
6 83.1153339402067 83.01018082722511 2.738133700004255
7 44.366906216247465 41.4707777566107 2.8234022999968147
8 44.366906216247465 41.4707777566107 2.777726000000257
9 21.213763110953725 21.542336279050684 2.7590053000021726
10 21.213763110953725 21.542336279050684 2.7050024999989546
11 10.771104738859286 9.649984450783794 2.8150978999983636
12 6.679160929267128 6.135694818647609 2.7288123999969685
13 4.21901276128292 3.434476730552465 2.7385164000006625
14 4.21901276128292 3.434476730552465 2.945786500000395
15 2.9729537001668613 2.2413257071015464 2.9567803000027197
16 2.5422305735982076 1.8543463230311918 2.9110105999934603
17 2.3374795499389633 1.7136213286044601 2.9559815999964485
18 2.3374795499389633 1.7136213286044601 2.933197599995765
19 1.8190718960294783 1.1998356007327013 2.962404999998398
20 1.771326445017049 1.136262907098196 2.9473746000003302
21 1.7540557827557341 1.0709705640197158 2.9225223000030383
22 1.7540557827557341 1.0709705640197158 3.5891193999996176
23 1.2825635470972943 0.6078519366054156 3.041999699998996
24 1.2773658475242242 0.6337765183821606 3.068672899993544
25 1.2773658475242242 0.6337765183821606 5.0814530000061495
26 1.10039934949615 0.4643125792106449 3.0113607999956002
27 1.10039934949615 0.4643125792106449 3.446301099997072
28 0.9758968785708705 0.34326000202394846 2.9498237000007066
29 0.9398088377403019 0.304212756084302 3.094017499999609
30 0.9398088377403019 0.304212756084302 3.9138171000086004
31 0.8791086660909108 0.2508069668642875 2.9168676999979652
32 0.8461080372323521 0.21210651814942139 2.922106799989706
33 0.834423877743344 0.20428713188523787 2.9733726999984356
34 0.8013646441799481 0.16681879948723607 4.546650200005388
35 0.8013646441799481 0.16681879948723607 4.371934399998281
36 0.7632198923422516 0.13495499024843371 2.9572183999989647
37 0.743680513256025 0.11709978022250084 4.552386399998795
38 0.743680513256025 0.11709978022250084 4.4480965999973705
39 0.7284229707495032 0.10632770677158203 2.984091099991929
40 0.7202936163458799 0.09923632625672249 5.080714600000647
41 0.7202936163458799 0.09923632625672249 4.3983693000045605
42 0.7103132173991484 0.09159870389270783 2.976350099997944
43 0.703922895226417 0.08631108452859376 3.221846000000369
44 0.6977715652599961 0.0813297944653963 3.0701229000114836
45 0.6977715652599961 0.0813297944653963 2.9661871999996947
46 0.6876294581620237 0.07320731516949294 2.9285686000075657
47 0.6822802908542697 0.06833737888788591 3.0207563000003574
48 0.6784682623395304 0.06507576051111781 3.0877624999993714
49 3.3979938020408498
-------------------------------------------------END------------------------------------------------------
-------------------------------------------Krylov LM---------------------------------------------------
457.23902157128975 481.12965656500813
203
0 225.90665913331267 223.4257198118908 6.586976099992171
203
1 225.90665913331267 223.4257198118908 6.130237699995632
2 225.90665913331267 223.4257198118908 0.10225079998781439
3 184.29288929268165 186.5446472186108 0.10815420000290032
203
4 184.29288929268165 186.5446472186108 5.433198600003379
5 83.18670722244298 83.11153260804853 0.08661189999838825
203
6 83.18670722244298 83.11153260804853 7.167130599991651
7 44.17597921394892 41.315229038735296 0.11540490000334103
203
8 44.17597921394892 41.315229038735296 7.621397499999148
9 21.24785335862677 21.54345086835442 0.07365099999879021
203
10 21.24785335862677 21.54345086835442 8.01787900000636
11 10.71348022125735 9.604759353522494 0.11204490000091027
203
12 6.694854869344946 6.136267589929836 7.623558400009642
203
13 4.155230787473416 3.38119256412318 7.452234399999725
203
14 4.155230787473416 3.38119256412318 7.907677999988664
15 2.966926401009054 2.231122000674891 0.07356269999581855
203
16 2.5326908945238134 1.8425609360491426 8.000266599992756
203
17 2.3404485755501923 1.71054585492651 8.020223499988788
203
18 2.3404485755501923 1.71054585492651 8.33345360000385
19 1.8268114374727833 1.2057834059400314 0.10150170000270009
203
20 1.8264147511329765 1.1855768916064995 8.233733300003223
203
21 1.8264147511329765 1.1855768916064995 8.620205400002305
22 1.3927012755526889 0.7339297888787306 0.08469769998919219
203
23 1.3307893868197753 0.6949358637404318 8.437949099999969
203
24 1.292565309666176 0.6475241217441903 8.385317299995222
203
25 1.292565309666176 0.6475241217441903 8.13299559999723
26 1.1901585049680297 0.5622782214813108 0.11316090000036638
203
27 1.1820726882592196 0.5733222654834474 8.46989599999506
203
28 1.1693147164666207 0.5512299664800419 8.339275000005728
203
29 1.1693147164666207 0.5512299664800419 8.250056999997469
30 0.9795615961402365 0.3570776007817918 0.11057350000191946
203
31 0.9499844252134236 0.31567712507152257 8.434609300005832
203
32 0.9499844252134236 0.31567712507152257 7.55437919999531
33 0.835571719867561 0.20150559448538535 0.14395610000065062
203
34 0.7729871188721813 0.14471833850701768 8.473509899995406
203
35 0.7729871188721813 0.14471833850701768 8.429043900003307
36 0.7464033825100757 0.11730625115503761 0.10402820000308566
203
37 0.7294826160096566 0.10536574315296826 9.226781000004848
203
38 0.7294826160096566 0.10536574315296826 8.3531731999974
39 0.7168972223182337 0.09287579123047507 0.10616399999707937
203
40 0.709079740053882 0.08645679568175019 7.973965199998929
203
41 0.7073252105913732 0.08521464774882333 8.243362700013677
42 5.316386895237277
-------------------------------------------------END------------------------------------------------------
------------------------------------Reduced subspace LM---------------------------------------------------
457.23902157128975 481.12965656500813
0.9992390581978936 20
0 417.89034182673754 438.7313626781959 0.2119589000067208
0.999364518346802 20
1 361.02884589035443 377.0568649169959 0.21929619999718852
0.9994460574082881 20
2 298.6425403553138 309.5521363084531 0.22679430000425782
0.9988886372781509 20
3 251.876957886568 258.39210241288816 0.2143002999946475
0.96647144191992 20
0.999999791797583 80
4 250.58076919644628 257.8738639062765 1.7204257000121288
0.860584797451226 20
0.9999431953483546 80
5 242.21256850748938 250.78220586764797 1.4919928000017535
0.8349038460361822 20
0.9990866712644569 80
6 144.03815607370473 146.59918703389715 1.494995499990182
0.8167164850597384 20
0.9989305532145669 80
7 99.8459118704458 100.47029378902027 1.441394900000887
0.977987408976744 20
0.9999389245380407 80
8 46.50899451753547 47.46232786700449 1.500728999992134
0.9852200248809394 20
0.9999630637863666 80
9 29.431454763109336 29.56595415471011 1.4772303000063403
0.9972692058072669 20
10 9.99592412850326 9.222965499515665 0.21794620000582654
0.8568930338320738 20
0.9999960174501908 80
11 8.05491013504361 7.562105394758153 1.4686628000054043
0.9898506790949249 20
0.9999948711669675 80
12 7.754219164498998 6.771216197553757 1.43160280000302
0.9962083874771529 20
13 3.3779667565307943 2.47153373971565 0.3658024999895133
0.8566940869369684 20
0.9999985335340643 80
14 2.5701396324740275 1.7678480628291817 1.4901241000043228
0.9874066787582269 20
0.9999964204510864 80
15 2.09081538686862 1.397789641676843 1.5084052000020165
0.9894826439438764 20
0.9999988871478742 80
16 1.8179088432207968 1.147179388066738 1.5074521000060486
0.9915821420990047 20
17 1.6574965211225732 0.9564558026879082 0.25331240000377875
0.029623649447720488 20
0.9999172453914935 80
18 1.520392637351155 0.8661683418458865 1.5150900000007823
0.9901409717550117 20
19 1.4898824721771844 0.8237140647899945 0.36240140000882093
0.005579742035983117 20
0.9998907304668319 80
20 1.3776922376784522 0.7415534477336009 1.917793900007382
0.9893462733700419 20
0.999998965775599 80
21 1.2808709448687075 0.6613591506864863 2.39524509999319
0.9912487163486912 20
22 1.261232618494227 0.6336197802439432 0.22991360000742134
0.0018343462988757232 20
0.9996166860507276 80
23 1.1718511603544222 0.5597827594669013 1.4887316999956965
0.9819817584330552 20
0.9999991702002446 80
24 1.0990670194975347 0.48408541685651824 2.766214700008277
0.9874553571450547 20
0.9999984206137036 80
25 1.0350740628215247 0.4333383877648975 1.482971200006432
0.9934961075619136 20
26 1.0207432779141894 0.4114259965168976 0.21664400000008754
0.0025854664025319806 20
0.9998498380146716 80
27 0.9711697306406466 0.3623715894410241 1.5125299999926938
0.9737955288821915 20
0.9999989317504607 80
28 0.9331121924047213 0.33160249167537986 1.4827214999968419
0.9953218306207069 20
29 0.9250648984258156 0.3174886289856628 0.21707109999260865
0.0009423515946847145 20
0.9995676368089529 80
30 0.8900492799772562 0.28259350863830973 1.500080900004832
0.9735568787210569 20
0.9999971828248801 80
31 0.8628016659630215 0.25813126384408724 1.558529500005534
0.9947048831704552 20
32 0.8576389069204668 0.24833304303475118 0.22126390000630636
0.0002273113978181206 20
0.998984330312636 80
33 0.8311556148620118 0.2197764840072643 2.3589126000006218
0.983465674261148 20
0.9999992588096676 80
34 0.8092475496477824 0.20064115034339347 1.4805042999942088
0.9901704181196167 20
35 0.8065577922348173 0.1943754487794919 0.39162179999402724
36 1.1483518666678316
-------------------------------------------------END------------------------------------------------------
32
-------------------------------------------Classical LM---------------------------------------------------
414.4654899067147 432.3750077225708
0 171.81860625093523 169.37574978819978 4.2419009000004735
1 171.81860625093523 169.37574978819978 4.460367200008477
2 166.53751743184824 169.5767068433643 5.349841899995226
3 136.16677831744147 136.34958785220286 3.5643392000056338
4 136.16677831744147 136.34958785220286 3.2182123999955365
5 136.16677831744147 136.34958785220286 2.962118499999633
6 121.89791296370471 118.9536765374607 2.935597699994105
7 70.59892033257512 64.86791064481122 2.876795400006813
8 70.59892033257512 64.86791064481122 2.946920100002899
9 19.73422665622844 19.651617987820757 2.978375300008338
10 19.73422665622844 19.651617987820757 2.9305181999952765
11 14.635923100328265 13.736534813018423 2.9421822000003885
12 14.635923100328265 13.736534813018423 2.6661716000089655
13 4.845728054006576 4.312585050124298 2.7900873000035062
14 3.859413936024233 3.3564905652068444 2.7327101999981096
15 2.6708960646837747 2.188774592842201 2.7297625000064727
16 2.4094608003637994 1.74500102510256 2.6943814999976894
17 2.4094608003637994 1.74500102510256 2.686934299999848
18 1.4185519187273143 0.7643000432465087 2.787270599990734
19 1.4185519187273143 0.7643000432465087 2.666247899993323
20 1.0174976999028298 0.38496614806962026 2.8765130000101635
21 1.0174976999028298 0.38496614806962026 2.680564099995536
22 0.8833572332656373 0.24499567390136515 2.8075036000082036
23 0.869317599920696 0.2363325965024596 2.6828886000002967
24 0.869317599920696 0.2363325965024596 2.718187199992826
25 0.8209030359146029 0.18968340985069765 2.7959006000019144
26 0.8001070908300302 0.17311223994198624 2.675893699997687
27 0.7804324588610316 0.15941876723430176 2.6938354000012623
28 0.7619736938671283 0.14481901389561308 2.6527524999983143
29 0.7619736938671283 0.14481901389561308 2.7085192000085954
30 0.7152218094026018 0.09954244275346869 2.768258700001752
31 0.7051081663126646 0.09147321684600072 2.6239075000048615
32 0.7015039458709025 0.08965889279256839 2.714473599990015
33 2.9866646242431174
-------------------------------------------------END------------------------------------------------------
-------------------------------------------Krylov LM---------------------------------------------------
414.4654899067147 432.3750077225708
203
0 171.82082523615634 169.37383379472212 4.678499100002227
203
1 171.82082523615634 169.37383379472212 4.748223600006895
2 170.55509821036338 172.14127411648894 0.10527369999908842
203
3 119.02446744839824 118.65603916732144 6.519732200002181
203
4 119.02446744839824 118.65603916732144 4.753329700004542
5 119.02446744839824 118.65603916732144 0.11416159999498632
6 88.89619400900793 89.2440130405687 0.07145909999962896
203
7 79.60333764601499 78.52771718963658 6.654307500008144
203
8 42.27108061574674 39.56718455431904 4.753551799993147
203
9 42.27108061574674 39.56718455431904 8.931665500000236
10 42.27108061574674 39.56718455431904 0.1324561000074027
11 17.057708396450064 17.274312144989732 0.1348409000056563
203
12 15.523873371355334 14.381492447091164 4.761645999999018
203
13 15.523873371355334 14.381492447091164 9.07314549999137
14 4.480222269899506 3.6943720323725717 0.13738400000147521
203
15 3.3485058648248187 2.6935844996493596 4.7329559000063455
203
16 2.3109730536813666 1.6651953210894586 8.988845400002901
203
17 2.3109730536813666 1.6651953210894586 4.750541300003533
18 1.10643441426 0.48000506461726683 0.08812309999484569
203
19 0.8686414862580321 0.24451400524599473 7.73759410000639
203
20 0.8686414862580321 0.24451400524599473 4.744367799998145
21 0.7409512203893861 0.12827529486427586 0.08713449999049772
203
22 0.7298053087322279 0.11224584426373957 8.374987200004398
203
23 0.7298053087322279 0.11224584426373957 4.759049200001755
24 0.6905854483811483 0.0799301444444211 0.09195319999707863
203
25 0.6765725532373863 0.06713616649690426 8.22309800000221
203
26 0.6739589821437872 0.0677572553070823 4.711527299994486
203
27 0.6739589821437872 0.0677572553070823 8.164555999988806
28 0.6601561731825131 0.05316606987980766 0.1364458000025479
203
29 0.6470250124067696 0.04182969149051939 4.755037099996116
203
30 0.6470250124067696 0.04182969149051939 8.56100260000676
31 0.6431508066988129 0.03849852147206972 0.13175390000105835
32 4.2065202718754335
-------------------------------------------------END------------------------------------------------------
------------------------------------Reduced subspace LM---------------------------------------------------
414.4654899067147 432.3750077225708
0.9983191309599293 20
0 382.5547081546411 398.3143340680583 0.21176000000559725
0.9988902682371112 20
1 336.59207504241976 349.69903744815673 0.20140109999920242
0.9992355254301087 20
2 287.5445530348917 297.69277126621324 0.18802629999117926
0.9984002989077652 20
3 253.70699884627388 259.14590955705734 0.22463409999909345
0.9671549815216479 20
0.9999992318605078 80
4 252.8291940848086 257.72589902329474 1.6509622000012314
0.9512911234158232 20
0.9999603090414367 80
5 208.38887527266652 207.27732529083417 1.5148944999964442
0.709186760079125 20
0.9960628581494432 80
6 159.5457779245666 159.73023252186437 1.3143361999973422
0.7443850527497391 20
0.993260376525332 80
7 108.34123255505641 112.02801927348708 1.3818954000016674
0.8976905530021915 20
0.9986380530788787 80
8 48.8517231738701 48.879572856911906 1.3713102999900002
0.9692388042269254 20
0.9993903731106687 80
9 48.09816812193949 48.58893770475537 1.3081945000012638
0.9865068227530993 20
0.9999639428535626 80
10 28.02792528322304 28.292662830983172 1.3404930000106106
0.9953822049339662 20
11 9.177784539226026 7.997731929273783 0.19554660000721924
0.9107696972467327 20
0.99999428637973 80
12 6.9936098332735535 6.206138720676856 2.9231275000056485
0.991018937099464 20
13 4.021848794912511 2.965078067731817 0.21242440000060014
0.40488880227640234 20
0.9999939544092419 80
14 2.8860075385690607 1.9492127753769946 2.9261065000027884
0.9251696989264283 20
0.9999924362054861 80
15 2.2726831243469 1.5080602299879233 1.4307114999974146
0.9671826228375476 20
0.9999989247092709 80
16 1.8614369485483657 1.1954991707037816 1.565248300001258
0.9742986481860364 20
0.9999881677728777 80
17 1.583103495184703 0.9427613228063836 1.4437433999992209
0.9849334174542876 20
0.9999973148732583 80
18 1.3595819344936806 0.7190822357097488 1.4295270000002347
0.9850502981235566 20
0.9999973281192133 80
19 1.3383700588235536 0.7617923839237474 1.3829644999932498
0.9974495689361149 20
20 1.1123412627271307 0.49294566396228956 0.22155810000549536
0.12020798664013088 20
0.9999934946633705 80
21 1.0665854713292988 0.4686638579644882 1.3996212999918498
0.9946557603166235 20
22 1.0171347274777884 0.413953786022322 0.20140639999590348
0.003095853112632734 20
0.9997295111193001 80
23 0.9519242320254503 0.3525844254647502 1.464634699994349
0.9904095269047201 20
24 0.9447942476801545 0.3400154165540274 0.2182394999981625
0.00019934975354269236 20
0.9973143562493183 80
25 0.887974005509017 0.28480061240063675 1.355315900000278
0.9886610776268474 20
0.9999991002426474 80
26 0.8253115913634214 0.21925749810050388 1.349453500006348
0.9893296104876781 20
0.9999995904743278 80
27 0.8177581530296244 0.2163187506976173 1.3741343000001507
0.9901087704549383 20
28 0.7973759670687527 0.19179886636620705 0.23299889999907464
0.01813542626434728 20
0.9999794299075689 80
29 0.783356667715952 0.17385514259531665 3.0876971000107005
0.9846082932757312 20
0.9999983955756738 80
30 0.7687904792765187 0.16008495605931672 1.4418593000009423
0.9901255904791905 20
31 0.7637234452073326 0.1535489242252174 0.31066999999166
0.003140463206960139 20
0.999822001501146 80
32 0.743941588343397 0.13583538961625333 1.4561433999915607
0.9849249162609723 20
0.9999937141923873 80
33 0.7415266590963561 0.1271200160512385 1.3741289000026882
34 1.1677990764703068
-------------------------------------------------END------------------------------------------------------
33
-------------------------------------------Classical LM---------------------------------------------------
401.433215381617 424.75931586317716
0 315.4877800972271 317.1252405149046 2.7166997000022093
1 315.4877800972271 317.1252405149046 2.671767499996349
2 315.4877800972271 317.1252405149046 2.8124268999963533
3 181.51860695298672 180.51187350586338 2.8195301000087056
4 181.51860695298672 180.51187350586338 2.6856067999906372
5 176.0199707150125 173.189326981648 2.8063973000098485
6 176.0199707150125 173.189326981648 2.7051418000046397
7 141.15359654403161 139.69679024788184 2.8369240000029095
8 42.977434779747 39.599538567919545 2.7362063999898965
9 42.977434779747 39.599538567919545 2.6995991000003414
10 14.950669108714393 15.074816738223163 3.769248600001447
11 8.966237506077567 8.684188374515015 3.2456533999938983
12 8.966237506077567 8.684188374515015 2.750208900004509
13 3.310480909939839 2.8786883397936163 2.7964878999919165
14 3.0027705331005663 2.451854845577072 2.796057599989581
15 3.0027705331005663 2.451854845577072 3.726396999991266
16 2.215896701078571 1.5583352104684587 2.797832699987339
17 1.6299719033789817 0.9682465375467978 4.224910400007502
18 1.6299719033789817 0.9682465375467978 2.8611510999908205
19 1.1372366002377543 0.4904256824018466 4.120590299993637
20 1.1372366002377543 0.4904256824018466 4.1239887999981875
21 1.0591748885588452 0.42368222260618144 3.709609999990789
22 1.038007286889859 0.3975217091934676 3.7500021000014385
23 1.038007286889859 0.3975217091934676 3.7602384999918286
24 0.9883277345627274 0.35850647670051555 2.7897660000016913
25 0.9691921505896156 0.33906098075072894 4.018765799992252
26 0.9691921505896156 0.33906098075072894 3.6698287000035634
27 0.9423923584359017 0.3196477233792806 2.8271919999970123
28 0.9231388704430283 0.30179627356346445 2.809350399998948
29 0.9019941167588152 0.28394946625988426 4.098618799995165
30 0.8849758508565423 0.2743377206290827 3.889687999995658
31 0.8518785105063081 0.2474146999463078 2.7423837000096682
32 0.7932704986445196 0.1853306789049742 2.625931299990043
33 0.7432576510357097 0.1347382454198589 3.0167379999911645
34 0.7432576510357097 0.1347382454198589 4.273786100005964
35 0.6989426929866264 0.0883206790549522 3.047127099998761
36 0.6957711659996084 0.08642339074259653 4.60445320000872
37 3.2523325945925583
-------------------------------------------------END------------------------------------------------------
-------------------------------------------Krylov LM---------------------------------------------------
401.433215381617 424.75931586317716
203
0 315.5065281688764 317.14540322535566 6.07253689999925
203
1 315.5065281688764 317.14540322535566 6.152779900003225
2 315.5065281688764 317.14540322535566 0.11070940000354312
3 181.3811620786068 180.36945507075157 0.09428220000700094
203
4 181.3811620786068 180.36945507075157 6.184570099998382
5 175.2701747397544 172.45203209898557 0.07365659999777563
203
6 175.2701747397544 172.45203209898557 6.825466999987839
7 141.25224503156636 139.77871756440467 0.18957320001209155
203
8 43.05311051402212 39.65602431854887 5.755856799994945
203
9 43.05311051402212 39.65602431854887 4.936449899993022
10 15.0542815177259 15.198290387620476 0.0847935000056168
203
11 8.942373586761228 8.670277681372212 5.8569126999937
203
12 8.942373586761228 8.670277681372212 4.795243599990499
13 3.27911714087373 2.8430718398760035 0.12552509999659378
203
14 3.00710138421089 2.4520691289936662 5.594498800011934
203
15 3.00710138421089 2.4520691289936662 5.0477628000080585
16 2.2054727497885454 1.547211293292491 0.13520550000248477
203
17 1.6166530564549622 0.9577798042380736 5.878661900002044
203
18 1.6166530564549622 0.9577798042380736 5.967391999991378
19 1.1333624731917686 0.48508438238227314 0.10184160000062548
203
20 1.1333624731917686 0.48508438238227314 6.199926599991159
21 1.0572027734713814 0.4210496367375898 0.0746482999966247
203
22 1.037150813756217 0.3959182216139405 5.188352600001963
203
23 1.037150813756217 0.3959182216139405 7.232904799995595
24 0.9867969632432254 0.3565196408158986 0.1571675999875879
203
25 0.967712458529694 0.33722443093442445 4.899762900007772
203
26 0.9675148252329978 0.3393717337032942 5.842762000000221
203
27 0.9675148252329978 0.3393717337032942 4.7627716999995755
28 0.8886779733354456 0.27276025751889643 0.08573409999371506
203
29 0.8662915530638584 0.2538646544321106 5.8847356000042055
203
30 0.8420044888543644 0.23509225394991587 7.067248700011987
203
31 0.8109537179932625 0.20572719502728193 6.713567300001159
203
32 0.765152676319076 0.15654066872664374 6.957700000013574
203
33 0.7432763697936349 0.13098698367762351 7.596871599991573
203
34 0.7432763697936349 0.13098698367762351 7.806422599998768
35 0.7014193559029221 0.08892402156256983 0.12774149999313522
203
36 0.6975098470340098 0.08693839520478597 8.160632300001453
37 4.182234316215948
-------------------------------------------------END------------------------------------------------------
------------------------------------Reduced subspace LM---------------------------------------------------
401.433215381617 424.75931586317716
0.9984314996398357 20
0 371.84487737060107 391.67492667765424 0.3239571000012802
0.998374863309554 20
1 329.51265923806466 343.9481702252062 0.21485380000376608
0.9989832833964755 20
2 283.6707178701694 291.8687880549777 0.20458989999315236
0.999266846432907 20
3 250.42541548136583 255.31023007485462 0.18721350000123493
0.9445255510806913 20
0.9999984278202194 80
4 246.45254316389367 251.2257699813398 1.817474299998139
0.8929032201970267 20
0.9999711479865423 80
5 228.48836373289004 238.25541093229933 1.4246510999946622
0.7980586109890088 20
0.9942942096144434 80
6 175.57628799228246 182.183301169973 1.3336644999944838
0.7407137741946579 20
0.9878345449777126 80
0.9956424066465857 140
7 115.21893594848474 117.73051006922753 3.2041483000066364
0.9649627393699001 20
0.9988784953883749 80
8 104.33606436400594 103.32324008433469 2.228182499995455
0.9950334892036075 20
9 36.596521452773025 34.9068786921949 0.18735359999118373
0.9802216215490764 20
0.9999910535505788 80
10 29.313807026328153 27.99500830065883 1.5349302999966312
0.9786924061190712 20
0.9999963794388428 80
11 26.155366886698932 25.940003032755772 1.4471959000075003
0.9846292875615071 20
0.999999542753654 80
12 14.71820799836734 14.06501527595333 1.436970000009751
0.9867363642462857 20
0.9999997025739468 80
13 10.651213099995049 9.54135656945068 2.0430438999901526
0.9980172168123468 20
14 7.2207298737841485 6.38144850835856 0.20525489999272395
0.5993118088114618 20
0.9999994902236808 80
15 5.392830629257346 4.8040988679691745 2.6571779000078095
0.9455187043372951 20
0.9999998608779036 80
16 4.544441495093148 3.871495840979389 1.3431733999896096
0.9960057975045283 20
17 4.302197970062379 3.6223076571231054 0.19655690000217874
0.00595027700880584 20
0.9999620771242969 80
18 3.851057536728107 3.2448500989410314 1.4620954999991227
0.9818161790038058 20
0.9999999643205054 80
19 3.6766495086054376 3.084941631011896 1.5595771000080276
0.9987807421690901 20
20 3.382251362405478 2.829503606237183 0.45634590000554454
0.042010743118157085 20
0.9999989404693099 80
21 3.357983930577093 2.835935084233812 1.9309572000056505
0.9987186645595577 20
22 3.0429414853049073 2.5290990708309242 0.21753330000501592
0.0763153337746716 20
0.9999991712575514 80
23 2.9670520878746056 2.454539537461129 1.437760700006038
0.9985275334004612 20
24 2.7495892831941458 2.2536207001546464 0.3417703999875812
0.04661797582351039 20
0.9999978149488621 80
25 2.6234165043841027 2.119947896335654 1.4474772000103258
0.998358095851062 20
26 2.504306280103767 2.0182641516346966 0.42560830000729766
0.03452512115572427 20
0.9999983063522263 80
27 2.360558229839529 1.8564387258912356 1.5872146999899996
0.9972731177869215 20
28 2.30722906825686 1.8038937164585775 0.22240110000711866
0.022702944108072883 20
0.9999982507057592 80
29 2.1988596803651763 1.6336424896338781 1.452840500001912
0.9977266942896724 20
30 2.1513357338996757 1.6034718128851748 0.1995154000032926
0.01697796304664074 20
0.9999980033219656 80
31 2.043614207015787 1.5064134942410934 1.466629100003047
0.9856456656312239 20
0.9999999676494659 80
32 2.034234600522137 1.4587755115924046 1.3471310999884736
0.996174002495805 20
33 1.8627601524706687 1.3161892063037894 0.21822039999824483
0.07956643289837693 20
0.9999996029328274 80
34 1.7611732466156744 1.2052117223862988 1.3727288999943994
0.9933713249945272 20
35 1.7438447267824537 1.1864607438942247 0.3464784999960102
0.0019475286014694706 20
0.9999800851720453 80
36 1.677606539366354 1.154568846889022 1.3666009000007762
0.983554986629733 20
0.999999679675814 80
37 1.6065743547598326 1.0310617490485638 1.2923588999983622
0.9856840979416923 20
0.9999999517966524 80
38 1.5290577023050427 0.9655439440210869 1.365912199995364
0.9089454296635764 20
0.9999997635904754 80
39 1.5154747883914574 0.9201146970618774 1.3880961000104435
0.9978073355896158 20
40 1.4756181685952647 0.8832798631260887 0.19635509999352507
0.005697788576803721 20
0.9999934036254979 80
41 1.4385704919562061 0.841345191449017 1.368316899999627
0.9966521960722703 20
42 1.4326414479149827 0.8413823996585896 0.2210373999987496
0.002334921409017246 20
0.9999878015625178 80
43 1.430269327637852 0.829235710428341 2.1573743999906583
44 1.109971113635931
-------------------------------------------------END------------------------------------------------------
34
-------------------------------------------Classical LM---------------------------------------------------
417.8201558105198 447.9537371463872
0 407.4994675669557 422.9870971772137 2.7261044000042602
1 369.75080477231677 373.57757047650415 2.7399765999871306
2 94.08259723655728 96.85631151417934 2.731841800006805
3 94.08259723655728 96.85631151417934 2.7412027999962447
4 94.08259723655728 96.85631151417934 2.8120495000039227
5 33.70293964338472 31.815805547115584 3.7602306000044337
6 33.70293964338472 31.815805547115584 5.335437099987757
7 27.452987273560133 26.661914648049464 5.23844210000243
8 27.452987273560133 26.661914648049464 4.275727000000188
9 27.452987273560133 26.661914648049464 2.870237900002394
10 15.360749061830756 14.209444399130957 2.7994602999970084
11 15.360749061830756 14.209444399130957 2.7580853999970714
12 14.321950576695643 14.217374604267839 2.7693451999948593
13 8.716975848672469 7.691996042576122 2.7171564000018407
14 8.716975848672469 7.691996042576122 2.772606200000155
15 8.716975848672469 7.691996042576122 2.84995990000607
16 7.12693255798041 6.526170642565549 2.9357319999980973
17 5.94437251886804 5.279210366623743 2.742195700004231
18 5.337624691227545 4.723517222820774 2.7136480000044685
19 4.771657783268412 4.084072987330078 2.704331100001582
20 4.168172975158934 3.623652976425742 5.384576299999026
21 3.6516767668791696 2.988782386282218 2.6753029999963474
22 3.6516767668791696 2.988782386282218 5.459874499996658
23 3.347354207432081 2.757535571480816 4.415552000005846
24 3.347354207432081 2.757535571480816 2.7423071000084747
25 2.419081484536942 1.7373269974622836 2.7811717000004137
26 1.998629143440842 1.3686488364047045 6.7906080999964615
27 1.7527902730056026 1.0471968399136815 3.9898874999926193
28 1.7527902730056026 1.0471968399136815 8.664302399993176
29 1.6279157046261883 0.9480645330494443 5.575723799993284
30 1.4507351150487466 0.7787706143899856 2.807982999991509
31 1.4507351150487466 0.7787706143899856 7.127032700009295
32 1.3000807176458284 0.6274031186328145 4.160444699999061
33 1.1924582096760479 0.5280305578806735 3.991371500000241
34 1.1306095452151153 0.4558172203236628 8.189652700006263
35 1.0677139593253082 0.41665094142129633 2.7211610000085784
36 1.0677139593253082 0.41665094142129633 6.9168013999878895
37 0.9213323538905719 0.2719316144971381 6.676328899993678
38 0.8991698812856294 0.2690589863907951 2.6905971999949543
39 0.8991698812856294 0.2690589863907951 8.407825799993589
40 0.796327539254698 0.17255556706933214 4.463601199997356
41 0.7839937901412838 0.1691918171309403 4.204820300001302
42 0.7839937901412838 0.1691918171309403 6.273174600006314
43 0.7441211397308223 0.1320142324642786 3.260757999989437
44 0.7341005891828304 0.1265781339380117 3.864315799990436
45 0.7308535542810493 0.1262877442571926 4.975743200004217
46 4.178362791303421
-------------------------------------------------END------------------------------------------------------
-------------------------------------------Krylov LM---------------------------------------------------
417.8201558105198 447.9537371463872
203
0 407.56719566563004 423.04105204875054 6.242132500003208
203
1 337.0726133255317 341.05267474883647 9.447055599986925
203
2 87.33351842139213 87.92394654300344 6.257918699993752
203
3 52.241464428112124 50.523940354591105 8.663716199996998
203
4 21.77652446697292 20.463953684958557 6.045111100000213
203
5 21.77652446697292 20.463953684958557 8.16869880000013
6 21.77652446697292 20.463953684958557 0.09596230000897776
7 21.77652446697292 20.463953684958557 0.09628939999674913
8 21.77652446697292 20.463953684958557 0.10732399999687914
9 15.319020357905162 14.09442027357086 0.10422910000488628
203
10 15.319020357905162 14.09442027357086 4.780932100009522
11 9.450524678109979 8.331825860589243 0.0852294000069378
203
12 9.450524678109979 8.331825860589243 8.5695371000038
13 8.168499279724651 6.846313208725789 0.10368709999602288
203
14 5.945783665886996 4.929815761497371 6.164106999989599
203
15 5.945783665886996 4.929815761497371 9.784662000005483
16 4.85552748487774 3.8849108909471144 0.11110599999665283
203
17 3.742112856032571 2.9410412904762446 5.799862200001371
203
18 2.9207503433046784 2.1175092335925463 8.978170399990631
203
19 2.9207503433046784 2.1175092335925463 6.0790281999943545
20 2.083194427425998 1.3738365453432664 0.09580460000142921
203
21 1.7079255230097319 1.0656003128523106 10.703737899995758
203
22 1.7079255230097319 1.0656003128523106 7.013524200010579
23 1.3281260202142275 0.6756833001947578 0.10550269999657758
203
24 1.3170986262545565 0.6582407328755621 11.143984700000146
203
25 1.3170986262545565 0.6582407328755621 5.3227894000010565
26 1.0760486605616035 0.42481700744993134 0.12170420000620652
203
27 1.0188844711411436 0.4093406653008126 8.964211700003943
203
28 0.9147678683762069 0.2904554450892268 5.114824500007671
203
29 0.9147678683762069 0.2904554450892268 10.252936999997473
30 0.856693278661848 0.24800037137046382 0.1965556000068318
203
31 0.8177624705135369 0.20410634092761626 5.472934899997199
203
32 0.8177624705135369 0.20410634092761626 10.250080400001025
33 0.7796652817103975 0.16361451096129634 0.1902401999977883
203
34 0.7552601794937779 0.13899081811641378 6.110655399999814
203
35 0.7552601794937779 0.13899081811641378 11.223616500006756
36 0.7434338672570704 0.12845213359788898 0.17344679999223445
203
37 0.7309939119188743 0.1157163559262307 6.769743599987123
203
38 0.7235590371851884 0.10744364688447229 11.170851000002585
203
39 0.7169979117844583 0.10331912052882408 7.0479155000066385
203
40 0.7153845939070704 0.1090650992754403 11.735690899993642
41 5.484524656097453
-------------------------------------------------END------------------------------------------------------
------------------------------------Reduced subspace LM---------------------------------------------------
417.8201558105198 447.9537371463872
0.9983406047273021 20
0 385.21965525383905 410.9392352075479 0.2253416999883484
0.9984918991989995 20
1 338.23885108783145 356.92820918245707 0.202008799999021
0.9989320420896995 20
2 287.16121920459375 297.2095638933429 0.22242520000145305
0.998733492643203 20
3 251.66203453860945 257.48870485580557 0.21025319999898784
0.9744947770070665 20
0.9999998382668589 80
4 246.13899201790798 251.64659059025297 1.7478655000013532
0.9697405367079259 20
0.9999680602645878 80
5 246.13899201790798 251.64659059025297 1.7318478000088362
0.9697405367079259 20
0.9999680602645878 80
6 242.7471854271342 248.28343605016047 1.7428883999964455
0.9672967834510018 20
0.9999912101885823 80
7 240.26816352876335 245.33368965969 1.6490848999965237
0.9916191508437767 20
8 188.3965879287119 191.63216201447074 0.21038299999781884
0.964670395526604 20
0.9999883253156111 80
9 178.14438529678793 181.15414838616897 1.587798799999291
0.985835905693389 20
0.9999929359349669 80
10 162.34644495206922 166.11146091082313 1.8575405000010505
0.9940992553614972 20
11 79.15804143551395 77.79400362197693 0.19048140000086278
0.9301915791717724 20
0.9999920545677927 80
12 61.374757985046415 61.53066565972121 1.5402541000075871
0.9676007687019653 20
0.9999941036471056 80
13 45.51979855766364 43.18629971440244 1.4201024000067264
0.9942506302387013 20
14 16.501154220629253 15.566946677750414 0.21525890000339132
0.9115016623768247 20
0.9999952347863806 80
15 14.701800379475655 13.67111173348367 1.4702162000030512
0.9952169697298964 20
16 6.789659619993848 5.78404209055775 0.21647260000463575
0.6970130474614992 20
0.9999985812679539 80
17 4.923014368991312 4.006418725127674 1.4434099000063725
0.9591958601715391 20
0.9999991663337542 80
18 3.73626229899075 2.890094938907404 1.5184800999995787
0.9797488603686252 20
0.9999995229603339 80
19 3.1047329063860745 2.4318638994294037 1.4718409000051906
0.9973830185706483 20
20 2.0232375361539354 1.3066388314480637 0.21562049999192823
0.30197565594070874 20
0.999997853999705 80
21 1.7181431755231509 1.0124995187743595 1.4585627000051318
0.9972333778998904 20
22 1.461254027147178 0.7749657372175677 0.2190854000073159
0.016894553717935874 20
0.999957878674605 80
23 1.2250641868783319 0.5729106339565981 1.4104150000057416
0.9857657918947661 20
0.9999996948412462 80
24 1.0209263193016533 0.374477598465572 1.4338017999980366
0.9936430628451814 20
25 0.9851897823463515 0.3522345075595375 0.2058891000051517
0.0033539198523693226 20
0.9997879448665381 80
26 0.903442133952392 0.26645364254105064 1.5061547000077553
0.9824805876891409 20
0.99999690559342 80
27 0.8577119378667672 0.2329553210512758 1.8331861999904504
0.9976383111642309 20
28 0.8357448117132324 0.21409114155011136 0.2104317000048468
0.0008896173086673929 20
0.9977629537526723 80
29 0.810603968382717 0.17849157674212934 1.4363070000108564
0.9961000891145306 20
30 0.7997065004172519 0.17466406887869718 0.21789100000751205
0.0006233625942531918 20
0.9994019618912371 80
31 0.7754251420782261 0.15509739176335352 1.540497800000594
0.9941445296498033 20
32 0.7732788419408904 0.15252844870504959 0.19827999999688473
33 0.9927296121229918
-------------------------------------------------END------------------------------------------------------
35
-------------------------------------------Classical LM---------------------------------------------------
429.02821537169234 452.6926145488931
0 429.02821537169234 452.6926145488931 2.7299171999911778
1 225.38812596598387 224.0930717788282 2.7902555000036955
2 225.38812596598387 224.0930717788282 2.6852597999968566
3 225.38812596598387 224.0930717788282 2.8060382999974536
4 104.96154199533444 105.49905232204722 2.8005037999973865
5 104.96154199533444 105.49905232204722 4.741122000006726
6 68.4461193653446 68.80675367279031 2.7892526000068756
7 44.77684670340168 41.4223035419695 2.7235961999977008
8 40.0985794657852 35.26246378439522 2.637864399992395
9 40.0985794657852 35.26246378439522 2.692523899997468
10 12.723746315922847 11.974350194772466 2.943228000003728
11 12.723746315922847 11.974350194772466 2.8980162999941967
12 4.104605180987572 3.4684532066822666 2.7803035999968415
13 1.9560033736290448 1.3684502606409905 2.7068606999964686
14 1.9560033736290448 1.3684502606409905 2.803286099995603
15 1.3555353307021936 0.7461878035847325 2.826287699994282
16 1.1562668302738075 0.5308605038914547 2.7201720000011846
17 1.0161194448927977 0.40224960481876965 2.6781038000044646
18 0.9434949727530737 0.3424846864848458 2.7073648999939905
19 0.9434949727530737 0.3424846864848458 2.809117700002389
20 0.7622680344951482 0.15873472487609874 2.801559700004873
21 0.7479556533960625 0.14769287254741237 2.9908018999994965
22 0.7479556533960625 0.14769287254741237 3.058504799992079
23 0.7086202712754386 0.10198432688089847 2.8071991999895545
24 0.6972220373381857 0.08922663222140625 2.7021406999992905
25 0.6972220373381857 0.08922663222140625 2.8363668999954825
26 0.6808495796254721 0.07557932532246812 2.7822353999945335
27 0.672305925343266 0.06764693893974617 2.7209595999884186
28 0.6647797470381043 0.06128672381476885 2.7791654000029666
29 0.6647797470381043 0.06128672381476885 2.7819807999912882
30 0.6569920289647527 0.053874487315164 2.775035899991053
31 0.6539778478148841 0.051551608267783405 2.7531966000096872
32 2.8455694187478002
-------------------------------------------------END------------------------------------------------------
-------------------------------------------Krylov LM---------------------------------------------------
429.02821537169234 452.6926145488931
203
0 429.02821537169234 452.6926145488931 4.7540970999980345
1 225.3881244420534 224.0930712768203 0.0815061000030255
203
2 225.3881244420534 224.0930712768203 4.7951941000064835
3 225.3881244420534 224.0930712768203 0.07309809999424033
4 104.96154177100873 105.49905054028936 0.08319089999713469
203
5 104.96154177100873 105.49905054028936 4.783783799997764
6 68.44613270201147 68.80676630272562 0.07423990000097547
203
7 44.7767823478155 41.42223860552627 4.780132100000628
203
8 40.13550851784332 35.294230436266126 4.977508099997067
203
9 40.13550851784332 35.294230436266126 4.784939300006954
10 12.740071960276753 11.992802218003655 0.1031585000018822
203
11 12.740071960276753 11.992802218003655 4.8112792000029
12 4.105993253794253 3.470074027015444 0.10076610000396613
203
13 1.955499698672517 1.3685842356101086 4.744871200004127
203
14 1.955499698672517 1.3685842356101086 4.780847900008666
15 1.3554731666736757 0.7459899063165792 0.09779800000251271
203
16 1.1559019437925595 0.530823652145622 4.74343719999888
203
17 1.0154203295101913 0.4006697574402926 4.777564100004383
203
18 0.9521204476237534 0.3491364728608368 4.7462044000130845
203
19 0.9521204476237534 0.3491364728608368 5.074421999990591
20 0.7634412454484409 0.1600217597039387 0.08497670000360813
203
21 0.7492881005229007 0.14878072935842976 4.758956399993622
203
22 0.7492881005229007 0.14878072935842976 4.74729159999697
23 0.7091931149145987 0.10220404190169953 0.09908759999962058
203
24 0.6988522353855487 0.09027226045748565 4.754572099991492
203
25 0.6988522353855487 0.09027226045748565 4.760588899996947
26 0.6811741421205127 0.07576135700313877 0.09931130000040866
203
27 0.6727690902916856 0.06787784215796447 4.756777400005376
203
28 0.6660052300246672 0.06246872594497023 4.731471300008707
203
29 0.6660052300246672 0.06246872594497023 4.76480960000481
30 0.6577752763705496 0.05448133188642006 0.08755109999037813
203
31 0.6546646721131909 0.05216321224586288 6.614446400009911
32 3.2321212031260984
-------------------------------------------------END------------------------------------------------------
------------------------------------Reduced subspace LM---------------------------------------------------
429.02821537169234 452.6926145488931
0.9966718391420802 20
0 394.98825647568407 415.2785042623534 0.20209130000148434
0.9974520000486748 20
1 345.4852359201064 360.4281973762031 0.39943409999250434
0.9983887570108314 20
2 291.65668877041566 301.1660182807011 0.44144840000080876
0.9991868531029588 20
3 255.6939869025209 262.427984265779 0.21402540001145098
0.9950370283742833 20
4 231.122773704018 235.7097496390736 0.29386689999955706
0.9472970715564909 20
0.9999970618043443 80
5 219.19606568772463 226.47771357737227 1.5490075999987312
0.9634054703509342 20
0.999937584948002 80
6 210.26644488721894 212.7812391393751 2.4406330000056187
0.897426421386062 20
0.9999328452568685 80
7 130.37331356312768 129.40503078484227 1.465190500006429
0.8697044458948203 20
0.999429695937387 80
8 93.88421851072731 94.36041099488358 2.406814600006328
0.9564956426299555 20
0.9997326234255394 80
9 62.992594789226885 62.73236491460543 1.5673665000067558
0.9779888052497042 20
0.999993994334311 80
10 59.961841769229146 60.996164423772726 1.5457400000013877
0.9930788321560075 20
11 18.236318824127785 18.063002465089596 0.2234537000040291
0.9580472136242195 20
0.9999992587251165 80
12 10.120681251145282 9.452276971905562 1.4219989999983227
0.9523058352178105 20
0.9999916651834914 80
13 9.828127386301034 8.742493065487212 1.389160200007609
0.9853755865433281 20
0.9999989484692302 80
14 8.321118714679933 8.250500917058803 1.3058036000002176
0.9988898928634599 20
15 2.357819261133018 1.7125676969086832 0.21131199999945238
0.35448420628170607 20
0.9999985071538172 80
16 1.7798479469411543 1.2153423341179814 1.433457900013309
0.9199013105668409 20
0.9999982694491757 80
17 1.3525808090055012 0.7732482765917645 2.1570816000021296
0.9854054691018396 20
0.9999997022599584 80
18 1.1334729448150305 0.5184964933640797 1.453539100009948
0.9714083286548942 20
0.9999972902293165 80
19 0.9771883217025464 0.3496289170133892 2.2053959999902872
0.9862994098702609 20
0.9999993815924414 80
20 0.9044178580491588 0.28151461681362955 1.4948054000124102
0.9912507983764482 20
21 0.8564688132381391 0.22000085172140177 0.2246374999958789
0.003162530513889581 20
0.9998625566928605 80
22 0.8181557448374289 0.1941259473411816 1.5692443000007188
0.9884926770900969 20
0.9999996242525981 80
23 0.7982460052585676 0.1801845069892254 1.4110532000049716
0.9885956941859673 20
0.999999387491122 80
24 0.7930909238140234 0.18412093737887603 1.4229865000088466
0.9963488018108638 20
25 0.7650329210054371 0.15466330919168356 0.2323742000007769
0.0006693984969237325 20
0.9979228290596072 80
26 0.7442785062387447 0.13295840613729226 1.4675557000009576
0.9364459380371848 20
0.9999984846010843 80
27 0.7393189052381453 0.1408109865045832 1.342464100001962
0.9962523558531268 20
28 0.7140515981538496 0.10886212135407575 0.23645830000168644
0.0113178327526212 20
0.9999818455344505 80
29 0.6999031153919628 0.0907476635191731 1.3626093999919249
0.9629162624766961 20
0.9999919531666969 80
30 0.6916149839310907 0.08876720268824886 2.110724099999061
0.9893946494603263 20
0.9999994494567241 80
31 0.6843237021903298 0.0782637520995298 1.3756797999958508
0.9538441125191983 20
0.9999996484802983 80
32 0.6790852695192742 0.07815386962101888 2.7148474999994505
0.9814657934830888 20
0.9999990719443864 80
33 0.6748120697070301 0.07046831415413583 1.3790222999959951
34 1.255037755884319
-------------------------------------------------END------------------------------------------------------
36
-------------------------------------------Classical LM---------------------------------------------------
410.9803340196 434.5374520485071
0 410.9803340196 434.5374520485071 2.734779599995818
1 243.679638501231 248.51887333519284 6.391881600007764
2 243.679638501231 248.51887333519284 4.402842700001202
3 224.9052931346884 228.26733073686984 2.980696700004046
4 148.68463580961645 144.93373558950375 4.526921199998469
5 148.68463580961645 144.93373558950375 2.7269238000008045
6 52.29804355377096 49.1691011864731 4.322957500000484
7 52.29804355377096 49.1691011864731 2.728109300005599
8 25.3840438378816 24.094864984402314 2.8674812000099337
9 25.3840438378816 24.094864984402314 2.7119206999923335
10 25.3840438378816 24.094864984402314 4.358292899996741
11 11.007547131682488 9.685419638114158 2.8234129000047687
12 5.554000613046555 4.659149461057874 6.916789000009885
13 4.4656013328180215 3.783994497459895 4.294311799996649
14 4.4656013328180215 3.783994497459895 4.019020299994736
15 2.4716528451745985 1.8514456717900603 2.829178400003002
16 2.037299673729642 1.4146801123415913 4.403824000008171
17 1.718991342147108 1.161230538145113 4.087665500002913
18 1.718991342147108 1.161230538145113 4.161384799997904
19 1.3271185025448857 0.7251952383049067 4.386722999988706
20 1.2883819657749405 0.6888800665123537 3.7634283999941545
21 1.2883819657749405 0.6888800665123537 4.175807900013751
22 1.0131302527729915 0.38860324881435604 2.8355106999952113
23 0.9439571233655363 0.3221715031128015 4.388272100011818
24 0.9176412992561076 0.2961496018419274 4.286163199998555
25 0.9176412992561076 0.2961496018419274 4.235625200002687
26 0.8147252852453294 0.2038861457326681 2.8243533999921056
27 0.7933329303068 0.1832545234535753 2.8379775999928825
28 0.7762947171773016 0.16722107409228085 3.247120100000757
29 0.7762947171773016 0.16722107409228085 4.475494799989974
30 0.7266683490974046 0.12579711228700202 3.188872500002617
31 0.7140596669820881 0.11490994420291856 3.951555100007681
32 0.7140596669820881 0.11490994420291856 4.029027599986875
33 0.7028247768308705 0.10531643159843472 4.497656899999129
34 0.6954045408327008 0.09895763351393294 4.364642400003504
35 0.6954045408327008 0.09895763351393294 5.844523599997046
36 0.6891583722617017 0.09310584936576202 3.17615859999205
37 0.683870489018412 0.0882750688038576 6.064102799995453
38 0.683206119014591 0.08764007481525338 6.161016400001245
39 4.02621605641019
-------------------------------------------------END------------------------------------------------------
-------------------------------------------Krylov LM---------------------------------------------------
410.9803340196 434.5374520485071
203
0 410.9803340196 434.5374520485071 8.194240099997842
1 243.67963943455126 248.5188744445338 0.12771359999896958
203
2 243.67963943455126 248.5188744445338 8.040070000002743
3 224.8899964619535 228.24430576645943 0.12447680000332184
203
4 149.41190367281706 145.60811617352599 8.301775600004476
203
5 149.41190367281706 145.60811617352599 8.153906099993037
6 52.28552897701857 49.2266991414096 0.09815689999959432
203
7 52.28552897701857 49.2266991414096 7.871432600004482
8 25.99517810832591 24.77533935463231 0.09468650000053458
203
9 25.99517810832591 24.77533935463231 7.847593400001642
10 25.99517810832591 24.77533935463231 0.08660429999872576
11 11.14569875694793 9.750375692547582 0.10621030000038445
203
12 5.59874029507746 4.62503497791522 8.155918300006306
203
13 4.478644448812795 3.8175239387979034 7.71360519999871
203
14 4.478644448812795 3.8175239387979034 7.498594400007278
15 2.545238712199414 1.9369204089217407 0.10233220001100563
203
16 2.0694923289106817 1.4604770003824779 8.220660099992529
203
17 1.7694380753538 1.243785438576441 7.383771199994953
203
18 1.7694380753538 1.243785438576441 7.484151900003781
19 1.3803014150697466 0.796258973944173 0.13761399999202695
203
20 1.3375255952131109 0.7709425364069326 8.117872899994836
203
21 1.3375255952131109 0.7709425364069326 7.946871899999678
22 1.1219424031739222 0.5346122425917267 0.1310669000085909
203
23 1.0535781336613073 0.4588372253115026 7.896105100007844
203
24 0.9185033905132339 0.3052341402429985 8.065450199996121
203
25 0.8546575901996512 0.25569589415608807 8.02186010000878
203
26 0.7973995305856508 0.19723137323016016 7.769199200003641
203
27 0.7973995305856508 0.19723137323016016 6.516681500012055
28 0.7193175828231291 0.11548705968946786 0.1372884000011254
203
29 0.7193175828231291 0.11548705968946786 5.012891699996544
30 0.7065700597600062 0.10558449071501547 0.0835973999928683
203
31 0.6993627145269447 0.09777160933172366 4.81767079999554
203
32 0.6993627145269447 0.09777160933172366 4.769413100002566
33 0.6931462006658047 0.09249187221972283 0.11170860000129323
203
34 0.6881053187750847 0.0873756063856859 4.738893700006884
203
35 0.6881053187750847 0.0873756063856859 4.7984920000017155
36 0.6835195822066732 0.08362340759854606 0.084454600000754
37 4.723325178379545
-------------------------------------------------END------------------------------------------------------
------------------------------------Reduced subspace LM---------------------------------------------------
410.9803340196 434.5374520485071
0.9984567592706882 20
0 379.9136898598214 400.30861405471484 0.1873788999946555
0.9987377552522058 20
1 335.0852552024571 350.1670185164739 0.19879670000227634
0.9987926224751374 20
2 285.6855457578913 293.88409329069685 0.19883500000287313
0.997367124641385 20
3 249.55989116122387 255.27222689144685 0.21026929999061394
0.9483897388968283 20
0.9999998480421949 80
4 247.76102167292544 254.29337179693678 1.705495800008066
0.9819350092864831 20
0.9999935303703182 80
5 242.87295441886465 247.71120435546624 1.700902299999143
0.9649144983988538 20
0.999965982474869 80
6 238.6450183213697 235.18974243130768 1.4358999999967637
0.7362176554554574 20
0.9979125340687056 80
7 109.6771339768966 107.9684682187062 1.4174384999932954
0.8871326390030844 20
0.9973612230562188 80
8 72.74848184814441 71.23743262143437 1.5363981999980751
0.9486207640812594 20
0.9995866683568704 80
9 67.40668592523598 66.31230154120352 1.4853879000002053
0.9958665911051346 20
10 20.326810846930677 18.497908897532163 0.3327397999964887
0.9388010297596944 20
0.9999799719347261 80
11 12.549093651196952 11.569470078187893 1.5739810000086436
0.9802945157613626 20
0.9999952971892098 80
12 12.081145476035864 10.996693276684367 1.4661620999977458
0.9489021257514473 20
0.9999864269900964 80
13 9.486175791364232 8.955460706048573 1.3477239000058034
0.9971900108537738 20
14 3.1795121610781023 2.510758514769609 0.2239053000084823
0.40826419815386844 20
0.9999962295730844 80
15 2.6968656023182573 2.0442535295504793 1.3504812000028323
0.9503290792357072 20
0.9999872525094994 80
16 1.9056724325200811 1.2609451008472636 1.495467100001406
0.9644180935954598 20
0.9999940350044666 80
17 1.4893510585200094 0.8394070636091576 1.5508967999921879
0.9756548723883075 20
0.9999910008476456 80
18 1.466751647135082 0.8702862584933941 1.8171744999999646
0.9908872738017453 20
19 1.1615991731325817 0.5272419439782209 0.20584969999617897
0.022168025932806413 20
0.9998511727537601 80
20 0.9773398762724524 0.3885747099131646 1.4169014999934006
0.9428825579118247 20
0.9999962611358508 80
21 0.9010278847585087 0.29842966148874517 1.3739612999925157
0.9810520820672913 20
0.9999985683881898 80
22 0.8549864610150611 0.27547070332836504 2.882201900007203
0.9657527152243547 20
0.999985739858186 80
23 0.8207327009994211 0.22888748609576037 1.4006563000002643
0.9927529461921388 20
24 0.8015681494872454 0.20450507290086017 0.2270150999975158
0.0005023695555881932 20
0.9975447934188156 80
25 0.7775379661127181 0.18458051362541647 1.4630200999963563
0.9050017944245148 20
0.9999967728758197 80
26 0.7703968307640695 0.1715167139921719 1.3950184999994235
0.9890847749786837 20
0.9999991374532352 80
27 0.7147809752548454 0.11764517872548484 1.3564692999934778
0.9932702295946555 20
28 0.713193534553821 0.1148551486289472 0.30117850001261104
3.362470315478021e-05 20
0.9961446967288825 80
29 0.704750305603195 0.11012028111032865 1.3737920999992639
0.9757299492345473 20
0.9999980892262665 80
30 0.699044698964415 0.10051527345857465 1.4615865999949165
0.9762638349806945 20
0.9999992212516258 80
31 0.6918462728977037 0.09667121203632544 1.383965500004706
0.9612194842603842 20
0.9999956447509242 80
32 0.6878972136054162 0.0886912697483816 1.346170799995889
33 1.1764582272722195
-------------------------------------------------END------------------------------------------------------
37
-------------------------------------------Classical LM---------------------------------------------------
439.0468127276739 464.73403592488114
0 439.0468127276739 464.73403592488114 2.680736299997079
1 284.1460728032566 290.7172582312314 2.7831953999993857
2 284.1460728032566 290.7172582312314 2.7523102999984985
3 284.1460728032566 290.7172582312314 2.8427659000008134
4 226.69794662672578 234.3046455636065 2.823437399987597
5 91.7099700027016 93.13951197954846 2.747174600008293
6 91.7099700027016 93.13951197954846 2.7439143999945372
7 44.595867829585934 40.910661606007054 2.843067699999665
8 44.595867829585934 40.910661606007054 2.733789199992316
9 19.518540677223008 18.433066887078677 2.775332699995488
10 19.518540677223008 18.433066887078677 2.74917509999068
11 10.798150663598335 9.9764644105833 2.820769600002677
12 6.062484834534843 4.9552601969385455 3.881330899996101
13 6.062484834534843 4.9552601969385455 3.070759199996246
14 4.774864124180403 3.738551765340536 2.94503970000369
15 3.9888361655247673 3.110013743822957 2.8115064000012353
16 3.259346679013666 2.4678705438198696 2.775724499995704
17 2.830204221675863 2.1922147845397184 2.749841299999389
18 2.830204221675863 2.1922147845397184 3.6023975999996765
19 2.219065581951315 1.5995226354971126 2.8025940999941668
20 1.9438571776784297 1.4149944381879855 2.7778739999921527
21 1.9438571776784297 1.4149944381879855 2.6901340000040364
22 1.73265958704594 1.2349541257212668 2.8125861000007717
23 1.73265958704594 1.2349541257212668 2.71041429998877
24 1.6015661612433465 1.104356555084729 4.349171299996669
25 1.4988803171059661 1.0021273252129739 4.35712610000337
26 1.394707291841242 0.9145601664967695 4.252381400001468
27 1.3849712031727017 0.9288080959934646 2.733990900000208
28 1.3849712031727017 0.9288080959934646 2.686490300009609
29 1.220464201471753 0.71806274892934 2.7862334000092233
30 1.220464201471753 0.71806274892934 2.749520199999097
31 1.0606696707448255 0.5345913223600228 6.204475000005914
32 1.0163827075104241 0.47677178254579994 6.237422299993341
33 0.9615640419313338 0.40295301265330563 6.183596100003342
34 0.9036401344644884 0.33186256536584674 6.109098799992353
35 0.8686587174498182 0.2922208249161791 5.5757713000057265
36 0.8686587174498182 0.2922208249161791 6.909304100001464
37 0.7625073779493745 0.18149084129212678 3.337855400008266
38 0.7590508682663526 0.17861145025181974 4.648092299990822
39 3.539651271793842
-------------------------------------------------END------------------------------------------------------
-------------------------------------------Krylov LM---------------------------------------------------
439.0468127276739 464.73403592488114
203
0 439.0468127276739 464.73403592488114 8.426687800005311
1 284.1460724990526 290.71725889608166 0.2293052000022726
203
2 284.1460724990526 290.71725889608166 8.394154099994921
3 284.1460724990526 290.71725889608166 0.07342910001170821
4 226.69794884138918 234.30464798845782 0.10891389999596868
203
5 91.70999517712234 93.13954052278152 7.7845953999931226
203
6 91.70999517712234 93.13954052278152 8.07000859999971
7 44.595828432133835 40.91062527806997 0.0860843999980716
203
8 44.595828432133835 40.91062527806997 7.746141700001317
9 19.51851001665103 18.433033378795603 0.0736583999969298
203
10 19.51851001665103 18.433033378795603 8.213202099999762
11 10.798144938123572 9.97645977314752 0.11256429999775719
203
12 6.062485075380422 4.955258677580528 9.866968300004373
203
13 6.062485075380422 4.955258677580528 8.427902399998857
14 4.774864543898539 3.738551522589348 0.10101359999680426
203
15 3.98883706844347 3.1100141634327927 8.105509400003939
203
16 3.259343764189963 2.46787034575233 8.01274820000981
203
17 2.829790352257942 2.1921371766332185 8.533215999996173
203
18 2.829790352257942 2.1921371766332185 8.31880770000862
19 2.219115143598334 1.5992757685394021 0.11355819999880623
203
20 1.9435279615927346 1.4144335210191634 8.082476199997473
203
21 1.9435279615927346 1.4144335210191634 8.335232299999916
22 1.73164160729438 1.2339127144397357 0.08567909999692347
203
23 1.73164160729438 1.2339127144397357 8.0106506000011
24 1.6027026639204984 1.1057763831021876 0.1384364999976242
203
25 1.5001882556358324 1.0035153755711042 7.726723200001288
203
26 1.396836518424024 0.9172795193798006 7.822599999999511
203
27 1.396836518424024 0.9172795193798006 8.074740500000189
28 1.2884841630761166 0.792870229866521 0.10679730000265408
203
29 1.2466294990103295 0.7577564395356271 7.892583099994226
203
30 1.2466294990103295 0.7577564395356271 7.8498872999916784
31 1.1557853558737845 0.64501777392646 0.07355400000233203
203
32 1.1200879976258595 0.6027886556044787 8.126270299995667
203
33 1.0574585752483094 0.5172546089804059 8.341914400007227
203
34 0.9870853907237784 0.4197442503716924 8.171595000007073
203
35 0.9124214158269953 0.33797481669414164 5.742357999988599
203
36 0.9124214158269953 0.33797481669414164 5.0314672000095015
37 0.7779706252983315 0.20081161085244867 0.10753799999656621
203
38 0.765430435242407 0.18821991536222868 4.7979067000123905
203
39 0.765430435242407 0.18821991536222868 4.860101999991457
40 0.7361389352296401 0.15357535423825372 0.1100356999959331
203
41 0.7226608771830678 0.1373164563143466 4.876182500011055
203
42 0.7116426172098744 0.1216761726942922 4.8050358000036795
203
43 0.6995880229545196 0.11051593826635092 5.097683499989216
203
44 0.6995880229545196 0.11051593826635092 4.790047799993772
45 0.681899109633694 0.0871406159138692 0.11623210000107065
203
46 0.681899109633694 0.0871406159138692 5.374944299997878
47 0.672091363869992 0.07638829887875768 0.11397650001163129
203
48 0.6675598450912468 0.07174328997009484 4.8179535000090254
49 4.903654534694304
-------------------------------------------------END------------------------------------------------------
------------------------------------Reduced subspace LM---------------------------------------------------
439.0468127276739 464.73403592488114
0.9980452891334324 20
0 403.20504752050124 425.84192534644023 0.36142869999457616
0.9984257915891401 20
1 351.2503229295782 368.8478326328227 0.21741670000483282
0.9989407425736561 20
2 293.5642094443935 304.0815725932357 0.2059914999990724
0.9987409084007135 20
3 249.59243090623656 256.0138699311246 0.2003296000038972
0.988815979446994 20
0.999999837282349 80
4 237.8965567544413 244.26954173464438 1.6031656000122894
0.9491702535000152 20
0.9999827203309415 80
5 235.8414741950715 229.26764719435081 1.521523299990804
0.946668221200539 20
0.9996529476204644 80
6 185.43657171403555 184.62171373274066 1.4400064999936149
0.8898726482845677 20
0.9989605587582114 80
7 163.35748486580997 167.98563014598 1.4900865999952657
0.9828690287103793 20
0.9998984479844271 80
8 56.5034234050914 58.22815587128203 2.127872800003388
0.9851810944340076 20
0.9999865018815861 80
9 23.266638442283316 22.81151743621637 1.4637287999939872
0.9937359615084856 20
10 8.472424551101536 7.72747065669958 0.20055899998988025
0.8571891166897289 20
0.9999960522041351 80
11 7.029942679756519 6.360020642294079 1.9539320999901975
0.982868970531304 20
0.9999976491782896 80
12 4.388175059907026 3.9254147010193763 1.474338699990767
0.963232457903642 20
0.9999799651011466 80
13 2.55317677920586 1.8489492257320577 2.12803319998784
0.9940771727805987 20
14 1.9207695212408828 1.218728309686993 0.21046869999554474
0.030487564428187796 20
0.9999494589844655 80
15 1.4091407820271407 0.7185847639808609 2.8161399999953574
0.9532738106844075 20
0.9999971433604241 80
16 1.2337064136372515 0.5951737711728421 1.4440323000017088
0.994651731633784 20
17 1.1383881284843262 0.48453967322842256 0.18167610000818968
0.0035180740290353557 20
0.9991522469567364 80
18 1.0106260971247163 0.3799889648862436 1.4392205000040121
0.979037141556116 20
0.9999989582869705 80
19 0.9294876585149475 0.3125015258563202 1.4532616000069538
0.9730809231605984 20
0.999991776843319 80
20 0.9059902262545293 0.30253701986441406 1.4193362000078196
0.9904935670868762 20
21 0.8367373979081016 0.21085783022326662 0.21988050000800285
0.0016482199227132151 20
0.9990259492059513 80
22 0.793964618551835 0.183183601763141 1.3530857000005199
0.9875136933262498 20
0.9999977223204413 80
23 0.775670772293658 0.165578894291951 1.3267019999912009
0.995089192614271 20
24 0.7707756224888458 0.15449468658674986 0.21629169999505393
0.0001503746078954598 20
0.9975632528439993 80
25 0.7547381217807502 0.1454703709154435 1.3892689000058454
0.9800764104610795 20
0.999996815919741 80
26 0.7412728431681802 0.1332502138125298 1.4605446999921696
0.9890994049635043 20
0.9999993032909822 80
27 0.7281858713503403 0.12152798883340994 1.4224307000113185
0.979782994271097 20
0.9999959859797891 80
28 0.7186139945969753 0.11252854913303267 4.216093600000022
0.9881955952797006 20
0.9999993362873917 80
29 0.7103129960688137 0.10572738590374821 2.6722542000061367
0.9892810498314021 20
0.9999992621101731 80
30 0.703417499741508 0.098025041546657 3.1728392000077292
0.9907609032409116 20
31 0.7025921592970116 0.09581102474459079 0.2814268000074662
32 1.3463552031248582
-------------------------------------------------END------------------------------------------------------
38
-------------------------------------------Classical LM---------------------------------------------------
440.3442356192894 456.65831899072555
0 315.23812024577995 335.59831027727495 4.301083400001517
1 233.64109213403282 237.98989886951102 4.315405799992732
2 233.64109213403282 237.98989886951102 2.7459434000047622
3 196.97562090030826 198.4238046547624 4.773318999999901
4 196.97562090030826 198.4238046547624 4.266400799999246
5 169.8456670363083 171.23376318497472 4.432400999998208
6 169.8456670363083 171.23376318497472 4.306585300000734
7 169.8456670363083 171.23376318497472 4.4566761999885784
8 54.09155404288641 52.96458512627383 7.766126599992276
9 54.09155404288641 52.96458512627383 2.7502390000008745
10 21.23713697155917 19.38620668121455 5.764120300009381
11 21.23713697155917 19.38620668121455 10.975429600002826
12 13.816521252218488 12.306235732892688 6.916523599997163
13 13.816521252218488 12.306235732892688 2.910502799990354
14 8.632171939856052 7.424788696834695 2.7806388000026345
15 5.583480548339984 4.440580912440759 6.940438400008134
16 4.35395765174427 3.3779840346458267 2.7225494000012986
17 3.383434080577278 2.5913242287645106 6.96251850000408
18 3.250078272804377 2.5698187133319963 2.74455429999216
19 3.250078272804377 2.5698187133319963 6.957061399996746
20 1.995998432509724 1.3435652749393063 6.88780460000271
21 1.7834986060577473 1.178082008766269 2.7534502999915276
22 1.7834986060577473 1.178082008766269 6.952293999987887
23 1.3304958931459627 0.6715722275225635 5.252180099996622
24 1.2384074887301337 0.5883592202093912 2.6698835999995936
25 1.0372376347968046 0.43277719876491616 6.85808000000543
26 1.0372376347968046 0.43277719876491616 2.7324935000069672
27 0.910968775590993 0.30707455125115224 2.8047548000031384
28 0.910968775590993 0.30707455125115224 6.872687999988557
29 0.8487259441362516 0.25326327657683545 3.010861999995541
30 0.8487259441362516 0.25326327657683545 2.715517299991916
31 0.8179357520329295 0.21426982096630828 3.738392200000817
32 0.8163699800677414 0.21345351767138607 3.3295090999890817
33 4.738376578786164
-------------------------------------------------END------------------------------------------------------
-------------------------------------------Krylov LM---------------------------------------------------
440.3442356192894 456.65831899072555
203
0 315.1178411766829 335.4379632748059 4.806638199996087
203
1 137.18177223577467 138.3476641795203 6.390309800000978
203
2 137.18177223577467 138.3476641795203 4.735595999998623
3 111.7523289987999 108.45198721625177 0.07849799998803064
203
4 111.7523289987999 108.45198721625177 7.602146999997785
5 84.33750144883929 84.04740407506007 0.06865580000157934
203
6 84.33750144883929 84.04740407506007 4.800719899998512
7 76.45719913043816 78.26285875531164 0.1119777999992948
203
8 76.45719913043816 78.26285875531164 8.474292300001252
9 34.10343593129518 33.39408689899799 0.11238380000577308
203
10 34.10343593129518 33.39408689899799 4.767615599994315
11 26.99552195587589 26.243730188776023 0.09963609999977052
203
12 26.99552195587589 26.243730188776023 9.016867599988473
13 12.712189375345055 11.194696100920511 0.13708519999636337
203
14 4.5943285639622085 4.13211835759709 4.879012500008685
203
15 2.648226109489977 2.0788452872451093 9.01525730000867
203
16 2.648226109489977 2.0788452872451093 4.800589000005857
17 2.212168180761272 1.4611975419291716 0.08678709999367129
203
18 2.212168180761272 1.4611975419291716 4.795909200009191
19 1.1637839751396775 0.5335609450867721 0.0989419999968959
203
20 1.0483909045385051 0.42953481538097216 4.749740800005384
203
21 0.9993311688102174 0.37577111996569446 4.761872100003529
203
22 0.877223829419215 0.2729120086195077 4.8118056999956025
203
23 0.7125018381231663 0.10411459222176785 4.997817600000417
203
24 0.7124930378352415 0.10767443829727565 5.836072900012368
203
25 0.6729377859141539 0.07305667438134227 6.31302840000717
203
26 0.6583958219742548 0.05942457443863428 6.638491999998223
203
27 0.6517341690388037 0.05010811390654382 6.086837800001376
203
28 0.6440394618504468 0.0449077091481695 4.764082199995755
203
29 0.639815058563335 0.03761839551869978 4.797729099998833
203
30 0.6361698136401488 0.0364775594637785 4.803209899997455
31 4.304503506451804
-------------------------------------------------END------------------------------------------------------
------------------------------------Reduced subspace LM---------------------------------------------------
440.3442356192894 456.65831899072555
0.9980942549645796 20
0 403.8547542327553 418.98405237646995 0.20113739999942482
0.9988052559256388 20
1 351.21660766077974 364.24980626180314 0.19293069999548607
0.9993190280910613 20
2 293.67005002468005 303.5105043849826 0.2003331000014441
0.9991603816162012 20
3 253.51976169557526 260.2630899119285 0.21199999999953434
0.9770663471473946 20
0.9999992774352168 80
4 249.86054849622334 255.21424333845067 1.6485894999932498
0.9313892647488723 20
0.9998729036546551 80
5 198.19908463643824 197.47465440613274 1.47577089999686
0.8647074146137564 20
0.9996667697150236 80
6 103.6689234139625 100.40702238048245 1.3585753000079421
0.9009156784955972 20
0.9997563777303693 80
7 47.98082374278483 47.44442289522839 1.4848052000015741
0.9320712020738694 20
0.999932850158415 80
8 27.013605836414154 26.01089533868427 1.4843871999910334
0.9808784289458469 20
0.9999653381694042 80
9 16.5139838987112 14.101301769777924 1.3385903000016697
0.9899336279260945 20
0.9999908056136646 80
10 9.856240600463398 9.02649690217881 1.3903952000109712
0.9944048865649606 20
11 4.541736526208224 3.644799137258761 0.20501800000783987
0.24173070504056526 20
0.9999856546932171 80
12 2.8021781056632005 1.9947304680991491 1.430875100006233
0.9575798834839871 20
0.9999974210626129 80
13 2.206145165081567 1.5255731366268206 1.4064593000075547
0.9952744466005133 20
14 1.8189673893022758 1.1301878903547318 0.191980000003241
0.033662737238054186 20
0.9997703534038018 80
15 1.5509110348448085 0.8771943581923618 1.514617900000303
0.9962439218989071 20
16 1.4586810447512772 0.7950843396107034 0.23983609999413602
0.009904156754115497 20
0.9993658798293581 80
17 1.3242765382193722 0.690622445330308 2.0939223999885144
0.9987615929787373 20
18 1.241504472655487 0.6037730102601686 0.1907288999937009
0.05180757775156783 20
0.9999691510707187 80
19 1.1375444611794054 0.5099838047834251 1.4834162000042852
0.998321256864671 20
20 1.0789636433991396 0.46016781041792565 0.22148350000497885
0.004548639432696947 20
0.9996888456281363 80
21 0.9812833346032325 0.36968721475553284 1.4501128000119934
0.9950894814579548 20
22 0.965409057437133 0.3506218561891287 0.45550789999833796
0.0027207772312383078 20
0.9993376689238769 80
23 0.9183891290067401 0.3121414697968795 1.4689562999992631
0.9925118288469924 20
24 0.9016025125976456 0.3011717237130132 0.2854511000041384
0.0025710394619370028 20
0.9992309842093998 80
25 0.8626588034489172 0.25772343090007 1.4634106000012252
0.983784789327213 20
0.9999991084283815 80
26 0.8417468375634937 0.24210845303838865 1.4652515000052517
0.9901531304130673 20
27 0.8237436674929857 0.23317915511352783 0.21787579999363516
0.0031455600283514713 20
0.9993036166845406 80
28 0.8176867324747126 0.20963639515632343 1.3911585000023479
0.984958856016909 20
0.9999993453885165 80
29 0.7902655656502209 0.18467706645284124 1.4180496000044513
0.9843928879975208 20
0.999999228087752 80
30 0.7772471944055893 0.1712399434507562 1.3991062999994028
0.9913373396572545 20
31 0.7379501340040552 0.1440669825330943 0.29654110000410583
0.004972192445537588 20
0.9998424677113276 80
32 0.7131174910026612 0.1103872833512323 1.3827343000011751
0.9891193567805798 20
0.9999993323822616 80
33 0.7031723529001923 0.10060198973942301 1.3735473999986425
0.9962072817688152 20
34 0.7014318652291178 0.10044248659876852 0.21916870000131894
35 0.9786492600010076
-------------------------------------------------END------------------------------------------------------
39
-------------------------------------------Classical LM---------------------------------------------------
402.75019589562464 424.75076633272516
0 402.75019589562464 424.75076633272516 2.6800594000087585
1 268.06632316017203 267.24947209631193 2.8248699999967357
2 268.06632316017203 267.24947209631193 2.757376399997156
3 178.4048257306635 180.31718523755197 2.83149169999524
4 178.4048257306635 180.31718523755197 2.675760199999786
5 50.351927066989305 49.33294003839055 2.813847400000668
6 50.351927066989305 49.33294003839055 2.6967021000018576
7 37.61753251152944 37.29328507017826 2.796502299999702
8 37.61753251152944 37.29328507017826 5.227296300014132
9 13.334753572921507 13.135942019388711 4.0945905999979
10 8.652277982811821 7.9185816713737145 2.720226300007198
11 3.7348021867853953 3.266991694034108 2.723435000007157
12 3.7348021867853953 3.266991694034108 2.711910500001977
13 2.331425312211545 1.7909600466463558 2.82803530000092
14 1.9974493033386191 1.457234603269065 2.678393499998492
15 1.9974493033386191 1.457234603269065 2.668342400007532
16 1.8659322264747824 1.1386740033905107 2.933076599991182
17 1.4519131624729769 0.8691800407632265 2.705226900012349
18 1.4519131624729769 0.8691800407632265 2.6690169000066817
19 1.0440715218840093 0.41308194891457467 2.812716200001887
20 0.8754306347822374 0.2588361212834223 2.737319399995613
21 0.8754306347822374 0.2588361212834223 2.6697892999945907
22 0.8215045069508727 0.20741676325555103 2.793294599992805
23 0.7913672918588307 0.18034900220667113 2.7046597999869846
24 0.7913672918588307 0.18034900220667113 2.6778376000002027
25 0.7600079580051958 0.1470969852893983 2.821364100003848
26 0.7416377972965702 0.13010332727696386 4.377181699994253
27 0.7240873165397125 0.11399785016469918 2.752411599998595
28 0.6984898804619007 0.08987617988762801 4.9483638999954564
29 0.6795100523508297 0.07230047566824407 2.721630500003812
30 0.669658679288005 0.0643638909686799 2.6907728999940446
31 0.648560596834087 0.04565387342433752 2.729093500005547
32 0.648560596834087 0.04565387342433752 2.610813999999664
33 0.629536049521949 0.027741265903051357 2.7458519999927375
34 0.629536049521949 0.027741265903051357 2.660141799991834
35 0.6271511683448608 0.02617125283889402 2.757807000001776
36 2.9513113805555298
-------------------------------------------------END------------------------------------------------------
-------------------------------------------Krylov LM---------------------------------------------------
402.75019589562464 424.75076633272516
203
0 402.75019589562464 424.75076633272516 4.817929199998616
1 268.06632319835376 267.24947213674636 0.08486780000384897
203
2 268.06632319835376 267.24947213674636 5.745687300004647
3 178.40448771413426 180.31685671854024 0.074037699989276
203
4 178.40448771413426 180.31685671854024 4.816973399996641
5 50.35169748930958 49.33296181116531 0.09944739998900332
203
6 50.35169748930958 49.33296181116531 4.773220500006573
7 37.61720906263249 37.29287733922948 0.08326790000137407
203
8 37.61720906263249 37.29287733922948 4.816380000003846
9 13.33457319412951 13.135816953822115 0.09990100000868551
203
10 8.652035013191597 7.918238817297823 5.663514500003657
203
11 3.755798665666362 3.2919272627462215 4.7734159999963595
203
12 3.755798665666362 3.2919272627462215 5.64279150000948
13 2.326729563516822 1.7873780015311656 0.09567609999794513
203
14 1.9944748927811278 1.4501063477544196 4.793104700002004
203
15 1.9944748927811278 1.4501063477544196 6.023761600008584
16 1.8706372086006813 1.1417191598705827 0.09515939999255352
203
17 1.4552876287363385 0.8726620940849695 4.788286199996946
203
18 1.4552876287363385 0.8726620940849695 6.133298599990667
19 1.0471719326731306 0.41512826607653075 0.10838750000402797
203
20 0.8775040395582435 0.25986394203096996 4.789909200000693
203
21 0.8775040395582435 0.25986394203096996 4.83765480000875
22 0.822998059979337 0.20838751350469517 0.08417639999242965
203
23 0.7926541639948821 0.18128619138405436 4.767191200007801
203
24 0.7926541639948821 0.18128619138405436 4.7509031999943545
25 0.7613356920613548 0.14803949568220054 0.0795918000076199
203
26 0.7430639844248735 0.13117766341681625 4.740330200002063
203
27 0.725721754817683 0.11554895683224624 5.3556173000106355
203
28 0.6991175406900478 0.09042724592176822 5.787524600003962
203
29 0.6770376066588376 0.06797619856520991 6.32092030000058
203
30 0.6710958039078235 0.06321543284035 6.184842300004675
203
31 0.6675378967050579 0.06039411025968748 4.777732799993828
32 3.625171950001004
-------------------------------------------------END------------------------------------------------------
------------------------------------Reduced subspace LM---------------------------------------------------
402.75019589562464 424.75076633272516
0.9976439909447504 20
0 373.22421213953396 392.28952565204406 0.21291550000023562
0.9987396525601876 20
1 330.6230239988937 344.80005730357254 0.18874690000666305
0.9988870987800194 20
2 284.555002678694 293.15676629883995 0.20047579999663867
0.9988571708207397 20
3 250.37185064489864 255.73280547505564 0.2062904000049457
0.9892694142845191 20
0.9999937671722551 80
4 246.15855901412596 250.93523790415017 3.1524000000063097
0.9498518017203564 20
0.9999830500160185 80
5 221.11309750913622 228.94157776153355 1.4152833999978611
0.5352399637393158 20
0.9866984364424343 80
0.9961558917657365 140
6 172.4589574288765 176.00467208949453 3.1796063000074355
0.7123026220380336 20
0.9929205655861947 80
7 55.371493575212945 53.40580746754483 1.9159290000097826
0.8699649306813033 20
0.9987360356470067 80
8 23.813086210378593 24.07908785595563 2.747610000005807
0.9393089644905733 20
0.9992274134829945 80
9 17.26051822345915 16.970713098605195 1.4627365999913309
0.9811065845938546 20
0.9999834813573423 80
10 10.684476419055782 10.183468444595187 1.4986876999901142
0.9944181687038893 20
11 7.159101701109906 6.422168680828311 0.19724590000987519
0.5346938591848805 20
0.9999955295759889 80
12 5.016947333125498 4.507367001785125 1.404229400010081
0.9660584983201179 20
0.99999812694717 80
13 3.694057006235915 3.203469994428675 1.4664642999996431
0.9972506264251156 20
14 3.0229379316559752 2.4810098789680577 0.19444479999947362
0.1468244617120808 20
0.9999952388482963 80
15 2.6693487917415593 2.065895033545621 2.3565795000031358
0.9963901584695346 20
16 2.494591277296417 1.956463510948014 0.21584119999897666
0.020030767245855403 20
0.999969294389708 80
17 2.266966843449431 1.6980897737647571 2.707043699992937
0.9969646673607133 20
18 2.1235522498610853 1.5835064321322871 0.2919647999951849
0.008336960197756807 20
0.9999505204784641 80
19 1.8965034909631227 1.3479009395267396 2.639714200005983
0.9959517873815379 20
20 1.8328381467459098 1.2809238779730379 0.22790600000007544
0.004182314740895676 20
0.9999210974516596 80
21 1.6320906871892096 1.098866140131856 1.428945300009218
0.972143017385999 20
0.9999986868495062 80
22 1.5419630916269966 1.0254581705488894 1.4458660999953281
0.9936168503754979 20
23 1.4408050947239996 0.8944929245088943 0.21219179999025073
0.014628624334399315 20
0.999930622395031 80
24 1.352040168509943 0.8049293067859478 1.455188799998723
0.9863864033626901 20
0.9999992621720811 80
25 1.2854157013910354 0.7460771934994902 1.3490442999900552
0.9936913165558378 20
26 1.1601981111764514 0.5976724083920973 0.25760350000928156
0.004516172717943559 20
0.9987357278256314 80
27 1.0995459050172427 0.5040598276126909 1.378637300003902
0.9896155804873975 20
0.9999995082299393 80
28 1.0839791336171976 0.5142170741365735 1.3907864999928279
0.992526852724513 20
29 1.0611977943303368 0.4799503812135897 0.21930289998999797
0.009902603142695669 20
0.9999582318443847 80
30 1.0374785947154912 0.44242792863202907 2.941984200006118
0.9952106881483618 20
31 1.025685380691334 0.42694035045109474 0.21204650000436231
0.004838056147431057 20
0.9999023383809288 80
32 1.010681394518688 0.43820625403685903 3.1458735999913188
0.9898726566344583 20
0.9999974236482613 80
33 0.9822770924138964 0.3847078919034214 1.37289429998782
0.9963835512620528 20
34 0.9710962483855196 0.3716044778668178 0.20325099999899976
0.0025361268169339216 20
0.9998100827603569 80
35 0.9541576447679879 0.3732431241095984 1.5127636999968672
0.9862706234772383 20
0.9999973720212559 80
36 0.930489167115421 0.32955986015007366 1.3844364999968093
0.9959126186924044 20
37 0.9226905272128497 0.3210411895850621 0.2215866000042297
0.000858556656427279 20
0.9992550228291666 80
38 0.9081617418217265 0.31775652720372016 2.845142300007865
0.9821774816452525 20
0.9999980337710385 80
39 0.8897271018582437 0.2866301922360192 1.3628050999977859
0.9931181201354464 20
40 0.8862121661328071 0.2834151595467047 0.21424479999404866
41 1.278944158536544
-------------------------------------------------END------------------------------------------------------
40
-------------------------------------------Classical LM---------------------------------------------------
441.3138546057213 465.9508168509708
0 441.3138546057213 465.9508168509708 2.688815900008194
1 293.8092409266363 301.8251687847574 2.808147399991867
2 169.50072121432322 168.19188944029844 2.7478763999970397
3 169.50072121432322 168.19188944029844 2.787596599999233
4 134.2755690865911 127.41425245396852 2.798148800007766
5 134.2755690865911 127.41425245396852 2.7261797999963164
6 58.02218456822424 58.141668050048814 2.7727349000051618
7 58.02218456822424 58.141668050048814 2.7044978000049014
8 38.57741222067198 38.86472449535819 3.0664375000051223
9 28.465808261900605 27.3268440023466 2.7617154000035953
10 28.465808261900605 27.3268440023466 2.7332817999995314
11 28.465808261900605 27.3268440023466 2.9546346999995876
12 13.440692052724053 13.667821208758395 2.7575447999988683
13 6.79465230446041 5.944666682975877 2.720022399997106
14 5.337792662125162 4.671818720130894 2.7680026999878464
15 5.337792662125162 4.671818720130894 2.7645047000114573
16 3.417721242185146 3.018539738948771 2.797683099997812
17 2.809405263598209 2.1504160063191384 2.6749801999976626
18 2.809405263598209 2.1504160063191384 2.663597699996899
19 2.4098027918003275 1.8676976648548926 2.772379900008673
20 2.1586759049381357 1.4689759679627767 2.6963870999898063
21 2.1586759049381357 1.4689759679627767 2.7626591000007465
22 1.6303387398992537 1.1073100767425685 2.9305285999871558
23 1.3961582295400237 0.8658623633380803 2.738771699994686
24 1.375391863400906 0.8601753073094714 2.7431688999931794
25 1.375391863400906 0.8601753073094714 2.6771847999916645
26 1.1884458052605962 0.5795588851116066 3.0249461000057636
27 1.0281671233134155 0.41965366701146 2.926203600000008
28 1.0281671233134155 0.41965366701146 2.783891200000653
29 0.880625488305635 0.28073307426870026 2.73030120000476
30 0.880625488305635 0.28073307426870026 2.69588769999973
31 0.8489200506518011 0.24951305752299158 2.9359450999909313
32 0.8319549717854279 0.2270814129059749 2.6754449999862118
33 0.8271680251887279 0.21529509105561181 2.7347162999940338
34 2.7801417323515873
-------------------------------------------------END------------------------------------------------------
-------------------------------------------Krylov LM---------------------------------------------------
441.3138546057213 465.9508168509708
203
0 441.3138546057213 465.9508168509708 4.715872600005241
1 293.8092416233399 301.8251693125784 0.10427529999287799
203
2 169.41768429518464 168.14503934456076 4.72822730000189
203
3 169.41768429518464 168.14503934456076 5.119536600002903
4 134.06200985314962 126.61869231825706 0.10333500000706408
203
5 134.06200985314962 126.61869231825706 5.363182900007814
6 60.48735181936662 59.6871971162415 0.08818659999815281
203
7 60.48735181936662 59.6871971162415 6.221119900001213
8 25.51742922475239 25.198893472535634 0.10765720000199508
203
9 25.51742922475239 25.198893472535634 6.095822100003716
10 15.824852412762176 15.363162368782639 0.09999869999592192
203
11 15.824852412762176 15.363162368782639 6.611466500005918
12 10.786432032035114 10.220902718280547 0.09893409999494907
203
13 5.8141582410973935 5.114458796943185 6.22434620000422
203
14 5.8141582410973935 5.114458796943185 5.264183599996613
15 4.267387904475277 3.571656638906659 0.12870299999485724
203
16 3.4169035090292446 2.6697111618674794 5.616915199992945
203
17 2.6582274308339047 2.0340540285971715 4.800220699995407
203
18 2.6582274308339047 2.0340540285971715 4.847327600000426
19 2.1894471658965515 1.5663110297882004 0.10716820000379812
203
20 1.8754229356227377 1.2368751041645696 4.815351700002793
203
21 1.8754229356227377 1.2368751041645696 5.163303699999233
22 1.4825792640065965 0.830205813425031 0.1271889000054216
203
23 1.3323066032828939 0.6991219466433015 5.877931200011517
203
24 1.24540160262044 0.6246893104236477 4.847118699995917
203
25 1.24540160262044 0.6246893104236477 5.727653399997507
26 0.9732260406434478 0.357513001599728 0.09051730000646785
203
27 0.9238952032413177 0.3072781720952905 6.132302999991225
203
28 0.9238952032413177 0.3072781720952905 6.161429699990549
29 0.8489285510719162 0.2348027165376944 0.1098167000018293
203
30 0.804360674094753 0.1939549141313622 5.488492399992538
203
31 0.804360674094753 0.1939549141313622 4.726271399995312
32 0.7795616372560207 0.17004457846924348 0.10486010000749957
203
33 0.7621007709052002 0.1535867386649956 4.798422099993331
203
34 0.7621007709052002 0.1535867386649956 4.815221599987126
35 0.74070891350754 0.1306974299952079 0.1152726000000257
203
36 0.7278974624103018 0.11777147077265131 4.83506280000438
203
37 0.7128045189959704 0.1033740551946525 4.802753099997062
203
38 0.7066390704183635 0.09880757181237333 4.82931390000158
203
39 0.7066390704183635 0.09880757181237333 7.917012199992314
40 0.6794656512125484 0.07228827385726204 0.13251509999099653
203
41 0.6758831363766226 0.06935839698418428 5.125553399993805
42 3.647377245237294
-------------------------------------------------END------------------------------------------------------
------------------------------------Reduced subspace LM---------------------------------------------------
441.3138546057213 465.9508168509708
0.9979684614811395 20
0 404.875682833135 426.84285877606015 0.19128440000349656
0.9984364227568355 20
1 352.11881626347576 369.8385107255084 0.21381129999645054
0.998959497252713 20
2 294.55887860907904 306.1643902572429 0.22007250000024214
0.9991952549663206 20
3 255.09584596065272 260.6901919312897 0.21544110000832006
0.9881608945966472 20
0.9999998613499413 80
4 247.70816711796235 253.52264002001837 1.6013216999999713
0.8587910527038543 20
0.9996622254725613 80
5 239.20895160397413 244.67632638569293 1.7441183000046294
0.9492912015320318 20
0.9996625812386233 80
6 233.116600555313 239.30643930120814 1.62992980000854
0.9880145091855821 20
0.9999721095974655 80
7 172.0067376825241 177.08109917520937 1.670536199992057
0.9883331773974909 20
0.9999964588314456 80
8 109.37253015201652 110.0980610709736 1.4718779000104405
0.9872168025761016 20
0.9999983003986406 80
9 40.14727074429152 40.87646503927353 1.4401059999945574
0.9785605513553812 20
0.999975253546741 80
10 18.901890258748775 18.693642276961228 1.4580913000099827
0.9946805204437427 20
11 7.309131291227661 6.230415488347464 0.21901129999605473
0.629814481225068 20
0.9999952383226207 80
12 6.403254372752609 5.8323142436453566 2.263004699998419
0.989877280903201 20
0.9999984278192456 80
13 3.033980297039637 2.3045073288470403 3.0031943999929354
0.8866070847362687 20
0.9999975317520916 80
14 1.9206924195939252 1.1765944590432904 2.4519925999920815
0.8714993153745082 20
0.9999971495036665 80
15 1.5214005240878041 0.8268902896370675 1.4254813000006834
0.9631987001610586 20
0.9999992395825577 80
16 1.2444157935237057 0.5548365165556525 1.3774887999898056
0.9521533706855254 20
0.9999959784983132 80
17 0.9692406176050681 0.3423864688437261 1.468828900004155
0.9981692848268233 20
18 0.8464557559294983 0.21068188751050976 0.2052055000094697
0.01445431476199783 20
0.9999595182103852 80
19 0.8161071879831571 0.18634584687194752 3.0667388000001665
0.9959780689787107 20
20 0.8053946027268134 0.17230262856346695 0.19726279999304097
0.0001959551047724954 20
0.9982763207354817 80
21 0.8048330670324024 0.1784602217248268 1.5632514000026276
0.999453648021931 20
22 0.7650265999756557 0.1400513456528526 0.21354599999904167
0.007150478821028082 20
0.9998980651338581 80
23 0.7504934740666224 0.12929621316645365 1.461017699999502
0.9986599930386212 20
24 0.7423269646351395 0.12242725729946148 0.20282740000402555
0.0004645406517878943 20
0.9994210918087781 80
25 0.7294289235080509 0.11210863007862114 1.50306429999182
0.9933957525362507 20
26 0.7280416030377198 0.11105497586354575 0.21069720000377856
2.8680836112228796e-05 20
0.9994792095097333 80
27 0.7145524866612765 0.09888674680856066 1.4376747999922372
0.9934277244483709 20
28 0.7134957535196343 0.09868820139933308 0.21120809999410994
1.576687116251154e-05 20
0.9994099407362784 80
29 0.7081770141995638 0.09236069535240676 1.386322199992719
0.971836994747699 20
0.9999985088431093 80
30 0.6913158842585998 0.0758529957485025 1.38712939999823
0.9900652021135524 20
31 0.6895089254899154 0.07565250755515227 0.19560639999690466
32 1.1658482656243905
-------------------------------------------------END------------------------------------------------------
41
-------------------------------------------Classical LM---------------------------------------------------
428.3862120031744 449.0029548097947
0 428.3862120031744 449.0029548097947 2.7440495000046212
1 271.25149708810204 276.4274541577322 2.8121919999975944
2 271.25149708810204 276.4274541577322 2.712979699994321
3 271.25149708810204 276.4274541577322 2.7994082999939565
4 264.44807348124914 261.97798724352947 2.8092772999953013
5 73.66102814131276 70.58366770138929 2.784212100013974
6 73.66102814131276 70.58366770138929 2.6931512000010116
7 70.1213114900871 70.79631060664315 2.778267200003029
8 36.474598378598714 35.73137433586031 2.7291113999963272
9 36.474598378598714 35.73137433586031 2.754971399990609
10 25.17192617515895 23.780821269179338 3.2392320999933872
11 17.321932844331428 15.564059557270761 3.8328350000083447
12 17.321932844331428 15.564059557270761 2.813618000000133
13 6.2153427531036325 5.630653568368767 2.9154774000053294
14 6.2153427531036325 5.630653568368767 2.7162246999942
15 4.064137289823639 3.3326944542217567 2.81615490000695
16 3.0710340456196756 2.520515705473442 2.7379473999899346
17 2.696679951530511 2.0680044975432343 2.6999729000090156
18 2.696679951530511 2.0680044975432343 2.6994004000007408
19 1.3280327101643377 0.7193065513152048 4.3784861999884015
20 1.0025748412640823 0.3704092033142202 3.669566999989911
21 1.0025748412640823 0.3704092033142202 2.743505799997365
22 0.8749000103798875 0.26719820770357944 5.5802957999985665
23 0.8329456000372315 0.22812784466700922 2.713018900001771
24 0.7917408851442317 0.18964318058385532 4.765792100006365
25 0.7194544725605962 0.12266200031357172 2.7598408999911044
26 0.7085063455130926 0.10396601049776774 6.090169699993567
27 0.7085063455130926 0.10396601049776774 2.718799099995522
28 0.6596138705757462 0.05320628051274161 2.76270169999043
29 0.6573151851553163 0.04934912638487312 2.6308986999938497
30 0.6573151851553163 0.04934912638487312 2.6909615000040503
31 0.6483795776480671 0.04228573712273911 4.001239999997779
32 0.6457281319567002 0.03880056752750493 3.448188800000935
33 3.183089366665103
-------------------------------------------------END------------------------------------------------------
-------------------------------------------Krylov LM---------------------------------------------------
428.3862120031744 449.0029548097947
203
0 428.3862120031744 449.0029548097947 5.078773300003377
1 271.2514970252519 276.42745403193027 0.10024430000339635
203
2 271.2514970252519 276.42745403193027 4.789929300008225
3 271.2514970252519 276.42745403193027 0.10582169999543112
4 264.44807294019216 261.97798977163745 0.17483720000018366
203
5 73.66215851727142 70.58486751380292 6.094138100001146
203
6 73.66215851727142 70.58486751380292 4.726285700002336
7 70.11973892103534 70.7941992649165 0.07493419999082107
203
8 36.47474061403635 35.732489361368515 5.849771799999871
203
9 36.47474061403635 35.732489361368515 4.858902899999521
10 25.168505227433645 23.77504745884426 0.09399360000679735
203
11 17.26684843576248 15.513581069664044 6.320881899999222
203
12 17.26684843576248 15.513581069664044 4.764938399996026
13 6.218938310808062 5.634156529817892 0.09487660000741016
203
14 6.218938310808062 5.634156529817892 4.805009599993355
15 4.066838866896152 3.3333645902902282 0.0738920000003418
203
16 3.074597210562455 2.5236731334922387 4.7589904999913415
203
17 2.7068881163134346 2.0819826898405265 4.782571200004895
203
18 2.7068881163134346 2.0819826898405265 4.840043799995328
19 1.334965169067863 0.7261627893246101 0.117231800002628
203
20 1.003600681680637 0.3717122226791672 4.885366200003773
203
21 1.003600681680637 0.3717122226791672 4.75869820000662
22 0.8754748501878886 0.26750090008080085 0.10122110000520479
203
23 0.833679838876997 0.22855310088846567 4.828570800003945
203
24 0.7913002200348951 0.188562307022249 5.732641700000386
203
25 0.7241205754087763 0.12660349704750898 4.828870700002881
203
26 0.6997846403966199 0.09617924844785877 4.879259100009222
203
27 0.6997846403966199 0.09617924844785877 4.981606700006523
28 0.6635723647161132 0.0567880076128097 0.08337209999444894
203
29 0.6592841914791483 0.05129139419235525 4.709637799998745
203
30 0.6592841914791483 0.05129139419235525 4.772106100004748
31 0.6509141059157036 0.04423776670187926 0.08227820000320207
203
32 0.6481608880729594 0.040270118891172754 4.731299299994134
33 3.3903332090919847
-------------------------------------------------END------------------------------------------------------
------------------------------------Reduced subspace LM---------------------------------------------------
428.3862120031744 449.0029548097947
0.9991509794892973 20
0 394.23464219385426 411.63701535641167 0.21491470000182744
0.9992762429941583 20
1 344.86447424062715 358.2725829418817 0.39738690000376664
0.9993870766203373 20
2 290.1092218031484 299.6222224626016 0.19639620000089053
0.9989072958150865 20
3 249.37504489752325 255.5494586850603 0.4338248999993084
0.9451653965332361 20
0.9999993074688963 80
4 237.88737251992956 237.89225206262967 1.5488260999991326
0.8491889621287101 20
0.9993006840914183 80
5 177.28720157285028 183.57884080110955 1.4447961999976542
0.8744538865706429 20
0.9995320633148767 80
6 171.48775006356163 175.31339478422905 1.5369396000023698
0.9529163836034404 20
0.9998437760422557 80
7 143.4596090468478 149.4437443871313 1.4642500000045402
0.983880284603492 20
0.9998871419594318 80
8 67.01861636121089 69.69154617392348 1.4267918999976246
0.986516942528502 20
0.999946097881133 80
9 39.15316398770826 35.22568909754925 1.3589324000058696
0.9710273640134741 20
0.9999469215153882 80
10 15.355282085338608 15.36846492343899 1.3378862000099616
0.9848554576384727 20
0.999997697045866 80
11 7.009872299695423 6.104947846970223 1.3303988999978174
0.9770721014320732 20
0.9999672190659262 80
12 2.6320020130092727 1.93305279524469 1.981614800009993
0.9970922012703307 20
13 1.7738797241008684 1.093466925118233 0.4665706000087084
0.07430898105855158 20
0.9999852817602983 80
14 1.370164735936735 0.7165813654741944 2.4035803000006126
0.9212408848173859 20
0.9999919249675647 80
15 1.1354743483916683 0.5137393065806255 1.6921449999936158
0.9833703292707775 20
0.9999983002108098 80
16 0.9860824764723874 0.3733502844835641 1.558345700002974
0.9909569098589576 20
17 0.9425836511181082 0.3249860754673029 0.21887949999654666
0.0018718067391361858 20
0.9978901589998345 80
18 0.8627304078136562 0.2531273265595091 1.4926445000019157
0.9478729819396271 20
0.9999985148926301 80
19 0.8612568270022539 0.24613543760861625 1.4305581000080565
0.9759924899317679 20
0.9999987148011018 80
20 0.7701722835324705 0.16646316674632555 2.366479700009222
0.9976327203833246 20
21 0.7451794183983473 0.141057663108864 0.19279060000553727
0.0011274172638188198 20
0.9994750489481592 80
22 0.7289562324678971 0.11233321136805875 1.3651975999964634
0.994906253637113 20
23 0.7161043007072592 0.09798173556310384 0.20667179999873042
0.002201945095585637 20
0.9996767026838252 80
24 0.7017500136617787 0.08918643464939374 1.4347737999923993
0.9863130380665427 20
0.9999993852758678 80
25 0.6907684848909019 0.08567084762242012 2.1165322000015294
0.9751710336885703 20
0.9999985595828249 80
26 0.6701404197186343 0.06436188035031014 1.3650575999927241
0.995706097750799 20
27 0.666558988934739 0.06014016020828748 0.3454073999891989
0.0004255598321639097 20
0.9993892343436599 80
28 0.6629207976545256 0.05648169732367485 1.3637954000005266
0.9962678674634389 20
29 0.6605617226706106 0.054657396317634326 0.2063423000072362
0.00014108836712408223 20
0.9950781387200137 80
30 0.6569371177431834 0.051103178003582356 1.3796330000041053
31 1.1702698032271244
-------------------------------------------------END------------------------------------------------------
42
-------------------------------------------Classical LM---------------------------------------------------
400.7296254387741 418.84683201296394
0 400.7296254387741 418.84683201296394 2.720741099998122
1 301.1839628062117 310.73801018456766 2.827538800003822
2 301.1839628062117 310.73801018456766 2.723697199995513
3 260.47502575630017 255.57905612103528 3.412308300001314
4 103.99412214553956 106.02904494057482 3.691692799999146
5 103.99412214553956 106.02904494057482 3.1681849000015063
6 69.64781957101088 68.82182480904424 2.816543699998874
7 69.64781957101088 68.82182480904424 2.774112300001434
8 39.022222873806086 36.445365323222276 2.7735200000024633
9 39.022222873806086 36.445365323222276 2.714058000012301
10 14.260523942401889 12.64255678389581 2.8541460999986157
11 11.894368437864207 11.303399756848641 2.74594929999148
12 11.894368437864207 11.303399756848641 2.7323978999920655
13 3.702609025862576 2.9594275911648387 2.8332820999930846
14 3.702609025862576 2.9594275911648387 2.7057532999897376
15 2.4168402683088686 1.637701932932859 2.8165904999914346
16 1.8912096440511919 1.179905471508343 2.688267599995015
17 1.5533018468715345 0.9111511514394978 2.7721934000001056
18 1.5533018468715345 0.9111511514394978 2.6439612999965902
19 1.1539098217948176 0.4997879025491702 2.8143795000069076
20 1.0383062964810876 0.4091879648370732 2.7575445999973454
21 0.9891611198196917 0.3874355647454492 2.738098000001628
22 0.9891611198196917 0.3874355647454492 2.657004299995606
23 0.8310381291284504 0.21849975086658496 2.7926139000046533
24 0.8130186502973116 0.2164259068527254 2.6907195999956457
25 0.8130186502973116 0.2164259068527254 2.6725564999942435
26 0.7474809311694444 0.13528836961463075 2.8026405999989947
27 0.723212547381435 0.11465942579601017 2.690344999995432
28 0.7054068637458389 0.09875444696822532 2.7046513999957824
29 0.6853338646077763 0.0738302773449292 2.8876907999947434
30 0.6853338646077763 0.0738302773449292 2.747114600002533
31 0.6522535283243391 0.0408624931561359 2.790988299995661
32 0.6451456971982344 0.03484453153470052 3.8267758000001777
33 0.6425104250625137 0.03327594014197364 3.444816200004425
34 2.8656728735278354
-------------------------------------------------END------------------------------------------------------
-------------------------------------------Krylov LM---------------------------------------------------
400.7296254387741 418.84683201296394
203
0 400.7296254387741 418.84683201296394 4.765049900001031
1 301.18396271521 310.7380100837622 0.0994213999947533
203
2 301.18396271521 310.7380100837622 5.057359999991604
3 260.4732943890741 255.57699953390386 0.14358519999950659
203
4 98.13984423804962 100.79455458377126 5.701503200005391
203
5 98.13984423804962 100.79455458377126 5.010345399990911
6 46.27225753517224 44.61815412015293 0.09712769999168813
203
7 46.27225753517224 44.61815412015293 4.776349499996286
8 37.03259113910148 35.11160747536921 0.0663464999961434
203
9 37.03259113910148 35.11160747536921 4.759797699996852
10 17.4281640438606 16.281297456051465 0.07460140000330284
203
11 17.4281640438606 16.281297456051465 4.724012899998343
12 6.6662592280910875 5.697928422795126 0.08674349999637343
203
13 3.0548555316664285 2.4569936899653912 4.7845197999995435
203
14 2.94795587184535 2.2327214709696905 4.785203799998271
203
15 2.94795587184535 2.2327214709696905 5.971228399997926
16 1.5878313265649389 0.9683973708445793 0.08207060000859201
203
17 1.441800981803621 0.858631513679962 6.114423699997133
203
18 1.441800981803621 0.858631513679962 5.998937399999704
19 1.2278095978389048 0.5944658056936121 0.11245289999351371
203
20 1.2278095978389048 0.5944658056936121 4.830227999991621
21 1.1659033622183321 0.5504727759616175 0.12075899999763351
203
22 1.0875861115305652 0.47063862424766084 5.800742199993692
203
23 1.0875861115305652 0.47063862424766084 4.7026597000076436
24 1.0000496559830425 0.4004095753737085 0.09517380000033882
203
25 0.9464935799891838 0.34875611361671743 5.2282119000010425
203
26 0.8873054554552382 0.29321920916822797 4.795541600004071
203
27 0.8504501534460199 0.24434789187601172 4.793139699992025
203
28 0.8271343862204107 0.22658994465828752 5.094359499998973
203
29 0.8271343862204107 0.22658994465828752 4.82569820000208
30 0.7182800910633826 0.11809900689732585 0.0954323000041768
203
31 0.6992243470549292 0.09887619872206957 6.383238900001743
203
32 0.6911312186696372 0.08841316362129172 5.7960865999921225
203
33 0.6770199931641663 0.07397158256959094 6.4080411000031745
203
34 0.6770199931641663 0.07397158256959094 4.8267176000081236
35 0.6631116292050018 0.06012118840494193 0.07358290000411216
203
36 0.6566572484001739 0.05217855380734649 7.701321100001223
203
37 0.6566572484001739 0.05217855380734649 4.76011779998953
38 0.6536481768055429 0.049967745339647505 0.11314820000552572
39 3.580904641024506
-------------------------------------------------END------------------------------------------------------
------------------------------------Reduced subspace LM---------------------------------------------------
400.7296254387741 418.84683201296394
0.9989583285846216 20
0 371.6960304783688 387.764639787278 0.48069500000565313
0.9991481236778557 20
1 329.79102807497054 342.8211352387084 0.2020797000004677
0.9993433431770113 20
2 284.04184612443544 293.54774451332065 0.19509829999879003
0.9993190803048247 20
3 251.82483618173845 256.95077335428255 0.19166009999753442
0.9800140706084148 20
0.9999983599770111 80
4 250.33622036920386 252.56618491714997 1.6564213999954518
0.9740986693802623 20
0.9998708187739691 80
5 246.89691238800287 255.2714554958198 1.4007305999984965
0.827648673675366 20
0.9989838498662273 80
6 213.83545489070053 219.45249212401183 1.526687999998103
0.9274635435437248 20
0.9987609575218547 80
7 189.77490514149613 194.9856964598202 1.518539900003816
0.9815516227348308 20
0.9998229972609954 80
8 188.74832389877122 193.71441956159228 1.4015580999985104
0.9886931463386724 20
0.999916461752647 80
9 98.72624705822638 99.28556001049036 1.4183924999961164
0.9866584213881033 20
0.9998966319532004 80
10 69.32504715336901 69.91174837531956 1.574979999990319
0.9960787848294999 20
11 24.183720268695442 23.750037211412014 0.22856109999702312
0.7018642645290678 20
0.9999588240835353 80
12 23.32446998369307 23.060566000574056 1.5147182999935467
0.9874386889111778 20
0.9999910731657742 80
13 11.371283249476067 10.627237001172457 1.4745017999957781
0.9934370394637502 20
14 7.331193143828679 6.517138304755574 0.22268890000123065
0.6357420775631449 20
0.9999973062430308 80
15 5.60743158382425 4.870182221633554 1.4641690999997081
0.9833300970636528 20
0.9999983716066296 80
16 3.77898094677306 3.1571553470050278 1.4948187999980291
0.9837381392360793 20
0.9999941528765945 80
17 2.989744575057195 2.354562243325647 3.0193357999960426
0.9811091118825442 20
0.9999988842928978 80
18 2.757080861904701 2.128136223413294 2.2865305999876
0.9938778340556452 20
19 1.9330829191665972 1.2713813114861332 0.22893059998750687
0.138832808898555 20
0.9999969334267458 80
20 1.8158535366915196 1.221535746783824 1.409544599999208
0.9967660546861953 20
21 1.5845661962001236 0.9706246212104928 0.22518100000161212
0.021060871944356806 20
0.9999842955860374 80
22 1.51589036252875 0.8901416866765676 1.3612296000064816
0.9719414349697996 20
0.999999179535216 80
23 1.334398385986462 0.7459328404082408 1.50923499999044
0.9941826298794373 20
24 1.2745650218603921 0.6819252445265365 0.3086626000003889
0.015783096516290805 20
0.999983510411338 80
25 1.1886773854325638 0.5881039797406666 2.2817446000117343
0.9990181470021596 20
26 1.1462950895633843 0.5449506869174352 0.22450869999011047
0.012650995231384323 20
0.9999744634657107 80
27 1.1106138838783122 0.5083635674061482 1.5482847000093898
0.9977503355700247 20
28 1.0589253729316714 0.4642455538440323 0.22158280000439845
0.012144801345848076 20
0.9999032144797507 80
29 0.9950905567338617 0.3913928753693086 1.472097699996084
0.997585623738996 20
30 0.9709326277431548 0.36632870219794383 0.2236030999920331
0.005697156347435473 20
0.9999589122760654 80
31 0.9264560606577968 0.32589204718678444 1.4514807000086876
0.9987608258999066 20
32 0.9032374158214392 0.308207249498622 0.1904595999949379
0.004588035299943015 20
0.9999098490600115 80
33 0.8707657233032643 0.26811186943689164 1.550031200007652
0.9989624395818222 20
34 0.8564600051666713 0.2569664764641054 0.22362089999660384
0.0024839368117152314 20
0.9998566924796355 80
35 0.8284273985015356 0.2286472898646813 1.4719191000040155
0.9992112822840058 20
36 0.8197212529435379 0.2226729747406823 0.22278320000623353
0.0005032397758231738 20
0.9992416929283592 80
37 0.8028085100607234 0.1963479453250111 1.4542592999932822
0.9950973856249151 20
38 0.7982257645636666 0.19337262331868232 0.1844522000028519
39 1.052199466665535
-------------------------------------------------END------------------------------------------------------
43
-------------------------------------------Classical LM---------------------------------------------------
396.9517793299955 420.2767023185186
0 396.9517793299955 420.2767023185186 2.7585837000078754
1 321.5590383011707 337.24270700206614 6.113195999991149
2 254.90765876391214 253.3346330028111 2.7168761000066297
3 93.067837553432 91.16602169518833 2.7541159999964293
4 93.067837553432 91.16602169518833 2.7117030000081286
5 60.41568718646248 58.93705639520101 2.919602900001337
6 60.41568718646248 58.93705639520101 2.6907359000033466
7 36.99087651946758 38.31666289316892 2.850906899999245
8 36.99087651946758 38.31666289316892 2.7661325999943074
9 36.99087651946758 38.31666289316892 2.8192368000018178
10 15.1922953388591 15.682439331146387 2.843239599998924
11 12.353226189919187 12.040543146009842 2.7565718999976525
12 10.532240264448767 10.475798265427857 2.7531860999879427
13 10.532240264448767 10.475798265427857 2.7054632999934256
14 4.104586051554145 3.5359959949692263 2.8432766999903833
15 4.104586051554145 3.5359959949692263 2.7662262999947416
16 2.6254681565884863 2.0063019257543933 2.820692599998438
17 2.3483792568045634 1.7573502419916052 2.738279599987436
18 2.3483792568045634 1.7573502419916052 3.8908168000052683
19 2.1323186765268316 1.660521110637871 2.8096750999975484
20 1.4117538847124156 0.7943912846639992 2.726142700004857
21 1.4117538847124156 0.7943912846639992 3.782883399995626
22 1.209315953875507 0.633990540959897 2.9554226999898674
23 1.1395350162562714 0.5577850264168626 2.7145332000072813
24 1.1395350162562714 0.5577850264168626 2.7309088000038173
25 1.026021973313588 0.44385896700763466 2.8120786999934353
26 0.9910643579680609 0.4015878464174171 2.724418500001775
27 0.9498845160193249 0.351826427171837 2.7065813999943202
28 0.9125534534536252 0.3077949264160944 2.7521768000005977
29 0.9125534534536252 0.3077949264160944 2.709299000009196
30 0.7693074162526574 0.1699036590883863 2.8963435999903595
31 0.7693074162526574 0.1699036590883863 2.6903448999946704
32 0.7456211662170993 0.14511527731805432 2.9872890999977244
33 0.7356815891363752 0.13445823619101005 2.599004999996396
34 0.7268342521973206 0.12377840204489937 2.7197569999989355
35 0.7268342521973206 0.12377840204489937 2.7460830000054557
36 0.7080096726877582 0.10369282159518625 2.793777400002
37 0.7014737657149934 0.09600852358851424 2.6049740000016754
38 0.7014737657149934 0.09600852358851424 2.6330910999968182
39 0.6926753600460879 0.08774961059267627 2.815631999998004
40 0.6897157947469744 0.08471438322699325 2.635233799999696
41 2.896694975608403
-------------------------------------------------END------------------------------------------------------
-------------------------------------------Krylov LM---------------------------------------------------
396.9517793299955 420.2767023185186
203
0 396.9517793299955 420.2767023185186 4.750975700007984
1 321.55903822725804 337.2427068907495 0.10465429999749176
203
2 254.2144871086372 253.3843074273495 4.793066899990663
203
3 83.56125233671997 81.95361419738454 4.77748679999786
203
4 83.56125233671997 81.95361419738454 4.819975499995053
5 56.03043887070702 53.15943004373166 0.10886360000586137
203
6 56.03043887070702 53.15943004373166 4.800230499997269
7 28.87990166265691 27.504720979367487 0.11814330000197515
203
8 28.87990166265691 27.504720979367487 5.676059000004898
9 16.16453680266572 15.636114495609359 0.10368470000685193
203
10 16.16453680266572 15.636114495609359 5.595161000004737
11 7.424958399265993 6.867013662236267 0.14867550000781193
203
12 7.039584634839675 6.182311772245008 4.777217599999858
203
13 6.758241795141288 6.241902492120975 5.275687400004244
203
14 6.758241795141288 6.241902492120975 4.820528500000364
15 6.758241795141288 6.241902492120975 0.08380419999593869
16 2.338503540212995 1.8146039628085235 0.10956170001009014
203
17 1.8521255500324114 1.2482025626548212 6.079878999997163
203
18 1.8521255500324114 1.2482025626548212 4.757393799998681
19 1.466159639199245 0.9333241628142571 0.08000309999624733
203
20 1.1108606537083108 0.5274201578725283 4.821959799999604
203
21 0.989543898785439 0.4189893422993854 4.680632100004004
203
22 0.8976633864756457 0.3253033976056338 5.767525899995235
203
23 0.8686104998212828 0.28086649109282386 5.704071600004681
203
24 0.8686104998212828 0.28086649109282386 5.149092899999232
25 0.7077551516245213 0.11052224169219287 0.09611129999393597
203
26 0.6805904358540519 0.07618269177119222 4.752799800000503
203
27 0.6805904358540519 0.07618269177119222 4.758722800004762
28 0.6617706369393571 0.06049087345922692 0.10022469999967143
203
29 0.6597323420889506 0.0580345652002688 4.726885099997162
203
30 0.6597323420889506 0.0580345652002688 4.749586500009173
31 0.6439538984704869 0.04163401802280852 0.07542100000136998
203
32 0.6407519734994094 0.038405008243030024 6.643359699999564
33 3.448710463637271
-------------------------------------------------END------------------------------------------------------
------------------------------------Reduced subspace LM---------------------------------------------------
396.9517793299955 420.2767023185186
0.9986436743532722 20
0 368.3320541652251 388.2593846837072 0.21986779999861028
0.9990641821745991 20
1 327.3657030142538 342.1046899511534 0.20663420000346377
0.9993946452119353 20
2 283.07140074156655 291.6942501851619 0.21405710000544786
0.9995056329062204 20
3 252.59443917098685 258.9649532537892 0.22383970000373665
0.9849316694131358 20
0.9999994933849227 80
4 248.29313413113053 253.89472160881448 1.8061490000109188
0.9177651019709049 20
0.9999793668695837 80
5 218.87624140841925 220.7645080309775 1.519818699991447
0.9100659406705811 20
0.9986960354568807 80
6 168.8578855922148 176.56219833607844 2.1889073999918764
0.9393687725300319 20
0.9997204110079656 80
7 93.1721965764253 90.52150675313726 1.4605564000084996
0.9805363723342106 20
0.9999586559053565 80
8 56.341440325227424 57.01422865874679 2.815395099998568
0.9954010071245704 20
9 22.620440877234167 21.511939456103303 0.21655599999940023
0.9670821012517918 20
0.9999898171527029 80
10 17.35438441839117 16.44981602323288 1.5042669999966165
0.9776809474514977 20
0.9999944379032825 80
11 16.324613135629793 15.418059514862133 1.5602462000097148
0.9871131176354809 20
0.9999973283623058 80
12 9.043238811749744 8.309787136235093 1.4554445999965537
0.986072382721486 20
0.9999953585969448 80
13 2.7013367833887636 2.2067262267203698 2.0166241000115406
0.9915376139751538 20
14 1.766906454955974 1.1785329295555955 0.258488599996781
0.1026801575200498 20
0.9999925245883716 80
15 1.3676907292095308 0.7464421418976901 3.92449299999862
0.9883149703436451 20
0.9999991085271 80
16 1.1122805924259087 0.49142505404260106 1.4471571000030963
0.9492636355127825 20
0.9999840266002218 80
17 0.975974077723025 0.36860168663654014 1.4503432999918004
0.9642164010102117 20
0.9999958991624841 80
18 0.9098808121286922 0.31488027181271816 1.3481479000038235
0.9851448142409058 20
0.9999994577245549 80
19 0.7513561122788044 0.14867309087553537 1.3653958000068087
0.9925636906474952 20
20 0.7450103010646745 0.13863214179744243 0.1899089000071399
0.00026020434926561203 20
0.9985865658277094 80
21 0.7209331512101556 0.11712320355238735 1.4048779000004288
0.9840479967585213 20
0.9999926630701846 80
22 0.7006764188675241 0.09731303321317814 1.5043945999932475
0.986453496971335 20
0.9999984938187004 80
23 0.6866095867783159 0.08168398687079335 1.3297835999983363
0.991533928193411 20
24 0.6855246847351002 0.0801702288124341 0.2152426000102423
4.637356961810685e-05 20
0.9963963904925063 80
25 0.6777598975303788 0.07430355263494512 1.4453358000027947
0.9882539435154697 20
0.9999990497378963 80
26 0.6700556465630284 0.06379764598117563 1.6487822999915807
0.9843380320314682 20
0.9999981827928229 80
27 0.6648074051454002 0.060101681726490136 2.0403360999916913
0.9900231948995984 20
28 0.6642505374381154 0.05927497575991488 0.21774240001104772
2.5924133279760906e-05 20
0.9957273631276006 80
29 0.6602076560947727 0.053055919996225755 1.392091599991545
0.9660952072669201 20
0.9999962449531731 80
30 0.6566589396493713 0.05149401610542399 2.9356054999952903
31 1.3395642032264732
-------------------------------------------------END------------------------------------------------------
44
-------------------------------------------Classical LM---------------------------------------------------
429.4729930051904 460.6296167947697
0 244.16043682151604 233.85852912431181 2.7130930999992415
1 244.16043682151604 233.85852912431181 7.609544199993252
2 244.16043682151604 233.85852912431181 8.645321699994383
3 138.24911319763967 136.17975766834184 4.689676499998313
4 138.24911319763967 136.17975766834184 4.056097399996361
5 45.27610055340861 42.071846434727455 4.512659699990763
6 45.27610055340861 42.071846434727455 4.258911299999454
7 16.647097092636844 15.894401758535318 2.9087087999942014
8 16.647097092636844 15.894401758535318 2.8360447000013664
9 8.339300976862114 7.795980401794354 2.7673647000046913
10 5.3102551898869645 4.540513203481349 2.7152587000018684
11 5.3102551898869645 4.540513203481349 2.862284400005592
12 3.3905127007870104 2.7527886165568023 3.855521100005717
13 2.7273569309899393 2.00269692245392 2.756129899993539
14 2.307078063194501 1.572756548645758 2.713609300000826
15 2.0801201422978646 1.421147956098138 2.6953140999976313
16 2.0801201422978646 1.421147956098138 3.736738699997659
17 1.1715379422626389 0.5463261112993067 2.815244500001427
18 1.0822082082195024 0.490875258287479 2.798473200004082
19 1.0822082082195024 0.490875258287479 3.189337299991166
20 0.7795862514655426 0.1806373743001181 2.7876029000035487
21 0.7702168568506126 0.175669934848975 6.47512609999103
22 0.7339625456730118 0.13469198744355873 4.141544699989026
23 0.6801109705599241 0.07806850332960993 8.323875099988072
24 0.6801109705599241 0.07806850332960993 4.089813400001731
25 0.6575379488004488 0.05241991962640204 3.1262381999986246
26 0.6575379488004488 0.05241991962640204 8.357818799995584
27 0.653542299984546 0.04846862163467453 2.8331924000085564
28 0.6504597006390542 0.04549048233819666 2.789023499994073
29 0.6479189406789854 0.04321000229647561 7.094374799999059
30 0.6446882578370069 0.039863197073438245 3.609184200002346
31 4.153649270965909
-------------------------------------------------END------------------------------------------------------
-------------------------------------------Krylov LM---------------------------------------------------
429.4729930051904 460.6296167947697
203
0 244.24129545681305 233.93664270499315 10.792452599998796
203
1 244.24129545681305 233.93664270499315 6.046085099995253
2 236.5294066313296 230.40816422951173 0.10694230000081006
203
3 236.5294066313296 230.40816422951173 10.617546599998605
4 236.5294066313296 230.40816422951173 0.13629030001175124
5 236.5294066313296 230.40816422951173 0.1278935000009369
6 47.62161329190773 47.45122690882783 0.1375999000010779
203
7 47.62161329190773 47.45122690882783 6.086848299994017
8 24.65419225263986 25.55302228208272 0.11831259999598842
203
9 16.731359065126085 16.582406901417034 9.262509200008935
203
10 8.885194491118082 7.986920108115411 4.788334299999406
203
11 5.845608106116321 5.021082853844427 9.347780399999465
203
12 5.845608106116321 5.021082853844427 4.773229699989315
13 2.8952623892364207 2.39839519556198 0.11096279999765102
203
14 2.8952623892364207 2.39839519556198 8.994827399990754
15 2.091198969340515 1.5238115354949104 0.13597960000333842
203
16 2.0527672132225407 1.5460924429784861 4.8449237999884645
203
17 1.8548080792817208 1.3329303922283884 8.96840019999945
203
18 1.8548080792817208 1.3329303922283884 4.770115100007388
19 1.2127525445465335 0.6552944644924239 0.08453070001269225
203
20 1.0650545604701813 0.5017014004528731 8.957827299993369
203
21 1.0650545604701813 0.5017014004528731 4.772705400013365
22 1.0136496757556297 0.44722067419273026 0.10938359999272507
203
23 0.9258369480218532 0.3499431775568969 8.967349300000933
203
24 0.9258369480218532 0.3499431775568969 4.742756899999222
25 0.8934787101040809 0.3188880339921402 0.08308310000575148
203
26 0.8586825705775042 0.2821852747706855 8.918267600005493
203
27 0.8586825705775042 0.2821852747706855 4.765962500008754
28 0.8388080556512536 0.25706695228653115 0.10992790000454988
203
29 0.8185861835053733 0.2375586050776126 9.030331700007082
203
30 0.8018509619283032 0.22048258739937573 4.775031299999682
203
31 0.7915831515586361 0.2045725463057298 9.036860499996692
203
32 0.776771587910373 0.17965846751821835 4.7481687999970745
203
33 0.755342876100893 0.14635363452259384 9.031224800011842
203
34 0.694694918414259 0.08296630653941663 4.742358000003151
203
35 0.6858925955710049 0.07161566695073254 9.018222700004117
203
36 0.6858925955710049 0.07161566695073254 4.788817499997094
37 0.6837018250038589 0.07197575842234596 0.07878279998840299
38 4.919174371053248
-------------------------------------------------END------------------------------------------------------
------------------------------------Reduced subspace LM---------------------------------------------------
429.4729930051904 460.6296167947697
0.9989108209311723 20
0 394.31237240755826 421.0556795000674 0.46845409998786636
0.9993647073945179 20
1 344.0384122599611 363.518267949566 0.20522619999246672
0.9996108393880672 20
2 290.3793448043953 300.5952914716497 0.1963739000057103
0.9996532944573624 20
3 254.9951447254588 260.28503945293164 0.210242000001017
0.995448146830199 20
4 236.9447971644719 241.05263906289213 0.21387270001287106
0.9929832455788346 20
5 182.48052844835067 181.3534425452354 0.19110229999932926
0.956614444679725 20
0.9999921268490953 80
6 172.7284530786858 171.2037278069853 1.584202500001993
0.9561905563480265 20
0.9999760004756597 80
7 158.41568652480015 157.37056315471915 1.7594180000014603
0.9501414371185369 20
0.9999881799158932 80
8 158.41568652480015 157.37056315471915 1.7393483000050765
0.9501414371185369 20
0.9999881799158932 80
9 152.56989566289272 151.73805390154232 1.7736364000011235
0.968173727946621 20
0.9999982498744904 80
10 146.14921391850467 146.6570570237808 1.912725699992734
0.9961036017431162 20
11 102.55813434256208 101.83521214041917 0.3866751000023214
0.8688672513403619 20
0.9999875798226852 80
12 91.92689329841087 90.0776120204991 1.5560836999939056
0.9879199825925661 20
0.9999975881317896 80
13 66.28442411784526 64.66511342228908 1.5331360999989556
0.9814996694989692 20
0.9999966348294065 80
14 56.89017713492913 56.37319726854772 1.4868776999937836
0.9883457958577526 20
0.9999993065303919 80
15 13.97293659363133 12.88028693764504 1.3946652000013273
0.9932826906352272 20
16 7.468034491760666 6.422994494455914 0.21667369999340735
0.3469466758446201 20
0.9999952810166508 80
17 5.064608309453481 4.14757980174428 1.59752060000028
0.9914688456013117 20
18 3.8626924958709346 2.872112273766952 0.19086220000463072
0.2311541163042629 20
0.9999989894545062 80
19 2.7542121865128064 1.9924539190065187 1.885503700003028
0.973459248314037 20
0.9999996719918279 80
20 1.8448874559488366 1.1605047528471717 1.4490508000017144
0.9953594475332443 20
21 1.5936422945516047 0.8527505070241626 0.25990859999728855
0.018821256050631837 20
0.9999393074148905 80
22 1.3185334103225992 0.6394523899124073 1.43314979999559
0.9528727097796622 20
0.9999997286689885 80
23 1.1565218239187067 0.5083078163436886 1.4486955000029411
0.9822703951808732 20
0.9999996203906094 80
24 1.0451351362092267 0.4066742327753503 1.425420600004145
0.9933075943623983 20
25 1.001614503876245 0.3588895199796482 0.19124190000002272
0.0024484010209656513 20
0.9982112164356508 80
26 0.9342796391966282 0.3007373630974077 1.5486968000041088
0.9964391331757714 20
27 0.9130711093923694 0.2753833620142433 0.18874160000996199
0.0018306277571844495 20
0.9998902462439694 80
28 0.8577427027485399 0.23175126350432015 1.6428172000014456
0.9942588107189715 20
29 0.8515547511766708 0.2240772890249716 0.512635200007935
6.230251955764818e-05 20
0.9985992238669391 80
30 0.8102494052404982 0.19358849530032154 1.4994651000015438
0.9757936703530131 20
0.9999997557706254 80
31 0.8060212398157173 0.20805051042510875 1.4616164000035496
32 1.0488762375007354
-------------------------------------------------END------------------------------------------------------
45
-------------------------------------------Classical LM---------------------------------------------------
407.29991864411056 428.5849148179536
0 321.20292214932266 329.2187671878878 2.716019100000267
1 211.22990440696384 209.30958140517353 2.6967203999956837
2 211.22990440696384 209.30958140517353 2.7458760000008624
3 211.22990440696384 209.30958140517353 2.7827101000002585
4 211.22990440696384 209.30958140517353 2.8222177999996347
5 55.78109448713233 50.442450635381775 5.475752800004557
6 49.405229490289834 47.72464820558985 6.086793000009493
7 49.405229490289834 47.72464820558985 2.794336100007058
8 49.405229490289834 47.72464820558985 2.860505099990405
9 22.47280041830787 23.1492697601865 2.964677299998584
10 21.715414702158732 19.721043131125306 2.7409219999972265
11 21.715414702158732 19.721043131125306 2.744174400009797
12 8.663986104991679 8.001997815154438 3.6630374000087613
13 8.081474037493347 7.411811237514511 2.8053217999986373
14 5.266933129230776 4.692075008504864 2.6902409000031184
15 5.266933129230776 4.692075008504864 2.6916667000041343
16 5.266933129230776 4.692075008504864 2.8193271000054665
17 3.492827795207097 2.8840311409114645 2.795149700003094
18 3.0943071896151997 2.560830476747465 2.7592387000040617
19 2.8701253630573285 2.3691585714732173 2.6467520000005607
20 2.5810748859580426 2.0327785661878983 2.6868263999931514
21 2.5810748859580426 2.0327785661878983 2.6866061999899102
22 2.1608389963947863 1.6397382992415073 2.8164816000062274
23 1.9613503726633466 1.409107677757607 2.72373179999704
24 1.9008584971554199 1.3746369292706926 2.7070077000098536
25 1.9008584971554199 1.3746369292706926 2.6602376000082586
26 1.5784371831087254 1.0393775862255417 2.8256308999989415
27 1.5784371831087254 1.0393775862255417 2.7062814999953844
28 1.3290138782938166 0.7557767901594086 2.7941066000057617
29 1.2465084964875663 0.6767105130040934 2.6878690000012284
30 1.2272232558313092 0.6631386281530144 3.7209610999998404
31 1.2272232558313092 0.6631386281530144 2.7641902000032132
32 1.0167211468055706 0.42369996536711474 2.8287055999971926
33 0.956593527292581 0.3645211101624137 2.7300675000005867
34 0.9093982503452156 0.3120046199887071 2.712217199994484
35 0.9093982503452156 0.3120046199887071 2.7117481000022963
36 0.8372960492761177 0.23309949601491342 2.7944553999986965
37 0.8163856400954914 0.21319545294907055 2.703443500009598
38 0.8102859688536395 0.20454203812893174 2.6581150999991223
39 0.8102859688536395 0.20454203812893174 4.225616499999887
40 0.7304860121277726 0.12325119691483775 4.959335099993041
41 0.7182502520566216 0.11111395423525723 2.7386150999955134
42 0.7050521825798196 0.0964286230519082 2.687004600011278
43 0.7050521825798196 0.0964286230519082 2.716780300004757
44 0.6831857293953408 0.07713617495324321 2.771413399997982
45 0.6780763319296826 0.07188823746100667 2.7038574000034714
46 0.6772406478489765 0.07082324918565688 2.701036700003897
47 2.994122989363027
-------------------------------------------------END------------------------------------------------------
-------------------------------------------Krylov LM---------------------------------------------------
407.29991864411056 428.5849148179536
203
0 321.2660544644465 329.26855401415514 4.77258069999516
203
1 117.82634896967927 112.26316614307852 4.752241200010758
203
2 117.82634896967927 112.26316614307852 4.796736000003875
3 117.82634896967927 112.26316614307852 0.08924449999176431
4 117.82634896967927 112.26316614307852 0.18056770000839606
5 49.8868869482389 48.11887394832978 0.0921331999998074
203
6 44.710167641947095 43.987609904227654 4.785038799993345
203
7 44.710167641947095 43.987609904227654 4.764539299998432
8 30.695650847048707 31.096425993957563 0.10013350000372157
203
9 30.695650847048707 31.096425993957563 5.512657999992371
10 16.38292267516488 15.853006644440642 0.0934858999971766
203
11 16.38292267516488 15.853006644440642 4.77698949999467
12 7.600280755185612 7.159185125343544 0.10557850000623148
203
13 5.741938834712361 5.2496314766309276 4.757501100000809
203
14 3.701953401944024 3.1648955114632074 4.752162200005841
203
15 3.701953401944024 3.1648955114632074 4.742724299998372
16 2.925927038314584 2.3490461085097936 0.10426930000539869
203
17 2.6099140210927345 2.057203688318571 4.783563600009074
203
18 2.6099140210927345 2.057203688318571 4.743283899995731
19 2.038996562697756 1.4302938724144705 0.11357229998975527
203
20 2.038996562697756 1.4302938724144705 4.796045299997786
21 1.7370180491448595 1.1206910790375213 0.11450750000949483
203
22 1.5775758911005586 0.9504670313286585 4.76558729998942
203
23 1.4253415167938444 0.8098501213815432 4.741704500003834
203
24 1.205446786910162 0.6190413158726059 4.70643829999608
203
25 1.0989473973371169 0.5100356871352579 4.775034899997991
203
26 1.0989473973371169 0.5100356871352579 4.737555899992003
27 0.9611307806415885 0.352321497183201 0.10888049998902716
203
28 0.9611307806415885 0.352321497183201 4.770690899997135
29 0.9111570930789167 0.3037300638050786 0.08695349999470636
203
30 0.8657970814700918 0.2537184154269347 4.6384347999992315
203
31 0.8657970814700918 0.2537184154269347 4.704395599997952
32 0.822574398105985 0.20834428491666696 0.09322799999790732
203
33 0.822574398105985 0.20834428491666696 4.715842399993562
34 0.8032051026517927 0.18835071753816837 0.07392160000745207
203
35 0.7884802140315799 0.17383256770166122 4.740764200003468
203
36 0.7884802140315799 0.17383256770166122 6.302241199999116
37 0.7669645272631284 0.1531527431671035 0.10698609999963082
203
38 0.7533707990950627 0.14052845957812732 4.93035530000634
203
39 0.7353270204135361 0.12369737173144713 6.653436099993996
203
40 0.7122177317867924 0.10057652964681757 4.691209199998411
203
41 0.6960293599075237 0.08277456796985805 4.764600499998778
203
42 0.6904725508325462 0.07559922676073699 4.740397999994457
203
43 0.6849918802159072 0.06992477633230952 4.779882600007113
203
44 0.671425006252768 0.062274313994643365 4.7617645999998786
203
45 0.647525759265128 0.03795470629225139 4.788739399999031
203
46 0.6421054283694628 0.032203059513416336 4.733357899996918
203
47 0.6391047038004184 0.029708907676141712 4.809643200002029
48 3.4885750583325716
-------------------------------------------------END------------------------------------------------------
------------------------------------Reduced subspace LM---------------------------------------------------
407.29991864411056 428.5849148179536
0.9975268162707581 20
0 376.41228784385896 394.09909309028535 0.2855505000043195
0.9980307728461318 20
1 331.79837699988417 343.5701301540489 0.19300610000209417
0.9984566699228813 20
2 283.41313288746255 289.3461388065146 0.35686009998607915
0.9983065325298573 20
3 249.91679185381412 254.88879344558868 0.22767130000283942
0.9683072705609366 20
0.9999730739991304 80
4 235.76747379541047 239.9203372374158 1.586864600001718
0.9234829725576446 20
0.9999602423801649 80
5 233.2477508114447 239.08506723572268 1.615282600003411
0.9528087142442263 20
0.999756427547029 80
6 230.72349068420195 236.70028156979885 1.601162499995553
0.9595082933912037 20
0.9999236953201339 80
7 186.1874640285833 186.52203827417893 1.5568797000014456
0.9850841061792733 20
0.9999344314176719 80
8 109.28368718823106 109.71210152034892 1.5926384000049438
0.9928299688524301 20
9 43.40445846711864 42.639604153318714 0.47668439999688417
0.8960649445294727 20
0.9999859235212414 80
10 40.310196490577944 38.85496620859007 3.436058999999659
0.9967618064922977 20
11 12.712402515411123 11.435981814084462 0.6594025000085821
0.8509542492624969 20
0.9999986571470588 80
12 12.073707447010843 11.441047425893853 1.6958914999995613
0.984090416606832 20
0.9999995927503178 80
13 6.688536060699908 6.063670246651103 1.4506044000008842
0.9909674831352668 20
14 3.1622083785412483 2.244236550515566 0.2309963999869069
0.33264354228175586 20
0.9999596543383652 80
15 2.552258985794274 1.7768655324214704 1.5212358999997377
0.9922651051367151 20
16 2.035943332148556 1.2356572118906577 0.22141490000649355
0.019110290834289206 20
0.9999820319678804 80
17 1.795622772014522 1.0723716504903014 1.5647596000053454
0.9923867018711978 20
18 1.528440929705459 0.7876256750866605 0.2082667000067886
0.023088729648946652 20
0.9999884050954644 80
19 1.3782851573215593 0.6946301710053151 1.4607752000010805
0.9910941280488021 20
20 1.2120308513278615 0.5236612884893603 0.20459520000440534
0.0035516092832003285 20
0.9998466730550156 80
21 1.1273896798925205 0.45272989117761164 1.5868009999976493
0.9554976167717937 20
0.9999996831250627 80
22 1.0825746161051297 0.4178179208120871 1.6950132000056328
0.986790719885306 20
0.9999997530062434 80
23 1.0796536114117703 0.42889583838319745 1.6264297999878181
0.9970363830774072 20
24 0.8930949579392593 0.25176319662115154 0.35051580000435933
0.004858049453579654 20
0.9998079822286702 80
25 0.837473554841024 0.20671353155832575 1.4097647000016877
0.996580810792506 20
26 0.7997161061848624 0.1685064289263242 0.212203099988983
0.003516626888077084 20
0.9999282500015118 80
27 0.7638589817024976 0.1453440693554104 1.559654099997715
0.9869895769184786 20
0.9999996313304745 80
28 0.7319832371748239 0.1148783639029029 1.6277552999963518
0.9901747526346099 20
29 0.7212536815040074 0.1023648039674861 0.2016635000036331
0.0003608210114902608 20
0.9991443203751781 80
30 0.7031605693952511 0.08921194104529129 1.4770539000019198
0.9460310287938519 20
0.9999951907691772 80
31 0.6987172545949768 0.08615517126230635 1.3357617000001483
32 1.1009130500001447
-------------------------------------------------END------------------------------------------------------
46
-------------------------------------------Classical LM---------------------------------------------------
434.6619530114073 456.59256194163044
0 434.6619530114073 456.59256194163044 2.7566518999956315
1 281.8732140555892 286.7992964502027 2.9000583000015467
2 281.8732140555892 286.7992964502027 2.735789999991539
3 271.69988300904595 280.4220440322866 2.7847716999967815
4 127.55415791741396 123.3073787306084 2.7482096000021556
5 127.55415791741396 123.3073787306084 2.72170590001042
6 127.55415791741396 123.3073787306084 2.8153556999895955
7 35.58026715820699 33.91367442406154 2.8385576000000583
8 35.58026715820699 33.91367442406154 2.6658788999920944
9 24.51632635649081 22.924252811650423 2.817890099991928
10 24.51632635649081 22.924252811650423 2.7765041000093333
11 24.51632635649081 22.924252811650423 2.8024862999882316
12 14.980890787249297 14.079707923696919 2.927946499999962
13 8.628446430939302 7.53983747111226 2.7053990999993403
14 6.627962779686037 5.571036831646554 2.7264340999972774
15 4.961336068909948 3.9154238010199256 2.710370900007547
16 4.087269785549147 3.1107168779078465 2.782305399989127
17 3.4622393103753466 2.689327125674327 2.664358900001389
18 3.4622393103753466 2.689327125674327 2.6825129999924684
19 1.9035831289634615 1.2220607039448923 2.7842381999944337
20 1.523852381986219 0.9084364834876683 2.752518199995393
21 1.3877231578462663 0.7954347823203591 2.7125859999941895
22 1.3877231578462663 0.7954347823203591 3.2764561000076355
23 0.9802447062257063 0.3978524078423575 3.8027599999913946
24 0.9435853934745649 0.3441789727841712 2.970586199997342
25 0.9435853934745649 0.3441789727841712 2.843340099992929
26 0.8603495009702335 0.2671371179575984 2.8214293999917572
27 0.8314133152645158 0.2361184536148351 2.81211150001036
28 0.8083345105045735 0.21232522481276056 2.736853800000972
29 0.8083345105045735 0.21232522481276056 2.7562398000009125
30 0.775008722957757 0.17987867443868624 2.7937285999942105
31 0.7603068826554958 0.16527531159391823 2.736997399988468
32 0.7511818402834534 0.15621747228396007 2.7295734000072116
33 0.7511818402834534 0.15621747228396007 2.6958235000056447
34 0.7284011737840619 0.13300485458873765 2.78276729999925
35 0.7184795202229101 0.12233491849176935 2.6486010999942664
36 0.716101209927584 0.11591440500443624 2.7111822000006214
37 2.808945427024957
-------------------------------------------------END------------------------------------------------------
-------------------------------------------Krylov LM---------------------------------------------------
434.6619530114073 456.59256194163044
203
0 434.6619530114073 456.59256194163044 4.660733299999265
1 281.87321365853984 286.7992958307612 0.07306909999169875
203
2 281.87321365853984 286.7992958307612 4.7589769000042
3 271.69811773759164 280.42019198179617 0.10810460000357125
203
4 128.36288098492466 124.12858841969454 4.67900030000601
203
5 128.36288098492466 124.12858841969454 4.716146899998421
6 128.36288098492466 124.12858841969454 0.09834890000638552
7 34.45162991600727 33.014166573704635 0.07106109999585897
203
8 34.45162991600727 33.014166573704635 4.680125800005044
9 22.868984468705452 21.630311916283688 0.10928920000151265
203
10 22.868984468705452 21.630311916283688 4.857330600003479
11 22.868984468705452 21.630311916283688 0.11630839999997988
12 14.02306823903689 13.344301839604952 0.07182230000034906
203
13 8.704804741752412 7.615889768018909 4.714495899999747
203
14 6.7142282995025395 5.630062317854155 4.764515200004098
203
15 5.010949692961213 3.9404996738315643 4.721287599997595
203
16 4.071070836616552 3.102263137780882 4.715031200001249
203
17 3.3237560829506596 2.5313828246325767 4.722538300004089
203
18 3.3237560829506596 2.5313828246325767 4.757403800002066
19 1.8938180034787706 1.2232374699530824 0.08259780000662431
203
20 1.5173162751756042 0.9058144788264069 4.7003875999944285
203
21 1.373842362135046 0.7970761866046812 4.744718799993279
203
22 1.2804640661952356 0.6729032795410823 4.74814910000714
203
23 0.9269747053910377 0.34931505734091023 4.739742499994463
203
24 0.9269747053910377 0.34931505734091023 5.829942000011215
25 0.7921568393588073 0.1977892142117931 0.09692039999936242
203
26 0.7921568393588073 0.1977892142117931 4.745850399995106
27 0.7660055441766939 0.1759949612715015 0.09282760000496637
203
28 0.7568783923716395 0.16586484129092383 6.837492899998324
203
29 0.7568783923716395 0.16586484129092383 4.833810399999493
30 0.7454247314338747 0.15307038636412673 0.10389670000586193
203
31 0.7359006427566932 0.1416000417208195 7.586057199994684
203
32 0.7322238020746575 0.13623919159326775 4.747503199992934
33 3.3722874545461363
-------------------------------------------------END------------------------------------------------------
------------------------------------Reduced subspace LM---------------------------------------------------
434.6619530114073 456.59256194163044
0.998915603257613 20
0 398.7483231216511 418.30497762744386 0.47880650000297464
0.9992702882294539 20
1 347.30661790566046 363.2917469054642 0.21621489999233745
0.9995767945073999 20
2 291.3040188022024 301.7772850182553 0.21471790000214241
0.9995227524949233 20
3 252.43359840405464 258.09492142394816 0.20931000000564381
0.9898829473810508 20
0.9999999386686882 80
4 241.7192400444462 244.08197052991042 1.6071720000036294
0.9090375442229821 20
0.9999267475286968 80
5 237.64495362222297 241.15856898471813 1.5332875000021886
0.9482939009904676 20
0.9995906147878182 80
6 237.38493466541013 241.60893465299986 1.5460241000109818
0.9725278107537545 20
0.999492981052568 80
7 141.46867200887786 130.8622039075195 1.4567988999915542
0.923315319128088 20
0.9996244421186559 80
8 89.93898676524584 89.11761654587642 1.3665077999903588
0.9341445124462391 20
0.9996424767555033 80
9 53.526138395994366 50.576672301293684 1.459047800002736
0.9907788065171731 20
10 19.341086593748926 16.703284087726193 0.2063680999999633
0.8538265165201653 20
0.9998177524071862 80
11 12.561988602817934 10.990440252508652 1.4713646000018343
0.9705716514952688 20
0.9999896541706939 80
12 5.380757473024373 4.266396858497745 1.5217678000044543
0.9446013945802875 20
0.9999809517774522 80
13 3.8893907851929295 3.2347482253513955 2.33777120000741
0.9848979821827851 20
0.9999896245030878 80
14 2.1902497444436544 1.648313196789088 2.585628100001486
0.984316933551556 20
0.9999964580758716 80
15 1.4248039714513665 0.8532561632147627 1.3637402999884216
0.9799414241711072 20
0.9999981237637973 80
16 1.101346116371783 0.5012429531601464 1.4501135999889812
0.9901985069881974 20
17 0.9906031184299996 0.3734286668249507 0.19880399999965448
0.0027741937337616806 20
0.9982816818018271 80
18 0.9496567027147452 0.31311821775345017 1.4765283000015188
0.9764846389278246 20
0.999994723072947 80
19 0.839011195282765 0.21219393682546375 1.406609900004696
0.9727641677698643 20
0.9999983236379175 80
20 0.7959441550272007 0.16975415175889363 1.4456787000090117
0.9730418850600322 20
0.9999966221063785 80
21 0.7779833116632835 0.16474409530980189 1.356635299991467
0.950225575506601 20
0.9999877490638317 80
22 0.7480139151221652 0.12674085703133126 1.4180508999997983
0.9568155173037152 20
0.9999958472234545 80
23 0.7312724480824527 0.12282781274928517 1.404542100004619
0.9727812696794765 20
0.9999967116968469 80
24 0.7120728910615938 0.09701991340160222 1.466596100013703
0.9512552959746707 20
0.9999921553199451 80
25 0.6993578238763516 0.09587832217610111 1.3524868999957107
0.9800816035535042 20
0.999997907836774 80
26 0.6851798811455171 0.07558601610564182 1.4110488999867812
0.9574560372390263 20
0.9999950206073851 80
27 0.6756536989524304 0.07213830639279148 1.380102099996293
0.9726635291311427 20
0.9999922842038483 80
28 0.6678246782481915 0.06198912427627954 1.5946470999915618
0.9664755926154251 20
0.9999983864670722 80
29 0.662158988397946 0.058976493352463424 1.3636860999977216
0.9691057294861879 20
0.9999925589871648 80
30 0.6571388267890181 0.05297881169401304 1.49991760001285
0.9653748256494356 20
0.9999988840177144 80
31 0.6533514439372526 0.050336691071231475 1.381951499992283
32 1.2869352062498365
-------------------------------------------------END------------------------------------------------------
47
-------------------------------------------Classical LM---------------------------------------------------
419.36395746949154 447.6964946475491
0 419.36395746949154 447.6964946475491 2.7523304000060307
1 309.05147058394107 323.5057598989961 2.7620522000070196
2 309.05147058394107 323.5057598989961 2.733901200001128
3 309.05147058394107 323.5057598989961 2.7761762000009185
4 235.5363679901193 239.31198537795674 2.7808416000043508
5 159.13241023892073 163.54581130367436 2.71051279999665
6 159.13241023892073 163.54581130367436 2.685054899993702
7 34.08399001617073 31.452978173105883 2.7498095000046305
8 34.08399001617073 31.452978173105883 2.821223500010092
9 15.696177565310476 15.05452787650478 2.827212400006829
10 7.215883151071571 5.920086370112764 2.7285283999954117
11 4.950353708675151 4.1296407316221755 3.029122899999493
12 4.950353708675151 4.1296407316221755 3.1361442000052193
13 2.304415136545129 1.5746272086553676 3.6068168000056176
14 2.304415136545129 1.5746272086553676 2.7531397999991896
15 1.8594119929007633 1.221419425049371 2.7922860000107903
16 1.6434721723263999 1.0926174248940015 2.762446499997168
17 1.6434721723263999 1.0926174248940015 3.1830967999994755
18 1.2669650939241877 0.6968614053966735 2.813344499998493
19 1.1399576335476351 0.580575310556884 2.7546903000038583
20 1.0006488666996438 0.43577720825525357 3.186964100008481
21 0.8968131910578755 0.3248211288669679 4.6593758999952115
22 0.8968131910578755 0.3248211288669679 3.643239500001073
23 0.8118657000558432 0.2264794189182282 3.9994077000010293
24 0.7778045136296762 0.1882207796379578 3.45595420000609
25 0.7769649854627498 0.17743907544769139 3.190142699997523
26 0.7551771841744742 0.152043333821167 3.3621069000073476
27 0.7551771841744742 0.152043333821167 3.417506300000241
28 0.6747222090265536 0.07787861606885768 2.78082529999665
29 0.6714215339874685 0.07338389745898478 3.4229596000077436
30 0.6714215339874685 0.07338389745898478 3.3345017000101507
31 0.6553021345968855 0.05799719736433515 2.980773600007524
32 0.6508057720267681 0.05322894046613736 3.8394781999959378
33 3.1039989878812446
-------------------------------------------------END------------------------------------------------------
-------------------------------------------Krylov LM---------------------------------------------------
419.36395746949154 447.6964946475491
203
0 419.36395746949154 447.6964946475491 5.601993999996921
1 309.0514733272259 323.5057626637821 0.10900300000503194
203
2 309.0514733272259 323.5057626637821 5.607611800005543
3 309.0514733272259 323.5057626637821 0.10054990000207908
4 235.5363702823592 239.31198791968922 0.09366589999990538
203
5 159.13243177584113 163.54583029343928 5.642298999999184
203
6 159.13243177584113 163.54583029343928 5.661686399995233
7 34.083899012163066 31.452886915487404 0.07214429999294225
203
8 34.083899012163066 31.452886915487404 5.631372499992722
9 15.695836027089408 15.05416688106925 0.08691990000079386
203
10 7.215785704856281 5.91999737957469 5.6205890999990515
203
11 4.949246013214215 4.128284357773675 5.602204199996777
203
12 4.949246013214215 4.128284357773675 5.131115600001067
13 2.303778690882592 1.57372388926421 0.10823589999927208
203
14 2.303778690882592 1.57372388926421 4.930038499995135
15 1.8589114324633413 1.2206169024685711 0.11236169999756385
203
16 1.6458226825852518 1.0950128815723734 5.013646199993673
203
17 1.6458226825852518 1.0950128815723734 5.012994099990465
18 1.2670555120510532 0.6968563501029075 0.08564090001164004
203
19 1.1399647698012865 0.5805341503917856 4.985579000000143
203
20 1.000652531015474 0.43575126302394485 4.999249599990435
203
21 0.8953326301091833 0.32297212917039464 4.70211769999878
203
22 0.8953326301091833 0.32297212917039464 4.669729400004144
23 0.8120178648436093 0.22648618248504193 0.1140202000096906
203
24 0.7779008577500964 0.18819588337864512 4.667497400005232
203
25 0.774567422707369 0.17463478873841332 4.664772799995262
203
26 0.7431201964808759 0.14123831579089505 4.66144599999825
203
27 0.7431201964808759 0.14123831579089505 4.656997900005081
28 0.6794794891878284 0.08173862083760985 0.10514519999560434
203
29 0.6723810890467296 0.07467567157343209 4.660978400002932
203
30 0.6723810890467296 0.07467567157343209 4.679150799987838
31 0.6573014927800629 0.059316821664458355 0.09868689998984337
203
32 0.6528781145650853 0.05435838764986631 4.600326400002814
33 3.408780927271547
-------------------------------------------------END------------------------------------------------------
------------------------------------Reduced subspace LM---------------------------------------------------
419.36395746949154 447.6964946475491
0.998103669734263 20
0 386.86106051778586 410.85523322133434 0.20290340000065044
0.9986618509010654 20
1 339.7431461656995 356.9272793428336 0.19970340000872966
0.9991252761346646 20
2 288.3655665568647 298.4513673236859 0.21296699999948032
0.9993827349035554 20
3 252.87565315944482 258.9162276102661 0.2281762000056915
0.9940607075401056 20
4 231.37971297104565 235.94033923513732 0.3006613000034122
0.9940668127213372 20
5 182.65641972020651 183.44048837237207 0.2194630000012694
0.937164686822408 20
0.9999814980388482 80
6 173.9699046985239 174.81515209633363 1.6103812000073958
0.929882853226183 20
0.9999367539507856 80
7 167.73477461861893 167.40828773587725 1.5962004000029992
0.9359554147732009 20
0.9999185980870711 80
8 134.13821805028056 132.3975470548793 1.6175933000049554
0.9613657443349932 20
0.9999900174345474 80
9 119.71456343294926 116.22952128584907 1.5378240999998525
0.996052314362296 20
10 75.15377014969624 75.00833679782342 0.2008270999940578
0.9313428644900643 20
0.9999699643122371 80
11 55.61963997171121 54.88925483482316 1.5778067999926861
0.9763042866619276 20
0.9999646329984696 80
12 42.20349015680222 40.48514307100115 1.6977160000096774
0.9969635112377009 20
13 12.742724428084008 11.542075371075875 0.22015869998722337
0.9429182393054013 20
0.9999994350023373 80
14 9.381185581050548 8.211650580874222 1.4677223000035156
0.9394124623175577 20
0.9999991186065743 80
15 7.888872373295974 6.916989940383104 1.4354642999969656
0.9837460405268212 20
0.9999992182204306 80
16 4.642565755730348 3.9206145714094927 2.3194502999976976
0.9796924780516681 20
0.999998915161828 80
17 2.665754789813051 1.9418849319931295 1.4395126000017626
0.9559654054915179 20
0.9999907917538937 80
18 1.7860823691447865 1.076207403516754 1.416422700000112
0.9932985787408175 20
19 1.408673818987413 0.6956882841792881 0.1929865999991307
0.16115285085453204 20
0.9999989805508401 80
20 1.1861999877138973 0.49304247487405667 1.4720957999961684
0.9509438583736629 20
0.9999968105887227 80
21 1.04394416126674 0.38417707313174615 1.9193357999902219
0.9750218914917164 20
0.9999972992664453 80
22 0.936914759367958 0.2811233641741807 1.4151765999995405
0.9684732729308426 20
0.9999988140894619 80
23 0.8782113345931551 0.25232225374157485 1.3751405000075465
0.9070225634195013 20
0.9999989974697502 80
24 0.833000709316463 0.2069349774611807 1.4270974000100978
0.9317370988046888 20
0.9999997687206965 80
25 0.7989657421655362 0.1852431635557212 1.4238831999973627
0.9812683646929559 20
0.9999998798143621 80
26 0.7843090141312474 0.1699792292992973 1.3327355999936117
0.9952179771382923 20
27 0.7649001182330599 0.14922685366248384 0.22197160001087468
0.005162307073141048 20
0.9999630399004158 80
28 0.7618809946085635 0.15174707991297828 1.335803499998292
0.9976717679809215 20
29 0.7484111115647096 0.13484290011676098 0.22182989999419078
0.002186739206529323 20
0.9999283832305932 80
30 0.7351910756431678 0.12340911838637388 1.3137625999952434
0.9903150942662172 20
31 0.7304782439848414 0.1173447089976618 0.390401099997689
32 1.0482241968752533
-------------------------------------------------END------------------------------------------------------
48
-------------------------------------------Classical LM---------------------------------------------------
437.3088815297041 457.52085066901924
0 437.3088815297041 457.52085066901924 3.8666361999930814
1 298.14669345844305 314.8269239976674 3.4252249999990454
2 298.14669345844305 314.8269239976674 3.5245728000008967
3 296.39383401222454 303.6785052039124 2.7951207000005525
4 133.28218761055828 132.8855358894835 3.177667299998575
5 133.28218761055828 132.8855358894835 3.319610000005923
6 64.95469980035983 65.46313337093056 2.755027799998061
7 64.95469980035983 65.46313337093056 3.948901099996874
8 56.9345174797397 56.91487944923945 2.756107900000643
9 24.73850272399057 23.854243264721628 2.727741699985927
10 24.73850272399057 23.854243264721628 3.4769919000100344
11 24.73850272399057 23.854243264721628 2.770627699996112
12 10.100861782930282 8.954089823969957 2.7819003999902634
13 5.605334139390693 5.022046792974682 2.74118830000225
14 5.605334139390693 5.022046792974682 2.756744600003003
15 3.707557891814297 3.0513265261014957 2.8423340000008466
16 2.819386137367535 2.1097050523981022 2.8066856999939773
17 2.586719125122718 1.9136490046847139 2.739491400003317
18 2.012574498344769 1.3802421988975087 3.1314164999930654
19 2.012574498344769 1.3802421988975087 3.7558467000053497
20 1.455855364046762 0.7826581025304153 2.7947677000047406
21 1.3502479867530377 0.6600284097874571 2.8127677000011317
22 1.2314030677539052 0.5502256089373614 2.8927130000083707
23 1.2314030677539052 0.5502256089373614 3.2789379000023473
24 0.8183527902422765 0.1970343012676895 3.061668700000155
25 0.8127580658230785 0.19363049299361001 3.023461100005079
26 0.8032676550128395 0.18965380424878078 3.8916945999953896
27 0.8032676550128395 0.18965380424878078 4.019302000000607
28 0.6960161402187587 0.08327376337360977 2.7652375000034226
29 0.6685942169748861 0.05238042133500967 3.1999326999939512
30 0.6685942169748861 0.05238042133500967 3.490377099995385
31 0.6520795035099624 0.04079548290453747 2.761382099997718
32 0.6465373151342311 0.03368683172225365 3.528914900001837
33 0.6465373151342311 0.03368683172225365 3.714837499996065
34 0.6419357326441351 0.03153794659090733 2.771669200010365
35 3.14592861142841
-------------------------------------------------END------------------------------------------------------
-------------------------------------------Krylov LM---------------------------------------------------
437.3088815297041 457.52085066901924
203
0 437.3088815297041 457.52085066901924 4.8574236999993445
1 298.1466977930081 314.8269285781821 0.09828660001221579
203
2 298.1466977930081 314.8269285781821 4.707267399993725
3 296.392459303478 303.67664845912964 0.10286729999643285
203
4 133.8074705452688 133.35787007169617 4.650455499999225
203
5 133.8074705452688 133.35787007169617 5.457787999999709
6 64.7701778109791 65.31117343877796 0.11423730000387877
203
7 64.7701778109791 65.31117343877796 5.087017000012565
8 55.79978415419683 55.762192301873704 0.08307410000998061
203
9 23.740647108259324 22.896610650538456 5.061306399991736
203
10 23.740647108259324 22.896610650538456 5.682038500002818
11 23.740647108259324 22.896610650538456 0.11383829999249429
12 10.17916210032684 9.071258258901148 0.08833659999072552
203
13 5.642585438586173 5.140768748219472 5.673992900003213
203
14 5.642585438586173 5.140768748219472 5.384332400004496
15 3.6446876924101366 2.9793590479958736 0.11843950000184122
203
16 2.7734624162199135 2.027152155848296 5.2201874000020325
203
17 2.674245235436245 1.96227088097807 5.719789300012053
203
18 2.4243323093015574 1.674892249557429 5.1643966999981785
203
19 2.1416856273499074 1.4976919449785777 5.517080100005842
203
20 2.1416856273499074 1.4976919449785777 5.779344399998081
21 1.2138587452336798 0.5284900014632585 0.12382079999952111
203
22 1.2138587452336798 0.5284900014632585 5.950090700003784
23 0.9171282522623413 0.2867632216358023 0.13207019999390468
203
24 0.8922117823365039 0.2639561913468782 6.538377799995942
203
25 0.8716034221203302 0.2543552886283065 6.262446399996406
203
26 0.8716034221203302 0.2543552886283065 5.601689000002807
27 0.7539318958691592 0.1363512095323569 0.1321131000004243
203
28 0.7237114671152826 0.10248772835443361 5.98798039999383
203
29 0.7237114671152826 0.10248772835443361 6.0753269999986514
30 0.7007873535217496 0.08307388659467956 0.20964939999976195
203
31 0.6866112025513963 0.06955421779026545 5.724957500002347
203
32 0.6805499484027224 0.06797657389030476 6.620251200001803
203
33 0.6805499484027224 0.06797657389030476 6.598175099992659
34 0.6670155629065663 0.055349770261208374 0.10179960000095889
203
35 0.6609222378704986 0.05109809901457138 6.63834720000159
203
36 0.6598571680621702 0.05232377430619276 6.597863799994229
37 3.891255637838087
-------------------------------------------------END------------------------------------------------------
------------------------------------Reduced subspace LM---------------------------------------------------
437.3088815297041 457.52085066901924
0.9984507605328389 20
0 401.5794748015753 419.2542893919756 0.18790239999361802
0.9989959840008555 20
1 349.96283196740137 363.5915435106857 0.18989960000908468
0.9993927693253196 20
2 293.6097909550246 301.47359676939953 0.23590539999713656
0.9996148033780178 20
3 254.24288610256585 260.28720063016385 0.2272518000099808
0.9968544621514682 20
4 228.29973877302837 233.85583306482238 0.20266510000510607
0.991092124997022 20
5 155.74414325426832 153.34056805142438 0.23188649999792688
0.9538540233122467 20
0.9999776847494194 80
6 155.4299468457867 152.10482831250994 1.5334388000046602
0.9909986529927165 20
7 105.46328901058712 101.60772945095502 0.24498030000540894
0.9036098839467518 20
0.9999772499889189 80
8 93.2035905807537 90.59991659112248 2.2695528000040213
0.9906013687356546 20
9 57.93771784523054 55.614502023485734 0.20120959999621846
0.6130875401954455 20
0.9998068143197048 80
10 40.708829708425 38.44135856987648 1.4877638000034494
0.8844045742834281 20
0.999983078040747 80
11 28.43545225375494 26.49807971338857 1.5942804999940563
0.9675750529748369 20
0.9999949487403372 80
12 20.200328915194852 19.47117942337988 1.9224728999979561
0.9846384917580221 20
0.9999941559698057 80
13 7.486250122239305 6.71960990633648 1.45035069998994
0.9858027937795122 20
0.9999971798508828 80
14 7.102459218987468 6.515649714474533 1.3701838999986649
0.995068204089016 20
15 2.437888119689135 1.7070413259348518 0.20856059998914134
0.1411326235507866 20
0.9999724913138842 80
16 1.8363369191277983 1.1063398325855607 1.3111100000096485
0.9730749637249722 20
0.9999956853765953 80
17 1.2436149602087732 0.5404683382320997 1.4581496000027983
0.9897278786697998 20
0.9999991786970451 80
18 1.0575222271770812 0.39844749861448525 1.4685915000009118
0.9948516213089398 20
19 0.9522140881940617 0.3110674291623578 0.24328229999809992
0.002261476819843661 20
0.9991667518812327 80
20 0.9155778083729478 0.27789635952528957 1.6046142999985022
0.9905554030958331 20
21 0.8635595657243306 0.2330554222123152 0.2688475000031758
0.0047417866721862585 20
0.9998513002663305 80
22 0.8320227038338406 0.20700066048557716 1.5892231000034371
0.8729728693114834 20
0.9999881559761078 80
23 0.809904787708949 0.18973870623528688 1.510861599992495
0.9716218856975142 20
0.9999984368957909 80
24 0.7904160833086269 0.1731295318089068 1.4980425000103423
0.9875213769179869 20
0.9999991364216592 80
25 0.7765307520381013 0.16854465348193445 1.5526947000034852
0.9972618513009915 20
26 0.7391197551773686 0.12911506596534378 0.21003400000336114
0.011551719248441535 20
0.999957336060617 80
27 0.7237628205477351 0.11767795765785882 1.4381409000052372
0.9871721826376956 20
0.9999997232156677 80
28 0.7165516939841268 0.1186731295995225 1.365843199993833
0.9960423294137768 20
29 0.7089924328693925 0.10788495263993046 0.21264569999766536
0.0002490467608885232 20
0.9962647747790274 80
30 0.7078894958663162 0.10427057635593276 1.3324003000016091
31 0.987831803226483
-------------------------------------------------END------------------------------------------------------
49
-------------------------------------------Classical LM---------------------------------------------------
445.44195216114053 475.08484853552056
0 445.44195216114053 475.08484853552056 2.7024085999873932
1 311.5835252108989 321.8510434475556 2.7322639000049094
2 311.5835252108989 321.8510434475556 2.7376960999972653
3 265.71526977775954 271.45207707843275 2.7785678999935044
4 76.0822577616632 75.84603901616352 2.705961400002707
5 76.0822577616632 75.84603901616352 2.6928404000063892
6 76.0822577616632 75.84603901616352 3.084398200007854
7 61.81518535812654 63.325997061765925 2.7963452999974834
8 19.878298192684657 20.094808818502525 2.7671161999896867
9 19.878298192684657 20.094808818502525 2.757591500005219
10 8.599357458511212 8.16661308836809 3.072288000010303
11 5.516745596583846 4.978281537953646 3.057919300001231
12 3.8963609139858133 3.090502267534014 3.2241762000048766
13 3.8963609139858133 3.090502267534014 3.049262100001215
14 1.7869199349792675 1.0888571808222955 2.7971839000092587
15 1.7869199349792675 1.0888571808222955 2.7155812999990303
16 1.2892507008785679 0.6437861236934399 2.811392399991746
17 1.243142998595361 0.6066277717337097 2.7859076999884564
18 1.243142998595361 0.6066277717337097 3.390059299999848
19 0.9226704549581267 0.2951765359965917 2.751642900009756
20 0.8588240961489654 0.24480081860890837 2.806814299998223
21 0.8174247194839036 0.2110974569438878 3.385311799996998
22 0.8174247194839036 0.2110974569438878 2.6637166000000434
23 0.7230098337938549 0.1152125715466468 3.442871200008085
24 0.7016259440928412 0.09389046621325634 2.728956399994786
25 0.6787400506997971 0.07187700846799593 2.659386400002404
26 0.6787400506997971 0.07187700846799593 2.6712919999990845
27 0.6642296244918583 0.05670378618657372 2.7586263999983203
28 0.6568984603652731 0.050450346007286415 2.6943398999865167
29 0.6509999834806276 0.0465745284639305 2.7065577000030316
30 0.6509999834806276 0.0465745284639305 2.7059408000059193
31 0.643562881791407 0.03825605735659681 2.7255113999999594
32 0.6401061237412852 0.035956009704749915 2.71415590000106
33 2.8507298000000776
-------------------------------------------------END------------------------------------------------------
-------------------------------------------Krylov LM---------------------------------------------------
445.44195216114053 475.08484853552056
203
0 445.44195216114053 475.08484853552056 4.610823700000765
1 311.5835262800113 321.85104416033744 0.07318409999425057
203
2 311.5835262800113 321.85104416033744 4.613672699997551
3 265.71525551550246 271.4520775583296 0.10241399999358691
203
4 74.92071372197552 74.0629300440119 4.652449699991848
203
5 74.92071372197552 74.0629300440119 4.660577299990109
6 74.92071372197552 74.0629300440119 0.10140899999532849
7 63.47267165116331 64.94954717076526 0.06950539999525063
203
8 18.61708105391504 18.718764430741 4.602140599992708
203
9 18.61708105391504 18.718764430741 4.642308300011791
10 8.810334958005512 8.413235679904362 0.09851169999456033
203
11 5.466824616922418 4.894969680875592 4.668911600005231
203
12 3.6872985604515023 2.8808647974512316 5.1985130999964895
203
13 3.6872985604515023 2.8808647974512316 5.436891899997136
14 1.7871400065297167 1.0837079528767966 0.1845986999978777
203
15 1.7871400065297167 1.0837079528767966 5.774924699988333
16 1.3104891656422648 0.6657322796346078 0.08730610000202432
203
17 1.3104891656422648 0.6657322796346078 4.9535261999990325
18 1.0636136749447829 0.41540195292449816 0.11090539999713656
203
19 1.0066301816357366 0.3738429139165933 4.787242499995045
203
20 0.9586002253871148 0.3416185439378304 4.6514487999957055
203
21 0.8751563357907435 0.2638347536547554 4.617519299994456
203
22 0.8460611454204386 0.24289644552341563 4.645985900002415
203
23 0.8023737310559462 0.1844599120777393 4.629172699991614
203
24 0.8023737310559462 0.1844599120777393 4.6264763999934075
25 0.6768071722318036 0.06884650889030967 0.08292609998898115
203
26 0.6748681263568249 0.07385711464109498 4.67715770000359
203
27 0.6562144504453847 0.05388361984071043 4.651031999994302
203
28 0.6463893121398251 0.04592805684698062 4.648892999990494
203
29 0.6380744101842818 0.034424464595501546 4.61201670000446
203
30 0.6373905399455071 0.035419571315176826 4.662801300000865
31 3.417266019351495
-------------------------------------------------END------------------------------------------------------
------------------------------------Reduced subspace LM---------------------------------------------------
445.44195216114053 475.08484853552056
0.9986515089012961 20
0 407.89662813187044 433.9243188855731 0.20119469999917783
0.9989276862722247 20
1 353.69958638356746 373.8097753268101 0.2158765000058338
0.9991009652516555 20
2 294.84239058067453 306.330832504374 0.18421740000485443
0.9991467667107371 20
3 253.0342784524368 258.17729882316087 0.21146439999574795
0.9912075988901734 20
4 230.04026626088395 233.2198991077988 0.21848080000199843
0.9923240702348515 20
5 187.27558905415904 190.24227157924918 0.23338970000622794
0.9246123693411866 20
0.9999514458957262 80
6 178.99892078283884 181.310154315133 1.8977932999987388
0.9343157144366306 20
0.9997915593182676 80
7 162.6450396843778 162.81063716997164 1.8821522999933222
0.9679442084030447 20
0.9998630864789647 80
8 153.35943904491825 155.34029925220034 1.8639072999940254
0.9804840171747726 20
0.9999941154866859 80
9 98.45691492120251 98.86781751664597 1.7479070000117645
0.983852682428382 20
0.9999985500201544 80
10 93.28070598815725 95.71418665914031 1.6359139999985928
0.991818392457994 20
11 17.01410841818019 16.98407508347095 0.2120079999876907
0.7426229396710027 20
0.9999952212607137 80
12 15.264233458402858 14.862032050966677 1.4737341000000015
0.9971394043270199 20
13 7.626565689578021 6.971578473493996 0.2588250999979209
0.547588680453773 20
0.9999963551388429 80
14 6.090618077605056 5.658940668522833 1.4408568000071682
0.9942505425056676 20
15 3.8970579370487175 3.2060629039934634 0.22253879999334458
0.7936970258381413 20
0.9999983232297704 80
16 3.3735648785003214 2.7554417280877352 1.4506054000084987
0.9964686368674489 20
17 2.508480986935611 1.7705679532905287 0.3471845000021858
0.492602611180529 20
0.999998310253253 80
18 2.3387996943597034 1.7019817025313828 1.5071108999982243
0.9921401249115119 20
19 1.9704897547739515 1.254991880366203 0.22447669999382924
0.016603152204684005 20
0.9996829979481924 80
20 1.5630533823775814 0.852863567040475 1.910193400006392
0.9797139635517489 20
0.9999993188305258 80
21 1.2926255396267199 0.6251007354386368 1.425148199996329
0.9779907609215128 20
0.9999993358200152 80
22 1.1384743518836926 0.4924673195254773 1.4406468999950448
0.9918122971716788 20
23 1.0713746502530157 0.40588269074037225 0.18827699999383185
0.01397571651489569 20
0.9999457213496533 80
24 0.9836988251611992 0.32794302915312507 1.4361282000027131
0.9542129159635683 20
0.9999993430825677 80
25 0.9364176115968647 0.31432207742246066 1.3798225999926217
0.9818219544461788 20
0.9999993289659106 80
26 0.8846272263307997 0.2648042139148774 1.6473880999983521
0.9524446682517894 20
0.9999986053030319 80
27 0.8248973886762989 0.21129372206286257 1.3177390999917407
0.9780928158782752 20
0.9999988169722474 80
28 0.7921244607063118 0.17681730326450065 1.358983400001307
0.8511611294776472 20
0.9999872786133458 80
29 0.7668064968421591 0.1572465075299812 1.3780272000003606
0.977922156895332 20
0.9999987335347604 80
30 0.7485021983260487 0.1359453262241496 2.218510000006063
0.8420328287158397 20
0.9999832252611095 80
31 0.7251351874180267 0.11730078314265677 1.3558080000075279
0.9641358967183427 20
0.9999988047843981 80
32 0.7156841302295243 0.10242234970540995 1.3534734999993816
0.896488166222852 20
0.9999988741438925 80
33 0.6973054918626378 0.08944592386332388 1.3852802999899723
0.9643383298765931 20
0.9999989252220366 80
34 0.6885337667297983 0.07664622324240897 2.2516964999958873
0.9062066986656138 20
0.999997601171515 80
35 0.6786322470184349 0.07063457853146485 1.3145113000064157
0.962355933582993 20
0.9999985378654875 80
36 0.672773467393842 0.06200172528587009 1.3697714000009
0.9649439318042559 20
0.9999979400602552 80
37 0.6660208189263034 0.0588415473196505 1.3800916000036523
0.9572293106876888 20
0.9999985146462086 80
38 0.6614534764723263 0.052310665997253224 1.3767011999880197
39 1.1517393743583502
-------------------------------------------------END------------------------------------------------------
50
-------------------------------------------Classical LM---------------------------------------------------
392.5752773794473 419.4276568178012
0 282.8714501800718 289.89306213237467 3.959258500006399
1 282.8714501800718 289.89306213237467 3.5641577999922447
2 219.15778290259325 221.557993452107 3.386807000002591
3 157.90295451954552 155.0205850455439 4.018948899989482
4 157.90295451954552 155.0205850455439 3.406703800006653
5 72.90040988437373 70.55135860299667 2.7929051000101026
6 72.90040988437373 70.55135860299667 3.648799799993867
7 72.90040988437373 70.55135860299667 2.825283700003638
8 26.09636688838572 26.65688522894986 2.758178999996744
9 26.09636688838572 26.65688522894986 2.7411679000069853
10 22.00011195920267 20.14900190910927 2.769451800006209
11 22.00011195920267 20.14900190910927 2.7267966000072192
12 9.323285441884092 8.530104687164107 3.6872530999971787
13 6.167987432949175 5.1277707133760355 3.5082823999982793
14 6.167987432949175 5.1277707133760355 3.6597309000062523
15 4.573777586775922 3.7923666821548903 2.7638693999906536
16 3.871200553205979 3.110370860917219 2.8830956000019796
17 3.318260693425672 2.673211820544486 3.660433999990346
18 3.318260693425672 2.673211820544486 3.7004084000072908
19 2.588821005516096 1.9333233722208656 3.0587157999980263
20 2.2274586436290376 1.61006798431484 3.3508827000041492
21 2.0244712333463695 1.4078496260618305 3.7907348000007914
22 2.0244712333463695 1.4078496260618305 3.8505882999888854
23 2.003748226878676 1.3699893060412425 2.765475799998967
24 1.635176415757732 1.024697598625422 2.8239471999986563
25 1.635176415757732 1.024697598625422 2.7930690000066534
26 1.4060862526327662 0.818442509465259 2.7568013000127394
27 1.3956523638896505 0.8024998232747673 2.7307411000074353
28 1.3261080094313298 0.7466617158963971 2.700555599993095
29 1.3261080094313298 0.7466617158963971 2.72492219999549
30 1.2247933548967838 0.6239774917269738 2.906044000003021
31 1.2247933548967838 0.6239774917269738 2.699845999988611
32 1.1627174619121015 0.5807407325552053 2.764070900011575
33 1.136913644321127 0.5354846217955509 2.6971795999997994
34 1.136913644321127 0.5354846217955509 2.714699300006032
35 1.0840171961192024 0.4993404415757613 2.769409300002735
36 1.0610008837113025 0.4563627595671431 2.690565000011702
37 1.0610008837113025 0.4563627595671431 2.966692099987995
38 1.0302683931459078 0.4422157332273532 2.773316999999224
39 1.0117977293778555 0.4082201780717321 2.8020489000045927
40 1.0117977293778555 0.4082201780717321 2.752880100000766
41 0.9884994055552164 0.3987116437834005 2.8715994999947725
42 0.9697620244357084 0.36767820113667044 3.0282355999952415
43 0.9697620244357084 0.36767820113667044 3.0253770999988774
44 0.9522297383950008 0.36128811346444056 2.7850918999902206
45 0.9335328945699057 0.3327223224558599 2.7819501999911154
46 0.9335328945699057 0.3327223224558599 2.9450322999909986
47 0.9205847596248546 0.328287143149356 2.798599000001559
48 0.9046751712214984 0.30495677572370755 2.7358916999946814
49 0.9046751712214984 0.30495677572370755 2.6965070000005653
50 0.8959518102689202 0.30220627418992513 2.767256000006455
51 0.8850753651701332 0.286620798709061 2.738765500005684
52 0.8779224525802052 0.2803485854819527 2.6705849999998463
53 0.8661973068474723 0.2637916018748034 2.646033199998783
54 0.8661973068474723 0.2637916018748034 2.700086899989401
55 0.8633873293492045 0.27210835865778266 2.790721299999859
56 3.0058294982141627
-------------------------------------------------END------------------------------------------------------
-------------------------------------------Krylov LM---------------------------------------------------
392.5752773794473 419.4276568178012
203
0 282.87837295591504 289.9047563758863 4.605285800003912
203
1 282.87837295591504 289.9047563758863 4.629381299993838
2 219.79816447825021 222.23530879251874 0.08539680000103544
203
3 142.3881165987087 141.36505630168259 4.627067000008537
203
4 73.25644562734364 70.77153775875469 4.683493899996392
203
5 73.25644562734364 70.77153775875469 4.6381383999978425
6 73.25644562734364 70.77153775875469 0.10394289999385364
7 49.38474092716948 50.236378470086784 0.0783516000083182
203
8 45.13966270061903 47.19732125922774 4.798824600002263
203
9 45.13966270061903 47.19732125922774 5.113245400003507
10 45.13966270061903 47.19732125922774 0.07364339999912772
11 31.44636252037132 30.036294911621916 0.08496229999582283
203
12 31.44636252037132 30.036294911621916 5.108073700001114
13 12.703664242007086 11.926725811270277 0.10155319998739287
203
14 5.4096034595906435 5.003301266843222 5.100821800006088
203
15 5.4096034595906435 5.003301266843222 4.67567009999766
16 3.067208534696884 2.4503439994600935 0.08144720000564121
203
17 2.249352733995866 1.7534194262306118 5.05888509999204
203
18 2.249352733995866 1.7534194262306118 4.899655900007929
19 2.001964244788248 1.30658126581282 0.12490310000430327
203
20 2.001964244788248 1.30658126581282 4.658464400010416
21 1.5802361106367864 0.9002224024562338 0.11375289999705274
203
22 1.394254194084452 0.7285542321836629 4.6433052999927895
203
23 1.2408889640134 0.5749761106615483 4.633067000002484
203
24 1.0839506652020727 0.4396510537504127 4.605209000001196
203
25 1.0839506652020727 0.4396510537504127 4.624307100006263
26 0.982433547969519 0.33704865530905864 0.10660069998994004
203
27 0.9356716681615613 0.30121759252745095 4.617350799991982
203
28 0.8731093859445395 0.24767389080292748 4.616366000002017
203
29 0.8626954900434978 0.22484397434132164 4.613244299995131
203
30 0.8626954900434978 0.22484397434132164 4.612622700005886
31 0.7819736533853157 0.17048770994828072 0.10935949999839067
203
32 0.7783495329085371 0.16551204428326097 4.608942599996226
33 3.1889495696968604
-------------------------------------------------END------------------------------------------------------
------------------------------------Reduced subspace LM---------------------------------------------------
392.5752773794473 419.4276568178012
0.9989297293357872 20
0 363.90714214140695 387.1151504675322 0.21026339998934418
0.999377831362932 20
1 323.194064910516 340.4418279165601 0.2155161999980919
0.9996473292739058 20
2 279.6461235739574 289.09004347682134 0.5120345000032103
0.9993967625315509 20
3 246.35864531972106 251.4698862930908 0.1932208000071114
0.9136880316433423 20
0.9999997256397786 80
4 236.55633344556662 239.1366612885668 2.138324300001841
0.9733565496789106 20
0.9999873901773889 80
5 211.86157577144894 212.87284658018518 1.8144353000097908
0.9796198761672403 20
0.9999870252404568 80
6 177.43563924436762 174.71831225556528 1.4242149000056088
0.9510121917800144 20
0.9997650291639109 80
7 133.69145981957413 132.62042922755697 1.4168308999942383
0.984605171622829 20
0.9999875563218253 80
8 101.09458215363952 100.95607888675222 1.4566055000032065
0.9795251699641228 20
0.9999777019847599 80
9 77.28399372011756 76.91919866441278 1.4343089999892982
0.9956828476582548 20
10 33.90189024786423 32.04605626090161 0.20816729999205563
0.7836225675432246 20
0.9999612995541652 80
11 21.594865407722462 20.122229235795555 1.4882195000100182
0.9056033266838935 20
0.9999929577353929 80
12 12.989575337715994 11.570538046510693 1.4770717999927
0.9756774544595695 20
0.9999913838795847 80
13 9.029176846865933 8.389540619991022 1.4002418000018224
0.9931245475723736 20
14 4.058680347733249 3.2219600164181483 0.19834950000222307
0.17723048686177859 20
0.9999674493767646 80
15 2.4581509596257045 1.722237525652657 1.5612235000007786
0.944788234262673 20
0.9999981097666144 80
16 1.766862992814466 1.1013894726866584 2.31313599999703
0.9929362507086189 20
17 1.6663052305482917 0.9598736269744514 0.203371600000537
0.0024249298544839915 20
0.998886191465103 80
18 1.4109037293838709 0.7616175580714222 1.761749500001315
0.9674590438825057 20
0.9999961629441629 80
19 1.264548402004095 0.6341098928961231 1.5826628000068013
0.9383328430264084 20
0.9999938398892462 80
20 1.1372789677129809 0.5341466057735977 1.7455896999890683
0.9667326095694968 20
0.9999984465213682 80
21 1.0537395496125148 0.4732301184759472 1.397913900000276
0.9876204760798655 20
0.9999990681344975 80
22 0.991346357148364 0.4277309319719892 1.7180473999906098
0.9934653502616262 20
23 0.9064742746394077 0.3127333758695751 0.2191400000010617
0.004134694274152438 20
0.9993593290664792 80
24 0.8714237629149215 0.2930982219320237 1.6786801999987802
0.9892923687379032 20
0.9999993372550088 80
25 0.8393822861664545 0.27655185743197547 1.7917511999985436
0.9920586231129613 20
26 0.8140161970235106 0.23695463418989937 0.22475069999927655
0.000982021629605193 20
0.9993885330679909 80
27 0.7859695464333533 0.20668222332311542 1.6928555000049528
0.9815189891333729 20
0.9999991701078115 80
28 0.7822202915259122 0.2086229702775683 1.3404869999940274
0.9947733567287569 20
29 0.7508938838516744 0.17206628229354645 0.19143039999471512
0.0004696246021765515 20
0.9987146279951502 80
30 0.7334906504086264 0.13679133259515874 1.3326529999903869
0.9805469316647035 20
0.9999971036929525 80
31 0.7172961443859811 0.12410597155230407 1.3905519999971148
0.9825468233835414 20
0.9999962385703663 80
32 0.7065792551716635 0.10960799547013225 1.4075155000027735
0.9848544592985674 20
0.9999978220006099 80
33 0.6979011717286702 0.10200451982731953 1.8802691000018967
0.9877076880202592 20
0.9999991404820802 80
34 0.6896621058885517 0.09319929169307485 1.829011800000444
0.9931725535209913 20
35 0.6870910463563988 0.0908044715148036 0.22468559999833815
36 1.196535586110258
-------------------------------------------------END------------------------------------------------------
