0
-------------------------------------------Classical LM---------------------------------------------------
422.9685598425532 420.20201533740186
0 272.65541449811644 257.90711229725764 1.8393151000491343
1 272.65541449811644 257.90711229725764 2.06557450001128
2 272.65541449811644 257.90711229725764 2.0947562000364996
3 272.65541449811644 257.90711229725764 2.127453399996739
4 145.07737181779694 143.0977012451314 2.075997499981895
5 89.70826256658688 89.82292879434111 2.049509400036186
6 35.902571195488484 35.810602228993524 2.018444100045599
7 35.902571195488484 35.810602228993524 2.03599820000818
8 35.902571195488484 35.810602228993524 2.09011340001598
9 17.084576715982088 16.321827956382474 2.81942529999651
10 13.179576123748824 12.12413340397603 2.0646876000100747
11 6.8454705555450595 6.29594442439012 1.9913485999568366
12 6.8454705555450595 6.29594442439012 2.011556100042071
13 3.5166336205377493 2.9182741245521866 2.095812500047032
14 2.8515581358153774 2.243103468824516 2.1030132999876514
15 2.744954193543084 2.195491562980027 2.0222878999775276
16 2.535163459914177 1.9563317760399053 2.0308771999552846
17 2.535163459914177 1.9563317760399053 2.0429703999543563
18 1.417504799205728 0.8858916716472937 2.1042048999806866
19 1.417504799205728 0.8858916716472937 2.0203505999525078
20 1.2692435228412615 0.7331961592994369 2.1080319000175223
21 1.2273444005059793 0.6656733677607137 2.0096171000041068
22 1.2273444005059793 0.6656733677607137 2.0152872999897227
23 1.013336717371187 0.443490241487822 2.6966707999818027
24 1.013336717371187 0.443490241487822 2.994994200009387
25 0.979537972634939 0.40910693343937043 3.245546000020113
26 0.9487195508853565 0.37572836683009964 3.121224100003019
27 0.9145035367593959 0.33957729101510353 3.299969299987424
28 0.8411405743789797 0.26242198426643926 2.943217599997297
29 0.8130762839773618 0.23506728313310385 2.5103581000003032
30 0.8130762839773618 0.23506728313310385 2.72088460001396
31 0.7404763049169547 0.164470971828148 2.6506580999703147
32 0.729842449664823 0.15497899478891514 3.0235031999764033
33 0.729842449664823 0.15497899478891514 2.874190600006841
34 0.7158061614731726 0.1415275726437166 2.3717179000377655
35 0.707837608360792 0.13485977421307166 2.8085070999804884
36 0.7025534946662401 0.13217053888858624 2.215304000012111
37 0.7025534946662401 0.13217053888858624 3.0262668000068516
38 0.6890359149437756 0.11915440753954001 2.221254499978386
39 0.683287280385244 0.11493296532463249 2.4888087999424897
40 0.679233806032835 0.1131287249520515 2.1648565999930725
41 0.679233806032835 0.1131287249520515 2.122767799999565
42 0.6683441917750621 0.10403819240804692 2.0879550999961793
43 0.663395073571269 0.09994531823732254 2.015289600007236
44 0.663395073571269 0.09994531823732254 2.070704800018575
45 0.6592333042387898 0.09754729247284472 2.072212799976114
46 0.6551311926406141 0.0936636867414785 2.0177359000081196
47 2.350519817543069
-------------------------------------------------END------------------------------------------------------
-------------------------------------------Krylov LM---------------------------------------------------
422.9685598425532 420.20201533740186
203
0 272.65498731980256 257.9068186750604 2.1767076999531128
203
1 272.65498731980256 257.9068186750604 2.206772000005003
2 272.65498731980256 257.9068186750604 0.061214799992740154
3 272.65498731980256 257.9068186750604 0.05173129995819181
4 145.07694637794998 143.09744718876397 0.056097199965734035
203
5 89.7118079753964 89.82656126801172 2.2008813999709673
203
6 35.90599729268438 35.81508468071918 2.201544700015802
203
7 35.90599729268438 35.81508468071918 2.1841109999804758
8 35.90599729268438 35.81508468071918 0.05708779999986291
9 17.0871090353194 16.324851601123427 0.06042610004078597
203
10 13.178373659742661 12.123159486102791 2.2333660000003874
203
11 6.84396814551391 6.29445444449261 2.238040300027933
203
12 6.84396814551391 6.29445444449261 2.232450300012715
13 3.516515361891214 2.9181878330903466 0.055021499982103705
203
14 2.85155345339047 2.2432051383572618 2.2129957000142895
203
15 2.754578129050782 2.2054477623407993 2.2084878999739885
203
16 2.483491102156501 1.8991404722008485 2.236959800007753
203
17 1.9169512165475717 1.3394466260431013 2.3620561999850906
203
18 1.9169512165475717 1.3394466260431013 2.2382302000187337
19 1.9169512165475717 1.3394466260431013 0.0605144000146538
20 1.5620986338749931 0.9241627214099927 0.05768740002531558
203
21 1.1743251737495672 0.5984074576389841 2.222777799994219
203
22 1.1743251737495672 0.5984074576389841 2.2289545999956317
23 0.9317990018433345 0.35597770427086267 0.048239299969282
203
24 0.8937393944087385 0.317511547259694 2.2481226999661885
203
25 0.8505901592606977 0.2663790051764444 2.2410096999956295
203
26 0.7948661403660255 0.2206424905948291 2.2780616999953054
203
27 0.7948661403660255 0.2206424905948291 2.2921735999989323
28 0.7287863408770521 0.15339810206161253 0.07571599999209866
203
29 0.7267030301542731 0.15258499786865803 2.709544899989851
203
30 0.7267030301542731 0.15258499786865803 2.2287486999994144
31 0.7048987665367611 0.1326912089099041 0.05639169999631122
203
32 0.7044244148931055 0.13376379285086215 2.2330035000341013
33 1.5228826636325032
-------------------------------------------------END------------------------------------------------------
------------------------------------Reduced subspace LM---------------------------------------------------
422.9685598425532 420.20201533740186
0.9991016732114467 20
0 388.7738295490826 386.61058593570726 0.11257820000173524
0.9993917534036325 20
1 339.76924488298886 338.28500691030115 0.1307084999862127
0.999575216987467 20
2 287.6348815991037 285.71722078936756 0.1888289999915287
0.9990839031706533 20
3 251.74508073832644 249.99436890789616 0.10526579996803775
0.9515195532603649 20
0.9999995868130618 80
4 237.22217057558032 228.8686651585812 0.8049905999796465
0.8977663715996931 20
0.9979246060438351 80
5 149.45242973570527 154.4427916364451 0.7447290999698453
0.9684265505571172 20
0.9999150525687146 80
6 94.91573986223803 96.3966409645877 1.136727000004612
0.9638954203408403 20
0.9999087022763815 80
7 68.20146050148911 67.76911667973008 1.2883562999777496
0.9825369348071648 20
0.9999879340055368 80
8 51.45428082615509 51.80898204398419 0.710087499988731
0.9938183775066914 20
9 14.215604901802813 14.423547028006663 0.11366200004704297
0.8346190995355931 20
0.99998952140506 80
10 7.081776781997178 6.71141561468661 0.7505662000039592
0.9719498467079551 20
0.9999966488794935 80
11 4.785378376154379 4.183656210871301 0.7661567999748513
0.9676953962018605 20
0.9999923384367843 80
12 2.8748756022600688 2.147476488791722 0.7457964000059292
0.9752989007383727 20
0.9999969848092523 80
13 1.9562190844044969 1.2219152740171313 0.7280101000214927
0.972175282261396 20
0.9999985532886466 80
14 1.6276546094105695 0.9670893050236408 0.6864411999704316
0.9920291073996423 20
15 1.0703161204037304 0.4369421716487076 0.09938380005769432
0.06850140555236815 20
0.9999760351060797 80
16 0.9608485163247146 0.32151047224568036 0.7469260999932885
0.9620132809088698 20
0.999998506672919 80
17 0.8088077562153326 0.17857553208622123 0.7393448000075296
0.9766103400775736 20
0.9999969859959796 80
18 0.7135719386836689 0.10641345527404802 0.7369488999829628
0.9879966335735162 20
0.9999991702969389 80
19 0.6632174629813259 0.07211599384882496 0.7184788000304252
0.9818476568894152 20
0.9999990034330267 80
20 0.6474123839115513 0.05694624866255494 0.7063485000398941
0.981932521861672 20
0.9999979459728631 80
21 0.6368210384124701 0.05113320243854717 0.682926999987103
0.9559681068504449 20
0.9999958637329084 80
22 0.6293924940455993 0.04518389546421212 0.7094331000116654
0.9752643553404053 20
0.9999894867754925 80
23 0.6249408249908938 0.04270305000029444 0.7188091000425629
0.9612618662906527 20
0.9999895681828416 80
24 0.6200409164054023 0.03897778541147328 0.7262709999922663
0.9836451006780208 20
0.9999978369993445 80
25 0.6171853599934689 0.0374547611971458 0.6933811000199057
0.9681596279233753 20
0.9999928272299128 80
26 0.6139929955528199 0.03517446006016182 0.9271637999918312
0.9856039350089237 20
0.9999986448753779 80
27 0.6120489847462928 0.03423188720852795 0.9079374000430107
0.9638934544217398 20
0.999996456811405 80
28 0.6099254990821974 0.03302381744413786 0.6763824999798089
0.9853143754398874 20
0.9999987148649229 80
29 0.6084182228290549 0.03274397407866803 0.688422899984289
0.9580360215622484 20
0.9999953545978141 80
30 0.6067653732656125 0.03182414433693977 0.6897767000482418
0.9781284214641105 20
0.9999987443895167 80
31 0.6675579942895897
-------------------------------------------------END------------------------------------------------------
1
-------------------------------------------Classical LM---------------------------------------------------
411.7264602299288 416.882199785043
0 341.6561273546087 343.70257540417776 2.0482599000097252
1 189.7403917571567 192.18032196517044 2.0556733999983408
2 99.9316853675984 97.84430371351372 2.557119600009173
3 99.9316853675984 97.84430371351372 3.17326559999492
4 99.9316853675984 97.84430371351372 2.567043199960608
5 51.88264448415997 51.746749941628316 2.0985455000190996
6 43.36995669788528 41.614437889634864 2.068547100003343
7 43.36995669788528 41.614437889634864 2.0528731999802403
8 43.36995669788528 41.614437889634864 2.0840759000275284
9 43.36995669788528 41.614437889634864 2.108277800027281
10 18.492714293877565 19.317008489988318 2.0741939999861643
11 16.470823981681338 16.49083784848226 2.017301200015936
12 12.917913932138129 12.728188697298004 2.027739500044845
13 9.037738920496855 8.452533340891067 2.4592121000168845
14 9.037738920496855 8.452533340891067 2.081661799980793
15 4.57770373773837 3.9482757658083947 2.340285299986135
16 2.95438004565183 2.5404073618273304 2.080021300003864
17 2.95438004565183 2.5404073618273304 2.0211907000048086
18 2.95438004565183 2.5404073618273304 2.0862682000151835
19 1.7265600057503667 1.1615464996963938 2.0588195000309497
20 1.5682977777630207 1.0111134590513458 1.9988616000046022
21 1.5682977777630207 1.0111134590513458 2.0208986999932677
22 1.2687465229531736 0.7159380126624023 2.066507699957583
23 1.158730240424868 0.6333555544590022 2.0486968000186607
24 1.030661834318454 0.4769572756739069 2.003303200006485
25 1.030661834318454 0.4769572756739069 2.0392736000358127
26 0.9595554298835773 0.40577502256318865 2.0740680000162683
27 0.9088317000397005 0.35169914967300736 2.029340000008233
28 0.8761972365914029 0.31364162503256693 2.511385599966161
29 0.8545037900057768 0.2795168585290025 2.0344218999962322
30 0.8545037900057768 0.2795168585290025 2.0352899999707006
31 0.8210986398632045 0.2612756056058189 2.0514320000074804
32 0.8145216856516928 0.22960714058668455 1.9550467999652028
33 0.8145216856516928 0.22960714058668455 2.0660392999998294
34 0.7929912917189915 0.2252816758770764 2.042861800000537
35 0.7760676521327564 0.18664468636483666 1.9943510000011884
36 0.7760676521327564 0.18664468636483666 2.0076690999558195
37 0.7475632410593547 0.17334948689336693 2.057594000012614
38 0.736169892974022 0.14912786663035849 2.0029576999950223
39 0.736169892974022 0.14912786663035849 2.019274700025562
40 0.7147222234075232 0.13665501087382903 2.147168600000441
41 0.7062610020458847 0.1219323393313438 1.9726596000255086
42 0.7010994207754938 0.11883920154532446 2.0183277999749407
43 0.7010994207754938 0.11883920154532446 1.9678068000357598
44 0.692697767679149 0.10787362706380639 2.0918567999615334
45 0.6846017158748269 0.10198280562247561 2.012066000024788
46 0.6846017158748269 0.10198280562247561 1.9965662999893539
47 0.676508466277441 0.09362140446707869 2.066224100010004
48 0.6703039046334841 0.08708445529053456 1.9955695000244305
49 0.6703039046334841 0.08708445529053456 1.9674449000158347
50 0.6656587264978833 0.08281285023570535 2.0645777999889106
51 2.0940317711881677
-------------------------------------------------END------------------------------------------------------
-------------------------------------------Krylov LM---------------------------------------------------
411.7264602299288 416.882199785043
203
0 341.65383097877486 343.70048646790303 2.2247323999763466
203
1 193.61184471992965 201.4432779108557 2.4359369999729097
203
2 85.85549003813487 83.91063130994546 2.966406100022141
203
3 85.85549003813487 83.91063130994546 3.6845215000212193
4 69.18494914905422 67.34238490492598 0.06888470001285896
203
5 69.18494914905422 67.34238490492598 3.680212700041011
6 40.88283119438849 39.1156742985727 0.07073670002864674
203
7 40.88283119438849 39.1156742985727 3.8924113000393845
8 40.88283119438849 39.1156742985727 0.06752420001430437
9 19.39371733907951 17.595685281502366 0.06163219996960834
203
10 19.39371733907951 17.595685281502366 3.9723238000296988
11 19.296048487995932 16.877672624987273 0.057592299999669194
203
12 19.296048487995932 16.877672624987273 3.6134014999843203
13 7.538158985218679 6.8242751427802535 0.06256729998858646
203
14 6.709643207337824 6.174175804892358 4.0312526999623515
203
15 4.950257778812148 4.106885753776622 4.244911500019953
203
16 4.411173091125959 3.684513799912469 4.3687651999644
203
17 4.411173091125959 3.684513799912469 3.9494252000004053
18 3.4512759019999097 2.728986899505032 0.06077290000393987
203
19 2.3420332349107187 1.79506508748058 3.799081599980127
203
20 2.3420332349107187 1.79506508748058 3.45006140001351
21 1.6202432900318724 1.0369412111677758 0.06354160001501441
203
22 1.4775913431985128 0.9149950941729152 3.7249270000029355
203
23 1.4775913431985128 0.9149950941729152 3.6620434999931604
24 1.082191719871773 0.4730816841969182 0.04895930003840476
203
25 0.9816862216878055 0.3771382606442306 3.8218032000004314
203
26 0.9816862216878055 0.3771382606442306 3.444769699999597
27 0.8317342932377376 0.21751470844449516 0.055304599984083325
203
28 0.8078410012884731 0.19765178542860198 3.3529142000479624
203
29 0.7789718707629193 0.16785693994345532 3.618155599979218
203
30 0.7789718707629193 0.16785693994345532 4.094336100039072
31 0.714732314374768 0.11157509531697536 0.07365630002459511
203
32 0.7136012994493354 0.11169044576924576 4.523534199979622
203
33 0.7085933022767136 0.10643689006410252 4.64839570003096
203
34 0.7085933022767136 0.10643689006410252 5.121017700002994
35 0.6991899227516615 0.10014201356052808 0.06145109998760745
203
36 0.6787511270236571 0.08333036956401632 5.265059600002132
203
37 0.6787511270236571 0.08333036956401632 3.982578499999363
38 0.6703336426028408 0.07743541580601127 0.07685790001414716
203
39 0.6597251074480297 0.06953298265502583 3.8456150999991223
203
40 0.6597251074480297 0.06953298265502583 4.056625100027304
41 0.6545331512166823 0.0657420485517221 0.06160230003297329
203
42 0.6494113160820312 0.06231886489626884 3.9206177999731153
43 2.6586910000018014
-------------------------------------------------END------------------------------------------------------
------------------------------------Reduced subspace LM---------------------------------------------------
411.7264602299288 416.882199785043
0.9987332991124065 20
0 380.0163171351617 385.6333395369819 0.12984219996724278
0.9989855087727378 20
1 334.2406206174268 339.6928695295113 0.20289750001393259
0.9992997998373988 20
2 283.9104917740454 287.73736280440966 0.10001319996081293
0.9990625821608541 20
3 247.49612826917618 247.80469520000094 0.10453880002023652
0.9493763182350667 20
0.9999948597382762 80
4 244.24672335757418 238.58346468456108 0.7745883999741636
0.9667095571487484 20
0.999776970283364 80
5 229.6709677475706 229.5390135103523 0.6915288000018336
0.6664396753401756 20
0.9761704351184982 80
0.9927729257146496 140
6 172.1314646949762 171.10147162481638 1.531107900023926
0.79656634318514 20
0.9894876713957209 80
0.9970836373379118 140
7 107.61713329631063 104.81663892749386 1.7357795999851078
0.9769306974873493 20
0.9993418890301411 80
8 56.96986707960614 55.39605789659338 0.7668940000003204
0.9847282115616165 20
0.9997581416502466 80
9 20.233882075247617 19.65992151139785 0.7844890000415035
0.9885518814639163 20
0.9999728941844827 80
10 9.59783075966193 8.987009683482265 0.7640083999722265
0.9926372629750069 20
11 5.743808748197224 5.05078518112904 0.11446369998157024
0.3770928598296824 20
0.9999821914868098 80
12 4.520050190541334 3.795178194186439 0.7765504999551922
0.9634550986562134 20
0.9999727939042129 80
13 3.888715357553781 3.110157176654255 0.7288233999861404
0.9628850502952125 20
0.9999692450433846 80
14 3.8510251212095943 3.524858818990944 0.7110341999796219
0.9909295649606159 20
15 2.168465974677374 1.7095724922400901 0.11689780000597239
0.12041365863840597 20
0.9999585546209918 80
16 1.64978849146384 1.0902558134478935 0.9565960000036284
0.9701730432655671 20
0.9999973934395772 80
17 1.3648216513468914 0.7867771533543512 1.1299827999901026
0.9845863138664426 20
0.9999951557968921 80
18 1.3534204450358285 0.7670455925405315 0.7510351000237279
0.9947466436838822 20
19 1.16359611981406 0.5985378354261742 0.1214697000104934
0.04277787864879561 20
0.9999377218428571 80
20 1.08862912477288 0.537634847793706 0.756667000008747
0.9311336690793117 20
0.9999911724428786 80
21 0.9989988217355811 0.4264769679103725 0.7475130999810062
0.992465304641403 20
22 0.9836307813274725 0.4128122383573733 0.0917399000027217
0.004211422985260688 20
0.9994018851061748 80
23 0.9410782267818392 0.38441205511645726 0.7356231000158004
0.9559084691878755 20
0.9999927882414699 80
24 0.9019917303002262 0.337396600692571 0.7095225999946706
0.9910845857243551 20
25 0.8892075253386014 0.3206442854594226 0.10404740000376478
0.0007691115122614805 20
0.9974282586302873 80
26 0.8734511484818375 0.3164089829692523 0.9053178000031039
0.976734497411693 20
0.9999814582400677 80
27 0.8488589802669183 0.2783001796320161 1.056909499980975
0.9846472037703685 20
0.9999830551021766 80
28 0.8221992831736837 0.2559812628412759 0.6827597999945283
0.9764449276958829 20
0.9999887559930603 80
29 0.8149818965118856 0.24461841548192945 0.6862959999707527
0.9849115011591966 20
0.9999916170285711 80
30 0.7995869922394572 0.23056736195799676 0.7089690000284463
0.9803294789420439 20
0.9999857722092371 80
31 0.7937734765842824 0.22456197208704873 0.7014765000203624
0.9768696244027517 20
0.9999841180602913 80
32 0.782449516471433 0.21238852036993866 0.6949961999780498
0.9782387470522322 20
0.9999899561046652 80
33 0.7766131602344213 0.20716671875625572 0.6853775000199676
0.973308052861672 20
0.9999846380371042 80
34 0.7682292634659591 0.19668329310205473 0.6972502000280656
0.9775275740979331 20
0.9999932805546005 80
35 0.7623007964302849 0.19266931497079612 0.7494348000036553
0.9689540622033227 20
0.9999878095175903 80
36 0.7555790347284858 0.18378122186011586 0.9204805999761447
0.9798836137098377 20
0.9999962813299638 80
37 0.7500306610407852 0.17997373056196198 0.6811725000152364
0.9650870100307545 20
0.9999921120600852 80
38 0.744525651685119 0.17262040109821775 0.6854393999674357
0.9825357881698021 20
0.9999972244601697 80
39 0.739369923842813 0.16885608121072182 0.678520200017374
0.9641096677948843 20
0.9999935481363983 80
40 0.7345470967779646 0.1623724427668763 0.6617636000155471
41 0.7078495855034882
-------------------------------------------------END------------------------------------------------------
2
-------------------------------------------Classical LM---------------------------------------------------
450.63230057219107 449.88011600442127
0 286.69530861419355 283.16217529585964 2.0019044000073336
1 286.69530861419355 283.16217529585964 2.008185399987269
2 231.44248903881544 233.21901507941197 2.1032400999683887
3 155.2790662661239 155.67935154535616 2.036260900029447
4 155.2790662661239 155.67935154535616 2.0163603000110015
5 155.2790662661239 155.67935154535616 2.143869499966968
6 70.95858798471947 67.09521309781161 2.082252799998969
7 70.95858798471947 67.09521309781161 2.3045901999576017
8 31.63866764046867 32.68425386047043 3.432461799995508
9 31.63866764046867 32.68425386047043 3.0372547999722883
10 16.50114105786042 17.05170925793697 2.103659600019455
11 16.50114105786042 17.05170925793697 2.102100500022061
12 11.53757564703402 11.658148990769895 2.137809699983336
13 6.706459191427295 6.921456535470821 2.3736481000087224
14 4.672564283780875 4.376053842790499 3.502751599997282
15 3.963326145317994 3.5951996808298037 3.6494051000336185
16 3.963326145317994 3.5951996808298037 3.5116196000017226
17 2.6468445601588386 2.2773276951252663 2.1627148000407033
18 2.6468445601588386 2.2773276951252663 2.059615800040774
19 1.8763825630036122 1.4903416157748353 2.0949178999871947
20 1.8009267860033928 1.4168112947394498 2.0095244999974966
21 1.7091619268311413 1.274922286944338 2.012569300015457
22 1.7091619268311413 1.274922286944338 2.0436242999858223
23 1.3946062787383116 0.9052995344341641 2.067821800010279
24 1.3083663847767866 0.8245560413310813 1.9768088000128046
25 1.3083663847767866 0.8245560413310813 2.0258708000183105
26 1.1898692090387346 0.7003796364564728 2.092447799979709
27 1.1284928494939632 0.6306732575961772 2.2241985999862663
28 1.1148210960560565 0.6247984783464531 2.6856541999732144
29 1.064182431950902 0.5282117643272054 3.7008520999806933
30 1.064182431950902 0.5282117643272054 3.647735400008969
31 0.8182596587200577 0.2720657163337744 2.1009774999693036
32 0.8182596587200577 0.2720657163337744 2.0625278999796137
33 0.7742978678840075 0.23140632567926647 2.5562517999787815
34 0.7547723714840003 0.2066661887859694 2.103957800019998
35 0.7410550053537595 0.18925531754364877 2.1849195000249892
36 0.7410550053537595 0.18925531754364877 3.5191890000132844
37 0.7127698173824453 0.15622335440161156 2.2557832000311464
38 0.7019076129637262 0.14329220828773787 2.0900745999533683
39 0.7013015814829837 0.1400881078399307 2.0832793000154197
40 2.4077172774996143
-------------------------------------------------END------------------------------------------------------
-------------------------------------------Krylov LM---------------------------------------------------
450.63230057219107 449.88011600442127
203
0 286.69624204331365 283.16437041158304 2.26553120004246
203
1 286.69624204331365 283.16437041158304 2.2167386999935843
2 231.3960305292175 233.15311894350242 0.04678319999948144
203
3 150.3053324176041 152.37238557745465 2.203945900022518
203
4 150.3053324176041 152.37238557745465 2.1914079999551177
5 150.3053324176041 152.37238557745465 0.05214529996737838
6 65.08361145005499 59.00851611353739 0.05866380000952631
203
7 65.08361145005499 59.00851611353739 2.1982313999906182
8 24.212872178783453 24.503484118285105 0.04727979999734089
203
9 24.212872178783453 24.503484118285105 2.207700900034979
10 12.707979684746906 12.84069582298825 0.06298059999244288
203
11 12.707979684746906 12.84069582298825 2.215879999974277
12 8.528838312061483 8.30184664259848 0.061546400014776736
203
13 6.1646349677657435 6.036198996008434 2.1903809999930672
203
14 4.529198501370876 4.104033397331898 2.1605098999571055
203
15 3.395456800806548 2.775882751298466 2.7081006000516936
203
16 3.395456800806548 2.775882751298466 2.390629900037311
17 2.1737288102778236 1.6513031825806057 0.043521500017959625
203
18 2.1737288102778236 1.6513031825806057 2.199564900016412
19 1.7844661075955417 1.2684664004244655 0.048287799989338964
203
20 1.6061567502088339 1.0771341078939376 2.211479199992027
203
21 1.4738434400681848 0.9418464112204998 2.199449600011576
203
22 1.4738434400681848 0.9418464112204998 2.207800399977714
23 1.166048016587019 0.6513986455258196 0.05606249999254942
203
24 1.1606815787606581 0.6209824426862237 2.155436999979429
203
25 1.0986440374976325 0.5266008385088965 2.1716982999932952
203
26 1.0986440374976325 0.5266008385088965 2.2425384999951348
27 0.8486711232347418 0.27334857799867496 0.06372080004075542
203
28 0.8203492979803625 0.24427466166248613 2.5113153000129387
203
29 0.8203492979803625 0.24427466166248613 2.269032599986531
30 0.7793930701666397 0.2028243431591773 0.05792600003769621
203
31 0.7793930701666397 0.2028243431591773 2.1971726000192575
32 0.7687151775814304 0.19199434713112123 0.04806320002535358
203
33 0.7591169835756431 0.1821105777087274 2.1889494999777526
203
34 0.755204687952378 0.17772328649432598 2.191332800022792
35 1.5446065000028395
-------------------------------------------------END------------------------------------------------------
------------------------------------Reduced subspace LM---------------------------------------------------
450.63230057219107 449.88011600442127
0.9986064298956981 20
0 411.22329471393766 410.16598354738665 0.09139369998592883
0.9986865595715096 20
1 354.726226070202 353.4851856157301 0.10530190001009032
0.9989404046470639 20
2 292.739407313401 293.1199196851557 0.08952719997614622
0.9988882261587885 20
3 249.23517934877262 248.3250702071232 0.10871579998638481
0.9778007209527166 20
0.9999991920284482 80
4 245.60570215921322 244.10044152555326 0.8534238000283949
0.9643908402947841 20
0.9999923686669537 80
5 170.1844206968519 179.85056238903098 0.9592457999824546
0.7060960963140088 20
0.9981660185802941 80
6 74.65061356208639 75.49229888109375 0.8163366000517271
0.8254002237639132 20
0.9981790809638611 80
7 37.85175838114769 38.485420959205975 0.7100414000451565
0.8003645030396664 20
0.9985038786130098 80
8 26.354073375562358 27.20591563707215 0.7185424999915995
0.9777114800623 20
0.9999269297286851 80
9 19.494943113128357 18.238134692374278 0.6800083999987692
0.9653101854865096 20
0.9999722383103022 80
10 7.329083948830736 6.5573420274195815 0.7237932000425644
0.9864825762354559 20
0.9999969212937962 80
11 4.171623586093078 3.5480280892843146 0.7200601000222377
0.994178543984061 20
12 2.5168120958428415 1.983491086440612 0.1099695999873802
0.3495889962456677 20
0.9999939126436066 80
13 2.0605122266856974 1.4722693761142458 0.7347665999550372
0.9923293551706849 20
14 1.7830024807845155 1.2278655852687599 0.10300800000550225
0.029002909888735003 20
0.9999367446044541 80
15 1.4683918847306634 0.8982156247009877 0.7036667999927886
0.9714013327406504 20
0.9999906863141624 80
16 1.209729355554782 0.6498521682948858 0.706304999999702
0.9927309717146711 20
17 1.0957538177862391 0.5068679176654491 0.10786259995074943
0.04915062250672764 20
0.999959059065478 80
18 1.0350809254760671 0.44447098076884684 0.982107600022573
0.9942730711284342 20
19 0.9622259652889086 0.38720867226255506 0.09602659998927265
0.0020911758668841567 20
0.9993042073174728 80
20 0.923017101069642 0.3377650788440352 0.6514210000168532
0.9970885927034293 20
21 0.8853259348705824 0.2987218054282953 0.09870840003713965
0.003954154206122718 20
0.9997123896003481 80
22 0.8744795371373822 0.29789597460411527 0.6679943999624811
0.9521889623004683 20
0.9999986395247689 80
23 0.8450768000192925 0.2769917917600062 0.6651153999846429
0.9809192831141534 20
0.999993821758899 80
24 0.8060642298829535 0.23448821419136834 0.6961286999867298
0.9938124090233743 20
25 0.7900010814701017 0.22480367718135558 0.10080960002960637
0.0006560746208942528 20
0.9990036968473089 80
26 0.784982231940064 0.22871510619675495 0.6667213999899104
0.9855997128569443 20
0.9999967018908374 80
27 0.7582195887721639 0.19364349824103907 0.7050880999886431
0.9935309219392696 20
28 0.7493870621675418 0.18739264241662307 0.19265829998767003
0.0008042640806393063 20
0.9990637017475511 80
29 0.744750486171658 0.19140057010429987 0.6855419999919832
0.9811298880363077 20
0.9999959882750492 80
30 0.7275680982756545 0.16847220461434442 0.687650499981828
0.9825789265589232 20
0.9999929421671405 80
31 0.717972739419071 0.1647261138026978 0.6789798000245355
0.988963595292861 20
0.9999984868727729 80
32 0.7062677213277053 0.14915720855660639 0.6693993999506347
0.9930437068933062 20
33 0.6992974651288872 0.13884525212459453 0.11186300002736971
0.0006237794391193215 20
0.9987044350094436 80
34 0.6972036750064794 0.14243629641370098 0.6401768000214361
35 0.47957216399954633
-------------------------------------------------END------------------------------------------------------
3
-------------------------------------------Classical LM---------------------------------------------------
374.54544726808575 377.4353760645001
0 256.65580101358233 259.4484858805238 2.014761600003112
1 256.65580101358233 259.4484858805238 2.02043659996707
2 153.43718836005863 154.93563856273568 2.1698971999576315
3 153.43718836005863 154.93563856273568 2.050632400030736
4 153.43718836005863 154.93563856273568 2.1115390000049956
5 43.498709374345815 41.77760731392389 2.5782340000150725
6 43.498709374345815 41.77760731392389 2.4450167000177316
7 34.638013985276956 31.238630100482478 3.128834499977529
8 13.973375890503224 13.220094701960832 3.0541736999875866
9 12.915597057280765 11.609982950171625 3.039337299996987
10 12.915597057280765 11.609982950171625 2.2865418000146747
11 6.727616735983808 5.917314542700819 4.3121352000162005
12 6.1476389359607495 5.211629804495902 4.873590000031982
13 6.1476389359607495 5.211629804495902 3.1932822999660857
14 3.37241074661541 2.7397699728683227 2.1735690999776125
15 3.37241074661541 2.7397699728683227 2.092724999994971
16 2.331834199677067 1.7583925403711642 2.1380321999895386
17 2.331834199677067 1.7583925403711642 2.1005287999869324
18 1.9101568739236252 1.3342708581213643 2.0888724999967963
19 1.8738929714538797 1.3232255879323327 2.4824395999894477
20 1.8738929714538797 1.3232255879323327 2.100881099991966
21 1.7207026053309318 1.1560204921245436 2.0567180999787524
22 1.6416653540004194 1.0791988868245808 2.0839931000373326
23 1.5415795684746245 0.9645161987766446 2.0386647999985144
24 1.5415795684746245 0.9645161987766446 2.0591973999980837
25 1.4331256021793477 0.8612036850662149 2.0772226999979466
26 1.3987141856254326 0.8310624994979317 2.019174600020051
27 1.3987141856254326 0.8310624994979317 2.037034700042568
28 1.3041605307033857 0.7447342228784731 2.077397099987138
29 1.265806709930339 0.7105983339130055 2.025796200032346
30 1.265806709930339 0.7105983339130055 2.036187499994412
31 1.2037305587999954 0.6522335535210327 2.076054600009229
32 1.1635176600130137 0.6119037918678096 2.02710330003174
33 1.12337013644121 0.5676936907719564 2.0238710999838077
34 1.0539140118143435 0.4836199950666281 2.50912950001657
35 0.9665089681738155 0.39296251718321407 2.109107199998107
36 0.9665089681738155 0.39296251718321407 2.013416900008451
37 0.8808387002945517 0.3258498470791627 2.0868386999936774
38 0.8644070970058026 0.3081286754649727 2.047641900018789
39 0.8644070970058026 0.3081286754649727 1.993936599988956
40 0.8170459939493516 0.2540623183736611 2.089149199950043
41 0.8105861394168146 0.24686339196404622 1.985876200022176
42 0.8062415453216362 0.23761841606575437 2.0004984000115655
43 0.7612779173266716 0.19150376855854934 2.4870834999601357
44 0.7612779173266716 0.19150376855854934 2.1095439000055194
45 0.7050686448389559 0.1382597107917773 2.0754121000063606
46 0.698654062419 0.1334915595057032 2.0544956999947317
47 0.698654062419 0.1334915595057032 2.022009000007529
48 0.6789587496316123 0.11236024641420772 3.4089361000224017
49 0.6789587496316123 0.11236024641420772 3.7549790000193752
50 0.675026235360437 0.10865881556518561 2.093804000003729
51 2.287052707249751
-------------------------------------------------END------------------------------------------------------
-------------------------------------------Krylov LM---------------------------------------------------
374.54544726808575 377.4353760645001
203
0 256.6556972353017 259.44830300886593 2.1627633000025526
203
1 256.6556972353017 259.44830300886593 2.2191406000056304
2 154.6052156180653 156.21132431322275 0.04807499999878928
203
3 154.6052156180653 156.21132431322275 2.721026699990034
4 154.6052156180653 156.21132431322275 0.05987099994672462
5 41.92596860693009 40.65272404462703 0.03818060003686696
203
6 41.92596860693009 40.65272404462703 3.016909099998884
7 28.287998019019962 25.349624404299654 0.04936579999048263
203
8 12.94334086182614 12.095340928904944 2.3475961999502033
203
9 9.44889342637552 8.485853877757599 2.218439300020691
203
10 9.44889342637552 8.485853877757599 2.2075649999896996
11 4.262270425396701 3.5170390389570882 0.0637709999573417
203
12 4.262270425396701 3.5170390389570882 2.2066220000269823
13 3.170488239738146 2.5730054641594933 0.059921200037933886
203
14 2.875709765647041 2.260637900781352 2.213696999999229
203
15 2.875709765647041 2.260637900781352 2.212974399968516
16 2.67261244789384 2.1353172382715293 0.047671300009824336
203
17 2.67261244789384 2.1353172382715293 2.208579800033476
18 2.2231528481181018 1.6816491896079016 0.0619101999909617
203
19 2.0857604536023944 1.5574863878663705 2.2369737999979407
203
20 2.0857604536023944 1.5574863878663705 2.235857199993916
21 1.9269546604521566 1.3927062011524667 0.045420999987982213
203
22 1.816912585169251 1.2924125369556367 2.842960399982985
203
23 1.8143482255973766 1.3010972613124328 3.2610559000167996
203
24 1.504393815369429 0.9995943872513824 2.992235699959565
203
25 1.4062310812072107 0.8905607869424057 2.9752360999700613
203
26 1.4062310812072107 0.8905607869424057 2.979926100000739
27 1.0739124888849987 0.5379133930861792 0.06379350001225248
203
28 0.9873597413335974 0.4339638266528824 2.858801999944262
203
29 0.9873597413335974 0.4339638266528824 2.207157199969515
30 0.9378106590713778 0.3794447986539864 0.05998269998235628
203
31 0.9228687731051123 0.34625282580572503 2.7361593000241555
203
32 0.9228687731051123 0.34625282580572503 3.0761981999967247
33 0.8791838250040183 0.3136496198349121 0.05774990003556013
203
34 0.8757865332531097 0.3010589443605077 2.887955999991391
203
35 0.8757865332531097 0.3010589443605077 2.2166973000275902
36 0.8352677641547758 0.2670367695163533 0.06143329996848479
203
37 0.8301516297674981 0.2566034952529473 2.208650100044906
203
38 0.8301516297674981 0.2566034952529473 2.1778742999886163
39 0.80197780870664 0.23167244176580193 0.0625317000085488
203
40 0.7908500232710786 0.21696892144555774 2.2100744000053965
203
41 0.7844311591569534 0.20242138836409856 2.1648511000094004
203
42 0.7844311591569534 0.20242138836409856 2.1891849999665283
43 0.7520485711540273 0.1776364625448139 0.04649129998870194
203
44 0.7437005852298147 0.16624904716800024 2.2042048000148498
203
45 0.7437005852298147 0.16624904716800024 2.2056082999915816
46 0.7291105862005843 0.15507861811492307 0.05514279997441918
203
47 0.7220739385864412 0.14686534279002972 2.1855666000046767
203
48 0.7220739385864412 0.14686534279002972 2.198223199986387
49 0.7133919903805154 0.13962738740990374 0.05247130000498146
203
50 0.7069546071871968 0.13265726159445773 2.175821399956476
203
51 0.7023158699309654 0.12680931296657955 2.3100315000046976
52 1.6953457296840497
-------------------------------------------------END------------------------------------------------------
------------------------------------Reduced subspace LM---------------------------------------------------
374.54544726808575 377.4353760645001
0.9993605103154944 20
0 349.6837044459312 353.16375312576037 0.09981149999657646
0.9994748477152904 20
1 313.91414623772334 317.77737518675207 0.10678209998877719
0.999567816870739 20
2 275.52756155961526 278.67007629790066 0.11546800000360236
0.9989650588574636 20
3 249.1600838209503 248.6641272203094 0.13898940000217408
0.9811766826087955 20
0.9999996636812452 80
4 249.1600838209503 248.6641272203094 1.3363681000191718
0.9811766826087955 20
0.9999996636812452 80
5 248.96342918482273 248.8328666944917 1.1708042999962345
0.974410798415692 20
0.999998778718205 80
6 245.73094813153986 244.96294608846762 1.5462374999769963
0.9418456008930006 20
0.9999859934020182 80
7 243.55163776816707 242.31885312946363 1.475044299964793
0.9598744859852156 20
0.9999808567646774 80
8 225.66849174935828 221.508606376869 1.0664254000294022
0.9217443425828118 20
0.9996426739976919 80
9 200.640960551017 198.86142614706574 0.7831850000075065
0.769471706174004 20
0.9994099939674889 80
10 180.5450685143417 175.6375876935229 0.7186484000412747
0.894647554244793 20
0.9992219883267732 80
11 175.2639966611795 170.7265716259078 0.6739532999927178
0.8969826147555517 20
0.9970006851336606 80
12 83.36307364727482 83.2080711811042 0.728107100003399
0.9726215004509039 20
0.9998079985572786 80
13 61.61139316908615 62.38760585499167 0.7301412000088021
0.9921744639847397 20
14 14.814803163731575 14.40617803043519 0.10967530001653358
0.8462095273429313 20
0.9999732415649439 80
15 10.743032970751287 10.455071821675322 1.399915600020904
0.9121209920748445 20
0.9999928371766883 80
16 9.474209294552137 9.287243096201404 0.9111487999907695
0.9850624941944857 20
0.9999905727721203 80
17 6.479848832528338 6.050367882063492 0.9893656999920495
0.9944762639452808 20
18 3.1035042834414277 2.696652511420877 0.10829000000376254
0.30059537062607794 20
0.9999886827081601 80
19 2.6435417829519516 2.133723427602995 0.7747767999535426
0.923680782333965 20
0.9999985353435035 80
20 2.3120777101055117 1.7482230213333063 0.7780925999977626
0.9680651889803189 20
0.9999989150683664 80
21 2.007415204418078 1.379876317002309 0.7189102999982424
0.9891592379607745 20
0.9999989068875812 80
22 1.5278350261426237 0.9482027078319881 0.6712754999753088
0.9953183978355337 20
23 1.1800200002326735 0.6264791987506605 0.1086183000006713
0.010103410752176446 20
0.9997652192230552 80
24 1.0197090104788553 0.45002655429518074 0.8410816000541672
0.9534362200942078 20
0.9999986111654896 80
25 0.937907344541853 0.3613940072557514 0.7589210000005551
0.9909024261332643 20
26 0.8926035013849342 0.3213984092920955 0.09503939998103306
0.0013344650977050961 20
0.9987781415764689 80
27 0.8243548469529939 0.25012251255571527 0.7524076999980025
0.9737799623764211 20
0.9999978194445363 80
28 0.7689408494530093 0.1972474214206792 0.7572110000182875
0.9799293029974245 20
0.9999908181721029 80
29 0.7276863470393717 0.15287851683956738 0.89239130000351
0.9836504994568321 20
0.9999895374608737 80
30 0.7069914137846135 0.13555417312096393 1.0912696000305004
0.9734727562973176 20
0.9999924773522556 80
31 0.6709572036568253 0.09500500015000705 0.671154799987562
0.9808122123659764 20
0.9999992277348018 80
32 0.6556445335778152 0.08203548258460426 0.6849314999999478
0.9735361270109341 20
0.9999984477417654 80
33 0.6481175744025912 0.07416295221014928 0.7035337999695912
0.9772482257644136 20
0.9999984168423705 80
34 0.6424151339919636 0.06898043845346674 0.7083027999615297
0.9661477023970816 20
0.9999947448380277 80
35 0.6362919863880742 0.06339915975025087 1.324816699954681
0.9526860529190805 20
0.9999937939039802 80
36 0.6322253709067311 0.05944699599384744 1.2056429000222124
37 0.7263804047612384
-------------------------------------------------END------------------------------------------------------
4
-------------------------------------------Classical LM---------------------------------------------------
416.1163056720799 415.3920934105903
0 308.0541814783293 311.42459413811065 1.9950492000207305
1 308.0541814783293 311.42459413811065 2.037563299993053
2 308.0541814783293 311.42459413811065 2.0603743999963626
3 308.0541814783293 311.42459413811065 2.1620446000015363
4 287.1785079601682 280.79350912897746 2.1595183000317775
5 79.89664971168547 75.98401222515606 2.144119300006423
6 45.59373689076661 44.00618550300304 2.013492400001269
7 45.59373689076661 44.00618550300304 2.0422013999777846
8 24.832655662066173 21.908157298697077 2.1139206999796443
9 24.832655662066173 21.908157298697077 2.0026793000288308
10 12.222648094833293 10.92079285054412 2.111101000045892
11 7.1543456397776115 6.305672601367954 1.992528399976436
12 4.401734848887929 3.9498663099274363 2.0253416000050493
13 4.401734848887929 3.9498663099274363 2.006158099975437
14 2.253577229941394 1.7221289948096727 2.100129599974025
15 1.7740134586163625 1.2070665994471537 2.0262915999628603
16 1.7740134586163625 1.2070665994471537 2.1047083000303246
17 1.697186114316799 1.1325382052032242 3.4931930000311695
18 1.5029573011657558 0.9194737351210032 4.168317199975718
19 1.2464634995354282 0.6575813724622397 3.2560310999979265
20 1.2464634995354282 0.6575813724622397 2.956394899985753
21 0.8243070711856917 0.25827213940994087 2.0478089000098407
22 0.7950463564716268 0.21691738095558402 2.0497256999951787
23 0.7725701852361665 0.2028251907066615 2.052024100034032
24 0.7725701852361665 0.2028251907066615 2.497572800028138
25 0.6803030418534367 0.10738300484465349 2.112982099992223
26 0.6702845357509651 0.09547677526053903 2.0615155000123195
27 0.6702845357509651 0.09547677526053903 2.068246699986048
28 0.643152782887085 0.07294800539010099 2.06336009997176
29 0.6362086695011883 0.0660817837873371 2.066913200018462
30 0.6362086695011883 0.0660817837873371 3.547359000018332
31 0.6309362846511182 0.061174201805471326 2.26448110002093
32 0.6273604896826808 0.05747932427621616 2.440353999962099
33 2.329061891893051
-------------------------------------------------END------------------------------------------------------
-------------------------------------------Krylov LM---------------------------------------------------
416.1163056720799 415.3920934105903
203
0 308.05464003114764 311.4248380877961 2.8952024999889545
203
1 308.05464003114764 311.4248380877961 2.8174606999964453
2 308.05464003114764 311.4248380877961 0.044979199999943376
3 308.05464003114764 311.4248380877961 0.04338290001032874
4 287.18528531388677 280.79944063036106 0.053762299998197705
203
5 79.89282414017593 75.97885540102608 3.0794007000513375
203
6 45.583971362671875 43.997816952618216 2.2526130999904126
203
7 45.583971362671875 43.997816952618216 2.4093420000281185
8 24.82443653974145 21.902011863049708 0.05247600004076958
203
9 24.82443653974145 21.902011863049708 2.244093100016471
10 12.236522764711621 10.933393490919833 0.05395420000422746
203
11 7.174902028933842 6.322830275370539 2.2099248999729753
203
12 4.399870560409395 3.9459519595721595 2.678552299970761
203
13 4.399870560409395 3.9459519595721595 2.253909900027793
14 2.2465507935853335 1.7146853844619623 0.06185060000279918
203
15 1.779016068078082 1.2131574681109403 2.223760700027924
203
16 1.779016068078082 1.2131574681109403 2.171056099992711
17 1.699995266178737 1.1360606275873215 0.05429810000350699
203
18 1.511937412945557 0.9296678643201058 2.2086312000174075
203
19 1.184639306447355 0.6008724070386031 2.174070800014306
203
20 1.184639306447355 0.6008724070386031 2.186825300042983
21 0.8308831400356971 0.2649641600905328 0.05780179996509105
203
22 0.793279893428142 0.21359062740605336 2.215932100021746
203
23 0.7565635166832712 0.18951687149852922 2.1597991000162438
203
24 0.7565635166832712 0.18951687149852922 2.1920635999995284
25 0.6859677301895661 0.11225780522830707 0.05353029997786507
203
26 0.6698821585156929 0.09492192739553766 2.163630600029137
203
27 0.6653892619354287 0.09292029072313333 2.4457585000200197
203
28 0.6653892619354287 0.09292029072313333 2.3802954999846406
29 0.6328879324890265 0.06246091229363442 0.057913700002245605
203
30 0.6328879324890265 0.06246091229363442 2.473816500045359
31 0.6279047031868393 0.05707588501552969 0.048569099977612495
203
32 0.6246751667359363 0.05367948662631975 2.789383800001815
33 1.626701524328579
-------------------------------------------------END------------------------------------------------------
------------------------------------Reduced subspace LM---------------------------------------------------
416.1163056720799 415.3920934105903
0.9969274458963348 20
0 384.0410887258784 384.0234327594103 0.09403749997727573
0.9980405244747584 20
1 337.62190663200647 337.8962444112089 0.09601060004206374
0.9990728097113983 20
2 286.1500587338018 287.34233614974715 0.11607280001044273
0.999041498514505 20
3 252.00545987928052 251.7165634809408 0.14553029998205602
0.9904500360434519 20
4 231.33151717640766 228.86865367311248 0.11648630001582205
0.9940668261640285 20
5 185.36251798062324 182.7126490403973 0.12386069999774918
0.9115370003838089 20
0.9999626559472468 80
6 178.5981596766014 175.88001000266632 1.7047171000158414
0.9356155904340592 20
0.9999727320060421 80
7 174.6193316392647 183.81460457713368 1.364320199994836
0.9557686037922368 20
0.9997885316303655 80
8 118.16732763324129 119.61495171667875 0.7262127000140026
0.9619009015533537 20
0.999956512734233 80
9 101.55656382284002 96.17047123334197 0.7221976000000723
0.9818585188149611 20
0.9999747959698488 80
10 43.165469849529956 42.2991331280322 0.660556299961172
0.9525555972265367 20
0.9999383632856074 80
11 13.681102393003496 12.427614140259994 0.713630500016734
0.9415306343593575 20
0.9999910842767583 80
12 6.943739489862586 6.269230709495478 0.7333050000015646
0.9732159085451466 20
0.9999896264429772 80
13 5.066889694593668 4.197882993776309 1.0439142999821343
0.9775826231158632 20
0.9999895332340167 80
14 3.9901256769020796 3.3423398265549022 0.6966199000016786
0.9926585370390095 20
15 1.983899995096562 1.3244919939070239 0.1557467000093311
0.10755769614278234 20
0.99995107052865 80
16 1.5382921858128267 0.9004458397077608 0.7091063999687321
0.9788168221580925 20
0.9999994639440865 80
17 1.3707892984598486 0.7356495568312619 0.738806499983184
0.9970845869311992 20
18 1.2083817900312424 0.5952194509608977 0.112508499994874
0.0020082431648160027 20
0.9996827892359388 80
19 1.0915139978391042 0.45450104732122665 0.7260808999999426
0.9834231550484339 20
0.9999995463306844 80
20 1.0747006602104412 0.44506070204986625 0.7067330999998376
0.997701463922907 20
21 0.9333606247722676 0.3220803653443859 0.09811200003605336
0.0027691604615775905 20
0.9997813889507593 80
22 0.8715485548485958 0.25969612193656 0.7219318999559619
0.9495707707139448 20
0.9999991106983365 80
23 0.8102799862423055 0.1996638547178487 0.7482259999960661
0.9788070820000864 20
0.999997672239129 80
24 0.7719545978408725 0.17299883884425968 1.1080479999654926
0.9875745247015534 20
0.9999915480002155 80
25 0.7719211564366718 0.17881719687054526 1.083231099997647
0.9877521649614812 20
0.9999908216130426 80
26 0.6800491111577639 0.0945845287736404 1.672740200010594
0.9911912588110048 20
27 0.6699023981746363 0.08839706271588012 0.10156359995016828
0.00021691753027273234 20
0.9968359968036 80
28 0.6632315468215038 0.07811522414024599 0.6843110999907367
0.9899461120295256 20
0.9999990070422086 80
29 0.6569272262847913 0.07475830460469697 0.645348499994725
0.996039389690478 20
30 0.6512146873385706 0.07146237483045872 0.09599629999138415
0.0007374324038481133 20
0.9986245367639943 80
31 0.6494350284771124 0.06751259570094525 0.6757417999906465
0.992997720645184 20
32 0.6457866765818119 0.06556393918745662 0.0917384999920614
33 0.5778643418560996
-------------------------------------------------END------------------------------------------------------
5
-------------------------------------------Classical LM---------------------------------------------------
403.48432766931853 406.6038073675737
0 403.48432766931853 406.6038073675737 2.0497352000093088
1 266.1662611077054 269.35015258729413 2.062168600037694
2 266.1662611077054 269.35015258729413 2.049174199986737
3 175.38423436081732 180.36488093727905 3.820042499981355
4 91.29214416326056 93.38312211571451 3.6881222000229172
5 91.29214416326056 93.38312211571451 3.4065064000315033
6 91.29214416326056 93.38312211571451 2.10927030001767
7 24.562972475954403 23.59559766876813 2.146001199958846
8 24.562972475954403 23.59559766876813 2.0104217999614775
9 11.512706808233828 11.188949609118598 3.39905040001031
10 5.945396535710727 5.558272581026686 3.7084110000287183
11 5.151975702556155 4.400217925428222 2.8883389999973588
12 3.474165328475533 2.9201581327541706 2.1826357999816537
13 3.474165328475533 2.9201581327541706 2.113294099981431
14 1.8012862238158989 1.1472931232771557 2.09250070003327
15 1.8012862238158989 1.1472931232771557 2.0230260000098497
16 1.2799621624901305 0.67819385700127 2.072412100038491
17 1.1223839507574709 0.532959297290603 2.0478238000068814
18 0.9840856701727629 0.40797349903824875 2.0654547000303864
19 0.8598561053534051 0.28173738404414905 2.4820492999861017
20 0.8598561053534051 0.28173738404414905 2.0887264999910258
21 0.7074050511916257 0.13067900073796437 2.111214700038545
22 0.6952314341083992 0.11779173601365137 2.0166751999640837
23 0.6952314341083992 0.11779173601365137 2.0405044999788515
24 0.6585145680532736 0.08557094423731833 2.0421248000347987
25 0.6483284959628016 0.07574716873664392 2.0323190000490285
26 0.6398121394346691 0.06726638890444195 2.0337807000032626
27 0.6347699526842805 0.062482338229441166 2.013853000011295
28 0.6347699526842805 0.062482338229441166 1.9890831999946386
29 0.6146530857769262 0.044427674572049325 2.050815699971281
30 0.6142474837375176 0.045345361682391255 2.0211864999728277
31 2.350216874197471
-------------------------------------------------END------------------------------------------------------
-------------------------------------------Krylov LM---------------------------------------------------
403.48432766931853 406.6038073675737
203
0 403.48432766931853 406.6038073675737 2.184403299994301
1 266.16626110710104 269.35015258688117 0.056346199999097735
203
2 266.16626110710104 269.35015258688117 2.707531200023368
3 175.38424442763446 180.36488766533202 0.060186500020790845
203
4 90.63986619601705 92.59995289738872 2.2609578000265174
203
5 90.63986619601705 92.59995289738872 2.2616729000001214
6 90.63986619601705 92.59995289738872 0.039009900006931275
7 24.479156796373335 23.524261988270656 0.04405980004230514
203
8 24.479156796373335 23.524261988270656 2.1943690000334755
9 11.461792877041944 11.130834411819894 0.06208479998167604
203
10 5.933275240382099 5.549014077317237 2.180266399984248
203
11 5.153833856581307 4.396014090774872 2.2137002000235952
203
12 3.5632698110106036 3.013203036500151 2.221939100010786
203
13 3.5632698110106036 3.013203036500151 2.216039299964905
14 1.7958573723946452 1.140080455429268 0.061281600035727024
203
15 1.7958573723946452 1.140080455429268 2.6989986999542452
16 1.2765212073968621 0.675552276787173 0.05151660001138225
203
17 1.123152895850236 0.536807292661078 2.2322114999988116
203
18 1.001001642333965 0.42909251410097643 2.3212232999503613
203
19 0.8731236052091242 0.29712412966034707 2.664312500040978
203
20 0.8731236052091242 0.29712412966034707 2.876058500027284
21 0.7078066915271244 0.13333276508124187 0.06756979995407164
203
22 0.6963962982809079 0.12167994780464096 2.222821199975442
203
23 0.6925782527042397 0.12077606267948186 2.2211329999845475
203
24 0.6508179874260837 0.07624291389064647 2.188755700015463
203
25 0.6508179874260837 0.07624291389064647 2.22257039998658
26 0.6199470271481828 0.04919253039949996 0.054027600039262325
203
27 0.6199470271481828 0.04919253039949996 2.24358500004746
28 0.6164356472757557 0.046211916352049555 0.059438500029500574
203
29 0.6134530369931026 0.04391316879810223 2.2248734000022523
203
30 0.6124368745517681 0.04424842011836915 2.201726100000087
203
31 0.6124368745517681 0.04424842011836915 2.26132749998942
32 0.6061660510168249 0.038383490671228024 0.04714420001255348
203
33 0.6047329280941894 0.03813187032188632 2.2169227999984287
34 1.6199678714328911
-------------------------------------------------END------------------------------------------------------
------------------------------------Reduced subspace LM---------------------------------------------------
403.48432766931853 406.6038073675737
0.9976079378269219 20
0 373.3538037581845 376.7974091391017 0.1772389000398107
0.9981890192967232 20
1 329.9187024419722 334.01553969867354 0.15784800000255927
0.9989359569803791 20
2 283.18546955708763 287.38919488992184 0.09281820000614971
0.9991569096616468 20
3 248.51814134047729 248.93889132526618 0.11198439996223897
0.984389981058618 20
0.9999996536479399 80
4 229.11760595061378 227.96716610927425 0.7275429999572225
0.884032847677657 20
0.9991828377493458 80
5 217.0704669960098 219.43722140286772 0.722273999999743
0.7571332624818639 20
0.9855825919861427 80
0.9960932052192936 140
6 152.78015122588752 141.47578838293458 1.5610204999684356
0.8509294219041158 20
0.9950605876617067 80
7 67.4530522128332 62.69686601513673 0.693066000007093
0.7917731441027326 20
0.9938422009708284 80
8 23.99383763523986 23.038725069079508 0.6837630000081845
0.7747836982652337 20
0.9922412429375517 80
9 13.942955556063797 13.470145734471851 0.6785594000248238
0.8560108294645316 20
0.9956717105814623 80
10 10.112235054085872 10.115237191050628 0.6812102000112645
0.9380870614584169 20
0.9994640946754434 80
11 7.676380791797562 7.678780830910566 0.738171799981501
0.8670808040809583 20
0.99950810740222 80
12 6.228760410778582 5.806885090217458 1.2578543999698013
0.9564995631573627 20
0.9998107337354497 80
13 4.725621362555888 4.198922014698412 0.7877336000092328
0.9814345055218838 20
0.9999915715334811 80
14 3.226371321243457 2.7182064335132408 0.7259527000132948
0.9857476786944908 20
0.9999977772700894 80
15 2.5427217931139356 1.979963508488261 0.9830003000097349
0.9784069954806097 20
0.999995687903697 80
16 2.239769187892978 1.6895095417072161 0.9456913000321947
0.9939270384508534 20
17 2.143197555917745 1.5949394643581232 0.10008180001750588
0.006418324523041486 20
0.9987760877142599 80
18 2.0669431983618494 1.457538834768326 0.8377887000096962
0.9944328293211865 20
19 1.9655600973253837 1.3933866447716163 0.10734339995542541
0.00857297672022806 20
0.9998121386259164 80
20 1.9112189147913865 1.3413926765383146 0.6945647000102326
0.9798122351257105 20
0.9999971770517276 80
21 1.7380863681444305 1.149206968070403 1.0112437999923714
0.988783672027448 20
0.9999988290516365 80
22 1.541928136215102 0.9313067740483304 1.0006807000027038
0.9277614142604833 20
0.9999962321482069 80
23 1.4747972092563426 0.8672007046104102 0.7232013000175357
0.9570151355787596 20
0.9999961903822264 80
24 1.4483260401956781 0.7553377861379127 1.117561699997168
0.9763175435033979 20
0.999996370242352 80
25 1.3826731839537063 0.712448080365559 1.6405260999454185
0.9693419687841864 20
0.9999979563313879 80
26 1.242693833689329 0.6263907763229801 0.8037887000245973
0.9730690953250266 20
0.9999874841378785 80
27 1.2000402610528282 0.5711379947572336 1.0176306000212207
0.9620046277970465 20
0.999997296124122 80
28 1.1541640953141112 0.5218204821946875 0.960351100016851
0.9580872836596885 20
0.9999952860539048 80
29 1.0775155230469458 0.45580513838439174 1.0257800000254065
0.9408028165020825 20
0.9999838139390237 80
30 0.9717947458305147 0.40155492795663733 0.709620600042399
0.9913281562276808 20
31 0.9609579241549138 0.3872023818800489 0.10989399999380112
0.0018176700675110247 20
0.9993863590829968 80
32 0.9414068764127537 0.3487716386614098 0.8422389000188559
0.888218443231002 20
0.999998385270601 80
33 0.9219125648195684 0.3281249052171563 0.8513348999549635
0.9216578932340059 20
0.9999961633304862 80
34 0.8962072324406894 0.31008068817500023 0.9698108999873511
0.8997422052300268 20
0.9999964477532425 80
35 0.8947132167278397 0.3311128554697782 0.6886946000158787
36 0.7435526756098403
-------------------------------------------------END------------------------------------------------------
6
-------------------------------------------Classical LM---------------------------------------------------
397.91773258552627 396.45869205578356
0 302.84010003045483 317.3344740398995 1.9443972000153735
1 302.84010003045483 317.3344740398995 2.032191199949011
2 302.84010003045483 317.3344740398995 2.0748244000133127
3 261.32204309376095 251.94686460309353 2.121705199999269
4 239.38496275172915 238.17339439485386 2.1569840000011027
5 172.93441927873786 168.29367746402045 2.461256900045555
6 172.93441927873786 168.29367746402045 2.4255701000220142
7 89.51447090712539 88.67017801696883 3.7612003999529406
8 89.51447090712539 88.67017801696883 3.414822299964726
9 38.649991789471464 39.67524798166427 2.10027400002582
10 27.521948727793763 28.476529353990575 2.066649199987296
11 27.521948727793763 28.476529353990575 2.0342812000308186
12 14.597203666337917 15.23074692522709 2.0996946000377648
13 14.597203666337917 15.23074692522709 2.0176870999857783
14 4.302746719949617 3.5651982066844283 2.1013838999788277
15 3.7415236383403165 3.36784402161464 2.06549070001347
16 3.7415236383403165 3.36784402161464 2.030675199988764
17 1.2475537127945981 0.7203948576344872 3.814976299996488
18 1.102949458355294 0.571002687723845 3.4344009999767877
19 1.102949458355294 0.571002687723845 2.187385900004301
20 0.9736557421748055 0.4326424925070887 2.095167900028173
21 0.9514179844743054 0.3870365135564723 2.0538890000316314
22 0.9502059328638668 0.3654752137834195 2.0240985000273213
23 0.9502059328638668 0.3654752137834195 2.081732299993746
24 0.795278540022581 0.21867894680184288 2.0832793000154197
25 0.7907819044534714 0.2088186016649322 1.9941471000202
26 0.7907819044534714 0.2088186016649322 1.9803331000148319
27 0.7252400165148604 0.14879413411998924 2.037423299974762
28 0.7166279187646942 0.14145980711370765 2.014641199959442
29 0.7166279187646942 0.14145980711370765 2.0295337000279687
30 0.68521581450796 0.11163743762168049 2.1442644000053406
31 0.68521581450796 0.11163743762168049 2.028031900001224
32 0.6774986450081691 0.10464733356025754 2.066907800035551
33 0.6714347276291248 0.09982241419927382 2.030809300020337
34 0.6669356408547134 0.09709601297756877 2.0327734000165947
35 0.6669356408547134 0.09709601297756877 2.031182400009129
36 0.656345191520842 0.08611290363501263 2.100438400055282
37 0.6513990698681597 0.08213048827232419 2.0058706999989226
38 0.6464347981952305 0.07841228336728304 2.038945699983742
39 0.6414805189216948 0.0748610884788758 2.2965125999762677
40 0.6383062190053347 0.07365248722142105 2.657949499960523
41 0.633638077526896 0.07279060090807792 2.935321600001771
42 0.6195489850588922 0.06458810889622506 2.0474924000445753
43 0.6195489850588922 0.06458810889622506 2.034749800048303
44 0.6023605200580909 0.05139412281031643 3.062984799966216
45 0.6007381537555724 0.053475169764539095 3.5161021999665536
46 2.3053652000033913
-------------------------------------------------END------------------------------------------------------
-------------------------------------------Krylov LM---------------------------------------------------
397.91773258552627 396.45869205578356
203
0 302.84036520646305 317.3346807842293 2.659639600024093
203
1 302.84036520646305 317.3346807842293 2.963675700011663
2 302.84036520646305 317.3346807842293 0.05254850001074374
3 261.36050756439033 251.98245992536116 0.05060970003250986
203
4 239.52571005714307 238.34191028705607 2.18371329997899
203
5 168.67886403713416 163.3430543405562 2.2070811000303365
203
6 166.7333144040382 155.82330564159642 2.2255020000156946
203
7 166.7333144040382 155.82330564159642 2.2723395999637432
8 163.8409972299491 153.55087470353402 0.06530219997512177
203
9 126.9189200278745 117.473311063127 3.3394672000431456
203
10 107.81605113520142 109.30549199765709 3.5802810000022873
203
11 55.54799616297634 56.390849892538505 3.827260199992452
203
12 55.54799616297634 56.390849892538505 2.2610945000196807
13 55.54799616297634 56.390849892538505 0.04079170001205057
14 41.819805705199904 40.2682234312205 0.05803319998085499
203
15 41.819805705199904 40.2682234312205 2.2299754999694414
16 13.787881985832733 12.506918556047362 0.05387519998475909
203
17 13.787881985832733 12.506918556047362 2.248628000030294
18 7.628692623807222 6.69770347875191 0.046908600023016334
203
19 2.536638046300342 1.7366508968049552 2.7359667000127956
203
20 2.536638046300342 1.7366508968049552 2.232297899958212
21 1.4862896918516992 0.8120994878402163 0.055941900005564094
203
22 0.9847332726133429 0.35876056397602424 2.405839000013657
203
23 0.8619114665582555 0.2429319908264293 2.6756367000052705
203
24 0.8619114665582555 0.2429319908264293 3.002169400046114
25 0.7908011608702141 0.20909366541184302 0.06349119998048991
203
26 0.771758136646622 0.1740145756058903 2.2199221999617293
203
27 0.771758136646622 0.1740145756058903 2.2340599999879487
28 0.7256230529235876 0.14273116455907217 0.04584709997288883
203
29 0.6826047860105621 0.10105440685139036 2.1968170999898575
203
30 0.6826047860105621 0.10105440685139036 2.211563399992883
31 0.6677846822240558 0.08932042797097979 0.053393199981655926
203
32 0.6537747932749424 0.07844770853099675 2.4239032000186853
203
33 0.6508158042790274 0.07744690514279967 2.5598019000026397
203
34 0.6508158042790274 0.07744690514279967 2.4223033000016585
35 0.6457758506876842 0.07130131063382174 0.05759770004078746
203
36 0.6348788026510774 0.06233164420572723 2.2427022000192665
203
37 0.6348788026510774 0.06233164420572723 2.2483862999943085
38 0.6322690914443355 0.059445563020250496 0.03949769999599084
203
39 0.6270285439705302 0.055999794380272756 2.293980299960822
203
40 0.6270285439705302 0.055999794380272756 2.336795200011693
41 1.71871748636609
-------------------------------------------------END------------------------------------------------------
------------------------------------Reduced subspace LM---------------------------------------------------
397.91773258552627 396.45869205578356
0.9991316626216876 20
0 368.43906998733485 367.18801308886816 0.10817739996127784
0.9994469928185028 20
1 326.3838220105993 325.31152824002015 0.09971759998006746
0.9996297387048299 20
2 280.74116737520916 280.36154026936725 0.14775770000414923
0.999390951305523 20
3 248.6626415940854 247.5473713514646 0.10828479996416718
0.9651497481765531 20
0.9999997449046615 80
4 246.19332584904163 244.8030838902801 0.7476775000104681
0.7803184118993715 20
0.9938166130673416 80
5 155.65007246120192 155.69440145239608 0.6864155000075698
0.7239347206335742 20
0.985269083056839 80
0.9960406821826058 140
6 106.73294769054556 105.23880243492691 1.7001245999708772
0.8923533208918639 20
0.9983909304886889 80
7 77.61232447323995 76.08884829374712 0.7761347999912687
0.978503750969019 20
0.9999694130691841 80
8 60.5471266538101 59.55284021356005 0.7583685999852605
0.9955612133031843 20
9 30.59691841500433 30.364913122812286 0.10719810001319274
0.8351496433477855 20
0.9998802284778376 80
10 24.82688664828753 24.63839908911407 0.809058399987407
0.9488219981329276 20
0.9999745567960748 80
11 18.922573982898093 18.612755601238547 0.7654532000306062
0.980863547502448 20
0.9999959506043425 80
12 11.46842656539278 11.000174900719424 0.72083190002013
0.9930823135717749 20
13 5.883397293983742 5.609604034385883 0.11078029999043792
0.8278596844200311 20
0.9999983632460459 80
14 5.2446790807255255 4.98193902822501 0.7674374999478459
0.9913833672390104 20
15 4.128385019214705 3.941423324949996 0.15399329998763278
0.2564818799713974 20
0.9999977826104447 80
16 4.098361425896945 3.721916825434221 0.6776183999609202
0.983160678472333 20
0.9999988361854283 80
17 2.9457370573371833 2.567493833254438 0.6989785999758169
0.9940909898267822 20
18 2.5923587846161373 2.2817571584781073 0.09622320003109053
0.12660015733366708 20
0.9999964895027399 80
19 2.4679400531838627 2.1077926792191914 0.6680008999537677
0.9879973781661494 20
0.9999968529652121 80
20 2.19099891421827 1.7369472540111106 0.674443900003098
0.9741983580535405 20
0.9999973996648436 80
21 2.1476178954725285 1.7056318059514068 0.677722199994605
0.9745927306958161 20
0.9999974836946448 80
22 1.9154719061661367 1.4278613522312114 0.7116704999934882
0.9790356237951379 20
0.9999959055626216 80
23 1.8539276145884935 1.3830268173404239 0.6733613000251353
0.9762810484930118 20
0.9999993341379757 80
24 1.755952988417317 1.2466264937326932 0.7061568999779411
0.988737107427496 20
0.999998811032505 80
25 1.6563207878331145 1.164206610862905 0.7071690000011586
0.9894015347597753 20
0.9999989718890415 80
26 1.622890502794945 1.1249415671241318 0.8326905999565497
0.9943225205136443 20
27 1.493296321718014 0.9966458027144867 0.10524090001126751
0.021785635946968848 20
0.9999595831233454 80
28 1.460735284246768 0.9182205602191299 0.6802106000250205
0.995712212076902 20
29 1.3796276905248772 0.8510256284273879 0.10263079998549074
0.00364248121311014 20
0.9998946085279536 80
30 1.2852169814722694 0.7605060657809635 0.7556718999985605
0.9920093442664814 20
31 1.2774741835528807 0.7509823203234356 0.10692089999793097
0.001083399205717622 20
0.9994455083045476 80
32 1.2420670741026234 0.7037921655270036 0.8142788999830373
0.9988619143175143 20
33 1.1996395670966966 0.6624248223228285 0.19324290001532063
0.002202642926465368 20
0.9995949962569728 80
34 1.1432415589923657 0.5897315007270922 0.8941229999763891
0.9976748498192772 20
35 1.1214342149551215 0.56705290710164 0.15898890001699328
0.0005273226096337062 20
0.9991692280503 80
36 1.0627663560765002 0.5009062117228155 0.7865005999919958
0.995804043134867 20
37 1.0531470689079947 0.49112964578794854 0.11137769999913871
0.0002962265821291501 20
0.998848745489517 80
38 1.029963538800028 0.45497657650673484 0.6885769999935292
0.9965716001134861 20
39 0.9891591957241406 0.4064982689104731 0.11105980002321303
0.00039108668586102863 20
0.9954839782836019 80
40 0.943338470529063 0.34876370169277243 0.6801933000097051
0.9851250113656815 20
0.9999925996365965 80
41 0.9078831993663286 0.32514705849430164 0.6977824000059627
0.9788045370190145 20
0.9999992196546054 80
42 0.895415051703927 0.30250810492083896 0.6723898000200279
0.9791366846438424 20
0.9999941032592881 80
43 0.8654382791194261 0.2784267865544632 0.7194927000091411
0.9816620856550672 20
0.9999994975444989 80
44 0.8530526685262659 0.25993421338438577 0.6718546999618411
0.9802028651598697 20
0.9999946741435517 80
45 0.8337228416443672 0.2463038656885324 0.6986831999965943
0.9870330842955852 20
0.999999263970199 80
46 0.8237221425178631 0.23002637169141 0.7999648000113666
0.9786000956895425 20
0.9999907364056656 80
47 0.8093534912425472 0.220496954538394 0.9686963999993168
0.9875207988299586 20
0.9999990891255593 80
48 0.8006320561135332 0.20523438503776867 0.6814941000193357
0.9797037844214314 20
0.9999906879389958 80
49 0.7898134652956582 0.19977336237089208 0.6903196000494063
0.9892096543087996 20
0.9999992588605291 80
50 0.7820640509442245 0.18509051190113904 0.7465563000296243
0.9812966805800153 20
0.9999906832709765 80
51 0.7739609931512844 0.18211484121378732 0.8043790000374429
0.9884702304601465 20
0.9999990016168064 80
52 0.7670967869141538 0.16960896747933385 1.592568600026425
0.9792698285377338 20
0.9999947542277242 80
53 0.7603704318706216 0.16653196278301852 0.6685807000030763
0.9854107189512089 20
0.99999888833636 80
54 0.7539399684166823 0.15595581782711568 0.7008863000082783
0.9717664816348972 20
0.9999965857769474 80
55 0.748295826136226 0.15374326572093683 0.6792686000117101
0.9811293662947352 20
0.9999987872397832 80
56 0.7418487470949573 0.14422112645925395 0.7313033000100404
0.9576464406140394 20
0.9999976433451836 80
57 0.7368756043005004 0.1428879977354926 0.6745668000075966
58 0.618527619695559
-------------------------------------------------END------------------------------------------------------
7
-------------------------------------------Classical LM---------------------------------------------------
400.45880966495355 400.9026444843899
0 208.6265477643019 208.50314073324168 2.0171606999938376
1 208.6265477643019 208.50314073324168 2.0579044999904
2 208.6265477643019 208.50314073324168 2.1192870999802835
3 151.37260503074347 144.98170372612532 2.1083982999552973
4 125.34158661443927 122.65757045620614 2.0904641000088304
5 125.34158661443927 122.65757045620614 2.0344101000227965
6 125.34158661443927 122.65757045620614 2.0971386999590322
7 67.04276426409427 64.04838097030546 2.5986590999527834
8 38.13446032616796 36.65458480663691 3.5589534000027925
9 38.13446032616796 36.65458480663691 3.7348296999698505
10 16.83124579061701 14.884203102204925 2.1161522999755107
11 6.487824138500676 6.0913874842366935 2.5774609000072815
12 4.341909055679828 3.4639757555893302 2.211977500002831
13 4.341909055679828 3.4639757555893302 2.0813407999812625
14 2.285203497000288 1.6318229152942916 2.1101053999736905
15 2.285203497000288 1.6318229152942916 2.038619099999778
16 1.5152780242897368 0.9020582204747545 2.746425299963448
17 1.3195440592049257 0.7305579332104392 2.9085926999687217
18 1.3195440592049257 0.7305579332104392 2.0341478000045754
19 1.0603509069112607 0.4683574553679356 3.154051100020297
20 0.9950690681040621 0.4091379278069873 2.843790300015826
21 0.9757421480036296 0.3939034025973652 3.02583830000367
22 0.8813014466857748 0.28875878441433916 2.0125946999760345
23 0.7905829238614839 0.19820805747224943 2.196710099990014
24 0.7905829238614839 0.19820805747224943 2.020646899996791
25 0.6786959076593201 0.09815193071503706 3.134473000012804
26 0.6601674808226372 0.08283444901910031 2.9660706999711692
27 0.6601674808226372 0.08283444901910031 3.008699300000444
28 0.6457095462681318 0.06644325934908571 2.157938699994702
29 0.6404180178197908 0.06278922640403714 3.173011899983976
30 0.6370053331870571 0.06266531190581724 2.771327900001779
31 0.6370053331870571 0.06266531190581724 2.6760476999916136
32 0.6276446843570086 0.05478237650240751 2.1325498999794945
33 0.624253592431518 0.05426373393218015 3.1081962999887764
34 0.6226015170820337 0.05711413368390022 3.03516990004573
35 0.6226015170820337 0.05711413368390022 3.0863556999829598
36 0.6159083791849634 0.05292193344071596 3.28508179995697
37 0.6132269515045198 0.05332223833676161 2.897176300000865
38 0.6102934440840645 0.05375032635843358 3.162550500012003
39 0.6102934440840645 0.05375032635843358 4.035693200014066
40 0.6061653704250382 0.05293327816168991 2.2342165000154637
41 2.560445969556104
-------------------------------------------------END------------------------------------------------------
-------------------------------------------Krylov LM---------------------------------------------------
400.45880966495355 400.9026444843899
203
0 208.62578268952828 208.5020981108241 2.2095125999767333
203
1 208.62578268952828 208.5020981108241 2.229540200030897
2 208.62578268952828 208.5020981108241 0.060814499971456826
3 151.3678167515928 144.97629691754486 0.043417499982751906
203
4 125.34335789112814 122.65786263521825 2.234103499969933
203
5 125.34335789112814 122.65786263521825 2.1895316999871284
6 125.34335789112814 122.65786263521825 0.05602239997824654
7 67.09077426821308 64.08828876933417 0.04675979999592528
203
8 38.1250813648123 36.64496792535869 2.2037262999801897
203
9 38.1250813648123 36.64496792535869 2.739153200003784
10 16.889168010534473 14.936147484786684 0.0587653000256978
203
11 6.5028214401912905 6.1075914028827505 2.5043353000073694
203
12 4.321681528342146 3.4440438520565224 2.4732278999872506
203
13 4.321681528342146 3.4440438520565224 2.6875336000230163
14 2.2863464139646554 1.629694424638819 0.05854559998260811
203
15 2.2863464139646554 1.629694424638819 3.041299899981823
16 1.516933122026712 0.9030445432223828 0.05355399998370558
203
17 1.320113546471918 0.7299825526670194 2.2449523000395857
203
18 1.320113546471918 0.7299825526670194 2.4838906999793835
19 1.0617901957184324 0.4688410673955286 0.05689219996565953
203
20 0.9971739325611805 0.4104101481423038 2.204261399980169
203
21 0.982584009584735 0.40003824917096265 2.203538200003095
203
22 0.8841591861137513 0.2910536646073348 2.240836299955845
203
23 0.8003874934928806 0.2074336415272415 2.2036347999819554
203
24 0.8003874934928806 0.2074336415272415 2.2190080999862403
25 0.6812050591392274 0.099636830930375 0.061511300038546324
203
26 0.6690372696732487 0.09112745600522579 2.2117749999742955
203
27 0.6624817463492915 0.08206235038880956 2.1993330999976024
203
28 0.6624817463492915 0.08206235038880956 2.1832463999744505
29 0.6380225270644446 0.05974830524853325 0.05545460002031177
203
30 0.6316858666765076 0.05606414789958158 2.2081767999916337
203
31 0.6316858666765076 0.05606414789958158 2.213329500053078
32 0.6271825518860105 0.0533253310232379 0.05818819999694824
33 1.632604028198283
-------------------------------------------------END------------------------------------------------------
------------------------------------Reduced subspace LM---------------------------------------------------
400.45880966495355 400.9026444843899
0.9986658620769062 20
0 371.2432167817074 372.51151324454565 0.10900590004166588
0.9989113449795924 20
1 329.05041383196993 331.5183135793104 0.1185657000169158
0.9991646406576868 20
2 282.91783163496854 285.8668335059185 0.19553490000544116
0.9992889661206524 20
3 251.06921910836166 251.97500116649093 0.12157759995898232
0.9910231749281572 20
4 216.4267880167088 212.77954610557725 0.1749219999765046
0.9507643050242476 20
0.9999970565246816 80
5 211.7176513791321 208.37573612132732 0.8279383000335656
0.950475143639449 20
0.9999002531663314 80
6 208.60640548156266 207.51579295704198 1.004509499995038
0.9769317988711378 20
0.999956808989785 80
7 171.02626237388432 166.90211362576036 0.9845347999944352
0.9793766581901874 20
0.9999718229247854 80
8 148.5675712596059 137.47655154089966 0.8771454999805428
0.9968881273017314 20
9 52.6803227569683 51.8044597516126 0.1831687000230886
0.9749871841995594 20
0.9999959756988416 80
10 36.57788835556411 36.13954553059149 1.0728674000129104
0.9880605958110444 20
0.9999985396741599 80
11 23.863943291647498 23.653304472749284 1.009758900036104
0.9897621874766409 20
0.9999993536801454 80
12 12.35471376293174 11.672975597021972 0.7879226999939419
0.9969312098628843 20
13 5.426491771118992 4.752190569160018 0.13136960001429543
0.37230491345518707 20
0.999999350150737 80
14 4.5125082084694235 3.956916627787578 0.9051094999886118
0.995319491040861 20
15 3.641724975446926 3.0841071359897096 0.17275799997150898
0.11047311510077303 20
0.9999959988237479 80
16 3.0961943253555333 2.4765564634713004 1.151815399993211
0.9738547634592521 20
0.9999998622082884 80
17 2.838687808453643 2.1952273424236943 0.7713959999964572
0.9891152294928536 20
0.9999998902932462 80
18 2.556540521022158 1.9114670404381469 0.7779977999744006
0.9936480085629343 20
19 2.262791763419858 1.6760972015760767 0.10397310002008453
0.01481854195394912 20
0.9998709769755423 80
20 1.9783363347038982 1.374527116990946 0.7859469000250101
0.9902705957457225 20
21 1.8689847345044797 1.288314989660139 0.09746999997878447
0.0033259323085355775 20
0.9996461537082535 80
22 1.7699239216995502 1.178109085504564 0.9246985999634489
0.9937418244093537 20
23 1.635009644026567 1.0435477207951904 0.2176814000122249
0.0023770485745550464 20
0.9998037428710503 80
24 1.5372157297879985 0.9374486577490386 1.053009600029327
0.9901128064118296 20
25 1.4682557115686172 0.8732254667674184 0.10401149996323511
0.006068508259801907 20
0.9999583150268779 80
26 1.3636041168487845 0.782597603162316 0.7126677999622189
0.9890614643622655 20
0.9999996516879407 80
27 1.2616361629044932 0.6749063277574596 0.704042799945455
0.9577938574715256 20
0.9999988965459307 80
28 1.1750265509707707 0.5759668539636971 0.7274629999883473
0.9918092895808348 20
29 1.141215934960642 0.5446799341826561 0.10970269999234006
0.0011628283745570942 20
0.999564501666391 80
30 1.0669851276923512 0.46314527026916175 0.7154354999656789
0.9850356134894692 20
0.9999998807652132 80
31 1.0325777713812712 0.4375330308417166 0.7735019999672659
0.9945318414097205 20
32 1.0007994246575844 0.4069779258130633 0.09483680000994354
0.006880650309416051 20
0.9999767514606647 80
33 0.9456570686384655 0.353617690331017 0.7763355999486521
0.9582206710116831 20
0.9999965364745755 80
34 0.9055292875687333 0.32076207842553184 0.9558083000010811
0.9855124437671214 20
0.9999988431278555 80
35 0.8584922267881946 0.27228506352667114 1.1290846000192687
0.9901558540887977 20
36 0.8411717798590789 0.2570863045179724 0.10965840000426397
0.0016625096963549884 20
0.9990356299942769 80
37 0.8110531014170672 0.22812842148115617 0.7161534000188112
0.9830221386253576 20
0.9999996734157263 80
38 0.7830047814756235 0.197463240861569 0.7534461000468582
0.9863830307527014 20
0.9999996384706358 80
39 0.7596066541764696 0.17861015965579397 0.7175214000162669
0.9895507642511246 20
0.9999997681339864 80
40 0.7372466917045123 0.1576190962972497 0.7262491000001319
0.990751728294448 20
41 0.7273322046213158 0.14500655537657825 0.10889659996610135
0.0008016824549434022 20
0.9992762625235078 80
42 0.7163762534649466 0.13864219030814012 0.7321778999757953
0.9473716912602643 20
0.9999969584952485 80
43 0.7069882511404497 0.1295578605297251 0.7506895999540575
0.9984910919621062 20
44 0.6996140838462405 0.11931559396898046 0.1079236000077799
0.0002678926981572391 20
0.9986322490846249 80
45 0.6982520673116873 0.12407506988193547 0.7175898000132293
0.9939712798344874 20
46 0.5589766509376273
-------------------------------------------------END------------------------------------------------------
8
-------------------------------------------Classical LM---------------------------------------------------
427.2710787766013 426.32551658103455
0 228.14501252410383 229.82795736572052 2.1010316000320017
1 228.14501252410383 229.82795736572052 2.033746999979485
2 209.63221366848452 210.58095150083565 2.1115712000173517
3 71.99631822284638 71.63714319949169 2.0281935000093654
4 71.99631822284638 71.63714319949169 2.031229699961841
5 71.99631822284638 71.63714319949169 2.117074200010393
6 42.16487076762736 43.34887048021734 2.0907273000339046
7 42.16487076762736 43.34887048021734 2.252107199979946
8 15.453259221631116 13.69142805685111 2.606155299989041
9 15.453259221631116 13.69142805685111 3.470164600003045
10 7.490671963850026 7.196424438819691 2.603575099958107
11 4.366247154857553 3.577458852267408 2.5124832000001334
12 4.076320061472871 3.3154515140413965 2.2860470000305213
13 4.076320061472871 3.3154515140413965 2.3133296000305563
14 2.3991681051132807 1.7255936882838272 2.087731200037524
15 2.0723864811051995 1.4520349433234045 2.0750566000351682
16 2.0723864811051995 1.4520349433234045 2.037837199983187
17 1.455162899771401 0.906619520711194 2.0861266999854706
18 1.3818169818274935 0.8297934089191651 2.041245899978094
19 1.3818169818274935 0.8297934089191651 2.0464859000057913
20 1.0626938990151067 0.5025376330464442 2.121790300006978
21 0.9648094860699407 0.4026085473994335 2.489108900015708
22 0.9648094860699407 0.4026085473994335 2.4582661000313237
23 0.87900153737281 0.31256174426730127 2.2221307999570854
24 0.8214388552349544 0.24671737405343455 2.0167478000512347
25 0.7804045553929743 0.20007294036035939 2.036610799957998
26 0.7571503547535186 0.17047377616302978 2.0244562999578193
27 0.7546057567081627 0.1766014553651438 2.032880600017961
28 0.7382454138793572 0.16834881506214944 2.016175500000827
29 0.7382454138793572 0.16834881506214944 1.993001600028947
30 0.6260043561938129 0.059514708799756066 2.0806405000039376
31 0.6260043561938129 0.059514708799756066 2.0162972999969497
32 0.6163650416292655 0.04849900331453703 2.1163019000086933
33 0.6150941857885663 0.048211367654567086 2.0117720999987796
34 0.6150941857885663 0.048211367654567086 2.040148500003852
35 0.6088607286706867 0.043119577005250834 2.31685209996067
36 0.6070360020877333 0.04200389637045416 2.374453699972946
37 2.3261057422224742
-------------------------------------------------END------------------------------------------------------
-------------------------------------------Krylov LM---------------------------------------------------
427.2710787766013 426.32551658103455
203
0 228.14392443314665 229.82720635471387 2.212983100034762
203
1 228.14392443314665 229.82720635471387 2.224540499970317
2 209.79425931001268 210.7794868309391 0.05591880000429228
203
3 69.04584954548574 69.6394359400015 2.2053552999859676
203
4 69.04584954548574 69.6394359400015 2.2225078999763355
5 69.04584954548574 69.6394359400015 0.05991479998920113
6 38.162254104528614 39.649120839576774 0.05397010000888258
203
7 38.162254104528614 39.649120839576774 2.2143581999698654
8 17.51322333904748 15.639284287915414 0.04773980000754818
203
9 17.51322333904748 15.639284287915414 2.23761030001333
10 6.637843172572598 6.1282429114634445 0.05793680000351742
203
11 4.952685386904713 4.272890171822943 2.236639100010507
203
12 3.9456281437897522 3.3337294558969197 2.2123946999781765
203
13 3.9456281437897522 3.3337294558969197 2.758495199959725
14 2.255702246081938 1.7131883059949062 0.045608799962792546
203
15 1.9298557787694197 1.402902606720047 2.3017701000208035
203
16 1.8447065488821215 1.2583281095925165 2.241872299986426
203
17 1.8447065488821215 1.2583281095925165 2.203874900005758
18 1.3549105578969387 0.7947747737218428 0.046918699983507395
203
19 1.3549105578969387 0.7947747737218428 2.2157332000206225
20 0.9930914718339525 0.39981601308659254 0.058331700041890144
203
21 0.9666818918497644 0.4121561237122983 2.244971699954476
203
22 0.9040259980528459 0.3122192285335631 2.2264864000026137
203
23 0.8213981720204334 0.22913682736367738 2.218972400005441
203
24 0.7653820043364165 0.16292670449812124 2.243244200013578
203
25 0.7240855072134249 0.13972419900999372 2.228059499990195
203
26 0.7240855072134249 0.13972419900999372 2.2478266999823973
27 0.7240855072134249 0.13972419900999372 0.0392732999753207
28 0.6648442350237139 0.08614993442211058 0.05353080003987998
203
29 0.6363594079144536 0.06311287114948316 2.4430199000053108
203
30 0.6363594079144536 0.06311287114948316 2.5905665999744087
31 0.6297026961682374 0.05733013733822736 0.03938810003455728
203
32 0.62433725872448 0.053390448410489434 3.0510034999460913
203
33 0.62433725872448 0.053390448410489434 4.101258000009693
34 0.6205556262773582 0.05006959020147209 0.07215369999175891
35 1.6512853565193084
-------------------------------------------------END------------------------------------------------------
------------------------------------Reduced subspace LM---------------------------------------------------
427.2710787766013 426.32551658103455
0.9978136822747179 20
0 392.88907288370996 393.06035490666324 0.10920910001732409
0.9983360258777214 20
1 343.21461980522884 344.7639670775946 0.09827880002558231
0.9990176833103385 20
2 289.1301771318505 291.76362857946555 0.10572519997367635
0.9992056003062072 20
3 250.9443376624277 252.21668020441928 0.10676160000730306
0.9890202863883363 20
0.9999998686301852 80
4 248.31358075861021 249.06559033077477 0.884003399987705
0.9648038738836846 20
0.9999956278576644 80
5 238.75753912768425 227.8335547686941 0.7908056000014767
0.7065002426616551 20
0.9949289913973056 80
6 145.28585402606973 140.72381691763206 0.8146319999941625
0.8262785124445892 20
0.9938883541757402 80
7 89.88732395421239 90.17315483373683 1.1474579999921843
0.966171634294607 20
0.999732773065557 80
8 43.4450603001688 42.768226533814826 0.7129710000008345
0.9773684315168626 20
0.9999788066319178 80
9 19.04747264114701 18.241833228741985 0.7640572999953292
0.9815695338253035 20
0.999980888098808 80
10 16.375266552368128 15.781135525201176 0.6870819999603555
0.9580869804160906 20
0.9999896429005416 80
11 2.909687620784578 2.3302283859724127 0.6906603999668732
0.8964830057043482 20
0.9999828945220497 80
12 1.9647073440887464 1.4156938223440338 0.7252416999544948
0.9820709526503256 20
0.9999975247240124 80
13 1.1534611955459169 0.5548479098364005 1.1106320000253618
0.9735899749448116 20
0.999998856482617 80
14 0.9460847655880869 0.35502983760617324 1.3015908999950625
0.9925564863039847 20
15 0.8695274885055987 0.27961534299708907 0.09958720003487542
0.012594064494578925 20
0.9998845998215681 80
16 0.8326597493858295 0.24851719291746507 0.7269206999917515
0.9863313414404564 20
0.9999990182335871 80
17 0.7736089353340986 0.17770225967988001 0.7482372000231408
0.9647443258440261 20
0.9999982463758814 80
18 0.7406399283242269 0.15331491550517212 0.7319822999997996
0.9763512447869322 20
0.9999990409009409 80
19 0.7210924739272541 0.1270444545871647 0.7426087000058033
0.9835945508798674 20
0.9999991279923042 80
20 0.7024970599037887 0.1132073911681639 0.943207899981644
0.9869052711110338 20
0.9999990359956459 80
21 0.6864844050861074 0.0965249670182608 0.6750434000277892
0.9927556650979262 20
22 0.6768321028104055 0.0865124708698316 0.10188370000105351
0.0004308057470135356 20
0.9934893309360998 80
23 0.6738117555777154 0.08746733167685752 0.6835074999835342
0.9877766176595107 20
0.9999991160836857 80
24 0.6637102481158552 0.07766229854320791 0.7058702000067569
0.9937896449310808 20
25 0.6587838225711408 0.07238235584486614 0.09579370002029464
0.00022342301781873736 20
0.9935558366786116 80
26 0.6562526896938902 0.07195283352118897 0.6791932999622077
0.990569055035916 20
27 0.6534168773454662 0.06955871845298818 0.09446669998578727
0.00030703041931898304 20
0.9943163127178506 80
28 0.649628016135813 0.06664123049393944 0.6815199999837205
0.9932796060127981 20
29 0.6470043076768782 0.06373963062220696 0.14229389996035025
0.00011246930617377489 20
0.9956369049801137 80
30 0.6447648855317314 0.0627470731135873 0.6918756000231951
31 0.5777668868387608
-------------------------------------------------END------------------------------------------------------
9
-------------------------------------------Classical LM---------------------------------------------------
412.2538348439846 416.9110276614927
0 412.2538348439846 416.9110276614927 4.445027000037953
1 241.07753564192853 241.43210656852534 2.2156867000157945
2 241.07753564192853 241.43210656852534 3.1689322000020184
3 132.87762415537475 129.1642907902454 2.1381376999779604
4 132.87762415537475 129.1642907902454 2.178706700040493
5 68.83735230699938 68.16711906396043 2.1428286000154912
6 48.12611914110872 46.943011067882615 2.1934523000381887
7 48.12611914110872 46.943011067882615 2.672854600008577
8 48.12611914110872 46.943011067882615 2.1426403999794275
9 20.079374391933793 18.386701598149614 2.13615179999033
10 9.033616220809128 8.573158848921183 2.0840288000181317
11 4.558691933932202 4.016307519108198 2.130418599990662
12 3.3159998265310744 2.7552418956732456 2.1159189000027254
13 3.3159998265310744 2.7552418956732456 2.1217629000311717
14 1.9555280716468346 1.5203363266129573 2.1483522000489756
15 1.387003096137612 0.8313566258327902 2.1449388999608345
16 1.387003096137612 0.8313566258327902 3.0829875000054017
17 1.1032142420011557 0.5656245399910707 2.617880799982231
18 0.9375990368738188 0.3759481281009472 2.218720000004396
19 0.9375990368738188 0.3759481281009472 3.1566292999777943
20 0.8456924846097325 0.2817850424092713 2.1184639999992214
21 0.7727804615319266 0.19497105893981356 2.1205191999906674
22 0.7700772148102647 0.19624897774846167 2.0851642999914475
23 0.6883134005510546 0.10137290887027618 2.0860761999501847
24 0.6883134005510546 0.10137290887027618 2.145056499983184
25 0.6528594380351879 0.07652228978678093 2.139871100021992
26 0.6360525974816108 0.060763806990958395 2.1385973999858834
27 0.62709824546623 0.05540129020115784 2.9854763000039384
28 0.62709824546623 0.05540129020115784 2.8199817000422627
29 0.6189055430245833 0.05112808600656885 2.18679519998841
30 0.6146344403439686 0.049632151076201336 2.098505700007081
31 2.4542890022237165
-------------------------------------------------END------------------------------------------------------
-------------------------------------------Krylov LM---------------------------------------------------
412.2538348439846 416.9110276614927
203
0 412.2538348439846 416.9110276614927 3.127590299991425
1 241.07753564200382 241.43210656860006 0.05317189998459071
203
2 241.07753564200382 241.43210656860006 2.731868900009431
3 132.87762415708255 129.16429079150785 0.05718869995325804
203
4 132.87762415708255 129.16429079150785 3.19060749997152
5 68.8373502400788 68.16711718668165 0.06854479998582974
203
6 48.12887457344538 46.94584753756539 3.703342800028622
203
7 48.12887457344538 46.94584753756539 3.3555316000129096
8 48.12887457344538 46.94584753756539 0.06426869996357709
9 20.078481781449735 18.386748480409565 0.07742579997284338
203
10 9.034837758225285 8.574302394959497 3.167810099956114
203
11 4.5576986388962935 4.015391053815709 3.1882092999876477
203
12 3.314844903343603 2.7538661332855576 3.0227232000324875
203
13 3.314844903343603 2.7538661332855576 2.9628948000026867
14 1.954987653050945 1.5195513298809964 0.05840290000196546
203
15 1.3834362721628952 0.8300745620888451 3.4013223000220023
203
16 1.3834362721628952 0.8300745620888451 3.6324994000024162
17 1.1034706440879538 0.565666905404833 0.0767926000407897
203
18 0.9376287266813635 0.37609062148532124 3.890500899986364
203
19 0.9376287266813635 0.37609062148532124 3.8773092000046745
20 0.846273610297394 0.28199021284328796 0.07469050004146993
203
21 0.7733551508994732 0.19548574983647818 3.797946599952411
203
22 0.7728456971325158 0.19869948385155312 3.9367778999730945
203
23 0.6917962458353194 0.10425857337727264 3.933030499960296
203
24 0.6887543085751884 0.10949802020674386 3.9127814999665134
203
25 0.6428521716698322 0.0687082410285632 3.707796700007748
203
26 0.6392983747895333 0.06784500556725812 3.93037329998333
203
27 0.6285264304015059 0.05965306154839886 3.9602166999829933
203
28 0.62684263989814 0.06204721336027016 3.711228000000119
203
29 0.6147877600095754 0.051734664938019446 3.704428100027144
203
30 0.6136474569883503 0.054490305159951846 3.7726665000081994
203
31 0.6065125980727982 0.049102163684116004 3.7896184000419453
203
32 0.6059986617516968 0.051137435666801324 3.877636299992446
33 2.7217332333287536
-------------------------------------------------END------------------------------------------------------
------------------------------------Reduced subspace LM---------------------------------------------------
412.2538348439846 416.9110276614927
0.9989289946979727 20
0 380.6446421548977 385.45102984571906 0.15342009998857975
0.9991271329458871 20
1 335.08328945551335 340.03640383013953 0.11951339995721355
0.9994004822685415 20
2 285.3432936634248 289.8166970592064 0.17756009998265654
0.9996069662768883 20
3 251.3550731879934 252.32554621789126 0.09995819994946942
0.9952657889783887 20
4 231.05035559837856 227.8055842639326 0.10707580001326278
0.9526578258803166 20
0.9999984254634458 80
5 192.35648000207783 183.71726821744934 0.9536044000415131
0.9432552991326743 20
0.9994288753793331 80
6 164.46373060483742 154.0197642727238 1.1225454999948852
0.9418596447183547 20
0.9995298711322561 80
7 113.69320315000438 106.5315224736982 0.7695362999802455
0.9718779391786458 20
0.9999131862003063 80
8 76.73428981639886 71.30712478711705 0.7617715999949723
0.9846222065402129 20
0.9999173438843213 80
9 71.61754253438077 68.18409164185606 0.6964165000244975
0.9933918044226198 20
10 16.941869749841768 15.648150753343186 0.097087099973578
0.7539310712139875 20
0.9999803424337396 80
11 9.778023339674869 8.776057937628808 1.0140779000357725
0.9909235707655399 20
12 4.286958010779371 3.67244856672162 0.10824589995900169
0.4957572880812558 20
0.9999917568663601 80
13 2.573992704193866 1.9644974994221436 0.7380241999635473
0.9573053067238493 20
0.9999985402930709 80
14 1.7829464169725 1.1604067457811447 0.7195911000017077
0.9829934166704231 20
0.9999991243753313 80
15 1.7605197467121274 1.1009232407822684 0.684577900043223
0.9874937146109595 20
0.9999987544141258 80
16 0.9697535845138314 0.3442164109840109 0.700661199982278
0.9848182885109814 20
0.9999984827891557 80
17 0.8880730300152226 0.2849392509115352 0.7080435999669135
0.9385588390381205 20
0.9999976036578113 80
18 0.8606680064947796 0.24439242917908804 0.8250868000322953
0.9947194264644794 20
19 0.7995243503455085 0.1886541569170871 0.10398790001636371
0.0012664441530006064 20
0.9992048208972995 80
20 0.7866992056511035 0.18664451990430045 0.6811544999945909
0.9725014837943017 20
0.9999976714690182 80
21 0.7588471444267393 0.15583302060636015 0.6909477000008337
0.9861669678928802 20
0.9999921078572377 80
22 0.7325441731799383 0.13984228271545068 0.6983440999756567
0.9716064775062696 20
0.999997648896851 80
23 0.711627441078137 0.11634930565390537 0.6801837000530213
0.9853727850273537 20
0.9999928016493824 80
24 0.6937517016474011 0.10558750605587815 0.6770007999730296
0.9705087503917356 20
0.9999961079972214 80
25 0.681357969941711 0.09218110648497845 0.6834192000096664
0.9830979599453571 20
0.9999930108182682 80
26 0.6698891054615096 0.08496453329803659 0.6599636999890208
0.9636661188302346 20
0.9999934064718501 80
27 0.6605609503565647 0.07608176573876757 0.6736777999904007
0.9737598826727439 20
0.9999952273028786 80
28 0.6534928291114345 0.0724377729682709 0.713333900028374
0.9674382006087536 20
0.9999918786298679 80
29 0.6463240463759352 0.06621426456590465 0.7066214000224136
0.962545702380467 20
0.9999973209306496 80
30 0.6415273352719544 0.06489028541057199 1.0488635000074282
31 0.6767382895801953
-------------------------------------------------END------------------------------------------------------
10
-------------------------------------------Classical LM---------------------------------------------------
457.7905038323085 460.28027117129557
0 295.8641834710567 297.4105152026128 2.0209909999975935
1 224.25242623175848 222.69234683383797 2.0381719999713823
2 192.21972222812167 192.38823755561606 2.0018408999894746
3 192.21972222812167 192.38823755561606 2.027464200044051
4 136.6738475355502 135.57947535421496 2.1009796000435017
5 46.95207168272203 44.729607681569384 2.0226572999963537
6 46.95207168272203 44.729607681569384 2.0037558000185527
7 46.95207168272203 44.729607681569384 2.0691271999967285
8 20.489013325542548 20.985895844001206 2.129391900030896
9 20.489013325542548 20.985895844001206 2.015966099977959
10 13.069963234677354 13.415748236290415 2.1882698999834247
11 13.069963234677354 13.415748236290415 2.039309800020419
12 9.962511336681274 10.131668142573297 2.15099980001105
13 9.962511336681274 10.131668142573297 2.050938300031703
14 4.991877021753359 4.907849522916989 2.097594699996989
15 3.2688097694389056 3.0631048668379184 2.1548137000063434
16 2.975557482391106 2.4774865014130416 2.685894299997017
17 2.975557482391106 2.4774865014130416 2.0205197000177577
18 1.6853117771514845 1.1134681327138842 3.027749400003813
19 1.4505730821281526 0.8812844349502568 3.0298781000310555
20 1.4505730821281526 0.8812844349502568 3.069543000019621
21 1.0070671890963385 0.45500963869343936 3.1552223000326194
22 0.9536259865551135 0.3993243994476428 3.0227568999980576
23 0.9536259865551135 0.3993243994476428 2.73481479997281
24 0.8309975098657458 0.2727777696870086 2.680909899994731
25 0.8231593704072755 0.25211170146954 3.0419741999940015
26 0.8231593704072755 0.25211170146954 3.432419199962169
27 0.7604672977342578 0.1964243629245862 3.0839155000285245
28 0.7604672977342578 0.1964243629245862 2.8338599000126123
29 0.7471158551786654 0.1849137925957589 2.941311799979303
30 0.7357581605930905 0.17120663939530342 2.915016800048761
31 0.7281366729410192 0.15938773810039533 3.6527934999903664
32 0.7247219653269407 0.15299866814576937 3.3085678000352345
33 0.7247219653269407 0.15299866814576937 3.3085169999976642
34 0.6775878235953038 0.10953109152908473 2.0985212000086904
35 0.6716777366790558 0.10248801697871444 2.043330100015737
36 0.6716777366790558 0.10248801697871444 2.03584409999894
37 0.6583911184667026 0.09039340879354614 2.083529499999713
38 0.652533490204354 0.084375340987327 2.498849900031928
39 0.6478878007701414 0.07948439214879789 2.062458600034006
40 2.3802406964997207
-------------------------------------------------END------------------------------------------------------
-------------------------------------------Krylov LM---------------------------------------------------
457.7905038323085 460.28027117129557
203
0 295.86413559002614 297.4111427424352 2.2213440000195988
203
1 223.25228576548315 220.54098592455586 2.303526100004092
203
2 128.68480901468646 128.69514057987158 2.2270246000261977
203
3 128.68480901468646 128.69514057987158 2.236869000014849
4 122.48175796007095 119.16998627723476 0.060371900035534054
203
5 49.78594385600985 47.2124342075552 2.2301758999819867
203
6 49.78594385600985 47.2124342075552 2.242028800013941
7 49.78594385600985 47.2124342075552 0.05294949997914955
8 38.35377747779981 38.27061924462169 0.053537100029643625
203
9 20.86429349404031 20.834453995828067 2.2139524000231177
203
10 20.86429349404031 20.834453995828067 2.215361699985806
11 20.86429349404031 20.834453995828067 0.06008169997949153
12 20.86429349404031 20.834453995828067 0.05784279998624697
13 14.402417969785171 15.437900711294843 0.03794800001196563
203
14 5.896546457125794 6.113580998137667 2.2164841999765486
203
15 5.896546457125794 6.113580998137667 2.172011399990879
16 4.60059602078153 4.773469716514328 0.05674990004627034
203
17 3.397900205799931 3.2886803321813884 2.231343100022059
203
18 2.794161771363173 2.4748292753029966 2.2923160000354983
203
19 2.521671770022261 2.085732124871204 2.8069810000015423
203
20 2.521671770022261 2.085732124871204 2.8452116000116803
21 1.9645076685277039 1.3725927899121757 0.05274420004570857
203
22 1.6074193897501623 1.0583603900287604 2.232308999984525
203
23 1.6074193897501623 1.0583603900287604 2.1984724999638274
24 1.2308668807174352 0.6590000673485878 0.06383830000413582
203
25 1.2308668807174352 0.6590000673485878 2.2204903999809176
26 0.9736393817924814 0.40448238995036595 0.05308589997002855
203
27 0.8803887863462388 0.31504452979936143 2.240431600017473
203
28 0.8803887863462388 0.31504452979936143 2.2803689999855123
29 0.832139179424517 0.253634018393815 0.06596160004846752
203
30 0.7944337877099132 0.21183347762149346 2.2775089999777265
203
31 0.7711169591131185 0.1783009634757358 2.2442528999526985
203
32 0.7711169591131185 0.1783009634757358 2.2242666999809444
33 0.7300079491327255 0.1437824497463882 0.05403830000432208
203
34 0.7101181661658389 0.12284015449468072 2.2160073000122793
203
35 0.7101181661658389 0.12284015449468072 2.230477200006135
36 0.6988577581980586 0.11423771738084573 0.05796830001054332
203
37 0.6884010579228332 0.10624045750410548 2.193183500028681
203
38 0.6789555316282433 0.09984592082918052 2.2181024000165053
203
39 0.674698617957537 0.0976129767597389 2.221024899976328
40 1.6776263644453138
-------------------------------------------------END------------------------------------------------------
------------------------------------Reduced subspace LM---------------------------------------------------
457.7905038323085 460.28027117129557
0.9984042996159871 20
0 418.38676531222546 420.64247536142614 0.2876555999973789
0.9987143894251751 20
1 361.2918032729143 363.7582525263092 0.0929129000287503
0.9989356016622543 20
2 299.788851894213 302.12275975530457 0.09354159998474643
0.9990768269136131 20
3 256.2432727943087 257.80887885809165 0.10813179996330291
0.9977438789607148 20
4 236.32235109334002 234.45946076423292 0.10932629997842014
0.9962127703543454 20
5 193.2113178332691 190.06384487199736 0.08597389998612925
0.945631438493344 20
0.9999929445610929 80
6 189.00240240957643 185.6798996920373 0.8790077000157908
0.9482668310508827 20
0.9999915075413242 80
7 185.6189187047343 181.98176617792393 0.8711601999821141
0.9761674283075026 20
0.9999750787881897 80
8 151.0446496031074 146.96833994532628 0.8228307000244968
0.9608618462680721 20
0.9999833932500439 80
9 123.32936809796931 125.44217115431654 0.7808019999647513
0.9906592529389192 20
10 62.977676142391715 64.01041011513209 0.12041670002508909
0.9278292171164207 20
0.9999803762785663 80
11 43.78532459251515 44.89624766240314 1.0243155000498518
0.9622063204133521 20
0.9999989160573776 80
12 31.835341898776353 32.321672186487056 0.8066872999770567
0.9871444420265016 20
0.9999995928774145 80
13 30.70879784170941 30.582472610985 1.2085188999772072
0.9984623590129257 20
14 7.066725967467732 7.2511030018351414 0.15057389996945858
0.827740790903926 20
0.9999996210132297 80
15 5.779295649851884 5.682965820607685 0.7992302000056952
0.9917257493418232 20
16 4.9236673088090885 4.8778066989281905 0.10642209998331964
0.07420375763479721 20
0.9999974986304747 80
17 3.8656403054916124 3.5925222498655267 0.8328244999866001
0.9794633833794482 20
0.9999998645263593 80
18 3.519359756277561 3.1814940985649525 0.8408135999925435
0.9916143355960908 20
19 3.1953749949280175 2.857631304444519 0.11128130002180114
0.10485841922367925 20
0.9999990667553591 80
20 2.9269948284110483 2.442795389497054 0.7798487999825738
0.9967542674430232 20
21 2.491379273955128 2.0225538275460315 0.10983949998626485
0.05787286192214598 20
0.999997863032117 80
22 2.0715719722038446 1.5091319861718115 0.8527620999957435
0.9770397945315932 20
0.9999998615938503 80
23 1.7961929326232013 1.1335772736616314 0.998171099985484
0.991123845758878 20
24 1.3882377061726017 0.774012433509324 0.09632389998296276
0.17929488429100873 20
0.999999085377365 80
25 1.3249764116408735 0.6738306291848624 1.0284050999907777
0.9958940891127305 20
26 1.135262819318983 0.5007206262145949 0.10606119997100905
0.009120972871096047 20
0.9999787069087899 80
27 1.0158703007063727 0.3811454465719444 0.7460356999654323
0.9797103523393726 20
0.9999997227076061 80
28 0.9585749829236724 0.3334485609467056 0.7682482000091113
0.993341845301065 20
29 0.9007399309870893 0.2854919653334867 0.09218249999685213
0.001757099224950469 20
0.9998503909028627 80
30 0.8481065583888305 0.23101266980579332 0.7831392000080086
0.9930767519798437 20
31 0.8404489408745558 0.22552691363446484 0.10563080001156777
7.799756507750691e-05 20
0.9991876491604571 80
32 0.8096225931821115 0.2002689977161008 1.3145433000172488
0.9733555156578062 20
0.9999999012698036 80
33 0.7963554260712294 0.18935183809811104 1.256478999974206
0.9971793098913838 20
34 0.7831720755268143 0.17375049575655438 0.18231549998745322
7.115234263633643e-05 20
0.9975563352866881 80
35 0.7737501678869835 0.16671054435785873 0.6890544000198133
0.9791286530956181 20
0.9999981681806391 80
36 0.7578119681693661 0.15488248243961794 0.6861527999863029
0.9872995427279154 20
0.9999998876703285 80
37 0.7514407116123961 0.1505071578253786 0.6622915999614634
0.9656914950451873 20
0.9999960817394614 80
38 0.7408295613710086 0.14115104990539934 0.70569680002518
0.9786058662254025 20
0.999999722855044 80
39 0.7366519856609204 0.14218565782954654 0.6994546999922022
40 0.5698646644401985
-------------------------------------------------END------------------------------------------------------
11
-------------------------------------------Classical LM---------------------------------------------------
451.0811449084085 449.0137205031078
0 339.7008136055995 342.93927629278915 2.0781692000455223
1 203.64425718024168 202.36937099869868 2.071616899978835
2 165.35684131177894 168.40867738555082 2.580443100014236
3 165.35684131177894 168.40867738555082 2.065635700011626
4 115.31084934680318 123.30567991942239 2.0616629000287503
5 115.31084934680318 123.30567991942239 2.037908800004516
6 91.81141807724488 87.28003778972247 2.110218800022267
7 44.22052613138051 43.67421913958878 2.0618576999986544
8 44.22052613138051 43.67421913958878 2.018362500006333
9 44.22052613138051 43.67421913958878 2.103023299947381
10 20.148259330974945 20.01533070368265 2.112156799994409
11 20.148259330974945 20.01533070368265 2.0333093000226654
12 20.148259330974945 20.01533070368265 2.0662721000262536
13 9.101497022050944 9.413703174191582 2.1092264999751933
14 7.470926065702015 7.6131479709853265 2.470909300027415
15 5.146332260216497 4.720496853401523 4.187829600006808
16 5.146332260216497 4.720496853401523 3.3975156000233255
17 3.236251167579336 2.8937570226866454 2.1705699000158347
18 2.736808238717029 2.2870334790009648 2.058183699962683
19 2.736808238717029 2.2870334790009648 2.004001800029073
20 2.3446726402519693 1.8520269996070229 2.1171925999806263
21 2.0903066829682326 1.587853015325333 2.0697246000054292
22 2.0903066829682326 1.587853015325333 2.0420848000212573
23 1.7787728666738543 1.2536851009484293 3.293730699981097
24 1.7759819302077595 1.2210431267648492 3.732401099987328
25 1.7759819302077595 1.2210431267648492 3.445074499992188
26 1.438491859357492 0.9429857599517522 2.449360499973409
27 1.438491859357492 0.9429857599517522 2.162140400032513
28 1.3556082136666354 0.866602718005666 2.1413460000185296
29 1.281711611248512 0.7714157147229231 2.0229079999844544
30 1.1206178541727856 0.5720435838859711 1.998817199957557
31 1.1206178541727856 0.5720435838859711 2.0415881000226364
32 1.03204875619562 0.4679932103466356 2.1110125000122935
33 0.9723875941878632 0.3852091700309145 2.007428400043864
34 0.8822472893758506 0.28634767794290644 1.9985438999719918
35 0.8347597717304736 0.24321815764900573 2.0288710999884643
36 0.8012109266096346 0.20896007390067528 2.0092709999880753
37 0.8012109266096346 0.20896007390067528 2.0611953000188805
38 0.7546214281969825 0.1622584299957582 2.135683800035622
39 0.742568571189735 0.15040562372767496 2.0838334999862127
40 0.742568571189735 0.15040562372767496 2.4582459999946877
41 0.7225518436605936 0.13312869254229714 2.1380460999789648
42 0.7117140502950191 0.12190635888492606 2.0414486000081524
43 0.7051214231525579 0.11709456810875793 2.051240600005258
44 0.7051214231525579 0.11709456810875793 2.0246852999553084
45 0.6801778457393831 0.09809660111784306 2.0701908000046387
46 0.6754966123411695 0.09532020864048898 2.0438955999561585
47 0.6754966123411695 0.09532020864048898 2.0429197999765165
48 0.6632818061349554 0.08488960636330123 2.094359499984421
49 0.6632818061349554 0.08488960636330123 2.009441300004255
50 0.6589969863539296 0.08081251443217359 3.0201541000278667
51 2.3436516426211664
-------------------------------------------------END------------------------------------------------------
-------------------------------------------Krylov LM---------------------------------------------------
451.0811449084085 449.0137205031078
203
0 339.7064003571766 342.9458115972114 2.419799499970395
203
1 209.7582919334901 207.71890592484357 2.718790699960664
203
2 144.5786636282712 148.6846315703561 2.8549708999926224
203
3 103.16612149305296 110.39819569690087 3.0828061000211164
203
4 36.078033136881174 35.46825300979495 2.2171805999823846
203
5 36.078033136881174 35.46825300979495 2.7168270999682136
6 36.078033136881174 35.46825300979495 0.06192920001922175
7 36.078033136881174 35.46825300979495 0.057919599988963455
8 32.66725756639353 31.8868370467666 0.055405199993401766
203
9 32.66725756639353 31.8868370467666 2.271522000024561
10 23.10347858920315 23.602606295098603 0.061695999989751726
203
11 23.10347858920315 23.602606295098603 2.231697100040037
12 17.856244284974125 17.73520906795998 0.05664749996503815
203
13 17.856244284974125 17.73520906795998 2.2142935000010766
14 11.14258204248911 11.293987640222767 0.0611536999931559
203
15 4.634141719121218 4.341237862923701 2.2000372000038624
203
16 4.634141719121218 4.341237862923701 2.201052999997046
17 3.347567318221439 2.9002496322556617 0.04677109996555373
203
18 2.6659324297848275 2.1783556141314255 2.195214400009718
203
19 2.530849633963365 1.9974578140467147 2.171340800006874
203
20 2.1491860400228733 1.7716250259360145 2.487374300020747
203
21 2.1491860400228733 1.7716250259360145 2.75928150000982
22 2.1491860400228733 1.7716250259360145 0.0389510000240989
23 2.1491860400228733 1.7716250259360145 0.05617539997911081
24 1.508777777840456 0.9653945409699844 0.04532500001369044
203
25 1.4120220594773352 0.8690479485689154 2.201440899982117
203
26 1.2864843469789782 0.7273242465025046 2.2147127999924123
203
27 1.1711868690867857 0.6025624996788658 2.2166611999855377
203
28 1.1038062539052507 0.5605297972888177 2.2024055999936536
203
29 1.1038062539052507 0.5605297972888177 2.2805238000000827
30 1.0022296490138298 0.4533341680981594 0.04065959999570623
203
31 0.9709714812252045 0.42900946563597897 2.2153288000263274
203
32 0.9709714812252045 0.42900946563597897 2.2086053999955766
33 0.8973589620417671 0.3406090073077092 0.04814490000717342
203
34 0.881856765729689 0.3266813757166027 2.2355265999794938
203
35 0.8779333359032476 0.3102442061843923 2.6925459999474697
36 1.6214282099957926
-------------------------------------------------END------------------------------------------------------
------------------------------------Reduced subspace LM---------------------------------------------------
451.0811449084085 449.0137205031078
0.9983696625086351 20
0 412.88957824053153 412.1597317519887 0.12550879997434095
0.9984658427682244 20
1 357.6369072201659 358.83012705719284 0.1403604000224732
0.9988438080542894 20
2 296.15803069850637 298.6974467097483 0.09613169997464865
0.9991997782019215 20
3 249.60840697570922 250.5335432032973 0.09944400005042553
0.9900072683569762 20
4 220.1762771512033 218.05896941414423 0.1023024000460282
0.9947487465346332 20
5 181.77619379488254 182.30475019297705 0.11650609999196604
0.9664746944671954 20
0.9999700545902099 80
6 177.7812346564149 177.98397174599035 0.8507376000052318
0.9853449151133753 20
0.9999898841193573 80
7 136.6091767459 133.77911190895654 1.0351378999766894
0.9362220016400934 20
0.999986384807747 80
8 82.02285291863589 80.30768515719133 1.1353714000433683
0.9906073047278837 20
9 45.304913048014015 45.43799715318085 0.1098280000151135
0.9263832924688297 20
0.9999828486724751 80
10 37.64656360250878 36.935927924710114 0.806902899988927
0.9619798135220218 20
0.9999982770304209 80
11 27.27027177408449 26.515410851555004 0.7580282000126317
0.9755096026338 20
0.9999968072186943 80
12 12.832282545015854 12.207675653463264 0.7260266999946907
0.9876288649360391 20
0.9999977748454959 80
13 10.159126015667782 9.682224702400795 0.6809301999746822
0.99882183070544 20
14 3.1527844345080713 2.6730118151366025 0.10195059998659417
0.46854731519139214 20
0.9999984956892292 80
15 2.1603011691339753 1.599215673207026 0.7649879999808036
0.9921638621741646 20
16 1.928096382341158 1.3629609417497497 0.2087658999953419
0.0014949394952424977 20
0.9976278688144858 80
17 1.5154138541636542 0.9181621490033401 1.3976009999751113
0.9743389749332574 20
0.999998927278317 80
18 1.446038377024731 0.8182487890767833 1.1305622000363655
0.9898299645316856 20
0.9999996546940073 80
19 1.2518424066361908 0.6162445498710535 0.7204415000160225
0.9800632099531594 20
0.9999991328255552 80
20 1.0586028112229189 0.41198530645342596 0.7399645000114106
0.9889471646199254 20
0.9999992879244574 80
21 1.0470040966783556 0.3903060647737254 0.7396887000068091
0.9961639429305547 20
22 0.8827156305308923 0.2569709250766627 0.11081549996742979
0.02120421481107755 20
0.9999530475317052 80
23 0.8517645577315986 0.24292596139666506 0.6801594000426121
0.9885759574469838 20
0.9999982450949773 80
24 0.8107891337876107 0.18009034907899837 0.6764558000140823
0.9892621428379557 20
0.9999977859602273 80
25 0.7921465236944903 0.19048540036433104 0.6737106000073254
0.9769178488546871 20
0.9999950362551228 80
26 0.7725220947418631 0.1555656923453529 0.6734397999825887
0.9564695822784267 20
0.9999967884211397 80
27 0.7709957693230677 0.17494667547136344 0.6745917999651283
0.9497114164773648 20
0.9999959841346154 80
28 0.7385349344187819 0.13004931193525424 0.678669799992349
0.976549387768393 20
0.9999996171324452 80
29 0.7314274553141165 0.13880589141650115 0.8397497999831103
0.9238136452276238 20
0.9999977333277388 80
30 0.7181374971851138 0.11581852709207657 1.554552000015974
0.9811684966966663 20
0.9999996950323383 80
31 0.707384310383315 0.11657332666382295 0.6589837000356056
0.9529318855647502 20
0.99999946513051 80
32 0.6972688403511055 0.09919125209437434 0.6639828000334091
0.9826776626158406 20
0.9999997215310389 80
33 0.687057315737936 0.09748822036750877 0.6582631999626756
0.9714875055206516 20
0.9999996141504096 80
34 0.6810124876118903 0.0861609275551121 0.6841311000171117
0.9829742126013519 20
0.9999996081156926 80
35 0.6743596429645632 0.08562421442899498 0.691908799984958
0.9797878201967541 20
0.9999996802503408 80
36 0.6686632934275992 0.07711081773590898 0.6854365000035614
0.9841652949585203 20
0.9999995788059094 80
37 0.664335869056192 0.07690651148950184 0.7025412999792024
38 0.6571991860005073
-------------------------------------------------END------------------------------------------------------
12
-------------------------------------------Classical LM---------------------------------------------------
383.65210235727847 382.35289457535885
0 252.16839564292306 251.0749425836758 2.104079000011552
1 135.62582279840473 137.626313390046 2.291395200008992
2 135.62582279840473 137.626313390046 2.562708900019061
3 135.62582279840473 137.626313390046 2.1202515000477433
4 135.62582279840473 137.626313390046 2.094938699970953
5 135.62582279840473 137.626313390046 2.084485200000927
6 48.88611679072223 50.920415652352844 2.174512700003106
7 48.88611679072223 50.920415652352844 2.0189042999991216
8 24.73666594736051 25.090816010458738 2.103288499987684
9 14.267632572485516 14.163998813360063 2.039524900028482
10 12.350666831575076 12.231250403717738 2.1020528999506496
11 12.350666831575076 12.231250403717738 2.028106099984143
12 8.370104571236425 8.05749236464128 2.5091555999824777
13 6.077213391853039 5.7343032122839395 3.804131100012455
14 4.954299369937491 4.432048183393832 3.419961699983105
15 3.6283883965628934 2.9920732193317208 3.603041500027757
16 3.6283883965628934 2.9920732193317208 2.7783771000104025
17 2.9618461654817363 2.3802547353780854 2.162244600011036
18 2.865925834625653 2.263000532193619 2.083566699991934
19 2.865925834625653 2.263000532193619 2.0871336000273004
20 1.5370202854819774 0.9623692659323292 2.1055141999968328
21 1.363906732531569 0.7779624970708796 2.053427999955602
22 1.215655683844024 0.6390956047239255 2.0250137000111863
23 1.215655683844024 0.6390956047239255 2.0189381999662146
24 1.0082663836537569 0.44520070158683334 2.07263209996745
25 1.0082663836537569 0.44520070158683334 2.022968699980993
26 0.941777775259892 0.3706134353112579 2.140543899964541
27 0.9384769748100007 0.35746338370163655 2.0414792000083253
28 0.9384769748100007 0.35746338370163655 2.0556405000388622
29 0.8855899590193245 0.30175207162138595 2.6856501000002027
30 0.8855899590193245 0.30175207162138595 2.173612700018566
31 0.8683295957027952 0.28473816491647985 2.4376437999890186
32 0.8561126074981715 0.26985474704002205 2.310605900012888
33 0.8448888465469854 0.2551599508405807 2.1113451999844983
34 0.8353434680468083 0.24321497683296717 1.985250600031577
35 0.8030399400927398 0.21139573510042833 2.0070819999673404
36 0.7528434634590361 0.16282419052343114 2.0158252000110224
37 0.7528434634590361 0.16282419052343114 2.002108299988322
38 0.7231890920036099 0.137778549786302 2.1342066999641247
39 0.7142256941621581 0.13089637817354866 2.019185099983588
40 0.7064587555644599 0.12654365179200708 2.0059026000089943
41 0.6758351556446399 0.10071126548635496 2.047495800012257
42 0.6758351556446399 0.10071126548635496 2.022333200031426
43 0.6595803896071311 0.08522506851078046 2.57441880000988
44 0.6595803896071311 0.08522506851078046 2.16423679998843
45 0.655728514180608 0.08195223853071318 3.5865638000541367
46 0.6535277981717108 0.07892709782132701 4.128857799980324
47 0.6477470283440222 0.0732116065481194 2.3037815999705344
48 0.6428931387085276 0.07146611718938559 2.0700476999627426
49 0.6428931387085276 0.07146611718938559 2.056534399976954
50 0.6354382567646361 0.06607763035945857 2.121906400017906
51 0.6323254710778515 0.06476669856590528 1.996567900001537
52 2.2619839970138855
-------------------------------------------------END------------------------------------------------------
-------------------------------------------Krylov LM---------------------------------------------------
383.65210235727847 382.35289457535885
203
0 252.16881306220452 251.0753712454277 2.1822897999663837
203
1 169.30454395580023 175.1541307850249 2.1933919999864884
203
2 169.30454395580023 175.1541307850249 2.206725900003221
3 169.30454395580023 175.1541307850249 0.053931199945509434
4 169.30454395580023 175.1541307850249 0.04454459995031357
5 169.30454395580023 175.1541307850249 0.04397649999009445
6 55.54706823097223 56.51999456917744 0.05473480001091957
203
7 51.80048125923049 52.064917252295245 2.21731690003071
203
8 51.80048125923049 52.064917252295245 2.271186799975112
9 25.49856400562605 25.59129067501664 0.05813329998636618
203
10 22.78344779659261 23.301248915340945 3.7848605000181124
203
11 18.987168482471986 19.20570690979293 2.4128035999601707
203
12 18.987168482471986 19.20570690979293 2.295591300004162
13 6.0542766959762355 5.585542314319881 0.05546129995491356
203
14 4.658964682583936 4.196367406303666 2.2840103000053205
203
15 3.1634008936043374 2.762819313684559 2.2271494999877177
203
16 3.1634008936043374 2.762819313684559 2.234357799985446
17 2.233056863321017 1.7135860524417694 0.04027299996232614
203
18 2.030161033258741 1.4448966547413105 2.205801200005226
203
19 2.030161033258741 1.4448966547413105 2.222770299995318
20 1.696938539889652 1.0954440462759512 0.05807400000048801
203
21 1.4915831760329812 0.8909361941857205 2.167148900043685
203
22 1.4915831760329812 0.8909361941857205 2.20480960002169
23 1.2972568189600817 0.7052714344085855 0.06289909995393828
203
24 1.0873826436533236 0.5140889908950222 2.216883899993263
203
25 0.9803922698312392 0.381651119519184 2.1837396000046283
203
26 0.8911508697021978 0.2985140103907721 2.2269875000347383
203
27 0.8428298325959577 0.2682706061548031 2.195397100003902
203
28 0.8428298325959577 0.2682706061548031 2.1634961999952793
29 0.8164898618791407 0.2304614107548035 0.05954430002020672
203
30 0.8164898618791407 0.2304614107548035 2.228321100003086
31 0.7733402169128216 0.1898243044126242 0.0499402999994345
203
32 0.7733402169128216 0.1898243044126242 2.1713099999469705
33 0.7440775792298706 0.15733765795181154 0.04795480001484975
203
34 0.7296420380659613 0.14365001612350417 2.2085638999706134
203
35 0.7242489734786125 0.1385854005162348 2.2043425000156276
203
36 0.7231993303728729 0.13787250720692937 2.1597649000468664
37 1.639400733332378
-------------------------------------------------END------------------------------------------------------
------------------------------------Reduced subspace LM---------------------------------------------------
383.65210235727847 382.35289457535885
0.9980513946898778 20
0 357.2404160249789 356.11420825031917 0.09810200001811609
0.9987303497440049 20
1 319.25352854165624 318.81445851977895 0.10449419997166842
0.9989138830283399 20
2 277.9031820244926 279.16115356266937 0.10908370005199686
0.9983309737423792 20
3 248.5858544524721 247.9241209606888 0.116120700025931
0.9457421665563678 20
0.9999979974294526 80
4 242.29138073301692 224.30238257302142 0.7143383999937214
0.7511326429060249 20
0.9969852987377246 80
5 105.10800448001208 98.77453055669987 0.6759649000014178
0.9109327639410726 20
0.9987640272325816 80
6 43.86414764932531 42.09989476426702 0.6722063000197522
0.9427230341155761 20
0.9995868307791322 80
7 16.280784054974124 16.291924793315594 0.7310250999871641
0.9228811274834553 20
0.9997479967699783 80
8 8.042049510637458 7.896956467187818 0.7546071999822743
0.9370002728236373 20
0.9999568340670475 80
9 5.021745504987805 4.636726933789767 0.7611551000154577
0.9653113206476323 20
0.9999644623254617 80
10 3.53559072916238 3.2200013338050066 1.486781899991911
0.9926375178802467 20
11 2.2357271608993177 1.770522162783858 0.15765880001708865
0.18741853451937127 20
0.9999844211932752 80
12 2.1297304960387966 1.64028741447499 0.6803086999570951
0.9915931386141277 20
13 1.5998345911078082 1.1262729807837653 0.10985469998558983
0.24317778600745515 20
0.9999914177712038 80
14 1.3664973731528232 0.8525780659760687 0.7605800000019372
0.9476462865834142 20
0.9999975056540684 80
15 1.2888445306634113 0.7756567841511545 1.223637500021141
0.9906496762548666 20
16 1.2304855582820717 0.7197472978766826 0.17524630000116304
0.0060017580287890365 20
0.9997023115215382 80
17 1.1604000732941815 0.6440348102622405 0.7634337000199594
0.9900786266106425 20
18 1.1349581835716094 0.6182411557871135 0.08788710000226274
0.00048289163150539815 20
0.9984252892495267 80
19 1.070294093562794 0.5445270772755929 0.7541125999996439
0.9888133580231249 20
0.9999983672143664 80
20 1.0170597137947137 0.4803792460584035 0.7725819000042975
0.9950746497626871 20
21 0.9818821409997563 0.44445492581230855 0.10739069996634498
0.000674645399878598 20
0.9987868051656319 80
22 0.9126274351317978 0.36147140322878457 0.7057785000069998
0.9901031967731335 20
23 0.8833483750238588 0.3335867019523179 0.11123159999260679
0.0006809599393487671 20
0.9988585924186899 80
24 0.8175560172892646 0.2529456585636293 0.7058229999965988
0.9253655832862847 20
0.9999953991680015 80
25 0.8014451356837624 0.2144497144330478 0.6681174000259489
0.9899466132959708 20
0.9999975881079515 80
26 0.7123957974789661 0.14319071675674874 0.6995577000197954
0.9939182351827193 20
27 0.7106506239624674 0.14141930854485157 0.09959820000221953
3.2001896747564965e-05 20
0.9924369499292576 80
28 0.698986679229988 0.12857858022123267 1.2689389999723062
0.9774639091541947 20
0.9999974345297725 80
29 0.6878727958412794 0.1222610999300539 0.8131004999740981
0.9911460117913096 20
30 0.686361042747411 0.12040058048754301 0.09889299998758361
8.746043206076651e-05 20
0.9914767060866038 80
31 0.6799529045120181 0.1141787333556186 0.6617186000221409
0.9906957567802219 20
32 0.6788394681079867 0.1124124567135761 0.09694370004581288
33 0.5588866648692135
-------------------------------------------------END------------------------------------------------------
13
-------------------------------------------Classical LM---------------------------------------------------
393.08395957802225 396.2681506172032
0 393.08395957802225 396.2681506172032 1.8358511999831535
1 271.4769067934591 267.8898493443382 1.9800792000023648
2 271.4769067934591 267.8898493443382 2.3330096999998204
3 271.4769067934591 267.8898493443382 3.197314799996093
4 271.4769067934591 267.8898493443382 2.1153841000050306
5 183.37774494119407 185.75011232302947 2.196840799995698
6 103.31227923920704 101.6791726459521 2.0559145999723114
7 103.31227923920704 101.6791726459521 2.1089190000202507
8 52.32062487278107 47.98320108020362 2.098660000017844
9 52.32062487278107 47.98320108020362 2.9448406000155956
10 28.63261568886428 28.002313994067766 2.1188613999984227
11 14.279694604131771 13.218437383022701 3.0306913999957033
12 8.457499746365418 7.503276774862941 2.95507510000607
13 5.223222795761733 4.503569258915632 2.815358699997887
14 3.3784648756675946 2.685689751362662 2.029448500019498
15 3.3784648756675946 2.685689751362662 2.0810751999961212
16 2.6263775898137687 1.9180907842319865 2.0810151000041515
17 2.5798104345763146 1.8138512939058191 2.077884499973152
18 2.5798104345763146 1.8138512939058191 2.1877367999986745
19 1.7897812086667848 1.0419067873275507 2.1623575999983586
20 1.6403986508440611 0.98721397682171 2.052797799988184
21 1.1348894424413571 0.5369513684991618 2.047932499961462
22 0.9932339125990911 0.41146245164468737 2.262108299997635
23 0.9932339125990911 0.41146245164468737 3.1036541999783367
24 0.8043582581829263 0.2316189217762349 2.6267750000115484
25 0.7947774421457864 0.23360839086118693 3.030949900043197
26 0.7682914871769423 0.21136728830878612 3.286667300038971
27 0.7682914871769423 0.21136728830878612 3.1285962000256404
28 0.6884657376980756 0.12667279118673364 2.1278628999716602
29 0.6757336066823895 0.11509805164969623 2.31707390001975
30 0.6677836068840853 0.10412069006104985 3.31212359998608
31 0.6677836068840853 0.10412069006104985 3.0557180999894626
32 0.6434211502756134 0.08232484780171354 2.21057870000368
33 0.6383239857712543 0.0761216988124491 3.1654050999786705
34 0.6383239857712543 0.0761216988124491 3.0422956999973394
35 0.6301895286882544 0.06842377036835053 2.1585077999625355
36 0.6270090453931872 0.06572650436503889 2.1818522999528795
37 2.48602448157525
-------------------------------------------------END------------------------------------------------------
-------------------------------------------Krylov LM---------------------------------------------------
393.08395957802225 396.2681506172032
203
0 393.08395957802225 396.2681506172032 2.5559445999679156
1 271.4769067924057 267.88984934322326 0.07109949999721721
203
2 271.4769067924057 267.88984934322326 2.209466500033159
3 271.4769067924057 267.88984934322326 0.06018879998009652
4 271.4769067924057 267.88984934322326 0.06348179996712133
5 183.37774494197149 185.7501123239862 0.0677251000306569
203
6 103.31227923651457 101.67917264333676 2.1941216999548487
203
7 103.31227923651457 101.67917264333676 2.188331500045024
8 52.32062487167475 47.98320107916457 0.060683000017888844
203
9 52.32062487167475 47.98320107916457 2.204900400014594
10 28.63261568785922 28.002313992831223 0.05737829999998212
203
11 14.279694603894253 13.21843738284261 2.1894827999640256
203
12 8.457499741247895 7.5032767689950175 2.200096399988979
203
13 5.223223339971287 4.503567420332896 2.2008375000441447
203
14 3.3788100791743463 2.685946388364402 2.260969599999953
203
15 3.3788100791743463 2.685946388364402 2.1713429000228643
16 2.6263765229864444 1.9180397743458384 0.04893469996750355
203
17 2.581031540099842 1.8152287514863714 2.2093008999945596
203
18 2.581031540099842 1.8152287514863714 2.200881400029175
19 1.7898272937776565 1.0419502857448775 0.04836860002251342
203
20 1.6408436322656812 0.9875814627190639 2.2260976000106893
203
21 1.132397215643398 0.5345559638700064 2.2443557999795303
203
22 0.9859383981716936 0.4040226979050162 3.039412700047251
203
23 0.9859383981716936 0.4040226979050162 2.670323099999223
24 0.8056288652573197 0.2329778325046214 0.05105879995971918
203
25 0.7957608297003178 0.2339753509178688 2.617920499993488
203
26 0.7724563534593856 0.2132965096106725 2.5247644999762997
203
27 0.7724563534593856 0.2132965096106725 2.758878300024662
28 0.691109304176712 0.129083285867204 0.05915859999367967
203
29 0.6792790392588762 0.11852284269169541 2.590990900003817
203
30 0.6770453373730777 0.11426571656161326 2.1987143000005744
203
31 0.6770453373730777 0.11426571656161326 2.2277249000035226
32 0.6460126001074342 0.08192623373319345 0.0472033999976702
203
33 0.6414358282241337 0.07668889673912245 2.1810277000186034
203
34 0.6414358282241337 0.07668889673912245 2.1922349000233226
35 0.6326327611574686 0.06842415763293826 0.049283400003332645
203
36 0.6290122853714952 0.0652016302585411 2.196278099960182
203
37 0.6270052820429391 0.0630981480607238 2.2187362000113353
203
38 0.6270052820429391 0.0630981480607238 2.188501199998427
39 0.6190336041041493 0.05575925650074521 0.05557160003809258
203
40 0.6189075923315538 0.054854404090979025 2.1988915000110865
41 1.6048942439047984
-------------------------------------------------END------------------------------------------------------
------------------------------------Reduced subspace LM---------------------------------------------------
393.08395957802225 396.2681506172032
0.9982178708356054 20
0 364.87158153421643 368.3571537640052 0.11238239996600896
0.9985817117308445 20
1 324.14067078234314 327.78492753398956 0.10616239998489618
0.999138555259744 20
2 279.6987069076978 282.67736246925034 0.09827660000883043
0.9989150739013529 20
3 248.63496836439464 248.90451525145332 0.10924899997189641
0.9118637166211142 20
0.9999856039149144 80
4 243.91705016397765 239.58957374696382 0.9605333000072278
0.9613412538761732 20
0.9999850595914526 80
5 225.59823952001176 223.1492748133255 1.4764000000432134
0.9765739187002143 20
0.9999585913764341 80
6 196.70700640259454 193.59173710044485 0.8390752000268549
0.9721928353504373 20
0.9999121819891319 80
7 143.31973340618995 140.83787886211584 1.4681643000221811
0.984283576163665 20
0.999985346512758 80
8 92.45883706628328 90.87460178037931 1.1916497999918647
0.9938029875615112 20
9 56.10322003036455 55.98569406609314 0.10352999996393919
0.8531075977975492 20
0.999909947468906 80
10 38.30681184412093 37.92852946490646 0.7847743000020273
0.9696750022575292 20
0.9999958289423835 80
11 26.79307994242867 26.2242738162166 0.7882182999746874
0.9844427144056587 20
0.9999984158248794 80
12 13.154278050250968 12.388615559577898 0.7740489999996498
0.9928919197428193 20
13 4.702144598991208 4.0495350390915625 0.21227989997714758
0.9057064532294725 20
0.9999989419352492 80
14 3.516016930789886 2.9645138285738755 0.7363756999839097
0.9765894356414847 20
0.9999951285351732 80
15 1.9435584025288875 1.3067972901419598 0.6775637000100687
0.9756545714420173 20
0.9999981737583773 80
16 1.6791143611437969 1.0196266196380184 0.7107892999774776
0.9880981572629969 20
0.9999983871773696 80
17 1.3184386525831207 0.6851749444980509 0.7093806000193581
0.9882342457888367 20
0.9999982808424818 80
18 1.2091844905327078 0.582361095594918 0.6993940999964252
0.9742659126313229 20
0.9999924585407244 80
19 1.0956060738942641 0.4788608407542004 0.710731900006067
0.9580807292677999 20
0.9999929608013893 80
20 1.0459911098739962 0.42523795680366683 0.712198699999135
0.9468827587643793 20
0.9999922988699447 80
21 0.9726208089596876 0.3574618981146791 0.7133894999860786
0.9577649462049379 20
0.9999986421760898 80
22 0.9346736498115672 0.31988146035272985 0.7080443000304513
0.9388765014759556 20
0.999994331253728 80
23 0.8851447946456786 0.27056049473744676 0.7189110000035726
0.9343598333275833 20
0.9999961065919163 80
24 0.8577392697837422 0.24519354555349115 0.7164293000241742
0.9587386959621067 20
0.9999975990046345 80
25 0.8276292781827292 0.21380946514721602 0.7444803999969736
0.9545625072129392 20
0.9999969622875363 80
26 0.8044523719384893 0.1943267984225756 0.7315559000126086
0.9816792492291906 20
0.9999989319223508 80
27 0.7847337496767863 0.172514188271206 0.7141830999753438
0.9815429680346887 20
0.9999990165271244 80
28 0.7647148495075038 0.15802816117722818 0.7090346000040881
0.9915518057939121 20
29 0.7533927136159889 0.1484020589882381 0.11234960000729188
0.002445723333952727 20
0.9998529029682115 80
30 0.7417072164602697 0.13414332863931383 0.7254228999954648
0.9791037981920336 20
0.9999984907808493 80
31 0.7261068753228325 0.12297062129205638 0.7220504999859259
0.9760563026574293 20
0.999999497277395 80
32 0.7149443609772465 0.11118377153580196 0.7326530999853276
0.9837541769041644 20
0.9999981987418323 80
33 0.714210218500507 0.11861078650220244 0.6813429000321776
34 0.6679713411756572
-------------------------------------------------END------------------------------------------------------
14
-------------------------------------------Classical LM---------------------------------------------------
466.6969888727163 471.81710848853515
0 322.05496071001375 319.51792369592556 2.5056896000169218
1 322.05496071001375 319.51792369592556 2.239349299983587
2 244.2572539393268 259.31503791887286 2.5514872999629006
3 244.2572539393268 259.31503791887286 2.0625057999859564
4 212.22550200279244 209.46356431113188 2.447712199995294
5 212.22550200279244 209.46356431113188 2.438396500016097
6 61.197095843593324 64.66640639174379 2.121387900027912
7 61.197095843593324 64.66640639174379 2.015189500001725
8 61.197095843593324 64.66640639174379 2.120169600006193
9 25.949997737108582 26.825268636465072 2.1346050000283867
10 18.437349158835218 18.867907453615828 2.0636671000393108
11 18.437349158835218 18.867907453615828 2.0581245999783278
12 10.14634964880152 9.380221821638152 2.07477619999554
13 7.546449361230791 7.105392373816809 1.995426400040742
14 4.9016391460569855 4.275525780450597 2.466960599995218
15 4.0154671855200545 3.533673439160734 2.28081209998345
16 4.0154671855200545 3.533673439160734 2.093200800009072
17 2.4862732825797473 1.9124584113490468 2.884577899996657
18 2.4862732825797473 1.9124584113490468 2.98141280002892
19 2.0123232986549557 1.4969356098612863 3.316704299999401
20 1.8609058273420473 1.3180310711713388 2.0130940999952145
21 1.712109354381216 1.2105694606791775 2.0344916000030935
22 1.712109354381216 1.2105694606791775 2.0571528999716975
23 1.4541034932292611 0.9270929251106941 2.0918433999759145
24 1.3589219830547616 0.8663949198925495 2.0625434000394307
25 1.2498228511333949 0.7518620786876925 2.025607099989429
26 1.2498228511333949 0.7518620786876925 1.9953886999865063
27 1.0587797211759211 0.540656315010771 2.0789324000361376
28 1.002807117600312 0.4698906790844957 2.055101099947933
29 1.002807117600312 0.4698906790844957 2.469640099967364
30 0.8996915115562115 0.35581840037490386 2.0937118000001647
31 0.8974210827835785 0.34776122626577827 2.4835729000042193
32 0.8974210827835785 0.34776122626577827 2.0947898000013083
33 0.8010980230238026 0.24222395748437908 2.1159520000219345
34 0.7866586853728771 0.22663087258790512 2.0008087000460364
35 0.7866586853728771 0.22663087258790512 2.010452600021381
36 0.7459802915055898 0.18084193699355036 2.1099889999604784
37 0.7395668846290476 0.17074005035623763 2.1070835000136867
38 0.7395668846290476 0.17074005035623763 2.031957599974703
39 0.714187674623805 0.1480510942259243 2.081575000018347
40 0.7036091980204139 0.13610500180616858 2.0408176999771968
41 0.6923689809422543 0.12280308321611301 2.0249192000483163
42 0.6877016246627212 0.11541449595792401 2.044357300037518
43 0.6877016246627212 0.11541449595792401 2.0792222000309266
44 0.6569184048297909 0.09287418072370225 2.150982599996496
45 0.6502002390688656 0.08628984702699898 2.310145099996589
46 0.6467597357279946 0.08267012861239104 2.178866599977482
47 0.6467597357279946 0.08267012861239104 3.2320830000098795
48 0.6342880589868122 0.07508552159166061 2.2502536000101827
49 0.6301745559802931 0.07193691468257928 3.175972600001842
50 2.245842367275195
-------------------------------------------------END------------------------------------------------------
-------------------------------------------Krylov LM---------------------------------------------------
466.6969888727163 471.81710848853515
203
0 322.0684268618636 319.53275904996644 2.199618000013288
203
1 322.0684268618636 319.53275904996644 2.2329720000270754
2 250.02634537402676 265.84205050594295 0.06138290005037561
203
3 250.02634537402676 265.84205050594295 2.3937760000117123
4 220.8400867189527 219.35945253636842 0.060002700018230826
203
5 220.8400867189527 219.35945253636842 2.504775499983225
6 50.88639872591351 51.247977885241056 0.0467136999941431
203
7 50.88639872591351 51.247977885241056 2.808541200007312
8 43.79772284074057 42.333224375319375 0.053911999973934144
203
9 29.58011434404219 29.394445711013006 2.1824187000165693
203
10 29.58011434404219 29.394445711013006 2.201708599983249
11 16.712010421968518 16.229275237778626 0.06059930002084002
203
12 9.464949676667555 9.088587160484254 2.209973099990748
203
13 9.464949676667555 9.088587160484254 2.2044873000122607
14 4.508909707628175 3.6655433881112267 0.048019499983638525
203
15 4.508909707628175 3.6655433881112267 2.225934399990365
16 2.1703368318017806 1.6531110196597667 0.05566429998725653
203
17 2.1703368318017806 1.6531110196597667 2.240275699994527
18 1.942541250213678 1.4187087807850396 0.056996700004674494
203
19 1.842526631385518 1.2839940304820734 2.3601321000023745
203
20 1.842526631385518 1.2839940304820734 2.6063915999839082
21 1.6358582592770186 1.0945603666621295 0.04657250002492219
203
22 1.5044865782376793 0.9545770719197993 3.1179593999986537
203
23 1.4023659348104658 0.8401778046741492 3.7061923999572173
203
24 1.233552568612025 0.6384937721788476 3.724185699946247
203
25 1.0809903484838044 0.48994756374670856 3.9233900000108406
203
26 1.0809903484838044 0.48994756374670856 3.9868439999991097
27 0.9045702598166961 0.3367355959031115 0.055197699985001236
203
28 0.8917099688467759 0.3258477875634968 3.9360081999911927
203
29 0.8917099688467759 0.3258477875634968 3.917250200000126
30 0.825074815159847 0.2627367507492743 0.07250949996523559
203
31 0.825074815159847 0.2627367507492743 4.041851499991026
32 0.8085745317570328 0.24070361191906997 0.07915109995519742
203
33 0.7944602992468667 0.22597739967704605 4.281728199974168
203
34 0.786738956659666 0.21064754562043492 3.921067099960055
203
35 0.7809779147167849 0.19516055371225116 3.781471499998588
203
36 0.733148844803151 0.15313013941589929 3.384990199992899
203
37 0.733148844803151 0.15313013941589929 3.718124400009401
38 0.6887843706486548 0.1151413519474108 0.07524699997156858
203
39 0.6887843706486548 0.1151413519474108 3.647889700019732
40 0.6823416776560094 0.10675446370235063 0.07180370000423864
203
41 0.6723748495299359 0.09759062699054231 3.77060570003232
203
42 0.6723748495299359 0.09759062699054231 3.3417904999805614
43 0.665662357130724 0.0891345625823523 0.07877659995574504
203
44 0.6590227226135661 0.08327304917576399 3.2714521000161767
203
45 0.6533355647943621 0.07646857647191986 3.550156999961473
203
46 0.6466134645443918 0.0717393434631403 3.606567899987567
203
47 0.6420269629449717 0.06419436053926242 3.820915100048296
48 2.2807291769198716
-------------------------------------------------END------------------------------------------------------
------------------------------------Reduced subspace LM---------------------------------------------------
466.6969888727163 471.81710848853515
0.9987480447167227 20
0 425.4926264452184 430.17871668236035 0.15591770003084093
0.9991510975843867 20
1 365.7738652314613 369.88724455566984 0.09430820000125095
0.9994941011414116 20
2 300.5422180651332 304.71640652737415 0.09398089995374903
0.9993357873392673 20
3 253.23178665147665 256.973731888312 0.11363480001455173
0.990925216218166 20
4 210.3178738542297 206.92347019044007 0.10739760001888499
0.9384486292118444 20
0.9999317046423116 80
5 200.53214309525322 196.6676811204485 0.830796999973245
0.9536379782052039 20
0.9998105008577338 80
6 166.35382253943007 165.27966872408123 0.7501511999871582
0.9644046672851667 20
0.9999273883870096 80
7 124.7440670106093 124.49008911732545 0.736380200018175
0.9562689837883767 20
0.9999671738725382 80
8 115.75172408602396 109.71172616184174 0.7131369999842718
0.9912709236578905 20
9 23.703691422476865 23.191623305192078 0.10655200004111975
0.7599946880272952 20
0.9999866814199566 80
10 17.88360477058238 17.489592990038894 0.728497400006745
0.9881396154394139 20
0.9999983130137158 80
11 8.935474977236659 8.431177167444392 0.7248819000087678
0.9902453569590561 20
12 4.313048716472829 3.857104856531665 0.10396780003793538
0.4329269403136294 20
0.9999974438033079 80
13 3.7101180902161266 3.12289665692385 0.737544700037688
0.9938852942493132 20
14 2.6069578436769314 2.04524381717796 0.11724979995051399
0.042765210235453086 20
0.9994901516576143 80
15 1.9384618128272206 1.3127731704368302 1.4542469999869354
0.9781664851091942 20
0.9999992794103048 80
16 1.4996912756567853 0.8831466837073014 0.9234658000059426
0.9788097146734538 20
0.9999973503733018 80
17 1.3384817498947712 0.7636450625486074 1.3799092999543063
0.9937490004796793 20
18 1.045550457853453 0.46034744507130076 0.1027672000345774
0.035013740764812236 20
0.9996998675008654 80
19 0.92412746738772 0.3406790014718468 0.6839521999936551
0.9823826420481896 20
0.9999987670477894 80
20 0.8567505011133395 0.27237269369504635 0.669963899999857
0.9959029419441238 20
21 0.8344868647883555 0.24894193861810968 0.10067219997290522
0.0032374322538212402 20
0.9999240267361496 80
22 0.8090844909905469 0.22976726841919318 0.6940235999645665
0.9948028392263508 20
23 0.7968755534581671 0.22197426190133507 0.11001469998154789
0.0003915522834927934 20
0.9995803891928794 80
24 0.7741768629762071 0.19131596108114923 0.6813999000005424
0.9964501251725041 20
25 0.7647762268947872 0.18278646907550092 0.09857089997967705
0.0002595751331444478 20
0.9982014606587196 80
26 0.7493686105291328 0.17750456353580893 0.6831876000505872
0.9957241823156425 20
27 0.7434647080200695 0.17567768034576198 0.09675379999680445
0.0005435631430567852 20
0.9996653969732985 80
28 0.7294160299142026 0.15385238587863945 0.6836942000081763
0.9902286014434276 20
29 0.7247652388157325 0.14909237336068298 0.1050863999989815
0.0001187914982343102 20
0.9991436668400021 80
30 0.7164888128279575 0.14602806687794143 0.6870317000430077
0.9951037991132266 20
31 0.7096629540220247 0.14297472600243843 0.11097069998504594
0.0011344015451140656 20
0.999810350929078 80
32 0.6992111986256623 0.12493315442318001 0.6823784000007436
0.9801924568468832 20
0.9999958141829269 80
33 0.6897382357012437 0.12067330082208261 0.6759118000045419
0.9930898601114365 20
34 0.6864849743793886 0.11920342364725042 0.11178589996416122
35 0.47731870000134224
-------------------------------------------------END------------------------------------------------------
15
-------------------------------------------Classical LM---------------------------------------------------
421.4219301416462 429.58811678015803
0 421.4219301416462 429.58811678015803 2.0488586999708787
1 248.77525645347657 249.33815412127674 2.1131285000010394
2 247.0120824661066 246.41666575437586 2.1189899999881163
3 183.12818589661111 186.39086513475021 2.440707299974747
4 127.95416944099078 122.42199435915103 2.491707300010603
5 127.95416944099078 122.42199435915103 2.3174165000091307
6 127.95416944099078 122.42199435915103 2.111079599999357
7 73.03602855112041 74.0979066402592 2.054388100048527
8 73.03602855112041 74.0979066402592 2.0857950000208803
9 29.90251412577596 29.2601791802505 2.105864599987399
10 29.90251412577596 29.2601791802505 2.0549442999763414
11 17.472726712942553 17.35527866804467 2.5967585000325926
12 8.81836746876284 8.152748323412762 2.046794699970633
13 8.81836746876284 8.152748323412762 2.0382697000168264
14 3.9942372185307913 3.337088108583119 2.0704493999946862
15 2.777392343505433 2.27710296181069 2.0401998999877833
16 2.777392343505433 2.27710296181069 2.025044300011359
17 1.8373730967119841 1.2307428664216236 2.547828099981416
18 1.3936477546649955 0.8111317435719743 2.0865398999885656
19 1.3936477546649955 0.8111317435719743 2.5363522000261582
20 1.1588561980274823 0.5286765979586691 2.138963400037028
21 1.1588561980274823 0.5286765979586691 2.0381624000146985
22 1.0181207654011422 0.39961018955690203 2.0596652000094764
23 0.9853891897636259 0.3600091353527048 2.0393064000527374
24 0.9853891897636259 0.3600091353527048 2.0306358000379987
25 0.9020933187238767 0.292239353657311 2.08175020001363
26 0.8832765676233648 0.2718336572922085 2.0083958000177518
27 0.8719900849893376 0.26026721959936094 2.025605999981053
28 0.8149168530816513 0.21233052704938402 2.043606400024146
29 0.8149168530816513 0.21233052704938402 2.0117827000212856
30 0.7495282929637722 0.1598953962763983 2.0719513000221923
31 0.7415420626604715 0.1523330810029816 2.3694483999861404
32 0.7415420626604715 0.1523330810029816 2.4080529999919236
33 0.7140805693548415 0.131950920273819 2.1246869000024162
34 0.7034032162015599 0.12171012358181375 2.2765595000237226
35 0.6921342226354774 0.11054061361961408 2.415795899985824
36 0.6899281144686942 0.10928999669566429 2.1164818999823183
37 0.682359103594816 0.10922397323000604 2.0348903000121936
38 0.682359103594816 0.10922397323000604 2.00253449997399
39 0.6333440187637807 0.05888638367284563 2.0913663000101224
40 0.6333440187637807 0.05888638367284563 2.024780500039924
41 0.6266677574662098 0.05177569925138854 2.076298300002236
42 0.6228166333355515 0.04928007793243177 1.9460511999786831
43 0.6212245764333684 0.049327334701386776 2.009636100032367
44 0.6136507110361202 0.04246962759038203 2.0040374000091106
45 0.6136507110361202 0.04246962759038203 1.9966496999841183
46 0.6072090998056747 0.03785651337463923 2.0715496000484563
47 0.6046934741407062 0.03671778085676783 2.4351190000306815
48 0.6046934741407062 0.03671778085676783 2.0719234999851324
49 0.6031228014874473 0.03669805979857662 2.0699361999868415
50 2.1516015365430996
-------------------------------------------------END------------------------------------------------------
-------------------------------------------Krylov LM---------------------------------------------------
421.4219301416462 429.58811678015803
203
0 421.4219301416462 429.58811678015803 2.2034429000341333
1 248.77525645471187 249.3381541224816 0.06100779998814687
203
2 247.01093968235566 246.41510927602368 2.2131486000143923
203
3 180.1572273283244 185.734603600338 2.194787400017958
203
4 101.77697040633676 101.07359762220902 2.2127779999864288
203
5 101.77697040633676 101.07359762220902 2.311790400010068
6 71.49320463167778 71.75767957490176 0.06355510000139475
203
7 62.492855113119774 66.39516460972399 2.2491740999976173
203
8 62.492855113119774 66.39516460972399 2.9539119000546634
9 62.492855113119774 66.39516460972399 0.0540356999845244
10 62.492855113119774 66.39516460972399 0.05582549999235198
11 30.64347653571395 29.709216098570476 0.048987000016495585
203
12 17.223792229125355 18.117165217053238 2.2155939000076614
203
13 10.207322006449518 8.876569239412664 2.2307385000167415
203
14 10.207322006449518 8.876569239412664 2.200064700038638
15 6.759178034574681 6.2564647744282444 0.05096119997324422
203
16 4.184434587491975 3.3774284652862008 2.243273500003852
203
17 4.184434587491975 3.3774284652862008 3.0804221000289544
18 2.24092882363343 1.5320907593425632 0.0536440999712795
203
19 1.35701233103192 0.738675130580162 2.8276959999930114
203
20 1.35701233103192 0.738675130580162 2.1969559999997728
21 0.9149528680477981 0.3305962832855306 0.06369340000674129
203
22 0.8097375605132995 0.24562572038406127 2.233757300011348
203
23 0.8097375605132995 0.24562572038406127 2.184438499971293
24 0.7357860318940684 0.1707491768708116 0.05959459999576211
203
25 0.712963329343294 0.14709783075201607 2.1941262999898754
203
26 0.6939300077525841 0.12758680803054206 2.198205800028518
203
27 0.6939300077525841 0.12758680803054206 2.1867888999986462
28 0.6603953009196177 0.09146651909306817 0.06231310003204271
203
29 0.646286920839392 0.07882102973969699 2.1849692999967374
203
30 0.646286920839392 0.07882102973969699 2.1535647999844514
31 0.637258314996433 0.06959843942409642 0.05521639995276928
203
32 0.632515224144051 0.06398046557525111 2.1888785000192
203
33 0.6288354486339778 0.05825163627447619 2.165067200025078
34 1.5841747528339631
-------------------------------------------------END------------------------------------------------------
------------------------------------Reduced subspace LM---------------------------------------------------
421.4219301416462 429.58811678015803
0.9982965476872987 20
0 388.1455546939334 395.3337545323491 0.10471760004293174
0.9989609667310448 20
1 339.99655390877314 345.75836248894655 0.10295390000101179
0.9993907766267012 20
2 287.5781260245052 291.9534177780243 0.09895339998183772
0.9995443073808963 20
3 252.02681901753857 253.19104416658487 0.14155689999461174
0.9949248114739053 20
4 229.95433549868372 227.96466664930261 0.1719302999554202
0.9852712071277496 20
0.9999997959428153 80
5 193.2176012257823 193.90168332922758 0.6570119000389241
0.6988176440651772 20
0.9888291886696482 80
0.9957964030612185 140
6 111.3267767823538 115.93224848858986 1.540397499979008
0.6464685933338618 20
0.984804044212258 80
0.9963615037228587 140
7 78.49639626487165 80.36392604497989 1.4246596999582835
0.8947274068794872 20
0.9988588857996552 80
8 60.73888432271639 61.91135456883751 0.6754562000278383
0.9511078947298496 20
0.9997394295057739 80
9 27.934296479908063 31.85945067874552 0.687389400030952
0.9793259196770577 20
0.9999749551272676 80
10 16.61260016786813 18.64388842442859 0.7197744000004604
0.9965574425270465 20
11 10.654900563376021 11.783994071572717 0.10645629995269701
0.2787559012778264 20
0.9999150999195171 80
12 9.154794255273465 10.199577414790758 0.7639301000162959
0.9894075801204303 20
0.9999954709280471 80
13 8.308585949000951 9.188036449119398 0.7670805999659933
0.9970144640025567 20
14 6.717238737436579 7.170948834651772 0.09290259995032102
0.04333739164697941 20
0.999566594761683 80
15 5.833009108147217 6.257072345684673 0.7960125000099652
0.9861154970844324 20
0.9999955122149411 80
16 5.315219111221153 5.624231352903555 0.7951403000042774
0.9962778899570267 20
17 4.908671428778666 5.009687377168278 0.2170447999960743
0.029369358735929836 20
0.9998199152851438 80
18 4.465585334376269 4.534910629411162 1.174926100007724
0.9885935674427079 20
0.9999964014598958 80
19 4.185979123642055 4.1975027324783385 0.7725102000404149
0.9965730921216669 20
20 3.9962123756726506 3.8831747500758613 0.08980720001272857
0.016448990051372733 20
0.9997522659229655 80
21 3.9264075840478165 3.8350672101076206 0.7094964000280015
0.9985307940345091 20
22 3.449789582254464 3.2179507703018806 0.10797359998105094
0.06639668990959714 20
0.9999684206175312 80
23 3.4030366060620816 3.2004655799366835 0.7237353000091389
0.9933898010109329 20
24 3.142714543288345 2.855810411582462 0.1155737999943085
0.01755473074745939 20
0.9997889481846386 80
25 3.0588120144318185 2.61122808596057 0.9624217000091448
0.9947862425506268 20
26 2.678549440503646 2.2017636655853705 0.18866220000199974
0.023673857052083844 20
0.9998588916820751 80
27 2.451776010474308 2.049025577747148 0.6899723999667913
0.9854132815623569 20
0.999992153044397 80
28 2.4205302443172974 1.9698245038381288 0.7317037000320852
0.9705630244305328 20
0.9999966246624121 80
29 2.273065414669111 1.8488585883339497 0.9096962999901734
0.991530250974495 20
30 2.239343340159373 1.8463018453311104 0.10697480000089854
0.001131239045955747 20
0.9936655378554136 80
31 2.1245176800647094 1.7073122104504073 1.0532133000087924
0.9775015115282748 20
0.999997688709 80
32 2.0348900978732605 1.6197428231084914 0.9434734000242315
0.9801792520391638 20
0.9999957292294503 80
33 2.0284234207629344 1.5780854398062825 0.7296500999946147
0.9958601419386174 20
34 1.9368892343007218 1.4730557488370801 0.1756475000292994
0.004239746638320555 20
0.9996456734186507 80
35 1.8753058353510133 1.4444027871709968 0.6949300999986008
0.9960918848237561 20
36 1.8406371887446424 1.41474660087926 0.10894979996373877
0.014736515138619467 20
0.9998671778315857 80
37 1.8310711251576017 1.3811443296623012 0.6905372999608517
0.9963511999876385 20
38 1.811044477679023 1.368297054700739 0.1502145000267774
0.003713792112051009 20
0.9997985375201498 80
39 1.7682215134080423 1.3211013372972356 1.1262710999581032
0.9944945221417099 20
40 1.7655908810880137 1.3228401559496483 0.10567349998746067
0.0002614913382672719 20
0.9962304681579162 80
41 1.71832331762121 1.2547100623020198 0.716651099966839
0.9988440943327318 20
42 1.7082384942576962 1.2537756144358814 0.10987079999176785
0.0015054274397163848 20
0.998918312543361 80
43 1.6739061032445912 1.2400313349834 0.6903950000414625
0.9717419868315741 20
0.9999973633850379 80
44 1.652000815832211 1.1987245375850117 0.6667349000344984
0.995076121713953 20
45 1.6429869266516457 1.1894422632491728 0.11187840002821758
0.003025114282576446 20
0.9995904449488247 80
46 1.631171974012025 1.2106353727030232 0.6747855999856256
0.9919114741070707 20
47 1.6244793576261578 1.2001313415597947 0.10991609998745844
0.00016940181290694257 20
0.986600103210249 80
0.9997905716461684 140
48 1.5243264419976186 1.0674235293944196 1.4699139999574982
0.998098984908706 20
49 1.5030340638933626 1.042016100475905 0.11094699997920543
0.0030771637696367297 20
0.9994326163726756 80
50 1.4795708594414885 1.0131219345661258 0.8185739000327885
0.9992897292000009 20
51 1.4747612762148705 1.0152226472959534 0.16391880001174286
52 0.6297868814815215
-------------------------------------------------END------------------------------------------------------
16
-------------------------------------------Classical LM---------------------------------------------------
406.05686267227185 410.4490463432553
0 406.05686267227185 410.4490463432553 1.9834383999696001
1 263.91033521373254 259.11641756144957 2.0778272000025027
2 263.91033521373254 259.11641756144957 1.985915599972941
3 263.91033521373254 259.11641756144957 2.108737899980042
4 263.91033521373254 259.11641756144957 2.0807437999756075
5 226.91523651157632 223.2041083437136 2.118700599996373
6 120.7423844036615 112.19536560733292 2.4632527999929152
7 60.43298508834224 58.365543506114335 2.5032400999916717
8 60.43298508834224 58.365543506114335 2.0995194000424817
9 20.799026939802204 20.464920877772958 2.089668700005859
10 7.91284715789629 7.107898101265822 2.084693300013896
11 5.339478772685089 4.373795071725839 2.021385200030636
12 4.442056775326679 3.955751186792436 2.020354100037366
13 4.442056775326679 3.955751186792436 2.0398364000138827
14 2.1940550537351453 1.4960292507056108 3.8032010000315495
15 2.152275111810702 1.5746423892062336 3.926595199969597
16 1.5787550428152382 0.918949771110456 3.4006617999984883
17 1.358982625144972 0.7464795230750372 3.29424860002473
18 1.0295314091054446 0.44266641613022195 3.324841999972705
19 1.0295314091054446 0.44266641613022195 3.133139699988533
20 0.6607919448677118 0.08786481037246317 3.080995000025723
21 0.6188210515918384 0.05135050464680705 2.222321000008378
22 0.6131735017791101 0.04580119211356255 2.0655607000226155
23 0.6131735017791101 0.04580119211356255 2.0590145000023767
24 0.6014312135987846 0.03881419099225634 2.0984295000089332
25 0.5995923738311292 0.0404864226976517 2.4188772999914363
26 0.5995923738311292 0.0404864226976517 2.798119699989911
27 0.5942309948140629 0.03988486131027602 3.0673252000124194
28 0.5918281669700202 0.041268603317663605 2.760534600005485
29 0.5905803968245632 0.0442873649213017 2.6762466999934986
30 0.5905803968245632 0.0442873649213017 2.0525333000114188
31 2.59918469268539
-------------------------------------------------END------------------------------------------------------
-------------------------------------------Krylov LM---------------------------------------------------
406.05686267227185 410.4490463432553
203
0 406.05686267227185 410.4490463432553 2.8232853999943472
1 263.9103352136408 259.1164175613841 0.05255139997461811
203
2 263.9103352136408 259.1164175613841 3.192621299996972
3 263.9103352136408 259.1164175613841 0.05375089996960014
4 263.9103352136408 259.1164175613841 0.05795600003330037
5 226.91523651146292 223.20410834353316 0.05678049998823553
203
6 120.74238440297619 112.19536560679934 2.196028199978173
203
7 60.4329850884465 58.365543506022284 2.1517886000219733
203
8 60.4329850884465 58.365543506022284 2.216470899991691
9 20.799026940007497 20.464920877960832 0.0611413000151515
203
10 7.912846664032758 7.107897808236459 2.201811800012365
203
11 5.339326871687494 4.37361353124531 2.194319599948358
203
12 4.444452103190856 3.9590680989697407 2.2132761999964714
203
13 4.444452103190856 3.9590680989697407 2.2569603999727406
14 2.1932176918591475 1.4948255619785937 0.054621499963104725
203
15 2.16355311898774 1.5876783865126771 2.515540399996098
203
16 1.5985936848091562 0.9388966482531858 2.8275476000271738
203
17 1.3354633395919748 0.7131395235961192 3.068396400019992
203
18 1.1181752257243494 0.5323675156151182 2.2094827000400983
203
19 0.8699343099455702 0.27575978449492083 2.2389043999719433
203
20 0.7708988885658551 0.19894119586918638 2.6912117999745533
203
21 0.6764072058426973 0.10678400548818885 2.6687525999732316
203
22 0.634172202582599 0.0660365671001135 2.4351433999836445
203
23 0.6262042989234176 0.06254200534066484 2.2577293000067584
203
24 0.6123484714520424 0.04748521395606828 2.209730500006117
203
25 0.607888696394479 0.04625768621307833 2.2203365999739617
203
26 0.6041207202391524 0.041283597489368724 2.1909887000219896
203
27 0.6015970077350766 0.042148698904757934 2.182175800029654
203
28 0.6001544582753323 0.039754743382294115 2.1773683999781497
203
29 0.5981525570732809 0.041190105921993396 2.214426700025797
203
30 0.5970813059723161 0.04002162576409998 2.2435150999808684
31 1.9549094181768878
-------------------------------------------------END------------------------------------------------------
------------------------------------Reduced subspace LM---------------------------------------------------
406.05686267227185 410.4490463432553
0.9988910057305197 20
0 375.60214868985446 380.4334655401077 0.10459880001144484
0.999283088445469 20
1 331.8462423246872 337.10182063555163 0.10667079995619133
0.9996203342345336 20
2 284.00184956111417 289.24478718292374 0.15880289999768138
0.9994336178816245 20
3 249.71493550277333 251.53291467805886 0.22173729998758063
0.9886693758828975 20
0.999999738903137 80
4 234.34672170204186 233.41672512312212 1.3432645000284538
0.9530102260261314 20
0.9995266010059725 80
5 212.952378282121 213.80872253492367 0.8133069999748841
0.9557003678937168 20
0.9999254323814993 80
6 194.47654985726513 195.40729085310366 0.8078365999972448
0.982838011747542 20
0.9999948170412573 80
7 150.68569189671317 148.776093249374 0.8608099999837577
0.9976468677500056 20
8 72.10832004396391 74.05804673357936 0.11504349997267127
0.9828110019714466 20
0.9999910976081978 80
9 52.12295148228118 53.22678131180539 0.7577804999891669
0.9930900704103329 20
10 35.420822637494 36.73508649545257 0.09379090002039447
0.959324635777009 20
0.9999973802825236 80
11 29.434635898426478 29.97455652244963 0.7551642000325955
0.9720832098292614 20
0.9999950182582936 80
12 23.354438068959468 23.565902879082866 0.7288170999963768
0.9821295041747256 20
0.9999964475150633 80
13 8.691068390866711 7.419977739198843 0.6881643999950029
0.9955851828402722 20
14 3.017607797357579 2.336028630011921 0.13309090002439916
0.14734433918301099 20
0.9999919505908531 80
15 1.7918069773754217 1.1292642383341445 1.097971300012432
0.9732211169661112 20
0.999999189821787 80
16 1.4387633167236988 0.8298511946024619 0.9493773999856785
0.9884376365049216 20
0.9999976995631661 80
17 0.9708389822302784 0.33643479310237456 0.6699283999623731
0.9935022233194314 20
18 0.8773481414405901 0.27772765628707624 0.11089010001160204
0.013874585263693383 20
0.9999354178418145 80
19 0.8333813748049832 0.2292760051128792 0.741273999970872
0.969154082648389 20
0.9999989239371894 80
20 0.799516708291033 0.19175693221938112 0.727145400014706
0.978601781878401 20
0.9999987442052481 80
21 0.7780872826892808 0.17388494648012925 0.7212965000071563
0.9920730196486839 20
22 0.7701502825339275 0.1755375253719036 0.11274160002358258
0.0007525230997461348 20
0.9993870911026916 80
23 0.7574389826485912 0.16040879245359654 0.7142740999697708
0.9905085560929084 20
24 0.7558434577791994 0.16285657862293562 0.15287339995848015
9.504718523636942e-05 20
0.9986747607293947 80
25 0.7463168995271184 0.15448428538731138 0.7795204999856651
0.9907279366969008 20
26 0.7451656195143338 0.15610816205368383 0.10005569999339059
1.241502517591068e-05 20
0.9990095166206007 80
27 0.7369085193102379 0.1466742556929333 0.7326471999986097
0.9946996115920572 20
28 0.735825261494574 0.14833559307380922 0.09885220002615824
6.382255364608754e-06 20
0.9989620192815266 80
29 0.7358181746272552 0.14710042845609975 0.6766377000021748
0.9977155393079499 20
30 0.729030333341195 0.14648642738085493 0.10446200001752004
0.00016376486162134404 20
0.9993151028422929 80
31 0.7246833727863519 0.1356961862311516 0.6827088000136428
32 0.5187430923076298
-------------------------------------------------END------------------------------------------------------
17
-------------------------------------------Classical LM---------------------------------------------------
415.60194976341205 421.41684291424207
0 314.362087954232 311.9902984774349 2.0623506999691017
1 314.362087954232 311.9902984774349 2.0408060000045225
2 314.362087954232 311.9902984774349 2.0802057000109926
3 314.362087954232 311.9902984774349 3.1154889999888837
4 314.362087954232 311.9902984774349 2.616697799996473
5 276.2873900322386 274.0782254006831 3.032104700047057
6 129.9454853144287 120.25617173811571 2.063010999991093
7 50.330810339432205 44.86105023202778 2.0150900000007823
8 50.330810339432205 44.86105023202778 2.0302081999834627
9 20.15425988644685 19.42059696339494 2.1029793999623507
10 20.15425988644685 19.42059696339494 3.0123464000062086
11 12.1410866938161 11.05090106555898 3.2020890999701805
12 7.581235113734519 7.415863008953686 2.901747299998533
13 4.922823349891482 4.37360492964738 3.020916000008583
14 3.505058358843946 3.0169362705047913 2.0810019999626093
15 3.505058358843946 3.0169362705047913 2.873121300013736
16 2.546302037812844 2.0187121950449667 2.3925346999894828
17 2.1219371340601922 1.5699995742433848 3.2694184000138193
18 1.7606353167396112 1.2105783895638855 3.752203699958045
19 1.7606353167396112 1.2105783895638855 3.6948180999606848
20 1.2283398736563098 0.6586398775735565 2.1011281999526545
21 1.1409287293689916 0.5692127983207644 2.007808699971065
22 1.0358652717740129 0.4339516300336679 2.060543100000359
23 1.0358652717740129 0.4339516300336679 2.085535100020934
24 0.8392843999494449 0.2605062516956396 2.0739493999863043
25 0.8100571753055612 0.23507774555524205 2.010179400036577
26 0.8043707317973661 0.23359721031818487 2.0348894000053406
27 0.7482775546909416 0.18037236908083704 1.9955243000295013
28 0.7482775546909416 0.18037236908083704 1.9783014999702573
29 0.6655265719532145 0.10835735381549287 2.0685783000080846
30 0.6611916004692752 0.10748345986174834 2.029319699970074
31 2.415104663882327
-------------------------------------------------END------------------------------------------------------
-------------------------------------------Krylov LM---------------------------------------------------
415.60194976341205 421.41684291424207
203
0 314.3641543205397 311.9924120037495 2.4138853999902494
203
1 314.3641543205397 311.9924120037495 2.2888978000264615
2 314.3641543205397 311.9924120037495 0.0644363000174053
3 314.3641543205397 311.9924120037495 0.05908919998910278
4 314.3641543205397 311.9924120037495 0.049557299993466586
5 276.3033985419927 274.0945423967365 0.042011799989268184
203
6 129.9624220531987 120.27322343510833 2.2758724000304937
203
7 50.3390413082756 44.86819544869133 2.383105099957902
203
8 50.3390413082756 44.86819544869133 2.4649708999786526
9 20.157132897418453 19.423496077550045 0.05729510000674054
203
10 20.157132897418453 19.423496077550045 2.4331560999853536
11 12.141539222787062 11.051635669904408 0.06477469997480512
203
12 7.580802078263517 7.4158254825724015 2.3659824999631383
203
13 4.922759987402815 4.374099932842293 2.2358680999604985
203
14 3.5051419190443265 3.0172482566672607 2.225976699963212
203
15 3.5051419190443265 3.0172482566672607 2.763279600010719
16 2.546293991298107 2.0186358431717197 0.05919020000146702
203
17 2.121700448410049 1.5695071193142427 2.3483308000140823
203
18 1.7618381492751094 1.2115192003278237 2.211290300008841
203
19 1.7618381492751094 1.2115192003278237 2.193206600029953
20 1.228410800237916 0.6587386298619352 0.06198749999748543
203
21 1.1411365725708722 0.5693201332995871 2.190033200022299
203
22 1.0295429077065825 0.42796403692119794 2.5393448999966495
203
23 1.0295429077065825 0.42796403692119794 3.293063599965535
24 0.8395305129496812 0.2611480036937297 0.05403439997462556
203
25 0.8118547556042466 0.2372207849522639 2.6569610000005923
203
26 0.8118547556042466 0.2372207849522639 2.2512290999875404
27 0.7493414235366868 0.1874619615839253 0.06110160000389442
203
28 0.7284055085031592 0.16745310620418333 2.2681943999486975
203
29 0.710284369653263 0.1488596377843461 2.257039399992209
203
30 0.710284369653263 0.1488596377843461 2.17484480002895
31 0.6819249564434583 0.12294722377613183 0.059839599998667836
203
32 0.6721816646518523 0.11266867833256024 2.1812958999653347
203
33 0.6721816646518523 0.11266867833256024 2.2127406999934465
34 0.6607796226657474 0.10069367075348694 0.054190199996810406
203
35 0.6537775015134442 0.09381423135418675 2.223618499992881
203
36 0.6477545035336201 0.08851218915167491 2.2134570000343956
203
37 0.6443116592683846 0.08708698579175299 2.2181492000236176
38 1.9110824365321046
-------------------------------------------------END------------------------------------------------------
------------------------------------Reduced subspace LM---------------------------------------------------
415.60194976341205 421.41684291424207
0.9983962544528411 20
0 382.6551305723578 388.13881456149 0.09879699995508417
0.9987197777392496 20
1 335.1166794492113 340.31575852639054 0.1106961999903433
0.9990477896214609 20
2 284.39605804252886 288.279730015463 0.09763370000291616
0.99895369737112 20
3 246.72513361808424 247.3240183891056 0.10678199998801574
0.9792755038996501 20
0.99999967651764 80
4 236.41632323701 233.32285389391745 0.800718099984806
0.9114113294568171 20
0.9999324968245445 80
5 236.41632323701 233.32285389391745 0.8354392999899574
0.9114113294568171 20
0.9999324968245445 80
6 226.4157648185665 223.1279605565898 0.873985200014431
0.9125979863406274 20
0.9999062195318229 80
7 224.4025370069347 221.44842496707625 0.8593233000137843
0.9927749004574756 20
8 196.96890580628707 192.16868265031522 0.10061989998212084
0.9186312791503535 20
0.999970033050445 80
9 190.09260043431334 186.08348944103705 0.8041497000376694
0.9873661244585131 20
0.9999867552797105 80
10 174.94506676899135 171.17189831099034 0.8949732000473887
0.9918643678037257 20
11 98.40040350212615 99.8725298343306 0.2215489000082016
0.6942408157921288 20
0.9990576498464674 80
12 82.03016531538098 83.96275319815895 0.9364322999608703
0.8462066900376312 20
0.999916884663298 80
13 70.43823079977456 71.11855390823415 0.7651248999754898
0.986142073983726 20
0.999977799936769 80
14 48.70689187971947 49.136595184098425 0.7529129000031389
0.9967521056304183 20
15 20.17130195130232 20.758325679930287 0.19155500002671033
0.8842197080536492 20
0.9999880228806804 80
16 16.89500760364723 17.20362370828586 1.0651890999870375
0.9332423913179694 20
0.9999958604063756 80
17 13.581746242868096 13.697236809226226 1.2857929000165313
0.9882384116543661 20
0.99999573230067 80
18 6.361804405203895 5.894179511963912 0.6850753999897279
0.9697293120960395 20
0.9999966774768407 80
19 4.30774672253837 3.125846231399659 0.6985993999987841
0.9719904508268606 20
0.9999985922040672 80
20 1.542847564632914 0.9331677821349406 0.6880490999901667
0.9919482388241402 20
21 1.249144744281371 0.630291579292126 0.10484129999531433
0.026784213298780953 20
0.999974892295167 80
22 1.1219296747688263 0.4835091603370483 0.6710223000263795
0.9960605850301935 20
23 0.9681862288154123 0.335003178501487 0.10625240002991632
0.02322152634450437 20
0.9999803908560425 80
24 0.9384888973538662 0.3273510158501007 0.7077235999749973
0.9767117241471315 20
0.9999944711506822 80
25 0.8233408958645118 0.21873747502260624 0.9190631000092253
0.9976658104262724 20
26 0.8041026876391404 0.20072907016511288 0.10310290002962574
0.0005571982099649734 20
0.999668768345534 80
27 0.7888387245015809 0.19494125672965096 0.6812327000079677
0.9796748921050135 20
0.9999992594051795 80
28 0.7516888521304882 0.1612656330341854 0.6841924000182189
0.9972139967004554 20
29 0.7455204864443468 0.15636715236896942 0.10745859995950013
0.00011090673848943598 20
0.9986385847391446 80
30 0.733137703014719 0.1490331391578991 1.0088454999495298
0.9955800756255749 20
31 0.7288921160185388 0.14172960149050406 0.11625359999015927
32 0.5529908097559223
-------------------------------------------------END------------------------------------------------------
18
-------------------------------------------Classical LM---------------------------------------------------
386.762860596995 388.2155554673037
0 292.19720589997445 282.4304353293836 2.0230028000078164
1 259.72754321788193 258.4640922277399 2.0100219000014476
2 246.69215490353145 227.688369794572 2.057150000007823
3 173.82285537915993 164.00680506262066 2.0481000999570824
4 173.82285537915993 164.00680506262066 1.9957700000377372
5 114.67959924154829 108.73710094226347 2.0410004999721423
6 114.67959924154829 108.73710094226347 2.531140899984166
7 98.50376436987452 96.69230441443908 2.3081767999683507
8 23.760218952146385 23.225573004752388 3.4434682999853976
9 23.760218952146385 23.225573004752388 3.544408400019165
10 23.760218952146385 23.225573004752388 2.2717785999993794
11 14.022213122086466 13.908793488720635 2.0923827000078745
12 14.022213122086466 13.908793488720635 2.1139338000211865
13 14.022213122086466 13.908793488720635 2.113975299987942
14 9.930824164140727 10.010604447341917 2.063171499990858
15 8.627847517412958 8.819727867852382 2.0413878000108525
16 8.627847517412958 8.819727867852382 1.9336718999547884
17 6.197637323933463 5.9961254662898735 2.1523654999909922
18 5.01423060489147 4.8452340556202 2.538299600011669
19 3.911288832889709 3.566604338592453 2.3013342000194825
20 3.911288832889709 3.566604338592453 2.113630500040017
21 3.5473121184108467 3.099907964803195 2.0980746999848634
22 3.0778777481088153 2.6309945742661482 2.0479779999586754
23 3.0778777481088153 2.6309945742661482 2.0081811000127345
24 2.3179978690847194 1.8829334803815707 2.5995732999872416
25 2.3179978690847194 1.8829334803815707 2.124194899981376
26 1.9878726120054846 1.591349377333713 2.05816950002918
27 1.6918835007032955 1.2481512631182399 2.002686800027732
28 1.4308348768224113 0.8663221182392455 2.02809450001223
29 1.360183929831749 0.7797187925517328 2.0189771999721415
30 1.360183929831749 0.7797187925517328 2.0059076999896206
31 1.016933284968454 0.45804545146071124 2.0615069000050426
32 0.962173596018881 0.3849081096105533 2.0194159999955446
33 0.9170571258839042 0.3271961733631766 1.974996899953112
34 0.9170571258839042 0.3271961733631766 2.487401399994269
35 0.7320275336905877 0.1455208884616656 2.1567028000135906
36 0.7277792744760501 0.13803701331371132 2.037894899956882
37 0.7277792744760501 0.13803701331371132 2.0336025000433438
38 0.6866994881107206 0.104369077045775 2.497666100040078
39 0.6777915945847459 0.09463964225595861 2.0606089000357315
40 0.6736938991090522 0.09354301054772052 2.0307554000173695
41 0.6736938991090522 0.09354301054772052 2.0318634000141174
42 0.6561072835780549 0.0772439806135945 2.0428425000282004
43 0.650662229141464 0.07410142765337276 2.0243037000182085
44 0.650662229141464 0.07410142765337276 2.0115039000520483
45 0.6464954338665851 0.0711997153274173 2.046591999998782
46 2.1702202672413793
-------------------------------------------------END------------------------------------------------------
-------------------------------------------Krylov LM---------------------------------------------------
386.762860596995 388.2155554673037
203
0 292.1969581064968 282.4300758706748 2.1732012999709696
203
1 223.50895345703535 222.97788940586415 2.2106839999905787
203
2 223.50895345703535 222.97788940586415 2.209494700015057
3 191.86880445955205 187.4269438466362 0.055846799979917705
203
4 119.30977578237203 116.786622470339 2.208936700015329
203
5 119.30977578237203 116.786622470339 2.2421476999879815
6 89.38648851322117 90.24061892179806 0.07683940004790202
203
7 89.38648851322117 90.24061892179806 3.180664599989541
8 85.75926598524919 86.21076756056311 0.053464500000700355
203
9 80.42211470452831 77.68776818921074 2.4743528999970295
203
10 80.42211470452831 77.68776818921074 2.3173064999864437
11 57.709336937991225 59.909545297109645 0.05217039998387918
203
12 57.709336937991225 59.909545297109645 2.250641499995254
13 57.709336937991225 59.909545297109645 0.04611049999948591
14 23.27298848718869 23.119171272669536 0.05647780001163483
203
15 16.09411110959354 16.337254148110585 2.231001299980562
203
16 12.8779996668775 12.489359649322251 2.3573316000401974
203
17 12.8779996668775 12.489359649322251 2.71025170001667
18 4.657430094795181 4.530901168454957 0.060990899975877255
203
19 4.657430094795181 4.530901168454957 2.2091406999970786
20 2.740619703581066 2.3344249420182015 0.04623350000474602
203
21 2.2810968113588874 1.8109821657231495 2.2977063999860547
203
22 2.2810968113588874 1.8109821657231495 2.8753679000074044
23 2.2215294802775665 1.6252520183776347 0.0500400000018999
203
24 2.2215294802775665 1.6252520183776347 2.9855231000110507
25 1.9656660634013803 1.4659071974372264 0.0541291999979876
203
26 1.9656660634013803 1.4659071974372264 2.2279868999612518
27 1.9335627266072166 1.3956318988429066 0.05411859997548163
203
28 1.857201450889964 1.3448376480494213 2.1762305999873206
203
29 1.857201450889964 1.3448376480494213 2.158193500014022
30 1.857201450889964 1.3448376480494213 0.06156810000538826
31 1.7625124322347832 1.2297901927923853 0.059741900011431426
203
32 1.685584130324618 1.1503004080751646 2.3148979999823496
203
33 1.6809754970706112 1.1337359220455305 2.21606539998902
203
34 1.6809754970706112 1.1337359220455305 2.2384259999962524
35 1.6535120398657608 1.1055511369264222 0.05739470000844449
203
36 1.6478118332697338 1.094829323626087 3.0687621000106446
203
37 1.6478118332697338 1.094829323626087 2.7618557999958284
38 1.6131271743743938 1.0609663221391914 0.049232900026254356
203
39 1.6010105132016232 1.0440092752880827 2.6763296999852173
203
40 1.6010105132016232 1.0440092752880827 2.2295774999656714
41 1.5742513638368363 1.0186618346009602 0.06615139998029917
203
42 1.560954750857248 1.000028268018028 2.713556599977892
203
43 1.558957094782014 1.003228918275456 2.4338232000009157
44 1.5973064288443242
-------------------------------------------------END------------------------------------------------------
------------------------------------Reduced subspace LM---------------------------------------------------
386.762860596995 388.2155554673037
0.9981539161310244 20
0 359.7753659958422 362.05736246835806 0.17468250001547858
0.9984242767669177 20
1 320.6166708495729 324.27802780690536 0.09580469998763874
0.998831007725924 20
2 277.6147547617485 281.54219712997485 0.10723819996928796
0.997826064815373 20
3 244.56918354633655 243.58599492063735 0.0971700000227429
0.9645581701983664 20
0.9999928124303642 80
4 242.6554174724436 241.61961504496946 0.9086271999985911
0.9709140083911866 20
0.9999443289347674 80
5 240.51465744569694 239.60155511231736 1.2186911000171676
0.9614270085844137 20
0.9999611130050432 80
6 212.14765280067036 214.1497138849482 0.8525160999852233
0.964290588304666 20
0.9999384389576459 80
7 179.95498667907134 184.554566588995 0.8043278999975882
0.9651332427332472 20
0.9999621422443618 80
8 160.87412648959955 165.40916736168785 0.8011491000070237
0.9820469037497604 20
0.9999716474754609 80
9 153.140587687298 142.6430616770074 0.7321758999605663
0.9816754946840643 20
0.9999959198809182 80
10 127.68483082847354 128.9848873531715 0.6943795999977738
0.9786240687014591 20
0.9999764504728231 80
11 83.38581900133244 85.21306274214334 0.6901125999866053
0.9595244420716776 20
0.9999642420938438 80
12 27.470158193259593 26.646767773908977 1.200390600017272
0.9898807006759758 20
0.9999960922321044 80
13 11.209519150741652 10.594348313145504 0.712845699978061
0.974101334183654 20
0.9999971138048916 80
14 7.353168924279645 6.76956849022258 0.7272665000054985
0.9717295649781514 20
0.9999861891922481 80
15 4.760832319047151 4.217942120313219 0.7098274999880232
0.9921056925162441 20
16 2.696751511767633 2.1123629967641957 0.10934750002343208
0.5517918148338141 20
0.9999923478449587 80
17 2.5516199680291187 1.9522038409087048 0.7199557999847457
0.9946525213518272 20
18 1.9377317406365946 1.3795106281137595 0.10234400001354516
0.2674983317389985 20
0.9999901812923133 80
19 1.7652099550453677 1.1691164976621382 0.7145143000525422
0.9917137740603047 20
20 1.5193482738357569 0.9441780810994618 0.09843770001316443
0.03220030617592889 20
0.9999423830970254 80
21 1.354499964096023 0.7774771601893361 0.7677760000224225
0.9643261517917618 20
0.999999106292742 80
22 1.2374787297479688 0.6587909907405771 0.7885092999786139
0.9902647997567479 20
23 1.178287709835635 0.6151621813050938 0.14144639996811748
0.002450897380610584 20
0.9991397206583841 80
24 1.0650350080280258 0.48684810976413945 0.7447851000470109
0.9947500479875616 20
25 0.9895825079510523 0.42670650650552816 0.09475260000908747
0.017193272223165846 20
0.999878060933635 80
26 0.8948235317105402 0.31540456501396097 0.771960299985949
0.9908124091628999 20
27 0.8749766007679318 0.2988559994058979 0.21713239996461198
0.0028334037402706212 20
0.9993176988383768 80
28 0.8137022763290219 0.2330801055626547 1.284542000037618
0.9737479860241179 20
0.9999989503528325 80
29 0.77064728004935 0.19407066066784126 1.1728469000081532
0.9412180149657179 20
0.9999718757978059 80
30 0.7415429209765946 0.1670312541262561 0.9261268000118434
0.9623665098872033 20
0.9999837051706728 80
31 0.7212349584181337 0.14566185429696388 1.1496372999972664
0.9730456888140226 20
0.9999980714910177 80
32 0.7128891749252639 0.13259557124099716 0.6734316000365652
0.9813581652436677 20
0.9999977643185924 80
33 0.7005803209956674 0.12079321881629852 0.6810070999781601
0.996612535255962 20
34 0.6902235154302616 0.11237271388300434 0.1018123000394553
0.00019599755684275187 20
0.9762007235992757 80
0.9996399858121708 140
35 0.6740046774744786 0.09673351130169837 1.5058128000237048
0.9861247188674429 20
0.9999991817806311 80
36 0.6590241990616446 0.08460223392105645 0.6873211999773048
0.9838156231461896 20
0.9999967343210937 80
37 0.6563516297813449 0.08143868105838828 0.6900565000250936
38 0.6569491636394311
-------------------------------------------------END------------------------------------------------------
19
-------------------------------------------Classical LM---------------------------------------------------
441.3300422674639 443.2578006522301
0 245.04274684889475 248.67923448999784 2.1794507000013255
1 245.04274684889475 248.67923448999784 3.6486632999731228
2 138.10572301638248 138.046586167959 2.168847299995832
3 138.10572301638248 138.046586167959 2.11675980000291
4 42.779646042180296 42.87608175056767 2.1690041000256315
5 42.779646042180296 42.87608175056767 2.0355254000169225
6 25.92439039523654 25.69774636513298 2.073739600018598
7 25.92439039523654 25.69774636513298 2.045256600016728
8 17.189667944477442 16.703987573156052 2.097760999982711
9 17.189667944477442 16.703987573156052 2.4096311000175774
10 6.569258000953324 6.374754259305909 2.071425700036343
11 4.022542456568858 3.579307547185082 2.07226260000607
12 3.584776608607549 3.0285648715947775 2.054467600013595
13 2.977560389567452 2.2800016687144793 2.015352200018242
14 2.977560389567452 2.2800016687144793 2.046736799995415
15 2.0578807269684423 1.4954601661892817 2.0666205000015907
16 2.0578807269684423 1.4954601661892817 2.0045890999608673
17 1.3276312945248396 0.7648734550487587 2.72616449999623
18 1.247531837411545 0.7010824926380536 3.026127599994652
19 1.247531837411545 0.7010824926380536 3.018295700021554
20 1.0275348341196464 0.46898580703959875 2.148093299998436
21 0.9685358811284069 0.4024126231444725 2.0962523000198416
22 0.937619524694298 0.3607696044245062 3.1077806999674067
23 0.914756479862619 0.3319934840642902 3.512085099995602
24 0.9101336843413239 0.33112478155516023 3.3558044000528753
25 0.9087116385578221 0.33836746963428216 3.567485800012946
26 0.9087116385578221 0.33836746963428216 3.7554396000341512
27 0.7173490322158858 0.13848942171897896 3.68752159998985
28 0.7173490322158858 0.13848942171897896 3.5149057000526227
29 0.7075954407597229 0.1453158664061715 2.069511199952103
30 0.6827802789751614 0.10739602802824426 2.0269606999936514
31 0.6827802789751614 0.10739602802824426 2.014957899984438
32 0.6700689846959149 0.10358158490289461 2.0687826999928802
33 0.6610871729496894 0.09194071692529186 2.0144057999714278
34 0.6610871729496894 0.09194071692529186 2.06003839999903
35 0.6541065452642908 0.08660641911956868 2.497115100035444
36 0.649232380332729 0.08333387430907128 2.521556199993938
37 2.4039724565227516
-------------------------------------------------END------------------------------------------------------
-------------------------------------------Krylov LM---------------------------------------------------
441.3300422674639 443.2578006522301
203
0 245.0482523700093 248.68617807511467 2.6979708000435494
203
1 245.0482523700093 248.68617807511467 2.7226801000069827
2 138.13531912136446 138.08486038837117 0.05728589999489486
203
3 138.13531912136446 138.08486038837117 2.313342500012368
4 42.53108022954183 42.60640812322932 0.042890199983958155
203
5 42.53108022954183 42.60640812322932 2.2429006000165828
6 25.84662164361541 25.603908287936065 0.03992220002692193
203
7 25.84662164361541 25.603908287936065 2.2311141999671236
8 16.636627569681988 16.1541760414272 0.046007599972654134
203
9 16.636627569681988 16.1541760414272 2.2091182000003755
10 6.576117374141117 6.390094143130447 0.06253260001540184
203
11 3.992337681910004 3.5480845105716745 2.2098470000200905
203
12 3.665569680224118 3.103388891890363 2.5789483999833465
203
13 2.915470602726787 2.2282852295311093 3.2673875999753363
203
14 2.915470602726787 2.2282852295311093 3.4108839000109583
15 2.2191143387255745 1.6914499190107468 0.06200809997972101
203
16 2.2191143387255745 1.6914499190107468 2.204065099998843
17 1.3777695664303915 0.8064892115430892 0.047526300011668354
203
18 1.2846352846603453 0.7536678215984387 2.2205755000468343
203
19 1.2846352846603453 0.7536678215984387 2.208634000038728
20 1.0410721997964039 0.47831087374918013 0.04635910002980381
203
21 0.9782815342142167 0.40854632488301745 2.2699086000211537
203
22 0.940139125305592 0.3596501415716593 2.2108092000125907
203
23 0.912239529032394 0.3246996077133695 2.1891005000215955
203
24 0.8846487278214419 0.26322920187276677 2.2628616000292823
203
25 0.8846487278214419 0.26322920187276677 2.221614599984605
26 0.8149300233668869 0.2129727698588116 0.0416370999882929
203
27 0.7989411302639327 0.20375790997749169 2.248613000032492
203
28 0.7893365689703161 0.18928286848358533 2.234444000001531
203
29 0.7721330620412417 0.18155628031766857 2.2274587000138126
203
30 0.7721330620412417 0.18155628031766857 2.7227731000166386
31 0.7711531422495711 0.18293010981938573 0.05619119998300448
32 1.6752316093825357
-------------------------------------------------END------------------------------------------------------
------------------------------------Reduced subspace LM---------------------------------------------------
441.3300422674639 443.2578006522301
0.9989847065399049 20
0 404.4317146640555 407.7027294566475 0.1494544000015594
0.9992027240075769 20
1 351.0764985088658 355.91502093443927 0.10242129996186122
0.9993238298543067 20
2 293.1687289482658 297.7311721506646 0.11250590003328398
0.9990253363335482 20
3 253.07779368355546 254.07907226435125 0.11051030003000051
0.9888164257993509 20
0.9999998460602862 80
4 247.05296029400975 247.14544192590873 0.8034739999566227
0.9143876179999285 20
0.9988079063892964 80
5 244.43193563056366 240.69484959484618 0.9740822000312619
0.926242046951046 20
0.9990463092735992 80
6 208.21929987729789 200.83945291798264 0.6822452999767847
0.878812927750698 20
0.9970400316514207 80
7 84.28622179524581 86.1423618250166 0.6882056000176817
0.6299289786112908 20
0.9945576859858144 80
8 63.92430013395868 65.2744328423281 0.6826636999612674
0.9096637716551469 20
0.9978021722903114 80
9 27.187000595885397 27.733440775891804 0.7202706999960355
0.964036873015867 20
0.9998927812131428 80
10 12.982265416769316 12.992382764828076 0.7017638999968767
0.9849655512705192 20
0.9999671852750673 80
11 10.295908984161917 9.441861309949081 0.6927866999758407
0.9865730600756749 20
0.9999966141158095 80
12 3.4177768078170265 2.859376174139399 0.7553476999746636
0.9730460920737366 20
0.9999796871850435 80
13 2.5615180018497634 2.0413509212663343 0.6786083999904804
0.9858020329332287 20
0.9999970180204883 80
14 1.9626423363946597 1.3322414355615246 0.6816724999807775
0.9860630101758598 20
0.9999914337595953 80
15 1.8617471042707432 1.2579146087883628 0.6866492999834009
0.8775773670106624 20
0.999973576506507 80
16 1.4004275394488297 0.8019749838347188 0.7250497000059113
0.9396945721102851 20
0.999996012469423 80
17 1.159464732245994 0.545242734354084 0.6860876000137068
0.9978534572044803 20
18 1.0500789597934286 0.45075476521023455 0.10755660000722855
0.007869680478300166 20
0.9997708957133151 80
19 0.9661479568965989 0.35101030873906175 1.290876200015191
0.9870360579289527 20
0.9999978589503673 80
20 0.9012373521856 0.3258316916651022 1.1836172000039369
0.9906591405132726 20
21 0.8812527601055897 0.3068373446789241 0.10742949997074902
0.0013054027368204803 20
0.9981791372077595 80
22 0.8536069126497514 0.25982229617456026 0.6777745999861509
0.9897200863274654 20
0.9999988396001233 80
23 0.81410393113509 0.24053993786763836 0.7059818000416271
0.91881816441798 20
0.9999972878517669 80
24 0.7939031056765713 0.19853502346212265 0.7319529000087641
0.9806721382966442 20
0.9999991318585472 80
25 0.7653555538419055 0.18300056098053316 0.8826129999943078
0.959402866781449 20
0.9999988842352956 80
26 0.7595641177417194 0.16791662448051875 1.050581300049089
0.9771753010170069 20
0.9999986426764159 80
27 0.7341515949158296 0.151754962593068 0.6965951999882236
0.9728396417292569 20
0.9999988750821049 80
28 0.7320763340622699 0.143197798147983 0.6684001999674365
0.9789024434333341 20
0.9999990334876507 80
29 0.7122174613603794 0.12807735644536752 0.6691682999953628
0.9783887519380018 20
0.9999989757045927 80
30 0.7091982191652244 0.12273796973031595 0.6582904999959283
31 0.622121021428722
-------------------------------------------------END------------------------------------------------------
20
-------------------------------------------Classical LM---------------------------------------------------
389.4174749242574 392.8770511103892
0 347.5233950525826 358.76500782372244 2.053050499991514
1 204.29139162793112 205.9956356129154 2.193440400005784
2 195.082469840663 202.0999103346575 3.077331200009212
3 195.082469840663 202.0999103346575 4.324187499994878
4 195.082469840663 202.0999103346575 2.1193476999760605
5 101.85267351891116 102.3553560335974 2.0803175999899395
6 29.02679819046855 29.11896659825628 2.0488717000116594
7 29.02679819046855 29.11896659825628 2.0531915999599732
8 29.02679819046855 29.11896659825628 2.094413299986627
9 24.681680308235837 24.63470646377858 2.131342000036966
10 24.681680308235837 24.63470646377858 2.0347989999572746
11 17.284745100013602 17.407492855726687 2.1094720999826677
12 17.284745100013602 17.407492855726687 2.0483212000108324
13 8.783323477639136 7.8545951274776815 3.1241544000222348
14 7.302493798929069 6.578870792372244 3.0372402999782935
15 7.302493798929069 6.578870792372244 2.067096600017976
16 6.530065578346698 5.747035112586056 3.141106499999296
17 4.786758223936817 4.042778402116721 3.521955300006084
18 4.652351586784183 3.9396353935059505 2.6157398999785073
19 3.3983784880340813 2.812459621377475 2.626269800006412
20 3.3983784880340813 2.812459621377475 2.4924156999913976
21 2.731398790768747 2.1166821577021206 2.889186500047799
22 2.731398790768747 2.1166821577021206 2.6774433000246063
23 1.8249467686508687 1.4057100462464083 2.550392000004649
24 1.686727392543448 1.1601615905819171 3.084251099964604
25 1.686727392543448 1.1601615905819171 3.0263418999966234
26 1.4186924340286142 0.9302440101146965 3.1479903999716043
27 1.3119196451237949 0.796450626289431 2.6884156999876723
28 1.3119196451237949 0.796450626289431 3.688698999991175
29 1.0964056881906028 0.5536603841086983 2.081071200023871
30 1.037288256761462 0.48096085875414446 2.122182100021746
31 1.037288256761462 0.48096085875414446 2.0391540999989957
32 0.9875754678760884 0.4282759884362289 2.57746409997344
33 0.9572057104463969 0.3968576984725036 2.10800740000559
34 0.9389409137548349 0.37534378017997083 2.058307600033004
35 0.9389409137548349 0.37534378017997083 2.1145604999619536
36 0.8843133967155842 0.3172862109523835 2.0725209999945946
37 0.8607130844222209 0.2912927094382291 2.0454616000060923
38 0.8433562008842423 0.27254483956599257 2.267132800014224
39 0.8433562008842423 0.27254483956599257 2.4805947999702767
40 0.8069772802344242 0.23518938898934716 2.1054728000308387
41 0.790018016379493 0.21479765909319462 2.7388708000071347
42 0.7867164491029995 0.2045936177219244 3.0346838999539614
43 0.7867164491029995 0.2045936177219244 3.0302649999503046
44 0.7482221842088609 0.16787160814390661 2.117083199962508
45 0.740428007724088 0.15919179225603863 2.095405900035985
46 0.740428007724088 0.15919179225603863 2.178353400027845
47 0.7246586561980355 0.14534779068984457 2.1202256999677047
48 0.7156166138813927 0.13712595891970014 2.2537514000432566
49 0.707216858109076 0.1313282999292257 2.5133723000180908
50 0.7040519266308664 0.1350264786516075 2.8293095999979414
51 2.572760185479344
-------------------------------------------------END------------------------------------------------------
-------------------------------------------Krylov LM---------------------------------------------------
389.4174749242574 392.8770511103892
203
0 347.52370265764284 358.7655422741877 2.973817299993243
203
1 195.14579562927256 197.62081179350912 2.25415570003679
203
2 130.36633156328938 122.31876459391773 2.231841600034386
203
3 130.36633156328938 122.31876459391773 2.2319561999756843
4 130.36633156328938 122.31876459391773 0.06014720001257956
5 110.96224760795103 107.31044031802242 0.059805600030813366
203
6 110.96224760795103 107.31044031802242 2.2575260999728926
7 110.96224760795103 107.31044031802242 0.06337940000230446
8 45.741793146911235 48.069306079915854 0.059408600034657866
203
9 38.71655723468112 38.76254422543851 2.2059323000139557
203
10 26.425012456251 24.245496012774765 2.2572720000171103
203
11 19.653275724338982 18.88030117355134 3.1225750999874435
203
12 19.653275724338982 18.88030117355134 2.8690519999945536
13 19.51935243915939 17.4797941492374 0.054572499997448176
203
14 19.51935243915939 17.4797941492374 2.2042469999869354
15 8.598831704116066 7.451794244376655 0.05454719997942448
203
16 4.301522591098733 3.774882174833762 2.232620900031179
203
17 4.301522591098733 3.774882174833762 2.2220750999986194
18 3.8693245891265136 3.2888886242540463 0.04246460000285879
203
19 3.8693245891265136 3.2888886242540463 2.2265537999919616
20 2.237813056608611 1.7125136782633616 0.04552119999425486
203
21 2.237813056608611 1.7125136782633616 2.2495771999820136
22 1.3578562668138958 0.791353410484603 0.040978899982292205
203
23 1.2693483035425104 0.7020602414216462 2.2284913000185043
203
24 1.251601800619196 0.7012325006888116 2.8661541999899782
203
25 1.251601800619196 0.7012325006888116 2.7519259999971837
26 1.163940810449171 0.5855435381182992 0.061026800016406924
203
27 1.1224967039485776 0.5571418377260681 2.267275199992582
203
28 1.1224967039485776 0.5571418377260681 2.2396282999543473
29 1.0751560150364636 0.5016654602705909 0.04886569996597245
203
30 1.0457319364538058 0.47351449168219656 2.240163200011011
203
31 1.0457319364538058 0.47351449168219656 2.1916787999798544
32 1.012306644655276 0.43086273546279774 0.04966379998950288
203
33 0.9812549627656479 0.4030963639127001 2.2081920000491664
203
34 0.9764874991407656 0.4066837761951883 2.2076254000421613
203
35 0.9764874991407656 0.4066837761951883 2.2062318000243977
36 0.887390936878024 0.3079689934404279 0.06097500002942979
203
37 0.8648141386454785 0.2887899192847616 2.2247420999919996
203
38 0.8648141386454785 0.2887899192847616 2.2204748999793082
39 0.8210422534620618 0.23864453688923087 0.059013199992477894
203
40 0.8027886980405564 0.21934876499618644 2.199453799985349
203
41 0.8027886980405564 0.21934876499618644 2.242096000001766
42 0.7708080554495493 0.1815423809541059 0.05389599996851757
203
43 0.7537961594637336 0.16419062355472117 2.8916378999711014
203
44 0.7362184444849829 0.14584514951963842 3.0671555000008084
203
45 0.731124438788518 0.13671589473107748 2.222474100010004
46 1.6411665138916254
-------------------------------------------------END------------------------------------------------------
------------------------------------Reduced subspace LM---------------------------------------------------
389.4174749242574 392.8770511103892
0.9981740880019033 20
0 361.4524492530103 365.1637232057599 0.10368780000135303
0.9987042664432961 20
1 321.3213640494366 324.8786375581683 0.10482830001274124
0.9990817989895162 20
2 278.1340735756206 280.2587214749446 0.12042150000343099
0.9985824782422521 20
3 246.9976697815311 246.78076131994902 0.09511699998984113
0.7942677325347068 20
0.999999132128958 80
4 243.97884858579658 245.01348331917754 0.688429800036829
0.8981899987304878 20
0.9896689192632776 80
0.9970243287678375 140
5 121.45926025015451 123.97556752309887 1.3821734000230208
0.7408801966635051 20
0.988003636776791 80
0.9957913349953199 140
6 110.91375264070257 108.79652020547395 1.510494199988898
0.9791828673786432 20
0.9998228842405997 80
7 89.85230182809553 89.50427472137278 0.7564481999725103
0.9740922577049507 20
0.9999763936237649 80
8 72.21280665125455 71.47368758207755 0.7772996999556199
0.9920829457087169 20
9 37.862658354475556 38.69410674569743 0.09754330001305789
0.7568873849170136 20
0.9999099224917031 80
10 30.634917224982484 31.328522776511562 0.8595802999916486
0.9341424290874073 20
0.9999845618054448 80
11 22.696711681561087 23.229454508657 1.0908132000477053
0.9778725155976684 20
0.9999962665613567 80
12 12.657749204198902 11.728414584183815 0.6676181000075303
0.9981782328154425 20
13 6.207598581001783 5.476143435985115 0.10278770001605153
0.6538969220005217 20
0.9999929794682271 80
14 4.964896919791398 4.3704333884989595 0.7071495999698527
0.9846280163348179 20
0.999996941672406 80
15 4.420738505653451 3.902481727162981 0.6978858000366017
0.9948753058764137 20
16 3.924811102346491 3.4850451832970197 0.11779059999389574
0.048388031938044675 20
0.9999791380391319 80
17 3.3751031154994946 2.833189369840885 1.0817944000009447
0.9443369079110211 20
0.9999975617312518 80
18 3.1088932777751843 2.6292866567673765 0.6961042999755591
0.9964826314708305 20
19 3.0389379756168737 2.56870325724337 0.11220269999466836
0.0051910803118470905 20
0.9998249088299284 80
20 2.979552962654554 2.3812401930661813 0.680913399963174
0.992960452703765 20
21 2.8576553271703062 2.2428533510303397 0.1110748999635689
0.01169364382993941 20
0.9998860567506126 80
22 2.708349190480051 2.171640962474333 0.712594699987676
0.9972746236116614 20
23 2.6391247620515004 2.120480253764453 0.14717309997649863
0.006873712120610331 20
0.9999194044523334 80
24 2.5329898655464245 1.9371468307267508 0.7785063000046648
0.9934488862369575 20
25 2.5094447660460477 1.9209781108313961 0.11520990001736209
0.0027594184171859694 20
0.9998286789030496 80
26 2.4366128252295756 1.8986858056712022 0.7904567999648862
0.9848585658170705 20
0.9999964080215824 80
27 2.3585986695148846 1.7643390889981103 0.7740344000048935
0.9865178212018961 20
0.9999992542522959 80
28 2.3033957065684123 1.7494158766158634 0.6838553999550641
0.9593039227320606 20
0.9999974685295078 80
29 2.2432254144607646 1.6646172221579203 0.677087299991399
0.9845074431238067 20
0.9999991900532748 80
30 2.204625751405061 1.6387063140248161 0.6982534999842755
0.9460505010028386 20
0.9999974188253812 80
31 2.1528948380950585 1.572382127554489 0.7106474000029266
0.9789681958358539 20
0.9999985488553976 80
32 2.124126736802103 1.5495062129914887 0.6798040999565274
0.9353226466908138 20
0.9999965328198923 80
33 2.0873755587207268 1.5026878450038799 0.7272073000203818
0.975947356973355 20
0.9999990582436025 80
34 2.065984071069867 1.4814044737579353 0.7031824999721721
0.9387225641743836 20
0.9999971684004438 80
35 2.036751684388794 1.4548762891896077 0.6875999000039883
0.9738645959016671 20
0.9999992114651453 80
36 2.0188227568570776 1.4364573562645324 0.7246835999540053
0.9318946008371259 20
0.9999981578591856 80
37 1.9957384867256676 1.4175958895773193 1.3609632999869063
0.971943114234691 20
0.9999993207436005 80
38 1.9807942755645105 1.3999232831668718 1.0907630000147037
0.9308618357687423 20
0.9999986849030144 80
39 1.9604398410269475 1.3846570781316636 0.9866221999982372
0.9712540901920254 20
0.9999993244359551 80
40 1.9473997536580232 1.3692272632014717 0.692864200042095
0.9299559834158939 20
0.9999989405870546 80
41 1.9297895306906347 1.3598901831327623 0.708145099983085
0.9708259177921542 20
0.9999992973180983 80
42 1.9187666914460613 1.3439829245509984 0.7000574000412598
0.929738564565049 20
0.9999986412389984 80
43 1.9031041722417923 1.3370544843377743 0.704204099951312
0.969525658713985 20
0.9999993458894435 80
44 1.8933293904742612 1.3196692004759336 0.6983110000146553
0.9255921908508005 20
0.9999988014947155 80
45 1.8794162869777191 1.3171539413488575 0.6985965000349097
0.966751570984933 20
0.9999994569447102 80
46 1.8703780983424898 1.299863485107251 0.6983581999666058
0.9219912851319493 20
0.9999987748558333 80
47 1.8568613388232316 1.2994675817260317 0.6902600000030361
0.9692902193594971 20
0.9999994057639893 80
48 1.8483738270738261 1.2853068227906892 0.7032415000139736
0.9211844988935729 20
0.9999982784444391 80
49 1.8366598729339085 1.2843457043065067 0.9458599999779835
0.9697802207433721 20
0.9999993980319296 80
50 1.8289353455062427 1.268964639810034 0.7110638999729417
0.9233894145309997 20
0.9999987457431596 80
51 1.8177663326803448 1.2708317021604518 0.6908895999658853
0.9718787351529098 20
0.9999994798540569 80
52 1.810406798371315 1.2563048486833703 0.6957568000070751
0.9193919173510438 20
0.9999984529826539 80
53 1.799991385519558 1.255694668240879 0.6893304000259377
0.9667055609002715 20
0.9999995150128247 80
54 1.7928903236058569 1.2424015021438781 0.7018350000143982
0.9076698277236933 20
0.9999985921212827 80
55 1.7833130718360721 1.2443297500027322 0.709417600010056
0.9658569010979994 20
0.9999994072286692 80
56 1.7758649364831722 1.229031388270638 0.7101280999486335
0.9305780238897446 20
0.9999986607556581 80
57 1.7666006888890082 1.2294212491963687 0.6922606999869458
0.968715632464259 20
0.9999995047598643 80
58 1.7581503423989504 1.2118256455906107 0.7139810000080615
0.9728487316471465 20
0.9999991822340483 80
59 1.7456164657581474 1.2063543080719636 1.1827687000040896
0.9869776428842437 20
0.9999992885704996 80
60 1.7352639235209764 1.1845563911521064 1.332255899964366
0.9967086366424471 20
61 1.725236791181994 1.168042898727468 0.1851528999977745
0.00043850806488123965 20
0.9992976994525713 80
62 1.7010202050049847 1.1467540918891155 1.079161599976942
0.993774027444659 20
63 1.6958566986750232 1.1379609884771975 0.1024187000002712
0.0001560570490436216 20
0.9996311894713226 80
64 1.6790050179424256 1.1173744626488464 0.7804177000070922
0.9926018231632331 20
65 1.6740093999307875 1.1083531519934435 0.1075194000150077
66 0.6357904835261733
-------------------------------------------------END------------------------------------------------------
21
-------------------------------------------Classical LM---------------------------------------------------
414.74996578756503 419.99957581662505
0 360.8951291205691 369.239075395023 2.0390283999731764
1 219.948468907901 203.81076166333702 2.00992480001878
2 219.948468907901 203.81076166333702 2.06852390000131
3 78.13710545120915 82.00089793366129 2.109393800026737
4 78.13710545120915 82.00089793366129 2.0194103999529034
5 28.282149873104085 29.049795836282623 2.0823232000111602
6 28.282149873104085 29.049795836282623 2.0717105999938212
7 28.282149873104085 29.049795836282623 2.113851500034798
8 20.6686856114935 19.370134535965523 2.1420896999770775
9 20.6686856114935 19.370134535965523 2.028887399996165
10 9.169276194962311 8.83147681897298 4.939545200031716
11 8.086062538060583 7.858216805135916 3.502048599999398
12 8.086062538060583 7.858216805135916 3.4247973000165075
13 4.954775803047696 4.727859136045867 3.135167200001888
14 3.0733897615216357 2.7005890520178917 3.5244364999816753
15 3.0733897615216357 2.7005890520178917 3.0526537999976426
16 2.498426105030127 1.9830434592999555 3.210936199990101
17 2.0061378579876132 1.4257115911166942 2.647967900033109
18 1.703545957390746 1.1297596152090559 2.8540793000138365
19 1.3758586242230813 0.8413656086483804 2.0942736999713816
20 1.3758586242230813 0.8413656086483804 2.7979590999893844
21 1.01110847460387 0.44402279199853717 2.417824700009078
22 1.01110847460387 0.44402279199853717 3.6427018999820575
23 0.9369031807827398 0.370460653097211 2.143376099993475
24 0.9028548372493173 0.3236665530668892 2.1247474999981932
25 0.9028548372493173 0.3236665530668892 2.1056416999781504
26 0.8660607448188886 0.2861502529427628 2.1188976999837905
27 0.8428181394233863 0.2596978221660063 2.044372000033036
28 0.8178789283616279 0.23179450629613355 2.5386643999954686
29 0.7852293954308421 0.20011041799726034 2.1008950999821536
30 0.7790770715326396 0.19774061170269228 2.5016021999763325
31 0.7790770715326396 0.19774061170269228 2.105123099987395
32 0.696011602289071 0.11846831623141064 2.0607127999537624
33 0.696011602289071 0.11846831623141064 2.0491311000077985
34 0.684597851161164 0.10561282625844602 2.163454100023955
35 0.6767109466205418 0.09907388493787216 2.038792999985162
36 0.6713447822244171 0.09246399635063918 2.041109799989499
37 0.6660589809401165 0.08953409438502243 2.0527626000111923
38 0.6510453114506759 0.08224852222498605 2.0288589000119828
39 0.6338333745423094 0.06670868936551087 2.036970300017856
40 0.6338333745423094 0.06670868936551087 2.0192897000233643
41 0.6087921718813993 0.04897730544786208 2.561013800033834
42 0.6045110438177388 0.04951348134196644 2.212894199998118
43 2.4058036795919477
-------------------------------------------------END------------------------------------------------------
-------------------------------------------Krylov LM---------------------------------------------------
414.74996578756503 419.99957581662505
203
0 360.89215611930086 369.23653840957405 2.2287201000144705
203
1 219.9540885651447 204.5127369882873 2.2028525000205263
203
2 199.3042751568216 205.73597643620508 2.227248499984853
203
3 119.11415552634465 118.0914533556178 2.2154523999779485
203
4 119.11415552634465 118.0914533556178 2.2262465999810956
5 119.11415552634465 118.0914533556178 0.0478304999996908
6 119.11415552634465 118.0914533556178 0.044552800012752414
7 57.436490895184896 54.60399690453482 0.05723340000258759
203
8 36.115902933567675 35.50135973069146 2.2133603000547737
203
9 36.115902933567675 35.50135973069146 2.2269696000148542
10 36.115902933567675 35.50135973069146 0.04754639999009669
11 18.7225753998841 19.961152297823283 0.05664049996994436
203
12 18.7225753998841 19.961152297823283 2.1946798999560997
13 8.641573249381963 8.038737014434519 0.05117300001438707
203
14 5.116750205477938 4.716498117099687 2.2195361999911256
203
15 4.54687769034045 3.799205513862371 2.1819796999916434
203
16 3.9771644880152226 3.3436839550837485 2.2161834000144154
203
17 3.9771644880152226 3.3436839550837485 2.232331699982751
18 2.5566262773869677 1.914906902240301 0.06312079995404929
203
19 2.5566262773869677 1.914906902240301 2.2391483999672346
20 1.7262571206460575 1.259296709467346 0.05450270004803315
203
21 1.7262571206460575 1.259296709467346 2.5958141000010073
22 1.5650316767137538 1.0758394383126306 0.05993650003802031
203
23 1.4184148875842555 0.9430609461622437 2.3833008000510745
203
24 1.3216626154255477 0.8088797916884459 3.8495070000062697
203
25 1.2266229848645451 0.6867833902556059 3.0838563999859616
203
26 1.2266229848645451 0.6867833902556059 2.322626300039701
27 0.9843305670532156 0.4223506704815417 0.04727350000757724
203
28 0.9128380794684808 0.33697478729048913 2.3741035999846645
203
29 0.9010588679220877 0.3176571330455824 2.28901239996776
203
30 0.9010588679220877 0.3176571330455824 2.2998513000202365
31 0.7857299681152339 0.20320506848428568 0.06280640000477433
203
32 0.7558048744834363 0.1779060441218633 2.240142599970568
203
33 0.7558048744834363 0.1779060441218633 2.241881800000556
34 0.7085780755125404 0.12866485074682169 0.04458270000759512
203
35 0.6859831518247858 0.10789163383403909 2.2257940999697894
203
36 0.6859831518247858 0.10789163383403909 2.2135246000252664
37 0.6677349194408001 0.09057801597659028 0.04615009995177388
203
38 0.6578054533735049 0.08234283854837329 2.2009843000560068
203
39 0.6489787067926297 0.07636595594264368 2.256342700042296
203
40 0.6392485078839663 0.06796366742862046 2.2216307999915443
203
41 0.628961860105894 0.05852812300903072 2.2191903999773785
203
42 0.628961860105894 0.05852812300903072 2.2017981999670155
43 0.628961860105894 0.05852812300903072 0.05607010005041957
44 0.6212607524248247 0.052119765414930824 0.05754529999103397
203
45 0.6188154635319469 0.05090706431388062 2.234817299991846
46 1.6275436714296325
-------------------------------------------------END------------------------------------------------------
------------------------------------Reduced subspace LM---------------------------------------------------
414.74996578756503 419.99957581662505
0.9991166582616194 20
0 382.4004338615661 387.53703706759654 0.0992238000035286
0.9993800251205041 20
1 335.77149643631003 340.83911313565085 0.14834509999491274
0.9994730116214456 20
2 285.0526301452332 288.89824850054384 0.1440436000120826
0.9992872820138526 20
3 249.9073783681327 251.12812463923026 0.11273019999498501
0.9880466137523652 20
0.9999999443884804 80
4 246.76456458429413 247.61747701134578 0.8555376000003889
0.9850044841682561 20
0.9999992343790715 80
5 237.77611083326087 238.54223142563131 0.8274957000394352
0.9803904752852349 20
0.9999891588843715 80
6 220.48080074373698 222.17046154847017 0.79232010000851
0.96588737841754 20
0.9999234435735422 80
7 194.9709665291557 196.2771387236172 0.7493076999671757
0.9672435558139347 20
0.9998015169411821 80
8 148.51145873831607 147.51888303231235 0.752560299995821
0.9886568959204278 20
0.9999711002958395 80
9 90.63212577176884 89.07744872187683 0.764571400010027
0.9911606820173343 20
10 35.580791949394026 35.60634531640965 0.10263470001518726
0.9028693216182836 20
0.999998765404438 80
11 27.34867357756432 27.533174018492527 0.7783550000167452
0.9462897182382759 20
0.999968355919136 80
12 22.33173152418915 22.735004766504332 0.8352823000168428
0.9868976976079854 20
0.9999981715287356 80
13 13.820015221393218 12.8171741427534 0.9770745999994688
0.9957886115006911 20
14 5.826888771995615 4.983963365332707 0.1393460999825038
0.5096373190915696 20
0.9999704933580015 80
15 3.699723176519519 2.965849415613785 0.7099035000428557
0.9835687955924555 20
0.999999508645486 80
16 3.194097822410924 2.4471865415784095 0.770825200015679
0.9896955278149331 20
0.9999993728346597 80
17 2.8944779015952156 2.148984007487523 0.7289588000276126
0.992906335204704 20
18 1.7674764176102893 1.1692171052594675 0.10630530002526939
0.4015066374552474 20
0.9999987809538095 80
19 1.602719152550642 0.9951972793728289 0.7016962000052445
0.9914053146289884 20
20 1.3980152521173983 0.8271023182882818 0.10861220001243055
0.01224616817189789 20
0.9998835130940056 80
21 1.3416667136640137 0.7733612164906553 0.6885312999947928
0.9872550152403478 20
0.9999995723847601 80
22 1.1078420409916738 0.541499993392062 0.729738499969244
0.9944167987630119 20
23 0.9946453117609603 0.39770227845073103 0.1958153999876231
0.00963271348447312 20
0.9995827023306157 80
24 0.9596606971762538 0.3743303674016761 0.7563792999717407
0.9838370033349544 20
0.9999998381994296 80
25 0.9346739778962332 0.35222756219726664 0.753327000013087
0.9929084481865789 20
26 0.8879005918628707 0.2893628582869539 0.10904889996163547
0.0010076016123209798 20
0.9972128180096448 80
27 0.8618279978642694 0.27061828483954303 0.7639720000443049
0.9910810176218953 20
28 0.8230271258954741 0.22022334880322783 0.2942944000242278
0.00048034100821136834 20
0.9969453418125436 80
29 0.7642579165112051 0.16169496554182075 0.9508437000331469
0.9558284224901274 20
0.9999994664377667 80
30 0.7280368613434264 0.13057068803698213 0.713188799971249
0.9748248857472067 20
0.9999994998675746 80
31 0.7157816435442821 0.12563171658619726 0.6786881000152789
0.9892184511921455 20
0.9999987432971363 80
32 0.6868608398047796 0.09508369258489839 0.6782027999870479
0.997537664287321 20
33 0.684392350389051 0.09526619470540981 0.1435870000277646
34 0.5340845634161335
-------------------------------------------------END------------------------------------------------------
22
-------------------------------------------Classical LM---------------------------------------------------
443.16041116740126 443.5507891612315
0 443.16041116740126 443.5507891612315 2.0269643000210635
1 236.18727005366347 229.92927017457197 2.1003996999934316
2 236.18727005366347 229.92927017457197 2.0838247999781743
3 236.18727005366347 229.92927017457197 2.097581200010609
4 201.5780041732084 196.69285581619081 2.123582600033842
5 62.377822424543716 58.644269268679835 2.031376699975226
6 62.377822424543716 58.644269268679835 2.041400199988857
7 44.88082707816276 41.42123972309627 2.083891300018877
8 33.72990302305546 34.23668458383205 2.3801146000041626
9 33.72990302305546 34.23668458383205 2.5142144999699667
10 12.857060265984892 11.648433216443744 2.0971960999886505
11 6.763125391502317 5.965733843386823 2.044385500019416
12 2.9631500537748985 2.25695000578386 2.0205803999560885
13 2.9631500537748985 2.25695000578386 2.5147347999736667
14 1.3928720767808371 0.8164533793567585 2.173289400001522
15 1.1937438242776004 0.6257619356839723 2.0612155999988317
16 1.1937438242776004 0.6257619356839723 2.0772186999674886
17 0.8602108873345616 0.2878203825603706 2.076893299992662
18 0.829970025161913 0.2670507398134114 2.030887500033714
19 0.8032748507659919 0.23994930737120448 2.0331271000322886
20 0.7414950114372297 0.16293215875836453 2.0291238999925554
21 0.7414950114372297 0.16293215875836453 2.0402684999862686
22 0.6874450972606297 0.11349795032673844 2.095637299993541
23 0.67914992373285 0.10434270869822038 2.0308469000156038
24 0.67914992373285 0.10434270869822038 2.412306100013666
25 0.6672714804377678 0.09795828680209723 2.2956635000300594
26 0.662859578826772 0.09373538051016218 2.069497100019362
27 0.662859578826772 0.09373538051016218 2.120461999962572
28 0.6551673884565468 0.08889717777743254 2.1728962000343017
29 0.6513342798416587 0.08523335715173691 2.063004399999045
30 0.6513342798416587 0.08523335715173691 2.0450919999857433
31 0.6460958041923057 0.08180252368170357 2.535507199994754
32 0.6428537159415763 0.07834422588977705 3.3059612000361085
33 0.6403978557657986 0.07543552339669758 3.7232875999761745
34 0.6338760186940035 0.07067398746642181 3.6820273000048473
35 0.6338760186940035 0.07067398746642181 2.4647357999929227
36 0.6214733389406171 0.060447895892865644 2.1764424000284635
37 0.6206002986905136 0.06079335847633419 2.117849600035697
38 2.2629865078963216
-------------------------------------------------END------------------------------------------------------
-------------------------------------------Krylov LM---------------------------------------------------
443.16041116740126 443.5507891612315
203
0 443.16041116740126 443.5507891612315 2.213976300030481
1 236.18727005470777 229.92927017558173 0.053547199990134686
203
2 236.18727005470777 229.92927017558173 2.50457390001975
3 236.18727005470777 229.92927017558173 0.07159349997527897
4 201.5780041794552 196.69285582243376 0.06414249999215826
203
5 62.37782134174225 58.64426856851427 2.7752009999821894
203
6 62.37782134174225 58.64426856851427 2.395348400052171
7 44.8808273528041 41.42124035831036 0.04704670002683997
203
8 33.729945037582866 34.236847286438824 2.5395615000161342
203
9 33.729945037582866 34.236847286438824 2.765696400019806
10 12.857334932096187 11.648600586585703 0.061917100043501705
203
11 6.763976733077735 5.96647296276604 2.2494004999753088
203
12 2.9461423040025467 2.2405020178273207 2.2554452000185847
203
13 2.9461423040025467 2.2405020178273207 3.1502258999971673
14 1.3907484786619613 0.8139991891072975 0.054780300008133054
203
15 1.1978868425418658 0.6304866890524865 3.0209742999868467
203
16 1.1978868425418658 0.6304866890524865 2.22871729999315
17 0.8597948694408376 0.2874472492089344 0.05294929997762665
203
18 0.8299262411295395 0.2671204257056142 2.2191948000108823
203
19 0.8034408491037297 0.2403587078326165 2.2093686999869533
203
20 0.7385922691286693 0.16143025248522014 2.22860709996894
203
21 0.7385922691286693 0.16143025248522014 2.2417156999581493
22 0.6892229726267417 0.11497259302904526 0.059856300009414554
203
23 0.6808454835734318 0.10561920258098209 2.2387757999822497
203
24 0.6808454835734318 0.10561920258098209 2.21722570003476
25 0.6690862253015596 0.09919678487457954 0.05523390002781525
203
26 0.6650483965764028 0.09547428708441054 2.257344000041485
203
27 0.6650483965764028 0.09547428708441054 2.235709799977485
28 0.6568619724427605 0.08999187951057372 0.057906400004867464
203
29 0.6528759534169606 0.08643102581771295 2.225766699993983
203
30 0.6528759534169606 0.08643102581771295 2.230615900014527
31 0.6476244353489977 0.08285613182430993 0.06259159999899566
203
32 0.6442526849507824 0.0793633078404477 2.2123642999795265
33 1.6415303763198226
-------------------------------------------------END------------------------------------------------------
------------------------------------Reduced subspace LM---------------------------------------------------
443.16041116740126 443.5507891612315
0.9983890955087097 20
0 405.7228301130927 407.2946001318637 0.14692899998044595
0.998782333847276 20
1 351.6329516939636 354.83370171040053 0.1418299999786541
0.9991732195044808 20
2 292.365073965513 296.5144234307624 0.09310539998114109
0.9991912796760706 20
3 250.49874610559814 250.79867048327966 0.10976980003761128
0.9783489399397193 20
0.9999998757795251 80
4 244.82109997253247 244.46203639940086 0.8620528999599628
0.9774084305139908 20
0.9999897392914273 80
5 243.6022118818952 243.1355024225658 0.8169971000170335
0.9802860372628012 20
0.9999212347816808 80
6 214.64394128660206 206.63144751614172 0.7793536999961361
0.9100092112203516 20
0.99963967390204 80
7 167.9855093362105 169.06032472246056 0.7171015000203624
0.9176643982280958 20
0.9994137115033902 80
8 83.40205701516709 81.72301754344574 0.7277357000275515
0.9664763032733774 20
0.999641622580984 80
9 31.08401425220718 30.21979936255226 0.7420810000039637
0.9848844174701534 20
0.9998970412206689 80
10 12.81283220792373 12.845722098240355 0.7787997999694198
0.9812911667399759 20
0.9998759430074953 80
11 6.8556963734864445 6.594656851337913 1.3651928000035696
0.9868793179628451 20
0.9999476295841008 80
12 4.099064083417387 3.7310918237431108 0.6984871000167914
0.9941584600276833 20
13 2.482264171948931 1.9791051326328775 0.10979269997915253
0.21499891199425641 20
0.9999304266405941 80
14 1.8896439262938847 1.4368059028137519 0.742847699963022
0.9633902220590645 20
0.9999915580980495 80
15 1.5743249890850761 1.1371630491356746 0.7353842000011355
0.9240524753269652 20
0.9999704201487444 80
16 1.4241117964875074 0.9771652401060349 0.7139249999891035
0.9728132665670316 20
0.9999904832189301 80
17 1.206938475892692 0.7301648475073141 0.7124216000083834
0.9453169152171393 20
0.9999930113685034 80
18 1.0756094996065924 0.5790118916763756 0.7056192000163719
0.9842072945287832 20
0.9999953357033072 80
19 0.962161532379203 0.4483632724943344 0.7136892999988049
0.985378268291541 20
0.9999964114072243 80
20 0.8894728905303533 0.36474833697385417 0.704058300005272
0.9871179309971423 20
0.9999974730496435 80
21 0.8401673014840584 0.3049760765762187 0.7298687000293285
0.9877099741332312 20
0.9999969007675816 80
22 0.7978866615251553 0.25840732867082317 0.7661438999930397
0.9892607054100818 20
0.9999965883352131 80
23 0.7710443111162882 0.2272436136921617 0.8034481999929994
0.9893784477981188 20
0.9999957081873371 80
24 0.7449224176644184 0.19840013328867856 1.0649680999922566
0.9913499195398433 20
25 0.7259803440044053 0.17906635255592085 0.1066574000287801
0.001924928587304749 20
0.9967030726479185 80
26 0.7132645114576941 0.16654378258025057 0.7475611999980174
0.9675744517783255 20
0.9999973469106244 80
27 0.702769882488801 0.15291739908981306 0.7570570000098087
0.9874745065728061 20
0.9999968961408613 80
28 0.6924137667876025 0.1415998731219015 0.7588280999916606
0.9891824248314179 20
0.9999973373948656 80
29 0.6831668332653897 0.13009608800295486 1.3878727999981493
0.9919293344047221 20
30 0.6764845513279882 0.12295801492426384 0.1607862999662757
0.0003468742650740008 20
0.9911816200711681 80
31 0.6697467098656417 0.11587934684284333 0.7345498999929987
0.9618418071234931 20
0.9999977538239649 80
32 0.6643733728808787 0.10823125210956999 0.730083399976138
33 0.6478384999999045
-------------------------------------------------END------------------------------------------------------
23
-------------------------------------------Classical LM---------------------------------------------------
437.6119508395821 435.84889219599586
0 424.16589750470297 417.0712203030159 2.0477922999998555
1 311.0449085410527 310.10461270226835 2.0929696999955922
2 179.76001273058293 182.5307850789929 2.0477626000065356
3 179.76001273058293 182.5307850789929 2.03221959999064
4 179.76001273058293 182.5307850789929 2.09387229999993
5 179.76001273058293 182.5307850789929 2.068179900001269
6 93.86372191551149 91.15216289140068 2.0766358000109904
7 28.617685514743492 28.55536766202111 2.2016433000098914
8 28.617685514743492 28.55536766202111 2.037491000024602
9 28.617685514743492 28.55536766202111 3.634672300016973
10 18.392664451968987 18.055676992594876 2.741999800025951
11 18.392664451968987 18.055676992594876 3.251807500026189
12 13.611435664491504 13.70910091010991 2.4418360000126995
13 9.93546332150164 9.850528703639899 2.810217799968086
14 9.071431596331813 8.757721484579465 2.905547900008969
15 6.1639874282998335 5.804690202931048 2.604051000031177
16 6.1639874282998335 5.804690202931048 3.0355656999745406
17 4.717320879197831 4.348552700041162 2.198320700030308
18 4.015283156730095 3.7946319854084267 3.295799400017131
19 3.535680726257377 3.016050205581414 2.121935900009703
20 3.535680726257377 3.016050205581414 2.014472200011369
21 2.669429410623805 2.1719529867331255 2.496663600031752
22 2.669429410623805 2.1719529867331255 2.0494190999888815
23 2.3975219720898524 1.8759033935887692 2.7121413000277244
24 2.3975219720898524 1.8759033935887692 2.82244640000863
25 2.2650844828051224 1.7411353773242617 2.429107500007376
26 2.1971410569246754 1.657296363219981 3.3640239000087604
27 2.1971410569246754 1.657296363219981 2.1732543000252917
28 2.0645093583565335 1.54093009873775 3.1511855000280775
29 2.014595395857287 1.4828722427475327 2.90897639998002
30 2.014595395857287 1.4828722427475327 2.636193700018339
31 1.8973823141758506 1.3764352369394601 2.6514103999943472
32 1.8377706097056172 1.3160139043358927 3.0295837000012398
33 1.8377706097056172 1.3160139043358927 3.126483100000769
34 1.7713235731453603 1.2506900968038925 3.5872834000037983
35 1.7138651634354396 1.1925660942212848 3.800022799987346
36 1.6632274444279982 1.1501585275078274 4.8137657000334
37 1.6632274444279982 1.1501585275078274 3.0504717999720015
38 1.5580646383047183 1.036214935146673 2.122810600034427
39 1.516104115708977 1.001935176454718 2.152243399992585
40 1.516104115708977 1.001935176454718 2.150906099996064
41 1.4315986300974521 0.90095079882574 2.448816300020553
42 1.3909652952780092 0.8690260422788606 2.1758334999904037
43 1.36039320858902 0.8518953168608423 2.1338557000271976
44 1.36039320858902 0.8518953168608423 3.1744269999908283
45 1.246582233688367 0.7226232618138743 2.1579717000131495
46 1.2074573595619387 0.6897316357216163 3.1834448000299744
47 1.166703328948967 0.6478180553428677 3.005475000012666
48 1.1055690935130176 0.5731556132075919 3.7033438999787904
49 1.1055690935130176 0.5731556132075919 2.806391699996311
50 0.9674869425205918 0.4079874765550761 2.1644741999916732
51 0.9336737455290443 0.35954641077162247 2.589575699996203
52 0.9336737455290443 0.35954641077162247 2.090361699985806
53 0.8853913059276151 0.31293367290999097 2.141364299983252
54 0.8595397533790033 0.2765287207572654 2.012636300001759
55 0.8595397533790033 0.2765287207572654 2.0011303999926895
56 0.836526466650562 0.2570019820787847 2.621641300036572
57 0.8179808086057834 0.23267498373293505 2.0578088000183925
58 0.8044496247260263 0.209092733902198 2.0122541000018828
59 0.8044496247260263 0.209092733902198 2.0307061999919824
60 0.7722871620888544 0.18440567909583672 2.037983499991242
61 0.7586166470893945 0.16652977442532946 2.028057500021532
62 0.7388581935390742 0.14657735401616878 2.0036977999843657
63 0.7245997215400359 0.14926528651537194 2.0218580000218935
64 0.7245997215400359 0.14926528651537194 2.0408983000088483
65 0.6923455852498109 0.10779621989812063 2.071008799946867
66 0.6923455852498109 0.10779621989812063 2.531597299966961
67 0.6849417531722576 0.0986840352916966 2.1284169999998994
68 0.6804456654258484 0.09542538066429636 2.038055000011809
69 2.631618866670861
-------------------------------------------------END------------------------------------------------------
-------------------------------------------Krylov LM---------------------------------------------------
437.6119508395821 435.84889219599586
203
0 424.163434584987 417.06788366600404 3.013415699999314
203
1 300.76343818021275 301.1133920178384 2.2325438000261784
203
2 162.78127449076166 161.27837385642366 2.195810499950312
203
3 162.78127449076166 161.27837385642366 2.206822100037243
4 162.78127449076166 161.27837385642366 0.0481595000019297
5 162.78127449076166 161.27837385642366 0.05930439999792725
6 97.7424813219475 99.72289587950067 0.05546349997166544
203
7 29.96430381807459 29.56935679823818 2.206337200012058
203
8 29.96430381807459 29.56935679823818 2.2037087999633513
9 27.279277302735824 27.04067737204972 0.053008100017905235
203
10 27.279277302735824 27.04067737204972 2.211915099993348
11 16.49156235284177 14.607177320638977 0.04313439998077229
203
12 16.49156235284177 14.607177320638977 2.2287146999733523
13 6.709410731300569 6.519864373599554 0.04589219996705651
203
14 6.079403554380301 5.23144825461156 2.227063599973917
203
15 4.756479518066905 4.009004768595539 2.22038449998945
203
16 4.756479518066905 4.009004768595539 2.1851986999972723
17 3.40431922431516 2.738429816255238 0.058864699967671186
203
18 2.5806874801596362 1.8581075007057701 2.212909399997443
203
19 2.5806874801596362 1.8581075007057701 2.194569399987813
20 2.5806874801596362 1.8581075007057701 0.046656600025016814
21 1.9861080647733893 1.3604880931917294 0.059987800021190196
203
22 1.6177680918212463 1.0280418242114475 2.475807500013616
203
23 1.4868880508917581 0.8868727282848133 2.9142175000160933
203
24 1.4269794473910413 0.8131227613508774 3.1056224000058137
203
25 1.15655986354593 0.5631029286290409 3.0321096000261605
203
26 1.15655986354593 0.5631029286290409 2.219743900001049
27 0.9948732932734395 0.41945764403206925 0.047743900038767606
203
28 0.9511432002222391 0.35755896618282174 2.2260534000233747
203
29 0.9141206601032825 0.34971472282283445 2.216467600024771
203
30 0.9141206601032825 0.34971472282283445 2.178745999990497
31 0.8776639755622521 0.2975033380704957 0.04684259998612106
203
32 0.8776639755622521 0.2975033380704957 2.197721900010947
33 0.7847269760199294 0.2118815000907881 0.059665000007953495
203
34 0.7847269760199294 0.2118815000907881 2.2228500000201166
35 0.7710740059596004 0.1999922007589213 0.06028639996657148
203
36 0.7623694618148171 0.19157143967766102 2.206862499995623
203
37 0.7568773072828687 0.18612505911091778 2.188215299975127
203
38 0.7568773072828687 0.18612505911091778 2.178673299960792
39 0.7390231381049229 0.1686656798048994 0.055199499998707324
203
40 0.7306836695637268 0.15990149277087512 2.1758034999947995
203
41 0.7249920196520482 0.1520297721449604 2.213761000020895
203
42 0.7151584351309497 0.1387856807741275 2.2285436000092886
203
43 0.7140019753278518 0.13845114700710365 2.2132076999987476
44 1.5948795489360024
-------------------------------------------------END------------------------------------------------------
------------------------------------Reduced subspace LM---------------------------------------------------
437.6119508395821 435.84889219599586
0.9989848165788351 20
0 400.99204250917114 400.57197944103507 0.10274890001164749
0.9993123366706747 20
1 348.4899425582065 349.644360589117 0.1395448000403121
0.9993712783970756 20
2 291.173666892699 293.7951893139801 0.10928340000100434
0.9992330613990287 20
3 248.70724016677607 250.61061560900063 0.10291349998442456
0.9929353201262661 20
4 212.69631155547654 207.98953742402588 0.10834169998997822
0.9934254792678977 20
5 152.2637640604484 147.67627644819387 0.0971074000117369
0.943304433632973 20
0.9999605213447543 80
6 150.19953242882676 146.14141571782872 0.7359899999573827
0.9921603288450251 20
7 100.28253645443407 97.59923977092753 0.10666170000331476
0.8276301268823264 20
0.9998292451811183 80
8 88.10074312322368 85.21260052701236 0.8237094000214711
0.9287051626774873 20
0.9999891201756045 80
9 83.93498508253224 85.4058514877423 0.800468200002797
0.9896141801795109 20
0.9999942765693393 80
10 47.61878398931758 45.77136876891835 1.2185257999808528
0.9929382276060135 20
11 18.410777156090695 17.320471343337736 0.17846209998242557
0.9459585434173987 20
0.9999817969533416 80
12 16.19392630551963 15.224096023224716 0.7370302999624982
0.9915163449858715 20
13 7.865765567126116 7.293111110849543 0.10430239996640012
0.5567549893104381 20
0.99999391989615 80
14 5.097408888830568 4.6431722075935795 0.6832375000230968
0.9690829215371507 20
0.9999979323350554 80
15 3.475027130617491 3.0029637545343557 0.7388909999863245
0.9506100666844047 20
0.9999958496888133 80
16 2.5256194403015297 1.9293984915559914 0.7424004000495188
0.9755205108201866 20
0.9999979331148617 80
17 1.9071670525710356 1.3283642967046763 0.7181496000266634
0.9944294463941171 20
18 1.3434269486529333 0.7529312835108439 0.10162840003613383
0.04904674527673475 20
0.9999825512418854 80
19 1.1962051489948526 0.6181935658095098 0.7395968000055291
0.940341886404785 20
0.9999966550484809 80
20 1.0334131222770704 0.45100223150515273 0.7305815999861807
0.9935594065210291 20
21 0.9319677244683535 0.33119314721176796 0.09275419998448342
0.032269984542209605 20
0.9999753811458306 80
22 0.8787963426376609 0.2820272851541969 0.8142048000008799
0.9900074424904867 20
23 0.8503203333580405 0.2511110026737593 0.1439323999802582
0.0031267442084445514 20
0.9998526012405643 80
24 0.8080912086834176 0.2163253149347106 1.4308575000031851
0.9729190956234127 20
0.9999995065293802 80
25 0.7751217651744859 0.18226762505142946 0.7291937000118196
0.9946614423687568 20
26 0.7614626520432525 0.174407575263624 0.10879720002412796
0.00018854438173229835 20
0.9981213600796606 80
27 0.7416760003116665 0.15275945836264046 0.7372523999656551
0.983079385316216 20
0.9999995479534078 80
28 0.7258369909097002 0.13779384643629305 0.7207387000089511
0.9912782957029252 20
29 0.7219355832657822 0.13674079585876406 0.09243640000931919
6.923220235085247e-05 20
0.9987034972673292 80
30 0.708929785930306 0.1214086682904338 0.7273126000072807
0.971222781934656 20
0.9999995153229561 80
31 0.6997044409315633 0.11527984693151337 0.701068100053817
0.9789683862946784 20
0.9999946588079551 80
32 0.6814566676950017 0.09560336725584184 0.6988371000043117
0.9930739816550863 20
33 0.6799804285332277 0.09480777422346037 0.14402770000742748
34 0.5929131685191317
-------------------------------------------------END------------------------------------------------------
24
-------------------------------------------Classical LM---------------------------------------------------
413.0888407134192 417.4367197998627
0 345.00110507510254 337.77155302671065 2.530842699983623
1 345.00110507510254 337.77155302671065 2.3017782000242732
2 345.00110507510254 337.77155302671065 2.1383723000180908
3 244.92732155137332 243.136520946407 2.186671399977058
4 113.26284618949417 105.5174174378528 2.1203985000029206
5 93.77477493072399 94.15201365144435 3.028898200020194
6 93.77477493072399 94.15201365144435 2.428263899986632
7 93.77477493072399 94.15201365144435 2.7803887999616563
8 32.13619464935101 30.654827353225834 2.172137000015937
9 32.13619464935101 30.654827353225834 2.1342927000368945
10 14.162221499806305 14.13476866727729 2.087894600001164
11 5.808807599479133 5.38850450275649 3.187672200030647
12 5.808807599479133 5.38850450275649 2.626461800013203
13 3.3900743541473477 2.8789749208516286 2.110497700050473
14 2.6694199502201292 2.1775196043575504 2.9995557999936864
15 2.052980060622323 1.5385685171421108 3.835706499987282
16 2.052980060622323 1.5385685171421108 2.47638820001157
17 1.3296736821777362 0.8022093586006563 4.504378099984024
18 1.1401418356962492 0.5985329481166318 4.392252199992072
19 1.1401418356962492 0.5985329481166318 2.6815952000324614
20 0.940706480292522 0.38995143304288277 3.117958799994085
21 0.8684858252183634 0.30420967771663115 3.2438815999776125
22 0.8430434095976478 0.26582995622253636 2.699941100028809
23 0.7511766691038935 0.1776391876574363 2.8531871999730356
24 0.7505868342222204 0.18827221457950327 2.8521229999605566
25 0.7447567765885811 0.1850158650071936 3.064635999966413
26 0.6705264447360357 0.11598896935409485 2.0298598000081256
27 0.6705264447360357 0.11598896935409485 2.0169214999768883
28 0.5994619914330278 0.04320429550903207 3.266591999970842
29 0.5994619914330278 0.04320429550903207 2.169057800027076
30 0.5959712735338242 0.040692308509077006 3.2181769000017084
31 2.7644587060609465
-------------------------------------------------END------------------------------------------------------
-------------------------------------------Krylov LM---------------------------------------------------
413.0888407134192 417.4367197998627
203
0 345.0005147602873 337.77122410492746 2.6661366999614984
203
1 345.0005147602873 337.77122410492746 2.1835229999851435
2 345.0005147602873 337.77122410492746 0.04640369996195659
3 244.93527944428135 243.14587485851777 0.06094029999803752
203
4 113.2284317655023 105.48021461510862 2.205188399995677
203
5 92.77160773652575 93.1301038670162 2.201211800042074
203
6 92.77160773652575 93.1301038670162 2.453174200025387
7 92.77160773652575 93.1301038670162 0.05800030002137646
8 31.349743827045742 29.880377389189828 0.0586716000107117
203
9 31.349743827045742 29.880377389189828 2.213681199995335
10 12.918496331440265 12.84506503989378 0.046493500005453825
203
11 5.688487390558381 5.2399470904288625 2.201799500035122
203
12 4.994710255136576 4.528511534404215 2.228034999978263
203
13 4.994710255136576 4.528511534404215 2.20754480001051
14 2.217840277754755 1.7205868861475346 0.062017599993851036
203
15 1.8820366122768253 1.3719461103506205 2.2288297999766655
203
16 1.811500030086634 1.2501517509395343 2.20747590000974
203
17 1.6629280329831315 1.0716459326596617 2.2089849000331014
203
18 1.4324379788611175 0.840722586085508 2.1957263000076637
203
19 0.7924950356505891 0.2117438326867887 2.2067689999821596
203
20 0.7829021688833472 0.1935959611440869 2.215255299990531
203
21 0.6800775881721837 0.1109683667241678 2.206369499966968
203
22 0.6561627306036609 0.08716458960850837 2.2299500000081025
203
23 0.6335246743229265 0.07627922464106154 2.2409981000237167
203
24 0.6221106020816812 0.061816510172924284 2.198866299993824
203
25 0.6115313662343735 0.055643564643602136 2.222783100034576
203
26 0.6094899005666049 0.05236000650122546 2.354427799989935
203
27 0.6040930246523021 0.04888875358372054 2.7049481999711134
203
28 0.603242468976143 0.04793732195927965 2.6468119000201114
203
29 0.6010785682881297 0.04660492245126961 2.2291968999779783
203
30 0.5997466356563994 0.045775068393777256 2.2260657000006177
203
31 0.5991751508163068 0.045332388496980444 2.2278237999998964
32 1.8638782531252218
-------------------------------------------------END------------------------------------------------------
------------------------------------Reduced subspace LM---------------------------------------------------
413.0888407134192 417.4367197998627
0.9988623112214658 20
0 380.8860542731951 385.0390336912719 0.10195570002542809
0.9992537810179895 20
1 334.6621630197519 338.5259742970072 0.10139339999295771
0.9995023399947945 20
2 285.2749926833434 288.8627834133602 0.14819729997543618
0.999439499649233 20
3 251.88019801915186 253.03754714191774 0.12777820002520457
0.9885502071081052 20
0.9999999188976889 80
4 224.19711199323177 220.97683172468882 1.6226380000007339
0.8307837808427562 20
0.9970094385807666 80
5 133.61743276489418 131.35733354944523 0.7544416000018828
0.8883960877520866 20
0.9983230662260265 80
6 91.89896893948531 92.49301853273113 0.777814400033094
0.9648808096884258 20
0.999784794544072 80
7 56.9694304546603 58.138165484481156 0.7281234000110999
0.9867600617252063 20
0.9999678211652062 80
8 16.267699978934658 16.70831922813315 0.6705873999744654
0.9795188829421093 20
0.9999814562589807 80
9 13.405312254841375 12.992295068739391 0.6610560999833979
0.9967793832858435 20
10 4.48744097487236 3.944181863470405 0.11467839998658746
0.8168840996306275 20
0.9999972899078813 80
11 2.8850143293715136 2.2863701810854082 0.7273987999651581
0.9787471105863285 20
0.9999977863942714 80
12 2.130217490808914 1.58854648898377 0.8513486000010744
0.982099370862571 20
0.9999898395005995 80
13 1.6928846822966996 1.1719907483038254 1.0655750000150874
0.9891242913302594 20
0.999995603521681 80
14 1.5780396791153013 0.9914084435296925 0.6711344999494031
0.9915264878075462 20
15 1.1547730902846367 0.5368492347991529 0.10900340002262965
0.11204270334439528 20
0.9999857084259274 80
16 1.0510179255971743 0.49465521331053197 0.6693105000304058
0.9880086106338497 20
0.999995681675622 80
17 0.9723319578906398 0.41543222796280393 0.7879866999574006
0.9924426052424373 20
18 0.865667473765274 0.297937763925429 0.09788020001724362
0.005821138395800633 20
0.9990739069219757 80
19 0.7962994275621175 0.23163954103788528 0.8342256000032648
0.9103924785187593 20
0.9999988799345622 80
20 0.7501164216875535 0.18461482917561095 0.7068442999734543
0.9845020725971454 20
0.9999988565791978 80
21 0.7145710246552142 0.14485833286185817 0.7283174999756739
0.9932007782936306 20
22 0.7041189730062158 0.13373327897896337 0.09989850001875311
0.00047355947633644107 20
0.9982172500902475 80
23 0.6870478607528883 0.11753732765783624 0.7710991000058129
0.974294675339025 20
0.9999988863819337 80
24 0.6812586398170631 0.10905030926836344 0.7286018000449985
0.9842591817216847 20
0.9999976453962817 80
25 0.6679384789110516 0.10006426615006317 1.3794286000193097
0.9814762882030835 20
0.9999990928541116 80
26 0.650320548803559 0.08144973162230364 1.0298226999584585
0.9831882739206934 20
0.9999994027429129 80
27 0.6457004099753593 0.07850585127317511 0.6891273999935947
0.9822835810071129 20
0.9999991567834277 80
28 0.6391096599179471 0.07109005988132913 0.711773999966681
0.9335403554415038 20
0.9999986552717626 80
29 0.63517096533334 0.06825054667900335 0.7719890999724157
0.9775153435807722 20
0.9999991698192566 80
30 0.6311858370727906 0.06442875270700771 1.0827883000019938
0.914545994243403 20
0.9999896159261233 80
31 0.628273296013206 0.06157760084086347 0.6795031999936327
32 0.6854275279044888
-------------------------------------------------END------------------------------------------------------
25
-------------------------------------------Classical LM---------------------------------------------------
395.21335495220484 399.0164727076276
0 370.6722598100078 384.1755803851342 1.8373149000108242
1 214.9939573338893 202.1306590153241 3.4442942999885418
2 119.54757141546216 115.70508416263787 2.035611199971754
3 119.54757141546216 115.70508416263787 2.0265485999989323
4 58.493120972330054 59.56288211413606 2.1060246999841183
5 58.493120972330054 59.56288211413606 2.323527999978978
6 58.493120972330054 59.56288211413606 2.0607103000511415
7 34.69971988338462 34.87389275703794 3.107385899988003
8 34.69971988338462 34.87389275703794 2.09476020000875
9 27.986024345887184 28.636775631191608 3.1006088000140153
10 24.416810898088926 23.46076594499581 3.03756309999153
11 24.416810898088926 23.46076594499581 3.054592499975115
12 24.416810898088926 23.46076594499581 2.1322648999630474
13 16.209445785661437 16.227919530538614 2.109341299976222
14 6.448873642306108 6.5233287935898385 2.0404219000483863
15 6.448873642306108 6.5233287935898385 2.113522599975113
16 4.991615607336571 4.980419245364851 2.1016398000065237
17 4.170380978566983 4.024776156953899 2.0644314999808557
18 3.5875205879425596 3.321564700110126 2.1198954000137746
19 3.1987468467468854 2.787812224587098 2.075806399981957
20 3.1987468467468854 2.787812224587098 2.037036599998828
21 2.530427057608329 2.1292032935240446 2.0991910999873653
22 2.530427057608329 2.1292032935240446 2.0268812000285834
23 2.1999567855932116 1.7365902236556234 2.0787960999878123
24 2.1999567855932116 1.7365902236556234 2.035765499982517
25 1.9820827740425149 1.4920596967844058 2.95039650000399
26 1.893724611688684 1.3846726863706533 2.044034799968358
27 1.779528809562399 1.2569047655684422 2.114401899976656
28 1.6123792015112235 1.0785319280896621 2.029349899967201
29 1.6123792015112235 1.0785319280896621 2.4441687999642454
30 1.4791768193530865 0.9396848645097138 2.87410259997705
31 1.4023019804125083 0.8611335465669365 2.812768600007985
32 1.4023019804125083 0.8611335465669365 2.00841260002926
33 1.311726307217361 0.7477093841633649 2.9241177000221796
34 1.311726307217361 0.7477093841633649 2.9990030000335537
35 1.2734683828426572 0.7019738571538722 2.157877899997402
36 1.2734683828426572 0.7019738571538722 2.1653249000082724
37 1.2149007860193044 0.6499486741282408 2.0930589999770746
38 1.1805641028582534 0.6129538857057876 2.076819500012789
39 1.135005732964436 0.5670281552693257 2.046708000008948
40 1.0933393012004464 0.5256806608970018 2.084024399984628
41 1.0557872348009356 0.48774117060209415 2.1409180000191554
42 1.0116478713206571 0.4411115378459179 3.1734200000064448
43 0.9268667101244901 0.3471873927717805 3.0095249000005424
44 0.9268667101244901 0.3471873927717805 2.8544753000023775
45 0.8653459641476111 0.2845363255391107 2.140725900011603
46 0.8653459641476111 0.2845363255391107 2.362503599957563
47 0.846473768298615 0.26469693216387596 2.0451395999989472
48 0.8414045777222089 0.25631639589354943 2.043857400014531
49 0.8414045777222089 0.25631639589354943 2.0448442000197247
50 0.8204596324958886 0.23856905165821468 2.084656900027767
51 0.8121527810839108 0.22771784243318668 2.0130248999921605
52 0.8121527810839108 0.22771784243318668 1.9960407000035048
53 0.7987613150394717 0.2168741306630064 2.0659420000156388
54 0.7891736114669479 0.20477497719490786 2.0369918000069447
55 0.7891736114669479 0.20477497719490786 2.0433297000126913
56 0.7773645195461962 0.19562787331300005 2.084064299997408
57 0.7673270217057546 0.1843358762371758 2.024947500030976
58 0.7673270217057546 0.1843358762371758 2.534455400018487
59 0.7562773111396618 0.17714807186644793 3.1608108999789692
60 0.7474852045151098 0.16850784545202674 2.633098699967377
61 0.73758985967056 0.15935749068856478 2.5125599000020884
62 0.7188772332736904 0.14388914922704804 2.4965643999748863
63 0.7034553206144545 0.1278299438392771 2.876882700016722
64 0.7034553206144545 0.1278299438392771 2.5016928000259213
65 0.6877285954845235 0.11357738597044556 2.0899426000542007
66 0.6815952791994881 0.1083334113884168 2.0145376000436954
67 0.6815952791994881 0.1083334113884168 2.02128010004526
68 0.6729993431546402 0.10029836038646102 2.0945781999616884
69 0.6692646726177536 0.09676970020547901 1.9954023000318557
70 2.313051036620532
-------------------------------------------------END------------------------------------------------------
-------------------------------------------Krylov LM---------------------------------------------------
395.21335495220484 399.0164727076276
203
0 370.67344830913345 384.1767499768473 2.193628399982117
203
1 216.4402910304836 202.62598499219868 2.186955699988175
203
2 97.1019190231548 96.0725054934849 2.2112418999895453
203
3 74.48287263286957 70.34046669253202 2.1634829999529757
203
4 31.90734135457699 31.379256817683324 2.218410399975255
203
5 28.007567746144918 27.611345496513977 2.209573999978602
203
6 28.007567746144918 27.611345496513977 2.196963499998674
7 28.007567746144918 27.611345496513977 0.04914230003487319
8 28.007567746144918 27.611345496513977 0.0457948999828659
9 27.038174125189542 27.11334746458567 0.05127799999900162
203
10 27.038174125189542 27.11334746458567 2.20121410000138
11 27.038174125189542 27.11334746458567 0.05513190000783652
12 19.035405990990494 18.859094396286753 0.04535879998002201
203
13 15.852088340740224 15.981268312747945 2.20580700004939
203
14 5.610840306632827 5.109378179156911 2.2013295999495313
203
15 5.610840306632827 5.109378179156911 2.193747200013604
16 5.420821303098559 4.615867630265595 0.05933779996121302
203
17 3.081855013722999 2.508332330560633 2.190850400016643
203
18 2.0696029680354657 1.5538430357022772 2.192972999997437
203
19 2.0696029680354657 1.5538430357022772 2.2819058999884874
20 2.0696029680354657 1.5538430357022772 0.061417800025083125
21 2.0696029680354657 1.5538430357022772 0.044770500040613115
22 1.2824828316870471 0.7250285410518186 0.058079599984921515
203
23 0.9823657180762668 0.42031622112998684 2.2960899000172503
203
24 0.9207364665457484 0.36425834100197024 2.206192600016948
203
25 0.8679191774348738 0.28177948471674835 2.28584739996586
203
26 0.8679191774348738 0.28177948471674835 2.601341000001412
27 0.7970745707988753 0.22358418257993776 0.06948089995421469
203
28 0.7743812159211486 0.19633236698157502 2.69130760000553
203
29 0.7546197897646149 0.18502106717226155 2.300326300028246
203
30 0.7546197897646149 0.18502106717226155 2.2254842999973334
31 0.7300547259331089 0.15756786582122737 0.05482049996498972
203
32 0.7156409250824202 0.1468921611446838 2.2536051999777555
203
33 0.7156409250824202 0.1468921611446838 2.226449200010393
34 0.7006218461118515 0.1285786698064515 0.0631891000084579
203
35 0.6890827118667279 0.11816307844608187 2.2330111999763176
203
36 0.6888925322442515 0.11656890705881842 2.2069716000114568
37 1.5414192567522813
-------------------------------------------------END------------------------------------------------------
------------------------------------Reduced subspace LM---------------------------------------------------
395.21335495220484 399.0164727076276
0.9986816633242923 20
0 366.17186902673683 370.3751253165817 0.10389050003141165
0.9988325517238718 20
1 324.84954423455736 329.33948605296325 0.10661520005669445
0.9990248296333134 20
2 279.96403435590094 284.0825239851768 0.11164419999113306
0.9989558195340987 20
3 248.92074004446138 248.9624417644089 0.11310040001990274
0.9496036874710526 20
0.9999877677975352 80
4 245.49380646126875 244.9485947063524 0.8698877000133507
0.9615633652377658 20
0.9999299026446171 80
5 231.80358238936924 231.7666287815155 0.741572399972938
0.6996643384587253 20
0.980557343175492 80
0.9954835920715845 140
6 108.37152426908237 111.50423181200908 1.5404435000382364
0.7667436141924355 20
0.9935866176955274 80
7 37.43481397783567 37.47960669344212 0.6991057000122964
0.7822398992419857 20
0.9966448507554992 80
8 32.247004011096735 32.198821187291294 0.7058392000035383
0.9645523255100534 20
0.999794926280129 80
9 13.724819438863063 13.741130678940594 0.7348078000359237
0.9778378053540001 20
0.9999540732530985 80
10 11.01414293432746 10.948067259394648 0.7401538999984041
0.9814069061280859 20
0.9999890485694743 80
11 7.169165920471348 7.000250514510466 0.7242090000072494
0.9835860956691068 20
0.9999964055622247 80
12 5.598974328236162 5.356062041697288 0.7194089999538846
0.9933447044433797 20
13 4.821348221434686 4.752776214591928 0.10534469998674467
0.10434179247053199 20
0.999977635293371 80
14 4.1396082753795636 3.9024497528313202 0.8371815000427887
0.9827951054226689 20
0.9999982053059422 80
15 3.537182542942754 3.102422118947783 0.9900122000253759
0.9978598779622109 20
16 3.176478081087395 2.761152367813067 0.09794450004119426
0.15322313421337677 20
0.9999937692198602 80
17 2.8301943753257133 2.4685222490327385 0.6844396000378765
0.9961210926631903 20
18 2.750145387237187 2.3980984012968003 0.11564660002477467
0.014800255964804537 20
0.9999625705851214 80
19 2.5797146528917962 2.1954918715358316 0.7198676000116393
0.9973876464703245 20
20 2.554973093019768 2.166843769179769 0.09364090004237369
0.004001845895019491 20
0.9998255174934156 80
21 2.4583897575389537 2.0864477208356123 0.7275012000463903
0.9960724477511171 20
22 2.359721481487376 1.950335467556377 0.11726559995440766
0.01215899788147269 20
0.9999394486844396 80
23 2.2744147968490798 1.8564925588486207 0.8624970999662764
0.9928759067872327 20
24 2.2594875160848504 1.8392450856289597 0.142349700035993
0.00040541276810162886 20
0.9985792413122832 80
25 2.164818559001364 1.7331410773213038 0.7721729000331834
0.9936035643203501 20
26 2.149154901122726 1.7199003959235297 0.10912189999362454
0.000492840285366941 20
0.9982853347435842 80
27 2.0502017317195333 1.599726443173385 0.756678500038106
0.9952104533538996 20
28 2.034506457419411 1.590870858604761 0.10134330001892522
0.00046494793120287247 20
0.9979824271629503 80
29 2.0016111428662895 1.5154259688999665 0.7271571000455879
0.998550716190666 20
30 1.8527218944686243 1.38424437921615 0.11124779999954626
0.0368360179172869 20
0.9999734807595749 80
31 1.7692758699717284 1.2858984909719922 0.8244772999896668
0.9936182907921502 20
32 1.7124736148709978 1.2268767639208105 0.16927700000815094
0.0046741947006280855 20
0.9997637080584767 80
33 1.608959487905803 1.1130000902838293 0.758478700008709
0.9871739665435465 20
0.9999974622931993 80
34 1.5005771826199308 0.9961153271085361 0.9846463000285439
0.9863958067533214 20
0.9999990645527209 80
35 1.4202555679964284 0.8898274942464878 0.7234288000036031
0.9809496344149012 20
0.999999170423349 80
36 1.3299684525821363 0.7814610996006304 0.6972966999746859
0.9906794671743419 20
37 1.2270489150785584 0.7230762115737217 0.15213229996152222
0.004198315102141235 20
0.9997316386751902 80
38 1.1654563367020347 0.6613622238437239 0.6848504999652505
0.9460880163497705 20
0.9999990560544345 80
39 1.13839162316116 0.6366279050722361 0.6864516000496224
0.9954599997936663 20
40 1.1214510114718979 0.6201712997729487 0.10446659999433905
0.001954406138560533 20
0.999234138264257 80
41 1.0986539982064516 0.6011093616514945 0.8964633999858052
0.9919014152079078 20
42 1.0932796930756292 0.5975593459616327 0.10810479999054223
0.0003066589658274987 20
0.996748835226605 80
43 1.0844433698819542 0.5727803410385984 0.7021550000063144
0.9925700668045975 20
44 1.0722506498500823 0.5576085446903362 0.14437950000865385
0.0007169970295390171 20
0.9989194496530648 80
45 1.0719966838804593 0.5670599129942562 1.046384899993427
46 0.5361974913141002
-------------------------------------------------END------------------------------------------------------
26
-------------------------------------------Classical LM---------------------------------------------------
397.6239064766027 398.2183016096498
0 216.10077238200083 213.4763199305003 2.3489036000100896
1 216.10077238200083 213.4763199305003 2.626673400052823
2 138.3483640679243 137.46396281344866 3.081890600034967
3 138.3483640679243 137.46396281344866 2.7444269999978133
4 138.3483640679243 137.46396281344866 2.5038531000027433
5 83.9445960910466 89.72003398597172 2.192175399977714
6 48.6320482674942 49.91768898269157 2.1076595000340603
7 48.6320482674942 49.91768898269157 2.799711900006514
8 18.994369465107393 18.045698593752103 2.1094824000028893
9 18.994369465107393 18.045698593752103 2.103108900017105
10 9.258797321005654 8.716247608146267 2.0689585999934934
11 4.671224854377327 4.4405299861934235 2.0462390999891795
12 4.671224854377327 4.4405299861934235 2.0556404999806546
13 2.996753358069962 2.485062099070987 2.1018673999933526
14 2.3061685958710485 1.8029034630390768 2.0402643000124954
15 2.3061685958710485 1.8029034630390768 2.0690539000206627
16 1.9437603380863242 1.4120709212743772 2.111577599949669
17 1.6867628832434165 1.1240320172802862 2.06706440000562
18 1.5413753885927612 0.958057724377947 1.9929255000315607
19 1.4882248661770199 0.895098614022941 2.057202199997846
20 1.314572390738557 0.8012813736773005 2.058296100003645
21 1.314572390738557 0.8012813736773005 2.0477350000292063
22 0.8270863206012753 0.2737486153606285 2.086845199984964
23 0.8270863206012753 0.2737486153606285 2.0254237999906763
24 0.7643093192908663 0.2114272403280194 2.0922136000008322
25 0.7344658119637796 0.18447726735929096 2.0462540999869816
26 0.7204654358447931 0.17641102141390214 2.001219400030095
27 0.6758718855251757 0.12510482555504215 2.037598600029014
28 0.6758718855251757 0.12510482555504215 2.0495574000524357
29 0.6672707485861319 0.1115123507847415 2.0761643999721855
30 0.6333531869845691 0.0760853050268793 1.9929258999763988
31 0.6206646825840647 0.06643185210440626 2.0406838999479078
32 0.6206646825840647 0.06643185210440626 2.013978299975861
33 0.6106160210294078 0.05545201704301873 2.0737785000237636
34 2.3489818217437817
-------------------------------------------------END------------------------------------------------------
-------------------------------------------Krylov LM---------------------------------------------------
397.6239064766027 398.2183016096498
203
0 216.1008891301005 213.476450186211 2.2027501000557095
203
1 216.1008891301005 213.476450186211 2.242198300024029
2 138.4666905303174 137.6356533064238 0.04561710002599284
203
3 138.4666905303174 137.6356533064238 2.323647900018841
4 138.4666905303174 137.6356533064238 0.06625060003716499
5 84.03998351549168 89.83252410091353 0.06226920004701242
203
6 48.820523763524974 50.1221322492783 2.3827439000015147
203
7 48.820523763524974 50.1221322492783 2.4116064999834634
8 18.817500226346848 17.84642181863146 0.07144459994742647
203
9 18.817500226346848 17.84642181863146 3.0163140000076964
10 9.157422365845818 8.62306841142811 0.04981409996980801
203
11 4.6480038080405 4.411056326126893 3.7584733000257984
203
12 4.6480038080405 4.411056326126893 4.389554499997757
13 3.0258343838709214 2.5041556653024237 0.06265819998225197
203
14 2.311033426409223 1.8053523168433412 5.156706099980511
203
15 2.311033426409223 1.8053523168433412 5.070077100011986
16 1.9505424385292205 1.4244047564978426 0.0944749999907799
203
17 1.689616522587341 1.1316025254607556 3.107462999993004
203
18 1.564062854196687 0.9807975542649445 2.6552202999591827
203
19 1.5485923690314787 0.9564658740127515 2.4854731999803334
203
20 1.3800952645255726 0.8831732957485143 2.238690999976825
203
21 1.3800952645255726 0.8831732957485143 2.3384402000228874
22 0.9152920052978245 0.3721458169704662 0.0669491000007838
203
23 0.9152920052978245 0.3721458169704662 2.3474437999539077
24 0.7680379041460602 0.21075639347884456 0.07260620000306517
203
25 0.7559894420589558 0.20530954034282717 2.1832619999768212
203
26 0.7250105530291914 0.17790314503265953 2.211991999996826
203
27 0.7250105530291914 0.17790314503265953 2.2038047999958508
28 0.6767693740943334 0.12330816706848155 0.05399829999078065
203
29 0.6767693740943334 0.12330816706848155 2.1755252999719232
30 0.6571143780037475 0.10081286814155274 0.05466989998240024
203
31 0.6515505711436861 0.09326644682335301 2.5011924999998882
203
32 0.642005996009728 0.07996564769084674 2.271632799995132
203
33 0.6310817758672088 0.06641209122031444 2.209636599989608
203
34 0.6255280254919372 0.06009129906916777 2.1911734999739565
203
35 0.6209612842187722 0.05688979587246381 2.214625900029205
36 1.8876272477249254
-------------------------------------------------END------------------------------------------------------
------------------------------------Reduced subspace LM---------------------------------------------------
397.6239064766027 398.2183016096498
0.9984814966321848 20
0 368.725549192846 369.76873524278784 0.1159895000164397
0.9987829649342991 20
1 327.187252092268 329.1148044605456 0.10097460000542924
0.9990178686504827 20
2 282.3076360073853 285.09938332863675 0.18809980002697557
0.9989390798984824 20
3 250.67784253346454 250.692995381478 0.16033459996106103
0.9583983907239738 20
0.9999959023797602 80
4 249.85768407193785 250.73896193038166 0.855428499984555
0.972147677939964 20
0.9999637367093172 80
5 237.42926726182384 231.54989989292704 0.7582285000244156
0.8685299699875068 20
0.9985969525121771 80
6 128.08856514334738 127.38424043947592 0.6818623000290245
0.7574293501435413 20
0.9947926170920646 80
7 65.72148075445124 64.30764446294867 0.663023000000976
0.8154819306030798 20
0.9957487350529897 80
8 34.81469591420949 35.01204241633371 0.679790000023786
0.9295813698270592 20
0.9990962987035356 80
9 13.737369961530588 14.099332707725855 0.6596228000125848
0.9455994182594798 20
0.9999210015098116 80
10 8.078396694376236 7.758258176142126 0.7171099000261165
0.9330333304136497 20
0.9999731574185089 80
11 5.8181342669973475 5.639343781112328 1.0107691999874078
0.9840204043798217 20
0.9999927499919901 80
12 4.6457720567947 4.017872087102742 1.0475100000039674
0.9920813679428853 20
13 2.6510456836839755 2.239977667723785 0.10712170001352206
0.044493865393939284 20
0.9994104098401714 80
14 2.131017684465924 1.7518699134254287 0.6805648999870755
0.9940825178808396 20
15 1.7506212131931578 1.378386562524498 0.11067740002181381
0.040894735185187624 20
0.9998915144855857 80
16 1.479641529160959 1.0677641122806854 0.7225758000276983
0.9780779514079823 20
0.9999806670298403 80
17 1.2882660990654495 0.8415728266583328 0.6732116000493988
0.9871928195330706 20
0.9999873357446941 80
18 1.1337667473850905 0.6463195296808671 0.6837735999724828
0.9965582250215911 20
19 1.0737994103738038 0.5800680225120778 0.142139200004749
0.0011631373211413965 20
0.9822399927650693 80
0.9993844829640739 140
20 0.9900915830534974 0.48684722244045014 2.143657999986317
0.9962097822038724 20
21 0.9545779006059127 0.445447703929671 0.09626459999708459
0.0004174302282368299 20
0.9823554327901785 80
0.9994946663112576 140
22 0.8856887100324394 0.36451531832105644 1.6213453999953344
0.985957666860139 20
0.9999967722174834 80
23 0.8259698567127365 0.30587809538642646 0.6809929999872111
0.9867098071000154 20
0.9999962831889044 80
24 0.7964134572167997 0.26119357520689424 0.690943600027822
0.9724534917935829 20
0.9999960715787869 80
25 0.7736653720088389 0.23742460192161835 0.6658260999829508
0.9903717695722685 20
26 0.7703960333366565 0.23398314252561783 0.10345980001147836
5.1169731912383156e-05 20
0.9857084134936822 80
0.9995053932759478 140
27 0.7386109895246483 0.19572214150548312 1.666456900013145
0.9955972908086721 20
28 0.7314541504361849 0.1874457141976094 0.112756599963177
0.0003128748063889322 20
0.9925545850153561 80
29 0.7182891408607059 0.16809644143789365 0.9566784999915399
0.9839422431208457 20
0.9999985212397502 80
30 0.7095479937850189 0.15753262177815597 0.6776667999802157
0.9893129747113862 20
0.9999981464096792 80
31 0.6990093969102991 0.1439690612819215 0.6667872999678366
0.9737289034712945 20
0.9999974794868894 80
32 0.6923772270147203 0.13577464715179963 0.693693200009875
0.9887682745062208 20
0.9999982016367185 80
33 0.6847771358252592 0.12721269267076782 0.6862868999596685
0.9699743928146031 20
0.9999976086224834 80
34 0.6793428256448708 0.12041080154178921 0.7390851000091061
0.9834221390230556 20
0.9999982579480988 80
35 0.6737139542687854 0.11426359795481396 0.6965695999679156
0.9758639219535858 20
0.999997794015468 80
36 0.6692578628088239 0.10923407442061603 0.9614745000144467
37 0.6906376649123175
-------------------------------------------------END------------------------------------------------------
27
-------------------------------------------Classical LM---------------------------------------------------
430.5210144238466 430.1029988855319
0 317.5365379956741 306.6770330552196 2.0149268000386655
1 285.74007526981035 296.47255412722075 2.0061300999950618
2 169.19630123142105 166.54305246372434 2.025575599982403
3 169.19630123142105 166.54305246372434 2.3065503999823704
4 130.82744569131867 126.4012897988331 2.229128100036178
5 130.82744569131867 126.4012897988331 2.085298700025305
6 98.28743297371688 101.62909981903162 2.0704290000139736
7 76.01388014820269 72.35202460187807 2.066774400009308
8 76.01388014820269 72.35202460187807 2.0462749000289477
9 76.01388014820269 72.35202460187807 3.853672600002028
10 76.01388014820269 72.35202460187807 2.0827365000150166
11 18.83427569947354 18.736867546153498 2.085973399982322
12 18.83427569947354 18.736867546153498 2.040818199981004
13 11.436867645699857 11.309973686802687 3.482918800029438
14 7.1849146538147615 7.16716549099778 3.68776290002279
15 6.712649029092277 6.046760010628447 3.523896500002593
16 6.712649029092277 6.046760010628447 3.1449719999800436
17 3.839827152018086 3.465863791999683 2.109121000044979
18 3.839827152018086 3.465863791999683 2.0889681999688037
19 2.9687829253425946 2.453028046566359 2.063929600000847
20 2.6206126182038396 2.057445770248976 2.0486809999565594
21 2.354802097696924 1.6529245395848329 2.0362681999686174
22 2.354802097696924 1.6529245395848329 2.088933499995619
23 1.8278114475917246 1.2185743843423313 2.1149024999467656
24 1.6265324442090427 0.9899132723320886 2.043793899996672
25 1.3671255915525937 0.7769884840040461 2.0080735000083223
26 1.1194400785093868 0.5317002829396761 2.04160719999345
27 1.047855120868852 0.47186000342748846 2.039146499999333
28 1.047855120868852 0.47186000342748846 2.0397667000070214
29 0.7877313569607837 0.208397045277698 2.0906739000347443
30 0.7874584782452404 0.20480588031507366 2.1014243999961764
31 2.311907387098237
-------------------------------------------------END------------------------------------------------------
-------------------------------------------Krylov LM---------------------------------------------------
430.5210144238466 430.1029988855319
203
0 317.5396703550935 306.68052918726374 2.2035707000177354
203
1 281.5435340092534 291.59762798949413 2.2153677999740466
203
2 145.55690370777452 141.72196041825478 2.2488271999754943
203
3 60.96398959328984 59.62196410706989 2.300012399966363
203
4 60.96398959328984 59.62196410706989 2.4720679000020027
5 60.96398959328984 59.62196410706989 0.04195719998097047
6 60.96398959328984 59.62196410706989 0.039871999993920326
7 42.53729115919013 42.612544274636434 0.044871299993246794
203
8 41.94375073867102 38.75290486591837 2.8060656000161543
203
9 41.94375073867102 38.75290486591837 2.96209419996012
10 41.94375073867102 38.75290486591837 0.05525939998915419
11 19.73250359171665 19.595073841398985 0.056972999998833984
203
12 19.73250359171665 19.595073841398985 2.2156742999795824
13 9.684227857446627 8.752224783770291 0.05849979998311028
203
14 7.3766499417981946 6.621654806970413 2.1840986000024714
203
15 6.1185887648698865 5.0429748105019305 2.193249800009653
203
16 6.1185887648698865 5.0429748105019305 2.1835404000012204
17 5.370677439684064 4.6604172265646095 0.06094170000869781
203
18 5.370677439684064 4.6604172265646095 2.6199283999740146
19 3.120846538136404 2.595758618441585 0.05404989997623488
203
20 2.6501678068059262 2.206101110812367 2.4777538999915123
203
21 2.631614835855621 2.237521474900469 2.2153774999896996
203
22 2.631614835855621 2.237521474900469 2.202285200008191
23 1.9713705437409412 1.4995717079688455 0.05853249999927357
203
24 1.8410330080605832 1.3326319945306255 2.201581500004977
203
25 1.8410330080605832 1.3326319945306255 2.2193319000070915
26 1.6109788991207121 1.023942343400187 0.05700759997125715
203
27 1.3455572451581141 0.7624309119409385 2.1977272999938577
203
28 1.1600699686238003 0.5774193391608029 2.245491400011815
203
29 1.1600699686238003 0.5774193391608029 2.2355526000028476
30 1.077086882037198 0.49475695760346006 0.0545257999910973
203
31 1.0557473545829297 0.46123230503987905 2.213545999955386
203
32 1.0557473545829297 0.46123230503987905 2.220392399991397
33 0.9748839888635028 0.3898177607106219 0.04597959999227896
203
34 0.9607023433239805 0.37121894214258383 2.21768850000808
203
35 0.9607023433239805 0.37121894214258383 2.200397400010843
36 0.8831912043943816 0.30268405809144044 0.04776429996127263
203
37 0.8605280294719271 0.27290613462707325 2.2165465999860317
203
38 0.8563010858833165 0.2633772713287071 2.1980489999987185
203
39 0.8088542580363063 0.21576837833412996 2.197727400052827
203
40 0.7519461203034212 0.16716945377284195 2.1896303000394255
203
41 0.7519461203034212 0.16716945377284195 2.1932637999998406
42 0.721962875607062 0.13629306790001727 0.05932480003684759
203
43 0.721962875607062 0.13629306790001727 2.7038759000133723
44 0.7149706101886735 0.1293372170757249 0.06441970000742003
203
45 0.7095636114121744 0.12513890931483093 2.2273036999977194
203
46 0.7074630772604409 0.12325187506701477 2.2311735000112094
47 1.5938747965475817
-------------------------------------------------END------------------------------------------------------
------------------------------------Reduced subspace LM---------------------------------------------------
430.5210144238466 430.1029988855319
0.9978767227173618 20
0 395.0151795188456 395.3433145978799 0.11841400002595037
0.9983818172166485 20
1 343.8922525767052 345.6330695695138 0.143510400026571
0.9989763228004942 20
2 288.6149949995271 291.6365109174537 0.13544709997950122
0.999075254884256 20
3 247.68988399081044 249.302017494921 0.10545939998701215
0.9744091112621364 20
0.9999991366309902 80
4 236.90783435555403 236.58635189591237 1.0630443000118248
0.838165524830249 20
0.9943238557015436 80
5 199.4711513853313 196.94703725211855 1.0614456000039354
0.9490320117428598 20
0.9992714073187752 80
6 159.72344513667863 158.46449689698576 0.772318399976939
0.9775698076556912 20
0.9999232974034638 80
7 143.8677920994288 144.02949198138253 0.768271500011906
0.9860792098747058 20
0.9999338332151054 80
8 44.886857023279845 44.921037700543934 0.7293231000076048
0.8954954701303073 20
0.9998701221620903 80
9 36.364224450025425 34.18421808590251 0.6674673000234179
0.9871565234775069 20
0.9999961072938731 80
10 10.525855495756648 9.320596191890495 0.7434707999927923
0.9873732244645671 20
0.999998373620915 80
11 5.634633153215205 4.941019629721261 0.7348343000048772
0.9611382258079585 20
0.9999985419810172 80
12 3.690336356710353 3.0312626380976924 0.7403160999529064
0.9705448709450237 20
0.9999946641394643 80
13 2.3837883284557284 1.7993403767011493 0.9136827000183985
0.964668329303418 20
0.9999966006970116 80
14 1.407827557241801 0.8554923311138223 0.7037078000139445
0.9954412280719597 20
15 1.143824088545292 0.596458953425843 0.11196569999447092
0.0015964566151883788 20
0.9966234798663521 80
16 0.9732178416277282 0.42674252558221976 0.7394670000066981
0.8695849918978551 20
0.9999970366670946 80
17 0.8705518344948395 0.3071234475658753 0.7434811000130139
0.9802759901251312 20
0.9999931915071498 80
18 0.810497159563046 0.24529750549894772 0.7103930999874137
0.9864089087036475 20
0.9999975752239019 80
19 0.7699726654898738 0.198825320875315 0.7153841000399552
0.9882962446438369 20
0.9999969154825323 80
20 0.740702697417101 0.17326306258807375 0.7179032999556512
0.9866138171788358 20
0.9999975641419644 80
21 0.7127274062893115 0.14594695244393902 0.7446766999782994
0.9727841397576978 20
0.9999917279361158 80
22 0.6929521673815362 0.12745055326298446 0.7470080999773927
0.9736848757531331 20
0.9999917440795072 80
23 0.6788837598521608 0.11396892380878376 0.7351146999862976
0.9855514066775245 20
0.9999986836097537 80
24 0.665394944822688 0.10088537669452029 0.8737436000374146
0.9883521481635792 20
0.9999989157605813 80
25 0.6558953859963149 0.09001312296165706 0.98682450002525
0.9913678188267636 20
26 0.6504746757670461 0.08516155147104838 0.11207009997451678
0.00019832574517628622 20
0.9972805613384197 80
27 0.643221955739344 0.07822338331156689 0.747578899958171
0.9769516349618096 20
0.9999992397703032 80
28 0.6375937350602328 0.07102211175638636 0.7173591000027955
0.9895581103723534 20
0.9999991716405721 80
29 0.6361202484377747 0.07288923043262872 0.6791084000142291
0.9949243511296308 20
30 0.6308525375262228 0.06810950146186151 0.10031060001347214
0.0001515777700058381 20
0.9980227036489328 80
31 0.6295871803260227 0.06322227625852456 0.6504105999483727
32 0.6033405485696026
-------------------------------------------------END------------------------------------------------------
28
-------------------------------------------Classical LM---------------------------------------------------
452.0538944531405 461.1445020614391
0 282.1776240177677 277.4478586009969 2.035445499990601
1 282.1776240177677 277.4478586009969 2.0518281999975443
2 246.14313060469632 230.62036277538394 2.1679320000112057
3 101.11662611235242 100.55460172072522 2.0828846999793313
4 101.11662611235242 100.55460172072522 2.078286899952218
5 101.11662611235242 100.55460172072522 2.116130799986422
6 62.86063028837368 64.55574507431558 2.1749692000448704
7 62.86063028837368 64.55574507431558 2.1159667000174522
8 25.844915203908823 26.06439229446302 2.077403500035871
9 25.844915203908823 26.06439229446302 2.0513501000241376
10 20.522969017014518 20.68224610141515 2.0832202000310645
11 7.537038609836789 6.921922216777833 2.031654799997341
12 7.537038609836789 6.921922216777833 2.560311899986118
13 5.00479466456036 4.6256506201831975 2.156946600007359
14 3.921406309887011 3.4070348725552253 2.0583849000395276
15 3.921406309887011 3.4070348725552253 2.033335200045258
16 2.987377837098304 2.4655533518182042 2.0948613000218756
17 2.2659559223963255 1.7654796698246247 2.0197753999964334
18 2.0897184246316085 1.5188100650044716 1.9877871999633498
19 2.0897184246316085 1.5188100650044716 2.0363047000137158
20 1.7313821193384946 1.1212058958738504 2.1819106999901123
21 1.4094419940798326 0.8216029751970338 2.106242200010456
22 1.4094419940798326 0.8216029751970338 2.0284726999816485
23 1.1895474723304178 0.5902950325956962 2.071766699955333
24 1.1895474723304178 0.5902950325956962 2.0779739000136033
25 1.0110428361895456 0.42670844060910984 2.067613999999594
26 0.9605104384772299 0.3739293038859078 2.073325700010173
27 0.9146336846361972 0.32785242860364566 2.4588683000183664
28 0.867674733907255 0.2818233190757858 3.1288447999977507
29 0.8555554164056417 0.2701815477376587 3.0013352999812923
30 0.8555554164056417 0.2701815477376587 2.981801000016276
31 0.7177282497948235 0.14931680125624586 2.191488299984485
32 0.7126470680187453 0.1420544665112818 4.368912299978547
33 0.7126470680187453 0.1420544665112818 4.557358200021554
34 0.682336920449929 0.11536707365229273 2.337707699974999
35 0.6750931762914864 0.10761603115104978 3.1615634000045247
36 0.6687610674779063 0.100539228908522 2.099086999951396
37 0.6687610674779063 0.100539228908522 2.071850700012874
38 0.6515562457655693 0.08453581584380898 2.138822699955199
39 0.6469721749059909 0.07842577655161655 2.0358156000147574
40 2.295885221277205
-------------------------------------------------END------------------------------------------------------
-------------------------------------------Krylov LM---------------------------------------------------
452.0538944531405 461.1445020614391
203
0 282.1827620233362 277.45337677959856 2.1645093000261113
203
1 282.1827620233362 277.45337677959856 2.275952199997846
2 246.89322605435262 231.35331379319152 0.04562879999866709
203
3 77.32191064141459 74.22467623421983 2.1733638999867253
203
4 77.32191064141459 74.22467623421983 2.190822600037791
5 77.32191064141459 74.22467623421983 0.04956379998475313
6 27.72537828101439 28.602427135595107 0.04633969999849796
203
7 27.72537828101439 28.602427135595107 2.18317760003265
8 20.505192073364185 20.358727212345993 0.06298480002442375
203
9 15.945750580821326 14.495180307364729 2.1921503000194207
203
10 15.945750580821326 14.495180307364729 2.190434499992989
11 8.780300966243313 7.083650218988679 0.05581900000106543
203
12 8.780300966243313 7.083650218988679 2.1832188999978825
13 4.1155963197579 3.394997944330257 0.05707929999334738
203
14 3.8962939510994365 3.3015374639855426 2.6637394000426866
203
15 2.9048857765797096 2.2037072079440936 2.2505385000258684
203
16 2.9048857765797096 2.2037072079440936 2.2579103000462055
17 1.455591833182854 0.8793726950159768 0.05305510002654046
203
18 1.2599346659860409 0.6608559620176518 2.295227899972815
203
19 1.2599346659860409 0.6608559620176518 2.250626099994406
20 0.9922323120045637 0.39469717605504445 0.056024799996521324
203
21 0.886766598014575 0.2983647720876717 2.3161985999904573
203
22 0.8000506993224262 0.22284454109483393 2.686202500015497
203
23 0.7784532713639492 0.2001068370009948 2.371362100006081
203
24 0.7784532713639492 0.2001068370009948 2.6017418999690562
25 0.710134326687009 0.13660711158465064 0.04531060002045706
203
26 0.710134326687009 0.13660711158465064 2.8180895000114106
27 0.6901770978535372 0.11311843907962701 0.05225300003075972
203
28 0.6767191039690601 0.09968448589966067 2.201601799984928
203
29 0.673537660061357 0.09454784748838367 2.2463294999906793
203
30 0.6575991287200853 0.08041801457541363 2.198947499971837
203
31 0.6533137265518216 0.07901385874846908 2.1984449999872595
32 1.7495242600067287
-------------------------------------------------END------------------------------------------------------
------------------------------------Reduced subspace LM---------------------------------------------------
452.0538944531405 461.1445020614391
0.997826103591761 20
0 413.4162436036533 422.602972783247 0.11237460002303123
0.998548165475887 20
1 357.1861485040216 365.66134554592895 0.11597939999774098
0.9991855920136321 20
2 296.2520641571917 303.2037323037463 0.10988360003102571
0.9991378044801263 20
3 254.55479584137862 257.0726152142141 0.10585580003680661
0.9931272767739485 20
4 224.1362360131058 221.22281271693112 0.11484229995403439
0.9446631411423315 20
0.9999984904962134 80
5 217.80815227077278 214.76094768782326 1.5459499999997206
0.9335855176698511 20
0.999996939265738 80
6 206.98861551070098 202.93560363634398 0.9538622000254691
0.9792668463657014 20
0.9999674434376534 80
7 172.13624438740513 168.5824091815965 0.8724652000237256
0.9856596333224629 20
0.9999738781586613 80
8 159.3950830021124 159.58604738557938 0.7907920000143349
0.9961082749733045 20
9 58.50855842218907 58.44574022065246 0.12533369997981936
0.88210572138158 20
0.9999577780974035 80
10 44.42402164438871 44.5272370559844 1.1802027999656275
0.9672288365819507 20
0.999992652010656 80
11 26.033349540613436 25.671741467772488 0.7515519000007771
0.9887320679165875 20
0.9999979131922996 80
12 17.09729002182756 16.1157273165213 0.7173598000081256
0.9896791749882267 20
0.9999990411694292 80
13 6.537755654532123 5.876444594696554 0.7840086999931373
0.9945880441478196 20
14 3.1738931474220755 2.627742951716509 0.12244860001374036
0.30322017491259057 20
0.9999984114523621 80
15 2.104869882018582 1.550226242753906 0.8521919000195339
0.9605197585282446 20
0.999999575934167 80
16 1.642215934417904 1.0610189450836223 0.7536380999954417
0.9734924135886446 20
0.9999997169869971 80
17 1.4718053965519171 0.867143751977127 0.7288744999677874
0.9903881796519279 20
18 1.2744851752558823 0.6800317826748742 0.13008849998004735
0.09848501756697478 20
0.9999972142833314 80
19 1.18047633622124 0.5819361566814368 1.1124531999812461
0.953234825614576 20
0.9999996618107538 80
20 1.0794155139599875 0.4820706093228667 1.0880835999851115
0.9760476925486276 20
0.9999997768890775 80
21 0.9958579624266171 0.3933727588802075 1.359694600047078
0.9948856761501799 20
22 0.939620391018277 0.3415084638249341 0.13770090002799407
0.005633139564470021 20
0.9999553607556345 80
23 0.8875435697120305 0.3032971609131919 1.1899300999939442
0.9816970465210877 20
0.999999332682859 80
24 0.8254346135294532 0.23582301107500564 0.6768101000343449
0.9962193870752033 20
25 0.7858396643953982 0.19808484770587365 0.10525790002429858
0.004012543045062283 20
0.9998485916781362 80
26 0.7486777232300621 0.1675304602091099 0.6841608999529853
0.9833723508651022 20
0.9999989818480052 80
27 0.7230172277897556 0.1364272644984979 0.6465496000018902
0.9935116382601475 20
28 0.7197595006355803 0.1332103801508245 0.11359000002266839
0.0007581963461209644 20
0.9995643440072044 80
29 0.7095893358501029 0.13564816573758987 0.6789386000018567
0.9738350762528367 20
0.9999998475890715 80
30 0.6921221984082047 0.11200737670148536 0.6739200000301935
0.9914857797886646 20
31 0.690376149887918 0.1099072829242032 0.11984439997468144
32 0.5779497925032047
-------------------------------------------------END------------------------------------------------------
29
-------------------------------------------Classical LM---------------------------------------------------
418.8326204431208 419.9594694997646
0 322.01773077166405 323.13258051021654 2.2624991000047885
1 322.01773077166405 323.13258051021654 2.434071799973026
2 322.01773077166405 323.13258051021654 2.0964896000223234
3 258.34203108165946 255.0114833105065 2.111491199990269
4 122.74185300768279 124.40298018438592 2.012661600019783
5 122.74185300768279 124.40298018438592 2.0432328999741003
6 75.98734872556523 75.60519152290541 2.1302564999787137
7 75.98734872556523 75.60519152290541 2.0323004000238143
8 20.66248204946808 21.949907105416663 2.097487099992577
9 20.66248204946808 21.949907105416663 2.040997600008268
10 13.087221454608844 14.225857959363626 2.093863899994176
11 5.44855040332053 5.390506793209926 2.0104759000241756
12 5.44855040332053 5.390506793209926 2.023886700044386
13 3.491181317737746 3.312513051021608 2.9709975000005215
14 3.0502163351253495 2.5265982665740365 3.723034600028768
15 3.0502163351253495 2.5265982665740365 3.648631599964574
16 2.023713471350058 1.5734294136464082 2.1086125999572687
17 1.691119481014034 1.2578905043416866 2.174549100047443
18 1.5363302696182068 1.0511923943262274 2.956285900028888
19 1.3811780816103623 0.8890999812409616 2.1044785999692976
20 1.3811780816103623 0.8890999812409616 2.082610699988436
21 0.9963858158179802 0.4381239569520642 2.069591300038155
22 0.9277248010847754 0.3430937447127315 2.05826589994831
23 0.9277248010847754 0.3430937447127315 2.0597927999915555
24 0.7447226840538197 0.16088077801714912 2.0814903000136837
25 0.7447226840538197 0.16088077801714912 2.0282870000228286
26 0.7227566972992807 0.1418547013697289 2.075160899956245
27 0.7194060103408542 0.1351479394809232 2.0393923000083305
28 0.7194060103408542 0.1351479394809232 2.0229631999973208
29 0.7009860860742722 0.11934680873750009 2.056431300006807
30 0.6953527577061139 0.11131405629678211 2.005032300017774
31 0.6953527577061139 0.11131405629678211 2.012774500006344
32 0.6839470848152626 0.10196106919171923 2.096480700012762
33 0.676922218793685 0.09398592959956337 2.0387749999645166
34 0.6690757477257403 0.0854279414807298 2.521884099987801
35 0.6623791930903262 0.07916221650763469 2.1269888000097126
36 0.6623791930903262 0.07916221650763469 2.9352903999970295
37 0.6459199986195152 0.06611842317538867 2.8919289000332355
38 0.641494664994565 0.06216857107739579 2.544386800029315
39 2.2587651983051464
-------------------------------------------------END------------------------------------------------------
-------------------------------------------Krylov LM---------------------------------------------------
418.8326204431208 419.9594694997646
203
0 322.019537441816 323.1344696595147 2.202995400002692
203
1 322.019537441816 323.1344696595147 2.1973075999994762
2 322.019537441816 323.1344696595147 0.042152500012889504
3 258.33760222294615 255.0048421571219 0.058279599994421005
203
4 122.71889620515961 124.37555891477986 2.1962411000276916
203
5 122.71889620515961 124.37555891477986 2.192166200024076
6 75.96997188901932 75.5893904670461 0.0468064000015147
203
7 75.96997188901932 75.5893904670461 2.177413700032048
8 20.6480402893254 21.93696013681628 0.055947700049728155
203
9 20.6480402893254 21.93696013681628 2.085499099979643
10 13.077077592945159 14.21087976020676 0.06203059997642413
203
11 5.450005893535719 5.391197068195548 2.2056990999844857
203
12 5.450005893535719 5.391197068195548 2.205092500022147
13 3.489946970882139 3.310315711393527 0.041183399967849255
203
14 3.0451723060022275 2.5196715110195766 2.216421299963258
203
15 3.0451723060022275 2.5196715110195766 2.179968800046481
16 2.0246477310062896 1.5734221849657042 0.06080330000258982
203
17 1.6903190276412086 1.2563647523245434 2.1750850999960676
203
18 1.5271413353326446 1.0405280727414297 2.5773382000043057
203
19 1.2961961362917764 0.7993670457500557 2.672974199987948
203
20 1.2961961362917764 0.7993670457500557 2.2520747000235133
21 1.0047971176215427 0.44598587506858417 0.06479859998216853
203
22 0.9216344764346349 0.3333076926907868 2.2912239999859594
203
23 0.9216344764346349 0.3333076926907868 2.671603499969933
24 0.7429559425464372 0.15870326430317913 0.047480400011409074
203
25 0.7429559425464372 0.15870326430317913 3.4723491999902762
26 0.7235799876426541 0.14165146354149216 0.05599699995946139
203
27 0.7199916747399491 0.13484570926396672 2.9677069999743253
203
28 0.7199916747399491 0.13484570926396672 2.8370239000068977
29 0.7008759202165471 0.11830011677442179 0.05749380000634119
203
30 0.695009880711008 0.1102510255807516 2.1840607000049204
203
31 0.695009880711008 0.1102510255807516 2.186981799954083
32 0.6829889462360635 0.10039319846946188 0.0459326000418514
203
33 0.6758181548184317 0.09261227377961509 2.9910507000167854
203
34 0.6680014686913491 0.08432057150573563 2.21485859999666
203
35 0.6652878040852706 0.08140820079617486 2.190089399984572
36 1.6107008372078824
-------------------------------------------------END------------------------------------------------------
------------------------------------Reduced subspace LM---------------------------------------------------
418.8326204431208 419.9594694997646
0.9979580999169609 20
0 385.79659937055555 387.6577759470685 0.11365549999754876
0.9983731678762414 20
1 338.15850537934705 341.4117829364195 0.11299029999645427
0.9989600576941654 20
2 286.65055112301934 290.15356305123254 0.11354280001251027
0.9990083659927564 20
3 251.9601477564584 253.16860550686698 0.1099897000240162
0.9922896436566299 20
4 230.42684192237593 228.5039154251843 0.15631930000381544
0.9907500942944232 20
5 177.10490702571266 173.56084504623942 0.2187516000121832
0.9214477405099691 20
0.9999079206018221 80
6 165.85024541805151 162.88004152026278 1.116480499971658
0.9273735203246017 20
0.9997890160504928 80
7 151.1971994774461 147.9754176366072 0.8055614999611862
0.9627110691151248 20
0.9999065392396534 80
8 98.68693898368308 96.79750380001819 0.8120261000003666
0.9743481398643059 20
0.9999831541057462 80
9 61.87669426399905 60.487916633342685 0.7520400999928825
0.985988263013047 20
0.9999944640554879 80
10 50.32603510515487 44.27954766667739 0.6782932000351138
0.9737383006553818 20
0.999997469435273 80
11 38.174800601726936 34.22685819373552 0.6674003000371158
0.9848277372303006 20
0.999999079193379 80
12 11.598764785047953 10.797332743763189 0.7235189999919385
0.9947697142795142 20
13 4.600327795037756 4.21141609354191 0.11191670002881438
0.593951038548345 20
0.9999955610443173 80
14 2.910948326379388 2.479769575004896 0.746808499970939
0.8311544820996154 20
0.9999931959956362 80
15 2.4825973617109636 2.018513048496699 0.8042606000090018
0.8725243491983259 20
0.9999989367141361 80
16 2.2488126435034888 1.6664573218032828 0.9500440000556409
0.88956518319286 20
0.9999985284817164 80
17 1.9203326839157897 1.3435084623568714 0.6622999000246637
0.9397388919254316 20
0.9999995203940819 80
18 1.1159170606590065 0.5387787664576597 0.6976992999552749
0.9901383515101146 20
19 0.9580250015669742 0.39632061415346764 0.09392509999452159
0.00171441362345915 20
0.9992188137589811 80
20 0.9447610519195848 0.3696936287735019 0.7056879000156187
0.9920117315299305 20
21 0.8458722752288137 0.26863531718540723 0.11530969996238127
0.003439743856956044 20
0.9998626034630517 80
22 0.8000985881637936 0.22876563902432806 0.7331420999835245
0.9460552945365149 20
0.9999993300636353 80
23 0.7514834212931096 0.17735005827470277 0.7579391999752261
0.9890126384508128 20
0.9999995732928385 80
24 0.7075635530296392 0.13503156827173468 1.3663838999927975
0.9950739728840815 20
25 0.7015288186626986 0.12879919766948908 0.1740703000104986
0.00012211113312068594 20
0.9977261192948045 80
26 0.6878217986461934 0.11387528695530566 0.7290041000233032
0.9905254106254641 20
27 0.6865857401500165 0.11311926931288811 0.10583309998037294
6.22283999897001e-06 20
0.9864680077662982 80
0.9995816848168273 140
28 0.6697252334430288 0.09583517892780236 1.4809094999800436
0.9860597955049565 20
0.9999995999490229 80
29 0.6573516428871778 0.08493267342857977 0.749636200023815
0.9980462815510786 20
30 0.6510379039986456 0.07997395665811612 0.19024639995768666
0.0006327394298684154 20
0.9994297006198191 80
31 0.6449847892142823 0.07301124264500279 0.6852764000068419
0.9885279210902997 20
0.9999995879891537 80
32 0.6393594763051857 0.07124893636073683 0.6983811999671161
0.9945270908557119 20
33 0.6390678149938547 0.07085303021968317 0.23938970000017434
34 0.5640804029398543
-------------------------------------------------END------------------------------------------------------
30
-------------------------------------------Classical LM---------------------------------------------------
391.661791747648 394.3726258797812
0 391.661791747648 394.3726258797812 4.08788900001673
1 296.6857535874434 282.43699563661426 2.080864300020039
2 296.6857535874434 282.43699563661426 2.046731300011743
3 279.8416333640242 267.8968459051361 2.066615399962757
4 168.5348155049718 182.71637187901564 2.0150945999776013
5 168.5348155049718 182.71637187901564 2.0028721000417136
6 155.00869898611282 142.64520994909847 2.1583806999842636
7 50.01762585787655 48.00949054351207 2.7365738000371493
8 50.01762585787655 48.00949054351207 2.026164199982304
9 50.01762585787655 48.00949054351207 3.0164395999745466
10 21.886661762738363 21.247547452407385 3.218732999986969
11 18.503725687736498 17.085882487953516 1.988893800007645
12 10.06349984684868 9.341023623656477 2.0290805000113323
13 10.06349984684868 9.341023623656477 2.0233160000061616
14 4.563929831698864 3.9925806648251 2.204240800056141
15 3.9830237899262744 3.2465737130574492 2.102850099967327
16 2.9001045527608587 2.2705882807797058 2.0873282000538893
17 1.5428854665109237 0.93848522543135 2.050914100022055
18 1.5036402962888809 0.8913590292867021 2.0488750000367872
19 1.5036402962888809 0.8913590292867021 1.9975262000225484
20 0.8785451241414761 0.3226010023234404 2.070486599986907
21 0.6474085528825353 0.09211208324355494 2.0190622999798506
22 0.6474085528825353 0.09211208324355494 2.0285852999659255
23 0.6105512170084411 0.06004721346398936 2.4149147999705747
24 0.6105512170084411 0.06004721346398936 2.8593152000103146
25 0.6057023350316371 0.05553547597672792 2.9849435999640264
26 0.60429415618094 0.05535094020729274 3.6174644000129774
27 0.60429415618094 0.05535094020729274 4.503445799986366
28 0.6023684263192801 0.05428690470776022 2.4419762999750674
29 0.6011234031787097 0.054049635671936304 2.114752799971029
30 0.6011234031787097 0.054049635671936304 3.1540256000007503
31 0.5999780229953573 0.05347762736564474 2.4910206999629736
32 2.4870779264704597
-------------------------------------------------END------------------------------------------------------
-------------------------------------------Krylov LM---------------------------------------------------
391.661791747648 394.3726258797812
203
0 391.661791747648 394.3726258797812 2.9373807999654673
1 296.6857535873077 282.4369956363825 0.057645299995783716
203
2 296.6857535873077 282.4369956363825 2.111809100024402
3 279.8416487120714 267.89686195270554 0.06244920002063736
203
4 168.58001146043011 182.79011521997373 2.22215960000176
203
5 168.58001146043011 182.79011521997373 2.185346300015226
6 154.39381653229685 142.03046151974297 0.041777600010391325
203
7 49.81008552664714 47.736880349026535 2.2074024999747053
203
8 49.81008552664714 47.736880349026535 2.1925780000165105
9 42.82311296993241 42.54527585892847 0.05364320002263412
203
10 42.82311296993241 42.54527585892847 2.2044264000141993
11 27.420911176388817 25.978982523322525 0.04627890000119805
203
12 18.458540132243805 16.139177096620106 2.69637540000258
203
13 14.173125367573412 12.72060367321831 2.2188084999797866
203
14 14.173125367573412 12.72060367321831 2.2586503999773413
15 6.906109047079197 6.217875621176611 0.055329800001345575
203
16 4.5522907111189665 3.89245295899833 2.2028197000036016
203
17 3.6114179866764955 2.8062732426309047 2.253971599973738
203
18 1.3322159975917949 0.7793628226818407 2.8663159999996424
203
19 1.3322159975917949 0.7793628226818407 3.0885709000285715
20 1.1141299304464 0.5421749464688171 0.05506069998955354
203
21 0.7182004311304434 0.1478558948867248 2.986247699998785
203
22 0.6655817935135868 0.09505430393810871 2.366946400026791
203
23 0.6655817935135868 0.09505430393810871 2.6780959000461735
24 0.6323713537822909 0.06851853203387263 0.059104799991473556
203
25 0.6151750877241863 0.05219670820241975 2.228709399991203
203
26 0.6098962087310972 0.0514648068493961 2.195725500001572
203
27 0.6098962087310972 0.0514648068493961 2.2199520000140183
28 0.6044950121466307 0.04676228553488954 0.046687399968504906
203
29 0.5984678312713708 0.04426261561361873 2.0834104999667034
203
30 0.5984678312713708 0.04426261561361873 2.2030513000208884
31 0.5966057528520057 0.042635969014689454 0.05472729995381087
32 1.6741932891891338
-------------------------------------------------END------------------------------------------------------
------------------------------------Reduced subspace LM---------------------------------------------------
391.661791747648 394.3726258797812
0.9982596121168613 20
0 363.9340228270433 367.8938833788433 0.09874739998485893
0.998606687146731 20
1 323.7964961367117 329.04352040703543 0.12581019999925047
0.9989645473320756 20
2 279.8791925771428 284.231242579809 0.18248179997317493
0.9988888087533303 20
3 248.28945182417232 248.75556147704773 0.10355030000209808
0.9832889403030033 20
0.999998961751355 80
4 235.29292216667096 246.6754942165055 0.6984240000019781
0.7258680928228483 20
0.981329649557634 80
0.9958261578346422 140
5 151.58911942867954 147.86724940571418 1.6378729999996722
0.8668381406098529 20
0.992552280390881 80
6 66.09010439482742 67.0594206941802 0.6761676999740303
0.8609919776722712 20
0.9983737358889011 80
7 60.06403910948073 61.48002426498931 0.6765275000361726
0.886361293894587 20
0.9979424243871947 80
8 21.360799779584188 21.705501580477065 0.6885484000085853
0.957291709672831 20
0.9998545102378472 80
9 11.563565435822808 12.008833140568418 0.7453972999937832
0.8477979821528403 20
0.9998824992245364 80
10 8.1810163529738 8.287822325842217 0.7411159999901429
0.9570981103264895 20
0.9999863105491815 80
11 4.899707008692677 4.662479821266246 1.131381799990777
0.980716371322861 20
0.9999952399108227 80
12 3.1424303000405853 2.70242625717351 0.6600547999842092
0.9816889897286014 20
0.999998021885052 80
13 2.5945914945659316 1.9882529726416964 0.6889443999971263
0.9942146493834648 20
14 1.7895921828850125 1.3369670388646933 0.1110564999980852
0.01652734687122021 20
0.9997436520755398 80
15 1.751519503754716 1.2202357313067973 0.6773471999913454
0.9921547442955826 20
16 1.4252116229890754 0.9577304465966571 0.11330100003397092
0.00463592084132087 20
0.9995816197816559 80
17 1.3938526779188454 0.8103323456930083 1.3491011000005528
0.9933389321244397 20
18 1.2533124914122469 0.7376875564729832 0.12288059998536482
0.005687296558112245 20
0.9981601461869781 80
19 1.1306022894653684 0.6013707416535158 0.9775060000247322
0.9773613949036369 20
0.9999986942715405 80
20 1.031742669301491 0.4874031861587099 0.7219890000415035
0.9890146119786141 20
0.9999983221068118 80
21 0.9922218489985464 0.4117488853817558 0.6683361999457702
0.9923518603970887 20
22 0.937893902511468 0.372807908401159 0.09698789997491986
0.0007809650501736105 20
0.9950928363867773 80
23 0.9103349598071236 0.34884955923484334 0.6673458999721333
0.9717172249138406 20
0.9999924198904417 80
24 0.863509902024252 0.3018067133116746 0.6789544000057504
0.9622518135797699 20
0.9999972899752152 80
25 0.8516270534559451 0.28509119182665327 0.7183063999982551
0.9665726149036901 20
0.9999923661771446 80
26 0.8266588471422368 0.2639061834805406 0.9380007999716327
0.9633753550264462 20
0.9999937402564254 80
27 0.8125234448847388 0.243507307797367 1.0446770999697037
0.9587599142452188 20
0.9999934591123046 80
28 0.7957305196150086 0.22893039409477228 0.6887044999748468
0.9557570087108882 20
0.9999901980703354 80
29 0.7848513091487829 0.21261709226275285 0.6649371000239626
0.9542824683701806 20
0.9999902006351622 80
30 0.7710659830870089 0.20368857819851086 0.6657628000248224
0.9600079617851561 20
0.9999893506058751 80
31 0.7620214856860824 0.18863624362604134 0.6857046000077389
0.9527220791777565 20
0.9999917829726568 80
32 0.7498303992567996 0.1828581233302205 0.7187346999999136
0.9606902329843133 20
0.9999874004839236 80
33 0.741014123229778 0.16824644508370296 0.6670258999802172
0.9517871540981434 20
0.9999931043610325 80
34 0.732549792214776 0.1666796899894877 0.6931321999873035
0.9626830611727552 20
0.9999875792506191 80
35 0.7248593819384415 0.15348658648249966 0.7055186000070535
0.9533307595379109 20
0.9999923413663641 80
36 0.7185799616521584 0.15262971113404813 1.0001240000128746
0.9641174692403435 20
0.9999903751311618 80
37 0.71248443181859 0.14204537587802946 1.379925600020215
0.9557968899515333 20
0.9999885645442447 80
38 0.7079394454401378 0.14228406099774557 0.7663238000241108
39 0.7562097108079674
-------------------------------------------------END------------------------------------------------------
31
-------------------------------------------Classical LM---------------------------------------------------
390.00588740882034 391.88378155274404
0 329.97550615324445 328.6289151318532 2.013334599963855
1 329.97550615324445 328.6289151318532 2.0549905000370927
2 328.0917765071661 320.227191864442 2.096953100000974
3 123.37107313955366 122.82599695593339 2.0127600000123493
4 123.37107313955366 122.82599695593339 2.0358002000139095
5 111.60263389088301 115.39252422172196 2.096201500040479
6 111.60263389088301 115.39252422172196 2.0139055000036024
7 56.86768402024221 57.950278994510526 2.0778251999872737
8 36.68604832669051 37.99187558775005 2.0387065000250004
9 36.68604832669051 37.99187558775005 2.0289128000149503
10 36.68604832669051 37.99187558775005 2.34182079997845
11 23.377444888465163 22.24877575978676 3.4104830999858677
12 17.43877553104675 17.59550000782293 2.9146198999951594
13 6.646609318687771 5.998239036055424 3.1384450999903493
14 6.646609318687771 5.998239036055424 2.4360507000237703
15 4.194088006610279 3.6930113765518837 2.1020032999804243
16 4.194088006610279 3.6930113765518837 2.0723262999672443
17 2.347643067486886 1.9257390117209257 2.0912601000163704
18 2.347643067486886 1.9257390117209257 2.0104146000230685
19 1.4915706539655686 0.9991820743299613 2.1635082000284456
20 1.3739777906789359 0.8568713500948931 2.025254100037273
21 1.213560493232732 0.6887041537875799 2.0399648000020534
22 1.213560493232732 0.6887041537875799 2.008951800002251
23 1.0380647951595774 0.49877466617293925 2.0337226999690756
24 0.9902939882704374 0.4427872305222869 2.030443700030446
25 0.9624052139788948 0.39151617604446143 2.04617089999374
26 0.9624052139788948 0.39151617604446143 2.01350389997242
27 0.8554342657591023 0.28216407913205066 2.077116300002672
28 0.8240369027000728 0.24363324477793885 2.46267529996112
29 0.8148159035667432 0.23124824344768494 2.1370143000385724
30 0.8148159035667432 0.23124824344768494 2.032602399995085
31 0.7370722105626486 0.16163076161379855 2.112699299992528
32 0.7370722105626486 0.16163076161379855 2.063768899999559
33 0.7185938021165877 0.14796629535911535 2.3185836999909952
34 0.7083411831680702 0.13716969013239463 2.449864999973215
35 0.7073835888902987 0.13344521372537 2.1274326000129804
36 2.1980581027795174
-------------------------------------------------END------------------------------------------------------
-------------------------------------------Krylov LM---------------------------------------------------
390.00588740882034 391.88378155274404
203
0 329.9752230756675 328.62865777370376 2.2865810000221245
203
1 329.9752230756675 328.62865777370376 2.2360488999984227
2 327.801745970914 319.729568047249 0.06052470003487542
203
3 116.37864652361476 114.9991945768411 2.158996499958448
203
4 116.37864652361476 114.9991945768411 2.1986271000350825
5 116.37864652361476 114.9991945768411 0.0613512999843806
6 32.32221261516298 32.88630505473488 0.04473129997495562
203
7 32.32221261516298 32.88630505473488 2.1753689000033773
8 32.32221261516298 32.88630505473488 0.06025150005007163
9 17.209732123828267 17.310993169049038 0.045474199985619634
203
10 12.563550765222935 12.847433358681746 2.192799999960698
203
11 9.646889631491739 9.085498915542564 2.197403399972245
203
12 9.646889631491739 9.085498915542564 2.1873203000286594
13 6.727515232305028 6.4365431649181195 0.03939420002279803
203
14 5.042744728989075 4.57339435403931 2.2187505000038072
203
15 5.042744728989075 4.57339435403931 2.2414024000172503
16 3.63639746115483 3.132232119225516 0.05940789997112006
203
17 3.1798779691279537 2.735616883563184 3.6548184999846853
203
18 2.8837935738867944 2.2691198214035193 3.059499299968593
203
19 2.8837935738867944 2.2691198214035193 2.286511500016786
20 2.8837935738867944 2.2691198214035193 0.07310870004585013
21 2.229447303903993 1.5613174618829435 0.07280840002931654
203
22 2.076813453753684 1.4050933318648902 2.223535400000401
203
23 2.076813453753684 1.4050933318648902 2.2324703000485897
24 1.9882311071249064 1.3153575707132077 0.05977260001236573
203
25 1.9292466920040483 1.2499514524377826 2.2053777999826707
203
26 1.9292466920040483 1.2499514524377826 2.1965922999661416
27 1.8704383749107771 1.1985184694956097 0.045663699973374605
203
28 1.8218392855576042 1.1476978094529822 2.201284000009764
203
29 1.77153321721711 1.0945214639168517 2.2031738000223413
203
30 1.6522318590350817 0.9791867532686979 2.2951406000065617
203
31 1.5002296291503745 0.8533884834445419 2.6649194000056013
203
32 1.5002296291503745 0.8533884834445419 2.5709048000280745
33 1.3343449259260474 0.6922162956304247 0.04794519999995828
203
34 1.1868354562271637 0.5512687337207457 2.285740600025747
203
35 1.1785556720753485 0.5747724312997834 3.1601460999809206
203
36 1.1785556720753485 0.5747724312997834 3.1113009999971837
37 1.0067817973796416 0.4196707401362681 0.06675010005710647
203
38 1.0067817973796416 0.4196707401362681 2.166009800042957
39 0.9416395999727072 0.3653292901651812 0.0607556999893859
203
40 0.9416395999727072 0.3653292901651812 2.2149361000047065
41 0.9212061695802973 0.3448701468708471 0.061616500024683774
203
42 0.9131475908201846 0.3398663506589664 2.1820276000071317
203
43 0.9097897084300562 0.34114118889931333 2.209203200007323
44 1.6224680333376724
-------------------------------------------------END------------------------------------------------------
------------------------------------Reduced subspace LM---------------------------------------------------
390.00588740882034 391.88378155274404
0.9988022945383849 20
0 361.74620773538726 364.2522766874213 0.11382230004528537
0.9989036170889484 20
1 321.1477414625896 324.11433327406263 0.10726930003147572
0.9988076418210896 20
2 277.188823238192 280.14131497994344 0.18609899998409674
0.9978613571396441 20
3 245.49585312680657 245.2079219369018 0.1236417000181973
0.9726294758264287 20
0.9999998597280765 80
4 239.25131375616007 236.8819565163725 1.2427136999904178
0.9267597086344317 20
0.9999884687525166 80
5 206.10124676985973 203.81753156344973 0.7884093999746256
0.9500934460237077 20
0.9999577331918541 80
6 168.29426168382713 165.8254536940757 0.8101167000131682
0.9680040175269881 20
0.9999790888581583 80
7 150.10502498969228 148.02567783251794 0.8234260000172071
0.9823790310338654 20
0.9999835669390824 80
8 106.36731427740408 110.5952249621546 0.7358150000218302
0.997158451926728 20
9 26.559636923122365 26.73689757199691 0.11449790000915527
0.9091849837838436 20
0.9999928237562729 80
10 13.386212650852217 13.143777628890241 1.1697488000500016
0.9806180453274171 20
0.9999995155675446 80
11 6.303322477833065 5.739643362136103 1.3958073999965563
0.9686751326225003 20
0.9999943730988626 80
12 5.566908568029713 5.074573744725352 1.1276603000005707
0.9195597737940174 20
0.9999939188695703 80
13 1.4896858212721962 0.8998176289942932 0.8062462999951094
0.9947204656793819 20
14 1.0146681555606096 0.4105080464359671 0.1190789999673143
0.016571177094810832 20
0.9999671757837969 80
15 0.8871158689787706 0.302420466648726 1.3372850999585353
0.9714307558707117 20
0.9999996767375646 80
16 0.8468623161630914 0.27877624785880994 1.1722308999742381
0.9859359025854217 20
0.9999997606698536 80
17 0.8311201970253562 0.251844570105568 0.7236995000275783
0.9906953774282939 20
18 0.7592729333060274 0.1761764083084535 0.10743210004875436
0.0020120671463464673 20
0.9992468464204903 80
19 0.7359090794343897 0.1543981039506088 0.7162474000360817
0.9876643025799372 20
0.9999997580384282 80
20 0.7250027427297892 0.14685237715485935 0.7212765000294894
0.9972580802270887 20
21 0.7034984243439527 0.12287479623640485 0.09816789999604225
0.0002510423329904816 20
0.9990321067135447 80
22 0.7001134198219479 0.11859970060403137 0.6788765999954194
0.9959852397741615 20
23 0.6859442854928502 0.1023389261243875 0.10309049999341369
7.803161033894652e-05 20
0.9980728840002546 80
24 0.6745883204014824 0.09663966125353622 0.8419098000158556
0.985066387393334 20
0.99999946443288 80
25 0.664379207497537 0.08393254512337253 0.8502818999695592
0.9943683427884673 20
26 0.6628030761695334 0.08212649688436247 0.09805989998858422
0.00015317717280519688 20
0.9990523504832464 80
27 0.6573029689544092 0.0803684064697084 0.6929007000289857
0.9860189803483588 20
0.999999092056515 80
28 0.6506090168716799 0.07194155319668323 0.676609100017231
0.9930702931453416 20
29 0.6502027457968778 0.07163370429615094 0.11669470003107563
3.2734436057890265e-05 20
0.9970251090895673 80
30 0.6467411092984559 0.06924487519008281 1.3251978000043891
0.9923207565681237 20
31 0.6461166767763823 0.06881808703800008 0.10910000000149012
32 0.6260441625072417
-------------------------------------------------END------------------------------------------------------
32
-------------------------------------------Classical LM---------------------------------------------------
388.27208461181215 391.57750666325154
0 332.957298450821 326.5299198696011 2.4949721999582835
1 248.88825490006175 240.77174016884734 3.4033794999704696
2 248.88825490006175 240.77174016884734 3.747307699988596
3 157.3883082139569 149.53881864636963 2.104217499960214
4 78.94638487951909 75.03552605118978 2.1109519000165164
5 78.94638487951909 75.03552605118978 2.1099480999982916
6 77.90396065916487 81.24975069355594 2.0873388000181876
7 74.09964932943478 69.22659076244949 2.011905499966815
8 74.09964932943478 69.22659076244949 2.0359029000392184
9 74.09964932943478 69.22659076244949 2.0716503000003286
10 40.64008291083585 40.76406224693473 2.568238999985624
11 40.64008291083585 40.76406224693473 2.2267554000136442
12 37.67986130501324 35.64174284007679 2.2077369999606162
13 24.251055349077177 23.4975325928469 4.208013899973594
14 24.251055349077177 23.4975325928469 2.184338899969589
15 24.251055349077177 23.4975325928469 4.136932599998545
16 19.89046004581004 18.96629301424665 2.2885502999997698
17 6.869052959280119 6.371026676681446 2.0954946000128984
18 3.5755689050239874 2.5810465208508084 2.0385878999950364
19 2.556782461040962 1.7878054401993677 2.067982500011567
20 2.047187447607494 1.4353583577451101 2.0533108999952674
21 2.047187447607494 1.4353583577451101 2.058039900031872
22 1.2149284058389975 0.6196290169618923 2.090959399996791
23 1.0616082386563088 0.5050572936325677 2.8376295999623835
24 1.0616082386563088 0.5050572936325677 2.4157704999670386
25 0.8738246095453934 0.3247958326316244 2.0397063000127673
26 0.6874268383961413 0.10699864120666029 2.0973544999724254
27 0.6874268383961413 0.10699864120666029 2.0130016999901272
28 0.6542655853522159 0.0814747848724501 2.1573248999775387
29 0.6416736302200142 0.06752815149676447 1.996606700005941
30 0.6355336143776458 0.06845330398273385 1.9968173000379466
31 0.6355336143776458 0.06845330398273385 2.0596162999863736
32 0.6246355026035326 0.053816177493232316 2.0688508999883197
33 0.6186280991435739 0.05201311677837034 1.9954754000063986
34 0.6138262803064899 0.04857841403361662 1.998638499993831
35 0.612806363120622 0.05273115144730419 2.0615670999977738
36 0.6095470175558358 0.052333969988904515 2.046784799953457
37 0.6095470175558358 0.052333969988904515 2.5001596999936737
38 0.5971222820177663 0.040874039641916125 2.5957016999600455
39 0.5971222820177663 0.040874039641916125 2.1614097999990918
40 0.5953561281162728 0.041065904682248175 2.0769993999856524
41 2.2969821148869047
-------------------------------------------------END------------------------------------------------------
-------------------------------------------Krylov LM---------------------------------------------------
388.27208461181215 391.57750666325154
203
0 332.9572173418472 326.52986973893826 2.2056620999937877
203
1 252.87986323832897 244.93423116026418 2.1799473999999464
203
2 252.87986323832897 244.93423116026418 2.2182247000164352
3 155.0624085376609 148.38838422381855 0.04966330004390329
203
4 57.17731522312326 57.11523353838393 2.2254588999785483
203
5 57.17731522312326 57.11523353838393 2.209987300040666
6 57.17731522312326 57.11523353838393 0.05799120001029223
7 29.423219461797586 27.389066432089514 0.03837349999230355
203
8 29.423219461797586 27.389066432089514 2.2299877999466844
9 19.549499955128255 18.088305201282637 0.06119580002268776
203
10 19.549499955128255 18.088305201282637 2.208586400025524
11 14.305151405814893 13.646971969232897 0.05447309999726713
203
12 8.899353975262224 7.9513422939659995 2.720220600022003
203
13 8.899353975262224 7.9513422939659995 2.7511457999935374
14 3.8595375924080306 3.3582943638203635 0.05651129997568205
203
15 3.3528360300022366 2.5914597088837796 2.240069299994502
203
16 3.3528360300022366 2.5914597088837796 2.2226301000337116
17 3.2748190803221986 2.787267403558788 0.0599369999836199
203
18 2.385145908552943 1.8789743973904025 2.2501630999613553
203
19 2.385145908552943 1.8789743973904025 2.2115294000250287
20 1.980019924323312 1.4825985714704801 0.06017429998610169
203
21 1.980019924323312 1.4825985714704801 2.236048299993854
22 1.4123000612462489 0.9543314871238782 0.0625002000015229
203
23 1.4123000612462489 0.9543314871238782 2.3000104000093415
24 1.323707149221953 0.8480988039584174 0.05370369995944202
203
25 1.2771323896260183 0.7965157970975938 2.264235300011933
203
26 1.214779509002637 0.7163168570646103 2.2967466000118293
203
27 1.094109623563001 0.5844706665209428 2.3416316999937408
203
28 1.072838412239543 0.5535463948393922 2.289364199968986
203
29 1.0627859727538103 0.5213396255813909 2.9795490999822505
203
30 1.0627859727538103 0.5213396255813909 3.0450542000471614
31 0.8406459838127008 0.2683022664012185 0.05468259996268898
203
32 0.8350550792272184 0.2568566195627702 3.0613665000419132
203
33 0.8350550792272184 0.2568566195627702 2.1868567000492476
34 0.7787946190733677 0.2020216893479523 0.05360939999809489
203
35 0.7609115996535409 0.18450156324273445 2.235866500006523
203
36 0.7609115996535409 0.18450156324273445 2.2288964999606833
37 0.7468201005388911 0.17104634850979103 0.05431090004276484
203
38 0.7368799201605745 0.16214791881008148 2.229058899974916
203
39 0.7368799201605745 0.16214791881008148 2.249657899956219
40 0.7271765636708151 0.1525405233599836 0.04512870003236458
203
41 0.7214963008597977 0.14662518862958898 2.754494299995713
203
42 0.7214963008597977 0.14662518862958898 2.221342899953015
43 0.7125380916525185 0.13817909940024478 0.046718799974769354
203
44 0.7064978009030914 0.1316619057442335 2.273477600014303
203
45 0.704373208633054 0.12869944226090194 2.3397763000102714
46 1.6506192099989858
-------------------------------------------------END------------------------------------------------------
------------------------------------Reduced subspace LM---------------------------------------------------
388.27208461181215 391.57750666325154
0.9986891660630335 20
0 360.7896452999131 364.6814888310043 0.11375969997607172
0.9989728552040318 20
1 321.3728467677202 325.42620775483124 0.1085804000031203
0.9991872425815784 20
2 278.8558299637979 281.31226743639576 0.1648373000207357
0.998952002709156 20
3 247.37679565111046 246.6960664395591 0.10985449998406693
0.9671986807635125 20
0.999999492327043 80
4 242.49716394939264 241.5879766749196 0.8868468999862671
0.948869876100007 20
0.9999894503694162 80
5 227.60723158130884 224.64853381246778 0.9046299999463372
0.9680379648670473 20
0.9999290049784377 80
6 192.09788033709017 190.7444268007458 1.4798033999977633
0.9200519926405973 20
0.9999364846164862 80
7 160.6804320696961 159.39241366913367 1.214981800003443
0.9633816825749218 20
0.9999705902828977 80
8 158.89729178876343 154.49613058047223 0.8112608999945223
0.996524821936457 20
9 68.48963860114674 68.48277395171887 0.11708299996098503
0.9303530401574971 20
0.9999867799442149 80
10 63.63137239343283 64.82963559408697 0.7896954999887384
0.9824798981867036 20
0.9999957651316562 80
11 39.9954729029557 40.38011256673667 0.7192194999661297
0.998354742136737 20
12 9.934036257350492 10.010142487137722 0.1042363999877125
0.9447837277437107 20
0.9999995160070072 80
13 7.323016879501932 7.34925819612815 0.7706521000363864
0.9439256134735836 20
0.9999975055784426 80
14 5.287032647302764 5.067063790451531 0.7566225999617018
0.9844239980137336 20
0.9999984055844297 80
15 4.080410223771996 3.634933061840688 0.6901504999841563
0.9940585149528298 20
16 2.359404603194452 1.881566068045003 0.109500200022012
0.16388894479731986 20
0.9999961081542755 80
17 1.771482715702182 1.2486162966246115 1.0041194999939762
0.8639585252964908 20
0.999996602138697 80
18 1.5173656139405802 0.9915312353650259 0.7368324999697506
0.9742805456111577 20
0.9999985558802945 80
19 1.3230068794212944 0.776864756558459 0.9987736000330187
0.9836618079853209 20
0.9999991076636939 80
20 1.138793194095797 0.5860224837258653 0.9417437000083737
0.9881413598315404 20
0.9999995274669009 80
21 1.0013712450588768 0.43761065415289896 0.7789734999532811
0.9812753404590184 20
0.9999992180227463 80
22 0.9184476827708091 0.35778910531240277 1.3969862000085413
0.9873720704212338 20
0.9999996039059424 80
23 0.8540853036849705 0.28238659434239455 0.9843340000370517
0.9915257548386559 20
24 0.8286251833243162 0.2596951368359649 0.11088250001193956
0.0029960813100293744 20
0.9999057729365404 80
25 0.8028491875715692 0.23097677693090463 0.7169515000423416
0.9688900453249759 20
0.9999996818214847 80
26 0.7985412006176378 0.2301425228871001 0.6757150999619626
0.9950245628581875 20
27 0.7690924828382599 0.20317529117331087 0.10600379999959841
0.0034047118352379096 20
0.999939689420879 80
28 0.7484809050626468 0.17191330870397903 0.7082325999508612
0.9952569888863516 20
29 0.7408652848714681 0.16462898797648284 0.14695159997791052
0.0010964490992912506 20
0.9997766653710642 80
30 0.7309010030462308 0.16268381786187 1.168307600019034
0.99582758200086 20
31 0.7275642890902194 0.15901115003558786 0.1092083000112325
0.0001635278335122352 20
0.9982107656489771 80
32 0.7182213371832357 0.14439482869960582 0.6914012000197545
0.99803165114554 20
33 0.7165099124124592 0.14283859408149516 0.11192890000529587
0.0001990437591941051 20
0.9991989930485612 80
34 0.7118105538407572 0.142304063422284 0.6952551000285894
0.997091104323022 20
35 0.708904730700879 0.13881171933001202 0.11078670003917068
0.00017030481278246172 20
0.998622411907522 80
36 0.7024216529025409 0.1295260928398539 0.6656726999790408
0.9982118545082644 20
37 0.7010180602261532 0.1283254473188188 0.10863279999466613
38 0.5717988043476868
-------------------------------------------------END------------------------------------------------------
33
-------------------------------------------Classical LM---------------------------------------------------
421.9994007738587 426.18928082300033
0 421.9994007738587 426.18928082300033 2.0576618000050075
1 225.0459841044194 219.8197310329282 2.0716609000228345
2 152.73563527702132 156.1532809839997 2.078855999978259
3 152.73563527702132 156.1532809839997 2.0280331000103615
4 132.13817974898978 131.5712074642327 2.1168370000086725
5 132.13817974898978 131.5712074642327 2.2725024999817833
6 50.414090816951614 44.22963552363454 3.4616421000100672
7 50.414090816951614 44.22963552363454 3.1986079000052996
8 50.414090816951614 44.22963552363454 2.164371900027618
9 26.386309515219217 26.971791010085944 2.130158499989193
10 13.682226269076255 13.100246589845018 2.077769699972123
11 13.682226269076255 13.100246589845018 2.0328382999869063
12 9.60331169255073 9.94627923987433 2.8221222000429407
13 7.113447288131986 6.957104183175405 2.7626622999669053
14 5.080232121963917 4.714108226196872 3.479468999954406
15 5.080232121963917 4.714108226196872 3.7389279000344686
16 4.047183710432702 3.504050668979113 2.126785199972801
17 3.542936717093467 2.857633507452311 2.1268072000239044
18 3.012293118941009 2.342118709055968 2.3600347000174224
19 3.012293118941009 2.342118709055968 2.0527181000215933
20 1.6286838728950475 1.0484930015562772 2.0749240999575704
21 1.404289170397021 0.8014378008022963 2.065261699957773
22 1.1776472337198285 0.5784759341614055 2.023911500000395
23 1.1776472337198285 0.5784759341614055 2.031337699969299
24 0.9424176217020729 0.3563232393707141 2.116947699978482
25 0.8903118385520429 0.29973544293537296 2.0471780000370927
26 0.863176322966133 0.2841783983657215 2.1019808999844827
27 0.809144915669128 0.23281439284565114 2.441591000009794
28 0.7806666776460791 0.1887996032049643 2.088127600029111
29 0.7602802232329979 0.17362727912378512 2.0409616000251845
30 0.7602802232329979 0.17362727912378512 2.06443179998314
31 0.6981760498564745 0.1290154098196691 2.055328799993731
32 0.6981760498564745 0.1290154098196691 2.026500800042413
33 0.6687540584756799 0.1044388180441485 2.121413599990774
34 0.6687540584756799 0.1044388180441485 2.026620000018738
35 0.6569909354415319 0.09804217655361105 3.812207999988459
36 0.6569909354415319 0.09804217655361105 3.6472501999814995
37 0.655825206198179 0.09784628396109601 2.1210423999582417
38 2.357026763413692
-------------------------------------------------END------------------------------------------------------
-------------------------------------------Krylov LM---------------------------------------------------
421.9994007738587 426.18928082300033
203
0 421.9994007738587 426.18928082300033 2.7082465999992564
1 225.04598410418458 219.81973103262675 0.0386399999842979
203
2 152.7292397068597 156.1368028270676 2.4436264999676496
203
3 152.7292397068597 156.1368028270676 2.256914699974004
4 132.4397698571621 131.85579936963703 0.05505600001197308
203
5 132.4397698571621 131.85579936963703 2.26107339997543
6 50.47306235916923 44.31212983650148 0.06087909999769181
203
7 50.47306235916923 44.31212983650148 2.2301372999791056
8 50.47306235916923 44.31212983650148 0.05332100001396611
9 26.27152525024648 26.845039046873747 0.043805599969346076
203
10 13.6972894993853 13.1021159353556 2.2640251999837346
203
11 13.6972894993853 13.1021159353556 2.263167799974326
12 9.596350771108158 9.927388332423245 0.06110320001607761
203
13 7.125432658772197 6.969457631332505 2.330352299963124
203
14 5.069721933129849 4.70919008265742 2.2322455999674276
203
15 5.069721933129849 4.70919008265742 2.237913099990692
16 4.044552867927446 3.510241728362932 0.04639199998928234
203
17 3.5565403461314316 2.87456216744086 2.281311300001107
203
18 3.0388250907708234 2.369885703635778 2.231285299989395
203
19 3.0388250907708234 2.369885703635778 2.2762675000121817
20 1.6333957222422815 1.054375746260458 0.06534359999932349
203
21 1.4036363330776598 0.8005115842122644 2.2480826000100933
203
22 1.1874727449332982 0.5962581675123833 2.260075800004415
203
23 1.1874727449332982 0.5962581675123833 2.2309388000285253
24 0.9476937039433151 0.3577873440912432 0.05406669998774305
203
25 0.8940037847231767 0.3019111736280056 2.223092700005509
203
26 0.8473150723225082 0.2699977574016576 2.298480199999176
203
27 0.8283417807925778 0.23980729900670522 2.212910899950657
203
28 0.8088325790535391 0.2136110910273943 2.2246664999984205
203
29 0.8088325790535391 0.2136110910273943 2.2563008000142872
30 0.7649720826541038 0.17943957763655685 0.07122340000933036
203
31 0.7649720826541038 0.17943957763655685 2.409552500001155
32 0.7342069907318004 0.16776971910927632 0.04430469998624176
203
33 0.7285831023885097 0.15780659071468728 2.696061299997382
203
34 0.7285831023885097 0.15780659071468728 3.0255740999709815
35 0.7257797278999526 0.16558463620812766 0.05879119999008253
36 1.658335893995827
-------------------------------------------------END------------------------------------------------------
------------------------------------Reduced subspace LM---------------------------------------------------
421.9994007738587 426.18928082300033
0.9988387505573738 20
0 388.6741255152426 393.6328452226744 0.10900569998193532
0.9991154081039046 20
1 340.832576187127 346.9143995206496 0.10951629996998236
0.999242163316806 20
2 288.569616783514 294.60632674005825 0.10124260000884533
0.9988547121074923 20
3 250.88921206446543 252.39042582487673 0.14170320000266656
0.9941377710452494 20
4 214.24289784313808 210.6571280990259 0.1426375000155531
0.8443594922524739 20
0.9999204953558779 80
5 202.56221861902577 199.09832951119571 0.8129219000111334
0.8502582750804338 20
0.9998507855624651 80
6 189.26964627158804 183.69804241600033 0.8239913999568671
0.9539777922588485 20
0.999951697132239 80
7 182.50408748463002 169.6166069291008 0.7258512999978848
0.8598681075169873 20
0.9993062109681714 80
8 142.76725884872624 135.10516274491184 0.9350793999619782
0.9447783243440604 20
0.9998864156164111 80
9 57.676273430080165 55.41010988129246 0.8363924999721348
0.9920969564402468 20
10 23.747895549737766 22.938012159516095 0.09414360002847388
0.4187028341366727 20
0.999938241686053 80
11 16.54669580430418 15.397513189875733 0.7046034999657422
0.9498643296543979 20
0.9999380451984543 80
12 9.726946384552992 9.217765690808081 0.7133302000002004
0.9656145857940978 20
0.999956583656389 80
13 6.894487729098319 6.461083997548345 0.662223500024993
0.9909434589074142 20
14 2.845667502878573 2.4851064218473202 0.10721619997639209
0.4156265372813337 20
0.9999941838393135 80
15 1.6746490481707257 1.2282115062354382 0.7380769000155851
0.9616865739087862 20
0.9999976942831477 80
16 1.4074283051423353 0.8692316357073719 0.7793410000158474
0.9752273269207791 20
0.9999981814160293 80
17 1.0837357290135925 0.48925906650051004 0.7335612999740988
0.9848359843084283 20
0.9999950059413222 80
18 0.924338605722184 0.3561440291947155 1.3797433999716304
0.9966004178252189 20
19 0.7828967612555702 0.21858556945995225 0.10076060000574216
0.004052139984674735 20
0.9993267053494393 80
20 0.7540217889811242 0.19326910373309425 1.0771770999999717
0.9418770377968618 20
0.9999623700229037 80
21 0.748605060635506 0.17881135980857682 0.6836392999975942
0.9705950280118973 20
0.9999986787692495 80
22 0.7013003323758418 0.14406079145533182 0.6786989999818616
0.946005040300799 20
0.9999971284902165 80
23 0.6912720823361052 0.12555291842620017 0.670118400012143
0.9501218705801168 20
0.9999982440497466 80
24 0.6750889655837216 0.11831657722880329 0.7012070000055246
0.963742478221073 20
0.9999985198535285 80
25 0.6644948247656485 0.09863920249733425 0.6694301000097767
0.9593055208173799 20
0.9999987700077393 80
26 0.6573930513752606 0.09884518683978077 0.6940132000017911
0.9767636270297334 20
0.9999987790783372 80
27 0.6483683218668103 0.08292059442040473 0.6959224999882281
0.969443145393476 20
0.9999988724394516 80
28 0.6444794848757079 0.0847614990461786 0.6618141999933869
0.9813604972213732 20
0.9999989052845499 80
29 0.6378958146693021 0.07272517415991193 0.7030359000200406
0.9790434436672191 20
0.9999988798290077 80
30 0.6351358771362746 0.07450530779976935 0.8747198000201024
31 0.6678737906961117
-------------------------------------------------END------------------------------------------------------
34
-------------------------------------------Classical LM---------------------------------------------------
423.5027562443813 423.55202824756446
0 311.81591296313286 310.552726336104 2.968555199971888
1 311.81591296313286 310.552726336104 2.53878939995775
2 182.46978582993887 178.0346057264331 4.695863600005396
3 182.46978582993887 178.0346057264331 4.4843154000118375
4 62.57521223729861 63.71116678490315 2.2068577999598347
5 62.57521223729861 63.71116678490315 3.2629313999786973
6 62.57521223729861 63.71116678490315 2.478373499994632
7 23.09537138191654 22.539079152776125 2.118695499957539
8 23.09537138191654 22.539079152776125 2.1619160000118427
9 14.353303678503831 14.192573577826645 2.107858999981545
10 9.145793537101152 8.75380184679759 2.076069400005508
11 7.1673826665058655 6.413079751817149 2.058583499980159
12 7.1673826665058655 6.413079751817149 2.0507880999939516
13 4.3598740279834995 3.7742873661030245 2.0895099000190385
14 3.4806960624289727 3.1049575124969007 2.1365370000130497
15 3.4806960624289727 3.1049575124969007 2.0593107999884523
16 2.824464392002773 2.2812804424338538 2.0932389999506995
17 2.302720884496297 1.8166421012711182 2.0410395999788307
18 1.7476819531146974 1.199555803227981 2.0538648000219837
19 1.7476819531146974 1.199555803227981 2.013808000017889
20 1.3752278763749883 0.8224751797355245 2.0852351000066847
21 1.2212776632628068 0.6487921967457408 2.0482508999994025
22 1.0537561387203913 0.48169996603577075 1.9929228000110015
23 1.0212606849285584 0.4848086160704356 2.0503514000447467
24 1.0212606849285584 0.4848086160704356 2.022823999985121
25 0.7686933050772277 0.20134007513894253 2.086112300050445
26 0.766136666734209 0.19662604579766396 2.055161500000395
27 0.7593746724038627 0.19547615116502792 2.02720589999808
28 0.7426771205339852 0.17242829951324895 2.5141446000197902
29 0.7426771205339852 0.17242829951324895 2.1462998000206426
30 0.6609131051172682 0.09566980180634653 3.282960999989882
31 0.6609131051172682 0.09566980180634653 2.1130613000132143
32 0.644662478147564 0.08035171080704376 2.066955999995116
33 0.6390480714159461 0.07416767204305083 2.047962600016035
34 0.6355178606115319 0.07196998523875087 2.0292256000102498
35 0.6355178606115319 0.07196998523875087 2.0249166999710724
36 0.6273692609601256 0.06445330686551277 2.68704379996052
37 0.6245863865909367 0.062451566568970864 3.09500480000861
38 2.5248710999999626
-------------------------------------------------END------------------------------------------------------
-------------------------------------------Krylov LM---------------------------------------------------
423.5027562443813 423.55202824756446
203
0 311.81480386425767 310.55099642228987 3.1142628000234254
203
1 311.81480386425767 310.55099642228987 2.1833997999783605
2 171.9267691052621 166.25652104873478 0.0594462999724783
203
3 171.9267691052621 166.25652104873478 2.231047200039029
4 61.16291724133036 62.75660513772019 0.04906230000779033
203
5 61.16291724133036 62.75660513772019 2.2147896999958903
6 61.16291724133036 62.75660513772019 0.05182200000854209
7 23.156567537861438 22.885102835792427 0.03829200001200661
203
8 23.156567537861438 22.885102835792427 2.212065299972892
9 14.893330747459078 14.905031200976293 0.05426030000671744
203
10 9.608058090374357 9.220565430983143 2.2142744000302628
203
11 7.380402081686506 6.645357853302836 2.2140913999755867
203
12 6.25863384101756 6.067704935256955 2.223799300030805
203
13 6.25863384101756 6.067704935256955 2.7008162999991328
14 4.423541052845637 3.6065970870507464 0.06261560000712052
203
15 4.423541052845637 3.6065970870507464 2.254934400029015
16 2.5277610258263614 2.0246696965243527 0.05413760000374168
203
17 2.5277610258263614 2.0246696965243527 2.239356999984011
18 2.0501012578163076 1.5449466079679803 0.05323540000244975
203
19 1.9172730395246078 1.385319121891372 2.222019499982707
203
20 1.6062280676604954 1.1047448824937802 2.532403899997007
203
21 1.5081739590976617 0.9891507147543231 2.728626299998723
203
22 1.210237975550011 0.6370489161566127 2.2033694999990985
203
23 1.210237975550011 0.6370489161566127 2.2292442999896593
24 0.9610091383604078 0.3823678530909908 0.04164339997805655
203
25 0.9610091383604078 0.3823678530909908 2.4562223000102676
26 0.8725001582830024 0.2999171299915166 0.0415694999974221
203
27 0.8401904837438691 0.2632832970072484 2.22933020000346
203
28 0.8251791389048972 0.2440368753441217 2.2044515000307
203
29 0.8120014206584909 0.2338320905287112 2.2432642000494525
203
30 0.7912179998136709 0.21816928710179923 2.2201866999967024
203
31 0.7912179998136709 0.21816928710179923 2.2571084999945015
32 0.679916132886169 0.10488809042247066 0.060401999973692
203
33 0.679916132886169 0.10488809042247066 2.2195281999884173
34 0.6638625263546261 0.09073501728311671 0.04904099996201694
203
35 0.6588419098870859 0.08788008716574665 2.2294747999985702
203
36 0.6588419098870859 0.08788008716574665 2.221556000004057
37 0.6495766675429521 0.07931244628647045 0.046135000011418015
203
38 0.6457033862808017 0.07706996679124026 2.2138818000094034
39 1.5956810470613396
-------------------------------------------------END------------------------------------------------------
------------------------------------Reduced subspace LM---------------------------------------------------
423.5027562443813 423.55202824756446
0.9988157965663391 20
0 389.3643981656199 390.65157649907775 0.09773959999438375
0.9991571321782601 20
1 340.00967189716283 342.8739470291359 0.11697799997637048
0.9993108337207406 20
2 286.16863211482604 289.4080787865858 0.14553660003002733
0.9989828501489124 20
3 247.23927401596117 249.18172148145848 0.210235400008969
0.9750944794898891 20
0.9999991647120003 80
4 219.24354999357598 209.34290406080842 0.737472600012552
0.8966727329640448 20
0.9973549004558815 80
5 163.77934559111102 158.5412569172079 0.727150899998378
0.8555759875216723 20
0.997864338044353 80
6 75.7567833981965 76.76775861806102 0.722305100003723
0.8207790185879554 20
0.9985254512990529 80
7 37.33045086411546 38.12781927636008 0.7318403000244871
0.9060466066508883 20
0.99969361847039 80
8 20.30982091570406 20.917490970464417 0.7359516000142321
0.9884950659737063 20
0.9999626073962284 80
9 12.497655042924103 12.825503071491097 0.7168906999868341
0.9882606351198623 20
0.9999849166033754 80
10 6.84108695711606 6.759571959940942 0.6864669999922626
0.9839898121184706 20
0.9999877378295372 80
11 5.142475842558459 4.935005788163295 0.696067699987907
0.975999114052084 20
0.9999928833937526 80
12 2.9915375552563668 2.7083362250258904 1.053825999959372
0.9603582187534082 20
0.9999693922669544 80
13 2.142888806145077 1.6885461001044022 0.916855100018438
0.9055329500908536 20
0.9999858076417432 80
14 1.6857864364491866 1.2607762524147106 1.1471807999769226
0.9806044027242168 20
0.999983635583892 80
15 1.4186459988933677 0.9886657881657276 0.6917857000371441
0.961092533687759 20
0.9999920667699624 80
16 1.145079626177076 0.6189066684508328 0.6860548999975435
0.9959235514610902 20
17 1.0857892220068988 0.5834396333557595 0.10646340000675991
0.004455887039256966 20
0.9990364583646557 80
18 1.0457896319248616 0.545842711805893 0.6720338999875821
0.9819218684862365 20
0.9999898724769283 80
19 1.0250348941633416 0.47330531701665046 0.6902517999988049
0.9910903769562841 20
20 0.959080562036372 0.43106862728393486 0.09450899995863438
0.0017023848435403636 20
0.9985195799257183 80
21 0.9417846617000453 0.40581785264247194 0.6916055000037886
0.9801708819200595 20
0.9999961589069419 80
22 0.9124374166909013 0.3680358661946311 0.6891603000112809
0.9842557716111769 20
0.9999984949678448 80
23 0.869296219892284 0.32224453388467783 0.7095816000364721
0.9645927144118921 20
0.9999931094819982 80
24 0.8377744035108479 0.28989709318415463 0.7104079999844544
0.9667875169376942 20
0.9999986186389627 80
25 0.8106598828688805 0.25243776151754144 1.191720600007102
0.9677748087667574 20
0.9999982915220332 80
26 0.7921257452795962 0.23730678013677745 1.0363514000200666
0.9726353483297144 20
0.9999981206769916 80
27 0.7650997989849059 0.19938959159767342 0.6909727000165731
0.9847416458155952 20
0.9999990146608604 80
28 0.7538998427277546 0.1924341554047748 0.6943350000074133
0.9730055781496055 20
0.9999963231426712 80
29 0.7268977254130423 0.15836178222954989 0.6676544999936596
0.9832597692897695 20
0.9999991906998184 80
30 0.7193958571944787 0.15457884560486287 0.6827135999919847
0.9743227575195772 20
0.9999957202550254 80
31 0.6995593446528057 0.13295286824311256 0.6822172999964096
0.9594529880766214 20
0.9999990073895859 80
32 0.6931526807108075 0.12766178191626146 0.6854576999903657
0.9858960564004133 20
0.999998700552022 80
33 0.6815119514623686 0.11575326911477608 0.6850862000137568
0.9305458073702271 20
0.9999980305566938 80
34 0.6756706170677178 0.11079202505042317 0.6794976000091992
0.991981763267761 20
35 0.6741563991776308 0.11088223526351941 0.09974650002550334
36 0.6352041051305162
-------------------------------------------------END------------------------------------------------------
35
-------------------------------------------Classical LM---------------------------------------------------
397.11861504377464 395.89891716118274
0 284.117897025018 288.1146415985085 3.7864333000034094
1 284.117897025018 288.1146415985085 4.47590899997158
2 284.117897025018 288.1146415985085 3.071245800005272
3 284.117897025018 288.1146415985085 2.0874726999900304
4 85.35090316003927 84.6240668653239 2.088491200003773
5 85.35090316003927 84.6240668653239 2.0568386999657378
6 40.3082402928016 43.134738604841026 2.089333300013095
7 21.954727401257095 21.164644941305617 2.03277170000365
8 21.954727401257095 21.164644941305617 2.008314299979247
9 10.919818446479354 11.233520223200298 2.1810897999675944
10 5.3675952321827705 5.026617453303997 2.108941500016954
11 4.2899767029752836 4.124523740877861 2.0790629999828525
12 3.285321738056404 2.7328310359903045 2.076022399996873
13 3.2443360625223607 2.6745200788413688 2.068704000033904
14 3.2443360625223607 2.6745200788413688 2.0354472000035457
15 1.6018502180628442 1.0931207717721574 2.097542399947997
16 1.6018502180628442 1.0931207717721574 2.089807899959851
17 1.2846007267234874 0.7520471526680681 2.101641000015661
18 0.9842316971338944 0.4344961587486347 2.034032700001262
19 0.9842316971338944 0.4344961587486347 2.0627084999578074
20 0.9207759356586565 0.3622794330652423 2.184158899995964
21 0.9207759356586565 0.3622794330652423 2.046338399988599
22 0.8547443591869333 0.2962960611020749 2.1730655999854207
23 0.837986013669495 0.2787536213092106 2.2659902999876067
24 0.8134608817899912 0.2528693743915756 2.0936015999759547
25 0.7769919795328798 0.2160468761970841 2.078458399977535
26 0.7390562440835579 0.18057890770203663 2.061156600015238
27 0.7390562440835579 0.18057890770203663 2.0290526999742724
28 0.7118028942213357 0.1537148198891374 2.100356200011447
29 0.7005150619260961 0.1414609074100678 2.044557400047779
30 0.7005150619260961 0.1414609074100678 2.017442399985157
31 0.6820085501817459 0.12331096866064334 2.0970819999929518
32 0.6763092631673217 0.1158380751885325 2.0293732000282034
33 0.6763092631673217 0.1158380751885325 2.110357000026852
34 0.6636273302112957 0.10476373540491557 2.1034846999682486
35 0.6586186722359757 0.09928005159933011 2.045014599978458
36 0.6586186722359757 0.09928005159933011 2.043412300001364
37 0.6529268610936879 0.09492299020592479 3.8751893000444397
38 2.230295999992487
-------------------------------------------------END------------------------------------------------------
-------------------------------------------Krylov LM---------------------------------------------------
397.11861504377464 395.89891716118274
203
0 284.1179147103315 288.1145447280116 2.213726999994833
203
1 284.1179147103315 288.1145447280116 2.2801434999564663
2 284.1179147103315 288.1145447280116 0.061968800029717386
3 284.1179147103315 288.1145447280116 0.038651600014418364
4 85.35117671140344 84.62433308849417 0.05652879999252036
203
5 85.35117671140344 84.62433308849417 2.275630899996031
6 40.30855188151053 43.13508498033411 0.0594594000140205
203
7 21.95483580716594 21.164799518375126 2.2560348000261
203
8 21.95483580716594 21.164799518375126 2.203766699996777
9 10.919920367505584 11.23358419121441 0.06105839996598661
203
10 5.367617562456089 5.026633503239011 2.2192604999872856
203
11 4.290066035812781 4.1245803249545165 2.226864199968986
203
12 3.3002762696000514 2.746964333534598 2.2473454999853857
203
13 3.2923611564138184 2.695376821548188 2.4088612999767065
203
14 3.2923611564138184 2.695376821548188 2.658413400000427
15 1.577147737372654 1.0719368466338273 0.046933699981309474
203
16 1.577147737372654 1.0719368466338273 3.1053439000388607
17 1.2913415550323912 0.7554281435708377 0.05450650001876056
203
18 0.9881971576136046 0.4430879576028819 3.1135714999982156
203
19 0.9881971576136046 0.4430879576028819 2.4816289999871515
20 0.9106313326540753 0.35224728991120774 0.07846849999623373
203
21 0.9106313326540753 0.35224728991120774 2.2172257999773137
22 0.8590327995396155 0.3009408938770678 0.060599700023885816
203
23 0.8418332913648279 0.2831374723806832 2.230148200003896
203
24 0.8180525566790476 0.25836265224835847 2.2263216000283137
203
25 0.781342367629712 0.22164050355966616 2.21937359997537
203
26 0.7424270897081905 0.18432652516394304 2.2054111000034027
203
27 0.7424270897081905 0.18432652516394304 2.210178499983158
28 0.7136943268763707 0.15676352115397474 0.04735240002628416
203
29 0.7012581786463378 0.14324624954519632 2.1985252000158653
203
30 0.7012581786463378 0.14324624954519632 2.716864899965003
31 0.6835710504335404 0.1258746476949478 0.03954450000310317
203
32 0.6775282247835572 0.1178574570601595 3.1607841000077315
203
33 0.6775282247835572 0.1178574570601595 2.709494500013534
34 0.6652507488282555 0.10676895347416158 0.04726349998963997
203
35 0.6602688879659482 0.10078137763729571 2.26057139999466
203
36 0.6602688879659482 0.10078137763729571 2.2616928999777883
37 0.6545151372966529 0.09628718943638269 0.04547820001607761
203
38 0.650395854290224 0.09150219534565977 2.2429380000103265
39 1.6754684035120972
-------------------------------------------------END------------------------------------------------------
------------------------------------Reduced subspace LM---------------------------------------------------
397.11861504377464 395.89891716118274
0.9991029857372626 20
0 367.9081501304076 368.1476580866309 0.15419159998418763
0.9992384073686118 20
1 326.00199811100634 328.08525931254496 0.1096737000043504
0.9990152676799565 20
2 281.0078928789521 284.22678910770446 0.10094649996608496
0.998492151778263 20
3 247.65574279474396 247.81509925497411 0.09495719999540597
0.9811829446354212 20
0.999997700271915 80
4 221.39886557815163 218.85934380831034 0.8236020000185817
0.8828907711820563 20
0.9997856751985663 80
5 203.87475150991602 203.80655879793838 0.7831627000123262
0.9506771013154126 20
0.999627117790053 80
6 172.52062107313103 172.43408849731523 0.7020066999830306
0.8855328020927662 20
0.9995960431995617 80
7 116.68950183299589 111.50809264852802 0.722366800007876
0.9454724318683544 20
0.9999353364743693 80
8 104.93859622404966 99.178336795202 0.7474906000425108
0.9867096438382819 20
0.9999737683521802 80
9 42.861516165682566 40.42757429887919 0.7526389000122435
0.9864850132352948 20
0.9999752364741781 80
10 41.88843406433313 42.16688654127945 0.9424008000059985
0.9928625609924584 20
11 14.75510745543326 14.328363688536413 0.1578138999757357
0.7772624503385444 20
0.9999958626850467 80
12 6.434628736908199 5.893040618096761 0.7218226999975741
0.9615390333917395 20
0.9999939503049827 80
13 3.4471618834959563 2.807583042014957 0.7401962999720126
0.9714963624839398 20
0.9999959467608039 80
14 3.044743180508732 2.303318972648088 0.6832748000160791
0.9873524852876793 20
0.9999959134859511 80
15 1.6514406775718236 0.9516271785781161 0.7048314999556169
0.9650561666179289 20
0.9999941167534179 80
16 1.1531706741365386 0.5140574547636608 0.6806387999677099
0.994979152573406 20
17 1.031948268682023 0.4218973407549533 0.10744339996017516
0.03283596366733149 20
0.9999775716605965 80
18 0.9409938578491108 0.34088801107665745 0.738156900042668
0.977954590372368 20
0.9999996215830474 80
19 0.8730401124006605 0.28152207982822103 0.7384774000383914
0.9937015210195311 20
20 0.85422841088167 0.2617589655254094 0.12345980003010482
0.0011704123663466878 20
0.9994894877130668 80
21 0.8170733944241325 0.2347326628731695 1.0335758999572136
0.9967395023122128 20
22 0.7939872092612859 0.20818074973107936 0.11475559999234974
0.0008623275512098087 20
0.9987305179581989 80
23 0.7628889232911717 0.18189966334107532 0.799395399983041
0.995178450633945 20
24 0.7583617032394302 0.175636650858125 0.18147880001924932
0.000180401621624023 20
0.9972476443278097 80
25 0.7366865185410923 0.1587313167282967 0.7432107999920845
0.9802718738150239 20
0.9999995645461398 80
26 0.719274437604189 0.14066590660246334 0.756105899985414
0.9897926763908033 20
0.999999545555858 80
27 0.7021128286225019 0.12672595965625696 0.7294293000013568
0.9882701934233578 20
0.9999994586523511 80
28 0.6897052596370106 0.11290930579254944 0.7314948999555781
0.9856342562141182 20
0.9999989041889473 80
29 0.6761503162635838 0.10353635206283596 0.7249118000036106
0.982780668189593 20
0.9999963184852025 80
30 0.6660512087238635 0.09153548723440433 0.7378398000146262
0.9831636655495062 20
0.9999973599245376 80
31 0.6602842418526408 0.09333900001478153 0.6812565000145696
0.9888447973799601 20
0.999999209441049 80
32 0.6560096816107356 0.08209520451828282 0.722397200006526
33 0.640187417997513
-------------------------------------------------END------------------------------------------------------
36
-------------------------------------------Classical LM---------------------------------------------------
407.7287796787768 404.15549641435666
0 407.7287796787768 404.15549641435666 3.9315775000141002
1 301.9618951709814 296.6846262898947 3.196547399973497
2 188.52725049742736 187.2820065787359 3.091398999968078
3 188.52725049742736 187.2820065787359 3.1470429999753833
4 154.64660400773707 159.5569657951151 2.1960840999963693
5 135.6679136754542 131.25015875399143 2.262390299991239
6 119.0962846680229 127.3676451245844 2.764168600027915
7 119.0962846680229 127.3676451245844 2.5103134000091814
8 119.0962846680229 127.3676451245844 2.711746899993159
9 60.455488073786654 59.90825449605157 2.0964274000143632
10 60.455488073786654 59.90825449605157 2.217783799977042
11 41.95798595715033 43.31861026422845 2.140734100015834
12 41.95798595715033 43.31861026422845 2.248257900006138
13 10.802889914418216 10.366340930612619 2.1071965000010096
14 6.954560758165183 6.827579178635368 2.307442200020887
15 5.714627587174641 5.17514493188967 3.21911689999979
16 5.714627587174641 5.17514493188967 3.5541237000143155
17 2.114700784723184 1.5788397820568192 2.20171609998215
18 1.5252978815164533 0.949240243989799 3.2028655000030994
19 1.5252978815164533 0.949240243989799 3.0311681000166573
20 0.9965493442874588 0.4439026516318068 2.122752199997194
21 0.8828615818405778 0.33343323332846897 3.262761300022248
22 0.8535631939744908 0.2985625251308936 3.051425100013148
23 0.8535631939744908 0.2985625251308936 3.1291231000213884
24 0.7434604796941847 0.17761149517669583 3.6149368999758735
25 0.7374365351889228 0.17671423606256215 3.8220525000360794
26 0.7329412115821505 0.1715484144909592 4.7918566999724135
27 0.6668925307633917 0.10238560486367919 3.074702999962028
28 0.6533940729909887 0.08971474338610201 2.145647600002121
29 0.6471295041057206 0.087334394425263 2.0297581999911927
30 0.6471295041057206 0.087334394425263 2.0519133000052534
31 0.6068804487730076 0.04829862740126616 2.157006499997806
32 0.6049177529022942 0.05041846118791334 2.183927699981723
33 0.6049177529022942 0.05041846118791334 2.0704011999769136
34 0.598727985976555 0.045095750778908025 3.11810250004055
35 0.598727985976555 0.045095750778908025 2.017357299977448
36 0.5953801457900759 0.04408531084422454 3.125542800000403
37 2.760965586840604
-------------------------------------------------END------------------------------------------------------
-------------------------------------------Krylov LM---------------------------------------------------
407.7287796787768 404.15549641435666
203
0 407.7287796787768 404.15549641435666 3.0433197999955155
1 301.9618951713475 296.6846262903011 0.05857490003108978
203
2 188.50648133364865 187.2170983869939 2.7488961999770254
203
3 188.50648133364865 187.2170983869939 2.2324411000008695
4 154.80572039308618 159.76964480113716 0.060706099960953
203
5 138.00168578581926 133.56671491923416 2.2124173000338487
203
6 93.18984848292762 99.30354006991219 2.584105800022371
203
7 93.18984848292762 99.30354006991219 2.2998316999874078
8 93.18984848292762 99.30354006991219 0.04016919998684898
9 50.4473824500773 51.40733664555475 0.052363599999807775
203
10 50.4473824500773 51.40733664555475 2.261914299975615
11 23.80864751601925 25.615331704343188 0.06403280002996325
203
12 20.31237279329343 18.254726482636396 2.239256699976977
203
13 20.31237279329343 18.254726482636396 2.2218511999817565
14 5.084794069601636 4.6456025877335145 0.041702100017573684
203
15 5.084794069601636 4.6456025877335145 2.20624750002753
16 2.1632308324701324 1.7558823247056214 0.05308869999134913
203
17 2.1632308324701324 1.7558823247056214 2.2279837999958545
18 1.6626817491662182 1.2466637543811199 0.052313500025775284
203
19 1.4949423695665134 1.0188514002158635 2.19515909999609
203
20 1.4949423695665134 1.0188514002158635 2.219411499972921
21 1.3966777042348826 0.9157977761911706 0.04616940004052594
203
22 1.296204839917042 0.7896246475101845 2.219000299985055
203
23 1.1697343188004907 0.6402182585663434 2.2728321999893524
203
24 1.073467986716344 0.5339789908848485 2.2195409999694675
203
25 1.073467986716344 0.5339789908848485 2.1844419999979436
26 0.916565073692401 0.3585171806914836 0.04648530000122264
203
27 0.8637896500595965 0.3016419413366034 2.220111700007692
203
28 0.7895831243931349 0.21611568717953442 2.2086729999864474
203
29 0.7831377263248519 0.2061489595104867 2.219924400036689
203
30 0.7831377263248519 0.2061489595104867 2.215867899998557
31 0.6842593632554117 0.1155909259036786 0.0615947000333108
203
32 0.6671860361507309 0.0993893156758296 2.210648600012064
203
33 0.6531320745562598 0.08571869943046716 2.6850796000217088
203
34 0.6452580042725535 0.08137264421595143 2.872271100000944
203
35 0.6343755231661046 0.06918899076651946 3.6603280999697745
203
36 0.6327022136258156 0.06995108625864296 3.8334335000254214
37 1.8334851275023538
-------------------------------------------------END------------------------------------------------------
------------------------------------Reduced subspace LM---------------------------------------------------
407.7287796787768 404.15549641435666
0.9986333976362167 20
0 375.80949832521475 372.3357275259894 0.10662540001794696
0.9989055256084757 20
1 330.0486854628013 327.0209510008488 0.0982788999681361
0.9991984289062501 20
2 280.09074742708435 279.16289001705184 0.10807030001888052
0.9973612647282516 20
3 227.8186131950757 227.7691602277552 0.09688100003404543
0.9165195914909904 20
0.9999898085782146 80
4 206.2535857057475 211.61826643377682 0.7469647999969311
0.9540703498545303 20
0.9998920191620428 80
5 174.6926295949238 180.50996591972822 0.8229926000349224
0.9768430122487276 20
0.9999317595246827 80
6 134.9709668447108 132.906661695726 0.7433575000031851
0.9911265404347194 20
7 53.616187491582906 52.844644693707515 0.11531540000578389
0.8934227838761036 20
0.9999919772707878 80
8 41.074885598283 40.531709536035514 0.9955988000147045
0.9916731646528112 20
9 17.30838398122798 16.860007703699107 0.11947480001254007
0.7559067072695203 20
0.9999950077295449 80
10 13.308315754734355 13.031566086315449 1.0712863000226207
0.9877329143442518 20
0.9999966473101604 80
11 9.874856699753844 9.341009965597417 0.7176679000258446
0.9974924221208123 20
12 3.5789200138907313 2.940366125281831 0.10730529995635152
0.43964695825150535 20
0.9999946447145288 80
13 3.050586477479794 2.383201030993369 0.750663099985104
0.9649896956863251 20
0.9999965594300048 80
14 2.260496022533501 1.6196370824649164 1.0354004999971949
0.9719008279878031 20
0.9999965579743277 80
15 1.4394073683610553 0.8502028692854965 1.4535381999448873
0.9662573473273134 20
0.9999982219472763 80
16 1.2878650591656788 0.7108240653968768 1.4831744999974035
0.9858965429206213 20
0.9999982409795042 80
17 1.192638617619161 0.6235618920232512 0.7397076000343077
0.9928117749941717 20
18 0.9863481138473733 0.4097124322635477 0.11453380004968494
0.007905402683558013 20
0.9989285290698307 80
19 0.929112448172678 0.3549539619442289 0.7643230999819934
0.9798901337430105 20
0.9999989941656228 80
20 0.904716591890412 0.3308948193121374 0.7360641999985091
0.9956860829825187 20
21 0.8365320590814983 0.2529359389707983 0.10519319999730214
0.000992613106811561 20
0.9963017724144202 80
22 0.7814541318955851 0.1995705650189573 0.717751500022132
0.9283094764851928 20
0.9999870963715518 80
23 0.7657231014212601 0.18160260074359214 0.7015006999718025
0.9887822229548108 20
0.9999988900192929 80
24 0.7091189763453573 0.13227145399992243 0.7740169999888167
0.9964848984243623 20
25 0.7059013006553433 0.12811943776561485 0.19522370002232492
8.005716340094387e-05 20
0.9979158374732942 80
26 0.6959353680178124 0.11825853643693647 1.1580950999632478
0.9824996875615244 20
0.9999993066237255 80
27 0.6871896208854432 0.11367505043359973 1.2754939000005834
0.9978101897831714 20
28 0.6849519832030067 0.11025788918731973 0.09663949999958277
4.430033597382792e-05 20
0.9917391846252294 80
29 0.6791149961712247 0.10694286666988473 0.6672978000133298
0.983844446278857 20
0.9999990533178919 80
30 0.6750573866416402 0.1023059673233199 0.6726650000200607
0.9954736513524947 20
31 0.6730135966445753 0.09909843544873743 0.10254130000248551
3.5363277824994435e-05 20
0.9956404572911959 80
32 0.6697365792986054 0.09997738040107118 0.7004658000078052
0.9790078558904989 20
0.9999928837300525 80
33 0.6665895483429772 0.09442126328666546 0.7774068000144325
0.9874109108818399 20
0.999998718191184 80
34 0.6626261697001514 0.09338860006770551 0.7018906999728642
0.9751322326302159 20
0.9999854987066116 80
35 0.6602053093790815 0.08860742239812379 0.69139069999801
36 0.6737307620036881
-------------------------------------------------END------------------------------------------------------
37
-------------------------------------------Classical LM---------------------------------------------------
395.58337255614913 396.5153884599246
0 395.58337255614913 396.5153884599246 2.026062400022056
1 306.8703114811839 301.79263142033494 3.7672364999889396
2 182.8018016734359 184.67197704871546 3.4297482999973
3 182.8018016734359 184.67197704871546 3.2016673000180162
4 182.8018016734359 184.67197704871546 2.1197934999945574
5 112.35012588655175 117.35265398540434 2.7733168000122532
6 94.94031192594811 87.14975435842177 3.64760089997435
7 50.61544130914959 51.77215276829182 3.751945100026205
8 50.61544130914959 51.77215276829182 3.662258099997416
9 45.42045009561838 45.37497560531147 2.2960872999974526
10 45.42045009561838 45.37497560531147 2.2450437999796122
11 28.059655279437823 27.82864152373236 2.110648299974855
12 12.723480309403458 12.237968850878802 2.0393176000216044
13 12.723480309403458 12.237968850878802 2.051036800025031
14 5.04417823002942 4.4115981553688135 2.167138399963733
15 3.333554143612343 2.6253497766833 2.0381547999568284
16 3.333554143612343 2.6253497766833 2.0631364999571815
17 2.2431901300148973 1.6077569782981573 2.5889993000309914
18 1.7444484125265698 1.1937083318996091 2.2447411000030115
19 1.7444484125265698 1.1937083318996091 2.0990310000488535
20 1.419056845546398 0.891510926697311 2.087162699957844
21 1.419056845546398 0.891510926697311 2.036319300008472
22 1.1621057044069751 0.6254029985667702 2.183819299971219
23 1.0764842728392534 0.5378029596941732 2.0718917999765836
24 1.0764842728392534 0.5378029596941732 2.131542499992065
25 0.9840037803631793 0.4231287079020749 2.097895900020376
26 0.9348842144013434 0.37670470347679674 2.0833337999647483
27 0.914745415133276 0.36453925873726817 2.073838700016495
28 0.8719315366226407 0.3172259320684601 2.040226499957498
29 0.789263514124356 0.211287149040032 2.0283258000272326
30 0.789263514124356 0.211287149040032 2.069518900010735
31 0.6851491151644817 0.10858598474880765 2.112901900021825
32 0.682152040992034 0.10707093739550695 2.081296199990902
33 0.677441822223234 0.10412372308382203 2.08581330004381
34 0.6572550742720111 0.08914914247924102 2.048508700041566
35 0.6572550742720111 0.08914914247924102 2.075878100004047
36 0.6219222822412002 0.05657016273644217 2.106152899970766
37 0.6197793391095516 0.056948633878924015 2.036360699974466
38 0.6197793391095516 0.056948633878924015 2.0614722999744117
39 0.6120678370929381 0.04900218129635942 2.1143459000159055
40 0.6100928699113519 0.048252387718516546 2.4360417000134476
41 2.3166811576923534
-------------------------------------------------END------------------------------------------------------
-------------------------------------------Krylov LM---------------------------------------------------
395.58337255614913 396.5153884599246
203
0 395.58337255614913 396.5153884599246 2.174869399983436
1 306.87031148032014 301.79263141944676 0.047152900020591915
203
2 182.80032316414324 184.67013253947974 2.1981813000165857
203
3 182.80032316414324 184.67013253947974 2.2187297000200488
4 182.80032316414324 184.67013253947974 0.04170310002518818
5 112.19587792933088 117.17248379062687 0.0453177000163123
203
6 95.30269410456582 87.47579020749039 2.204224199987948
203
7 51.036669069602745 52.15785848181124 2.238532099989243
203
8 51.036669069602745 52.15785848181124 2.209232900000643
9 45.760243812478876 45.763003386783105 0.05943299998762086
203
10 45.760243812478876 45.763003386783105 2.2662032000371255
11 28.825581044818414 28.569060767133074 0.05845720000797883
203
12 12.68875700186344 12.160620061750874 2.3954604999744333
203
13 12.68875700186344 12.160620061750874 3.2105314999935217
14 4.853574628146517 4.249425541976481 0.05494409997481853
203
15 3.2527101928567697 2.536633928544771 3.5483281000051647
203
16 3.2527101928567697 2.536633928544771 3.288887100003194
17 2.2457273770345108 1.610169279931866 0.07680140004958957
203
18 1.6144788496617517 1.0323408542105539 2.69948510004906
203
19 1.6144788496617517 1.0323408542105539 2.362311500008218
20 1.4442179140241351 0.8992161199970921 0.04395640001166612
203
21 1.4442179140241351 0.8992161199970921 2.3212057999917306
22 1.1616706122222678 0.613494315613761 0.05301600001985207
203
23 1.082191442561435 0.5352537120940749 2.2145825999905355
203
24 1.082191442561435 0.5352537120940749 2.2041153999743983
25 0.982447380498865 0.41367254676230114 0.04652239999268204
203
26 0.9376404268173067 0.375258298106359 2.197060699982103
203
27 0.9309025768534528 0.379448664894168 2.1800513999769464
203
28 0.9174054541134629 0.36188391746881 2.218439100019168
203
29 0.8312836651541154 0.258070425869382 2.1909889000235125
203
30 0.8312836651541154 0.258070425869382 2.207953999983147
31 0.6919939672997405 0.11434184301407188 0.05297200003406033
203
32 0.6819758463288971 0.10713280197278999 2.2062170999706723
203
33 0.6775719876433433 0.10615560217518438 2.1994846000452526
203
34 0.6739949721087006 0.10941412429787291 2.216899999999441
35 1.868259291495246
-------------------------------------------------END------------------------------------------------------
------------------------------------Reduced subspace LM---------------------------------------------------
395.58337255614913 396.5153884599246
0.9985569768176114 20
0 365.8328863712434 367.3855655433962 0.11086209997301921
0.9989878559979278 20
1 323.2895262072518 325.5046679894407 0.09534190001431853
0.999417149405928 20
2 277.91945473489955 279.1046466438643 0.10914580000098795
0.9989807917556129 20
3 242.90021429675357 240.93415769847593 0.10923509998247027
0.9868776937438782 20
0.9999999414951566 80
4 238.92317175807162 234.78137334355833 0.8276380999595858
0.9698777981693363 20
0.9999743651253095 80
5 226.29132067622888 221.7086073966159 0.9330001000198536
0.9823577700159617 20
0.9999730499174012 80
6 217.28293617370693 211.64991215986308 1.0416394000058062
0.9360452456318038 20
0.999920106917338 80
7 180.44739878333624 174.80833206710415 1.1364870999823324
0.928923451918229 20
0.9998044292256121 80
8 120.73750267680215 119.52138941841294 1.403711699997075
0.9786105555160928 20
0.9999961577551226 80
9 101.59787375113582 95.3182786498039 1.1909527000389062
0.9978568386385591 20
10 26.70600227269581 26.026111015642943 0.10993489995598793
0.8849075243958641 20
0.9999976332830445 80
11 17.322926259824825 16.983268728007452 0.7907073000096716
0.9338489250848584 20
0.999992824866247 80
12 13.882929111656482 13.340250894087738 0.739112599985674
0.990244161508992 20
13 6.344965607411274 5.709816698285029 0.10876510001253337
0.6835686788481791 20
0.9999985878991957 80
14 4.9365436070400355 3.911385763281556 1.0696305999881588
0.9811635042073598 20
0.9999981290484306 80
15 3.396437257041655 2.571300283722836 1.588146299996879
0.9911780569305609 20
16 2.52272301938819 1.9176552875818775 0.09819530003005639
0.20613640215881002 20
0.9999942991372966 80
17 1.8644815526320184 1.1952391119721923 0.7287765999790281
0.9927281285594619 20
18 1.6818336453109817 1.0414855788619024 0.10967220005113631
0.008196635568798944 20
0.9999574764036364 80
19 1.5567558453719816 0.8947667198037561 0.7232441999949515
0.9925650521279785 20
20 1.3669822252873698 0.7475954439152586 0.11897609999869019
0.03847691914910706 20
0.9999875448861095 80
21 1.2155655134465715 0.5868689848759353 0.7122623000177555
0.9918430709322141 20
22 1.1518185044345488 0.5282238637476537 0.10703640000429004
0.036193001459371106 20
0.9999781437383233 80
23 1.039726262184792 0.44563372859909356 0.7257097999681719
0.9615407386364095 20
0.9999989450589923 80
24 0.9578991680039424 0.34587528097750353 1.0008753999718465
0.9832451889270812 20
0.9999994252311925 80
25 0.9240955967197205 0.3459827161546709 0.8626268000225537
0.9881588875531434 20
0.9999992987780985 80
26 0.8731810445645755 0.2753198512839809 0.7194904999923892
0.9931333181010136 20
27 0.855057401270933 0.2491748887410144 0.10930010001175106
0.003811788195619706 20
0.9998791603718316 80
28 0.8256493862549396 0.23821358923733715 0.7216345999622717
0.989946599868002 20
0.9999993125662493 80
29 0.7936707904251075 0.1955951012453113 0.854311500035692
0.9871637855871704 20
0.9999989665983087 80
30 0.7709488762367912 0.1840520184866021 0.6982153999852017
0.9970063709395358 20
31 0.7592690259292827 0.16979192893859238 0.09612199995899573
0.0002391802742589662 20
0.9982875552775567 80
32 0.7393281438031739 0.14684383206193063 0.83272239996586
0.9864370974127431 20
0.9999996907642739 80
33 0.7222229282216097 0.13724482411054095 1.4211771999835037
0.9963998167629892 20
34 0.7172581982181669 0.13181683800379992 0.14445700001670048
9.317178845090953e-05 20
0.9981173563733179 80
35 0.7033019386964284 0.1136017843861189 0.7603528999607079
0.9848156172709095 20
0.9999998076601321 80
36 0.6972911710658194 0.11870835260476534 0.9551985000143759
0.9974059400169689 20
37 0.6877033680516507 0.10903665908912727 0.09890040004393086
0.0004280753418926053 20
0.9988199373229936 80
38 0.6793481217733361 0.09279632972382836 0.6612695000367239
0.9676831921212854 20
0.9999985127148374 80
39 0.6706386703563596 0.09116214513363362 0.6845053000142798
0.9924611187162055 20
40 0.6696873015141324 0.09095088126905691 0.10903779999352992
41 0.6199605121936013
-------------------------------------------------END------------------------------------------------------
38
-------------------------------------------Classical LM---------------------------------------------------
422.4033744208718 420.73128108874414
0 325.77790715786546 319.9511819703985 1.832513100001961
1 325.77790715786546 319.9511819703985 2.1353359000058845
2 187.44694695250868 185.10804534374685 2.086015500011854
3 187.44694695250868 185.10804534374685 2.0489533999934793
4 175.9138918215898 176.31978465270433 2.077639800030738
5 175.9138918215898 176.31978465270433 2.0332746999920346
6 34.671808771965104 31.8599983016304 2.074030500021763
7 16.187306635960343 16.052808703268912 2.034247100003995
8 16.187306635960343 16.052808703268912 2.064665200014133
9 16.187306635960343 16.052808703268912 2.0648398000048473
10 7.138202666062121 6.690187265646219 2.107684499991592
11 4.21669426545788 3.5599042838961226 2.0449358000187203
12 4.207888280587509 3.5433262611783176 2.0317091000033543
13 4.207888280587509 3.5433262611783176 2.0206285000313073
14 2.260074432223628 1.682258912739506 2.0966845999937505
15 1.7941596596204759 1.2093847085485097 2.046475199982524
16 1.7941596596204759 1.2093847085485097 2.0606095000403
17 1.5154536680876993 0.9649585826771873 2.0982541000121273
18 1.3607549420153704 0.8003027483622467 2.038687399995979
19 1.3607549420153704 0.8003027483622467 2.0273081000195816
20 1.1676150573806543 0.6203147959120296 2.0939089999883436
21 1.1164557543592222 0.5780598756929398 2.0414566000108607
22 1.0210040622160845 0.4482446875194248 2.0486838999786414
23 1.0210040622160845 0.4482446875194248 2.4355322999763303
24 0.8498465501275048 0.28289126139201476 2.0908516000490636
25 0.8273190515368571 0.2478623256772447 2.074632199946791
26 0.7648429568685812 0.18651914120214413 2.1457568000187166
27 0.7126573936035419 0.13586311836170722 2.256665199995041
28 0.7126573936035419 0.13586311836170722 3.3040792999672703
29 0.6681795974192634 0.0955950298651139 2.1280448000179604
30 0.6681795974192634 0.0955950298651139 2.3572357000084594
31 0.6555090183793951 0.08161595574787145 2.088432499964256
32 0.6496290019972133 0.0740344120352917 2.4095222000032663
33 0.6437924734833785 0.0663875677854865 2.7911384999752045
34 0.6359116939672054 0.05920688118431295 2.2041861000470817
35 0.633124450139905 0.060796895850903025 1.979714300017804
36 0.6208063606708821 0.050336711291133145 2.0137530000065453
37 0.6208063606708821 0.050336711291133145 2.0093451000284404
38 0.6077788846802185 0.0413061314016455 2.078070799994748
39 0.6049107834174134 0.04267578411393734 2.0634311999892816
40 2.2088100086978595
-------------------------------------------------END------------------------------------------------------
-------------------------------------------Krylov LM---------------------------------------------------
422.4033744208718 420.73128108874414
203
0 325.7770424482699 319.950347857881 2.24148150003748
203
1 306.8363631970563 306.94955069972815 3.1805590000003576
203
2 194.16766639320426 193.37975243052793 2.805567000003066
203
3 193.51167817423152 193.77877752737461 2.9452304000151344
203
4 166.99516145763894 166.35003697363922 2.2069061000365764
203
5 78.94160905823222 74.52351656898685 2.1978715999866836
203
6 47.76250285979962 48.89772956604573 2.2011395000154153
203
7 47.76250285979962 48.89772956604573 2.20470679999562
8 47.76250285979962 48.89772956604573 0.048179499979596585
9 47.76250285979962 48.89772956604573 0.0447277000057511
10 47.76250285979962 48.89772956604573 0.05047660000855103
11 47.76250285979962 48.89772956604573 0.05592409998644143
12 23.7039666800357 24.0434740459791 0.04199749999679625
203
13 23.7039666800357 24.0434740459791 2.1944574999506585
14 9.468660855686569 9.775038919075577 0.05065489996923134
203
15 5.223972035782507 4.561355643907355 2.1973630999564193
203
16 5.223972035782507 4.561355643907355 2.1984989999909885
17 2.554128028159977 1.994296578363364 0.05998119997093454
203
18 2.461234079495459 1.830479828839333 2.219095600012224
203
19 2.461234079495459 1.830479828839333 2.2136302999570034
20 1.7341811891790404 1.1032054794549855 0.05440999998245388
203
21 1.289487480356002 0.6316567336716511 2.171176900039427
203
22 0.9695709606342731 0.3456237081895763 2.1881915000267327
203
23 0.9695709606342731 0.3456237081895763 2.1948252000147477
24 0.8637734393479884 0.24506848660041147 0.05648030003067106
203
25 0.8637734393479884 0.24506848660041147 2.1644765000091866
26 0.8342286195225249 0.2117195281725165 0.06266720005078241
203
27 0.8163335419161698 0.19878233495513406 2.195486599986907
203
28 0.8163335419161698 0.19878233495513406 2.171465100022033
29 0.7962500266493581 0.17665992104226214 0.05649620003532618
203
30 0.7833516834099542 0.16581351608390352 2.163675699965097
203
31 0.780207345970163 0.16566543064829 2.2011995000066236
32 1.5726902056628187
-------------------------------------------------END------------------------------------------------------
------------------------------------Reduced subspace LM---------------------------------------------------
422.4033744208718 420.73128108874414
0.9982104821483798 20
0 388.93869551625 388.83116982876527 0.11325619998387992
0.9984744014678973 20
1 340.7802951360989 342.88945425853666 0.11402119998820126
0.9986351697323701 20
2 288.48553460733757 291.86655466335174 0.21426159999100491
0.9978641895848016 20
3 251.65112711386337 252.196169206241 0.09677810000721365
0.9667769995667842 20
0.9999943847354456 80
4 247.26174912659275 247.11472301943667 0.8324339999817312
0.9470424682551378 20
0.9999079593056341 80
5 237.87696942350516 236.6761199253705 0.8181429000105709
0.9541473754762219 20
0.9999235358738872 80
6 224.81690480705072 222.0811337775612 0.7258599999477156
0.8694182635254643 20
0.9993699370906931 80
7 139.50644632061696 135.32163174390158 0.6809030000003986
0.8624054833379722 20
0.9950916966331574 80
8 115.52601239629914 114.64826219689262 0.6786319999955595
0.9754517025853858 20
0.9998654592980786 80
9 76.79084660919281 72.21731770656922 0.6744338999851607
0.9955914186417628 20
10 17.30005659775207 17.11668195303194 0.09854630002519116
0.7852431349514873 20
0.9999263404382277 80
11 8.263880028364927 7.7959147236261686 0.7270513999974355
0.937248682041231 20
0.9999805122526931 80
12 5.444280656963851 4.8951346014737895 0.7184733000467531
0.9860031884222104 20
0.9999927323456458 80
13 3.8149827392077635 3.1907419644122457 0.7079667000216432
0.9935451917668623 20
14 2.513945839857801 1.824705238507714 0.1086799000040628
0.13235072524672797 20
0.9999836485325801 80
15 2.0651506943430467 1.407170106245195 0.7315230999956839
0.9718357027234348 20
0.999998665902508 80
16 1.9970927567233485 1.3131169212668905 0.7361010999884456
0.9925696018723473 20
17 1.527125247648553 0.8767328605395238 0.11539170000469312
0.016229521064013718 20
0.999911381720433 80
18 1.326410603918016 0.7057659079729728 0.7336091000470333
0.9786955537319684 20
0.9999977897391407 80
19 1.2192284463291578 0.6391943177348798 1.0882714000181295
0.9960624100471761 20
20 1.0533582586434747 0.42878543206108355 0.1125095000024885
0.009361809403611783 20
0.9999236613963466 80
21 0.9851513967177536 0.39382738124180733 0.7556767999776639
0.9948709242730898 20
22 0.923504456551067 0.30450614677553267 0.11372839997056872
0.0012061456088437216 20
0.9992995320870682 80
23 0.8862992317942066 0.28594479933103184 0.7601610000128858
0.99670368444716 20
24 0.8353602181784651 0.21680302001992433 0.13105510000605136
0.0006510615937118094 20
0.9989667756932529 80
25 0.8153047936455967 0.20600403397351366 1.1027520000352524
0.9980673944367523 20
26 0.7769395425388819 0.15391042214433948 0.10116750001907349
0.0013243945702767533 20
0.999631551667442 80
27 0.7480212449677236 0.13378599644082567 0.9216246999567375
0.9757720210123306 20
0.9999993488835051 80
28 0.7301919876256325 0.1141033895897153 1.0631715000490658
0.9693241193472708 20
0.9999874361393916 80
29 0.7125936815361303 0.10284353927200794 0.7164688000339083
0.9807859107375148 20
0.9999968731616277 80
30 0.7006917206177106 0.09112504378999993 0.7338339000125416
0.9854682180474448 20
0.9999989441615657 80
31 0.6874813561003039 0.082475357004197 0.7175288000144064
0.9922205236379353 20
32 0.6793270262246859 0.07364774799017934 0.10160340002039447
0.00010851548966628814 20
0.9973103080629758 80
33 0.6705070568129757 0.06635648126017085 0.7152064999681897
0.9699562758070559 20
0.9999993740208082 80
34 0.664584745623548 0.06418274852821991 0.7518986000213772
0.9919001575754417 20
35 0.6627670239270851 0.0626649114112382 0.12227349996101111
36 0.550666311908225
-------------------------------------------------END------------------------------------------------------
39
-------------------------------------------Classical LM---------------------------------------------------
453.0718060994258 451.7087522956032
0 279.42878033549675 282.2218818056473 2.0123768000048585
1 279.42878033549675 282.2218818056473 2.0646312999888323
2 214.28527604711604 227.74283189926777 2.1484811999835074
3 133.14915792932368 126.53590714908184 2.071222599945031
4 100.78476341987077 99.88793177260945 2.079523899999913
5 100.78476341987077 99.88793177260945 2.1003118000226095
6 100.78476341987077 99.88793177260945 2.185897199960891
7 51.25299345265023 50.413656280179644 2.078080100007355
8 25.649046082198026 26.500607229479 2.013178799999878
9 25.649046082198026 26.500607229479 2.0117169999866746
10 25.649046082198026 26.500607229479 2.0519303000182845
11 13.588485991213105 12.293923114919311 2.100964799989015
12 13.588485991213105 12.293923114919311 1.9959369000280276
13 5.602604627197337 5.153615955510051 2.0922581999911927
14 3.4265083684296127 2.740243845961529 2.0094226999790408
15 3.394246948451088 2.6872839238490505 2.065414900018368
16 2.3188862850101306 1.6018013695460545 2.0301676000235602
17 2.3188862850101306 1.6018013695460545 2.0329406000091694
18 1.5637253890457006 0.9114951243571268 2.0809052999829873
19 1.3262635692650666 0.7064249474301972 2.0451345999608748
20 1.1149544324238325 0.5101393442770487 2.035392399993725
21 1.0506656215236836 0.4396772182750578 2.004385699983686
22 1.0506656215236836 0.4396772182750578 2.0247456000070088
23 0.6749842459434567 0.08446740480158757 2.0720174000016414
24 0.6569315300570571 0.068661264007954 1.9877425999729894
25 0.6569315300570571 0.068661264007954 1.99019749998115
26 0.631268473631858 0.05017881540623873 2.067143800028134
27 0.627106291572523 0.047666468629074046 2.6006504999822937
28 0.6267687539709016 0.04861245940500704 2.991310599958524
29 0.6267687539709016 0.04861245940500704 3.68025650002528
30 0.6152775330119271 0.04159307343212475 2.089777300017886
31 0.6132214481743086 0.04081751764547744 2.0772717999643646
32 0.6110033390412432 0.04298038818065332 2.0655759000219405
33 0.6110033390412432 0.04298038818065332 2.048258700000588
34 0.6062687009842761 0.039119762479608 2.0996497999876738
35 2.123768406972928
-------------------------------------------------END------------------------------------------------------
-------------------------------------------Krylov LM---------------------------------------------------
453.0718060994258 451.7087522956032
203
0 279.42852997397756 282.22193116531776 2.185790299961809
203
1 279.42852997397756 282.22193116531776 2.2012229999527335
2 214.29112135373512 227.74196072166328 0.06344940001145005
203
3 123.31165113835668 117.78561628272833 2.1943143000244163
203
4 59.059456861683145 57.18099896159227 2.194514300033916
203
5 59.059456861683145 57.18099896159227 2.2082639999571256
6 59.059456861683145 57.18099896159227 0.040466499980539083
7 59.059456861683145 57.18099896159227 0.04666190000716597
8 29.88769509688127 30.142119582510468 0.04427240003133193
203
9 17.861982874771527 18.537154653793877 2.215413100027945
203
10 17.861982874771527 18.537154653793877 2.1817165999673307
11 8.874891081348041 8.605042763561018 0.05641170003218576
203
12 6.293556483846161 6.258855986300994 2.241943300003186
203
13 6.293556483846161 6.258855986300994 2.1997334999614395
14 3.1147616807468075 2.70981518358314 0.06254130002344027
203
15 2.5785569632850662 2.0178173362952734 2.2242272999719717
203
16 2.5785569632850662 2.0178173362952734 2.220727399981115
17 1.9172361978392258 1.3531151246090705 0.06294520001392812
203
18 1.875922859715172 1.3151441749601518 2.2407489999895915
203
19 1.875922859715172 1.3151441749601518 2.252489200036507
20 1.4589207413554641 0.885037145187059 0.06046260002767667
203
21 1.4589207413554641 0.885037145187059 2.2507213999633677
22 1.3533381673456015 0.7521511727349908 0.05767200002446771
203
23 1.2611617148467191 0.6578486309151622 2.471673899970483
203
24 1.1516597437509315 0.5587136480805429 2.464989300002344
203
25 1.0133214675588769 0.4368764813859572 2.439422499970533
203
26 1.0133214675588769 0.4368764813859572 2.3547691000276245
27 0.864865979757554 0.26595427979244574 0.047828399983700365
203
28 0.8052512168594349 0.20274242962015687 2.32416399999056
203
29 0.7797912121889826 0.17613992551431898 2.7269377000047825
203
30 0.7797912121889826 0.17613992551431898 2.715729299990926
31 0.7090232749114801 0.10205600054912954 0.05981679999968037
203
32 0.6917557554216622 0.08670233944309921 3.126874700014014
203
33 0.682639040338621 0.08247210559810145 3.1559068000060506
203
34 0.650818696460218 0.058320591591374836 3.3831734000123106
203
35 0.6418111584733454 0.05096737224109782 4.235118100012187
203
36 0.6346004304423821 0.046228883747389 3.972991400049068
203
37 0.6334949964196563 0.04414286179277466 3.5586414000135846
38 2.036844850000555
-------------------------------------------------END------------------------------------------------------
------------------------------------Reduced subspace LM---------------------------------------------------
453.0718060994258 451.7087522956032
0.9988897203839772 20
0 414.6691567613095 413.95680687243515 0.2286397999851033
0.9991315288999255 20
1 359.1553372898277 359.46942633616146 0.11158269998850301
0.9992883866615411 20
2 298.74677819152043 300.2378035209058 0.10820920002879575
0.9994578345626856 20
3 253.83320450148742 254.6613228983848 0.09710439998889342
0.9903413908667247 20
4 217.574527495712 218.93546595579457 0.09235839999746531
0.9652609268892879 20
0.9999936423599433 80
5 211.66551512725613 210.99443301075934 0.8231394999893382
0.9445625758434315 20
0.9999790697386604 80
6 205.4459230794697 201.0449603936924 0.8081751000136137
0.9750210728572299 20
0.999954138030033 80
7 182.35091629983955 173.31431915947422 0.8004730999819003
0.9826702747159073 20
0.9999653952825188 80
8 175.04639586940363 166.50604622419215 0.7693712000036612
0.9939437006371801 20
9 78.35509892850668 73.4822878433663 0.09674780000932515
0.940103446036838 20
0.9999935277526433 80
10 68.27085506130236 66.08931088633116 0.7716985999722965
0.9831596630979551 20
0.9999930589783285 80
11 46.445356180569874 44.54646249168355 0.7174151999643072
0.995306556592174 20
12 15.060027961223968 14.611501406737439 0.0941723000141792
0.36399303708134134 20
0.9999936376660361 80
13 11.832788713896514 11.533302511295133 0.7188299999688752
0.9516670671318607 20
0.9999937188169156 80
14 6.908273642829248 6.368177002961176 0.7000771000166424
0.9539137308803979 20
0.999994814504674 80
15 4.788257402702723 4.273678516338795 0.7333183999871835
0.9770119667355598 20
0.9999987223423387 80
16 2.9732353712140567 2.3963658151452405 0.7134631999651901
0.9736200858473025 20
0.9999988293110326 80
17 1.9552428545506024 1.3588025901549785 0.7409878000034951
0.9719555174488967 20
0.9999988140569558 80
18 1.383966603015268 0.7853027437289902 0.719674899999518
0.9745029608460182 20
0.9999991640412255 80
19 1.23712465038794 0.6333544310616985 0.7307160000200383
0.9894634608606909 20
0.9999995416308322 80
20 0.9826077784732035 0.3731852720582651 0.6966188999940641
0.9687175012755138 20
0.9999928309386484 80
21 0.8924905242889221 0.283303643231357 0.733430500025861
0.9720122450225002 20
0.9999986695529848 80
22 0.8401619609756844 0.2333989110629498 0.7136159999645315
0.9907298105450829 20
23 0.812339612456091 0.20430654609392393 0.10722339997300878
0.0012658710630096015 20
0.998937452333796 80
24 0.7874054890581585 0.18013360262350414 0.7185506999958307
0.9850650867981534 20
0.9999997305810636 80
25 0.7693162978912719 0.16581223205092382 0.7153706999961287
0.9801510651037348 20
0.999999736753708 80
26 0.7542838088305623 0.15301655722769147 0.7169289000448771
0.9891281601656408 20
0.9999997870252778 80
27 0.7407544015856298 0.14203261466616987 0.7117601000354625
0.9867120048138014 20
0.9999997805766412 80
28 0.7378057525431546 0.1403395107060012 0.668309299973771
0.9949721023129928 20
29 0.7217224405590464 0.12758749389454058 0.09779129998059943
0.0004855675547456491 20
0.9988138710988376 80
30 0.7155284087948188 0.12382102285410343 0.6807246999815106
0.9893968943213866 20
0.9999998343975645 80
31 0.7042536734405432 0.11292038350496975 0.6724464999861084
0.997598703143625 20
32 0.7012809487721016 0.11052999143989868 0.11071029998129234
6.0482333150494396e-05 20
0.9980095635778103 80
33 0.6964216918663274 0.10731227653045591 0.6561591000063345
0.992293710907581 20
34 0.6945227208886484 0.10650456940411536 0.09879050002200529
35 0.5258993511602585
-------------------------------------------------END------------------------------------------------------
40
-------------------------------------------Classical LM---------------------------------------------------
367.88714985402925 371.7665975298647
0 367.88714985402925 371.7665975298647 2.0152430000016466
1 268.8782589418274 261.63521691035686 2.073900400020648
2 268.8782589418274 261.63521691035686 2.051445799996145
3 268.8782589418274 261.63521691035686 2.085078699979931
4 208.18654926567612 201.92377981170728 2.0691948999883607
5 78.35842494785169 76.36785109354524 2.0002071000053547
6 78.35842494785169 76.36785109354524 2.3155675000161864
7 35.79743723626641 33.04538652191438 2.3024875999544747
8 35.79743723626641 33.04538652191438 2.076864500006195
9 17.04908013781924 16.54547442357821 2.554742400010582
10 7.738405553981773 6.921192183238718 2.369111600040924
11 4.73231540551202 4.246748875273592 2.064441400056239
12 3.415163196113464 2.9397290232167466 2.068514199985657
13 3.1791267343299996 2.539617273041619 2.057356900011655
14 3.1791267343299996 2.539617273041619 2.0190456999698654
15 2.323325806020743 1.73666147313664 2.06664739997359
16 2.323325806020743 1.73666147313664 2.049205100047402
17 1.6730611477737956 1.0715963574685812 2.0872389000141993
18 1.6100383982779667 1.0097264648159345 2.032611500006169
19 1.6100383982779667 1.0097264648159345 1.9845925000263378
20 1.3776876462448593 0.7845587273961736 2.0655131999519654
21 1.3265486813747427 0.7020913851994355 2.3530879999743775
22 1.049446464852568 0.3943047742353258 2.4360973000293598
23 1.049446464852568 0.3943047742353258 2.110717600036878
24 0.8478492516667783 0.2541117564526145 2.128428999974858
25 0.8033720855809926 0.22037355158934788 2.473819500009995
26 0.7903865467192643 0.20669956132603123 2.1783202000078745
27 0.7274921196316265 0.13719106104851841 2.102479299996048
28 0.7274921196316265 0.13719106104851841 2.045970400038641
29 0.6764782427196138 0.09437890050608089 2.060195299971383
30 0.664259917656541 0.08540913482086565 2.0312138999579474
31 0.6641230608077108 0.08982202462161859 2.0265271000098437
32 2.1361208718772104
-------------------------------------------------END------------------------------------------------------
-------------------------------------------Krylov LM---------------------------------------------------
367.88714985402925 371.7665975298647
203
0 367.88714985402925 371.7665975298647 2.1856146000209264
1 268.87825894175757 261.6352169102632 0.046081699954811484
203
2 268.87825894175757 261.6352169102632 2.2003964000032283
3 268.87825894175757 261.6352169102632 0.06241100002080202
4 208.18654926612118 201.92377981215105 0.03904719999991357
203
5 78.3584249534304 76.36785109885058 2.208123499993235
203
6 78.3584249534304 76.36785109885058 2.196153900003992
7 35.7974372419069 33.045386526590434 0.04654769995249808
203
8 35.7974372419069 33.045386526590434 2.1793494999874383
9 17.049080140680925 16.545474426654128 0.04640190000645816
203
10 7.7384055463338575 6.92119217922964 2.2118133000331
203
11 4.732310804926504 4.246763010609309 2.164996900013648
203
12 3.413692505416319 2.937673194864645 2.1943559999926947
203
13 3.0638680251350663 2.428562524071691 2.6467708999989554
203
14 3.0638680251350663 2.428562524071691 2.910990500007756
15 2.236773909310014 1.644064156630142 0.05554510001093149
203
16 2.236773909310014 1.644064156630142 3.0343010000069626
17 1.6719937314093063 1.068356946110761 0.05400699999881908
203
18 1.620537850497704 1.01697123169278 2.8564950000145473
203
19 1.620537850497704 1.01697123169278 2.180213099985849
20 1.3830903342738565 0.7876887095651208 0.05657190002966672
203
21 1.314414772927865 0.6911918188673665 2.2133152000023983
203
22 1.0874800511173246 0.4243820801270502 2.277283700008411
203
23 1.0874800511173246 0.4243820801270502 2.345204500015825
24 0.8505419628092712 0.25741648407213996 0.054523700033314526
203
25 0.7999633176445038 0.21748676335809353 2.649345900048502
203
26 0.795245235837854 0.21261702065264593 3.0593371999566443
203
27 0.7312367432774819 0.14093911599055575 3.040363499952946
203
28 0.7312367432774819 0.14093911599055575 2.1807044000015594
29 0.6827512165917218 0.1002584634431226 0.06234639999456704
203
30 0.6689797907431719 0.09324621391823897 2.192626999982167
203
31 0.6577688274137561 0.08287653468606229 2.188313399965409
203
32 0.6577688274137561 0.08287653468606229 2.214610699971672
33 0.6426576053037696 0.07140606712859736 0.047220900014508516
203
34 0.6417419391446929 0.07236157269902509 2.252319500024896
35 1.6672486885716873
-------------------------------------------------END------------------------------------------------------
------------------------------------Reduced subspace LM---------------------------------------------------
367.88714985402925 371.7665975298647
0.9986891689326858 20
0 343.85962806759375 347.68474657612296 0.10787870001513511
0.9989214724913806 20
1 309.53772219159197 312.9052615431348 0.09788930002832785
0.9990534931159699 20
2 273.2235464645245 274.8788335058431 0.11567729996750131
0.998773580803661 20
3 248.95484869660666 248.26433294067346 0.21939079998992383
0.9816217280438401 20
0.9999997692754004 80
4 226.28840399424243 202.22441529635708 0.7914167999988422
0.4414049508929703 20
0.9816899397342767 80
0.9952462001845925 140
5 148.13842534932178 136.37077412598936 1.7733699000091292
0.906076928170436 20
0.9990712091904024 80
6 89.4017303383419 82.47213605515122 1.0004476999747567
0.9694179152857535 20
0.9999309996042193 80
7 47.31810957603551 44.986394168255266 0.727518700005021
0.9548175050995962 20
0.9999615370081413 80
8 38.43411851353833 36.58431250041672 0.7793487000162713
0.9696140461817971 20
0.9999911546476801 80
9 25.6391551685435 24.641005947328154 0.8296060999855399
0.9797552249664738 20
0.9999985383382523 80
10 11.490932713560653 10.910623621080813 1.1913323000189848
0.95371452667849 20
0.9999994898752926 80
11 8.365323217454815 8.139637634985597 1.046114300028421
0.9703493982584548 20
0.9999994022235581 80
12 6.711047924121386 6.535712920313715 0.6676371999783441
0.965949953652015 20
0.9999994974094137 80
13 5.029884432268287 4.699677748124203 0.6737124999635853
0.993600492010081 20
14 4.62058852550963 4.361545339491914 0.0935147000127472
0.07107621827029438 20
0.9999993430469377 80
15 4.399871856079852 4.071382585012844 0.6962372999987565
0.9941177484333699 20
16 4.220641275912679 3.8878147519562645 0.09599410003283992
0.021099607528312518 20
0.9999983428006016 80
17 4.04787900758516 3.6934085056085872 0.768096300016623
0.980128547833735 20
0.9999999560738118 80
18 3.8991000932611626 3.5301114369335846 0.7406516000046395
0.9902126142055402 20
19 3.8351133724421023 3.4814447986514305 0.10074500000337139
0.0012436811838806385 20
0.9999613553408182 80
20 3.779020424466573 3.3525856419153675 0.7217530999914743
0.9941888798326138 20
21 3.556342891090381 3.1622795494546554 0.11990639998111874
0.0014732558062200659 20
0.9999096596595114 80
22 3.2810163843514144 2.889577852764456 1.3807680999743752
0.9770819595117681 20
0.9999999890071409 80
23 3.0994849510114846 2.6557159051920722 0.8787742999847978
0.9935512847505626 20
24 3.0229902926821843 2.594930025059809 0.09854769997764379
0.009073787089232007 20
0.9999969407340379 80
25 2.921502753742056 2.542069241986768 0.6668189000338316
0.997040483629184 20
26 2.822967937158113 2.420523628215101 0.09487029997399077
0.046525664950005055 20
0.9999997766862996 80
27 2.7073477361817573 2.2922983531865806 0.6957588000223041
0.9988232195913185 20
28 2.6889865000194537 2.278735431896747 0.11848420003661886
0.013243429165678165 20
0.9999994268096657 80
29 2.629913666556937 2.2466740151500706 1.332130299997516
0.9980078166343249 20
30 2.576200215088154 2.178384586448462 0.16138540004612878
0.04205779786394737 20
0.9999998003135301 80
31 2.4822658621767153 2.0943945536978363 0.6775826000375673
0.9671536380004174 20
0.9999999936878727 80
32 2.3820151170192743 1.9725810168425597 0.6882945999968797
0.9686181161819344 20
0.9999999842166183 80
33 2.288203838656401 1.8746180596287623 0.6569259999669157
0.9658799011007818 20
0.9999999914702474 80
34 2.21147358806506 1.767871166790178 0.6650471999892034
0.9852830464187879 20
0.9999999969846738 80
35 2.15852148391469 1.740895555783452 0.6779660999891348
0.9372569033038173 20
0.9999997483853786 80
36 2.120283979386466 1.6771040605029828 0.6774330000043847
0.9936031549419289 20
37 2.1196561481760194 1.6772164511489094 0.1025068000308238
38 0.6034613973706177
-------------------------------------------------END------------------------------------------------------
41
-------------------------------------------Classical LM---------------------------------------------------
445.94285003126095 444.9213710061981
0 217.64421033636904 220.61964112649108 2.1196514000184834
1 217.64421033636904 220.61964112649108 2.0938223999692127
2 180.91190035483868 185.23786835722066 2.0752117999945767
3 180.91190035483868 185.23786835722066 2.022481699998025
4 101.88196881459272 106.53198731765549 2.057972700044047
5 101.88196881459272 106.53198731765549 2.027831999992486
6 44.43569960723373 46.484359917186666 2.1126822999794967
7 44.43569960723373 46.484359917186666 2.576547800039407
8 27.44431908493592 26.854518810772284 2.136201400018763
9 21.843346846201356 21.701716594787143 2.022317999973893
10 21.843346846201356 21.701716594787143 2.0585826999740675
11 10.431135514104948 10.172121027857807 2.0944481000187807
12 8.399596863568854 7.572574166529288 2.0535957000101916
13 8.399596863568854 7.572574166529288 2.0632259000558406
14 6.372024518545179 6.091374546443695 2.5984853000263683
15 2.6830739844762146 2.226249969611703 2.2133184000267647
16 2.6830739844762146 2.226249969611703 2.085683200042695
17 1.256310844530781 0.6744038915322683 2.1082373000099324
18 1.1841570461955995 0.5853398574033436 2.0670905000297353
19 1.1841570461955995 0.5853398574033436 2.0485425000078976
20 0.9568547823049331 0.38390685824489357 2.1777359999832697
21 0.8186841216032626 0.22832950065368646 2.3317292000283487
22 0.7820128269313112 0.19266807362737037 2.484486100031063
23 0.7389832056472376 0.1451727427355175 2.1007184999762103
24 0.7389832056472376 0.1451727427355175 2.0548939000000246
25 0.7061347343611825 0.10985501586336689 2.061362900014501
26 0.6946279178710215 0.10067644925233345 2.0406644999748096
27 0.6946279178710215 0.10067644925233345 2.0277544999844395
28 0.6716231018819366 0.0803068998435534 2.0775816999957897
29 0.6656294112453658 0.07576503483208535 2.017717899987474
30 0.6656294112453658 0.07576503483208535 2.343169500003569
31 0.655985029416816 0.0675702361576957 2.188160599966068
32 0.6539180878722666 0.0663774290854409 1.9956030999892391
33 2.1280850736861394
-------------------------------------------------END------------------------------------------------------
-------------------------------------------Krylov LM---------------------------------------------------
445.94285003126095 444.9213710061981
203
0 217.64451623833207 220.61990016023913 2.1907361000194214
203
1 217.64451623833207 220.61990016023913 2.184443200007081
2 184.03724289054134 187.4981686068215 0.05398780002724379
203
3 184.03724289054134 187.4981686068215 2.2814781999913976
4 98.93327166981807 100.99285006297458 0.054895500012207776
203
5 98.93327166981807 100.99285006297458 2.3183194000157528
6 69.37911098065435 72.04175739536778 0.0490525999921374
203
7 69.37911098065435 72.04175739536778 2.198499999998603
8 25.851308861198778 25.13264640730292 0.057169699983205646
203
9 25.851308861198778 25.13264640730292 2.2124146000132896
10 10.010911004220898 9.923211295881963 0.04747230000793934
203
11 7.808270799642363 7.111904739188861 2.186247800011188
203
12 6.867320990233609 6.559390420823269 2.219446200004313
203
13 5.087723806396498 4.146271870707433 2.190013099985663
203
14 5.087723806396498 4.146271870707433 2.9930442000040784
15 4.439546540468494 3.800131081746139 0.05503889999818057
203
16 4.439546540468494 3.800131081746139 2.307838400010951
17 1.3615635636175931 0.7997286290738979 0.05406870000297204
203
18 1.3615635636175931 0.7997286290738979 2.2685566999716684
19 1.0483447707292737 0.4504603935805235 0.06301979999989271
203
20 0.9724336658786417 0.3837112631838235 2.207663099979982
203
21 0.9021098165684963 0.2979291661619801 2.2132281999802217
203
22 0.8323126793819967 0.23714113532775646 2.220531500002835
203
23 0.8323126793819967 0.23714113532775646 2.2035714000230655
24 0.792768231489651 0.1965501851335217 0.04782019997946918
203
25 0.73493450275623 0.13847362711566627 2.310964000003878
203
26 0.73493450275623 0.13847362711566627 3.0834617000073195
27 0.7074025451703448 0.11688888484909626 0.05410209996625781
203
28 0.6949045130253642 0.10176902754152911 3.673166399996262
203
29 0.6949045130253642 0.10176902754152911 2.2087996999616735
30 0.6831405917230206 0.09204299245808684 0.06306370004313067
203
31 0.6759411876431773 0.0836907975545879 2.2223632999812253
203
32 0.6729670972392899 0.0797998823148816 2.2018781999940984
203
33 0.6729670972392899 0.0797998823148816 2.2137514000060037
34 0.6589972465990366 0.0677735887573396 0.047797399980481714
203
35 0.6542384472672292 0.06352004011829496 2.2367391000152566
36 1.6100007463416948
-------------------------------------------------END------------------------------------------------------
------------------------------------Reduced subspace LM---------------------------------------------------
445.94285003126095 444.9213710061981
0.9990306791295974 20
0 408.65780133484157 408.5072251550378 0.10821710003074259
0.9993653363187777 20
1 354.9343685417028 356.1410540067019 0.10377380001591519
0.9994866749270799 20
2 296.21344583519834 299.07244428562836 0.11757999996189028
0.9995447777194566 20
3 255.02020930930348 256.1973109519374 0.13412459997925907
0.9978481751024153 20
4 226.15087059316727 223.63859316052788 0.11177849996602163
0.9470285415661023 20
0.9999955780925556 80
5 188.39387099481704 188.89751304538458 0.7238377000321634
0.9475862742712845 20
0.9985971338255134 80
6 129.90808236822906 125.23101199938667 0.6966673000133596
0.8487358871867184 20
0.9977164549221841 80
7 66.2088470431344 66.28301900629982 0.7107285999809392
0.8886065384860652 20
0.9985398270927315 80
8 49.22614908241443 49.58038506686418 0.8268875000067055
0.9449980583794897 20
0.9994593776375039 80
9 33.6747171975985 33.03119520570212 1.32260930002667
0.9726313831201313 20
0.9999730077513389 80
10 17.588197812383942 17.37325178997752 0.7133163000107743
0.9959060155055477 20
11 6.409568035447932 6.130849584847861 0.09803540003485978
0.7442923672055155 20
0.9999925196750761 80
12 4.870359908758917 4.467649230325104 0.7534437000285834
0.9806621843936159 20
0.9999981069555511 80
13 3.13561764692198 2.60240357873521 0.7474805000238121
0.9701609638087256 20
0.9999936664465291 80
14 2.4077310321254553 1.8527483793403645 0.9552682000212371
0.9805766536632592 20
0.9999914223545097 80
15 1.8668297749679903 1.3005775330741043 0.7861838999669999
0.9853787327410564 20
0.9999934909468429 80
16 1.6640221079092608 1.098408130678507 0.6671664000023156
0.9967359754145091 20
17 1.2500513941146976 0.7069858525564318 0.11056850000750273
0.02312066716218545 20
0.9997032659261343 80
18 1.1002266943215817 0.544444676631533 0.7014111000462435
0.96109495863005 20
0.9999983127315931 80
19 1.0954196789159516 0.5159767767185425 0.657544500019867
0.9958511130665394 20
20 0.9505387347688363 0.37670555836114694 0.09826120000798255
0.0031726121733114563 20
0.9978571478138879 80
21 0.9063595937482405 0.36574004928441084 0.6599158000317402
0.9953634376984011 20
22 0.8667962419131625 0.3095416089701715 0.10717350000049919
0.004960578193035205 20
0.999820940855781 80
23 0.8193372410858029 0.2418345195378588 0.678054699965287
0.9897760405071547 20
0.9999950068340896 80
24 0.7915414327480474 0.2201936206223955 1.1840202999883331
0.9907436257503633 20
25 0.7845212913730166 0.20815606386880978 0.10008369997376576
0.00238522837764422 20
0.9995927333106868 80
26 0.7595517691499033 0.17929137889444127 0.688524299999699
0.988553025693914 20
0.9999984904362478 80
27 0.7403070792495956 0.15933999215418623 0.7242746999836527
0.9827031618903874 20
0.9999977110770968 80
28 0.7250040606132521 0.14115333395947224 1.335759199981112
0.9890253067663395 20
0.9999987673784175 80
29 0.7130266333554608 0.13112181917939156 1.1784810000099242
0.988292742998393 20
0.9999990458189677 80
30 0.7023914753402354 0.11803016217071965 0.6426101999823004
0.9809140138442934 20
0.9999993565364104 80
31 0.6945503140332827 0.11152144234569107 0.6639743999694474
0.9860674118304472 20
0.9999992455751014 80
32 0.6870472359996939 0.10348498269572214 0.6897695999941789
0.9760137870783937 20
0.999999487866849 80
33 0.6810912094158557 0.09904696856586767 0.6959025000105612
0.9802299781144554 20
0.999999080157092 80
34 0.6750234081248051 0.09289560234586697 0.6962532000034116
0.9688027093619433 20
0.9999993017037785 80
35 0.6704908753284493 0.08892898743878616 0.7517435000045225
0.977104560526301 20
0.9999989838623096 80
36 0.6657704772630288 0.08515417633771157 1.328261399990879
0.9738921142132275 20
0.999999423891592 80
37 0.6619402759648824 0.08133697288776923 1.0198711999692023
0.9780447666861016 20
0.999999040680287 80
38 0.6579710950649874 0.07917688435897506 0.6532717999652959
0.9730555915231552 20
0.9999994603069757 80
39 0.6547747092501158 0.07585156715883538 0.660186099994462
40 0.6900232892855586
-------------------------------------------------END------------------------------------------------------
42
-------------------------------------------Classical LM---------------------------------------------------
409.30378062093183 409.9805293107042
0 223.90984724422833 228.0407069958948 3.7780363999772817
1 223.90984724422833 228.0407069958948 3.125852399971336
2 223.90984724422833 228.0407069958948 2.0973315999726765
3 83.55983199294135 84.20693333953758 2.900197399954777
4 83.55983199294135 84.20693333953758 3.031498099968303
5 25.55909370506343 23.856730425408475 3.172852799994871
6 25.55909370506343 23.856730425408475 3.012650999997277
7 13.140318088982202 12.665579667567883 2.1324592999881133
8 13.140318088982202 12.665579667567883 2.2934221999603324
9 7.587739987637267 7.295281831857203 2.1440436000120826
10 5.297386532974041 4.738415446362022 2.4798317999811843
11 3.8930796274167245 3.296548372900658 2.702990299963858
12 3.3389367619410537 2.7923662104068816 3.498445700039156
13 3.3389367619410537 2.7923662104068816 3.0543849999667145
14 1.6620754043406345 1.0488704385014904 3.324650999973528
15 1.397828607981937 0.8341350714100941 3.055960000026971
16 1.397828607981937 0.8341350714100941 3.0260181999765337
17 1.1504392065695968 0.5712384041219436 2.1521757999435067
18 1.0747987397070031 0.5066065500864041 3.115031799999997
19 0.9373115719074496 0.36615267395717077 3.0031780999852344
20 0.8874372842127334 0.292702818180194 3.7358346999972127
21 0.8874372842127334 0.292702818180194 3.8586126000154763
22 0.7381746973882402 0.14216907016512043 2.132963399984874
23 0.7381746973882402 0.14216907016512043 2.0918313000001945
24 0.7158178385990424 0.12006292140367841 2.09677250002278
25 0.7048473759403601 0.10894953688312671 2.0572679999750108
26 0.6996644870873444 0.10401057501003104 2.0227474000421353
27 0.6962641627155561 0.10971063308130413 2.080459700024221
28 0.6962641627155561 0.10971063308130413 2.0448739999555983
29 0.6948412518313345 0.11101096888096634 3.8187564000254497
30 0.6948412518313345 0.11101096888096634 3.653732199978549
31 0.652634290733116 0.06670047087627039 2.091937899996992
32 0.652634290733116 0.06670047087627039 2.19728490000125
33 0.6484282036492849 0.06230658300944202 2.114593899983447
34 2.604017897610209
-------------------------------------------------END------------------------------------------------------
-------------------------------------------Krylov LM---------------------------------------------------
409.30378062093183 409.9805293107042
203
0 223.91061644609243 228.04183163305535 2.2192520999815315
203
1 223.91061644609243 228.04183163305535 2.181835900002625
2 223.91061644609243 228.04183163305535 0.06298250000691041
3 83.56414535662297 84.21073117053494 0.051933899987488985
203
4 83.56414535662297 84.21073117053494 2.1681385999545455
5 25.55902754137725 23.857265739127254 0.04761730000609532
203
6 25.55902754137725 23.857265739127254 2.2066331999958493
7 13.139136290765064 12.664351923387326 0.061875299958046526
203
8 13.139136290765064 12.664351923387326 2.217921099974774
9 7.587269230344368 7.294806314103797 0.06169389997376129
203
10 5.2968056829816295 4.737879480567683 2.2109319000155665
203
11 3.891840663126824 3.295234684071467 2.7066731000086293
203
12 3.3473463617766783 2.799859442202498 2.42298039997695
203
13 3.3473463617766783 2.799859442202498 2.2693715000059456
14 1.6640275957647097 1.0513071334394322 0.06132390000857413
203
15 1.3960414721344896 0.8315067417235807 2.340931599959731
203
16 1.3960414721344896 0.8315067417235807 3.0806543999933638
17 1.1501440415418893 0.5710503662417544 0.05294710001908243
203
18 1.0769622538890102 0.5087512377180823 2.594503300031647
203
19 0.936265459411233 0.36383945527217754 2.802237799973227
203
20 0.936265459411233 0.36383945527217754 2.31055870000273
21 0.802848261537298 0.21089204061880265 0.06199930002912879
203
22 0.7763761484905822 0.1831031719083077 2.671937999955844
203
23 0.7763761484905822 0.1831031719083077 2.3298150000046007
24 0.7454288270657103 0.1503722995231883 0.06220040004700422
203
25 0.7298547161883691 0.1341346558760167 2.299393000022974
203
26 0.7150167239342013 0.1195047625599523 2.514454599993769
203
27 0.7150167239342013 0.1195047625599523 2.2498362999758683
28 0.689790491870861 0.09636374077232318 0.0618421999970451
203
29 0.6878625107741372 0.09749989875260101 2.3767373000155203
203
30 0.6878625107741372 0.09749989875260101 2.2667306999792345
31 0.6709291219845687 0.08061894864963916 0.060629500017967075
203
32 0.6709291219845687 0.08061894864963916 2.2097659000428393
33 0.6674499530275882 0.07737946528068204 0.05901500000618398
203
34 0.6640433808456843 0.07513990196724703 2.2744800999644212
203
35 0.6640433808456843 0.07513990196724703 2.1889293999993242
36 0.6612223771017388 0.07246821502267244 0.05930959997931495
203
37 0.6584640294292524 0.0705096814071984 2.2020432999706827
203
38 0.655989179360132 0.06927881988066446 2.688957999984268
203
39 0.650934893147529 0.06551588011340284 2.68698990001576
203
40 0.6424803846073405 0.05962557042267413 2.2612247000215575
203
41 0.6424803846073405 0.05962557042267413 2.302040799986571
42 0.6365384543748406 0.05362072166496697 0.057824800023809075
203
43 0.633742265724625 0.052850366993562006 2.2215828000335023
44 1.6671365108657326
-------------------------------------------------END------------------------------------------------------
------------------------------------Reduced subspace LM---------------------------------------------------
409.30378062093183 409.9805293107042
0.9979761819575796 20
0 378.4974686130247 379.83996890628663 0.11124469997594133
0.9986846284677754 20
1 334.0089981581192 336.09731145506964 0.14547899999888614
0.999027058977303 20
2 285.64356969475233 287.5813406718488 0.11274330003652722
0.9990338659153094 20
3 251.57921077643022 251.58909195209165 0.10130379995098338
0.9927544073092608 20
4 226.41881265822965 221.5544737536537 0.11182509997161105
0.9913470027361334 20
5 174.2351624757743 170.53507033659417 0.11515339999459684
0.9529993651740158 20
0.9999881423944635 80
6 169.48825648006917 165.28135441501303 0.8502256000065245
0.980793205760756 20
0.9999533987380574 80
7 147.73833707009592 152.31756064365712 1.2879838999942876
0.9484377108798477 20
0.9999326516920631 80
8 79.76386082345697 83.67764072341024 1.4135950999916531
0.936665405719495 20
0.9999911533824092 80
9 62.22724383757964 64.74551580875652 0.7927679999847896
0.9887131316700422 20
0.9999986589815306 80
10 44.961754865244394 46.567010385102144 0.7448676999774761
0.9971438168681218 20
11 15.059516229495394 15.77232597228872 0.1438872999860905
0.9110435200362604 20
0.999976278065646 80
12 8.050675378967755 7.243856012177216 0.6960979999857955
0.991434810492707 20
13 5.1605474238058155 4.492325165916818 0.11157429998274893
0.49811095768210706 20
0.9999508620360069 80
14 4.307830393865474 3.648666166093616 0.7080185000086203
0.9957381171982992 20
15 3.008981652299936 2.3426489006368585 0.09843489999184385
0.11498237509075297 20
0.9999939274448311 80
16 2.4964289218230773 1.8695381182698294 0.7545273000141606
0.9539794250959645 20
0.9999994626707311 80
17 2.270959822097247 1.6618723739478958 0.7747522999998182
0.9877580221455728 20
0.9999995595933029 80
18 2.1705317227061873 1.5822017414198846 0.7189183000009507
0.9965633783140784 20
19 1.5279747196029192 0.9141193558719986 0.09656999999424443
0.1496074294531592 20
0.9999954074579109 80
20 1.4137124144481594 0.8041301002957154 0.7547063000383787
0.9990835851630893 20
21 1.248255616687985 0.6528152882653495 0.118068800016772
0.006016871547342034 20
0.9998670320494796 80
22 1.1287056773978605 0.5185408876181155 1.3406225999933667
0.9923517098633132 20
23 1.0818961652471228 0.49847264832369614 0.10372669994831085
0.008096772022504684 20
0.999382357248743 80
24 1.0201003396598363 0.4294483925924383 0.7773105000378564
0.9835305903671361 20
0.9999988923167366 80
25 0.9832399731529454 0.38333745728815716 0.7651443000067957
0.9963086818116542 20
26 0.9501938747627 0.3522664478493799 0.10709260002477095
0.0029364021940243676 20
0.9996758088951754 80
27 0.9098929348215054 0.3040209161211078 0.771837200038135
0.9917146483996118 20
28 0.9025757657603226 0.29739120102319944 0.09749039995949715
0.00022048419716133404 20
0.9962630880681977 80
29 0.8684375845506124 0.2577173233730424 0.7621843999950215
0.9924824311416443 20
30 0.863894480413926 0.2538613026265089 0.09914669999852777
0.000103353650738427 20
0.9949295995101181 80
31 0.8522202109106752 0.23218255316745925 0.752190800034441
0.9979087263795927 20
32 0.810134151545276 0.19268142634576402 0.17126390000339597
0.009579236136738424 20
0.9999232527189699 80
33 0.7855847884388905 0.17164011013667252 0.7306661999900825
0.9810232883214387 20
0.9999895990099841 80
34 0.7623683308722252 0.1494375067234832 0.7771613000077195
0.9873023692820262 20
0.9999941965163116 80
35 0.7453691320500234 0.13591431229127307 1.3546303999610245
0.9820811858821127 20
0.9999993783375406 80
36 0.71288986388897 0.1099637541590597 0.7003953999956138
0.9827055438689583 20
0.9999995880150864 80
37 0.7050644783060342 0.10218536712417008 0.6931798000005074
0.9526977296835335 20
0.9999996841846833 80
38 0.6981354625929612 0.09749816333769687 0.6659755000146106
0.9480809768563389 20
0.9999991890249376 80
39 0.6925019497257766 0.09317886899778452 0.6775300999870524
0.9558014566435168 20
0.9999995910266053 80
40 0.6877488802386679 0.0888204200659044 0.6677775999996811
0.9540608350293048 20
0.9999990951020533 80
41 0.6835382356620243 0.08641682084868185 0.6897296000388451
0.9754481947988375 20
0.9999997774586515 80
42 0.6797750968947749 0.0826944952809247 0.6963643000344746
0.9696379485677319 20
0.9999995434046755 80
43 0.5785096399998292
-------------------------------------------------END------------------------------------------------------
43
-------------------------------------------Classical LM---------------------------------------------------
421.65136979600766 427.0575272745391
0 383.1992359974126 384.97384036886797 2.1649659000104293
1 383.1992359974126 384.97384036886797 2.353796200011857
2 276.11665362566697 275.94089983838995 2.4243962000473402
3 78.51447406981922 75.60869693900949 2.0397315999725834
4 78.51447406981922 75.60869693900949 2.050681099994108
5 78.51447406981922 75.60869693900949 2.055427899991628
6 78.51447406981922 75.60869693900949 3.6868951999931596
7 32.1562319129912 31.444395262258514 2.1472774000139907
8 32.1562319129912 31.444395262258514 2.2699651999864727
9 19.24946374056823 19.067616703719533 2.2438754999893717
10 15.257532849864464 16.0006453192834 2.1063394999946468
11 10.120418456644554 10.095661548486744 2.142309800023213
12 10.120418456644554 10.095661548486744 2.0536312999902293
13 7.24973455722364 6.591945424745567 2.105444799992256
14 5.901805934717908 5.605936466320194 2.1887993999989703
15 5.901805934717908 5.605936466320194 2.0012085999478586
16 4.66473283901465 4.074346601871896 1.9916314999572933
17 4.105334412815552 3.5549406546504225 1.9884037000010721
18 3.509081242828203 2.9526775375259793 2.0341497999615967
19 3.3825002782204394 2.7866454471480044 2.122104500012938
20 3.3825002782204394 2.7866454471480044 2.3273680999991484
21 2.3427051636519027 1.660679696748518 2.113524399988819
22 2.3427051636519027 1.660679696748518 3.208211700024549
23 2.3427051636519027 1.660679696748518 2.509751999983564
24 1.9907807584615185 1.3448737270583508 2.064649100007955
25 1.9907807584615185 1.3448737270583508 2.075299800024368
26 1.9123457256629504 1.2670995005927514 2.5414824999752454
27 1.84270101515621 1.1943371173622068 2.109675799962133
28 1.84270101515621 1.1943371173622068 2.0395681000081822
29 1.7919952531374526 1.1391064097476993 2.0490782000124454
30 1.7395760200104713 1.0866035262265845 2.002433299960103
31 1.7014175830673597 1.052839044020643 2.03198379999958
32 1.7014175830673597 1.052839044020643 2.0607231999747455
33 1.602502281955631 0.9507858087613309 3.789965800009668
34 1.5512156642198347 0.9046846857733994 2.9553809000062756
35 1.476973154503906 0.8350401348926654 3.109376600012183
36 1.3981450365280106 0.7356467114586767 3.2573104999610223
37 1.3981450365280106 0.7356467114586767 2.484932799998205
38 1.2535470920952496 0.5966597321257939 2.065379399980884
39 1.2231758391561236 0.5611207573542677 2.4801258000079542
40 1.201416932900898 0.5476117048069463 2.1131030000397004
41 1.1425504400190314 0.5029714265214972 3.2710997000103816
42 1.06093292450901 0.4396239161597737 2.4837619999889284
43 1.06093292450901 0.4396239161597737 3.0790843999711797
44 0.8656939908513125 0.2614313904509421 3.2037228000117466
45 0.845272534083454 0.24559791656513047 3.0116062000161037
46 0.845272534083454 0.24559791656513047 2.9640819000196643
47 0.7913765087119955 0.19134574269880067 2.297499100037385
48 0.7913765087119955 0.19134574269880067 3.22639079997316
49 0.7824875413016306 0.18281687622496667 2.0819782000035048
50 0.7744112239434411 0.17525489682445392 2.0611222000443377
51 0.7712850714421443 0.17387822866376565 2.05704440001864
52 0.7712850714421443 0.17387822866376565 2.063907899952028
53 0.7529049134259472 0.15409861663286842 2.5599469000007957
54 0.7471010739634736 0.14912106912979284 2.067602299968712
55 0.7467046615352292 0.15011890777609457 2.0457731999922544
56 2.3934818196399386
-------------------------------------------------END------------------------------------------------------
-------------------------------------------Krylov LM---------------------------------------------------
421.65136979600766 427.0575272745391
203
0 383.1966349475063 384.97024367496414 2.1736976000247523
203
1 369.1274047126566 377.2802607102572 2.1885974000324495
203
2 83.28665178935455 81.04250245564981 2.1823028000071645
203
3 64.74729951628544 61.2881937131247 2.197082499973476
203
4 64.74729951628544 61.2881937131247 2.246141900017392
5 64.74729951628544 61.2881937131247 0.05630390002625063
6 64.74729951628544 61.2881937131247 0.044860900030471385
7 50.327809981668274 50.799435291000435 0.04285479994723573
203
8 31.73398548392183 29.795338477095633 2.306077599991113
203
9 31.73398548392183 29.795338477095633 2.247983800014481
10 31.73398548392183 29.795338477095633 0.05620649998309091
11 16.761260645160043 16.471881713788818 0.05971609998960048
203
12 16.761260645160043 16.471881713788818 2.2297365999547765
13 16.761260645160043 16.471881713788818 0.047357100003864616
14 10.296724661501791 10.398774230176357 0.03946150001138449
203
15 7.926295891675863 8.064974296162857 2.216333999997005
203
16 6.605522647017411 6.712454763604561 2.6524710999801755
203
17 5.092385093839862 5.067354961178694 2.8839453000109643
203
18 3.940765469671513 3.604842027243696 2.777660499967169
203
19 3.9036091692275905 3.3614259180721078 2.208337699994445
203
20 3.9036091692275905 3.3614259180721078 2.190645799972117
21 1.9919587123606537 1.3994515895997917 0.058741799963172525
203
22 1.9919587123606537 1.3994515895997917 2.187748099968303
23 1.7043044975651003 1.1020819332242306 0.05704730004072189
203
24 1.5354792084420332 0.9279158979550621 2.1825732000288554
203
25 1.481672643263533 0.8655768553835532 2.1847526999772526
203
26 1.481672643263533 0.8655768553835532 2.187106000026688
27 1.2718334139774743 0.6785727353648249 0.0597319999942556
203
28 1.2718334139774743 0.6785727353648249 2.1921033000107855
29 1.0293660729941243 0.4264533018949559 0.06016690004616976
203
30 0.9825909873372195 0.3807056075309823 2.1763884000247344
203
31 0.9526945412708954 0.3341395878748101 2.2221159000182524
203
32 0.9526945412708954 0.3341395878748101 2.2199313000310212
33 0.8655429010122523 0.2497887737768708 0.052643799979705364
203
34 0.8308206920731173 0.2129390967609804 2.4422787000075914
203
35 0.7990000245425852 0.1755579436165137 2.2025189999840222
203
36 0.7990000245425852 0.1755579436165137 2.2377811999758705
37 0.7703410145709834 0.1509784949689091 0.05927610001526773
203
38 0.7511042678392305 0.13174439561976994 2.194515199982561
203
39 0.7337251737881968 0.11628623554034345 2.1610217000124976
203
40 0.7199639545817025 0.10583334785418523 2.176632599963341
203
41 0.7199639545817025 0.10583334785418523 2.1972015000064857
42 0.7005379236261753 0.09401953358302777 0.058694199949968606
203
43 0.693336578744673 0.08424628597699552 2.1356318999896757
203
44 0.693336578744673 0.08424628597699552 2.5990767999901436
45 0.6902665021750761 0.0861749459845801 0.06078890000935644
46 1.5755771534499343
-------------------------------------------------END------------------------------------------------------
------------------------------------Reduced subspace LM---------------------------------------------------
421.65136979600766 427.0575272745391
0.9978129523445841 20
0 388.66063768463533 393.70641116398826 0.0935320999706164
0.9981361998571682 20
1 340.8354580916537 345.57003640980787 0.14132550003705546
0.9987151486078101 20
2 288.4268389396932 292.08694594212517 0.10381599998800084
0.9993428649179058 20
3 253.10822657962157 253.94471143689762 0.10143640002934262
0.9927026221258904 20
4 234.2210272613167 232.80639774596293 0.17417630000272766
0.9879671276277153 20
0.9999998162156504 80
5 148.12939217447544 152.97894735991036 0.7096113999723457
0.6277216069925391 20
0.9859856069627633 80
0.996312916231167 140
6 140.66318146084677 146.31238653129438 1.501169299997855
0.7787447321058851 20
0.9933807385877299 80
7 28.518888140224245 28.655584959006934 0.6898433000314981
0.770421056889162 20
0.9967911866003658 80
8 26.14846219482119 24.92753375136391 0.6524835000163876
0.9702926868462939 20
0.999153148957718 80
9 11.469308110161851 11.695220199354148 0.9315678999992087
0.9740979809356015 20
0.9999122846663997 80
10 6.155064522945739 6.396568437360111 0.7105442000320181
0.9430406193203891 20
0.9999587987332452 80
11 4.827478302404162 4.856145652780727 0.7291880999691784
0.9393908212373392 20
0.9999822063044116 80
12 4.0188222509497 3.6992303427546234 0.6748416000045836
0.967282176450054 20
0.9999940437115024 80
13 2.949903595144736 2.5548322220153548 0.6675765999825671
0.9911290324623018 20
14 2.197111296146209 1.9056998189015872 0.1130109999794513
0.013318533985514552 20
0.9998746640111629 80
15 2.0238385506288905 1.7397228530704363 0.6813050999771804
0.9859871227464916 20
0.9999983886989505 80
16 1.7988944212868776 1.360663750747954 0.6686692999792285
0.9840813814557278 20
0.9999939772145415 80
17 1.6887115942299082 1.2394806563638212 0.6542789000086486
0.9814274271269455 20
0.9999943632905559 80
18 1.534554707413397 1.0317097550071357 0.6743749000015669
0.9896520905762745 20
0.999998345399081 80
19 1.447094120163311 0.9227184421647575 0.6844035999965854
0.9790427685631261 20
0.9999943845613805 80
20 1.380623484614922 0.8229305739263796 1.0583371000248007
0.9799079701238839 20
0.999997250432571 80
21 1.276392930477972 0.7288612055080332 0.689698500034865
0.987520323853736 20
0.9999987778890655 80
22 1.131571102090791 0.5752675628241652 0.7252752999775112
0.9859625686874827 20
0.9999988868946404 80
23 1.0923863609623392 0.5305393177303742 0.7677105999900959
0.9912589723962787 20
24 1.0243745673054225 0.45160986200834285 0.09847179998178035
0.0026238094200706514 20
0.9994511347819136 80
25 0.996412792248892 0.4195535550291771 0.758524100005161
0.9838409081004111 20
0.9999988176636311 80
26 0.973288076205498 0.3926395701067056 0.7709081000066362
0.9921919795690702 20
27 0.9416979039313202 0.36092132432357005 0.09686940000392497
0.00041512348139689906 20
0.9977716476439918 80
28 0.935276806085961 0.3457625030833265 0.7031745000276715
0.9927191776699807 20
29 0.8874567681945713 0.300201021347836 0.10671550000552088
0.000557943704897077 20
0.9974312846395479 80
30 0.8540168061335079 0.27266742981291636 0.6947696999995969
0.976837175677676 20
0.9999981242978094 80
31 0.7901092036991644 0.199198137958134 0.7588483999716118
0.9917182869485065 20
32 0.7885693851303147 0.19776826928916108 0.1713469999958761
4.608759151800877e-05 20
0.9898968084167502 80
0.999706581578109 140
33 0.7744109189420489 0.18884075005761697 1.5335245999740437
0.9879567933391044 20
0.999995620420206 80
34 0.7160676205198067 0.12633739116796494 0.6832051999517716
0.9889010557603102 20
0.9999989756831394 80
35 0.7101620957700853 0.12174666086501165 0.6797376999747939
0.9674953888026709 20
0.9999981899743694 80
36 0.7058268777797387 0.11894535708533507 0.6777517999871634
0.9717017479952114 20
0.9999987853257701 80
37 0.7023840390651406 0.11582459594961088 0.688871799968183
38 0.6310578399989754
-------------------------------------------------END------------------------------------------------------
44
-------------------------------------------Classical LM---------------------------------------------------
407.89138641845136 414.3151696402855
0 256.00280763165364 262.3948881438973 2.020656600012444
1 256.00280763165364 262.3948881438973 2.0233237999491394
2 144.59092862350178 144.96931906338733 3.8312182999798097
3 144.59092862350178 144.96931906338733 3.387308600009419
4 71.68672539033231 69.66188216422358 2.096108500030823
5 71.68672539033231 69.66188216422358 2.079247000045143
6 71.68672539033231 69.66188216422358 2.0707480999990366
7 23.225444926515898 23.503261573602657 2.055918700003531
8 23.225444926515898 23.503261573602657 2.0365980999777094
9 13.290633759638062 13.013375168541513 2.0563803000259213
10 9.5924794575976 8.817252341558 2.0911446000100113
11 6.90727857243573 6.255402769652852 2.1596316000213847
12 6.90727857243573 6.255402769652852 2.0581414999905974
13 4.993236686780703 4.485550900144118 2.096800400002394
14 3.870689481015025 3.2879212050323194 2.047907200001646
15 3.870689481015025 3.2879212050323194 2.02394570002798
16 3.2354421937987854 2.661895108687482 2.165812300052494
17 2.9406706763885864 2.4010413351075757 2.0349184999940917
18 2.9406706763885864 2.4010413351075757 2.0246137999929488
19 2.456800101956531 1.9111829193922447 2.075941299961414
20 2.257315272928936 1.7435429708622687 1.990813500015065
21 2.257315272928936 1.7435429708622687 1.9949304000474513
22 1.9746299708285768 1.4337442485264396 2.0872850999585353
23 1.8265037351702285 1.3036448816210426 2.029577400011476
24 1.7287640159250983 1.2200614727685815 2.412901600007899
25 1.7287640159250983 1.2200614727685815 2.362499499984551
26 1.5109244585256965 0.9874973884881042 2.088936400017701
27 1.3506665531256978 0.7994089287761529 2.0291660000220872
28 1.3236513682155375 0.7731795536449808 2.030395000008866
29 1.3236513682155375 0.7731795536449808 2.0486475999932736
30 1.0365203752951695 0.44957949063262626 3.6770717999897897
31 1.0010963890139664 0.408444315351993 2.0514962000306696
32 0.9681547101640806 0.3532618399601506 2.0462698999908753
33 0.9681547101640806 0.3532618399601506 2.051637500000652
34 0.8689145965628752 0.2605620359703277 2.1135259000002407
35 0.8689145965628752 0.2605620359703277 2.037386999989394
36 0.8076686963742138 0.20191989691584514 2.093278000014834
37 0.796482889299345 0.18994368466887737 2.0162984000053257
38 0.796482889299345 0.18994368466887737 2.505203899985645
39 0.7787604425753875 0.17452795725207082 2.085858000034932
40 0.769190880086079 0.16488162425260242 2.0370161999599077
41 0.7635041691334834 0.15908855884758413 2.0185602999990806
42 0.7635041691334834 0.15908855884758413 2.013477000000421
43 0.7432504581643867 0.14049347507848461 2.042127900000196
44 0.7352961522430318 0.13312863920781223 1.9965863000252284
45 0.7309902231917178 0.12887316105331667 2.016974799975287
46 0.7309902231917178 0.12887316105331667 1.9680716000148095
47 0.711348564569547 0.11115799293954505 2.4873829999705777
48 0.7035512862284187 0.1033955774801496 2.0642541999695823
49 0.6966258659298218 0.09669335510679705 2.015725500008557
50 0.6916482539108141 0.0959317978267344 2.0242129000253044
51 0.6916482539108141 0.0959317978267344 1.9816686999984086
52 0.6698734829010012 0.07460996820171859 2.0672479999484494
53 0.6698734829010012 0.07460996820171859 2.0027496999828145
54 0.664530216420081 0.06874112041697257 4.224040600005537
55 2.192655845454393
-------------------------------------------------END------------------------------------------------------
-------------------------------------------Krylov LM---------------------------------------------------
407.89138641845136 414.3151696402855
203
0 256.00871870510673 262.40090360158996 2.1543633000110276
203
1 253.1496031906045 242.7523833502006 2.2106802000198513
203
2 156.4361649485654 154.1030204158225 2.1885389999952167
203
3 45.37048550219945 42.93666429602751 2.1943105999962427
203
4 45.37048550219945 42.93666429602751 2.180093900009524
5 45.37048550219945 42.93666429602751 0.05941089999396354
6 45.37048550219945 42.93666429602751 0.03902590001234785
7 22.87259535691454 23.061761831696494 0.04568079998716712
203
8 22.87259535691454 23.061761831696494 2.1827282999875024
9 22.87259535691454 23.061761831696494 0.052799400000367314
10 16.081352154951542 15.8110453228913 0.04516699997475371
203
11 15.464071378477625 15.98966922479014 2.169150800036732
203
12 15.464071378477625 15.98966922479014 2.1868424999993294
13 9.228224160182304 8.93578653894685 0.045760300010442734
203
14 8.181988251705508 8.07845390197964 2.226269900042098
203
15 5.27281442009784 4.59839204131598 2.217287799983751
203
16 5.27281442009784 4.59839204131598 2.9464982000063173
17 4.11579872493058 3.5639871981819096 0.05571709998184815
203
18 3.7033221245106165 3.1064545757002815 2.9662275000009686
203
19 3.7033221245106165 3.1064545757002815 2.1937627000152133
20 3.1683504339584507 2.542173862334239 0.04984219995094463
203
21 3.1578963082469285 2.5797552018958396 2.1899884000304155
203
22 3.1578963082469285 2.5797552018958396 2.2115886000101455
23 3.1578963082469285 2.5797552018958396 0.07239270000718534
24 2.4546223035581747 1.855278703319916 0.07088280003517866
203
25 2.172653675451976 1.5506773508166074 2.2075817000004463
203
26 2.172653675451976 1.5506773508166074 2.278202900022734
27 2.0119819174410383 1.4182234657110235 0.05419610004173592
203
28 1.9227839582843749 1.3192274686037535 2.7003122000023723
203
29 1.9058392300767402 1.2878930763589915 2.1881199999479577
203
30 1.9058392300767402 1.2878930763589915 2.196343300049193
31 1.6540594777980842 1.073845225256711 0.05757559998892248
203
32 1.5793035116644634 0.9889244194658359 2.1908644000068307
203
33 1.5052398641183689 0.9162992898243796 2.1850403000134975
203
34 1.5052398641183689 0.9162992898243796 2.1767075000097975
35 1.3832629895997364 0.795425789270376 0.046955600031651556
203
36 1.3191993761967558 0.7343507820334207 2.1830061999498866
203
37 1.3191993761967558 0.7343507820334207 2.190001000009943
38 1.2592826372980623 0.675381384194325 0.059926899964921176
203
39 1.2045078100945468 0.6216549727204934 2.1867639000411145
203
40 1.154252650109184 0.5713125619833559 2.158171500021126
203
41 1.154252650109184 0.5713125619833559 2.5412092999904417
42 1.0795906339061465 0.4987448845257447 0.06738690001657233
203
43 1.0504177711737392 0.4686360834185791 2.6508663999848068
203
44 1.0301469436057653 0.4514558134586413 2.5861833000089973
203
45 1.010030118836061 0.4348688752454799 2.2915748999803327
203
46 0.9125288975176822 0.3213060156559552 2.2507430000114255
203
47 0.9125288975176822 0.3213060156559552 2.208924099977594
48 0.8534518534565363 0.25438047681122034 0.05460149998543784
203
49 0.8534518534565363 0.25438047681122034 2.2241332000121474
50 0.8417779582760181 0.24502384013399886 0.04629169998224825
203
51 0.8281000409533371 0.23214023159246305 2.207338100008201
203
52 0.812945091148158 0.2191602770582687 3.1456645999569446
203
53 0.812945091148158 0.2191602770582687 3.0832158000557683
54 0.8013646299680495 0.2066696965003687 0.056713500001933426
203
55 0.7954209503483759 0.2022779358764054 2.2244967999868095
203
56 0.7954209503483759 0.2022779358764054 2.342092600010801
57 0.7866206029265923 0.19155692542978187 0.052713399985805154
203
58 0.783062160518737 0.1891910036452349 2.432796099979896
59 1.6758913888904592
-------------------------------------------------END------------------------------------------------------
------------------------------------Reduced subspace LM---------------------------------------------------
407.89138641845136 414.3151696402855
0.9976962709257299 20
0 377.33235652717343 384.2563500469471 0.11714719998417422
0.9983520766447327 20
1 332.91589168811583 339.8717118896928 0.09445379994576797
0.9992079921957904 20
2 284.4658156680637 289.404181909501 0.1110140000237152
0.9990307688955492 20
3 248.57098548188344 249.69607044187015 0.10356580000370741
0.9468616825883768 20
0.9999981936126431 80
4 243.7045107004814 244.9157597477337 0.8264709999784827
0.923748429564407 20
0.9999025395863089 80
5 178.66418494435334 166.26918607281362 0.7717751000309363
0.8010968016494953 20
0.9925687748761319 80
6 118.39519171483302 113.6897325239211 1.3238099999725819
0.9415184517931346 20
0.9972458552179962 80
7 66.51636761444043 64.93901118644602 1.2780232999939471
0.9788146852258285 20
0.9995664931585975 80
8 32.187176830702455 31.10418108489448 0.7222617000225
0.9627876029779149 20
0.9999325874345228 80
9 18.79615209813228 18.505853254103386 0.7326652000192553
0.9861255532802427 20
0.999947579027731 80
10 12.474685292466939 11.896669819558092 0.6662948000011966
0.9818556290596252 20
0.9999786288015 80
11 2.9906561010092036 2.5234265285868895 0.6810039000120014
0.9700246230570277 20
0.9999786413455003 80
12 2.041794611134933 1.5270593864111701 1.0134785000118427
0.9556686947250992 20
0.9999797091204549 80
13 1.5093045552903182 0.9365148041114563 0.725642399978824
0.9884747012376851 20
0.9999981746586463 80
14 1.3073847820997777 0.6633529691148771 0.9350164000061341
0.992799073222903 20
15 1.0836495254478244 0.48612733107977907 0.13627870002528653
0.011283399892653789 20
0.9997426430834705 80
16 1.0390930553248696 0.40504058684390226 0.7016881000017747
0.9896306231164407 20
0.9999972115057519 80
17 0.9090119677424143 0.3115411339346245 0.7072091000154614
0.9947700583743844 20
18 0.8508813921436762 0.24912706595077821 0.21374869998544455
0.0013080829027678055 20
0.9961589005320396 80
19 0.8057088898947276 0.20406352877160067 0.7035982999950647
0.9768175388043907 20
0.999996878788645 80
20 0.766807940379217 0.17923495851660143 0.721106700017117
0.9941160294125926 20
21 0.7585844060093878 0.17102461258763502 0.09748820000095293
0.00014751438209053828 20
0.9767877455814602 80
0.9994378590853941 140
22 0.7216148899903324 0.1351975003604736 1.8533888999954797
0.9890754887688048 20
0.9999965472930228 80
23 0.7006345280623067 0.11698816851052825 1.063653199991677
0.9826517128303908 20
0.9999916556231262 80
24 0.6915080037076627 0.11048334015313778 0.6750686999876052
0.982639917904713 20
0.9999924915060516 80
25 0.6769956733199187 0.09456974863352043 0.683013400004711
0.9816976221153446 20
0.9999963817282792 80
26 0.6727920108011402 0.09267287145558331 0.6868452000198886
0.9747762789950823 20
0.9999966539741927 80
27 0.664670192240128 0.08289899770923544 0.8002623000065796
0.9710102838463739 20
0.9999972035279779 80
28 0.6605810703685895 0.0798390065470029 1.3333595999865793
0.9783918774101807 20
0.9999972514644816 80
29 0.655246342174732 0.07388331949565975 0.7071827999898233
0.9701593516197958 20
0.9999974248898885 80
30 0.652282769700338 0.07138923643101483 0.6855883999960497
0.9808979446575413 20
0.9999960204702426 80
31 0.6487915816958807 0.06836183702877525 0.6815542000113055
0.9777595244636111 20
0.9999978396066855 80
32 0.6463858856896824 0.06550946725343654 0.6841423000441864
33 0.7089631266672061
-------------------------------------------------END------------------------------------------------------
45
-------------------------------------------Classical LM---------------------------------------------------
423.04017478049536 428.3514568694168
0 372.6642659480831 364.50203167015866 2.102326499996707
1 372.6642659480831 364.50203167015866 2.050290299986955
2 237.51705950884494 246.08843304562598 2.1239223000011407
3 187.47568503366972 178.43665152888332 2.0126221999526024
4 187.47568503366972 178.43665152888332 2.466538099979516
5 44.273969495382545 45.07987635430576 2.2047729999758303
6 44.273969495382545 45.07987635430576 2.0450856999959797
7 29.50322354927907 28.79678808004142 2.1044700000202283
8 29.50322354927907 28.79678808004142 2.045024800056126
9 15.313066567054609 14.96743250632668 2.1054707000148483
10 15.313066567054609 14.96743250632668 2.0361868999898434
11 6.726453253240485 6.321280797624876 2.1354872999945655
12 5.232497753732029 4.626012290603967 2.0169316999963485
13 4.839270089162885 4.414684284727641 2.475443300034385
14 4.839270089162885 4.414684284727641 2.303507999982685
15 2.148080637904454 1.5568960319077179 2.1665551000041887
16 2.148080637904454 1.5568960319077179 2.049362200021278
17 1.551944772595559 1.0027343935576525 2.5396226000157185
18 1.0851603017437073 0.48738552973599464 2.0783811999717727
19 1.0845981295583174 0.48593491955049595 2.0858012999524362
20 1.0587037500391463 0.4544563831530196 2.0360407999833114
21 1.0587037500391463 0.4544563831530196 2.0341386000509374
22 0.8034919967739657 0.1978947435484727 3.826911600015592
23 0.7611233522563562 0.1537038735314028 3.490251699986402
24 0.7611233522563562 0.1537038735314028 3.5029001000220887
25 0.6849689220066539 0.07777941492563412 2.123390999971889
26 0.6848018533479214 0.08216846312160178 2.0810600999975577
27 0.6848018533479214 0.08216846312160178 2.08144410001114
28 0.6579779821107418 0.058719297183434924 2.4934319999883883
29 0.6526308674296031 0.05742380579331684 2.1053094000089914
30 0.6526308674296031 0.05742380579331684 2.018458599981386
31 0.6445733155486291 0.051547795753276775 2.0814403999829665
32 0.6399596647405433 0.04952057241234243 2.353514800022822
33 0.636037977618389 0.04893717234663032 2.473891200032085
34 0.636037977618389 0.04893717234663032 2.0792771999840625
35 0.6283514625381437 0.04240376219784344 2.049135599983856
36 0.6259791061669258 0.041748997544434924 2.0240071000298485
37 2.378748498332182
-------------------------------------------------END------------------------------------------------------
-------------------------------------------Krylov LM---------------------------------------------------
423.04017478049536 428.3514568694168
203
0 372.6626597796371 364.4997925703929 3.0942246000049636
203
1 372.6626597796371 364.4997925703929 2.3786630999529734
2 234.60911291382286 243.30268111747014 0.05290230002719909
203
3 183.29597905176882 173.67949179252733 2.7151741000125185
203
4 68.91857824124234 69.85361033683438 3.01419590000296
203
5 68.91857824124234 69.85361033683438 2.1954180999891832
6 68.91857824124234 69.85361033683438 0.06131029996322468
7 30.65950907942949 30.388220263845906 0.03869990003295243
203
8 30.65950907942949 30.388220263845906 2.2167754000402056
9 23.120676712485807 21.146473894127276 0.04656039999099448
203
10 23.120676712485807 21.146473894127276 2.226962699962314
11 6.921360833356484 6.1105822653165305 0.055824699986260384
203
12 6.921360833356484 6.1105822653165305 2.724128899979405
13 3.8491589875700987 3.295152061934148 0.06393430003663525
203
14 2.95150910443009 2.2513243704499466 2.4311965000233613
203
15 2.2578367887712703 1.5934959783691538 2.27502620004816
203
16 1.8485023965776735 1.21565956333171 2.262546400015708
203
17 1.8485023965776735 1.21565956333171 2.222835699969437
18 1.349839450587228 0.7487242054921003 0.06091579998610541
203
19 1.2792352761212953 0.6479537461225999 2.224857900000643
203
20 1.02809024493453 0.41923564973776223 2.200163900037296
203
21 1.02809024493453 0.41923564973776223 2.2090090000419877
22 1.02809024493453 0.41923564973776223 0.04135580000001937
23 0.8299662865952894 0.2353665864254882 0.053673299960792065
203
24 0.7959527464556635 0.20244293765034144 2.191435699991416
203
25 0.7959527464556635 0.20244293765034144 2.2238596999668516
26 0.7743341803810923 0.18350786110628575 0.040552399994339794
203
27 0.7574814679518082 0.1682103319144944 2.2208175999694504
203
28 0.7408564369383014 0.15493201354989508 2.2317677999963053
203
29 0.7261598286106561 0.1419310242680354 2.2664659000001848
203
30 0.716527139086307 0.12986301892300334 2.295344899990596
203
31 0.6955164760629319 0.1072976892415831 2.2546858999994583
203
32 0.6948148432778537 0.10612318884825003 2.2857846000115387
33 1.6629415060601649
-------------------------------------------------END------------------------------------------------------
------------------------------------Reduced subspace LM---------------------------------------------------
423.04017478049536 428.3514568694168
0.9978763024200898 20
0 389.6039563069538 395.27657645689374 0.2214757000328973
0.9982789637504685 20
1 341.2451714348066 346.9732888451548 0.08944459998747334
0.9988372162372866 20
2 288.621402372399 293.5568342955968 0.11231329996371642
0.9989468121712252 20
3 252.03811425991128 252.8316791243155 0.11057570000411943
0.9906746292102817 20
4 222.89788419040292 221.15066477924591 0.1088282999699004
0.9622042052196601 20
0.9999972602016164 80
5 217.51503452402392 216.17641316903328 0.7929953999700956
0.921389478930599 20
0.9999530200416219 80
6 182.53168649087027 181.78382208564983 0.8222570999641903
0.9904587310897005 20
7 108.24795494741416 104.74791232381376 0.0989564000046812
0.8894088815142287 20
0.9998872757778501 80
8 92.98423705868879 90.25705477167803 0.8311244999640621
0.9030792119793025 20
0.9999255550224722 80
9 78.4238600783396 80.70144117443168 0.7751532000256702
0.9595297224442623 20
0.9999843157028117 80
10 52.40327961009005 52.80422091186844 0.784640500030946
0.9760748155842514 20
0.999991279516653 80
11 37.07889226678834 36.48423151298895 0.7181555000133812
0.9901426902672456 20
12 11.542145446234993 11.324198073118575 0.12101239996263757
0.7968120120462246 20
0.9999994247678592 80
13 8.552858631057715 8.148042859151463 1.4496914999908768
0.8735278218544343 20
0.9999987307992589 80
14 6.028513075637907 5.399341639413606 1.034183599986136
0.9784659361472762 20
0.9999939132317252 80
15 3.7483210613177347 3.0751102706029543 0.7249562999932095
0.9709905338143577 20
0.9999993192406303 80
16 2.9372981953870485 2.2808044522792903 0.6896876000100747
0.9926645569619948 20
17 1.98940563301609 1.3732598113038548 0.11361040000338107
0.07151648819001778 20
0.9999910630612115 80
18 1.479579400329441 0.8664982921962455 0.788705300015863
0.9350932243420638 20
0.9999981372796491 80
19 1.3062659483791161 0.7029949048060359 1.4850808999617584
0.9063531934625556 20
0.9999978001585053 80
20 1.1749262470668822 0.5803340958206932 1.4170692000188865
0.8486107002434203 20
0.9999422627195069 80
21 1.0453832906040883 0.4497227548448274 0.7177580999559723
0.9659225500714839 20
0.999999089127208 80
22 0.8909693271518637 0.2799729575761639 0.6669966999907047
0.9818729375313087 20
0.9999972597121186 80
23 0.790084812268872 0.1738654686131432 0.6855596999521367
0.9894967881615677 20
0.9999993557754896 80
24 0.767971085465722 0.14591219409652087 0.6949625999550335
0.9940460393318696 20
25 0.7596408533873457 0.14168670915852283 0.1129742999910377
0.0016991086788115913 20
0.9995277132300394 80
26 0.7448674199044008 0.13490785138320296 0.7251360000227578
0.971578817863962 20
0.9999973894742982 80
27 0.7301035197449924 0.1185517565125186 0.9839566000155173
0.9867451776304579 20
0.9999993392844814 80
28 0.7211178553035895 0.11326165264220547 0.6669069000054151
0.9797122325354115 20
0.9999992052000177 80
29 0.709172617551973 0.10363365850574618 0.680103299964685
0.9489787072840454 20
0.999997209306189 80
30 0.6996392294857589 0.09562551562220262 0.6885856000008062
0.9660917234246612 20
0.9999979190502032 80
31 0.6906883701981195 0.08981752221340088 0.6835799999535084
0.9275646854639606 20
0.9999954571095251 80
32 0.6829294734176844 0.0818842465363584 0.6900819999864325
0.9700714285975481 20
0.9999964326788917 80
33 0.6765236545363065 0.07856339420335036 0.7537508000386879
0.9361655590064332 20
0.999994946948832 80
34 0.6711054015899788 0.07297954460076864 1.3617528000031598
0.9676820618982691 20
0.9999952095457503 80
35 0.6668788735631191 0.07178071187089281 0.8471573000424542
0.9638166628237207 20
0.9999988704284979 80
36 0.6629882019176665 0.06774844830685485 0.783902799943462
0.9606789473387766 20
0.999989107533998 80
37 0.6597688429139956 0.06772855346207791 1.2826999999815598
0.9651950842798063 20
0.9999989927756479 80
38 0.6565463921366509 0.06446465433144251 0.8002979000448249
0.9458043423736506 20
0.9999837879818501 80
39 0.6541630845955629 0.06478164831409822 0.7298376000253484
0.9550503683051054 20
0.9999980780340082 80
40 0.7304250422995
-------------------------------------------------END------------------------------------------------------
46
-------------------------------------------Classical LM---------------------------------------------------
441.3518442481674 440.1743990739987
0 325.71880398115593 329.8205886602421 2.308522699982859
1 312.8991515852004 307.36151307776487 2.0931009000050835
2 105.76037226641176 101.44661968988366 2.0534897000179626
3 105.76037226641176 101.44661968988366 2.0199589999974705
4 105.76037226641176 101.44661968988366 2.092795800010208
5 35.82664414016794 37.067177485155916 2.0684104999527335
6 35.82664414016794 37.067177485155916 2.0617063000099733
7 29.41607175451856 28.179962191533566 2.0965389999910258
8 29.41607175451856 28.179962191533566 2.1096120000001974
9 29.41607175451856 28.179962191533566 2.1069335999782197
10 20.31116761966806 21.005011569676775 2.114217500027735
11 20.31116761966806 21.005011569676775 2.0046963000204414
12 11.982848310468299 12.680064015327694 2.1185286000254564
13 8.409184617208405 8.915938198911562 3.7847138999495655
14 6.856316854468003 6.887551798285478 3.7684237000066787
15 4.748779364511096 4.469897880566266 3.056663000024855
16 3.9157715954523025 3.338945828326906 2.6642462000017986
17 3.9157715954523025 3.338945828326906 2.3129927000263706
18 3.9157715954523025 3.338945828326906 2.193855400022585
19 2.7601556817300774 2.2167262773513197 2.121356699964963
20 2.7601556817300774 2.2167262773513197 2.035076799977105
21 2.533699279389094 1.9518466835403916 2.3623009999864735
22 2.533699279389094 1.9518466835403916 2.4684954999829642
23 2.4635503874778535 1.8805972166144833 2.123138800030574
24 2.3897486685586786 1.8145177859964403 2.0682529999758117
25 2.3323434447246623 1.7648196138374344 2.0504604000016116
26 2.17869833016867 1.599482537719172 2.4958507000119425
27 2.17869833016867 1.599482537719172 2.3873912999988534
28 1.958340514448379 1.3184649606333965 2.123638499993831
29 1.9042949629357198 1.2465992670066075 2.0838327000383288
30 1.9042949629357198 1.2465992670066075 1.9899213000317104
31 1.751362977238463 1.1035681276191924 2.0863061999552883
32 1.6797274691748783 1.0298292988931061 2.0230813000234775
33 1.5924078651367026 0.9489351697313851 1.9998174000065774
34 1.4178065838000882 0.7764686175206237 2.11262379999971
35 1.2636786246743177 0.6298217897559594 2.112892600009218
36 1.2051116082691962 0.5875154967570225 2.1586071000201628
37 1.2051116082691962 0.5875154967570225 2.177455500001088
38 0.9103910329208845 0.30861956411158586 2.094229600043036
39 0.9103910329208845 0.30861956411158586 2.036338100035209
40 0.8602038978965287 0.24697079001721842 2.08140679995995
41 0.8451401381038784 0.22989307952584864 2.1069389000185765
42 0.8451401381038784 0.22989307952584864 2.44497340003727
43 0.8231220321838895 0.20905631663718136 2.121147400001064
44 0.8140699274093031 0.20207869670305534 2.005913600034546
45 0.8131042542474612 0.20512772204994456 2.023446500010323
46 2.2374848195695844
-------------------------------------------------END------------------------------------------------------
-------------------------------------------Krylov LM---------------------------------------------------
441.3518442481674 440.1743990739987
203
0 325.71708669672523 329.8189168052142 2.134941299969796
203
1 307.96350647669675 302.82153515114004 2.213024900003802
203
2 77.99797460588007 76.2346586967144 2.234453300014138
203
3 36.54434076646153 38.29177992130308 2.2023787000216544
203
4 36.54434076646153 38.29177992130308 2.188848899968434
5 36.54434076646153 38.29177992130308 0.04537559999153018
6 36.54434076646153 38.29177992130308 0.045250300026964396
7 27.457089314344362 28.905341363965935 0.03741540003102273
203
8 27.457089314344362 28.905341363965935 2.6920564000029117
9 25.94276163040036 26.875266746302593 0.06245149997994304
203
10 25.94276163040036 26.875266746302593 2.725882200000342
11 25.721940276359 24.811660084780954 0.06207619997439906
203
12 7.484354109917642 7.672900964453532 2.5757996999891475
203
13 7.484354109917642 7.672900964453532 3.0383629000280052
14 7.379396370984448 7.1562604779107515 0.062656500027515
203
15 4.043309489878165 3.6751868710577327 2.5553869999712333
203
16 4.043309489878165 3.6751868710577327 2.3296762999962084
17 3.457649280272771 3.0020080778630316 0.07499559997813776
203
18 3.0005018504767076 2.5455609706071 2.3553686999948695
203
19 3.0005018504767076 2.5455609706071 2.224832299980335
20 2.8427020924167428 2.327914494314324 0.04865010001230985
203
21 2.833060027418002 2.2558891979023628 2.2108658999786712
203
22 2.145260568363218 1.6663453207697017 2.2100108000449836
203
23 2.145260568363218 1.6663453207697017 2.194984400004614
24 1.8745840476613882 1.3677854501295197 0.04706730000907555
203
25 1.8327737023438189 1.3202066650731126 2.181042600015644
203
26 1.696313251288122 1.1764517648777502 2.193559599982109
203
27 1.696313251288122 1.1764517648777502 2.2204409000114538
28 1.4795538100223753 0.9203515902623437 0.03973959997529164
203
29 1.4795538100223753 0.9203515902623437 2.2010047999792732
30 1.2287524538270032 0.6424380178349711 0.05952529999194667
203
31 1.2287524538270032 0.6424380178349711 2.224092999997083
32 1.1990240148758808 0.6110814813729223 0.05838150001363829
203
33 1.1444779170059345 0.5484019361063596 2.2130109000136144
203
34 1.1444779170059345 0.5484019361063596 2.2346108000492677
35 1.1003630705531955 0.5105322164051027 0.06203609996009618
203
36 1.0685307479998436 0.4789926935837984 2.225608100008685
203
37 1.0335541817075726 0.4395603616137448 2.206501599983312
203
38 1.0335541817075726 0.4395603616137448 2.7084869999671355
39 0.9573563637499989 0.36833246010418363 0.04653150000376627
203
40 0.9327564950618682 0.3435127833379255 2.5503623000113294
203
41 0.9327564950618682 0.3435127833379255 2.6666421000263654
42 0.9116320460598653 0.3230301168365837 0.06783840002026409
203
43 0.8963154570139581 0.3077142216868007 2.8161144999903627
203
44 0.8887842677413462 0.3010298304698456 3.183639499999117
203
45 0.8887842677413462 0.3010298304698456 3.5858180999639444
46 0.8580219378094647 0.27035423242400564 0.0780003999825567
203
47 0.8506090908819269 0.2629289974225427 3.58402470004512
203
48 0.8506090908819269 0.2629289974225427 2.417394999996759
49 0.8290233930754677 0.24088253792609013 0.0721445000381209
203
50 0.8185448696094271 0.23136375327781927 2.221583799982909
203
51 0.8087039912097256 0.22488121997059352 2.1993711999966763
203
52 0.8087039912097256 0.22488121997059352 2.2145575000322424
53 0.7875265455206011 0.20592776382505473 0.04836499999510124
203
54 0.7763508702863301 0.1955786529839758 2.2154148000408895
203
55 0.7666518144862624 0.1876040274376099 2.212733799999114
203
56 0.7666518144862624 0.1876040274376099 2.2117443999741226
57 0.747283687367943 0.16721409230540382 0.05614810000406578
203
58 0.7399252025072514 0.16064833951444155 2.1826749999891035
203
59 0.7399252025072514 0.16064833951444155 2.19470910000382
60 0.7290498810178994 0.14962523116313856 0.04697690001921728
203
61 0.7223142130485197 0.14435240715700565 2.203810599981807
203
62 0.7197225766908217 0.14349961498530484 2.203027799958363
63 1.690608263013355
-------------------------------------------------END------------------------------------------------------
------------------------------------Reduced subspace LM---------------------------------------------------
441.3518442481674 440.1743990739987
0.9987560378575061 20
0 404.34619719953315 403.86842661177485 0.14312170003540814
0.9991143345074881 20
1 351.3692286709251 351.62510838616595 0.11820309999166057
0.9992486408111036 20
2 293.8029718136707 295.00027433014276 0.1150146999862045
0.9992722285805906 20
3 253.72487002521916 254.30471019765218 0.14107489999150857
0.9937668123670401 20
4 216.6698248413289 213.62605745117307 0.09326870000222698
0.9923258114402453 20
5 182.69149894747062 181.6254723431613 0.10959629999706522
0.9744508540216779 20
0.9999915678327167 80
6 166.21235860365894 166.45733135726806 0.7510350999655202
0.9762370841431552 20
0.9999896324311676 80
7 103.96838429225146 100.27473921066176 0.7712615000200458
0.9149676451969713 20
0.9999808632050378 80
8 65.03312962759261 63.75221524844844 0.7539559999713674
0.9828080458266405 20
0.9999971725632535 80
9 53.11341914069904 53.41709641275166 0.9263371999841183
0.9813615537488922 20
0.9999988387680739 80
10 28.697340168867306 26.8536648336504 1.4127367999753915
0.9931043184830484 20
11 11.983264372784753 11.725721904928205 0.12069199996767566
0.7349276677537452 20
0.999998752025775 80
12 6.559652946098696 6.1411334345453215 1.4227632000111043
0.9619282266241247 20
0.9999995688150974 80
13 4.0712586793947905 3.5115683332696053 1.2625894999946468
0.9747019043325229 20
0.999999146662851 80
14 2.437858074843115 1.8023124408601716 0.7062028999789618
0.942108529259777 20
0.9999982383047703 80
15 1.751171441777522 1.0880364298572065 0.7237679999670945
0.9590741493373265 20
0.9999967247081752 80
16 1.3574382265869736 0.7165926254347799 0.7065029999939725
0.9450284549854941 20
0.9999973124314597 80
17 1.1792060553047479 0.5358695778942251 0.7242682000505738
0.9961072937571742 20
18 1.0153872754412152 0.3841434798152228 0.10806759999832138
0.031291361744422874 20
0.9999819463300142 80
19 0.9685014316660712 0.32688500550461896 0.7381527000106871
0.9757959408772404 20
0.9999991813198038 80
20 0.8943012397923543 0.2705001872406472 0.7333709999802522
0.9804153063003067 20
0.9999985508114493 80
21 0.8330908289566058 0.221134517323485 0.9583816000376828
0.9947179003616888 20
22 0.7834308328290415 0.17375978605623588 0.10885060002328828
0.0012194241955366782 20
0.996211705115205 80
23 0.7667180630371371 0.16286457021315112 0.7320074000163004
0.9956383556092239 20
24 0.7424765509177871 0.13833268384495917 0.12906499998643994
0.00046272681797995244 20
0.9980642711144032 80
25 0.7223903676373602 0.11992200533226423 1.284132500004489
0.9955969026220803 20
26 0.7186103268231409 0.11695926493509973 0.09336020000046119
5.171728509973663e-05 20
0.9954520163528311 80
27 0.703220496414642 0.10378015139109259 0.7075402000336908
0.9949536878282347 20
28 0.7008476563703862 0.10177072000945095 0.11052769998786971
0.000112171537664795 20
0.9966881550480378 80
29 0.6915668016719373 0.09255053638290911 0.6983498000190593
0.990764847944166 20
30 0.6882148545462944 0.08965181733750249 0.100341200013645
0.00021124538182004955 20
0.994179603210064 80
31 0.6783090061083538 0.08074726229166862 0.6862860999535769
0.9894949648007568 20
0.9999991081013317 80
32 0.6715075924319295 0.07624460161646326 0.8986066000070423
0.9658832518864868 20
0.9999989355072426 80
33 0.6657395311210527 0.07084183360968137 0.8964889000053518
0.9844552265027858 20
0.9999985736476532 80
34 0.661538099835932 0.06807228623433095 0.6638928999891505
0.9769848062825809 20
0.9999987072122937 80
35 0.6575519256133987 0.06458885373481113 0.6967449000221677
0.9785726092263576 20
0.9999972653476468 80
36 0.6544869804297768 0.06288046613089603 0.6800542999990284
37 0.5931135558138796
-------------------------------------------------END------------------------------------------------------
47
-------------------------------------------Classical LM---------------------------------------------------
399.12192322602755 412.16946233520224
0 293.09515771284885 291.4230770758584 2.110892499971669
1 250.56816577195764 256.8375150219436 2.072483900003135
2 250.56816577195764 256.8375150219436 2.11480019998271
3 250.56816577195764 256.8375150219436 2.1029874999658205
4 162.2790974745166 160.26297573115548 2.1124761000392027
5 44.17454722497764 41.2553117765451 2.0873183999792673
6 44.17454722497764 41.2553117765451 2.032048500026576
7 44.17454722497764 41.2553117765451 2.1110853999853134
8 44.17454722497764 41.2553117765451 2.1334405000088736
9 22.34344767264472 23.374770909687644 2.1676560000050813
10 22.34344767264472 23.374770909687644 2.0624261000193655
11 15.090192597164409 14.770371577833073 2.1079951000283472
12 11.725966902818548 11.633901032113176 2.042377900041174
13 8.853055741462581 8.54535238148771 2.0209196000359952
14 7.4122335825713455 6.9218972160714305 2.0616288999444805
15 5.060307887415326 4.620425278813295 2.068564399960451
16 5.060307887415326 4.620425278813295 2.0519868999836035
17 3.937028925342702 3.476016461119009 4.88843910000287
18 3.937028925342702 3.476016461119009 3.6814743000431918
19 3.4344085888553773 2.9577093422576834 3.109060400049202
20 3.3745728571084967 2.8764373212807555 2.417781100026332
21 3.3745728571084967 2.8764373212807555 2.096194399986416
22 2.5451600448454594 2.0979902921103957 2.4764779999968596
23 2.286582978690136 1.8228815992446734 3.053372299997136
24 2.1251240489413017 1.5950252828453393 2.047639299998991
25 2.1251240489413017 1.5950252828453393 2.032888500019908
26 1.6301390704425711 1.114544765276742 2.0960368999512866
27 1.5282436900750138 0.9716917695654207 2.0201711999834515
28 1.5215648855102757 0.9353965063348348 2.0568823000066914
29 1.5215648855102757 0.9353965063348348 2.045819399994798
30 1.1623849656342107 0.5844299494497384 2.165450700034853
31 1.1623849656342107 0.5844299494497384 2.030763400020078
32 1.114696070513943 0.5334687819215818 3.10258409997914
33 1.1000927087706283 0.5052045600125906 2.5675680999993347
34 1.1000927087706283 0.5052045600125906 2.417058699997142
35 1.040100559044138 0.44981749411099625 3.1168545999680646
36 1.0173632864447921 0.4210963151316879 2.0631642999942414
37 0.9997476866177658 0.39595644517849665 2.0409222999587655
38 0.956998740060152 0.35293251223018546 1.9957447000197135
39 0.916653001063725 0.31770295724531183 2.004053100012243
40 0.916653001063725 0.31770295724531183 2.0741305999690667
41 0.8151515660626653 0.22339285047894425 2.1449511000537314
42 0.8151515660626653 0.22339285047894425 2.007768900017254
43 0.801233423420565 0.20969607685350689 3.113462499983143
44 0.7924098740738591 0.20222515319417847 3.010169700020924
45 0.7912403588853646 0.20389164228560933 2.0911121999961324
46 0.7912403588853646 0.20389164228560933 2.0717124000075273
47 0.7663130295725932 0.17561425579335524 3.1225906999898143
48 0.7644618745499537 0.17586162874821634 3.0325464000343345
49 0.7644618745499537 0.17586162874821634 2.426234900020063
50 2.406787739685988
-------------------------------------------------END------------------------------------------------------
-------------------------------------------Krylov LM---------------------------------------------------
399.12192322602755 412.16946233520224
203
0 293.0949239884886 291.42291274811066 3.349761000019498
203
1 250.5666006714794 257.32848856249535 3.7482260999968275
203
2 250.5666006714794 257.32848856249535 3.122088600008283
3 250.5666006714794 257.32848856249535 0.038451400003395975
4 156.3917959922357 154.88783828198154 0.052187099994625896
203
5 52.78524117613763 47.724916748845615 3.4677863999968395
203
6 52.78524117613763 47.724916748845615 3.2911575000034645
7 52.78524117613763 47.724916748845615 0.05628459999570623
8 52.78524117613763 47.724916748845615 0.05372919997898862
9 28.945860643280774 31.326525346426454 0.051382799982093275
203
10 27.198360180696916 26.173745877830672 3.19244339998113
203
11 21.654698262633236 22.709320809351947 3.0839878999977373
203
12 10.651823457349005 10.55565013282305 3.4578991000307724
203
13 10.651823457349005 10.55565013282305 3.6849055999773555
14 5.903440466411926 5.728079109758146 0.06130699999630451
203
15 5.903440466411926 5.728079109758146 3.9185156999737956
16 4.2600267885177425 3.9894054412287203 0.05626669997582212
203
17 3.5304977115681804 3.034204855584805 3.8994270999683067
203
18 3.5304977115681804 3.034204855584805 3.904631100012921
19 2.3825820140613847 1.9917272622381557 0.061085599998477846
203
20 2.3825820140613847 1.9917272622381557 3.9107921000104398
21 2.249016189028166 1.849145994911923 0.04045669996412471
203
22 2.249016189028166 1.849145994911923 3.8985593000543304
23 2.1836483087269567 1.7900068280639478 0.07407549995696172
203
24 2.133791892575258 1.7175228045501363 3.9170617999625392
203
25 2.1017449671079778 1.652088163270648 3.78202580002835
203
26 1.8916229535826308 1.444319803501097 3.932462199998554
203
27 1.6539260801941507 1.182576046164267 3.997495000017807
203
28 1.6539260801941507 1.182576046164267 3.692559200047981
29 1.4855763462710285 0.9895262787790041 0.07418960001086816
203
30 1.40389492807844 0.8724924985746558 3.655920099990908
203
31 1.40389492807844 0.8724924985746558 3.746270600007847
32 1.3115384087600803 0.7867473211071466 0.0740912000183016
203
33 1.3115384087600803 0.7867473211071466 3.7068050999660045
34 1.2761221380966847 0.7491185481251553 0.07290289999218658
203
35 1.2470882430553647 0.7129069176647957 3.8835573000251316
203
36 1.237086622599489 0.6955413967548758 2.2963164999964647
203
37 1.1969068858175997 0.6445762053915963 2.2273615000303835
203
38 1.152391050259183 0.586860337510998 2.3010695000411943
203
39 1.152391050259183 0.586860337510998 2.266533999994863
40 0.974646343242082 0.39574829005010026 0.06073530000867322
203
41 0.9742616163882789 0.38572121377739854 3.1948762999963947
42 2.318039080952682
-------------------------------------------------END------------------------------------------------------
------------------------------------Reduced subspace LM---------------------------------------------------
399.12192322602755 412.16946233520224
0.9987858357154724 20
0 369.55071701982536 381.5695020140996 0.09854969999287277
0.9988264465774863 20
1 327.1097618011049 336.84619533515416 0.09427540004253387
0.9990296745711786 20
2 281.5051235002352 287.1581407872531 0.11517920001642779
0.9991017013593065 20
3 249.5979480962603 252.11105239169504 0.11495419999118894
0.9838516033379524 20
0.9999996503617903 80
4 235.6771284710608 237.32309845186637 1.0472791999927722
0.9646798866398453 20
0.9998452793140965 80
5 231.1663286969999 231.08797524585236 0.8530456000007689
0.970396288684949 20
0.9999731673636812 80
6 216.09799215111178 214.9752496275411 0.7595116999582388
0.9785008986857068 20
0.9999807153837842 80
7 190.97607348083358 190.7691768903298 0.7227126999641769
0.8347641655697126 20
0.9998012757530456 80
8 143.34463088043037 144.0490770816465 0.691498700005468
0.9453400503135921 20
0.9998232328641166 80
9 86.41767083610553 87.55326290698174 0.7108553000143729
0.9924359229658468 20
10 29.08221950093778 27.958274464251176 0.220333400007803
0.8273411582291273 20
0.9999363351571039 80
11 17.504847507248723 17.5309386784822 0.7188038000022061
0.9796371539853066 20
0.9999877842398754 80
12 7.334376053931919 6.839000554980311 0.7316675999900326
0.9767119808070367 20
0.9999943162411942 80
13 4.348258898050736 3.6973696719837554 0.7278177000116557
0.985158561553098 20
0.9999930531063246 80
14 2.6054748497480755 2.015300062984063 0.6955006999778561
0.9946914250523097 20
15 1.4867498529536698 0.8858601986279193 0.14067019999492913
0.01648268707275126 20
0.9989647601254813 80
16 1.0711798163118154 0.47962189555966944 0.7258237999631092
0.9511100790051901 20
0.9999883328913064 80
17 0.9222188083051391 0.326043159390637 0.7296415999880992
0.979538360658618 20
0.9999926237030914 80
18 0.8352645582396097 0.2341610525143232 0.7250911999726668
0.9901756385393911 20
19 0.7930389114545981 0.20068027709082178 0.1127328000147827
0.0037196333476451995 20
0.9992677574733616 80
20 0.7405626111978527 0.1502369978064805 0.7435494000092149
0.9118369192735124 20
0.9999945930163746 80
21 0.7392702417370529 0.1349240254688172 0.6880834000185132
0.9890861789293329 20
0.9999926577242357 80
22 0.68122042334042 0.08867839756585419 0.6902880999841727
0.9318810313435354 20
0.9999959638229072 80
23 0.6667280267732878 0.07420582405685419 0.699797400040552
0.9777949995630157 20
0.9999903633683823 80
24 0.6603110509123017 0.0687359124489652 0.6723601999692619
0.9652179310168227 20
0.9999963621975573 80
25 0.6520441617266082 0.061621683869452736 0.6812121000257321
0.9811931169851117 20
0.9999911685164036 80
26 0.6467238318909051 0.057826435464277424 0.6747395999846049
0.9700765731591907 20
0.9999966943206429 80
27 0.6425799872634123 0.054654727771805356 0.689028299995698
0.9885954707829051 20
0.9999961419408638 80
28 0.6387874836061493 0.0516104555806959 1.0125644000363536
0.9815763960221534 20
0.9999973471713978 80
29 0.6360066178213792 0.05021015539995374 1.2426368000451475
0.9918595481943286 20
30 0.6355811419323618 0.049663466427129106 0.11628710001241416
31 0.6014997193556009
-------------------------------------------------END------------------------------------------------------
48
-------------------------------------------Classical LM---------------------------------------------------
426.0504980267091 432.94706948775945
0 282.971153876016 282.6980971714285 2.606992600020021
1 282.971153876016 282.6980971714285 2.729294100019615
2 186.9784042687284 183.5617237633039 3.623258099949453
3 186.9784042687284 183.5617237633039 3.4687552000395954
4 82.87530917931177 79.70737275246394 2.119973700027913
5 82.87530917931177 79.70737275246394 2.0781657000188716
6 82.87530917931177 79.70737275246394 2.1150144999846816
7 26.708102850480667 24.90035514933295 2.1074363000225276
8 26.708102850480667 24.90035514933295 2.038693399983458
9 14.697054439997917 13.632941909731192 2.0826397000346333
10 11.475621823934672 10.844918061348293 2.0728324000374414
11 11.475621823934672 10.844918061348293 2.0294210000429302
12 7.037473174114089 6.49320116066195 2.161726699967403
13 5.623518525849517 5.132972850013241 2.52146509999875
14 4.644262790929026 4.068371248265652 2.099653599958401
15 4.275169195110843 3.6458967916475857 2.070865200017579
16 4.275169195110843 3.6458967916475857 2.049639399978332
17 3.618541495484074 3.002555689195188 2.0817829000297934
18 3.618541495484074 3.002555689195188 2.033113100042101
19 2.5927855600309098 1.995455089769754 2.105331300001126
20 2.5927855600309098 1.995455089769754 2.0047135000349954
21 2.3438763373703257 1.7357992140048573 2.6519469000049867
22 2.2255699394019417 1.6248478644450102 3.2464365999912843
23 2.006274815695622 1.418006752794452 3.7355614999542013
24 1.7648079055988968 1.170819776820888 3.657626200001687
25 1.7648079055988968 1.170819776820888 3.306853600020986
26 1.6252394272705741 0.988661488311238 2.1358288999763317
27 1.542223325972288 0.881067959984855 2.2570816000225022
28 1.542223325972288 0.881067959984855 2.246261799999047
29 1.4541478114703577 0.7853343964186342 2.131162800011225
30 1.3940837522577119 0.7252077152778836 2.10841679997975
31 1.3420605970084694 0.6725404861612058 2.1550469000358135
32 1.3420605970084694 0.6725404861612058 2.34392429998843
33 1.2491874862458718 0.5873287927239391 2.0641671999474056
34 1.1956348277311644 0.5370609661379308 2.585199599969201
35 1.1632464195773002 0.5091667450303764 3.0326120000099763
36 1.1632464195773002 0.5091667450303764 2.9888158999965526
37 1.000911487945102 0.36611839697349763 3.1175191000220366
38 0.9933443696137383 0.35799231752092076 2.954098000016529
39 0.9410547529451189 0.3006573012102814 3.0158876000205055
40 0.9410547529451189 0.3006573012102814 2.125223500013817
41 0.8517395342503076 0.2563432483808351 3.1377264999900945
42 0.8517395342503076 0.2563432483808351 3.5674681999953464
43 0.7834753399298037 0.1772750675403065 3.164683899958618
44 0.7834753399298037 0.1772750675403065 3.131469100015238
45 0.7568780636170775 0.1414160046908629 3.1794071000185795
46 0.7564491756175572 0.14539022167122775 3.0142241999856196
47 2.579902495747987
-------------------------------------------------END------------------------------------------------------
-------------------------------------------Krylov LM---------------------------------------------------
426.0504980267091 432.94706948775945
203
0 282.97134456896254 282.69875945009824 2.9557723000179976
203
1 282.97134456896254 282.69875945009824 2.9573968999902718
2 186.41929499596617 183.0179957363965 0.05780220002634451
203
3 186.41929499596617 183.0179957363965 2.9713574999477714
4 82.59411537726926 79.39676452090961 0.05243130004964769
203
5 82.59411537726926 79.39676452090961 2.243570299993735
6 82.59411537726926 79.39676452090961 0.05566389998421073
7 26.713104879750805 24.84400736052712 0.045031999994535
203
8 26.713104879750805 24.84400736052712 2.215122700028587
9 14.657326041525847 13.568392217999126 0.046087599999736995
203
10 11.646393900854207 10.97729443752117 2.205209699983243
203
11 10.30973757891684 9.516238877860388 2.221048299979884
203
12 10.30973757891684 9.516238877860388 2.204366000019945
13 4.6587385868428335 4.0177681211791585 0.04634349996922538
203
14 4.6587385868428335 4.0177681211791585 2.2685095999622717
15 3.957084005308318 3.3163274285876367 0.04024610004853457
203
16 3.4962785059297494 2.887239690834219 2.528563900035806
203
17 3.1682120676063708 2.51659373729556 2.2323957000044174
203
18 3.1682120676063708 2.51659373729556 2.2065815000096336
19 2.7973418382427617 2.147993456302291 0.06264810002176091
203
20 2.7973418382427617 2.147993456302291 2.3229318999801762
21 2.6645140660917286 2.008296468805034 0.04011100000934675
203
22 2.546582509973314 1.8934984278568348 2.1886591000366025
203
23 2.546582509973314 1.8934984278568348 2.681639800022822
24 2.402598766229064 1.7590711497705078 0.06530959997326136
203
25 2.3380418094156603 1.7206912022697887 2.280337599979248
203
26 2.3380418094156603 1.7206912022697887 2.2185009999666363
27 2.158932864020608 1.5359966470838395 0.058998399996198714
203
28 2.07035059591215 1.4593573231281403 2.2361580000142567
203
29 1.9730555466913193 1.3708779071497394 2.2228584999684244
203
30 1.8183264191628121 1.210481936904269 2.2449850999983028
203
31 1.735268279390745 1.0949188865593518 2.2127336999983527
203
32 1.735268279390745 1.0949188865593518 2.1877906000008807
33 1.4883380375431308 0.8110164309028797 0.055451299995183945
203
34 1.4205535405582217 0.7443756543634275 2.201259499997832
203
35 1.3839245178202013 0.7126797865086866 2.2325540999881923
203
36 1.3839245178202013 0.7126797865086866 2.2420290000154637
37 1.1792392649669707 0.5285800242737112 0.05737410002620891
203
38 1.1485303961302809 0.5173802007138181 2.1919472999870777
203
39 1.1485303961302809 0.5173802007138181 2.2447015999932773
40 1.0159768896431782 0.4025563567605856 0.04655969998566434
203
41 1.0159768896431782 0.4025563567605856 2.563959299994167
42 0.8910293640677519 0.2646661507615205 0.05976110004121438
203
43 0.8629246234361236 0.237041865169181 2.68286529998295
203
44 0.8536147067473249 0.235330394509277 2.4219475999707356
203
45 0.8536147067473249 0.235330394509277 2.2611441999906674
46 0.8166064701830499 0.2075460095811721 0.04204749997006729
203
47 0.8166064701830499 0.2075460095811721 2.204940199968405
48 0.7925661368240863 0.17582178873607646 0.04749379999702796
203
49 0.7869229490062944 0.17343253268575487 2.2140710999956354
203
50 0.7865711192344456 0.17780963983976505 2.2552640000358224
51 1.580441845097013
-------------------------------------------------END------------------------------------------------------
------------------------------------Reduced subspace LM---------------------------------------------------
426.0504980267091 432.94706948775945
0.9983976300856561 20
0 392.07874401794385 399.5201234019325 0.11872969998512417
0.9989661912820208 20
1 342.93120733121435 350.4155314178792 0.2164718999993056
0.9995490966911017 20
2 289.46184469643117 294.75181445647775 0.1103879000293091
0.9996471696248356 20
3 252.3805322250082 254.2188272011985 0.11038649996044114
0.9961188187833091 20
4 226.98139601478744 224.04759739628963 0.17090709996409714
0.9575008460029543 20
0.9999968530645478 80
5 202.72381213695928 199.11811210557283 0.7564674000022933
0.8927316740025628 20
0.999841236104085 80
6 141.21710879361007 140.76019578653347 0.7782772000064142
0.9782153361127025 20
0.9999463784306711 80
7 85.23708968525033 85.08631836437888 0.7607505000196397
0.9877618761419164 20
0.9999909647484972 80
8 41.90654432704075 39.09535791702747 0.7272941999835894
0.9926064714618797 20
9 18.60478354552159 18.229948929239523 0.1231073999661021
0.9752153219653286 20
0.9999982461434128 80
10 15.664379479283886 14.896093166808118 1.313605200033635
0.9819917518171297 20
0.9999983594565471 80
11 13.019652390281694 11.559334817914932 0.7686025999719277
0.9953482115348499 20
12 5.351453558611476 4.687769538807253 0.1103935000137426
0.6144749628425217 20
0.9999950474188827 80
13 3.0050184243948928 2.295608962953378 0.7011832999996841
0.9607754522402784 20
0.999998618083435 80
14 2.1099489892931698 1.4447648364698387 0.725773099984508
0.9604779734698445 20
0.9999985882559878 80
15 1.927083222427353 1.364550710895094 0.694084600021597
0.9862234625959652 20
0.9999976363963597 80
16 1.3870522413354112 0.8086727543575091 0.7172104000346735
0.9863930736661453 20
0.9999919286786069 80
17 1.3443455838269351 0.7039748044460927 0.6813563000177965
0.9860099756198516 20
0.9999989533982312 80
18 1.0429790457487431 0.452861431679478 0.679897100024391
0.9982305052779649 20
19 0.9441607479108035 0.33489109458084726 0.09823529998539016
0.007262948632264321 20
0.9998085424502733 80
20 0.8793173581482986 0.2519757089981282 0.6891659999964759
0.974118157863604 20
0.9999983496372059 80
21 0.8410466246252101 0.2637281057582982 1.1396333000157028
0.9964252646624054 20
22 0.8139924094853903 0.22639700949054145 0.15490109997335821
0.003632171764372232 20
0.9997430151122128 80
23 0.7717856982530966 0.15627183262037309 0.662198499951046
0.9822304276934869 20
0.9999991120820159 80
24 0.7521168186333788 0.16545298147626247 0.6785028999438509
0.9922478375651873 20
25 0.7464518175225959 0.1579200061633196 0.1116524999961257
0.0005582103464744593 20
0.998891568749913 80
26 0.725744356554853 0.1181656024155132 0.6904757999582216
0.9745879949464887 20
0.999999145858064 80
27 0.7206638745187622 0.13188369488176663 0.6681576000410132
0.989926784786958 20
0.9999994725461578 80
28 0.7032104192015189 0.10094771192871295 0.6717541000107303
0.9770751519134878 20
0.9999993138630142 80
29 0.6999675349619517 0.11171554979139668 0.6713310000486672
0.9875707234508133 20
0.9999993238493757 80
30 0.6863711655325655 0.0878353734430297 0.6675110000069253
0.980975846839591 20
0.9999994178390406 80
31 0.6837235098384786 0.09640069887442837 0.7017706000478938
32 0.5677292162152888
-------------------------------------------------END------------------------------------------------------
49
-------------------------------------------Classical LM---------------------------------------------------
430.08583422843424 428.2545593637462
0 374.6802165763687 388.6170380115774 2.0331484000198543
1 300.1381412536489 311.12381788349313 2.078946999972686
2 195.1526712450271 192.48709927340695 2.090977000014391
3 154.7580518635087 154.10728400822322 2.107171300041955
4 154.7580518635087 154.10728400822322 2.0628502999898046
5 97.10531804239098 92.77175037897823 2.098335799993947
6 97.10531804239098 92.77175037897823 2.030583399988245
7 64.47224930613628 61.85076366448821 2.0824961999896914
8 64.47224930613628 61.85076366448821 1.9934299000306055
9 64.47224930613628 61.85076366448821 2.634769199998118
10 22.67491930456233 22.050686110797848 2.1708140000118874
11 22.67491930456233 22.050686110797848 2.0236443000030704
12 22.67491930456233 22.050686110797848 3.1089258000138216
13 8.579341067052795 8.706922704709735 2.2454373999498785
14 5.484848873282964 5.440819452260268 3.2742266999557614
15 4.584908432159735 4.438940165668992 3.035156600002665
16 3.628624120918066 3.299649214186374 3.008027800009586
17 3.4061588712748416 2.839484016521822 2.166499599989038
18 3.4061588712748416 2.839484016521822 2.024680199974682
19 3.4061588712748416 2.839484016521822 3.1398567999713123
20 1.7269535619376948 1.2234790456574611 3.232007499958854
21 1.2134587607832323 0.6273335477312396 3.0464026000117883
22 1.2134587607832323 0.6273335477312396 2.027859499969054
23 1.119068263465345 0.5338844978847892 4.947145499987528
24 1.018428299335232 0.4127066788725718 4.721824900014326
25 1.0165415272475977 0.40827572163413406 4.317707200010773
26 1.0165415272475977 0.40827572163413406 4.325856900017243
27 0.8950939036619946 0.29535485815391005 2.4721609000116587
28 0.8016297629437938 0.20525512150612607 2.5848718999768607
29 0.8016297629437938 0.20525512150612607 3.7041850999812596
30 0.7817155916116537 0.1843751440439973 2.107650400022976
31 0.7380620090235475 0.14301661178952835 2.0933559000259265
32 0.7380620090235475 0.14301661178952835 2.0240298999706283
33 0.7190781797466642 0.12513110137578246 2.0973653999972157
34 0.7051755570818264 0.11284362004430006 2.0678548000287265
35 0.690892322569585 0.10124531456629256 2.0269230999983847
36 0.6708899854793279 0.0839245475798318 1.9883068999624811
37 0.6668882159281384 0.08207914187030191 2.0294499999727122
38 0.6601485849519737 0.07512462046110258 2.028345200000331
39 0.6303773599979444 0.05218402496220436 2.030358600022737
40 0.6303773599979444 0.05218402496220436 2.473153300001286
41 0.6198266444251463 0.04264308216654611 2.1151179000153206
42 0.6193317419660227 0.04525699117836112 1.9985127999680117
43 2.5551261372057463
-------------------------------------------------END------------------------------------------------------
-------------------------------------------Krylov LM---------------------------------------------------
430.08583422843424 428.2545593637462
203
0 374.678627303265 388.61580575945055 2.2036186999757774
203
1 323.07268211059466 338.7232093940955 2.2155356999719515
203
2 198.7573055317567 191.3718802158963 2.1750044000218622
203
3 57.34490801461408 63.244225108595174 2.1877527000033297
203
4 57.34490801461408 63.244225108595174 2.2111197999911383
5 57.34490801461408 63.244225108595174 0.04597829998238012
6 27.369721146824375 27.530706273720526 0.044385100016370416
203
7 27.369721146824375 27.530706273720526 2.17252450005617
8 27.369721146824375 27.530706273720526 0.059350700001232326
9 16.900194890650383 17.66465088357621 0.040196500020101666
203
10 16.900194890650383 17.66465088357621 2.234277600015048
11 15.346390306064228 14.965253560612396 0.05918300000485033
203
12 7.919657034813509 7.637401676262658 2.2188258999958634
203
13 7.919657034813509 7.637401676262658 2.213694799982477
14 3.8154895922848984 3.4925444050045953 0.05260110000381246
203
15 3.8154895922848984 3.4925444050045953 2.608397999953013
16 3.1451247619991927 2.7326102963825205 0.05606219999026507
203
17 2.562892219708245 2.098858698332403 2.794578500033822
203
18 2.562892219708245 2.098858698332403 3.022254800016526
19 2.373774606549904 1.8818265241263519 0.05591150000691414
203
20 2.373774606549904 1.8818265241263519 2.164130099990871
21 2.275371618341705 1.7683717470064713 0.04659769998397678
203
22 2.275371618341705 1.7683717470064713 2.607846300001256
23 2.2211475630941715 1.7126214797627948 0.052385799994226545
203
24 2.160949583140579 1.6491873761686249 2.7105260000098497
203
25 2.120045317734468 1.6015349241185446 2.215729200048372
203
26 2.0447898487037035 1.5054860427487384 2.232330799975898
203
27 1.625060513767702 1.0433660177169204 2.218456300033722
203
28 1.2846165683203001 0.7459459578118054 2.1995005999924615
203
29 1.2846165683203001 0.7459459578118054 2.215330100036226
30 1.113999056466147 0.5268195504418319 0.060767500021029264
203
31 1.0285753507324555 0.43758345657430325 2.197406600054819
203
32 1.0243583481681149 0.3971946488257482 2.2038850999670103
203
33 1.0243583481681149 0.3971946488257482 2.1983481000061147
34 0.9451403578688882 0.3363954193401118 0.052511700021568686
203
35 0.8906337173605716 0.2932023457892276 2.2101545999757946
203
36 0.8906337173605716 0.2932023457892276 2.1974957000347786
37 0.8395968477642378 0.23680018917124562 0.03936009999597445
203
38 0.799535944288533 0.20221040067491225 2.217236900003627
203
39 0.7848161967483596 0.18714289130276485 2.197540699969977
203
40 0.7848161967483596 0.18714289130276485 2.223054999951273
41 0.7579744477768727 0.16482690542359774 0.05853989999741316
203
42 0.7448934108837633 0.1512201213464592 2.2258480999735184
203
43 0.7448934108837633 0.1512201213464592 2.6049218999687582
44 0.7321940683287378 0.14233171144168966 0.0565987000009045
203
45 0.7270508887932585 0.1357945784439552 3.1509695000131615
203
46 0.7270508887932585 0.1357945784439552 3.0863642999902368
47 0.7123897057749095 0.12409200881901573 0.05431899998802692
203
48 0.7123897057749095 0.12409200881901573 3.0991348000243306
49 0.7081382807904124 0.12092236919257096 0.056676500011235476
203
50 0.7034504507845648 0.1160934543224831 3.4868244000244886
51 1.6860470333350046
-------------------------------------------------END------------------------------------------------------
------------------------------------Reduced subspace LM---------------------------------------------------
430.08583422843424 428.2545593637462
0.998284533658 20
0 395.1985211983877 393.779404640146 0.10351310000987723
0.9986563994735621 20
1 344.8731991960823 343.9502480239507 0.1025983999716118
0.9991641746467309 20
2 290.1701579268675 289.9561853326272 0.10589750000508502
0.999531001166174 20
3 251.79550325454724 251.9043160682943 0.10251920000882819
0.9820916857881881 20
0.9999998813768204 80
4 251.75923335311487 246.478497992573 0.8056886999984272
0.9745442585670031 20
0.9999978690263344 80
5 233.20374792290355 227.95273501687836 0.8220352999633178
0.9537027801367695 20
0.9998782895821884 80
6 215.4428972576724 218.1799395371378 1.0246958999778144
0.9351316455474347 20
0.9996148744989979 80
7 131.1338625537209 129.6256063223774 0.969064700009767
0.9321281806482349 20
0.999552082829316 80
8 75.99635691307346 73.16347364278484 0.6940217000083067
0.9862348968088478 20
0.999992179510998 80
9 36.05014473449386 34.305695302593854 0.7070087000029162
0.991682814923194 20
10 10.746202009412697 10.74685149696575 0.11090209998656064
0.6194052987405819 20
0.9999884373258621 80
11 8.62040059292558 8.018947534620322 1.0990185999544337
0.9876459343408402 20
0.9999963778595687 80
12 5.107641446890307 4.6367618699985576 1.3580947000300512
0.9908237827432526 20
13 3.054673785002302 2.575224791275744 0.10395159997278824
0.13248666394512396 20
0.9999831307844262 80
14 2.3315922992740763 1.6937009162746632 0.7095826999866404
0.9894530634790135 20
0.9999990614859775 80
15 2.1956307041885217 1.555567068561042 0.7092117999563925
0.9975755786253764 20
16 1.6505641733521828 1.0198789691209345 0.0949724999954924
0.04392527474451383 20
0.9999689356540348 80
17 1.5097192617851645 0.8726403817434589 0.7344750000047497
0.9926310340430942 20
18 1.3680441743173961 0.752851683382832 0.1392465999815613
0.006709100061871671 20
0.99988262534314 80
19 1.20382495396944 0.6081774858756192 0.736124999995809
0.9892676869189073 20
0.9999994447553552 80
20 1.0697506135076722 0.4657144955897457 0.695380799996201
0.9880368397026379 20
0.9999988461012131 80
21 0.9475468123729109 0.33507709006745157 0.7237041000043973
0.9803989912916979 20
0.9999973412935506 80
22 0.871874828602968 0.25562671213581906 0.7158135999925435
0.9906946147759423 20
23 0.8329722460889094 0.22437282572215533 0.10638170002494007
0.0005257105090040975 20
0.9973260442777422 80
24 0.794773119589614 0.18418908862999656 0.7155094999470748
0.9619559059666919 20
0.9999961474521537 80
25 0.765749428826089 0.15812989279008996 0.7154237999930046
0.9936715211598479 20
26 0.7523983161910939 0.14455456415423004 0.10423890000674874
0.00018498731047043165 20
0.9923596244452562 80
27 0.73404854447438 0.12635268196779356 0.7420155999716371
0.9612551659025208 20
0.999998251908283 80
28 0.7280370790436732 0.13044313597713078 0.6721185999922454
0.9973992105182741 20
29 0.7109704360973951 0.11075929068088108 0.13073850004002452
0.0002637796599225317 20
0.988819569632658 80
0.999849735812142 140
30 0.6948727467302926 0.09559448321297954 2.227424399985466
0.9950340443879917 20
31 0.686966865859293 0.08867886074941064 0.11242760001914576
0.0001388987093923398 20
0.9947549552934332 80
32 0.678402484170123 0.0788151514534085 0.6894258999964222
0.9736705384781831 20
0.9999985186311762 80
33 0.6703219916136887 0.07285208306211527 0.6972314000013284
0.9899247106390897 20
0.9999992074393017 80
34 0.6655503217901397 0.06908630795555777 0.6767803999828175
0.9900624812196281 20
35 0.664794474813307 0.06869534782963527 0.1396509999758564
36 0.5860247111041745
-------------------------------------------------END------------------------------------------------------
50
-------------------------------------------Classical LM---------------------------------------------------
366.33042680483777 371.0100484480096
0 366.33042680483777 371.0100484480096 2.9935568000073545
1 256.7955742686945 251.7314087716667 2.088068699988071
2 238.5088994149482 257.9177612719397 3.335026699991431
3 177.26663380099336 163.48616447595174 2.076704500010237
4 177.26663380099336 163.48616447595174 2.06670959998155
5 177.26663380099336 163.48616447595174 2.2161200999980792
6 60.10686731085599 58.40641909289479 3.0864374000229873
7 37.26513671542409 36.612149021275805 3.0277842999785207
8 37.26513671542409 36.612149021275805 2.0340234999894165
9 17.993448472730968 18.312811829313404 3.156037800014019
10 17.993448472730968 18.312811829313404 3.7905593999894336
11 7.7554116488780185 6.996040226684635 3.3614092000061646
12 5.1369870070562795 4.8958334697528505 2.9170904000056908
13 5.1369870070562795 4.8958334697528505 2.6782786999829113
14 2.6894124223778424 2.1265206376231167 2.0745274999644607
15 2.060493283728703 1.496999679095927 3.016199300007429
16 2.060493283728703 1.496999679095927 3.4430937999859452
17 1.3842615803548985 0.8114191691411758 2.1994563000043854
18 1.2109059553920105 0.6275279729742052 2.2938925999915227
19 1.006604558655349 0.39767918957342496 2.3860581000335515
20 0.9013611544173075 0.28813780741443545 2.457192500005476
21 0.9013611544173075 0.28813780741443545 2.5987745999591425
22 0.8726540547995785 0.2667774034266264 2.0912227999651805
23 0.7259085794764433 0.12700217479316828 2.057034500001464
24 0.7259085794764433 0.12700217479316828 2.731100700038951
25 0.7005571411042887 0.1084416511178059 2.1004457999952137
26 0.6753528694459765 0.08486228838169371 3.3524904000223614
27 0.6753528694459765 0.08486228838169371 3.4822809000033885
28 0.6538113164347348 0.06883423381563163 2.313761900004465
29 0.6469022249679709 0.06674032230712253 2.2545656000147574
30 0.6469022249679709 0.06674032230712253 2.628183499968145
31 0.6413474512812836 0.06205592874819286 2.0650804999750108
32 0.6393909643155459 0.06388476495228756 2.0717905000201426
33 0.6393909643155459 0.06388476495228756 2.0298867000383325
34 2.534922748074258
-------------------------------------------------END------------------------------------------------------
-------------------------------------------Krylov LM---------------------------------------------------
366.33042680483777 371.0100484480096
203
0 366.33042680483777 371.0100484480096 2.2234396999701858
1 256.7955742688049 251.73140877188018 0.04756879998603836
203
2 238.3538193140136 257.7507998449977 2.1958161999937147
203
3 175.77323609307123 161.07458915399457 2.1719109999830835
203
4 175.77323609307123 161.07458915399457 2.208378100011032
5 174.79947047952564 163.4228627851312 0.049938099982682616
203
6 64.34055816509186 64.13077214960457 2.220147399988491
203
7 64.34055816509186 64.13077214960457 2.2194980999920517
8 64.34055816509186 64.13077214960457 0.04044340003747493
9 20.733069506296644 19.629381455832 0.04444030002923682
203
10 20.733069506296644 19.629381455832 2.2236480999854393
11 14.294502383193846 13.724573849794153 0.044411999988369644
203
12 11.345301509918325 10.145728566391227 2.3770528999739327
203
13 7.24900529061914 6.426148243511045 2.8581527000060305
203
14 7.24900529061914 6.426148243511045 2.9900366999791004
15 4.623711554540988 4.222787262880677 0.05631710001034662
203
16 2.182362497640861 1.5490042483869495 2.91432680003345
203
17 1.6060439323059719 0.9615332131842224 3.175015400047414
203
18 1.6060439323059719 0.9615332131842224 2.232939899957273
19 1.2022971841610144 0.5657176146404581 0.047114200016949326
203
20 1.0164103839125698 0.3612912667046358 2.8634310999768786
203
21 1.0164103839125698 0.3612912667046358 2.3308962999726646
22 0.8399429301835472 0.22636215023042827 0.06293919996824116
203
23 0.7696125561012741 0.14505148558055161 2.259748100012075
203
24 0.7696125561012741 0.14505148558055161 2.2566213000100106
25 0.7378531096876971 0.1325159031539386 0.040503399970475584
203
26 0.7378531096876971 0.1325159031539386 2.2260692000272684
27 0.6918687479800908 0.08542695731816642 0.045839899976272136
203
28 0.6654101373800839 0.0698994403911376 2.193466199969407
203
29 0.6654101373800839 0.0698994403911376 2.2071685999981128
30 0.658985282708939 0.06234514830413897 0.05252690002089366
203
31 0.6516292243535344 0.05999261047561546 2.17991449998226
203
32 0.6471394527295666 0.05581118787676328 2.1677610999904573
203
33 0.6471394527295666 0.05581118787676328 2.1908339000074193
34 1.6484379939944482
-------------------------------------------------END------------------------------------------------------
------------------------------------Reduced subspace LM---------------------------------------------------
366.33042680483777 371.0100484480096
0.9985633692886337 20
0 342.87849172765397 347.50808935376676 0.09756299998844042
0.99869777835602 20
1 309.31222738043823 313.53518034901293 0.11183820001315325
0.998635147823505 20
2 272.980309600529 275.61003887929763 0.10871269996277988
0.9974862360710981 20
3 246.02197187495221 245.49331252087578 0.15254280000226572
0.9931097549377924 20
4 203.94645834012297 201.1997413390976 0.11080620001303032
0.9510493469423321 20
0.9999697265603741 80
5 194.15905673541374 191.6363804109973 0.8161149999941699
0.9353866191304014 20
0.9998939106100917 80
6 185.7828746041758 183.24583594470354 0.8503896000329405
0.9020176768636041 20
0.9998555059801418 80
7 135.75625886467634 136.81367446192527 0.8204662000061944
0.9805970093172001 20
0.9999608373281185 80
8 128.76990320940342 119.2367481772332 0.689957200025674
0.9040370938446547 20
0.9997031723406666 80
9 57.881976364156024 54.86403213023439 0.7179956999607384
0.9879818631316972 20
0.9999852489359099 80
10 17.639169099903246 16.722825044256822 0.953490599989891
0.8465629747872966 20
0.9999342013473215 80
11 10.482388902850184 9.688833595503025 0.7258013000246137
0.9923837097810303 20
12 5.051518306224268 4.530994081940617 0.11437079997267574
0.40214436482721966 20
0.9999974401121199 80
13 4.142620308503309 3.556190246949076 1.0879123999620788
0.9939904941599462 20
14 3.049173898141109 2.5551919248893737 0.09630299999844283
0.0325477318395298 20
0.9997329177922935 80
15 2.1636308331491607 1.5996673901190226 0.7081455999868922
0.6743550050483806 20
0.999988232187326 80
16 1.8346650693850302 1.2628240477586177 0.7108092000125907
0.9333219278014111 20
0.9999980806017479 80
17 1.1726511714726469 0.5723923478449837 0.6754044000408612
0.992693601834359 20
18 1.0431961188258778 0.43541481162220697 0.11090430000331253
0.16488076158478038 20
0.9999961275455969 80
19 0.9909752828852506 0.40826083373144956 0.6781605000142008
0.9927491554584876 20
20 0.8899595140883851 0.3063497762565255 0.09410879999632016
0.005417799115615714 20
0.9998566311098853 80
21 0.8280008531422578 0.21079119803766436 0.7030166999902576
0.9857896546361791 20
0.9999982323856292 80
22 0.7778963944005968 0.16152249811625152 0.9041414000093937
0.9890458801116561 20
0.9999989595484828 80
23 0.7388035989451335 0.12416982971555551 1.460495900013484
0.995941737688143 20
24 0.7160110530114733 0.10679106077465461 0.2154312999919057
0.0023711975765285352 20
0.9998416588534678 80
25 0.6901005790039237 0.08045832581882624 0.7150112999952398
0.9920542172321172 20
26 0.6835047092195646 0.0780741492906728 0.10439560003578663
0.00011664062331251782 20
0.9986883234132601 80
27 0.6684682856983565 0.06828313493936754 0.6693714000284672
0.9907670235928648 20
28 0.6610827144336509 0.062209949477477676 0.10838440002407879
0.0033716730558678645 20
0.9999173738503105 80
29 0.6536937682811468 0.05083045006775623 0.662939700006973
0.9926414642948438 20
30 0.6508573695606938 0.049392383558602 0.09733520000008866
0.00038859495615210636 20
0.9993907131791621 80
31 0.6456270121019291 0.04858657040006031 0.6891452000127174
0.992327244950028 20
32 0.6445813948930215 0.04839991179544086 0.09991969994734973
9.231930374719285e-05 20
0.9986815581757866 80
33 0.641424697163967 0.044652397471013044 0.7231377999996766
0.9914004798021016 20
34 0.6403395804556564 0.044656983521000386 0.20752379996702075
0.00023216920542300796 20
0.9993645146179859 80
35 0.6373049368292962 0.04363603843018697 0.9489323999732733
36 0.5091500162159571
-------------------------------------------------END------------------------------------------------------