0
------------------------------------Randomized only---------------------------------------------------
365.0554452515255 366.27438491298204
0.9944395234307006 10
0 340.7814758231106 343.29850932396636 0.03192549996310845
0.9959635444057029 10
1 305.7299474732291 310.35957161904025 0.030319100013002753
0.9957067601594328 10
2 266.46094477248687 274.61223342704295 0.026782299974001944
0.9910161249555356 10
3 234.98604639700494 247.70000735955543 0.03261290001682937
0.9702449226289178 10
0.9995260184540584 40
4 221.211863903803 234.43581218519068 0.09635179996257648
0.9302128261785532 10
0.9975171943809182 40
5 163.93299494264295 171.8746914612888 0.0688912000041455
0.9509998623299616 10
0.9902834391413605 40
6 94.24421766899694 99.19670936489263 0.05817329999990761
0.8105541290786137 10
0.9616435328764941 40
0.9849651277257496 70
0.9916326212908705 100
7 58.32026276536464 61.61881920323385 0.16866480000317097
0.9101285764985588 10
0.9719159922172861 40
0.9914290122615201 70
8 29.917425986218017 31.10872783406554 0.11435600003460422
0.3613560365731732 10
0.7011633023983277 40
0.8144988930756937 70
0.9171526485974824 100
1.0000000000000002 103
9 16.039863535569204 16.685350239252816 0.17702340002870187
0.8410885053763915 10
0.9593737879787053 40
0.9805361079621902 70
0.9903026092117707 100
10 10.566922380567638 10.970995260126582 0.16051399998832494
0.5733773769162085 10
0.7730303013845179 40
0.8480615403937908 70
0.8788305293291049 100
0.9999999999999997 103
11 6.829118677258768 6.681448249096744 0.1802422000328079
0.8164166962908167 10
0.9591023659683123 40
0.976477845829146 70
0.983455843113224 100
0.9999999999999999 103
12 4.634876356078542 4.078665248508649 0.18944609997561201
0.7390852552888987 10
0.9304224670490084 40
0.9576825602876701 70
0.9731036625540432 100
1.0000000000000002 103
13 3.4792148553072666 3.0819706663751467 0.18102239997824654
0.8346125763020573 10
0.9584237026357295 40
0.9756900813997745 70
0.9794942356545773 100
1.0 103
14 2.8743505103300815 2.3465857281384586 0.2205312000005506
0.9258365085117399 10
0.969145939013842 40
0.9753004012238754 70
0.9808103435910418 100
1.0000000000000002 103
15 2.477059141910425 1.981073808205657 0.19289649999700487
0.7691028652698555 10
0.9217899805079641 40
0.9450354506674601 70
0.9515970884350677 100
0.9999999999999992 103
16 2.1915607880937973 1.65224082127255 0.21873279998544604
0.5723075174041459 10
0.815680088096625 40
0.8365968646739633 70
0.8482801960032842 100
0.9999999999999996 103
17 1.9908698101789364 1.4058855452742944 0.2223989000194706
0.6726180914428842 10
0.8414270568977974 40
0.8592012325511386 70
0.8719384584543642 100
1.0000000000000002 103
18 1.8240654118009032 1.2571588326772776 0.20890409999992698
0.5816498249839344 10
0.8420421111140921 40
0.8583750849175495 70
0.868884719008225 100
1.0000000000000004 103
19 1.68501239317875 1.0629359513895091 0.2665264999959618
0.648548877819669 10
0.808982599653554 40
0.8296997535771511 70
0.8411271746421624 100
0.9999999999999992 103
20 1.5749082956845413 0.9677416641084988 0.20955150004010648
0.8384850437740962 10
0.9058838247340397 40
0.9135720418467967 70
0.9168216304540273 100
1.0000000000000004 103
21 1.4815763010012424 0.8622944800319362 0.20803520001936704
0.6980266600552645 10
0.8113960070831485 40
0.8250427837445641 70
0.8319709062115976 100
1.0000000000000002 103
22 1.409173952454534 0.7884246588346476 0.20708790002390742
0.8276447418925049 10
0.9078089342151394 40
0.9155406819088812 70
0.91919106698705 100
0.9999999999999996 103
23 1.3464048503331947 0.739386720630431 0.2045477000065148
0.8278082850866985 10
0.864130369171516 40
0.8695995513096352 70
0.8738030081351571 100
1.0000000000000002 103
24 1.2958705197859695 0.6789950330736628 0.20404719997895882
0.8371866239179638 10
0.9111299711160679 40
0.9169002731277321 70
0.9206694350761722 100
0.9999999999999993 103
25 1.2495204150039332 0.6495797727368381 0.20030329999281093
0.765044666767785 10
0.8006462795359867 40
0.8087637905837115 70
0.8146756320583011 100
0.9999999999999999 103
26 1.2092549587117694 0.600178711712371 0.19169110001530498
0.7467385570817241 10
0.8412960075982526 40
0.84761752619597 70
0.8542035827982225 100
1.0 103
27 1.1729906172523503 0.5782676844050043 0.6118929000222124
0.5232049095381329 10
0.5870815129873855 40
0.5982798772747111 70
0.6094022456281586 100
1.0000000000000002 103
28 1.1407234592505644 0.5394672855466441 0.22299659997224808
0.42793725464190113 10
0.593288625894923 40
0.6025342371018158 70
0.6144525431482011 100
0.9999999999999994 103
29 1.1121058723938615 0.5209492518671768 0.19435629999497905
0.3724798643337718 10
0.44627082635495957 40
0.4563114680397789 70
0.4684583584468374 100
0.9999999999999998 103
30 1.0861438889653507 0.49047368362911914 0.19870489998720586
0.3437262561735755 10
0.4667056043547595 40
0.4803420473102208 70
0.4953275654812518 100
1.0000000000000002 103
31 1.0626034334163847 0.4748099390452989 0.18512640002882108
0.7180433484240196 10
0.7590894968855576 40
0.7665405508755572 70
0.7727321676909823 100
1.0000000000000004 103
32 1.0409924509734318 0.44821523082021103 0.1911162999458611
0.8156626768899392 10
0.8634011569426642 40
0.868104632470093 70
0.8723655165269776 100
0.9999999999999993 103
33 1.0210595505976332 0.4360719160955182 0.20631719997618347
0.8582094361230823 10
0.8949187608929736 40
0.9008764605912886 70
0.9040520568948177 100
0.9999999999999999 103
34 1.0026569945452604 0.4117445228602603 0.19454579998273402
0.8978581954100228 10
0.9323187981816091 40
0.9348889999851907 70
0.9370644771911213 100
1.0000000000000004 103
35 0.9855165768534804 0.4031433272868939 0.19641189998947084
0.8622517658786928 10
0.901642225857679 40
0.9080806342828911 70
0.9108478206990127 100
1.0000000000000002 103
36 0.9697397551460017 0.38052814176318384 0.1935945000150241
0.9035240987380035 10
0.9356923836898471 40
0.9379557356958772 70
0.939873819743026 100
0.9999999999999993 103
37 0.9549075316871262 0.3750169686947939 0.18931280000833794
0.8156140246482434 10
0.8589127264091496 40
0.8666775361603554 70
0.8697685626651012 100
1.0000000000000004 103
38 0.9412622657698936 0.3538703694144773 0.2008283999748528
0.8811991775902231 10
0.9115208150701158 40
0.9140769631394506 70
0.9161957702581187 100
1.0000000000000004 103
39 0.9282902809830405 0.3505514926498894 0.21089729998493567
0.7279591494931972 10
0.7690187364616274 40
0.777905802529404 70
0.7814602175746523 100
1.0000000000000002 103
40 0.9162990416944434 0.3307865977454185 0.16825470002368093
0.8408123463885483 10
0.8654764688132885 40
0.8684802794681954 70
0.8707128934737179 100
0.9999999999999997 103
41 0.9047757433498853 0.3288681316902055 0.19945569999981672
0.6206228112130499 10
0.6528865333091438 40
0.6616560297442325 70
0.6653219795849722 100
0.9999999999999999 103
42 0.8940618453854658 0.310351968139092 0.2053408999927342
0.8072384511042735 10
0.8248829473593426 40
0.827957704916721 70
0.8298165422248374 100
0.9999999999999994 103
43 0.8836838361673265 0.3094248272759314 0.20377419999567792
0.5239787714473013 10
0.5568652085667062 40
0.5645483918196279 70
0.5680148697341801 100
1.0 103
44 0.8739834886054421 0.2919474534596212 0.19376290001673624
0.8076698271851963 10
0.823501612162747 40
0.826205867989316 70
0.8275364675842952 100
1.0000000000000002 103
45 0.8645649165580332 0.2918519119624158 0.17337490001227707
0.47748214547995793 10
0.5322130298738447 40
0.5386387923016568 70
0.5418265399516983 100
1.0000000000000002 103
46 0.8557108679711036 0.2752305615879296 0.19822739996016026
0.8299506324806619 10
0.8484840563461621 40
0.8508183946440463 70
0.8519471334010216 100
1.0 103
47 0.847159449165126 0.2758874012360647 0.18568840000079945
0.5036565680477738 10
0.5875711003140318 40
0.5930053772124186 70
0.5958671173306931 100
0.9999999999999996 103
48 0.8390654524054644 0.26005636691896405 0.19459919998189434
0.8462718293475239 10
0.8680110257685819 40
0.8701849533958406 70
0.8713606657420441 100
1.0 103
49 0.8313405421784846 0.2613522811199473 0.17325930000515655
0.5454158207480833 10
0.6480806630294444 40
0.6530872683915366 70
0.6557451878330467 100
0.9999999999999998 103
50 0.8239767187014768 0.2463875345385151 0.1766331999679096
0.8418165198341367 10
0.8662530669649793 40
0.8684706806872979 70
0.8697595439257468 100
0.9999999999999989 103
51 0.8170429203052347 0.2481224360236726 0.18186680000508204
0.5428739392625317 10
0.6547164033314503 40
0.6599695113665058 70
0.6627513380580251 100
1.0 103
52 0.8103998803503256 0.23418157874316448 0.18938900000648573
0.8076042766523146 10
0.8343143612958274 40
0.8367838948814046 70
0.8381877195345032 100
0.9999999999999999 103
53 0.8042059540893908 0.23611971535153675 0.19519850000506267
0.48660225216454406 10
0.5980534849433016 40
0.6040800542820931 70
0.6072795439343363 100
1.0 103
54 0.7982624747127154 0.22332765192276446 0.19472510000923648
0.7297712294461147 10
0.7576347014593139 40
0.7606590572913416 70
0.7621774294237007 100
1.0000000000000004 103
55 0.7927442037055206 0.2252953522452716 0.18262010003672913
0.40299547999962193 10
0.4987454383825648 40
0.5057026325248234 70
0.509330173422568 100
0.9999999999999999 103
56 0.7874527247742235 0.21366682215669686 0.18034619995160028
0.5922496907540585 10
0.6197093664167095 40
0.6238129136978295 70
0.6254982814875393 100
1.0 103
57 0.7825374553150348 0.2155882019056615 0.40134300000499934
58 0.18733689137774617
-------------------------------------------------END------------------------------------------------------
------------------------------------Krylov only---------------------------------------------------
365.0554452515255 366.27438491298204
0.9999999999999998 11
0 337.7161088952522 340.47100241815633 0.05381470004795119
0.9999999999999992 11
1 289.50685803283744 297.1969241600694 0.06376699998509139
1.0000000000000002 11
2 205.07053285021215 217.97283927291846 0.05253950000042096
0.9999999999999999 11
3 120.46155395197464 128.8080867140338 0.05399270000634715
1.0000000000000009 11
4 116.47012526618703 123.5713750059143 0.05317189998459071
1.0000000000000013 11
5 36.74467406258077 38.82304794561632 0.05618640000466257
0.9999999999999998 11
6 18.1157947548126 19.125376988100058 0.052509999950416386
0.9999999999999991 11
7 9.99998904925926 10.072040478018964 0.057602599961683154
1.0 11
8 6.5888429847238905 6.676584508673561 0.05503730004420504
1.0000000000000007 11
9 5.209832635151279 5.063422428983062 0.05759469995973632
0.9999999999999997 11
10 4.43852654915078 4.160788715531491 0.056828000000678
1.0000000000000002 11
11 3.983127726443541 3.6563328140931244 0.048281900002621114
0.9999999999999992 11
12 3.6242939446135374 3.231100392099556 0.053897099976893514
1.0000000000000002 11
13 3.337872435241309 2.981455008289822 0.0605892000021413
0.9999999999999986 11
14 3.0949413044171057 2.664029080218691 0.04967769997892901
0.9999999999999999 11
15 2.9004941502686665 2.493877629867572 0.05565530003514141
0.9999999999999996 11
16 2.7352723479436327 2.2747453657181564 0.0678533999598585
1.0000000000000007 11
17 2.5877454886778355 2.174104067452517 0.07054400001652539
1.0 11
18 2.4669839630514625 1.9762062919308345 0.06006440002238378
1.0000000000000007 11
19 2.3833168203418675 1.926175099173642 0.061153999995440245
1.0000000000000004 11
20 2.3073021863213214 1.80642202232735 0.05675899999914691
1.0000000000000004 11
21 2.2424692159046002 1.7745762506117977 0.055193700012750924
1.0000000000000002 11
22 2.1815198076772346 1.6791983255447258 0.05591110000386834
0.9999999999999994 11
23 2.128631641790451 1.6570730775400246 0.05344270000932738
1.0 11
24 2.0735235727701977 1.573804690896378 0.05133020004723221
1.0000000000000007 11
25 2.02690915606292 1.5572788850605892 0.05610540002817288
0.9999999999999992 11
26 1.9835869837049904 1.4821096096723994 0.057858699990902096
1.0000000000000007 11
27 1.9444247132086114 1.4783477676225256 0.05644329998176545
0.9999999999999996 11
28 1.907103427349521 1.4106328836216293 0.05287399998633191
1.0000000000000009 11
29 1.8630986645755159 1.4020421575908522 0.04991379997227341
1.000000000000001 11
30 1.8225691737074619 1.3251251384433071 0.0637849000049755
1.0000000000000004 11
31 1.7709672757554522 1.282703918966975 0.07674369995947927
0.9999999999999987 11
32 1.7304262978243954 1.2262320419051216 0.05099999997764826
0.9999999999999999 11
33 1.7014517111905054 1.2131317779637012 0.057245400035753846
0.999999999999999 11
34 1.6733209389313917 1.1644546073515294 0.057107799977529794
1.0000000000000002 11
35 1.6471324350726892 1.1514605160684392 0.053340099984779954
1.0000000000000007 11
36 1.6216627453394765 1.1087612254457084 0.05116100003942847
1.0000000000000009 11
37 1.596781247908963 1.0938165580717933 0.05029049998847768
1.0000000000000007 11
38 1.5719569900473047 1.0538264745847836 0.051606299995910376
1.0000000000000009 11
39 1.5474034662461258 1.0377289380518528 0.052055199979804456
1.0000000000000013 11
40 1.5216081637931802 1.001213154226016 0.05454660003306344
1.0 11
41 1.495972314940245 0.9828892193826128 0.056102899950928986
1.0000000000000009 11
42 1.469812426909258 0.9377469567517649 0.05611770000541583
0.9999999999999999 11
43 1.4433132810955986 0.9254986440352682 0.05115280003519729
0.9999999999999998 11
44 1.4175164112749887 0.883189986925164 0.0626489999704063
0.9999999999999987 11
45 1.3918597919937843 0.8689034144095443 0.05410990002565086
1.0000000000000009 11
46 1.366334065003336 0.8273411530882246 0.05531249998603016
1.0000000000000002 11
47 1.3410120803793542 0.8127047403074998 0.050760599959176034
1.0000000000000013 11
48 1.3160052542106726 0.772060898984183 0.05169320001732558
1.0000000000000004 11
49 1.2907862789172089 0.7570923370382503 0.05247250001411885
1.0000000000000004 11
50 1.265951423564573 0.7172241640878945 0.05327229999238625
1.0000000000000004 11
51 1.2394265260491057 0.6982613137802433 0.0494436000008136
0.9999999999999999 11
52 1.2131104106696333 0.6582712452253496 0.053177100024186075
1.0000000000000002 11
53 1.1846735048372017 0.6386287727007723 0.055319199978839606
0.9999999999999997 11
54 1.1570809002374953 0.5945008135874245 0.05693979997886345
1.0000000000000002 11
55 1.1334130524722048 0.5870100259488013 0.05584879999514669
0.9999999999999999 11
56 1.1125339841353852 0.5451712426951701 0.06800589995691553
1.0000000000000002 11
57 1.0984491657041526 0.5398554267370719 0.05392550001852214
1.0000000000000007 11
58 1.0849934504493448 0.5159278360112328 0.04896380001446232
0.9999999999999993 11
59 1.0726697331384445 0.509546399760751 0.05700659996364266
0.9999999999999984 11
60 1.0606157169122463 0.48914041598690516 0.053725800011307
1.0 11
61 1.0493695995228385 0.48178934633006076 0.05879179999465123
1.0000000000000002 11
62 1.038431597742689 0.4656535732972354 0.05349210003623739
0.9999999999999994 11
63 1.029224309706112 0.46135589518692793 0.051685200014617294
0.9999999999999997 11
64 1.0203495637463655 0.44521583305388984 0.05191999999806285
1.000000000000001 11
65 1.0122166115203979 0.442691499200213 0.05524070002138615
0.9999999999999989 11
66 1.004228478307214 0.42865795250847755 0.058436100021936
0.9999999999999997 11
67 0.9968501796154134 0.4258731014297574 0.05683100002352148
1.0000000000000009 11
68 0.9893418625244552 0.4129555069319172 0.05577390000689775
0.9999999999999996 11
69 0.9825314119540388 0.40997948064117457 0.05179210001369938
0.999999999999998 11
70 0.9755084140703153 0.39907068216764835 0.05598699999973178
1.0000000000000004 11
71 0.9692610084074831 0.3959018282940572 0.0516335999709554
1.0000000000000009 11
72 0.9629625399508365 0.38753126237291835 0.052628800040110946
0.9999999999999997 11
73 0.9571472161351108 0.3821155033847482 0.052748899965081364
1.0000000000000002 11
74 0.9510788542954717 0.3744040326354454 0.05388779996428639
0.9999999999999998 11
75 0.9454093810665125 0.36913860581441227 0.05076389998430386
0.9999999999999994 11
76 0.9400652480526336 0.36442638987226134 0.051609500020276755
1.0000000000000004 11
77 0.9350187891306632 0.3579267363019879 0.05470769997918978
1.0000000000000002 11
78 0.9303451244743995 0.3541546018716964 0.049480399989988655
79 0.05530234430238746
-------------------------------------------------END------------------------------------------------------
1
------------------------------------Randomized only---------------------------------------------------
405.0610355074997 408.29496893900654
0.9944178116889988 10
0 373.11236079312283 377.934746585315 0.025901999964844435
0.9974239317004757 10
1 327.6650167703331 333.75844028501433 0.031200500030536205
0.9986591173167093 10
2 279.33729074658106 285.945754651897 0.03045439999550581
0.9987451156129811 10
3 248.49661067033605 259.2107748253093 0.03092529997229576
0.9922508492105401 10
4 225.60394981743232 239.4499389577934 0.03335430001607165
0.9975894559205829 10
5 187.1706516068679 200.07101929362625 0.02559149998705834
0.949216384085165 10
0.9960302567159693 40
6 156.59216450215933 167.0944352774085 0.07115500001236796
0.796584483558541 10
0.9768891272903628 40
0.99382816609092 70
7 72.37067680416934 76.1481459373851 0.12841110001318157
0.8821001803826337 10
0.9616207623443901 40
0.988606256336997 70
0.9954360382716699 100
8 30.83331971192642 32.711337194141464 0.190087599970866
0.8584536468090149 10
0.9409508390411305 40
0.9802536179480927 70
0.9870826349421546 100
1.0 103
9 16.74958613728166 18.377909685382534 0.19762950000585988
0.6677102932163806 10
0.8172740784307518 40
0.9331046823767563 70
0.9640465203177976 100
0.9999999999999997 103
10 10.129624815380769 10.442442022037973 0.19435270002577454
0.8502908931930855 10
0.9460133371655669 40
0.9733068917669565 70
0.9856690971461198 100
0.9999999999999996 103
11 7.383289643182502 7.1130196229012626 0.18050210003275424
0.9668671848668319 10
0.993129074889344 40
12 5.807413834542973 5.541448939473328 0.05432909994851798
0.5128689647862087 10
0.6452420519512375 40
0.784622862996619 70
0.8425712127932233 100
1.0000000000000002 103
13 4.473067548230916 4.257146481598026 0.17093030002433807
0.9381662585527133 10
0.9779869769783527 40
0.9878740752035859 70
0.9903184578407495 100
14 4.073431500590314 3.7594857201694585 0.1586206000065431
0.4844630814710141 10
0.5799418889067515 40
0.611662733049079 70
0.6314924534107849 100
1.0 103
15 3.4006265453378997 3.0296655965299633 0.1822927999892272
0.874607227052827 10
0.962260673572695 40
0.9765341273996613 70
0.9833002980540655 100
1.0000000000000002 103
16 2.890018562690055 2.4844179164074647 0.18110250000609085
0.5374146458990727 10
0.8696277001105697 40
0.9095498053764444 70
0.9261384801100091 100
1.0 103
17 2.545500403597417 2.1544452645666934 0.18457979999948293
0.5477427863468882 10
0.9006096660310594 40
0.9409474961639269 70
0.9524192813118952 100
1.0 103
18 2.206578276434565 1.75099293472123 0.1920695000444539
0.7483978522122321 10
0.9077162723296833 40
0.9306755441574827 70
0.9389767294643074 100
1.0000000000000002 103
19 1.9970180871925907 1.5682943216685028 0.17964200000278652
0.6753740053227308 10
0.9299117315534318 40
0.9448030660457736 70
0.9523818325894358 100
1.0000000000000002 103
20 1.8103765126945963 1.3418781625359302 0.17985070002032444
0.49955348907785896 10
0.8249308220003645 40
0.8473723822385141 70
0.854886079796997 100
1.0 103
21 1.6905117064042385 1.2413008757601285 0.18981549999443814
0.8257238594549936 10
0.9436753579263936 40
0.9489036463041344 70
0.9536312097727428 100
0.9999999999999996 103
22 1.59186491689229 1.1180169687237067 0.18169290001969784
0.39987783196085663 10
0.698843705495704 40
0.730317088329686 70
0.7405158612041522 100
0.9999999999999997 103
23 1.5281556723433456 1.0763554475176884 0.18164450000040233
0.29048022694664066 10
0.4389890781909708 40
0.4568109002495933 70
0.4847797764129067 100
1.0 103
24 1.4733712622855146 0.9998563586974155 0.1819781999802217
0.5566336166657911 10
0.6610990941957999 40
0.6737305525610536 70
0.681401628176212 100
1.0000000000000007 103
25 1.4280986141390069 0.9712877877797064 0.16814549994887784
0.36383757474861567 10
0.42304192652852085 40
0.44445020453491896 70
0.46184618188567506 100
0.9999999999999996 103
26 1.3867712502809608 0.9135768242934166 0.18369779997738078
0.5304561089137579 10
0.6069445100996326 40
0.6237927599948374 70
0.6331528561641419 100
1.0000000000000002 103
27 1.3488362669173777 0.8840989514019922 0.19296980003127828
0.36572015359852483 10
0.4227594855345541 40
0.4485225881207975 70
0.4683285433754161 100
1.0000000000000004 103
28 1.3135347278285545 0.8407443870152264 0.19554190000053495
0.41950987853116145 10
0.4985217874568684 40
0.5202704139184955 70
0.5317680262857106 100
1.0000000000000004 103
29 1.2806262511791766 0.8073291006616976 0.19145039998693392
0.5168077982875341 10
0.5661307635004313 40
0.5834441036294453 70
0.5975333031328282 100
1.0000000000000004 103
30 1.2503004252874264 0.7755854732474261 0.17580510000698268
0.5226261934428699 10
0.6105527834837059 40
0.6245872165825699 70
0.6307561734220184 100
0.9999999999999998 103
31 1.221126466543525 0.7388368986272983 0.18150360003346577
0.656642095257754 10
0.7096243123228698 40
0.7194064720562976 70
0.7267271379671637 100
1.0000000000000007 103
32 1.1943846034679004 0.7145771094918139 0.1875331000192091
0.7377348539170119 10
0.8007969126610972 40
0.8065167650641875 70
0.8088362326699645 100
0.9999999999999999 103
33 1.1680463361972462 0.6763403718572795 0.1690890000318177
0.6931004915603741 10
0.7446909777378274 40
0.7517309087714444 70
0.7563046706654782 100
0.9999999999999999 103
34 1.1438910371604947 0.6561964681751264 0.18685850000474602
0.7687906959228165 10
0.8175887972176886 40
0.8219005435541036 70
0.8239340494205245 100
0.9999999999999996 103
35 1.1201093581722628 0.6199953697007556 0.1891027000383474
0.7412444248199132 10
0.785882873847641 40
0.7906976589926472 70
0.7937244188999396 100
1.0000000000000004 103
36 1.098273219934031 0.601061123025037 0.1794223000179045
0.7565840139647241 10
0.7959031158375632 40
0.8000598873087914 70
0.802350593557436 100
1.0000000000000002 103
37 1.0767747448667524 0.569416114757077 0.18243100005201995
0.7986152503886875 10
0.8362760165609417 40
0.839447825782134 70
0.8417475945061252 100
1.0 103
38 1.0570408375735887 0.5495294674485314 0.17806599999312311
0.7665472319103152 10
0.7980515682017857 40
0.8019438375250733 70
0.8041062043008581 100
0.9999999999999997 103
39 1.0376650902080022 0.5234285121510409 0.1759516999591142
0.8261184622147736 10
0.8600687387800153 40
0.8624051675132307 70
0.8645769182050869 100
1.0000000000000002 103
40 1.019907913958251 0.5020117882473383 0.18013329996028915
0.788836478481218 10
0.8146259934087433 40
0.818281539464069 70
0.8199837855114461 100
0.9999999999999998 103
41 1.00257903889648 0.4807500932557835 0.19168200000422075
0.811073581955768 10
0.8451619476415472 40
0.8472643956339677 70
0.8496992298517398 100
0.999999999999999 103
42 0.9867115592923703 0.4590789200927548 0.18828959995880723
0.7812324004371185 10
0.8057235425340568 40
0.8095248524144619 70
0.8109041501365403 100
1.0000000000000004 103
43 0.9713231337932033 0.44105018305105537 0.1819645999930799
0.7424463207522676 10
0.7792801469683008 40
0.7816483752005615 70
0.7847369730918379 100
0.9999999999999998 103
44 0.9571971786808592 0.4209553975815387 0.18025949998991564
0.7247088156548642 10
0.751751859981803 40
0.7560309158385267 70
0.7573520119200315 100
1.0000000000000002 103
45 0.9436050573690532 0.4051122820825995 0.17582030000630766
0.6088089400615619 10
0.6475549554606559 40
0.650705619847187 70
0.6547688052585795 100
0.9999999999999991 103
46 0.9310554027826452 0.38753492485492824 0.1769988999585621
0.6167156791082885 10
0.6475992752026917 40
0.6522725744746013 70
0.6537897261817963 100
1.0000000000000002 103
47 0.9191166844306621 0.3737444784881709 0.18277640000451356
0.43463747395910657 10
0.47052723239533656 40
0.47479490615006 70
0.47967758676480904 100
0.9999999999999999 103
48 0.9080195537422525 0.3585767733982807 0.1817394999670796
0.4740481408290843 10
0.5066830373114277 40
0.5112169623646594 70
0.5132028909425702 100
1.0000000000000002 103
49 0.8975731487002259 0.34699037862734206 0.17107059998670593
0.2876405672251732 10
0.31663996278110285 40
0.3217317755182949 70
0.3267781040244393 100
0.9999999999999998 103
50 0.8878088199922517 0.33363719833111827 0.18031530000735074
0.3357390893752131 10
0.36569580760651343 40
0.36965938913586577 70
0.3722650311988627 100
0.9999999999999994 103
51 0.8786584404797443 0.3242139517112096 0.1724472999922
0.19465743872632132 10
0.2171560958846856 40
0.22242661134804856 70
0.2271512133729358 100
0.9999999999999992 103
52 0.8700694734859733 0.31209208952264406 0.18282610003370792
0.23295268622151738 10
0.2578176803920684 40
0.2612447030597818 70
0.2643057842847973 100
0.9999999999999999 103
53 0.8620074456722988 0.3045558382982235 0.17425849998835474
0.13978097746532395 10
0.1576627831043795 40
0.1626559064248833 70
0.16689567549567558 100
0.9999999999999993 103
54 0.8544143473176984 0.29329761560742323 0.1830212000058964
0.17430620938506555 10
0.19547604439250338 40
0.19856919417214042 70
0.20173913910117156 100
1.0000000000000004 103
55 0.8472570521434621 0.287287633151277 0.18928930000402033
0.108368219919417 10
0.12301286407265336 40
0.127515919248466 70
0.13126493840476935 100
1.0000000000000009 103
56 0.840497065731707 0.27673163153971686 0.19358899997314438
0.14980937684837423 10
0.170170721365702 40
0.17311738197959872 70
0.17617338681158776 100
1.0000000000000009 103
57 0.8341014002346827 0.27190341270270996 0.19113669998478144
0.09019153082150756 10
0.10280130720957972 40
0.10672824652573967 70
0.11011629301627901 100
1.0000000000000007 103
58 0.8280478595618355 0.2620386686439364 0.17304460000013933
0.14470558369297581 10
0.16650284451546565 40
0.1694876884360253 70
0.17243431867926676 100
0.9999999999999999 103
59 0.8223072950901636 0.2580697055016446 0.17001539998454973
0.07823817604210835 10
0.09037094017928754 40
0.09371639079463139 70
0.09699115473317955 100
0.9999999999999996 103
60 0.8168644559085139 0.24899038360271708 0.18368580000242218
0.1510658305823509 10
0.17521854964956343 40
0.17839469439770095 70
0.18137498626208456 100
1.0 103
61 0.8116924480398148 0.2455584835061202 0.18514359998516738
0.0697920269025643 10
0.08318371601993159 40
0.08604128087128676 70
0.0894362687016298 100
1.0000000000000002 103
62 0.8067758000560252 0.2373904518235624 0.17760270001599565
63 0.1629014761900411
-------------------------------------------------END------------------------------------------------------
------------------------------------Krylov only---------------------------------------------------
405.0610355074997 408.29496893900654
1.0000000000000002 11
0 371.22677216485397 375.57650393114193 0.051452299987431616
1.0000000000000002 11
1 322.01670490060064 326.5836200122746 0.0527765000006184
1.0000000000000009 11
2 248.43407738612547 257.7172784108227 0.05421440000645816
1.0000000000000007 11
3 154.76463018688887 165.15185377079584 0.05693819996668026
1.0 11
4 44.58494059092715 47.075115476942415 0.053644000028725713
0.9999999999999991 11
5 14.74708939453056 15.380421053808774 0.05240290000801906
0.9999999999999992 11
6 7.408514544834226 7.966443293463257 0.054826100007630885
1.0000000000000004 11
7 5.100875502556237 5.377085795427615 0.05353820003801957
1.0 11
8 4.238171071400131 4.246670237817698 0.07032050000270829
0.999999999999999 11
9 3.678624657539252 3.650404553250949 0.05341940000653267
1.0 11
10 3.2785011129856807 3.078361498720989 0.05727029999252409
1.0000000000000004 11
11 2.937676483855477 2.7287864102315127 0.05991719994926825
1.0000000000000013 11
12 2.678449989183778 2.3887745730053456 0.055840899993199855
1.0000000000000007 11
13 2.4700296550653347 2.186103467187877 0.053815699997358024
1.0000000000000002 11
14 2.3103031867576043 1.9918930265786463 0.056840999983251095
1.0 11
15 2.1787491821195326 1.8476197122318063 0.05574219999834895
1.0 11
16 2.06590523787947 1.7070301618743362 0.07507540000369772
1.0000000000000004 11
17 1.9818217099227207 1.6243211017789914 0.05177960003493354
1.0000000000000013 11
18 1.9171193239210385 1.534018375844409 0.052123599976766855
0.9999999999999997 11
19 1.8614734099796602 1.4894170289714976 0.05464119999669492
1.0000000000000004 11
20 1.814770219239744 1.4228046989256204 0.05658219999168068
1.0 11
21 1.7766816346632226 1.4002316694179135 0.05067540000891313
0.9999999999999997 11
22 1.743723661565716 1.3454243198099285 0.0582064000191167
1.0000000000000007 11
23 1.7140626937192556 1.3320744558976876 0.05178169999271631
1.0000000000000002 11
24 1.687078462725391 1.2844070145317528 0.050285000004805624
0.9999999999999992 11
25 1.662057300039698 1.2738816933048098 0.05514679994666949
0.9999999999999998 11
26 1.6388003473957102 1.2315191166833241 0.05575519998092204
0.9999999999999992 11
27 1.6167188264206078 1.2220378521328261 0.0554872999782674
0.9999999999999996 11
28 1.5920252016693988 1.1824450432120088 0.05155219999141991
1.0000000000000004 11
29 1.568422312067941 1.1684834099852475 0.049647699983324856
1.0000000000000009 11
30 1.549395831140977 1.13161899448483 0.055137099989224225
0.999999999999999 11
31 1.5308423368022934 1.1232225633776667 0.048889200028497726
1.0000000000000007 11
32 1.51306794060267 1.0898054300089064 0.05151429999386892
0.9999999999999989 11
33 1.4956088015438773 1.0804690855741392 0.05233440001029521
1.0000000000000009 11
34 1.4786962470289713 1.0501116916704418 0.05682730005355552
0.999999999999998 11
35 1.4620195806821858 1.0390283182182 0.05456429999321699
1.0000000000000007 11
36 1.445587368975002 1.0119283342413354 0.055953299975953996
0.9999999999999998 11
37 1.4292950188356714 0.9990551298166889 0.056236700038425624
0.9999999999999989 11
38 1.4128395406556926 0.9732452823116616 0.05802439997205511
1.0000000000000002 11
39 1.396410863251274 0.9591011406393956 0.05760810000356287
0.9999999999999991 11
40 1.3794391082757969 0.9333552298927088 0.05165439995471388
0.9999999999999992 11
41 1.3624062330282123 0.9179706450648758 0.05569510004715994
0.9999999999999998 11
42 1.3442691407088965 0.8909980394759583 0.052095499995630234
1.0000000000000007 11
43 1.3260740275976812 0.8741256720696413 0.05261060001794249
0.9999999999999997 11
44 1.3057152357059392 0.8439693338744416 0.05803780001588166
1.0 11
45 1.2855329091610328 0.8252336515094819 0.05422819999512285
0.9999999999999989 11
46 1.2611630987305127 0.7882732131465994 0.05455239996081218
0.9999999999999989 11
47 1.2376363702499436 0.7667674401307597 0.054514799965545535
0.9999999999999991 11
48 1.2084900573388735 0.7211594297070203 0.05808039999101311
1.0000000000000004 11
49 1.1796430928636328 0.6936250410367941 0.05838709999807179
0.9999999999999997 11
50 1.1556950265181885 0.6584426140212488 0.061802999989595264
1.0000000000000009 11
51 1.133715920083191 0.635732936507485 0.048419400001876056
0.9999999999999991 11
52 1.1125399519280679 0.608321712177513 0.05744200001936406
1.0 11
53 1.0921894171177744 0.5834129809792692 0.05581350001739338
0.9999999999999998 11
54 1.0730112811396033 0.5588519042803417 0.05480919999536127
0.9999999999999996 11
55 1.0549848050855761 0.535547680116766 0.05611239996505901
0.9999999999999996 11
56 1.0373863635012177 0.5150991400214501 0.05206379998708144
0.9999999999999991 11
57 1.0210344338846788 0.4935139976703497 0.056913500011432916
1.000000000000001 11
58 1.005083595125608 0.4741492140550985 0.05750860000262037
1.0000000000000002 11
59 0.990636275763609 0.45541341745955005 0.052975700004026294
1.0000000000000007 11
60 0.9766255786004182 0.43758181584297845 0.057827599986921996
1.0 11
61 0.9640678610728654 0.4220557966818772 0.05675719998544082
1.0000000000000002 11
62 0.9518859906389258 0.40578222705526534 0.056050000013783574
1.0000000000000018 11
63 0.9410051490016027 0.39368254078701415 0.050533799978438765
1.0000000000000002 11
64 0.9304623486923214 0.37877910836505657 0.059223299962468445
0.9999999999999999 11
65 0.9210741503340807 0.36959502293984664 0.05527900002198294
1.0000000000000007 11
66 0.9119879079603507 0.35597191636274916 0.04910009994637221
0.9999999999999972 11
67 0.9038962362209221 0.349160580895768 0.05425929999910295
1.0000000000000009 11
68 0.8960648706092925 0.33675040958144403 0.056124099995940924
0.9999999999999979 11
69 0.8890634560491777 0.33177734759499583 0.0573368999757804
1.0000000000000002 11
70 0.8822468848310852 0.3204096063635467 0.05708309996407479
0.9999999999999991 11
71 0.876108567421111 0.316808328363667 0.052653999999165535
1.0000000000000007 11
72 0.8701576435157267 0.3067202881677493 0.05705009994562715
1.0 11
73 0.864771492720481 0.30390374845657936 0.05476199998520315
1.0000000000000002 11
74 0.859552570320784 0.294698532439908 0.05989820003742352
1.0 11
75 0.8547811002622769 0.29268808332494506 0.0565502000390552
76 0.05530256446984008
-------------------------------------------------END------------------------------------------------------
2
------------------------------------Randomized only---------------------------------------------------
400.367768980542 389.6355278037094
0.9869847064908135 10
0.9996166870284265 40
0 368.1504164868868 360.07504886612736 0.05873839999549091
0.9849530110758536 10
0.9996258396414384 40
1 322.33105301951684 318.9614018065543 0.05344480002531782
0.9761850474508803 10
0.9995370411881823 40
2 271.86865610183804 276.51797145057185 0.05836300004739314
0.9661322659945828 10
0.9981359115684822 40
3 229.92309929021084 239.10436703249405 0.05407960002776235
0.8714435408812151 10
0.9941014697248812 40
4 151.52360906444756 157.05693564037122 0.06737669999711215
0.8949802150784367 10
0.996966485414447 40
5 71.10314006092321 70.98796593690346 0.06468289997428656
0.8145494027447212 10
0.9777649573429146 40
0.9910801975773955 70
6 36.720313456810565 36.83168315744536 0.11063700000522658
0.7286755282563215 10
0.9313775615469205 40
0.9664567068909976 70
0.9838920869247467 100
0.9999999999999993 103
7 19.6239075566241 20.255376740982843 0.17449930001748726
0.8410375990357075 10
0.960347932391705 40
0.9789637453338761 70
0.9922965915689624 100
8 11.336770085048753 12.370550471118397 0.17943910002941266
0.7147381863841615 10
0.889374232508065 40
0.9372456632397151 70
0.9615100549448655 100
1.0000000000000002 103
9 6.746091419911846 6.922726672485584 0.18242670001927763
0.4034204899476817 10
0.8255116344063823 40
0.9054276690030522 70
0.9492788835264689 100
1.0000000000000002 103
10 4.346370015272014 4.2063516224175705 0.1696053000050597
0.8502110683604321 10
0.9436917056007369 40
0.9615421178860167 70
0.9741055271900858 100
1.0 103
11 3.2937743410399665 3.144094836519472 0.18049830000381917
0.7384178015265223 10
0.9562855251060308 40
0.9682068565356265 70
0.9765998041036549 100
1.0000000000000002 103
12 2.6839851157534347 2.363756948672788 0.18734970001969486
0.8533184486553804 10
0.9203398124173751 40
0.9349774641204001 70
0.9459117790239103 100
1.0000000000000007 103
13 2.351957956329078 2.043559871804782 0.17349320003995672
0.482697450780517 10
0.6374651656721187 40
0.6604645067755458 70
0.6805393361531415 100
1.0 103
14 2.1179214146384275 1.7265745864339028 0.1870041000074707
0.833346305315943 10
0.9446327046165645 40
0.9521135245915953 70
0.9562123433301205 100
1.0000000000000002 103
15 1.9310720041683476 1.5528044136723884 0.18336809996981174
0.4960483930668975 10
0.6331470780293156 40
0.6494302272379261 70
0.6631959213332244 100
1.0 103
16 1.7776494589973937 1.3073170468686994 0.1970735999639146
0.6818419779822232 10
0.8459567667662575 40
0.8670697765329541 70
0.8727920182897151 100
1.0000000000000002 103
17 1.6595580760100304 1.2331325064474699 0.19740000000456348
0.5422025077319139 10
0.6451326267714267 40
0.6648887222001809 70
0.6740399804515134 100
1.0000000000000002 103
18 1.5595128397595657 1.044505006483519 0.18940279999515042
0.4924449277158047 10
0.6673986509187617 40
0.7005006866130011 70
0.71266941231003 100
1.0000000000000004 103
19 1.4828343082854025 1.0121417058579592 0.17862800002330914
0.40682305617347164 10
0.4743801607702428 40
0.4947997179927657 70
0.5075040150956512 100
1.0 103
20 1.415328750280989 0.8825624360905346 0.1757779999752529
0.5632471639628772 10
0.6614675610724409 40
0.6811887287005788 70
0.6906272803978245 100
1.0000000000000007 103
21 1.3608930561760175 0.8664477086545094 0.18234070000471547
0.2997494390594043 10
0.35469179307411086 40
0.3704547383147276 70
0.3879614390301568 100
1.0000000000000002 103
22 1.3109518830252496 0.772348873157866 0.18544899998232722
0.7401627490358278 10
0.7698142017757342 40
0.7775734740749949 70
0.7822258977924686 100
0.9999999999999996 103
23 1.2663485838362858 0.7588084012652937 0.19482540001627058
0.24455968116394045 10
0.30290781684773005 40
0.32217108496433694 70
0.33682962902809593 100
0.999999999999999 103
24 1.2265707543037496 0.686887511025636 0.22258669999428093
0.803042990291932 10
0.8277145053454277 40
0.8335208709455216 70
0.8364860980496812 100
1.0000000000000002 103
25 1.1899457282129617 0.6728309382218152 0.20078510005259886
0.3798564295405832 10
0.46672638755187335 40
0.4866217208622617 70
0.4955912050865001 100
1.0 103
26 1.1584988333718476 0.6212492544939318 0.18399610003689304
0.7833892905092062 10
0.8136516960378509 40
0.8204571717673607 70
0.8237676425267598 100
1.0000000000000002 103
27 1.1296251362878738 0.6049534398244503 0.17924809997202829
0.5082313471930441 10
0.6221928075907256 40
0.6362364987360369 70
0.6432019896187885 100
1.000000000000001 103
28 1.1044591335654794 0.569191753446491 0.21029110002564266
0.6133480692590492 10
0.6588504990549147 40
0.6692696437716951 70
0.6747247041077539 100
0.9999999999999997 103
29 1.081484897462732 0.5509970939390494 0.20556539995595813
0.4929065883021188 10
0.5899991234852281 40
0.5991786408698174 70
0.6047670154067276 100
0.9999999999999997 103
30 1.0609264917443038 0.5258011961053293 0.21372629998950288
0.29673866699982926 10
0.352676786014229 40
0.364740858691034 70
0.37122038543267905 100
0.9999999999999998 103
31 1.042066715316477 0.507527653344432 0.1856645999941975
0.3663549097269002 10
0.4314708255311587 40
0.43819551422523745 70
0.442834006272602 100
1.0000000000000009 103
32 1.0249028831761966 0.4888292240259392 0.1847956000128761
0.10296333145143376 10
0.1476762099597663 40
0.15706788973443048 70
0.16247465671548753 100
0.9999999999999996 103
33 1.009000448376239 0.4720300216816753 0.17877539998153225
0.27921824754514907 10
0.3197473027319593 40
0.32563303993760995 70
0.32944285733336953 100
1.0 103
34 0.9943625253319751 0.45689558617754644 0.18455649999668822
0.1100257657290917 10
0.1421325243035358 40
0.14900001289545678 70
0.15326704930271165 100
1.0 103
35 0.9806731981492322 0.44231074152506394 0.18389540002681315
0.23325696882412122 10
0.2642389900339336 40
0.26977090956395805 70
0.273143829529568 100
1.0000000000000004 103
36 0.9679707603585445 0.4290002253393033 0.18120980000821874
0.14321294921811234 10
0.1702630160105449 40
0.17602140559908447 70
0.17984143371165148 100
0.9999999999999996 103
37 0.9559725816058766 0.4166671441521995 0.18466670002089813
0.2078200342987521 10
0.2371488073204869 40
0.2424603576336218 70
0.24563058162694124 100
0.9999999999999994 103
38 0.9447719640480081 0.4044086677046309 0.18493420002050698
0.15221093253933585 10
0.17887541697737772 40
0.18436531701422035 70
0.18819603964933948 100
0.9999999999999999 103
39 0.9340889582016749 0.393899415617699 0.1809454999747686
0.19909034428390743 10
0.23094983753634488 40
0.2362120640316596 70
0.23920503478979502 100
1.0000000000000002 103
40 0.924065323118169 0.3825332087504699 0.18374089995631948
0.15588104517237178 10
0.18469032748998304 40
0.19034342886546207 70
0.194346366736856 100
1.0000000000000002 103
41 0.9144253947067935 0.37322953921975066 0.18530770001234487
0.1950487839848251 10
0.2321247868665199 40
0.23745581018376746 70
0.24025214261278877 100
0.9999999999999996 103
42 0.9053356717834616 0.36287286438715455 0.1710495000006631
0.16531531468344246 10
0.19762658261810276 40
0.20360231391530295 70
0.2077592728059278 100
1.0000000000000002 103
43 0.8965365874841831 0.35417819060684175 0.1786992999841459
0.1879449345084395 10
0.23134114575993592 40
0.23677461402498468 70
0.23938853806979518 100
1.0000000000000013 103
44 0.8881985101474617 0.34500790458976055 0.17934179998701438
0.1771596138004633 10
0.2134770237054814 40
0.21972096817764053 70
0.22392723347101637 100
1.0 103
45 0.8800892509668312 0.33644397770711154 0.17941179999615997
0.1802895882543922 10
0.2293382887785868 40
0.2348330788137468 70
0.2373023208532885 100
1.0000000000000007 103
46 0.8723704325658753 0.32861816408552863 0.18006640003295615
0.1827573409135323 10
0.22301842969599556 40
0.22932854252917764 70
0.23344318818591148 100
1.0000000000000002 103
47 0.8648477608993286 0.3198254133935793 0.17378409998491406
0.18422894852763505 10
0.23601323068021904 40
0.24138854984289881 70
0.2437240991604553 100
1.0000000000000004 103
48 0.8576636307541208 0.3134963886719047 0.1713166999979876
0.17129932503334158 10
0.2147048711103631 40
0.22072441625512582 70
0.22459575534777002 100
0.9999999999999998 103
49 0.8506761780474579 0.3042108865308421 0.17715380003210157
0.21896807413375546 10
0.26759195293790744 40
0.27244006313328234 70
0.27458235391814484 100
1.0000000000000004 103
50 0.843992231522188 0.2995414688172415 0.17389039997942746
0.13417561033322817 10
0.17833779251684428 40
0.18349187221843827 70
0.18695996034669699 100
1.0 103
51 0.8375408539016593 0.2896307420658568 0.17832030000863597
0.2941853261348629 10
0.33264610279762996 40
0.3364942935609381 70
0.33833738600739427 100
1.0000000000000002 103
52 0.8313684037275915 0.2867187235490644 0.18396549997851253
0.08470885174611252 10
0.1250921501316591 40
0.1287961489467086 70
0.13171028819623248 100
1.0 103
53 0.8254784135606297 0.2762913385742514 0.18237599998246878
0.3790850790731635 10
0.4053118934266863 40
0.4081204340405637 70
0.4096364658689748 100
0.9999999999999998 103
54 0.8198396687073629 0.2749788355580972 0.18511889997171238
0.062138617682513 10
0.09519821173791161 40
0.0976291005460327 70
0.10000790528852711 100
0.9999999999999998 103
55 0.8144975126292998 0.2643980610780275 0.1774771999916993
0.4250627723230563 10
0.4432048573969547 40
0.445417165143034 70
0.4467216356531316 100
1.0 103
56 0.8093676495573456 0.2642032135748527 0.16622200002893806
0.06164750827222848 10
0.08894014223427509 40
0.09089974011060786 70
0.09301871671473742 100
0.9999999999999998 103
57 0.8045021718255457 0.25386867685431813 0.17823680001311004
58 0.16994871207159654
-------------------------------------------------END------------------------------------------------------
------------------------------------Krylov only---------------------------------------------------
400.367768980542 389.6355278037094
0.9999999999999994 11
0 366.5513239780212 358.42746889398296 0.05795170000055805
1.0 11
1 317.349713703393 314.6344367308421 0.05840629996964708
1.0000000000000004 11
2 235.22890088654924 243.89148417359985 0.05557959998259321
1.0 11
3 188.375658280311 200.0605719791399 0.06945489998906851
1.0 11
4 186.86131616213638 203.69051592386123 0.07066810003016144
0.9999999999999996 11
5 92.13650270172774 100.3740386343305 0.05674559995532036
1.000000000000001 11
6 43.40999506284219 46.42514745161729 0.05464909999864176
1.0000000000000002 11
7 12.273925471687626 12.750420328717782 0.050321799993980676
1.000000000000001 11
8 7.703357974567518 7.545943653155136 0.05638950003776699
1.0000000000000007 11
9 5.328938373797579 5.153136365054391 0.056682399997953326
0.9999999999999998 11
10 4.376249739666296 4.290227052095135 0.053862200002186
1.0000000000000004 11
11 3.8690798383208205 3.6901703712233136 0.06362289999378845
1.0 11
12 3.4128610095775502 3.3196929336161456 0.05278029997134581
0.9999999999999996 11
13 3.106426649651223 2.99863870880374 0.05618519999552518
0.9999999999999981 11
14 2.8549078665644827 2.7295677059736905 0.04951829998753965
0.9999999999999993 11
15 2.6744892387726336 2.5212938756914016 0.057258799963165075
1.0 11
16 2.5002786822751393 2.345308423467361 0.054701499990187585
0.9999999999999989 11
17 2.371711192329554 2.163641641505797 0.05708729999605566
1.0000000000000002 11
18 2.24524129401388 2.0445479064920975 0.04947259998880327
1.0000000000000009 11
19 2.142996613555003 1.9083637772631115 0.05863600003067404
1.0000000000000004 11
20 2.0516788230186136 1.8088310345212972 0.054165299981832504
1.0000000000000002 11
21 1.9781438326156644 1.7049648908040456 0.057242700015194714
1.0000000000000007 11
22 1.9104002579575754 1.6372358943957033 0.05343889998039231
0.9999999999999992 11
23 1.8524770318472474 1.5527385655913777 0.05809679999947548
0.9999999999999998 11
24 1.799613543280129 1.5031504975950716 0.05533539998577908
1.0000000000000004 11
25 1.7527887880801019 1.4346292455185712 0.058550799963995814
0.9999999999999999 11
26 1.7117651668570522 1.3977500957389082 0.05621619999874383
1.0000000000000002 11
27 1.6760909871629308 1.3427565552257466 0.05720329994801432
1.000000000000001 11
28 1.6438357305495446 1.3181275630770237 0.05852349998895079
0.9999999999999992 11
29 1.6140616595692159 1.2691061809518978 0.06566009996458888
1.0000000000000007 11
30 1.5866634229776788 1.2512650858101806 0.06405849999282509
1.000000000000001 11
31 1.5604210564508108 1.2051541282883835 0.05295869999099523
1.0 11
32 1.5357811997965658 1.1913736604259324 0.05285520001780242
0.9999999999999999 11
33 1.5116993501555416 1.1464305502224996 0.05646140000317246
1.0000000000000007 11
34 1.4889056121769055 1.1360872477278567 0.05617830000119284
1.0000000000000007 11
35 1.4667616623149888 1.093456297734267 0.049529300013091415
0.9999999999999991 11
36 1.446015417469361 1.0845895698244012 0.05629659997066483
0.9999999999999999 11
37 1.4263286449655053 1.0447538545808859 0.052260000025853515
1.000000000000001 11
38 1.4079698985758489 1.0364334388961152 0.05439970002043992
1.0000000000000007 11
39 1.390438486747954 1.001087979512926 0.056154799996875226
0.9999999999999997 11
40 1.3742125923474382 0.9918598459097148 0.05530479998560622
0.9999999999999994 11
41 1.3596453489364395 0.9648081363500264 0.05450229998677969
1.0000000000000009 11
42 1.3462546180384654 0.9541182464399839 0.05753940000431612
0.9999999999999994 11
43 1.3337930164479679 0.9320676267833478 0.055017100006807595
1.0000000000000004 11
44 1.3222516754443476 0.9211081334827165 0.05828729999484494
0.9999999999999987 11
45 1.311105622356811 0.9022640328584055 0.05781770002795383
0.9999999999999997 11
46 1.3006741885051034 0.8915185075760348 0.05680319998646155
1.000000000000001 11
47 1.290748955380703 0.8723391382748079 0.050545500009320676
0.9999999999999998 11
48 1.281486334219819 0.8645256091560852 0.05683289997978136
1.0000000000000013 11
49 1.2729212696946275 0.8496815428550603 0.05242809996707365
0.9999999999999991 11
50 1.264756873077985 0.84052029384136 0.055398099997546524
1.0000000000000004 11
51 1.2569359884381013 0.8276235980919854 0.05498710001120344
0.9999999999999998 11
52 1.2493710075353193 0.8193225047825334 0.0528696000110358
1.0000000000000007 11
53 1.2412958733000892 0.8029588354730345 0.05561390001093969
1.000000000000001 11
54 1.2339314951547027 0.7970187915361048 0.05606870003975928
1.0000000000000004 11
55 1.2269085317274677 0.7821599315827977 0.05736279999837279
1.0000000000000002 11
56 1.2201075130324326 0.7776125171803319 0.055429200001526624
1.0000000000000004 11
57 1.2135781748362915 0.7627541684319661 0.05145600001560524
1.0000000000000009 11
58 1.2071737696225882 0.759482879823504 0.05542190000414848
0.9999999999999999 11
59 1.2009011313547016 0.7444722421207656 0.04877860000124201
0.9999999999999993 11
60 1.1945947629528526 0.7417155940779462 0.055829300021287054
1.0000000000000002 11
61 1.1884480571805667 0.7268606643544008 0.05745359999127686
0.9999999999999984 11
62 1.1825077829315287 0.7247034016890187 0.05513029999565333
0.9999999999999998 11
63 1.1767141810830968 0.7102335134218456 0.0508455999661237
0.9999999999999998 11
64 1.1709611032495204 0.7085335095534386 0.055996399954892695
0.9999999999999996 11
65 1.1652766051449426 0.6941406211801777 0.058747700008098036
0.9999999999999994 11
66 1.159574819597212 0.6924566625825901 0.05850240000290796
0.9999999999999986 11
67 1.1466813952994372 0.6696114780031751 0.050432999967597425
1.0000000000000007 11
68 1.1364585333395276 0.6570732049999927 0.05350320000434294
1.0000000000000009 11
69 1.122645582781082 0.627164585427868 0.055481099989265203
0.9999999999999996 11
70 1.110080076609295 0.6221193145470968 0.05560760002117604
0.9999999999999994 11
71 1.102207330849668 0.6042696568950535 0.054394899983890355
1.0000000000000009 11
72 1.0945052004393006 0.5998035294473798 0.05480189999798313
0.9999999999999973 11
73 1.0875114359172264 0.584168767765142 0.05633799999486655
0.999999999999999 11
74 1.0804690792972513 0.580453887448801 0.048890899983234704
1.0000000000000009 11
75 1.074009263347926 0.5665188261058066 0.050821100012399256
1.0000000000000007 11
76 1.0674430414841372 0.5625610428855701 0.054806100029964
0.9999999999999986 11
77 1.0613373997744633 0.5497256571233072 0.06652960000792518
0.9999999999999996 11
78 1.0550825480752168 0.5457128963696245 0.07171609997749329
0.9999999999999989 11
79 1.0397101018090882 0.5225652335581753 0.05937090003862977
1.0 11
80 1.027495910689899 0.5086371437607892 0.05503460002364591
1.0000000000000002 11
81 1.0214685142529978 0.49790545358031474 0.053892600000835955
1.0 11
82 1.0153573112394443 0.4921802982827776 0.056990699958987534
0.9999999999999978 11
83 1.0096363760578744 0.48227189908984497 0.05195489997277036
0.9999999999999969 11
84 1.0037636315128453 0.4768511932770094 0.05603169999085367
1.0000000000000007 11
85 0.998179413548157 0.46708589664472183 0.05161780002526939
1.0000000000000004 11
86 0.991487715111478 0.4599133088635214 0.05835850001312792
1.0000000000000016 11
87 0.9853362425102942 0.4515408074242948 0.05279099999461323
1.0000000000000002 11
88 0.979905701232329 0.44566254989880044 0.05093220004346222
1.000000000000001 11
89 0.9749056490620939 0.43719817699541147 0.05818369996268302
1.0000000000000004 11
90 0.9697680291539739 0.4326395117484228 0.053110399981960654
1.0000000000000002 11
91 0.964876631471919 0.42390198714686256 0.05284279998159036
92 0.055880047822543216
-------------------------------------------------END------------------------------------------------------
3
------------------------------------Randomized only---------------------------------------------------
398.1299250784812 404.6937147864382
0.995765820262476 10
0 367.0995821406142 374.18436400689654 0.02568039996549487
0.9971563154889352 10
1 322.998406300665 330.45649648198776 0.02489970001624897
0.995677881710882 10
2 275.8602795893549 284.0873655459877 0.03332529996987432
0.9911560489497235 10
3 238.9838214835899 251.6081845323137 0.031976700003724545
0.994544159228026 10
4 203.5196685193525 216.84625766065756 0.030399799987208098
0.9935235558691465 10
5 172.31597720101428 183.92729568208352 0.026996899978257716
0.947635902732523 10
0.9944070392703821 40
6 141.88297221043976 152.50077399690488 0.05634060001466423
0.8267275463588784 10
0.9852944443035758 40
0.9951891117338315 70
7 88.42631047972512 93.29078120175265 0.10497079999186099
0.8122186576449009 10
0.9746374211435546 40
0.9906429634778734 70
8 42.154963776951774 44.4386112712108 0.11397349997423589
0.7189574222569924 10
0.9155048682665059 40
0.9569516983124161 70
0.9720077301602428 100
1.0000000000000002 103
9 21.404455168885303 21.760310813767834 0.18601339997258037
0.8663439719487789 10
0.9753017612677353 40
0.9892001065593605 70
0.9934947043259517 100
10 13.280233756746203 13.253212164524394 0.17161739995935932
0.31287734732814776 10
0.8431191885088489 40
0.8833178018105519 70
0.9060829238993603 100
1.0000000000000002 103
11 9.791448047718704 9.317470755333106 0.17171820002840832
0.9876270361998388 10
0.9968896829839611 40
12 7.21500901587201 6.982380351137481 0.0608240999863483
0.3255302440725758 10
0.4466940219728619 40
0.6749931683306792 70
0.756936984505463 100
0.9999999999999997 103
13 6.330119520601608 6.311526208863008 0.18342570000095293
0.935457973662659 10
0.9939194554489927 40
14 4.831041471445858 4.595312260182617 0.06365099997492507
0.7311242430114779 10
0.7662490437984242 40
0.870180257348116 70
0.9145560882396846 100
0.9999999999999996 103
15 3.9261053155922303 3.437016068058694 0.1726123999687843
0.945286053796032 10
0.9856740766619936 40
0.9911325137834281 70
16 3.708787172836836 3.155496762428509 0.11077540001133457
0.09741899530765698 10
0.16569613979820366 40
0.18483490733643698 70
0.3246490422553791 100
0.9999999999999998 103
17 3.2385949409043953 2.7122839201079096 0.178472800005693
0.9555240785581823 10
0.9858562055698155 40
0.9888891162715947 70
0.9906727262153764 100
18 3.1357002953450563 2.5981790852205067 0.16430080001009628
0.0752361180041761 10
0.09826210753784029 40
0.10979606418962294 70
0.1205174602788826 100
0.9999999999999988 103
19 2.850394243306135 2.2663974482609257 0.16897810000227764
0.8737824246511682 10
0.9549745214572783 40
0.9652511418113148 70
0.9692115099866001 100
1.0000000000000002 103
20 2.622400454690428 2.0488759894000887 0.1779437999939546
0.733499501325944 10
0.8187916882600654 40
0.8310696682683274 70
0.8446670681016611 100
0.9999999999999998 103
21 2.4583897168206117 1.8763539804173772 0.1862643000204116
0.8758608204017587 10
0.9201181564683935 40
0.929478600200484 70
0.9341546432512536 100
1.0000000000000004 103
22 2.3245869311209018 1.727469375833744 0.18111290002707392
0.42013166061075746 10
0.5433630757340074 40
0.5683703542099339 70
0.5865852395997454 100
1.0 103
23 2.211706451762724 1.5959095136893138 0.18930879997787997
0.8503275129468123 10
0.8889959458550456 40
0.8998340241084944 70
0.9041743119830591 100
1.0000000000000007 103
24 2.1195086790866013 1.4991585773284295 0.1746234999736771
0.5434171681938613 10
0.6098025067825137 40
0.6349148524213134 70
0.646199815256887 100
0.9999999999999998 103
25 2.039113942279485 1.4053669280565846 0.1829380000126548
0.9097824439958923 10
0.9304055063853583 40
0.9366030521952413 70
0.938446592514981 100
0.9999999999999996 103
26 1.97032040225827 1.3315915109718313 0.18381710001267493
0.5576491060997615 10
0.6353251418520768 40
0.6561185952415396 70
0.6637600040037575 100
1.0000000000000004 103
27 1.9105580216400027 1.2679833801726252 0.17343179997988045
0.9130603817320142 10
0.9326403983356425 40
0.9383674391455867 70
0.9398630893569426 100
0.9999999999999994 103
28 1.8579867704870823 1.2081819727454617 0.17754430003697053
0.8209205759767229 10
0.8560812632566532 40
0.8643658897366739 70
0.8665882767174845 100
0.9999999999999992 103
29 1.812951317788828 1.171951651930948 0.18128710001474246
0.9097262356903468 10
0.930638391046432 40
0.9348687870330636 70
0.9361773188086612 100
0.9999999999999996 103
30 1.7731838897738832 1.1205278628068014 0.16874180000741035
0.8603108127652657 10
0.8954219667465007 40
0.9021556948985363 70
0.9042456725798548 100
0.9999999999999997 103
31 1.739430627484912 1.0996907139827516 0.1723972000181675
0.9024906762169845 10
0.9232676675353269 40
0.9261645770191134 70
0.9276862486847196 100
1.0 103
32 1.7084708573981895 1.0594129470737617 0.16823559999465942
0.8850842972165213 10
0.9179362526211731 40
0.9235058357444536 70
0.9257953669402164 100
1.0000000000000004 103
33 1.679672705297066 1.043809072336064 0.18584459996782243
0.9041860827959107 10
0.9259571676966538 40
0.9287069435705846 70
0.93036112105732 100
1.0000000000000007 103
34 1.6521861284300197 1.0102001021723017 0.1711164999869652
0.9032173932342586 10
0.9344128061763854 40
0.9391018492997569 70
0.9410844991264732 100
0.9999999999999989 103
35 1.6250911212907035 0.9965788385219724 0.176424200006295
0.8980131468475125 10
0.9241850164997312 40
0.9272647537316089 70
0.9290526744406632 100
0.9999999999999993 103
36 1.5983791794536584 0.9650418834867708 0.1668181999702938
0.904881422615621 10
0.9392344087453541 40
0.943422577093246 70
0.9453002758187269 100
0.9999999999999992 103
37 1.5710437625229228 0.9520915228424296 0.1760313999839127
0.8856575239619519 10
0.9174450537295769 40
0.9209212005742515 70
0.9229277156246463 100
1.0000000000000007 103
38 1.5431563690122019 0.9200269992690364 0.1804202000494115
0.8899815657137672 10
0.9326078500355156 40
0.9365321375837763 70
0.9386004604291713 100
1.0000000000000002 103
39 1.5142724284847042 0.9067569844793957 0.1763541999971494
0.8722908979003723 10
0.9071227092729325 40
0.9108885133782633 70
0.9131862949402351 100
0.9999999999999999 103
40 1.4840887961796256 0.8736427386481712 0.18019370001275092
0.8343770477863998 10
0.8979226202387552 40
0.9023923014257061 70
0.9053010475746812 100
0.9999999999999998 103
41 1.4535404144895168 0.8589824764276698 0.18015279999235645
0.860003044832572 10
0.890986453868788 40
0.8949489680876356 70
0.8975953896675212 100
1.0 103
42 1.4220658708261273 0.8261171262384056 0.18388209998374805
0.6743317096003616 10
0.7883481656805438 40
0.7954347722451364 70
0.8003599178579319 100
1.0 103
43 1.3916496505189562 0.8097921361721924 0.17969950003316626
0.8502962529464525 10
0.8715103738880444 40
0.8756822055950276 70
0.8785266241549132 100
1.0000000000000004 103
44 1.3619493462569363 0.778071830969447 0.16807229997357354
0.5657253345352463 10
0.6951343523274673 40
0.7037309131553136 70
0.7085305645528215 100
0.9999999999999999 103
45 1.3343350978246866 0.7620620476696577 0.17849060002481565
0.8418816938963297 10
0.8579514375315221 40
0.8625795738546249 70
0.8653380595901954 100
1.0000000000000002 103
46 1.3086052375432538 0.7318519649128278 0.17760600004112348
0.5592903093376033 10
0.6579181663327935 40
0.6662558396709677 70
0.6696691319657824 100
1.0 103
47 1.2851144755643675 0.7180687065585051 0.17608609999297187
0.8211179215279584 10
0.8402235472298942 40
0.845896968090696 70
0.8488327843793974 100
0.9999999999999994 103
48 1.2634543351016423 0.6909332967694166 0.1815185999730602
0.5148513548781888 10
0.5873880879471985 40
0.5966129731309613 70
0.5997273665607856 100
0.9999999999999999 103
49 1.243710696474366 0.6785389938784934 0.16938259999733418
0.7903523645630174 10
0.814633145817543 40
0.8214556269510755 70
0.8249291835114965 100
1.0000000000000007 103
50 1.2253450326339872 0.6555278791828595 0.17965589999221265
0.4530741594009683 10
0.5084219498410256 40
0.5187895755871068 70
0.5221486681867211 100
1.0000000000000004 103
51 1.2084511741765875 0.643416334002661 0.1742322000209242
0.7537651781596795 10
0.783577669983159 40
0.7911200178614493 70
0.7951370358700329 100
1.0000000000000002 103
52 1.1925794520090292 0.6243498178424361 0.17756969999754801
0.3869415665350635 10
0.433147237921997 40
0.44429864588618395 70
0.4482248192307367 100
1.0 103
53 1.1777777030961387 0.6121306410493239 0.17388379998737946
0.7159495312737336 10
0.751181771671443 40
0.7590290499535258 70
0.7634098067424661 100
1.0000000000000004 103
54 1.1637740462193658 0.5965502422594222 0.17540140001801774
0.32407646674673046 10
0.3656414983686219 40
0.37750430373296767 70
0.3822465663922276 100
1.0 103
55 1.1505387576942223 0.5840648539021281 0.17612499999813735
0.6849081444807461 10
0.7240951293632387 40
0.7319974053367538 70
0.7365429496884796 100
1.0000000000000004 103
56 1.1379435999574024 0.571545052044627 0.18547080003190786
0.2584125570967013 10
0.29957399009753266 40
0.3123947722702821 70
0.31810366755261643 100
0.9999999999999997 103
57 1.125910281794378 0.5586967423876836 0.1794095000368543
0.6588068162875383 10
0.7002170409043863 40
0.7081361035470172 70
0.7127530798689787 100
1.0 103
58 1.1143900021914241 0.5488514986181986 0.17601019999710843
0.18106514671499463 10
0.2265024910877734 40
0.24046720710349986 70
0.24721678933912689 100
0.9999999999999997 103
59 1.1032945104954321 0.5355791597863617 0.1808314000372775
0.6283582153238376 10
0.6705585770759578 40
0.6785696254162074 70
0.683277258234737 100
1.0000000000000009 103
60 1.092608373754192 0.5280571027118073 0.17848669999511912
0.12264969853826571 10
0.17470301359254253 40
0.18888409947342452 70
0.19635689129956654 100
1.0000000000000002 103
61 1.0822598312866643 0.5143604057834563 0.18942800001241267
0.5879395727951187 10
0.6291139328737397 40
0.6371745135054744 70
0.6419568583825802 100
1.0000000000000002 103
62 1.0722392763519049 0.5087927273381132 0.20125949999783188
0.15703472944447894 10
0.21158193138289724 40
0.2234047828077443 70
0.2305375928203131 100
0.9999999999999997 103
63 1.0625001884924345 0.4947899560256358 0.1999099999666214
0.5542483564037658 10
0.5912791623164679 40
0.5989066354705961 70
0.6034269446742169 100
0.9999999999999997 103
64 1.0530197542536006 0.4907221849666151 0.1953677000128664
0.2267036165995339 10
0.2810268944294439 40
0.28959743107995845 70
0.2959265050677487 100
0.9999999999999999 103
65 1.043774804758386 0.47663504620674657 0.19271900004241616
0.5703776386142595 10
0.600117586052416 40
0.6065357065608205 70
0.6101568364522508 100
0.9999999999999994 103
66 1.0347217520476995 0.4735894631137593 0.1840438999934122
0.20691017928489894 10
0.2677749626846304 40
0.2747558077263572 70
0.28107768620766443 100
1.0000000000000007 103
67 1.0258716288777352 0.4596123479523934 0.1890102000324987
0.6495632588036594 10
0.6714704439270984 40
0.6763497762849108 70
0.6787838921435153 100
0.9999999999999999 103
68 1.0171601919339 0.45727986780351876 0.2017836999730207
0.13593817818701887 10
0.2092953572219621 40
0.21617059441076142 70
0.22307615736132475 100
1.0 103
69 1.0086549434725558 0.4434765487204471 0.20148330001393333
0.7401303457390995 10
0.7561785807273222 40
0.7598208653824104 70
0.7613625330498159 100
0.9999999999999999 103
70 1.0002655134305614 0.4417982895003315 0.1847080000443384
0.17961246084715682 10
0.25525119608726143 40
0.2619650114217883 70
0.2686478288023738 100
1.0000000000000016 103
71 0.99212196901529 0.42812123595912577 0.20192239998141304
0.802220789279411 10
0.8147910469230486 40
0.8176482811065536 70
0.8187016699149148 100
1.0000000000000009 103
72 0.984103397877478 0.42719525279034337 0.20802510000066832
0.3448033909916239 10
0.40668341557221904 40
0.41251108507563966 70
0.41789255895097055 100
0.9999999999999999 103
73 0.9763823170602322 0.4135564646323676 0.20113090000813827
0.8350825160824437 10
0.8459170035674551 40
0.8483078370715088 70
0.8491328488564569 100
1.0000000000000004 103
74 0.9688115141467868 0.413489785639786 0.21136929997010157
0.4926978802462769 10
0.5382819596414675 40
0.5431990258657764 70
0.5472616344690742 100
1.0000000000000009 103
75 0.9615724753522285 0.3998119176494932 0.21992150001460686
0.8479617504782637 10
0.8582868241820674 40
0.8604050083823345 70
0.8611425468187899 100
0.9999999999999998 103
76 0.9545030935946106 0.40061770320246787 0.21164029999636114
0.5786540050972703 10
0.6127520065688978 40
0.6171222415463427 70
0.6202675941524594 100
0.9999999999999997 103
77 0.9477675972703921 0.38686259162774117 0.19142639997880906
0.8481065917870514 10
0.8588643117015771 40
0.8608374975282123 70
0.8615653143427027 100
1.0000000000000002 103
78 0.9412040039670115 0.3884431964914186 0.1869736000080593
0.6178728620734232 10
0.6453982751524903 40
0.6495411078377795 70
0.6520950113832098 100
1.0 103
79 0.9349497072117982 0.37463488233075265 0.18897100002504885
0.8401267081577559 10
0.851981666915118 40
0.8539083232671529 70
0.8546744061829211 100
1.0 103
80 0.9288565326287569 0.3768209741760156 0.1878858000272885
0.627989533159106 10
0.6525551811727325 40
0.6566625249274216 70
0.6588459527604164 100
0.9999999999999999 103
81 0.9230367850306768 0.3630619636814555 0.20501490001333877
0.8265300471308259 10
0.8397882218839926 40
0.8417489840583644 70
0.8425918096972083 100
1.0000000000000007 103
82 0.917364083573351 0.36565036735857387 0.2005382999777794
0.6190989045116954 10
0.6432190703886355 40
0.647406190939724 70
0.6493963424790992 100
1.0000000000000007 103
83 0.9119318039232248 0.352126604760851 0.18871339998440817
0.8074411627809787 10
0.8221775792130004 40
0.8242342404160156 70
0.8252012755297696 100
0.9999999999999999 103
84 0.9066366923288335 0.3548914475153961 0.1964733999921009
0.5962637948440856 10
0.6215655323861962 40
0.6259910136033022 70
0.6279624354664347 100
1.0000000000000002 103
85 0.9015617762680311 0.3418771724060661 0.18484090000856668
0.7788465828703238 10
0.7953905604139556 40
0.7976000592124276 70
0.7987777671782205 100
1.0000000000000009 103
86 0.8966231498669602 0.3445544907937616 0.17584089998854324
87 0.16625483678225642
-------------------------------------------------END------------------------------------------------------
------------------------------------Krylov only---------------------------------------------------
398.1299250784812 404.6937147864382
0.9999999999999996 11
0 364.70671436545115 371.4264482512878 0.055448600032832474
0.9999999999999998 11
1 314.0607596983134 321.6321801651062 0.05306459998246282
0.9999999999999996 11
2 229.71637369639595 242.64578698440144 0.05652899999404326
1.0000000000000007 11
3 185.26689494007908 196.9464708262553 0.07237750000786036
1.0000000000000004 11
4 81.41774246859013 89.49959755012604 0.048369400028605014
1.0 11
5 57.254051984892996 58.315976693769606 0.05207720003090799
1.0000000000000004 11
6 15.188002574534904 15.644438653592937 0.052803800033871084
1.0000000000000002 11
7 8.255905177666687 8.167377344261661 0.0547989999759011
0.9999999999999996 11
8 5.4519446558782345 5.435246072882159 0.05898160004289821
0.9999999999999998 11
9 4.240316413811608 3.918729834437039 0.056086700002197176
1.0000000000000002 11
10 3.5653907624400882 3.282309109269234 0.05582720000529662
1.0000000000000002 11
11 3.1491448532296897 2.6761391014536695 0.050689399999100715
1.0000000000000002 11
12 2.878959744849108 2.420977336234042 0.05442270002095029
0.9999999999999998 11
13 2.6705437938547862 2.1113302949727077 0.056519400037359446
1.0 11
14 2.5071241269741846 1.9706346470447693 0.052520699973683804
1.0000000000000009 11
15 2.3696695104740813 1.7572560545518277 0.057478200003970414
1.0000000000000004 11
16 2.2526574091727762 1.6687306327900946 0.05432130000554025
1.0000000000000004 11
17 2.145463465075072 1.5066144268320538 0.057229100028052926
1.0000000000000004 11
18 2.052132529593114 1.4504844900380613 0.05482820002362132
1.0000000000000002 11
19 1.965062050193525 1.3244297917893197 0.057896099984645844
1.000000000000001 11
20 1.89316676310576 1.2931815043273795 0.05269490001956001
1.0000000000000004 11
21 1.8273231683231494 1.1992970219823642 0.055698800017125905
1.0 11
22 1.7721577045751016 1.1818121664141168 0.05286049999995157
0.9999999999999994 11
23 1.7211791870360067 1.1084886064796458 0.051378200005274266
1.0000000000000009 11
24 1.6765398180114124 1.0955612979172866 0.05301650002365932
0.9999999999999994 11
25 1.6347664230941168 1.033357843769248 0.0707041000132449
0.9999999999999994 11
26 1.5969458060548347 1.0217458811220503 0.05935930000850931
1.0000000000000007 11
27 1.5612221459196969 0.9660799314260256 0.05449670000234619
1.0000000000000009 11
28 1.5282282763284822 0.9552648841357357 0.05768730002455413
0.9999999999999997 11
29 1.4968593711628801 0.9042164843368752 0.06893059995491058
0.9999999999999998 11
30 1.4674410313639066 0.8933182805003325 0.05670240003382787
0.9999999999999991 11
31 1.4393615560738857 0.8463770731787817 0.05658239999320358
1.0000000000000009 11
32 1.4128124265373772 0.835789294882572 0.05440129997441545
1.0 11
33 1.3873394597106683 0.7914580639823123 0.05421150004258379
0.9999999999999997 11
34 1.3437822201990453 0.7602077387414888 0.057449799962341785
0.9999999999999993 11
35 1.3109458709071944 0.7132304720319732 0.05559569998877123
1.0000000000000004 11
36 1.288605783293139 0.7039885789028638 0.056828000000678
1.0000000000000002 11
37 1.2675269709268402 0.6674702893672629 0.0541716999723576
0.9999999999999998 11
38 1.2496559305591588 0.6625240726044721 0.062092000036500394
1.0000000000000004 11
39 1.2324339817553056 0.630750225691539 0.057110699999611825
1.0000000000000002 11
40 1.2165727158137225 0.625663123150025 0.05112449999433011
1.0000000000000002 11
41 1.2012378542697735 0.598558128995865 0.052160800027195364
1.0000000000000013 11
42 1.1870339927674092 0.5941089200227141 0.05077049997635186
1.0000000000000002 11
43 1.173191875728729 0.5705485706283308 0.056605399993713945
0.9999999999999997 11
44 1.1603031245168265 0.5663431599104949 0.05089930002577603
1.0000000000000009 11
45 1.1478450200407153 0.544873425975097 0.05123410001397133
0.9999999999999989 11
46 1.1362201440582833 0.5418059456933076 0.05144619999919087
1.000000000000001 11
47 1.1249444924118224 0.5227464422378889 0.05741680000210181
1.0000000000000004 11
48 1.1143745518166073 0.520031377507669 0.0539124000351876
0.9999999999999986 11
49 1.104131158472548 0.5029505704439484 0.05596500000683591
1.0000000000000016 11
50 1.0941060136541765 0.49943694075571543 0.057325500005390495
1.0000000000000002 11
51 1.084463929263968 0.4843426312819003 0.05830109998350963
1.0000000000000004 11
52 1.0756466528416235 0.48228243514976443 0.05586200003745034
0.9999999999999998 11
53 1.0671313108184222 0.46822690551189305 0.04944799997610971
1.0000000000000004 11
54 1.059024549224819 0.4665969253891905 0.05429360002744943
1.0 11
55 1.0511886843555907 0.4535211981511892 0.055310499970801175
0.9999999999999997 11
56 1.0436893575005155 0.45227697496912755 0.050381199980620295
1.0000000000000009 11
57 1.0364298868817825 0.44006629204604425 0.07644549995893613
1.0000000000000007 11
58 1.0294496975677305 0.4390866426021647 0.05574350000824779
0.9999999999999996 11
59 1.0225723685203578 0.42791034436419234 0.05770150001626462
1.0 11
60 1.0159319137061793 0.4266816533884496 0.05359690001932904
0.9999999999999997 11
61 1.0095944446723817 0.4154889387899243 0.05047350004315376
0.9999999999999999 11
62 1.0034515640292845 0.4152344020278538 0.0537936000037007
0.9999999999999986 11
63 0.9975101332669934 0.40478887339348 0.05529049999313429
1.0000000000000004 11
64 0.9917281598295856 0.404458112791394 0.05559750000247732
1.0000000000000018 11
65 0.9861216927234882 0.39464120425849375 0.0505538999568671
0.9999999999999984 11
66 0.9806456605924654 0.3942646463272864 0.05314080003881827
0.9999999999999998 11
67 0.9753341380707178 0.38503518570408246 0.05095359997358173
1.0000000000000007 11
68 0.9701077044757523 0.38466789123594247 0.05433519999496639
1.0000000000000004 11
69 0.9650364476210606 0.37584632225429054 0.05462410004111007
1.0000000000000004 11
70 0.9600531234933151 0.3750246556493301 0.057537000044249
71 0.05558431127377537
-------------------------------------------------END------------------------------------------------------
4
------------------------------------Randomized only---------------------------------------------------
392.9557967191475 392.1324663723749
0.9888048874501315 10
0.9996615415150402 40
0 361.830981153308 363.2085593832614 0.05820520000997931
0.9881787426810476 10
0.9997092673165004 40
1 315.0653090712744 320.0796862039978 0.11578719998942688
0.9459460533650421 10
0.9994615247135243 40
2 256.3796271365552 266.6191445333288 0.056735999998636544
0.9317458729671361 10
0.9937492589260738 40
3 194.26362750444432 205.59247031134072 0.05719869997119531
0.8544196733545453 10
0.9830784889090006 40
0.9942152080694436 70
4 170.2495518888318 180.12770781510815 0.11751770001137629
0.8905033429109734 10
0.9940404981661951 40
5 78.0825361213123 82.39386083527766 0.07572939997771755
0.8557647066244772 10
0.9600961383890997 40
0.9831683727809938 70
0.993676885480603 100
6 34.84480618644573 37.093647809668795 0.17308790003880858
0.8643069858693847 10
0.9629338933628964 40
0.9811338492832141 70
0.990501324418127 100
7 21.62336327049304 23.09613796651282 0.18727510003373027
0.472374504241275 10
0.7908024289533969 40
0.8463078198140737 70
0.9055866200134606 100
1.0000000000000004 103
8 12.910447560667205 13.91732944388932 0.19194489996880293
0.846058416985647 10
0.9692398707935923 40
0.982988697935155 70
0.9888670082986686 100
0.9999999999999998 103
9 7.633744184553718 7.768565186218292 0.18693740002345294
0.9473197336454506 10
0.9817136812229288 40
0.9946025651811607 70
10 6.392313002050647 6.622520481579338 0.1257958000060171
0.3659682352349226 10
0.5383554867528976 40
0.604527279965149 70
0.7759174024867023 100
0.9999999999999998 103
11 4.776945189287907 4.676015986289067 0.18145189998904243
0.9890131681411416 10
0.998481695350405 40
12 4.129003910947033 3.8750453016439987 0.0869446000433527
0.18999764084480136 10
0.214934965590218 40
0.6361457358956474 70
0.8055610925113019 100
0.9999999999999997 103
13 3.2557811623271373 2.8995940809243637 0.20507199998246506
0.953574072160007 10
0.992982296088185 40
14 2.977294035331351 2.635511920870226 0.07519309996860102
0.09389293140681282 10
0.11188196492076313 40
0.5567382852620474 70
0.7201941013771959 100
1.0000000000000007 103
15 2.507770109443426 2.0396393319228983 0.2474742999766022
0.8592954655625187 10
0.9674258449578074 40
0.979168677767396 70
0.9819825410788088 100
1.0000000000000004 103
16 2.214833162721141 1.861375188199226 0.19940339995082468
0.7848463793775791 10
0.9200184314357415 40
0.9545078409207668 70
0.9627317867401562 100
1.0000000000000002 103
17 2.0376881173930146 1.6696908134437858 0.25809899996966124
0.7976429872634387 10
0.9024660417738593 40
0.9096868137243823 70
0.9155772898529734 100
1.0000000000000002 103
18 1.8941347548535785 1.5578420171159584 0.20222269999794662
0.709596095527184 10
0.8640951227706126 40
0.9079411612363812 70
0.9180024758827735 100
0.9999999999999999 103
19 1.7814995908227742 1.41054840891194 0.19390629994450137
0.8535975894596989 10
0.9625830081568828 40
0.9697951129619446 70
0.9733184759185031 100
0.9999999999999997 103
20 1.6833557092123548 1.3194848822749106 0.22407200001180172
0.7576415945852415 10
0.9067196145779141 40
0.9304864974059457 70
0.9369631201742545 100
1.0 103
21 1.6096230982329855 1.228344896588785 0.20513229997595772
0.9172404050433677 10
0.9762785781382035 40
0.9808700853073357 70
0.9828083123410876 100
1.0000000000000002 103
22 1.542946830655513 1.138553950034981 0.19867940002586693
0.9514300544001575 10
0.9812056454799828 40
0.9844508408485692 70
0.9857666530708887 100
0.9999999999999992 103
23 1.4898352959230023 1.1017459600366588 0.2174980000127107
0.6948850942928664 10
0.89337644278347 40
0.907349662432458 70
0.9135035575023329 100
1.0 103
24 1.4466713539412996 0.9917485500633583 0.19381570001132786
0.8474970697216379 10
0.931036242795531 40
0.9364512183594911 70
0.9400982897535302 100
1.0000000000000002 103
25 1.4123274884305348 1.0035842486055417 0.20277389994589612
0.9460810851939273 10
0.9606497854206357 40
0.9633199327488972 70
0.9645762609292708 100
1.0000000000000004 103
26 1.3830287110449182 0.9136015330496123 0.19836590002523735
0.8204404047728476 10
0.8918961021456094 40
0.8957414544720955 70
0.8997721239175439 100
1.0000000000000004 103
27 1.3575240498439223 0.9249675038342018 0.1930024999892339
0.9277101390262327 10
0.9442777540846393 40
0.9470544889962441 70
0.9487863181722105 100
1.0 103
28 1.335093422669658 0.8614619654481319 0.1903485000366345
0.9164848633371101 10
0.9443242951204415 40
0.9460557715807957 70
0.9477253196350279 100
1.0 103
29 1.3150596560843613 0.8589765682079021 0.19329189998097718
0.6657960313965943 10
0.7381733920664448 40
0.7474414431629538 70
0.7533257014032706 100
1.0 103
30 1.296941555488335 0.8181227228349369 0.18593029998010024
0.9077207125239785 10
0.9336858868499058 40
0.9357171242086693 70
0.9372128814539509 100
0.9999999999999992 103
31 1.2801206652292798 0.8054099575493535 0.17801820003660396
0.31517991331601325 10
0.46318856559501753 40
0.47495361283680926 70
0.48303407967266887 100
0.9999999999999997 103
32 1.2643159725091606 0.7772864600933458 0.18909890000941232
0.8894346381769282 10
0.9164475682134432 40
0.9190590454235763 70
0.9204635311201185 100
0.9999999999999997 103
33 1.2492395410067232 0.760920413221835 0.19897099997615442
0.3069948959101816 10
0.4626723460532458 40
0.4726160762564641 70
0.4799580286082404 100
1.000000000000001 103
34 1.23477740691982 0.7382316007328735 0.18744740000693128
0.8729053842560788 10
0.9019280215712829 40
0.905125487479658 70
0.9066565849771732 100
1.0000000000000002 103
35 1.220750362159227 0.7214245233934123 0.18684330000542104
0.3514210268129573 10
0.5099313846205221 40
0.5196434656510148 70
0.5267674117565502 100
0.9999999999999998 103
36 1.2071069571830302 0.7007547416098869 0.2052152999676764
0.8746800828997159 10
0.9027390086476378 40
0.9058698626861985 70
0.9074602609696019 100
0.9999999999999988 103
37 1.1937410650075826 0.6848821621644692 0.195276600017678
0.38525057903227145 10
0.5477942756055235 40
0.5578033504209963 70
0.5648057195113848 100
1.0 103
38 1.1806200330092433 0.6645059758272843 0.17528690001927316
0.8739144506909532 10
0.9011512672562135 40
0.9040038737952691 70
0.905698297331466 100
1.0000000000000004 103
39 1.1676947834583504 0.6504061197915477 0.18747839995194227
0.3788304855509691 10
0.5544271801437822 40
0.5653914507403215 70
0.5719874501124963 100
1.0 103
40 1.1549249105192807 0.6291907417878959 0.18130509997718036
0.842820676448241 10
0.8733984826597144 40
0.8765948257948188 70
0.878831924042325 100
0.9999999999999996 103
41 1.1423004092665938 0.6174297416481771 0.16584600001806393
0.411399943768594 10
0.5893297026172961 40
0.6006617227404649 70
0.6060608368039837 100
1.0000000000000002 103
42 1.1297888340455016 0.5947756599199349 0.18092020001495257
0.7346301981894672 10
0.7784095865779369 40
0.7838033769629781 70
0.7879850702372629 100
0.9999999999999998 103
43 1.117412101964504 0.5855611297007495 0.17505700001493096
0.6653869309399648 10
0.7685744376057712 40
0.7754841884946294 70
0.7784953613818842 100
1.0000000000000002 103
44 1.1052511273801064 0.5620362804276978 0.17736510001122952
0.6640006908266928 10
0.7169985312876251 40
0.7238925452731002 70
0.7298618369052824 100
1.0000000000000004 103
45 1.0932314308413165 0.5549416291434749 0.1751720000174828
0.8585852344236652 10
0.8999746162726573 40
0.9029774251935769 70
0.9045856806932681 100
0.9999999999999993 103
46 1.0816001260847377 0.53224223082891 0.17053270002361387
0.7983532295429383 10
0.8371032822581975 40
0.8410848498583565 70
0.844769223689801 100
1.0000000000000002 103
47 1.0700386794920178 0.5259938711308548 0.18818200001260266
0.9112308834610015 10
0.9366525919134261 40
0.9385504874793708 70
0.9398981538431045 100
0.9999999999999996 103
48 1.058842189029283 0.5054971468462242 0.1841633000294678
0.8385166525290805 10
0.8772660232158622 40
0.8807041861469709 70
0.8834941140168929 100
1.0000000000000002 103
49 1.0475317572985519 0.4985323362599638 0.18670630000997335
0.916319646170527 10
0.9418907763899057 40
0.9437542278504005 70
0.9452281012552529 100
1.0 103
50 1.0363738230401516 0.480566075456671 0.1727678999886848
0.8369307666565463 10
0.8842494886689788 40
0.8884014612927177 70
0.8911324192783152 100
1.0 103
51 1.0248424220016645 0.47166525377325547 0.18994909996399656
0.9129787055468852 10
0.9432054806692391 40
0.9454632599177912 70
0.94706677576571 100
0.9999999999999993 103
52 1.0132259818916656 0.4560641416429063 0.18501590000232682
0.8579985744691025 10
0.9065492205559201 40
0.9108125712510805 70
0.9132715918346948 100
1.0 103
53 1.000903378861643 0.4442594906525223 0.17486040003132075
0.9084520426762354 10
0.9434648126982762 40
0.9464391891438091 70
0.9482423932154949 100
0.9999999999999998 103
54 0.988364331454693 0.4308081399998345 0.17601210001157597
0.9081263555134294 10
0.9428162053265104 40
0.94587564698836 70
0.9475516367531746 100
1.0 103
55 0.9747509089921236 0.41533752114536004 0.17950970004312694
0.8834246947121168 10
0.9271497943540843 40
0.9317629691200348 70
0.9344496876673122 100
0.9999999999999997 103
56 0.9611272355162142 0.4039218298968365 0.1814471999532543
0.9494630003095129 10
0.9694767694278522 40
0.9711953137271935 70
0.9721256885222245 100
0.9999999999999998 103
57 0.9463487071145242 0.3849555087355624 0.1728921000030823
0.8540840758244721 10
0.9030643585060426 40
0.9091851610405984 70
0.9128959428825802 100
1.0 103
58 0.932390392967363 0.37570792382911483 0.18800510000437498
0.9673806416139465 10
0.9807043946957612 40
0.9817661171785462 70
0.9822862245262067 100
0.9999999999999993 103
59 0.9179848050246603 0.35521403278535696 0.18243649997748435
0.9250272481907215 10
0.9471717820975161 40
0.9495687323600192 70
0.9509604863886657 100
1.0000000000000002 103
60 0.9048833456782722 0.3476450968373017 0.18300959997577593
0.9627096489603721 10
0.9780514251473258 40
0.9789589684991146 70
0.9793365852845549 100
1.0000000000000002 103
61 0.8918479542309938 0.32768580172434414 0.17451690003508702
0.9105475184518923 10
0.9314798903503474 40
0.9332123986201185 70
0.9342437833341583 100
1.0 103
62 0.8796969893618892 0.3211546895788018 0.1799903999781236
0.930863376143806 10
0.9576608056693363 40
0.9589190513346129 70
0.9594762354368246 100
1.0000000000000002 103
63 0.8677179515549891 0.3022450897670524 0.18442479998338968
0.8361534108477764 10
0.8667933542903541 40
0.8690751282415199 70
0.870617233404485 100
1.0000000000000002 103
64 0.8565277676886517 0.2965198221613798 0.18232690001605079
0.8611890975081508 10
0.9080869912524827 40
0.91039794792174 70
0.9115362157096619 100
1.0000000000000002 103
65 0.8455931424618414 0.27899414801291905 0.18832210003165528
0.7824679861323146 10
0.8141177988759863 40
0.8166336661767134 70
0.8185803013185368 100
1.0000000000000002 103
66 0.8354348845245982 0.27372643121863954 0.18890700000338256
0.8304929800446443 10
0.8768425905463995 40
0.879569561152336 70
0.8809751320127166 100
1.0 103
67 0.8255794172173688 0.258204751125881 0.16950920003000647
0.8350896636757805 10
0.8533914245711914 40
0.8549641679551093 70
0.8564473643874535 100
0.9999999999999997 103
68 0.8164366955235717 0.25287568234288726 0.1785950000048615
0.8723736544623857 10
0.8994321423946848 40
0.901465156514548 70
0.9024464583685924 100
1.0 103
69 0.8076436190862117 0.2399321255421649 0.1720357000012882
0.8972995075082575 10
0.9072861428094267 40
0.9080546025904112 70
0.9089276804221177 100
0.9999999999999998 103
70 0.799415577463905 0.23420201628803652 0.17201880004722625
0.8819356725639251 10
0.9018823986994337 40
0.9038285437782962 70
0.9046438497177681 100
0.9999999999999996 103
71 0.7915604479394176 0.2237165905298706 0.17309799999929965
0.9231837569360786 10
0.9314201271920092 40
0.9319140912008882 70
0.9324830266802825 100
1.0000000000000004 103
72 0.7841045342499757 0.21770702041183632 0.16808440000750124
0.8644236896372939 10
0.8840170999198991 40
0.8863104258079582 70
0.8872335937593641 100
0.9999999999999993 103
73 0.7770535431497471 0.2090768231892576 0.18202960002236068
0.9324455675140759 10
0.9406964440164911 40
0.9411111434092737 70
0.9415347179563343 100
1.0 103
74 0.7702934700423945 0.20310782794426532 0.17949419998330995
0.8401326659184523 10
0.8614584443541227 40
0.8639929508441513 70
0.865118523556741 100
0.9999999999999996 103
75 0.7639922693936729 0.1959264360767589 0.18127599998842925
0.934677737843506 10
0.942589725118537 40
0.942975096689983 70
0.9433207686459237 100
1.0000000000000002 103
76 0.7579328811096703 0.1901932465148799 0.17168889997992665
0.8084946901443559 10
0.8321914472384383 40
0.8348065270678284 70
0.8361515106454378 100
0.9999999999999996 103
77 0.7523682582019544 0.1842807735361521 0.19340119999833405
0.930222198453535 10
0.937252217708553 40
0.9376257026324093 70
0.9379417097886741 100
1.0000000000000004 103
78 0.7470286795710807 0.17887171491080042 0.18710120004834607
0.7529017104879588 10
0.7785894309533641 40
0.7813804144746285 70
0.7830109243401353 100
1.0 103
79 0.742176788802915 0.1740259183631665 0.17500489996746182
80 0.17594386875061901
-------------------------------------------------END------------------------------------------------------
------------------------------------Krylov only---------------------------------------------------
392.9557967191475 392.1324663723749
1.0 11
0 360.9987115977388 362.71747419418165 0.057134600006975234
1.0000000000000002 11
1 311.2502365780022 317.02874371763585 0.05444639996858314
0.9999999999999999 11
2 219.8793144749524 232.8104819763758 0.06205100001534447
0.9999999999999996 11
3 162.55650719333212 174.76311197198217 0.05138769996119663
1.0000000000000002 11
4 87.75254747952509 91.16757435042965 0.05700599995907396
0.9999999999999998 11
5 24.677983444750083 25.719725093334564 0.057065899949520826
1.0000000000000018 11
6 9.73481130664991 9.832249766534634 0.051758999994490296
0.9999999999999997 11
7 6.142856831698594 5.93689013159875 0.057719900039955974
1.000000000000001 11
8 4.57032358921058 4.134082216153393 0.04955180000979453
0.9999999999999993 11
9 3.7621018509238477 3.3368848382457474 0.05262560001574457
0.999999999999999 11
10 3.2426140609961944 2.6295541008618355 0.05452330003026873
0.9999999999999991 11
11 2.8750186473589476 2.3333366927246377 0.05623610003385693
1.0000000000000004 11
12 2.612885396937233 1.9799818843996335 0.05667469999752939
0.9999999999999993 11
13 2.404303926421926 1.8218785539317772 0.05616159999044612
1.0 11
14 2.249014072332475 1.603837450487121 0.053722399985417724
0.9999999999999993 11
15 2.110178752347934 1.4971095789655355 0.05662579997442663
1.0000000000000004 11
16 1.9980203443744726 1.3481910762104186 0.05662089999532327
0.9999999999999997 11
17 1.8967615662125703 1.2671914118402456 0.051462900009937584
0.9999999999999994 11
18 1.8075078094392967 1.1560623328273645 0.053606699977535754
1.0000000000000009 11
19 1.7249108970389673 1.0907004596958332 0.0507596000097692
0.9999999999999994 11
20 1.6305304456278424 0.9895510426270789 0.05736150004668161
0.9999999999999998 11
21 1.554314083294997 0.9342940297291055 0.05718699999852106
1.0000000000000009 11
22 1.4898382243471366 0.8560024988711922 0.052514700044412166
0.9999999999999996 11
23 1.4356157626254396 0.8282995564370503 0.05472759995609522
0.9999999999999999 11
24 1.3827903504586117 0.762834879782475 0.05511389998719096
1.000000000000001 11
25 1.3321225529102174 0.7433986544324352 0.051175499975215644
1.0 11
26 1.285075471080403 0.6808985335634732 0.056934299995191395
1.0 11
27 1.2507893747882333 0.6686929628750315 0.0587087000021711
1.0 11
28 1.2191215874660035 0.6258029906301156 0.05510499997762963
1.0000000000000002 11
29 1.1920396938885425 0.616728278241905 0.0536638000048697
1.0 11
30 1.1669465120429563 0.5811132059746655 0.05582670000148937
0.9999999999999999 11
31 1.1450065456545606 0.5736416385214844 0.05490720004308969
1.0000000000000016 11
32 1.1246094495234364 0.5438952826397692 0.053589000017382205
1.0000000000000009 11
33 1.1064177405488436 0.5379035265294391 0.05240559997037053
1.0000000000000007 11
34 1.089404734724665 0.5119430441220755 0.04904130002250895
1.0000000000000007 11
35 1.0740227243195235 0.5073104585174539 0.0562834000447765
0.9999999999999998 11
36 1.0595725658695268 0.48424664742739193 0.05569759994978085
1.0 11
37 1.0463567348904592 0.48083453050662306 0.05315130000235513
0.9999999999999993 11
38 1.033891948767591 0.45996722245857996 0.05891210003755987
1.0000000000000007 11
39 1.0223821470316456 0.457574967250761 0.059164100035559386
1.0000000000000002 11
40 1.0114883643110952 0.4384431527368961 0.053784299991093576
1.0 11
41 1.0013469246932232 0.436880388250825 0.053777300054207444
0.9999999999999994 11
42 0.991718076849506 0.4191686306901761 0.057888599985744804
0.999999999999998 11
43 0.9826919160309567 0.4182680626809837 0.05607240000972524
1.0000000000000002 11
44 0.9740972846827115 0.4017499236611129 0.05848220002371818
0.9999999999999999 11
45 0.9659920889032155 0.40138465108539767 0.05209119996288791
0.9999999999999998 11
46 0.9582536595451943 0.38589049462295316 0.05718549998709932
0.9999999999999999 11
47 0.9509161297541581 0.38594455926712934 0.057430599990766495
0.9999999999999994 11
48 0.9438925800404507 0.3713501976547368 0.05647869996028021
1.0000000000000004 11
49 0.9371974929398068 0.3717390596299604 0.05829919996904209
0.9999999999999992 11
50 0.930588051553618 0.3574586576148373 0.05221659998642281
1.0 11
51 0.9242528609359055 0.3582064035514234 0.05579379998380318
1.0000000000000002 11
52 0.9183575599734038 0.3453144673553003 0.050860000017564744
1.0 11
53 0.9126720121282021 0.34603694442378946 0.053808299999218434
1.0 11
54 0.9072019534478706 0.33380341964324783 0.05459559999871999
0.9999999999999997 11
55 0.9018881638092385 0.33456457857441557 0.05793409998295829
1.0000000000000007 11
56 0.8967705014364524 0.32303224066805264 0.05215070000849664
0.9999999999999996 11
57 0.8917453309404265 0.3237415565409302 0.05192890000762418
0.9999999999999997 11
58 0.8869063469859153 0.3128563972918943 0.04926940001314506
59 0.054892535592721364
-------------------------------------------------END------------------------------------------------------
5
------------------------------------Randomized only---------------------------------------------------
370.4309464534552 370.9035149613989
0.9933620359922484 10
0 345.4127708070256 347.3731493040321 0.03100999997695908
0.9962562459846087 10
1 309.78923792501644 314.41509206892647 0.03166149999015033
0.9965058074707721 10
2 270.437229291675 279.0282291890426 0.040726899984292686
0.990884680707587 10
3 241.15869865381043 252.97605708856617 0.02684840001165867
0.9902903639109613 10
4 213.07333680947116 227.25198015049452 0.02770330000203103
0.9960491638137299 10
5 180.59561768780142 192.20945561019477 0.026351100008469075
0.9870973381582815 10
0.9988510536378247 40
6 157.95892711786124 166.95425598232873 0.06091149995336309
0.8284940409438167 10
0.9710228412410711 40
0.9933551284512354 70
7 76.2535128246413 76.33482827966061 0.11342509998939931
0.7434648378771207 10
0.9447560005098475 40
0.9816276344468633 70
0.9904784876185951 100
8 45.32682911444694 45.0749432976992 0.16583840001840144
0.7221599795375218 10
0.9508859858646662 40
0.9715104539522879 70
0.9834736578513823 100
1.0000000000000004 103
9 21.786124790028822 22.8516267050625 0.17917540000053123
0.6744664608258613 10
0.9174525977369878 40
0.962050751711634 70
0.9779524340686593 100
1.0000000000000007 103
10 11.505562615834608 11.584605272058823 0.1810894999653101
0.7294565042783688 10
0.9082073097593094 40
0.9619850659752618 70
0.970228199212032 100
0.9999999999999993 103
11 7.203755599260595 7.33604319704392 0.17363879998447374
0.6666524882080904 10
0.9292521460241455 40
0.95844225481757 70
0.970911343892192 100
1.0000000000000002 103
12 4.81202598356931 4.485967777051305 0.18599649996031076
0.7754798415895756 10
0.936941511240254 40
0.9639173136442685 70
0.9735258250334232 100
0.9999999999999999 103
13 3.684479505894494 3.3439692538850916 0.17659579997416586
0.8266245812153342 10
0.9370102852662272 40
0.9588916255212018 70
0.9674273503362625 100
1.0000000000000002 103
14 3.0282954564807523 2.4634610933055363 0.17286429996602237
0.9181770215099163 10
0.9681798842260388 40
0.9759028867194697 70
0.9795774186616656 100
1.0000000000000007 103
15 2.6371651988807754 2.148647426879652 0.17742429999634624
0.5229301641151809 10
0.6837922504797352 40
0.7268048934040159 70
0.7404395620124823 100
0.9999999999999997 103
16 2.398036800294999 1.8107920941475344 0.17783030000282452
0.6235441731289826 10
0.7637211122374724 40
0.8029730003085177 70
0.81831111755479 100
1.0000000000000002 103
17 2.2337991941995305 1.7018519862433146 0.17682130000321195
0.9080486682075338 10
0.9351504668343364 40
0.936871383052678 70
0.9392374136425944 100
1.0000000000000004 103
18 2.1066131395548116 1.5346878804797097 0.17866250005317852
0.49644432082942863 10
0.5781140793485372 40
0.6084404209969229 70
0.6303656975376415 100
1.0000000000000002 103
19 2.0034230133984887 1.461074768156483 0.16855770000256598
0.8887175145446986 10
0.9237595898600302 40
0.9262302809973216 70
0.9279323777765595 100
0.9999999999999991 103
20 1.908853783782306 1.359920957525828 0.17501150001771748
0.8356741164298076 10
0.8662050709310566 40
0.8730389514411003 70
0.8778512909812988 100
0.9999999999999992 103
21 1.822845807464701 1.2909095983533365 0.18054579995805398
0.8378924081275112 10
0.8772367876148558 40
0.8811007833581427 70
0.8836778638701229 100
1.0000000000000004 103
22 1.7429632070905092 1.204156838244034 0.16953800001647323
0.8762148280755687 10
0.8991597759677464 40
0.9035752455274049 70
0.9062941647810867 100
1.0000000000000007 103
23 1.6661627626435427 1.1402265360493462 0.1878283999976702
0.6760117985598747 10
0.736750403676873 40
0.7457853162272429 70
0.7523371750942552 100
0.9999999999999998 103
24 1.5965176576814661 1.056274436286383 0.1755993000115268
0.8584565406456021 10
0.8826989295887662 40
0.8869568883310582 70
0.8902470598850362 100
1.0 103
25 1.5310734436567939 1.002567688484364 0.17502810002770275
0.44096196618892314 10
0.5201779557820029 40
0.5447532931249851 70
0.5551559527566038 100
1.0000000000000002 103
26 1.4735767976236402 0.9258617463586528 0.1795525000197813
0.8062762241539817 10
0.8357548581323189 40
0.839877957087534 70
0.8446638220123602 100
0.9999999999999997 103
27 1.421566064381117 0.883583768369549 0.17393220000667498
0.5216496181791381 10
0.5734187683889035 40
0.5914431702429124 70
0.5983683218847834 100
1.0000000000000002 103
28 1.3743896552455357 0.8208498133906456 0.17617400002200156
0.7907391845313462 10
0.8172649004679787 40
0.8227205363817564 70
0.8284450798093802 100
1.0000000000000002 103
29 1.330653831521451 0.7833721597402062 0.173923599999398
0.573729615010751 10
0.6239490727842298 40
0.6375329867179854 70
0.6436338308860269 100
1.0000000000000007 103
30 1.2905364197421225 0.7355161344400614 0.17216409998945892
0.752442272589539 10
0.7837136583151104 40
0.7919302213093321 70
0.7974777922324424 100
0.9999999999999997 103
31 1.254026093764865 0.7000884353300442 0.17268209997564554
0.514286500816035 10
0.5682782022643557 40
0.5805224194383953 70
0.5872563034744609 100
0.9999999999999998 103
32 1.2202740980950617 0.6667300940792116 0.1727946000173688
0.7058030070775367 10
0.7446910318493746 40
0.7543173599300884 70
0.7592530064612896 100
0.9999999999999998 103
33 1.1896553997776802 0.6315986861531743 0.1762993999873288
0.46518027075957025 10
0.5115094301260648 40
0.5222686219426621 70
0.5293551128288735 100
1.0000000000000002 103
34 1.1611095021460205 0.6095954282648745 0.17613719997461885
0.7352037909694691 10
0.7713637021826869 40
0.7794981038443771 70
0.7833130435738695 100
1.0000000000000004 103
35 1.134927241325381 0.5746769758623609 0.17982590000610799
0.5517730259470529 10
0.5855680711773196 40
0.5943525003367485 70
0.6010485471801286 100
0.9999999999999997 103
36 1.1103366084403434 0.5598056590112263 0.17210960004013032
0.8315412461447038 10
0.8571225599028133 40
0.8618900811577141 70
0.864269330081244 100
1.0000000000000013 103
37 1.087540653967248 0.5259438806835157 0.16971290000947192
0.751521233926683 10
0.7727173906393501 40
0.7784221626867435 70
0.7828157089138703 100
0.9999999999999998 103
38 1.0660001464093662 0.5146639349959885 0.18070159998023883
0.9089500712157659 10
0.9262062154720718 40
0.9285001375070453 70
0.929844577375672 100
1.0000000000000004 103
39 1.0460028519345579 0.4835295071200859 0.171496799972374
0.8769830805127269 10
0.8909646368693016 40
0.8944380289706346 70
0.8968854648396141 100
1.0000000000000004 103
40 1.0269779923737041 0.4730234288761145 0.18491750000976026
0.9512140453630965 10
0.963620385662272 40
0.9647190418208191 70
0.9655165209169648 100
1.0000000000000007 103
41 1.009420683525323 0.44623712284337985 0.17762189998757094
0.9389143206290385 10
0.9483061602355299 40
0.9504417328712129 70
0.951746604929137 100
1.0000000000000004 103
42 0.9925515207993875 0.43472073766245434 0.19139409996569157
0.9724491473660042 10
0.9816881600923885 40
0.9822961090440867 70
0.9828089622859528 100
0.9999999999999993 103
43 0.9770468390949282 0.41289620489827156 0.1787066999822855
0.9667744129408858 10
0.9732300896317106 40
0.9746557566324697 70
0.975392765125985 100
0.9999999999999998 103
44 0.9620529592036444 0.3997128753505299 0.1814836000557989
0.982068900572229 10
0.9892118333468704 40
0.98965669883687 70
0.990031377571122 100
45 0.9607860190074129 0.39721239757684507 0.1693673999980092
46 0.1536452478233158
-------------------------------------------------END------------------------------------------------------
------------------------------------Krylov only---------------------------------------------------
370.4309464534552 370.9035149613989
0.9999999999999998 11
0 342.5764904990386 344.68891604544484 0.05794869997771457
1.0000000000000004 11
1 299.98253466118973 306.5029705221948 0.055346300010569394
1.0000000000000002 11
2 232.01904464092843 244.43778908817376 0.05649779998930171
1.0000000000000002 11
3 152.06446256620936 161.90802184849838 0.0556316000293009
1.0000000000000009 11
4 59.64673477571516 62.86487744886672 0.055722600023727864
1.0 11
5 18.096166833971864 19.269136019049075 0.05481529998360202
0.9999999999999998 11
6 8.670179244773449 9.192572261695096 0.05744010000489652
1.0 11
7 5.875893192399104 5.742048983850754 0.0496739000082016
1.0000000000000004 11
8 4.60866735791699 4.411981520344978 0.05797239998355508
0.9999999999999991 11
9 4.015299150041707 3.7127886052441084 0.058248599991202354
1.0000000000000004 11
10 3.6465162730187854 3.3060313391386957 0.05318039999110624
0.9999999999999998 11
11 3.3721783064362243 3.050669595892281 0.05633029999444261
1.0000000000000009 11
12 3.16928679298778 2.8068993001009 0.053175600012764335
0.9999999999999999 11
13 3.005242198125499 2.6608488988446783 0.053642200015019625
1.0000000000000002 11
14 2.876348424730903 2.515353551442615 0.051372399961110204
0.9999999999999999 11
15 2.768477071029639 2.399707414345552 0.053193600033409894
0.9999999999999997 11
16 2.678343733792761 2.3031469263353213 0.05348110001068562
0.9999999999999999 11
17 2.6016310197965242 2.2205995420161257 0.058035299996845424
0.9999999999999996 11
18 2.5343301521187946 2.1473767273791102 0.05575140001019463
1.0000000000000004 11
19 2.472479305404623 2.0796042114887237 0.05263240000931546
1.0 11
20 2.4154781729944714 2.02399758927016 0.053440599993336946
0.9999999999999993 11
21 2.361641773509652 1.9696505539452778 0.05975290003698319
1.0000000000000002 11
22 2.3075935333769104 1.9156094839837698 0.05573260004166514
0.9999999999999998 11
23 2.2556860495008784 1.8695126352770048 0.05955770000582561
0.9999999999999999 11
24 2.209274278762978 1.8250014966077504 0.06281299999682233
1.0000000000000007 11
25 2.164541205566219 1.785129676272246 0.05850280000595376
1.0000000000000004 11
26 2.1222916275764567 1.7382929609449265 0.057725399965420365
0.9999999999999998 11
27 2.077768412210857 1.6984852826511807 0.055015599995385855
0.9999999999999998 11
28 2.0354778053540286 1.6463586170057742 0.056109199998900294
1.0000000000000009 11
29 1.9972347883030448 1.6085410468433436 0.05545499996514991
0.9999999999999996 11
30 1.961377740133989 1.566169363686438 0.05464310001116246
1.0000000000000002 11
31 1.9276663159680014 1.5329561573180424 0.05527599999913946
0.9999999999999999 11
32 1.8958320675190687 1.4954301345955825 0.05625680001685396
1.0000000000000007 11
33 1.8654084103012818 1.4643423043044086 0.05363720003515482
1.0000000000000002 11
34 1.8280073120307185 1.4175025461320898 0.05515440000453964
1.0000000000000009 11
35 1.7940130913931613 1.3911614818543385 0.056473699980415404
1.0000000000000007 11
36 1.7693004565895754 1.3540131501268386 0.050959200016222894
1.0000000000000009 11
37 1.7462199429715868 1.3369139304161801 0.05522569996537641
1.0 11
38 1.723939316664238 1.3027560329290155 0.05467770004179329
0.9999999999999992 11
39 1.7027569478225486 1.287589811886229 0.05347560002701357
1.0000000000000004 11
40 1.6821978082678004 1.2550887856539366 0.05767309997463599
1.0000000000000002 11
41 1.6618993124293577 1.2408744735685586 0.05837130005238578
0.9999999999999992 11
42 1.6421120236729854 1.2082566848579477 0.0545513000106439
1.0 11
43 1.620822020070438 1.1911423182450318 0.05685480003012344
1.0000000000000013 11
44 1.6004079785508387 1.1579050573957277 0.05205870000645518
1.0 11
45 1.5804978543950374 1.1428444368860777 0.05549330002395436
0.9999999999999992 11
46 1.5610398374619516 1.1103331537207897 0.053735299967229366
1.0000000000000013 11
47 1.5438146786668734 1.0957133848882066 0.05569660000037402
1.0000000000000002 11
48 1.526512575524378 1.0678401259278867 0.05600630003027618
1.0000000000000002 11
49 1.5105241082042362 1.0535423279556106 0.05583969998406246
1.0000000000000009 11
50 1.4943209638584893 1.0273807631971112 0.05661030003102496
0.9999999999999997 11
51 1.4792158521393637 1.0149580719039364 0.05451119999634102
1.0 11
52 1.4637496323096892 0.9884357845369133 0.05691829998977482
0.9999999999999999 11
53 1.4490155739244654 0.9781956961470282 0.05328100000042468
0.999999999999998 11
54 1.4337633544781143 0.9506523658137274 0.051541399967391044
0.999999999999999 11
55 1.4187729549072365 0.9395326366361125 0.05523299996275455
0.9999999999999993 11
56 1.4026752362691977 0.912373287983989 0.06703289999859408
0.9999999999999997 11
57 1.3881646074833214 0.9011968025626849 0.0756552999955602
1.0000000000000007 11
58 1.3729953877179497 0.8751717425817719 0.06719569995766506
0.9999999999999997 11
59 1.3581531490778904 0.8637111385403259 0.06026379996910691
1.0000000000000009 11
60 1.3422728314280146 0.8385687911286519 0.07395599997835234
1.0000000000000002 11
61 1.327358946110496 0.825321212784133 0.06706720002694055
0.9999999999999994 11
62 1.3112021679958854 0.8016838217071879 0.0567604000098072
0.9999999999999998 11
63 1.296625787395197 0.7905172591567892 0.05456740001682192
1.000000000000001 11
64 1.2806195913785738 0.7667910572164788 0.055776000022888184
1.0000000000000002 11
65 1.2662466836302535 0.7554289562585143 0.05731150001520291
0.9999999999999992 11
66 1.2502126700766047 0.7337319022043591 0.05867289996240288
0.9999999999999991 11
67 1.235327578158442 0.7191346329450964 0.055098799988627434
1.0 11
68 1.2190728451005406 0.6989234638641492 0.05403120000846684
1.0000000000000013 11
69 1.2057619432528264 0.6901974010991638 0.05504150001797825
1.0 11
70 1.191294936788882 0.6684109976854434 0.05301729997154325
0.9999999999999984 11
71 1.1788482130963376 0.662016041025664 0.052485199994407594
1.0000000000000004 11
72 1.1659748790070046 0.6401204674600774 0.05704809998860583
0.9999999999999997 11
73 1.1541144884879355 0.6326579996088728 0.057715000002644956
0.9999999999999997 11
74 1.141728762258616 0.6128879703830477 0.06113350001396611
1.0000000000000004 11
75 1.1299016967141857 0.6016614484698977 0.050619699992239475
0.9999999999999999 11
76 1.1179076896252071 0.5860323594326626 0.058033699984662235
1.0000000000000007 11
77 1.0991318787601743 0.556198788039386 0.05776920000789687
1.0000000000000007 11
78 1.0820487665462728 0.5438359672946957 0.05696930002886802
0.9999999999999996 11
79 1.072511822032288 0.5392809870540638 0.056692699959967285
0.9999999999999993 11
80 1.0632072052839114 0.5204086542872667 0.056258900032844394
0.9999999999999994 11
81 1.0553760319264198 0.5168105410210333 0.056467499991413206
1.0 11
82 1.0475758360851135 0.5017792486305253 0.05149880005046725
1.0000000000000007 11
83 1.0416888698587536 0.5017236257781055 0.05136459995992482
0.9999999999999998 11
84 1.0357135334600285 0.48710090570181613 0.06401239999104291
0.9999999999999992 11
85 1.0302623401631223 0.48726103588035713 0.06343450001440942
0.9999999999999996 11
86 1.0245764051764017 0.4735087757565116 0.05802290001884103
0.9999999999999998 11
87 1.0192496193494869 0.47333461716652714 0.058510900009423494
1.0 11
88 1.014063632381599 0.4600040669591029 0.056793900032062083
0.9999999999999991 11
89 1.0091404336530905 0.460565572430328 0.0528760000015609
90 0.05659451666870154
-------------------------------------------------END------------------------------------------------------
6
------------------------------------Randomized only---------------------------------------------------
359.18402344441677 366.34403170144583
0.9896976634430844 10
0.9994911001406926 40
0 334.7925396314127 341.67217721833373 0.06321779999416322
0.9933676106036542 10
1 302.40947106663225 309.94623509095237 0.030546499998308718
0.9926800352777053 10
2 266.94130704716395 276.6607792156063 0.030103900004178286
0.9930284729874916 10
3 237.80342628145684 250.92176705659637 0.032372200046665967
0.9907185962603935 10
4 197.02694424593236 209.2035859405897 0.030437700042966753
0.9885141858692247 10
0.9995779787441188 40
5 153.6601513031988 166.00801691637503 0.06651869998313487
0.8264911227833861 10
0.9724072837073022 40
0.9891590296732253 70
0.9955491442766964 100
6 66.7158427159315 68.44459405769905 0.1560141000081785
0.679327758905186 10
0.9227954910784432 40
0.959665767268619 70
0.9799124903821129 100
0.9999999999999996 103
7 38.36320925196603 39.866143528318155 0.17856500000925735
0.7381118998077162 10
0.9013842391670985 40
0.955794062407392 70
0.9788476434763791 100
0.9999999999999996 103
8 28.903125778186507 30.60130678129907 0.1781487999833189
0.953969303493619 10
0.9966437617035401 40
9 21.001296102247476 22.434438899489887 0.06621489999815822
0.39394193583407633 10
0.675142674549083 40
0.8225485648077876 70
0.8996495115483613 100
1.0 103
10 17.65362352343468 19.430715065155344 0.18225229997187853
0.9788837147662739 10
0.9974540015084575 40
11 12.675742612899699 13.884594293637948 0.06111269997199997
0.4709357909763506 10
0.5707748287152014 40
0.7328948243571619 70
0.8286070647145489 100
0.9999999999999999 103
12 8.481554858746222 8.61124647258013 0.17987009999342263
0.7035575932473804 10
0.9540736857431471 40
0.9729668040603606 70
0.9801581988115915 100
1.0000000000000002 103
13 6.141948461085491 6.101555388016773 0.1854019000311382
0.8275647913426292 10
0.953675422125504 40
0.9673442563369827 70
0.9756054323057197 100
1.0 103
14 4.87210707069651 4.694995390585898 0.17468699999153614
0.9206182255202701 10
0.9608682357324971 40
0.9700921627082971 70
0.9775045564585939 100
0.9999999999999997 103
15 4.188226394640305 3.93281634932187 0.18784989998675883
0.8355033121296301 10
0.877780479827327 40
0.911668612717102 70
0.9278383059599288 100
0.9999999999999991 103
16 3.7310087242838876 3.557334692799653 0.19396680005593225
0.9531346915404705 10
0.9712588122169397 40
0.9734042354512515 70
0.9759662043346449 100
1.0 103
17 3.405909502864597 3.1474710650559756 0.19704539998201653
0.9808964979988587 10
0.9861598251994772 40
0.9892682759835695 70
0.9909566571528221 100
18 3.342972120215661 3.0919395270967196 0.17713540000841022
0.13955643777415785 10
0.17363823116810884 40
0.19953705407094943 70
0.21156445948815492 100
0.9999999999999994 103
19 3.061969959237719 2.842072530265977 0.17260930000338703
0.7397681805784763 10
0.8156802751803487 40
0.8395973179487063 70
0.8536762935603854 100
0.9999999999999999 103
20 2.861907786942434 2.554507482063965 0.19369869999354705
0.8108476521892971 10
0.8431128475495284 40
0.857892923407628 70
0.8693051674163086 100
0.9999999999999993 103
21 2.690837103846391 2.4194875114570538 0.1812066999846138
0.8729009906728998 10
0.8953613193691164 40
0.9065354313575787 70
0.9117890740886442 100
1.0 103
22 2.540272521765632 2.1977257005032205 0.18393539998214692
0.8794172659245338 10
0.9005588745594099 40
0.9100049971314954 70
0.9150102241166344 100
1.0000000000000002 103
23 2.402051007560842 2.1043364947084195 0.19089219998568296
0.901238118025879 10
0.9256493184303483 40
0.9329734644480681 70
0.9357580658962539 100
0.9999999999999993 103
24 2.269378482564727 1.9184958043570792 0.35518559999763966
0.9113674320871504 10
0.93426363706259 40
0.9421265514879907 70
0.9445896623361745 100
0.9999999999999999 103
25 2.1484591038330243 1.8330159409054234 0.21075600001495332
0.8902168575268627 10
0.9266616760459909 40
0.9316491434627743 70
0.9340962545908605 100
0.9999999999999994 103
26 2.0331700610432253 1.6792178979474552 0.1997655999730341
0.6670382747474507 10
0.7648838778334576 40
0.7855361749490513 70
0.7946515428628869 100
0.9999999999999997 103
27 1.9350673402893255 1.592068027413695 0.20302029995946214
0.8095876044621864 10
0.8710962022974893 40
0.8779851417542547 70
0.8814737767163721 100
0.9999999999999994 103
28 1.8370157153260978 1.4701528539618272 0.18112760002259165
0.5969035223386692 10
0.6676854034462139 40
0.6874751093288327 70
0.7006084712792114 100
1.0000000000000004 103
29 1.755840858240587 1.38152123606036 0.18420690001221374
0.6082927134599584 10
0.6963778338433106 40
0.7101462459507886 70
0.7174816758746488 100
0.9999999999999998 103
30 1.668283180434078 1.2818032568845938 0.16802619997179136
0.5147372177358043 10
0.5743822422961595 40
0.5955739596288344 70
0.6158032660204971 100
0.9999999999999994 103
31 1.5978990962729065 1.1928198314040053 0.1792919000145048
0.4337209155259426 10
0.5129721192840813 40
0.5321715073150363 70
0.5448328331354473 100
0.9999999999999998 103
32 1.5234354609729752 1.112068710165046 0.1734215000178665
0.4373608920273487 10
0.4885721999016112 40
0.5096976273236953 70
0.5318501431957121 100
1.0000000000000007 103
33 1.4640080431936224 1.0300810088924346 0.1828102000290528
0.2936308770893614 10
0.36022161881588727 40
0.38338114938940737 70
0.39888458355969003 100
1.0000000000000002 103
34 1.4066609503249954 0.969517957004094 0.17219539999496192
0.3547698866056857 10
0.4239506395940448 40
0.44228650524092045 70
0.4571261249355543 100
1.0 103
35 1.3593070508580765 0.9018508553947479 0.20952129998477176
0.28983101288188806 10
0.3667322062457931 40
0.38717403487065305 70
0.4006779369603138 100
0.9999999999999993 103
36 1.3163664825089967 0.858382332376608 0.20654760004254058
0.2557559417020186 10
0.35893146471058573 40
0.37614901096485487 70
0.38763393644076766 100
0.9999999999999993 103
37 1.2791157979262542 0.8052097579577764 0.26255939999828115
0.3256528784408824 10
0.40666733675497213 40
0.42216992965360667 70
0.43351051457927514 100
1.0000000000000002 103
38 1.2462049581100518 0.7735231905580647 0.20925280003575608
0.38454126428057755 10
0.4823645683597632 40
0.4944843680089371 70
0.5030946476995617 100
0.9999999999999998 103
39 1.216422654311364 0.7316298714598147 0.18565269996179268
0.3730050085798688 10
0.4451524299299795 40
0.456700817164391 70
0.465593402671973 100
0.9999999999999997 103
40 1.1900759213304788 0.7072728475419767 0.17769720003707334
0.5098684385041058 10
0.5859090560712499 40
0.594638391456035 70
0.6014032894131104 100
1.0 103
41 1.1655725440138733 0.6733959946823793 0.18857349996687844
0.40576806654165803 10
0.46497953915652795 40
0.47431607735523956 70
0.4812910821638987 100
1.0 103
42 1.1435714813766318 0.6533081601908561 0.176697300048545
0.5607869123501259 10
0.6219900549509663 40
0.6293514080462312 70
0.6353114904000997 100
1.0000000000000004 103
43 1.122766252684098 0.6252159905226853 0.1881569999968633
0.4195178851794312 10
0.4682044782884532 40
0.47632261504501827 70
0.48197549730625233 100
0.9999999999999996 103
44 1.1037198531693448 0.607346191876774 0.18616079998901114
0.5630411996605968 10
0.6162670865428521 40
0.6232668430789655 70
0.6289923547005914 100
1.0000000000000002 103
45 1.0855119582588832 0.5836037916731354 0.1793881999910809
0.42377348869610304 10
0.46525490823918664 40
0.4725034798235038 70
0.4772298349389053 100
1.0000000000000007 103
46 1.0685319992928264 0.5666786467552241 0.1841697000199929
0.5352197660895637 10
0.5853332603923966 40
0.5924606762679939 70
0.598231622219356 100
0.9999999999999994 103
47 1.052172078922407 0.5462924972224852 0.18034129997249693
0.4314551823717531 10
0.4680587283041248 40
0.4744438715260601 70
0.4785121924541781 100
0.9999999999999999 103
48 1.0366908606627623 0.5296117512485189 0.18082020001020283
0.49097597876236687 10
0.5416434837052866 40
0.5490270708521034 70
0.55486548110033 100
1.0000000000000002 103
49 1.021690447715699 0.5118456471496081 0.18114180001430213
0.44536091982957915 10
0.4787313701393501 40
0.4841911315876789 70
0.4878356610493339 100
1.0 103
50 1.0073580446601864 0.4951511793850106 0.18086389999371022
0.4421528878800854 10
0.49637554935740036 40
0.5038231892236941 70
0.5095120062656903 100
0.9999999999999997 103
51 0.9934264185396728 0.479415092832339 0.17896260000998154
0.4574489482998828 10
0.48904773320936507 40
0.4936032648594948 70
0.49705729152083966 100
1.0000000000000002 103
52 0.9800483625155848 0.46284250967791335 0.18366050004260615
0.39991979847675907 10
0.45973226644236725 40
0.4668496724160201 70
0.4720365247866352 100
0.9999999999999991 103
53 0.9670443281301495 0.44860952942980387 0.18031629995675758
0.4506540459036832 10
0.4820299626321972 40
0.4858788446399408 70
0.48942108163518655 100
1.0000000000000009 103
54 0.9545388550493823 0.4326395950258249 0.19450370001140982
0.3704623250852278 10
0.4358418956002634 40
0.442314042700447 70
0.4467171267771702 100
1.0000000000000009 103
55 0.9424283692971905 0.41941285381174453 0.18652180000208318
0.40251875644052 10
0.4352997170060438 40
0.4388288779454234 70
0.4428180311834194 100
1.0 103
56 0.9307990907924397 0.40475992345853684 0.1823127000243403
0.34702095487524337 10
0.4147443691466491 40
0.4205580081543983 70
0.42411342727910545 100
1.0 103
57 0.9196298799917808 0.3921083677664138 0.1849981999839656
0.32175451190916715 10
0.3564179422943123 40
0.3599899603820502 70
0.36457270974907985 100
1.0000000000000002 103
58 0.9089611514941948 0.3795585742111023 0.35355890000937507
0.31175931359823755 10
0.37447057065519107 40
0.3797006414404026 70
0.3825395925343885 100
0.9999999999999996 103
59 0.8988491253718192 0.36720855434552774 0.18504519999260083
0.28319505684399476 10
0.3171561105968135 40
0.32082566177940597 70
0.3253339188434093 100
1.0000000000000002 103
60 0.8892739383768978 0.3573599477602841 0.17795330000808463
0.25210280992539963 10
0.30009293954321076 40
0.3045507609968228 70
0.30695786468483177 100
1.0000000000000004 103
61 0.8803097319496341 0.3452635333241023 0.19356570002855733
0.24446000638149398 10
0.2766885553924179 40
0.28068958603132305 70
0.2846135514188195 100
1.0000000000000007 103
62 0.8718421646053488 0.3380738667239456 0.2042962999548763
0.2077896160519539 10
0.23843688177615244 40
0.24205481712646984 70
0.2442355150372105 100
0.9999999999999992 103
63 0.8639200097189053 0.3263031563631898 0.2056559000047855
0.15713791709567854 10
0.1883975652704101 40
0.19289666946724848 70
0.19631760432079406 100
0.9999999999999993 103
64 0.8563608500735299 0.3211140242008076 0.19948539999313653
0.2140701644190666 10
0.23488895928699932 40
0.23801215812289575 70
0.23989964402927771 100
1.0 103
65 0.8492518927670318 0.309732322067525 0.20241399999940768
0.12778306582080254 10
0.1572468446432908 40
0.16172065399602875 70
0.1646424402715657 100
1.0000000000000002 103
66 0.8423987201037023 0.3059426667969167 0.20764009997947142
0.22372539435887068 10
0.24063993404475986 40
0.24352080313906954 70
0.2451356902491269 100
0.9999999999999999 103
67 0.8359420990038883 0.29502619854566686 0.192179000005126
0.14283408978406528 10
0.1702808386919339 40
0.17445981582851366 70
0.1769804924945172 100
0.9999999999999999 103
68 0.8296872463993488 0.292249763036265 0.19788970000809059
0.2232306588538471 10
0.23868593039983824 40
0.24135680684753677 70
0.2427962882465979 100
1.0000000000000004 103
69 0.823799200157353 0.2819057360588723 0.20014510001055896
0.15514725565872894 10
0.18098880775603565 40
0.18491101195556506 70
0.18713039176613688 100
1.0000000000000004 103
70 0.8180848564991404 0.2798351419582916 0.2034408000181429
0.21487725592619647 10
0.230571382202258 40
0.23297559934062118 70
0.23435907435685463 100
0.9999999999999998 103
71 0.8127136372868429 0.27018980020962907 0.20825550000881776
0.14901279224432457 10
0.17398555134185334 40
0.17775600360110938 70
0.1797210485293489 100
1.0000000000000007 103
72 0.8074999417360078 0.26854551161523166 0.20322189998114482
0.19592157305570312 10
0.21329013357018942 40
0.21538724315186675 70
0.21684875184928437 100
0.9999999999999999 103
73 0.8026049018224658 0.2597234848193761 0.19141560001298785
74 0.17835937162335785
-------------------------------------------------END------------------------------------------------------
------------------------------------Krylov only---------------------------------------------------
359.18402344441677 366.34403170144583
0.9999999999999997 11
0 333.55889640925375 340.3926431411197 0.053814100043382496
0.9999999999999996 11
1 287.85174259619265 298.5490883926554 0.05619620002107695
1.0000000000000009 11
2 242.75259222929915 257.3378346030442 0.05195890000322834
0.999999999999999 11
3 121.04994782177609 128.42114853294194 0.05997659999411553
1.000000000000001 11
4 49.32909280193837 53.20774464747951 0.05486140004359186
1.000000000000001 11
5 22.64324804666585 24.222794808803716 0.05579110002145171
1.0000000000000007 11
6 9.318188288166246 9.619780515534538 0.05605989997275174
0.9999999999999996 11
7 6.3646259876491325 6.531455557565432 0.05657989997416735
0.9999999999999996 11
8 4.724560809159381 4.587064348256729 0.05437489994801581
1.0000000000000009 11
9 4.008128329220404 3.884690587418512 0.05611120001412928
1.0000000000000004 11
10 3.4721917324879943 3.141476115550553 0.056887100043240935
1.0000000000000004 11
11 3.1004021439922798 2.747652538230352 0.05018449999624863
1.0000000000000004 11
12 2.754128921008219 2.3616963377207085 0.05293350003194064
1.0000000000000004 11
13 2.4909895975174634 2.0756857877925827 0.05431010003667325
0.9999999999999997 11
14 2.2314615485059455 1.8181566091162638 0.0498156999819912
0.9999999999999991 11
15 2.05079296480154 1.606667398177713 0.06649619998643175
1.0000000000000007 11
16 1.8779600738834545 1.4304192383737773 0.05452759994659573
1.000000000000002 11
17 1.7560001145584039 1.2972398182862839 0.05408460000762716
0.9999999999999994 11
18 1.652848252790275 1.194051702352952 0.05465199996251613
0.9999999999999997 11
19 1.5752455155373535 1.1042481864987734 0.0625123999780044
1.0000000000000007 11
20 1.513161744728587 1.0431961288010576 0.04994799999985844
0.9999999999999997 11
21 1.462982815350955 0.9792607865130504 0.054317800037097186
1.0000000000000002 11
22 1.4195902599339802 0.935320786335415 0.06207440001890063
0.9999999999999993 11
23 1.3829518966492125 0.8866782257500885 0.05107290000887588
1.0000000000000002 11
24 1.3508056415440208 0.8554612198961995 0.046797199989669025
0.9999999999999996 11
25 1.3228340596441925 0.8159787837619231 0.05460279999533668
1.000000000000001 11
26 1.2974521143613238 0.7926501129485694 0.05337589996634051
0.9999999999999991 11
27 1.274670519127676 0.7587907826890463 0.05214499996509403
1.0000000000000002 11
28 1.2306295473448707 0.6982919894554406 0.054232000024057925
1.0000000000000009 11
29 1.1984030687003617 0.6648287865795529 0.05610419996082783
1.0000000000000002 11
30 1.1792723859297207 0.6413587365229327 0.04793760000029579
1.0000000000000009 11
31 1.1620844937747319 0.6204551623120739 0.05434700002660975
1.0000000000000004 11
32 1.1467392673397716 0.6049053496538017 0.05394419998629019
1.0000000000000002 11
33 1.132602212179616 0.585146520019673 0.049542699998710304
1.0000000000000007 11
34 1.1198403038619027 0.5748288498953293 0.0492198999854736
0.9999999999999996 11
35 1.1078963576312468 0.5560213335158096 0.04903110000304878
0.9999999999999997 11
36 1.0967050521696866 0.5487370385539961 0.05030499998247251
1.0000000000000002 11
37 1.08609130557272 0.5307378016747916 0.053978400013875216
1.0000000000000007 11
38 1.0760330651744723 0.5250396051544456 0.05480020004324615
1.0 11
39 1.0664285907293063 0.5081827493258128 0.05510260001756251
1.0000000000000007 11
40 1.0570883579106793 0.502912089233051 0.053955000010319054
1.0000000000000004 11
41 1.0480921460851025 0.48729016460608665 0.05299559998093173
0.9999999999999997 11
42 1.031961341379368 0.4753949916218021 0.04695910000009462
1.0000000000000004 11
43 1.0184117621474236 0.45384847426345964 0.05565599998226389
1.0000000000000002 11
44 1.01001414093323 0.4496200628803053 0.05313369998475537
0.999999999999999 11
45 1.0020106557997022 0.4360687300741504 0.050181300030089915
1.0000000000000007 11
46 0.994667090065619 0.43280834981175653 0.05279379995772615
0.9999999999999998 11
47 0.9875847093559919 0.42008118482458456 0.051166500023100525
1.0000000000000002 11
48 0.9808550306415352 0.4175456721471361 0.054596200003288686
1.0 11
49 0.9740268121807598 0.4056996269465641 0.05426930001704022
1.0000000000000002 11
50 0.9677430136049338 0.4025212701057527 0.059248900040984154
0.9999999999999996 11
51 0.9619109484444917 0.39203936678612533 0.0489852000027895
0.9999999999999992 11
52 0.956269300657862 0.3901331648336535 0.05206700001144782
1.000000000000001 11
53 0.9507856610025154 0.37996006131265664 0.05004079994978383
0.9999999999999998 11
54 0.9454773111544419 0.3786460696020255 0.05681079998612404
1.0000000000000002 11
55 0.9403008003792606 0.3685969033341504 0.0512931999983266
1.0000000000000007 11
56 0.9352853863565926 0.3677274272670072 0.0714668000000529
0.9999999999999988 11
57 0.9303795882340914 0.35783381041691187 0.059195600042585284
58 0.05413485517331945
-------------------------------------------------END------------------------------------------------------
7
------------------------------------Randomized only---------------------------------------------------
396.3353207141636 396.7528652554195
0.9970470982830408 10
0 365.97158697227036 367.52299221435385 0.0308470000163652
0.9978219288887317 10
1 322.22884136599293 325.8683478557778 0.027000000001862645
0.9972171771137603 10
2 275.27273452785533 282.20713696787783 0.027058100036811084
0.985304556322848 10
0.9993355281571548 40
3 234.09562902916738 246.21310028175645 0.06321580003714189
0.8715155559310798 10
0.9956381570425219 40
4 169.84394778047727 179.91624262734317 0.1852386999526061
0.9692816838798597 10
0.9909919848287744 40
5 102.7892964805945 109.02297059726153 0.05891920003341511
0.6488916794755477 10
0.9485357151868234 40
0.9757411178434271 70
0.9882020695446585 100
1.0000000000000002 103
6 58.254085011543275 62.45309284326725 0.1647713000420481
0.745896576187555 10
0.9622886147552389 40
0.9817345044611596 70
0.9882875528673625 100
1.0000000000000002 103
7 30.190435148015048 32.81492926119942 0.15134199999738485
0.9457245798156378 10
0.9902314326951889 40
8 21.846583776716272 23.357140597782198 0.0642253000405617
0.5397745137250716 10
0.7540976251864595 40
0.8574150972792313 70
0.9242094793821757 100
0.9999999999999999 103
9 12.730913299893372 13.475253479520799 0.21442269999533892
0.7453242257002245 10
0.9498823583567282 40
0.9707706490369836 70
0.9841368169680571 100
0.9999999999999998 103
10 8.341268370412397 8.378073347240592 0.19798680004896596
0.8873809313459354 10
0.9872112201302075 40
0.99279517181208 70
11 7.14138108699494 7.255243139887533 0.11255710001569241
0.34774520800902514 10
0.49404194562385306 40
0.5446515992528601 70
0.6622529297978079 100
0.9999999999999996 103
12 5.377024790535875 5.198468501444986 0.17219469998963177
0.9833544404577031 10
0.9920095699558653 40
13 5.073336048804282 4.838441469781939 0.0603030999773182
0.023103645392455817 10
0.07131070739444657 40
0.3804897446027899 70
0.5508821894679167 100
1.0000000000000004 103
14 3.9537536367521158 3.3743210129827172 0.17444139998406172
0.9513531275525448 10
0.9877721118499848 40
0.9921353227433884 70
15 3.753098944892926 3.1638123022010687 0.09977139998227358
0.03189551156088155 10
0.04909711987828054 40
0.05859080119833262 70
0.2553453272703339 100
0.9999999999999996 103
16 3.2458352965118946 2.6857224760341096 0.1760144000290893
0.8664535954943777 10
0.9173421591411577 40
0.9296499315716621 70
0.9398943292966553 100
0.9999999999999997 103
17 2.8982416831102578 2.2688858959602123 0.16860560001805425
0.8317659906969055 10
0.9118399462835044 40
0.9220579308762434 70
0.929060739237825 100
1.0 103
18 2.661905119989651 2.087293345332082 0.20030369999585673
0.8245406154727454 10
0.8697846947783231 40
0.8858304885058841 70
0.894159481860115 100
1.0000000000000007 103
19 2.4655461711128788 1.8605191210829655 0.20007570000598207
0.8755437969302639 10
0.915466891778346 40
0.92332846973222 70
0.9267482174630828 100
0.9999999999999998 103
20 2.332779320561804 1.7415513589812182 0.18873270001495257
0.8172499629375058 10
0.8568936134309929 40
0.8660170795468123 70
0.8721643846178957 100
1.0000000000000002 103
21 2.2007786452637492 1.5855410712334028 0.18287819996476173
0.8663511763913726 10
0.9087078408865319 40
0.9168229694845316 70
0.923535587141062 100
0.9999999999999997 103
22 2.0990136690969883 1.489095581563115 0.18314199999440461
0.8049083079816566 10
0.8436963773753484 40
0.8521848330179665 70
0.8612954012748446 100
1.0 103
23 1.9899592721544284 1.3696494254268745 0.19390920002479106
0.9082474129897411 10
0.9499370187525337 40
0.955075982401765 70
0.9585978776915755 100
1.0000000000000007 103
24 1.903939772020069 1.296428594125015 0.1950656000408344
0.7142676572274206 10
0.763988116869105 40
0.7770033016232194 70
0.7880009389763685 100
0.9999999999999996 103
25 1.8266168283116326 1.2078946156583716 0.18848560005426407
0.7408292214542372 10
0.876158551453212 40
0.8859679256087022 70
0.8913676734541823 100
1.0000000000000002 103
26 1.759036839254063 1.1653880257845552 0.17965250002453104
0.5107973772132667 10
0.6293170497003158 40
0.6492413876734082 70
0.6592967338979041 100
1.0 103
27 1.6947361885531573 1.0849187847032646 0.18922370002837852
0.4766500124888277 10
0.7388011056487818 40
0.7596962882999566 70
0.7689704750364086 100
0.9999999999999999 103
28 1.6359381162517315 1.0490478990773549 0.1652827999787405
0.4711186326174914 10
0.6308063256358576 40
0.6623307102794634 70
0.6724511061661277 100
1.0000000000000004 103
29 1.5790535370115117 0.9813026423251504 0.16365619999123737
0.4458082815549338 10
0.6815345876850865 40
0.7079129357289518 70
0.7198196827755181 100
0.9999999999999991 103
30 1.5262682549508744 0.9403847718503195 0.16583409998565912
0.6145947818213796 10
0.7429989114680277 40
0.7726155359894916 70
0.7801900343075144 100
0.9999999999999993 103
31 1.4771486422686566 0.8908385229460027 0.15858280000975356
0.8194598935167315 10
0.8834843257826988 40
0.8920959552605446 70
0.8968695157228264 100
1.0000000000000004 103
32 1.4307384461525217 0.8496163428865346 0.17291590000968426
0.7144904004702133 10
0.8198843380001375 40
0.8416511491178069 70
0.8473555642848021 100
0.9999999999999998 103
33 1.3889328367919003 0.8113610162089229 0.17774770001415163
0.9221650427220383 10
0.947291137744502 40
0.9504698015588707 70
0.9526260101910359 100
0.9999999999999998 103
34 1.348663212698549 0.7798223880475468 0.17540579999331385
0.7264191583211336 10
0.8209308626638916 40
0.8356161845105186 70
0.8405561767387817 100
1.0000000000000002 103
35 1.3122814566920469 0.7472987823851072 0.1816431000479497
0.9202567352684964 10
0.941103343952687 40
0.9433767653626528 70
0.945188839486221 100
1.0000000000000004 103
36 1.2773055263662423 0.7226948456136261 0.19518810004228726
0.6987001725228987 10
0.780587958859647 40
0.7894840611007715 70
0.7939962538301674 100
0.9999999999999996 103
37 1.2447692372391834 0.6984650662438966 0.18171879998408258
0.8886817143318997 10
0.9118139587080799 40
0.9141094826428319 70
0.9161781885300628 100
1.0 103
38 1.2136451880795118 0.6732339892146538 0.17401140002766624
0.6856140465028788 10
0.7522598915363486 40
0.7595594503323791 70
0.7638120282700047 100
0.9999999999999998 103
39 1.1838728326227086 0.6575865836836405 0.177562799945008
0.8661118959981455 10
0.8908804454283233 40
0.8934382071634933 70
0.8956820419958108 100
1.0000000000000002 103
40 1.155515985913376 0.6295818574491465 0.18182299996260554
0.7282448849934879 10
0.7765892300743914 40
0.7823446302531519 70
0.7857916169014356 100
0.9999999999999994 103
41 1.128170671507417 0.6183711052797469 0.1800797000178136
0.826374281613681 10
0.8561998488030479 40
0.8595907742351152 70
0.8620540551211192 100
1.0000000000000004 103
42 1.1024139909743251 0.5895979719920039 0.17112170002656057
0.7371755149049403 10
0.7778874543568308 40
0.7832030903386453 70
0.7860798189616837 100
1.0 103
43 1.0778365174844857 0.5789967328690084 0.1524024999816902
0.6824463853696681 10
0.7300520636003827 40
0.7366776652302274 70
0.7400885809631942 100
1.0 103
44 1.0549896311197964 0.5517535261148341 0.17186110001057386
0.6644966391240552 10
0.7072324861089456 40
0.7140493439344764 70
0.7167516656257248 100
0.9999999999999997 103
45 1.0335359766232242 0.5403959909244457 0.17887730000074953
0.39408187958186874 10
0.4642790027617216 40
0.4766809087684148 70
0.48225250330015706 100
1.0 103
46 1.0136008475838063 0.5154180696515822 0.19205019995570183
0.5573702532140438 10
0.59710810831257 40
0.6055438966749618 70
0.6082192426588043 100
0.9999999999999998 103
47 0.9948495430445435 0.5033240666376068 0.16901680000592023
0.3512136128686765 10
0.4124096131409503 40
0.42336415274914063 70
0.42944983338433784 100
0.9999999999999998 103
48 0.9772520676141774 0.4800961353183741 0.17429019999690354
0.5078325887970616 10
0.5410657562521031 40
0.5494854963240738 70
0.5523012754961657 100
1.0000000000000002 103
49 0.9604342766122168 0.46731119047282027 0.16925839998293668
0.37468340537245365 10
0.4367107719513617 40
0.445353605517863 70
0.4511675994804397 100
0.9999999999999998 103
50 0.9445433310247132 0.44531088648625394 0.16536909999558702
0.4810899551300547 10
0.5165510032291655 40
0.5249974313191521 70
0.5280438209685233 100
0.9999999999999998 103
51 0.9291109186555001 0.43201368274292695 0.16779439995298162
0.39806409605269966 10
0.46920793776491937 40
0.47684194216705916 70
0.4820582399994511 100
0.9999999999999996 103
52 0.9145607259011116 0.41106022804371 0.1812322000041604
0.45699212710156306 10
0.4982000936796598 40
0.5067209881527031 70
0.5097524897112368 100
0.9999999999999998 103
53 0.9003258556544417 0.39784638159792285 0.16594599996460602
0.4338625162056342 10
0.5106471853839175 40
0.517581007272641 70
0.5219627588163315 100
1.0 103
54 0.887037343483841 0.3779948564527256 0.16914800001541153
0.4320983251598675 10
0.474388320057028 40
0.48251977212099795 70
0.4852198373741304 100
0.9999999999999998 103
55 0.8740780651346209 0.36567215740109044 0.17488879995653406
0.4721041378254279 10
0.5448116339523861 40
0.550883666648404 70
0.554445550364779 100
1.0000000000000007 103
56 0.8621314164236848 0.3471146421773061 0.17086000001290813
0.4084968779794926 10
0.4456639387394223 40
0.45285675829991984 70
0.4549591168535497 100
1.0 103
57 0.850573140531438 0.33631300815102244 0.16609440004685894
0.47131407848873297 10
0.5341872436124748 40
0.5396286196218493 70
0.5427003927809506 100
1.0000000000000002 103
58 0.8400158978533151 0.3192338000151745 0.17392650002148002
0.39825872520443856 10
0.4301127974281198 40
0.43616249862661816 70
0.43765236805049695 100
1.0000000000000004 103
59 0.8298510114019693 0.3101640125548051 0.17287569999461994
0.3773916535845995 10
0.43417356417742575 40
0.43984997562463196 70
0.4429756179685499 100
0.9999999999999996 103
60 0.8206008506292511 0.2945997502287405 0.1674566000001505
0.42728432016146917 10
0.45862022112880535 40
0.4635342135295277 70
0.4646375840446354 100
0.9999999999999997 103
61 0.811708407481831 0.28714009157992343 0.17776960000628605
0.2006084905621728 10
0.25657201311459854 40
0.26321474030601516 70
0.266814890927802 100
1.0000000000000002 103
62 0.8036219181914337 0.27303528019605106 0.16621200001100078
0.5061974181959176 10
0.5376346193687944 40
0.5413764169805451 70
0.5422389460253856 100
0.9999999999999997 103
63 0.795868173968346 0.2669571987484708 0.16749680001521483
0.10980597548736495 10
0.16014151054917303 40
0.16700389378736566 70
0.17071060473675423 100
1.0 103
64 0.7888140876713627 0.2542705259600793 0.1746986000216566
0.5832171821654849 10
0.6122648217487944 40
0.615045198473662 70
0.615732015352095 100
1.0 103
65 0.7820801696583327 0.24933839616813658 0.17710809997515753
0.19167128680371456 10
0.22896215785672733 40
0.2347222517186235 70
0.2378240672214774 100
0.9999999999999998 103
66 0.7759421306657976 0.2380403766043568 0.16961119999177754
0.6187837949481749 10
0.6441004629182356 40
0.6462748373914698 70
0.646865667226667 100
1.0000000000000004 103
67 0.7701092934595353 0.2340278422349758 0.18161859997780994
0.2946580706891216 10
0.32081367917654274 40
0.3254017239027521 70
0.3278691867506633 100
0.9999999999999992 103
68 0.7647711109382154 0.22404927022599572 0.17132979998132214
0.6101312538783839 10
0.6315975613443015 40
0.6334431327050369 70
0.6340330433769648 100
1.0 103
69 0.7597137907745741 0.2207562460812994 0.16408270003739744
0.3389116331999834 10
0.35861319955134446 40
0.36247905356066307 70
0.3645919116725669 100
0.9999999999999999 103
70 0.7550588763163909 0.21197202347700653 0.17429150000680238
71 0.16169752817335342
-------------------------------------------------END------------------------------------------------------
------------------------------------Krylov only---------------------------------------------------
396.3353207141636 396.7528652554195
1.0000000000000004 11
0 362.85791233105306 364.15462707454884 0.05883739999262616
1.0 11
1 310.23640549488266 315.1792812558697 0.051236099970992655
1.0000000000000004 11
2 215.8399254964185 227.80827376273444 0.05222499999217689
1.0000000000000002 11
3 204.7548941048692 217.74208781647485 0.049631399975623935
1.0000000000000004 11
4 83.54037662898456 89.79968295063483 0.060804200009442866
1.0 11
5 30.5677357326183 31.104808637324606 0.056073500018101186
0.9999999999999996 11
6 19.558902924786562 21.376551691083833 0.048915699997451156
0.9999999999999992 11
7 8.838781087185358 9.136004763042925 0.05321220000041649
0.9999999999999999 11
8 5.735922837557398 5.648971384941471 0.0622587000252679
0.9999999999999999 11
9 4.316128275478051 3.9189294117515026 0.05637190002016723
1.0000000000000004 11
10 3.6836880174953692 3.3906294195683913 0.05284899997059256
1.0000000000000002 11
11 3.2472732746973203 2.8712349198121374 0.05091509997146204
1.0 11
12 2.9488778954109987 2.6632688864904943 0.05319150001741946
0.9999999999999994 11
13 2.681739913522423 2.313544691237808 0.05710510001517832
1.0000000000000004 11
14 2.487849745029164 2.1977605165981617 0.051075999974273145
1.0000000000000004 11
15 2.31722829955302 1.9477519268697392 0.05522110004676506
1.0000000000000004 11
16 2.1744935760160957 1.8368370320405742 0.055229200050234795
1.0000000000000002 11
17 2.048066562196541 1.6702130484289481 0.05412179999984801
1.0000000000000002 11
18 1.9540494351970104 1.6145858090526397 0.05443550000200048
1.0000000000000002 11
19 1.8675347429053297 1.4871192160937272 0.05491519998759031
0.9999999999999998 11
20 1.8107335403928955 1.4679568738670532 0.05442909995326772
0.9999999999999994 11
21 1.758184625482846 1.375229796536219 0.0510581000125967
1.0000000000000004 11
22 1.712678920135821 1.353882534404088 0.05513069999869913
1.0000000000000007 11
23 1.668255476731699 1.2908486450205228 0.05405019997851923
1.0000000000000007 11
24 1.6280434584329087 1.258006540680954 0.04992369998944923
1.0 11
25 1.5924873337338101 1.2108925265022439 0.053387199994176626
1.0000000000000002 11
26 1.5605002875856417 1.182572934866352 0.0547688000369817
1.0000000000000007 11
27 1.529453495128326 1.1449068397885303 0.04633759998250753
0.9999999999999996 11
28 1.5007774143816899 1.1135162517619583 0.054670299985446036
1.0000000000000007 11
29 1.4721211830114467 1.085337729058729 0.04792209999868646
0.9999999999999993 11
30 1.4450570086119159 1.0520398375918187 0.05043809994822368
1.0000000000000007 11
31 1.4179918007848904 1.0217865507566013 0.05394569999771193
1.0000000000000004 11
32 1.3955222964963316 0.9917772607452823 0.05416480003623292
1.0 11
33 1.3742358669145271 0.9710910871969098 0.05390200001420453
1.0000000000000004 11
34 1.3543667857906039 0.9438545620581243 0.054584499972406775
1.000000000000001 11
35 1.3350691676846373 0.9270971342815634 0.05384609999600798
1.0000000000000007 11
36 1.3168865372247986 0.9011255515218548 0.04923699999926612
1.0 11
37 1.2990517960200634 0.8869945884137042 0.05531530000735074
1.0000000000000004 11
38 1.2822586034923975 0.861992637446115 0.0544520000112243
0.9999999999999998 11
39 1.2621367892780786 0.8384548784176206 0.056008299987297505
1.0000000000000002 11
40 1.2445977249709133 0.8175719909641541 0.04867099999682978
0.9999999999999994 11
41 1.2299429673505795 0.8044444217598029 0.05338820000179112
0.9999999999999998 11
42 1.2160581374168624 0.7828856401673389 0.054502899991348386
0.9999999999999993 11
43 1.2026032960534427 0.7716670859948265 0.05484309996245429
0.9999999999999996 11
44 1.1898662375228872 0.7508035366224022 0.056446900009177625
0.9999999999999998 11
45 1.1775358650092242 0.7411997761218655 0.04737449996173382
1.0000000000000004 11
46 1.1658361141047313 0.7210356603079677 0.04922639997676015
0.9999999999999996 11
47 1.1543982654962164 0.7121850824203318 0.04925330000696704
0.9999999999999994 11
48 1.1435077948780559 0.6927948843110103 0.1590544999926351
1.0000000000000002 11
49 1.132727596828188 0.6839217648422034 0.05235060001723468
1.0000000000000004 11
50 1.1224441926970008 0.6656854433308005 0.05550949997268617
1.0 11
51 1.1121998164395388 0.6568553140375152 0.055233399965800345
0.9999999999999997 11
52 1.1024162167864797 0.6393397008144421 0.05554870003834367
0.9999999999999998 11
53 1.0925958928044328 0.6302459914608869 0.05074599996441975
1.0000000000000002 11
54 1.0832137338217827 0.6138915394255493 0.057223200041335076
1.0000000000000009 11
55 1.0737653929889754 0.6051725262159603 0.05020099994726479
1.0000000000000002 11
56 1.0647368382763196 0.5888470204874087 0.053763499949127436
0.9999999999999987 11
57 1.0555481880743927 0.5794818385201489 0.05310629995074123
0.9999999999999993 11
58 1.0467748298267376 0.5646350070542973 0.05414249998284504
1.0000000000000009 11
59 1.0379015110559222 0.5554661906122558 0.06864479999057949
0.9999999999999993 11
60 1.0295321442470915 0.5411261137778902 0.05241139995632693
1.0000000000000002 11
61 1.022223069108608 0.5353459549572371 0.04773730004671961
0.9999999999999997 11
62 1.015324024352471 0.5221010496768361 0.05496280000079423
1.0000000000000016 11
63 1.0087560157062934 0.5160669012037993 0.055206899996846914
0.9999999999999983 11
64 1.0022744019366532 0.503238753973563 0.051999400020577013
1.0000000000000016 11
65 0.9958705967689248 0.4975273394762784 0.05251130001852289
0.9999999999999996 11
66 0.9897929688374189 0.4865394235571487 0.04778449999867007
1.0000000000000004 11
67 0.9837877667836976 0.4801105951970457 0.049831699987407774
0.9999999999999993 11
68 0.9779293855838376 0.4697835548103523 0.05549960001371801
0.9999999999999996 11
69 0.9720998249212891 0.4632277284662669 0.05213770002592355
1.0000000000000004 11
70 0.9664091796339508 0.45350946927286157 0.05749680002918467
0.9999999999999996 11
71 0.960723288282178 0.4468007587171123 0.052089299948420376
0.9999999999999998 11
72 0.955171751191027 0.43758459887078904 0.04915919998893514
1.0000000000000007 11
73 0.9495952924251978 0.4306900643452796 0.05621049995534122
0.9999999999999998 11
74 0.9441472115938457 0.42200175206307183 0.05029769998509437
1.0000000000000004 11
75 0.9386331311161926 0.4148207900578944 0.05409759999020025
1.000000000000001 11
76 0.9331918906645588 0.4062197999936956 0.05391259997850284
0.9999999999999997 11
77 0.9277056840052819 0.39954552535123944 0.05599120003171265
0.9999999999999998 11
78 0.9224239785349948 0.3912083212730402 0.054080699977930635
1.0 11
79 0.9172253474250809 0.3855431964970896 0.055365300038829446
0.9999999999999997 11
80 0.9121954284882653 0.37693681819165964 0.051182900031562895
1.0000000000000002 11
81 0.9072965698680328 0.37212511826792094 0.049865600012708455
82 0.05469828658160844
-------------------------------------------------END------------------------------------------------------
8
------------------------------------Randomized only---------------------------------------------------
351.82995666586913 352.1378962551258
0.9909496399672583 10
0 329.47960713883384 331.7395463486196 0.028358800045680255
0.9903874163611476 10
1 297.63399701546524 303.07772343297916 0.032884899992495775
0.9884000553522809 10
0.9994611360300193 40
2 262.35390714215805 271.8124647234938 0.07096000004094094
0.9268623274368433 10
0.9961730885833794 40
3 211.58457931611287 225.342803808189 0.05907929997192696
0.9380712704139565 10
0.9934944751550524 40
4 118.18301447813325 128.2057729544193 0.06761640001786873
0.8428032746051689 10
0.9610880305599071 40
0.9899431300458873 70
0.9955864005080183 100
5 62.237934118570855 66.01806523513845 0.1548895000014454
0.6047682054711933 10
0.9299985654347666 40
0.9849333700348478 70
0.9908786658019392 100
6 34.250205874465294 35.64666507977356 0.172270999988541
0.5020014214873473 10
0.8923798412508684 40
0.963562049498788 70
0.9742071695959763 100
1.0000000000000004 103
7 19.69846566744052 20.107362405994607 0.18269809999037534
0.5633683030465457 10
0.9055855796007687 40
0.9569990742709329 70
0.9732075441717627 100
0.9999999999999997 103
8 10.776624050863765 10.934605328001448 0.1604624000028707
0.5651932176330612 10
0.9021815872307224 40
0.9600838967459429 70
0.978038188636421 100
0.9999999999999998 103
9 7.233091789925461 7.139180602074321 0.17514700000174344
0.8371325697011864 10
0.969418627932875 40
0.9827173546864839 70
0.9884130142554405 100
1.0 103
10 4.9949289179037635 4.826907121431772 0.1680039000348188
0.8718052222026861 10
0.9718417611562177 40
0.979189188863249 70
0.9854670485226938 100
0.9999999999999994 103
11 4.072895520972819 3.725026607542687 0.17524349997984245
0.9312789131622116 10
0.9772748539915477 40
0.9843863028650114 70
0.9884007373389226 100
0.9999999999999992 103
12 3.475876491473288 3.104064563737681 0.17249949998222291
0.7200236879290142 10
0.856525241607681 40
0.8818858359876367 70
0.8949630501574732 100
0.9999999999999999 103
13 3.0474383227385364 2.5864282399747944 0.16691369999898598
0.8767036335673877 10
0.95471799430636 40
0.9663419293435122 70
0.9723248823345106 100
1.0 103
14 2.7172827782998628 2.2387979827422915 0.17496299999766052
0.797642579448451 10
0.8896531150061393 40
0.9109888711228287 70
0.9184164377507569 100
0.9999999999999993 103
15 2.470020306061109 1.9663378718831572 0.18601800000760704
0.7130366615892674 10
0.909217451753583 40
0.9259397575740231 70
0.9344942762656018 100
0.9999999999999996 103
16 2.275351060650032 1.7253350815567148 0.17699140001786873
0.8667365034897146 10
0.9429767192935393 40
0.9522841625537546 70
0.9559578198186808 100
0.9999999999999998 103
17 2.118657872808611 1.56607976581583 0.17392560001462698
0.5628975329924868 10
0.7798321949384025 40
0.8049900200049398 70
0.8245144054632934 100
1.0000000000000002 103
18 1.9806204564989232 1.395255877851462 0.16914299997733906
0.45986678230881023 10
0.6897045212822948 40
0.7293224893191592 70
0.753496747991537 100
1.0000000000000004 103
19 1.8596463220912571 1.2942346541752605 0.18268750002607703
0.6514189111624874 10
0.8296049313262819 40
0.8527249564172635 70
0.8647777089703874 100
1.0000000000000004 103
20 1.7522684491463725 1.1739249218811252 0.18209760001627728
0.4703575518102607 10
0.6280355309362626 40
0.6684539903793454 70
0.6944814018847616 100
0.9999999999999999 103
21 1.6586920189867451 1.0775262023878036 0.16296010004589334
0.649034949978911 10
0.8140065310072038 40
0.8352191255812406 70
0.8440012304406442 100
1.0000000000000002 103
22 1.5784670289615153 1.0090449458626582 0.3407321999548003
0.6286845461733683 10
0.7441805496134578 40
0.7644680124556402 70
0.7784650608603799 100
1.0000000000000002 103
23 1.5098715901599407 0.9256984394929236 0.16521299997111782
0.4306718838317695 10
0.6514010736794718 40
0.6720211251449167 70
0.684295989582072 100
1.0 103
24 1.4487131250995073 0.8845097216090833 0.17783860000781715
0.5947975031013691 10
0.7066202780935944 40
0.7241528993811582 70
0.7376272924786926 100
1.0000000000000002 103
25 1.395309951488169 0.812733389817484 0.17514790000859648
0.33291631719415254 10
0.5258336556538646 40
0.5408683608835384 70
0.5540615306627079 100
1.0000000000000004 103
26 1.345920998619563 0.7819170971544382 0.17392800003290176
0.2633310176382612 10
0.43202821311197864 40
0.45494304740664565 70
0.4747232308238805 100
1.0 103
27 1.3026693243084322 0.719683650770995 0.17785790003836155
0.22258066528674342 10
0.383507519975455 40
0.3971092022007129 70
0.4101330379191573 100
0.9999999999999997 103
28 1.2626629064547807 0.6954041618301876 0.17772959999274462
0.03978086097666564 10
0.22037067945880293 40
0.23996416330870518 70
0.25985022257396534 100
1.0000000000000007 103
29 1.2275656802319963 0.6425057725281887 0.17843710002489388
0.29041546983972183 10
0.39619624775661993 40
0.4049741412835914 70
0.4146409774260526 100
1.0000000000000002 103
30 1.1955075811459894 0.6231266686563205 0.16137510002590716
0.022990470122084702 10
0.13524304348712618 40
0.14843765047002236 70
0.1639300333064082 100
0.9999999999999998 103
31 1.1670974382774613 0.5795897669253689 0.19532550004078075
0.3590146042166318 10
0.43006380159817553 40
0.4353206717381265 70
0.4417794508654966 100
1.0000000000000002 103
32 1.1410634259110528 0.5630661741101333 0.16690239997114986
0.05026817376195761 10
0.10487055342449583 40
0.1149725634821974 70
0.1262325700389855 100
0.9999999999999998 103
33 1.117629960821834 0.5282324982437089 0.17558980005560443
0.3439824536197225 10
0.40415658002365273 40
0.4086302870014709 70
0.4134948391819451 100
0.9999999999999997 103
34 1.0958287050063953 0.5133048026129949 0.33938070002477616
0.10763366383509186 10
0.13963294862934733 40
0.14899067165439442 70
0.15742542371297905 100
0.9999999999999996 103
35 1.0759335386054385 0.4853978239686146 0.1662893999600783
0.29760843259913866 10
0.3565040453103662 40
0.36146790178028293 70
0.365656846925712 100
1.0000000000000002 103
36 1.0571728448155897 0.47183396017926366 0.176820199994836
0.17473908402248847 10
0.20634278225447555 40
0.21537873598123158 70
0.22216537077170484 100
1.0000000000000002 103
37 1.0398869506072592 0.448849677351322 0.15596510004252195
0.24089286277005054 10
0.3005611680267724 40
0.30602778539163916 70
0.30990722557914835 100
1.0000000000000007 103
38 1.0234382648642892 0.4367371951011941 0.17241989995818585
0.25617464454688316 10
0.29417363359283416 40
0.30240162424155886 70
0.3079704297133565 100
1.0000000000000002 103
39 1.0081879869048902 0.4171381276335019 0.16549360001226887
0.16486739058876865 10
0.2245933539949768 40
0.2300339366307294 70
0.23376558988052748 100
0.9999999999999998 103
40 0.9936045048460943 0.4064640508088838 0.17626300000119954
0.3355695614757345 10
0.37732713078558555 40
0.38435642066177567 70
0.38884861504311513 100
1.0 103
41 0.9800349947750004 0.38928867836908493 0.1712100000004284
0.08338259252433651 10
0.1404460455033184 40
0.14526331610265067 70
0.14881938936189784 100
0.9999999999999998 103
42 0.9670416465695191 0.3799270255908552 0.16896109998924658
0.39106207217209493 10
0.43159576213596784 40
0.4374686446474153 70
0.44104016770329474 100
1.0 103
43 0.9549286678796749 0.3646675414559459 0.16562949999934062
0.041964261426081124 10
0.09237890363731059 40
0.09629873268815374 70
0.09948353667341311 100
1.0000000000000007 103
44 0.9433412374247577 0.3564227402193856 0.1638336000032723
0.4122780901209835 10
0.4482032426507849 40
0.4532866343682482 70
0.45619764116968525 100
0.9999999999999998 103
45 0.9325194645267642 0.34286761657980497 0.1685221999650821
0.062497764671661196 10
0.10494227036697616 40
0.10839360171979921 70
0.11109516088494527 100
1.0000000000000009 103
46 0.9221795838720638 0.3354880594455682 0.17302240000572056
0.4013568563246875 10
0.43191179424345255 40
0.4367415943007756 70
0.4393544932650785 100
1.0000000000000007 103
47 0.9124906297698784 0.32355574421504035 0.15927830000873655
0.1095585023267811 10
0.14693894830196497 40
0.15070760656033982 70
0.1530446756662954 100
1.0000000000000004 103
48 0.9032312631014938 0.3167783472491983 0.16927439998835325
0.3712773907727999 10
0.3977581577440712 40
0.40285320145025927 70
0.40552600911015024 100
1.0 103
49 0.8945097521234522 0.3063700729784441 0.16108709998661652
0.1483123720044094 10
0.1844741900981659 40
0.18902448818455134 70
0.19116648311536036 100
0.9999999999999996 103
50 0.8861617648639262 0.30000694962413404 0.16433579998556525
0.3392538388413942 10
0.3634220445005336 40
0.3690448439374775 70
0.3719465473449161 100
0.9999999999999999 103
51 0.8782541088924245 0.29094150350741416 0.15937940002186224
0.17375285271491908 10
0.21095695495726535 40
0.21624251760406998 70
0.21826387952722767 100
1.0000000000000002 103
52 0.8706706441148162 0.28493027619411454 0.17455230001360178
0.3154371737953566 10
0.3383801263835728 40
0.3444835974209088 70
0.34754155185023916 100
0.9999999999999997 103
53 0.8634531563974026 0.2769654799447315 0.1739353000302799
0.19205437811762735 10
0.2308744312815034 40
0.23654169462297417 70
0.23844042119728523 100
0.9999999999999999 103
54 0.8565213424655318 0.27134195258917254 0.16971230000490323
0.2997775612648136 10
0.32202306213132964 40
0.32842639427455056 70
0.3314565382931887 100
1.0000000000000004 103
55 0.8499014258946168 0.26422712530397835 0.15625030000228435
0.2077704979262837 10
0.24785352053358045 40
0.25350431272025076 70
0.25526276263994413 100
0.9999999999999993 103
56 0.8435380401914477 0.259062156491201 0.17055499996058643
0.28729991367021995 10
0.30927836031443323 40
0.3158329594596985 70
0.3186784089948583 100
1.0000000000000004 103
57 0.837445997858726 0.25257951415069835 0.16948419995605946
0.22270762076938064 10
0.2634057531355672 40
0.26875713217261693 70
0.2703726421452815 100
0.9999999999999997 103
58 0.8315873670077184 0.24792778577875604 0.1678478000103496
0.2730502612651986 10
0.2952770685785625 40
0.30191665907897963 70
0.3044996632421959 100
0.9999999999999998 103
59 0.8259675175349119 0.24191197147870686 0.16955220000818372
0.23692638293753393 10
0.2776640755340335 40
0.2825944401899839 70
0.28408183409378046 100
0.9999999999999999 103
60 0.8205610714907627 0.2377896961615429 0.17215920001035556
0.25405058275045184 10
0.2770985856930034 40
0.28382077109646403 70
0.28613123532194845 100
0.9999999999999996 103
61 0.8153658243259493 0.2321283794024211 0.1916810999973677
0.24916227124016932 10
0.2896179023332754 40
0.2941379653100711 70
0.2955217962772749 100
0.999999999999999 103
62 0.8103657487047995 0.22851620626955782 0.16194329998688772
0.2293146698440632 10
0.25373155146399035 40
0.2605669877803473 70
0.2626311245318446 100
1.0000000000000002 103
63 0.8055530498177178 0.2231386264862167 0.1694178999750875
64 0.16697106094034098
-------------------------------------------------END------------------------------------------------------
------------------------------------Krylov only---------------------------------------------------
351.82995666586913 352.1378962551258
0.9999999999999998 11
0 327.3777203958702 329.8220681938933 0.04706909996457398
0.9999999999999994 11
1 289.7996546853554 296.2949665671111 0.05331420002039522
0.9999999999999991 11
2 223.3195487253612 233.5299880134403 0.07017399999313056
1.0000000000000002 11
3 184.91413141086718 195.69572410638847 0.05980610003462061
1.0000000000000004 11
4 61.50931943148286 66.66007156935106 0.05705110001144931
0.9999999999999997 11
5 24.179631433946778 24.865633951416676 0.05046320002293214
1.0 11
6 8.632618515919743 8.851550845140387 0.05695030000060797
1.0000000000000004 11
7 5.135981809711746 5.03790828533425 0.04856099997414276
0.9999999999999998 11
8 3.965345354130333 3.7993615768382742 0.052050500002224
0.9999999999999988 11
9 3.3167794386763374 3.01711903568506 0.056343199976254255
1.0000000000000007 11
10 2.9015649049595442 2.5295033766650468 0.05597640003543347
0.9999999999999994 11
11 2.5478612917499066 2.149699141438749 0.04766729997936636
0.9999999999999992 11
12 2.3117074125647794 1.866741811670376 0.050259899988304824
0.9999999999999999 11
13 2.1397964371081812 1.7119270888822933 0.05301169998710975
0.9999999999999997 11
14 1.9931248933904764 1.5157825372663365 0.04870039998786524
1.0000000000000007 11
15 1.8756823793689026 1.4401938538788885 0.04801460000453517
1.0000000000000004 11
16 1.7718155759744612 1.2826212333438276 0.0565117999794893
1.0000000000000004 11
17 1.69465503940347 1.2405170508304677 0.051323399995453656
0.9999999999999996 11
18 1.6220068137004153 1.1114536987183907 0.05406029999721795
1.0000000000000007 11
19 1.5626054646492045 1.0851306453810468 0.055670499976258725
0.999999999999999 11
20 1.496776966521361 0.9560965568843982 0.06985660002101213
1.0 11
21 1.4474767959360835 0.9381060451301501 0.05719979997957125
0.999999999999999 11
22 1.4056923473849943 0.8490296360074675 0.053253699967172
0.9999999999999994 11
23 1.372587418811202 0.8470659230229013 0.05378319998271763
1.0000000000000007 11
24 1.338136562412648 0.7706313170645158 0.05424440000206232
0.9999999999999984 11
25 1.3100013809168516 0.7725142990538318 0.05057759996270761
0.9999999999999994 11
26 1.2797278390262987 0.7075617087469819 0.05099239997798577
0.9999999999999993 11
27 1.2549050881039212 0.7087313542845438 0.05272480001440272
1.0000000000000002 11
28 1.2282147740057057 0.6547987582166754 0.051888099987991154
0.9999999999999992 11
29 1.2062293296611828 0.6526949949765944 0.059325599984731525
0.9999999999999996 11
30 1.1820767872810716 0.6080205673993212 0.06675390002783388
1.0000000000000002 11
31 1.162449516929283 0.6032090253039571 0.0536380999838002
1.0000000000000002 11
32 1.1407839167148484 0.5664602311573861 0.05782969994470477
1.0000000000000007 11
33 1.1232005849717048 0.5594196156882295 0.05341960000805557
1.0000000000000009 11
34 1.1038032078050015 0.5293188511264117 0.054784499981906265
1.0000000000000004 11
35 1.087992332725907 0.5205762209192141 0.05469220003578812
1.0 11
36 1.070527144869617 0.49584151831986356 0.052561999997124076
1.0000000000000007 11
37 1.0562141003745007 0.4859511487983276 0.05287810001755133
1.0000000000000007 11
38 1.0403533621438326 0.465458345314774 0.054695500002708286
0.9999999999999996 11
39 1.027201206099399 0.45452403982080913 0.04965749999973923
0.9999999999999996 11
40 1.012174224382312 0.43766508432928736 0.05644900002516806
1.0000000000000004 11
41 0.9997218307624067 0.42390175447401635 0.048471299989614636
1.0000000000000007 11
42 0.9861280934816244 0.41195514483357076 0.048393200035206974
1.0000000000000007 11
43 0.9748693122118682 0.3991769735452849 0.053005199995823205
1.0 11
44 0.9630123730005206 0.38868474739849634 0.048240299976896495
0.9999999999999992 11
45 0.9527677355914586 0.37668951649391735 0.047870100010186434
0.9999999999999992 11
46 0.9413227434691682 0.3666518966484479 0.05290080001577735
0.9999999999999997 11
47 0.9313723788868269 0.35498458404791655 0.05303679994540289
0.9999999999999994 11
48 0.9218021648883238 0.34701605265696334 0.06868930003838614
0.9999999999999989 11
49 0.9133711980571958 0.33727506723782175 0.052311700012069196
1.0000000000000007 11
50 0.9046321308726075 0.32982502294853866 0.05289220000850037
1.0000000000000002 11
51 0.896484658009226 0.32027202228502566 0.19104050000896677
0.9999999999999996 11
52 0.8883731644098174 0.31379495283835257 0.06073129997821525
0.9999999999999997 11
53 0.8811329632214933 0.30554066191803053 0.07682899996871129
1.0000000000000004 11
54 0.8739896530895865 0.2997950985677235 0.053662799997255206
1.0000000000000004 11
55 0.8673501083475846 0.2922845583968989 0.04632820002734661
0.9999999999999999 11
56 0.8605719408252509 0.28674836624102373 0.05152530001942068
0.9999999999999999 11
57 0.8541839817239164 0.27958358557828505 0.04681440000422299
1.000000000000001 11
58 0.8481041001787119 0.27445828891310314 0.050387000024784356
1.0000000000000009 11
59 0.8424443694943904 0.26841835574977585 0.049099600000772625
1.0000000000000004 11
60 0.8369474329449201 0.2635424701311512 0.051682100049220026
0.9999999999999988 11
61 0.8317864728687677 0.25812363763825175 0.057414299983065575
1.0 11
62 0.8267259373651068 0.2537379683641652 0.05279210000298917
0.9999999999999996 11
63 0.8219338936622463 0.24872361983372265 0.05092459998559207
64 0.05623792812366446
-------------------------------------------------END------------------------------------------------------
9
------------------------------------Randomized only---------------------------------------------------
412.00202933840075 404.5963214478616
0.9961494441397863 10
0 379.4432179749144 375.00168171499286 0.024629499996080995
0.9964290277269602 10
1 332.3050795278454 332.58247724361274 0.027019199973437935
0.9961272677285768 10
2 280.8431132641361 287.0859904526535 0.024875100003555417
0.9899083206654371 10
0.9993903818210415 40
3 246.33686003020284 256.81644627762137 0.05888840003171936
0.8732741309980007 10
0.9949689737676327 40
4 202.2957937851508 216.53461253189482 0.054024600016418844
0.8051464373335173 10
0.9835380789118165 40
0.995660919455835 70
5 110.03479023583161 118.55745334982018 0.11040619999403134
0.8281794232763028 10
0.9690230448989847 40
0.9858586379141967 70
0.9918307490471352 100
6 51.371006937617146 52.961423833591226 0.1600711999926716
0.4636120536775458 10
0.9128499928122941 40
0.9580620168697077 70
0.9725774442285697 100
0.9999999999999996 103
7 23.308288137446926 23.235268580933916 0.17025419999845326
0.4871255230211983 10
0.8807790395275112 40
0.9398784658000165 70
0.9615161363047687 100
1.0000000000000002 103
8 13.129100403793924 12.887918039221349 0.18028799997409806
0.6502478320082007 10
0.9221227792206302 40
0.9604822832164378 70
0.9791111894969408 100
0.9999999999999999 103
9 7.462379817135327 7.401417281370929 0.16367610002635047
0.6796260903280598 10
0.9073253887251954 40
0.9441818615226171 70
0.9627942557257809 100
0.9999999999999997 103
10 5.240373030540718 5.102483930374814 0.169940099993255
0.9342895955116898 10
0.9848212385516929 40
0.9897573864009785 70
0.9922571886283097 100
11 4.776572340111438 4.654343032276558 0.1529197000199929
0.5692668133193719 10
0.626951619690171 40
0.6512329918188423 70
0.6694069151369874 100
0.9999999999999991 103
12 3.732273874933354 3.6582948929473584 0.17881090001901612
0.36959948857523006 10
0.7598824510081384 40
0.8421177411013198 70
0.8764585309618549 100
1.0 103
13 3.1963376681211177 2.9894646883952745 0.17810089996783063
0.634915704223159 10
0.7101431797964486 40
0.7412458590548417 70
0.7665538680618154 100
1.0 103
14 2.8410674845659543 2.6852341635619097 0.17424550000578165
0.6251236399150146 10
0.8041189799307721 40
0.8376384819323998 70
0.8539342914320035 100
1.0000000000000002 103
15 2.6050269678604914 2.4078549094736705 0.17314550001174212
0.5686542735605122 10
0.6306580881190401 40
0.6551788353729507 70
0.6739143616418706 100
1.0000000000000004 103
16 2.421340681053441 2.2352149795291627 0.17650729999877512
0.6057306926804202 10
0.6994700057174718 40
0.7308711779151831 70
0.7476999977952532 100
0.9999999999999997 103
17 2.276688215004265 2.0817552119646323 0.17289739998523146
0.4233762328415289 10
0.5125763074053282 40
0.5431208702683241 70
0.5637989301964546 100
0.9999999999999996 103
18 2.146282547409741 1.918160769790373 0.17046739999204874
0.4775843262942564 10
0.5444602418461214 40
0.5754604458060245 70
0.600864937085876 100
1.0000000000000002 103
19 2.037309610329372 1.8083726025660252 0.16783019999274984
0.6296756153347763 10
0.7179591843690288 40
0.7368067649768779 70
0.7489409256365582 100
1.0000000000000002 103
20 1.940151883416803 1.6683040469949493 0.184540799993556
0.6383443191072368 10
0.725287161491272 40
0.7493523521503014 70
0.7623271624739698 100
1.0000000000000004 103
21 1.8537293524141825 1.575102822815522 0.18257469998206943
0.47898250093223793 10
0.6415484690189949 40
0.6929810008969494 70
0.7251777430673833 100
0.9999999999999998 103
22 1.7829319906707721 1.4643777434867398 0.1717013000161387
0.7142156576231202 10
0.8569533537737888 40
0.8813856090551043 70
0.8927153959079378 100
0.9999999999999994 103
23 1.7178896206260688 1.398964848939254 0.17457750003086403
0.44038535008628565 10
0.6699962020121034 40
0.747000138105451 70
0.7976450425380356 100
1.0000000000000002 103
24 1.6626401207300685 1.3057176460059572 0.17307499999878928
0.8318470355940084 10
0.9427052644987726 40
0.9571026970829225 70
0.9646021962331252 100
1.0000000000000002 103
25 1.608274764482288 1.2677778455089326 0.17738860001554713
0.6991657024876387 10
0.8463810033995655 40
0.889945027622501 70
0.9166247420229658 100
1.000000000000001 103
26 1.5643797908733748 1.1812477168029774 0.17650760000105947
0.8643115037684059 10
0.9628602805882809 40
0.9731999087452214 70
0.9792640576355937 100
0.9999999999999996 103
27 1.5157266080174074 1.1620380691875902 0.1683313999674283
0.7510090583069993 10
0.8908207072123336 40
0.923653601060313 70
0.9419511993822248 100
0.9999999999999996 103
28 1.4786615282476157 1.076445038494657 0.16984129999764264
0.8608552054365243 10
0.964241478007275 40
0.9745008337116179 70
0.9805276694149706 100
1.0000000000000002 103
29 1.4392660707007547 1.0683507359945927 0.16831099998671561
0.7257127686794859 10
0.8870150964232005 40
0.9240569305325883 70
0.9429223971259746 100
0.9999999999999991 103
30 1.408624599140877 0.9912056922388124 0.16493279999122024
0.8647221437800034 10
0.9676558834346057 40
0.9778637973579707 70
0.9833201066004035 100
0.9999999999999993 103
31 1.3775668883214411 0.9881611061905899 0.1618892999831587
0.7209901511484174 10
0.8876149728691674 40
0.9299469367361497 70
0.9495973262221586 100
0.9999999999999998 103
32 1.3505098758270928 0.9197692159419469 0.1727936000097543
0.8740094248403502 10
0.9725597360403501 40
0.9824224154599751 70
0.9870519125327806 100
1.0000000000000002 103
33 1.3220033047436275 0.9130634766077369 0.16945809999015182
0.7189458697953277 10
0.8846708097613649 40
0.9322057759035843 70
0.9528072594189139 100
1.0000000000000002 103
34 1.294976975704945 0.8531019979951416 0.17015289998380467
0.8759978523565798 10
0.9731244568916274 40
0.98326276152821 70
0.9875904747440759 100
0.9999999999999999 103
35 1.2676057651906758 0.8411223610652513 0.17214350000722334
0.6971461561423462 10
0.8701021418038115 40
0.9248573539898604 70
0.9472967174894538 100
1.0 103
36 1.2402339520663863 0.7884579455680425 0.1664374999818392
0.8682763597672197 10
0.9684109895190471 40
0.9795661233706832 70
0.9842231627233425 100
1.0000000000000004 103
37 1.2155417304127139 0.7740497370395828 0.1646226000157185
0.6536992181644004 10
0.8415607017577282 40
0.905347614542259 70
0.9303623686157597 100
0.9999999999999999 103
38 1.1896627625039218 0.7278826817016875 0.16975529998308048
0.8514075208933964 10
0.9568129485009353 40
0.9695903833423695 70
0.9751354188295114 100
1.0000000000000002 103
39 1.1677651053045535 0.7124166597819142 0.16629299998749048
0.5947159753896007 10
0.7961466815667156 40
0.8678317835239221 70
0.8951767106709955 100
0.9999999999999998 103
40 1.1448292029400948 0.6722823898836302 0.16750839998712763
0.8200179071205146 10
0.9315809520236686 40
0.9465107942695801 70
0.95346972374102 100
1.0000000000000007 103
41 1.1251299715448697 0.6563211553622011 0.16239000001223758
0.5265042488798392 10
0.7270150284628311 40
0.7999857534081611 70
0.8274834407356861 100
0.9999999999999998 103
42 1.1052554051880146 0.6212350631241418 0.17337289999704808
0.7586883356981657 10
0.8747615075126283 40
0.891582835642293 70
0.9001354768333734 100
1.0000000000000007 103
43 1.0873206263953943 0.6053765249462724 0.17065139999613166
0.44917930170262754 10
0.6199827925915136 40
0.6812756957402643 70
0.7045710062089527 100
1.0000000000000002 103
44 1.0698931838322394 0.5741489788327062 0.1730960999848321
0.6324121016520295 10
0.7444215554415836 40
0.7603740887014863 70
0.7695743268781037 100
0.9999999999999997 103
45 1.0534993370260617 0.5589506283067516 0.1668261000304483
0.34875491112514495 10
0.4603371006998084 40
0.49748719659852325 70
0.5126295505479985 100
1.0000000000000004 103
46 1.0378565873998309 0.5306297901163544 0.1626067000324838
0.41986089191156606 10
0.5102709643995827 40
0.5205452658826151 70
0.528378468690758 100
0.9999999999999992 103
47 1.0228176653713814 0.5164447077759625 0.1627708000014536
0.23876156125836967 10
0.29225301487193783 40
0.30747010791638985 70
0.31544886076679063 100
1.0 103
48 1.0084977400451542 0.49040362189419623 0.17906049999874085
0.2902543393365708 10
0.3540080420667291 40
0.3605616404573844 70
0.36713767104647266 100
0.9999999999999998 103
49 0.994624815086946 0.4774094653488284 0.17046870000194758
0.187958866113095 10
0.21564485315601467 40
0.2236465459439841 70
0.22920491361245762 100
0.999999999999999 103
50 0.9813772525278484 0.45328666788833055 0.17200199997751042
0.3091453017703938 10
0.36236221400451174 40
0.37039662140423335 70
0.3770344209040297 100
1.0000000000000007 103
51 0.9685285123458365 0.44158023281276654 0.1608841000124812
0.17954859596915929 10
0.20114398102257372 40
0.20910926862182094 70
0.21467711959415847 100
1.0000000000000002 103
52 0.9562521101500324 0.41920116976428595 0.17067469999892637
0.3164612412536917 10
0.3681887108607658 40
0.37772510799141296 70
0.38421211074674655 100
1.0 103
53 0.9443460571613929 0.4088216948676041 0.17247669998323545
0.1830220021941518 10
0.20243796388574503 40
0.20979158230821565 70
0.21536163242624437 100
1.0000000000000007 103
54 0.9329957244285851 0.38810286394164434 0.17387100000632927
0.28478040444219904 10
0.33814124237993626 40
0.3481889043145638 70
0.354047018509625 100
1.0000000000000007 103
55 0.9219723870500544 0.3790033735387175 0.18555989995365962
0.24290637888365138 10
0.26321353857995045 40
0.2687636146868084 70
0.2737102582032643 100
1.0000000000000007 103
56 0.9114886150174049 0.359876680153455 0.19881540001370013
0.2671969193189241 10
0.3226487214759685 40
0.33264201050079323 70
0.33761080662262105 100
0.9999999999999996 103
57 0.9012799653290735 0.351919519008399 0.17428600002313033
0.36036072443491723 10
0.3839777052477435 40
0.3879646477234142 70
0.39197184963515613 100
1.0000000000000004 103
58 0.891581519205038 0.3343177143466628 0.1727108999621123
0.2960541455050081 10
0.35141659399754493 40
0.36105210437284296 70
0.3651667046080857 100
1.0000000000000004 103
59 0.8821175458265897 0.32730743258145867 0.16937449999386445
0.470704588233173 10
0.49664539897660426 40
0.4997276022228993 70
0.5029421078571832 100
0.9999999999999999 103
60 0.8731292024420383 0.31119199237892264 0.17037780000828207
0.34441383451037416 10
0.39699018669870106 40
0.40620900215897204 70
0.4097060619165894 100
1.0000000000000004 103
61 0.8643563679014565 0.3049077758796749 0.17718429997330531
0.5395808997006749 10
0.5654911187236441 40
0.5680045474032582 70
0.5706875593412739 100
1.0000000000000004 103
62 0.8560287708969823 0.29030004816800103 0.1744308999623172
0.3783792169047961 10
0.42641324168320466 40
0.43536234867455476 70
0.43849506623089685 100
0.9999999999999997 103
63 0.8479205500434133 0.28450739381101936 0.17726899997796863
0.5636726540702336 10
0.5872905131532026 40
0.5893427099153086 70
0.5916950939165997 100
1.0000000000000002 103
64 0.8402339962298015 0.2715059313278322 0.17125110002234578
0.38426573271089487 10
0.42655915440969294 40
0.4353849919059417 70
0.4383305092787525 100
1.0000000000000007 103
65 0.8327939141025127 0.2659607664816014 0.1660245999810286
0.5421270810610745 10
0.5612327147795607 40
0.5628800317340884 70
0.5650036045274325 100
1.0000000000000002 103
66 0.8257553613509333 0.25473615163721397 0.17768729996168986
0.3610756285849455 10
0.3965647784237453 40
0.4051253148660906 70
0.4079577329010755 100
0.9999999999999996 103
67 0.819014875043749 0.24921436533469474 0.1740274000330828
0.4700530528808368 10
0.4827379599056 40
0.48416154314418197 70
0.4860225513280408 100
1.0 103
68 0.8126484398076529 0.23994105106742578 0.1750008999952115
0.3154045405292623 10
0.34380780413077655 40
0.35145249641273313 70
0.3541525638986765 100
1.0000000000000004 103
69 0.8066413795631121 0.23432669900597894 0.17181730002630502
0.3562151524329617 10
0.3631183294858184 40
0.3647969548480071 70
0.3662888968025978 100
0.9999999999999996 103
70 0.8009547278030111 0.22698782285768437 0.17142070003319532
0.2625799956788759 10
0.28542362374561736 40
0.2914270732497795 70
0.29396839027259564 100
1.0000000000000004 103
71 0.7956508447286679 0.22136782112183254 0.176748400030192
0.24314626702368156 10
0.24842020454185443 40
0.25080369449793 70
0.25204707039982405 100
1.0000000000000007 103
72 0.7905869977545136 0.21557688160932748 0.17082990001654252
0.22267754355160335 10
0.24219249983761615 40
0.2467636402362763 70
0.24917955331861177 100
1.0 103
73 0.7858709493843374 0.21018694854989042 0.16283149999799207
74 0.16176531216085613
-------------------------------------------------END------------------------------------------------------
------------------------------------Krylov only---------------------------------------------------
412.00202933840075 404.5963214478616
1.0000000000000002 11
0 377.0664400006188 372.39974705637013 0.049978199996985495
1.0 11
1 325.45391465067377 326.01631348181473 0.05398560001049191
0.9999999999999984 11
2 244.5478785880208 254.46642303531803 0.04766579996794462
1.0000000000000002 11
3 237.58447306211488 246.425060881246 0.05056820000754669
1.000000000000001 11
4 68.54277695554912 74.10529188269665 0.055055800010450184
1.0000000000000002 11
5 18.787267790773576 20.223877173935822 0.05357779999030754
1.0000000000000004 11
6 9.114485285499544 9.793015925105472 0.04673269996419549
0.9999999999999987 11
7 6.1027994045512255 5.989397391993602 0.050283499993383884
0.9999999999999981 11
8 4.645460632062038 4.652056288798149 0.04806130001088604
0.9999999999999997 11
9 3.9504506872062413 3.6777875622847556 0.05422560003353283
1.0000000000000004 11
10 3.5504979036397053 3.310061338260892 0.05284979997668415
0.9999999999999996 11
11 3.269157480079444 3.0592839477303024 0.056317699956707656
1.0000000000000002 11
12 3.037779974128158 2.8167812049031236 0.05592780001461506
0.9999999999999996 11
13 2.868755679627897 2.65560154767255 0.06146579998312518
1.0000000000000009 11
14 2.7089655583537255 2.504244959490859 0.07236969994846731
0.9999999999999997 11
15 2.5859169352182723 2.366144257329424 0.04847679997328669
0.9999999999999999 11
16 2.4834965547375343 2.2579430063655956 0.04699760000221431
0.9999999999999999 11
17 2.392230105085085 2.16837367746356 0.05064869998022914
1.0000000000000004 11
18 2.3168148338111 2.078925032487918 0.05302829999709502
0.9999999999999976 11
19 2.244504944096337 2.0059267561929923 0.053217300039250404
1.0000000000000002 11
20 2.187592139905377 1.9363610763566916 0.04895700002089143
1.0000000000000004 11
21 2.134655267772018 1.8905127393794823 0.055897100013680756
0.9999999999999987 11
22 2.090991851049459 1.8275987249274552 0.05683100002352148
1.0000000000000009 11
23 2.048326066009747 1.8025368268189066 0.055617299978621304
0.9999999999999989 11
24 2.0132185754683953 1.7518316974784864 0.05637960002059117
1.0000000000000004 11
25 1.978831546949754 1.734705353778972 0.04668690002290532
1.0000000000000009 11
26 1.9497863070332073 1.6896055544355477 0.05499400000553578
0.9999999999999994 11
27 1.9182079566503172 1.6773199156586416 0.05094089999329299
1.0 11
28 1.8933231587368122 1.6353033924372125 0.04803399997763336
0.9999999999999993 11
29 1.8692012756980125 1.6257480273026659 0.05539289995795116
0.9999999999999996 11
30 1.8493443128614704 1.5901215449667554 0.047015099960844964
1.0 11
31 1.8282921481268568 1.583417056431833 0.0512818000279367
1.0 11
32 1.810893214564635 1.5496546063370855 0.051032999996095896
1.000000000000001 11
33 1.7920321501523573 1.543794961680093 0.04738920001545921
1.0000000000000002 11
34 1.7761249924490912 1.5114661477960354 0.05528019997291267
1.0000000000000004 11
35 1.758695132597765 1.505627142450636 0.04789240000536665
1.0000000000000007 11
36 1.7428755269434566 1.4747648097743447 0.053160600014962256
1.0000000000000013 11
37 1.7255922157048529 1.4658355185451966 0.04781919997185469
1.0000000000000009 11
38 1.7113775517622665 1.4343826529226877 0.0528010000125505
1.0 11
39 1.6953059805862827 1.426871658873591 0.048647899995557964
0.9999999999999986 11
40 1.6815502949833459 1.3962628047900547 0.05040269996970892
1.0 11
41 1.665945124260481 1.387711843025359 0.05247370002325624
1.0000000000000016 11
42 1.651921108029934 1.3577899930055637 0.049035999982152134
1.0000000000000004 11
43 1.6362613081690505 1.3474658731821745 0.053836199978832155
0.9999999999999991 11
44 1.621580244520688 1.318137282498008 0.05225209996569902
1.0000000000000007 11
45 1.6055565809051817 1.3056758029359863 0.05606139998417348
0.9999999999999991 11
46 1.58995122697554 1.2770370593727223 0.05310540000209585
0.9999999999999991 11
47 1.5733155681965187 1.2619056731380573 0.0554190999828279
1.000000000000001 11
48 1.5565949647027253 1.2338242917797209 0.04819239996140823
0.9999999999999997 11
49 1.5391612753349568 1.2155633068395455 0.05175270000472665
0.9999999999999998 11
50 1.5212428535857851 1.1880632152140618 0.05383119999896735
1.0000000000000004 11
51 1.5029363792842796 1.1661015951199818 0.05667449999600649
1.000000000000001 11
52 1.4838461258858968 1.1396130289194657 0.0637661999789998
1.0000000000000009 11
53 1.464719097804599 1.1133353690737764 0.053258300002198666
1.0000000000000004 11
54 1.444608416425216 1.0884836941051637 0.0696855999995023
0.9999999999999991 11
55 1.4248587244086592 1.0577732607106096 0.05082749994471669
1.0000000000000002 11
56 1.4040350538741477 1.0350400575963157 0.053658800025004894
0.9999999999999988 11
57 1.3839925067898218 1.000632729571646 0.051197700027842075
0.9999999999999999 11
58 1.362944753387947 0.9802041323885207 0.05608419998316094
1.0000000000000002 11
59 1.3430840252183476 0.9439936403864023 0.05493060004664585
1.0 11
60 1.3225697107080385 0.9255525370039199 0.049339700024574995
0.9999999999999983 11
61 1.3034472878890564 0.8901999263057753 0.04994910000823438
0.9999999999999996 11
62 1.2841136016128285 0.8731533608197769 0.0480293000000529
1.0000000000000002 11
63 1.2658705662067664 0.839644401664686 0.047421200026292354
0.9999999999999997 11
64 1.2476983846119154 0.8239815299396666 0.05424149997998029
0.9999999999999993 11
65 1.2303468535122015 0.792792756758792 0.04727689997525886
0.9999999999999998 11
66 1.2132599622199483 0.7778605378636497 0.05240179999964312
0.9999999999999987 11
67 1.195628263286325 0.7501446511939762 0.057439500000327826
0.9999999999999992 11
68 1.1785087121139555 0.731764001434035 0.05390330002410337
1.000000000000001 11
69 1.160102522523517 0.6980150438075818 0.04786940000485629
1.0 11
70 1.1430087380268512 0.6855319678807716 0.053298400016501546
1.0000000000000002 11
71 1.1296656338775355 0.6630211897495315 0.0469563000369817
1.000000000000001 11
72 1.1168960380784858 0.6514907441074935 0.049274299992248416
1.0 11
73 1.1049215299372936 0.6325532601959324 0.05036120000295341
1.0 11
74 1.093413771539741 0.6213786686295386 0.05444630002602935
1.0000000000000002 11
75 1.0825654708836063 0.6049321961640973 0.05604719999246299
0.9999999999999997 11
76 1.0721319766209527 0.5940644533314201 0.05528049997519702
0.9999999999999997 11
77 1.0622777237040757 0.5799649659459126 0.05193310003960505
1.0000000000000002 11
78 1.0527824394443044 0.5695374837204449 0.05305940000107512
1.0000000000000004 11
79 1.0438007302855483 0.5572611273647874 0.049867100024130195
0.9999999999999994 11
80 1.0349943580585323 0.5472526859813441 0.053388700005598366
0.9999999999999994 11
81 1.026641345817191 0.5363297545607928 0.05236480000894517
1.000000000000002 11
82 1.010902924613451 0.5138441694426791 0.047725000011269
1.0000000000000013 11
83 0.9983926037435958 0.5038054191899768 0.056875100010074675
1.0000000000000004 11
84 0.9915420605178553 0.49365215031370147 0.05284270003903657
1.0000000000000009 11
85 0.9851275008613866 0.48725590193926954 0.052956400031689554
1.0000000000000002 11
86 0.9791163073375138 0.47803869129249504 0.052302800002507865
1.0000000000000018 11
87 0.9733874203463382 0.47268877787210645 0.04854589997557923
1.0000000000000004 11
88 0.9679175661483039 0.4638753780770183 0.046998599951621145
0.9999999999999984 11
89 0.9626558183903581 0.4593576327482135 0.054704500013031065
0.9999999999999996 11
90 0.9575866080793265 0.4509753236705567 0.07978149998234585
1.0000000000000009 11
91 0.9526550343982304 0.4468799751202808 0.051806500006932765
92 0.05281108043361556
-------------------------------------------------END------------------------------------------------------
10
------------------------------------Randomized only---------------------------------------------------
388.687710999321 393.02313884465156
0.9903325010480508 10
0 359.8949994705799 364.83259720648164 0.025120300007984042
0.9918511377130845 10
1 318.7015383526245 323.69854517917054 0.024675599997863173
0.9913948664181396 10
2 273.7217674914376 280.52346341302456 0.03291810001246631
0.9677636931860789 10
0.9990946983427706 40
3 226.75090746108717 237.9324678974811 0.05106660001911223
0.75256346183739 10
0.9941025202754059 40
4 153.78105507041676 164.66934427363023 0.058448700001463294
0.7851781311615347 10
0.9859133340458656 40
0.995423347660767 70
5 99.53016115835649 107.32875963121649 0.11082250002073124
0.7780043824578226 10
0.9585999783509804 40
0.9861804572092235 70
0.9940863841638042 100
6 62.674606255891895 65.47719548986547 0.1595145000028424
0.8047410122936358 10
0.9381117479705046 40
0.98514058063208 70
0.9906208472297939 100
7 38.10087350457122 39.07243358091382 0.1595507999882102
0.718010157979929 10
0.8766576042685721 40
0.9579830271226301 70
0.9718121761391929 100
1.0000000000000002 103
8 19.253600685177027 21.33200234946744 0.17733839998254552
0.7284856440818741 10
0.9208850315495519 40
0.964052946981217 70
0.9756037591881197 100
0.9999999999999994 103
9 11.037713542115913 11.877131622955249 0.17348639998817816
0.8738274166901717 10
0.9601228550037181 40
0.987929769698732 70
0.9923644732513577 100
10 7.710848942830347 8.083147606918946 0.15617630002088845
0.8877507052891154 10
0.953103581001984 40
0.9671457677810669 70
0.9716981233910075 100
1.0000000000000002 103
11 5.43588279425718 5.631646387107413 0.18656080000801012
0.7528877304795596 10
0.9480993942147771 40
0.9762029436937733 70
0.9828556326593793 100
0.9999999999999998 103
12 4.145775509500672 3.9628742750071746 0.16079029999673367
0.7781371790698892 10
0.9586179795130283 40
0.971118116129403 70
0.9757928514851202 100
1.0 103
13 3.450791775857008 3.3320247828443272 0.1633725999854505
0.46962051591997545 10
0.7499904373102148 40
0.8033573982944352 70
0.8261898555539814 100
0.9999999999999999 103
14 3.0505526343831515 2.814475017881816 0.17422879999503493
0.3003605770016153 10
0.649284000148149 40
0.7051907093802792 70
0.7413088655780792 100
1.0 103
15 2.757655425675468 2.573536797951395 0.17113869998138398
0.4852090710456685 10
0.706183959947538 40
0.731317496843636 70
0.7464902668831206 100
0.9999999999999999 103
16 2.53287983749331 2.2622200998466115 0.16569240001263097
0.7757409726115978 10
0.8825418396839944 40
0.8934291830540879 70
0.9016330087319635 100
1.0 103
17 2.3505427673187094 2.134605274506401 0.17408709996379912
0.48219167612717406 10
0.6393776514871063 40
0.6672235749681348 70
0.6787787411898236 100
1.0 103
18 2.2002006881484966 1.9303764835139545 0.16765870002564043
0.8223607471491243 10
0.8995233345118309 40
0.9101336702219688 70
0.9165407142277728 100
0.9999999999999997 103
19 2.0739962228577453 1.8593881846677014 0.16574369999580085
0.6102914067699208 10
0.683343934262008 40
0.706693663434042 70
0.7156305630704318 100
1.0000000000000002 103
20 1.9716779523093213 1.6913350738965431 0.17578039999352768
0.7643860042611479 10
0.880838981568291 40
0.8897088695452265 70
0.8965966112392051 100
1.0 103
21 1.8870933025958199 1.648609859759615 0.1690080999978818
0.8247197210424764 10
0.861394791364122 40
0.8707334479430876 70
0.8741501614531908 100
0.9999999999999994 103
22 1.8179136155101159 1.539639142141439 0.18841399997472763
0.7080044690610907 10
0.8152969916126905 40
0.8236468800227696 70
0.8306328852001471 100
0.9999999999999996 103
23 1.7577941193510342 1.4906180851384028 0.19640149996848777
0.7586680087909093 10
0.8141440829882294 40
0.8255778491947503 70
0.829890275398592 100
1.0000000000000002 103
24 1.7068689787815035 1.4159469092705177 0.16965449997223914
0.7296338622870696 10
0.8125823908494495 40
0.8183856752407425 70
0.8247258292496145 100
1.0000000000000002 103
25 1.6615090294679022 1.3755785172355264 0.17081889999099076
0.7340938072933559 10
0.7876802127914979 40
0.7981865629142005 70
0.8023192065009074 100
0.9999999999999991 103
26 1.6213326426745798 1.313311628342636 0.17397579998942092
0.7331825068314518 10
0.7985398044330433 40
0.8024916742934374 70
0.8089332237776897 100
0.9999999999999998 103
27 1.5847606588623162 1.2866618074460971 0.16301559994462878
0.8080712764067347 10
0.8482878170780174 40
0.8538153999440486 70
0.8561981763415264 100
1.0000000000000002 103
28 1.5504605902134891 1.2291016802669104 0.16154960001586005
0.5516912195446754 10
0.6731150016291904 40
0.6773873212652319 70
0.6850421314629007 100
0.9999999999999994 103
29 1.518869635265924 1.210102592437649 0.15954389999387786
0.7734499642633469 10
0.8279794767690621 40
0.8318090266122994 70
0.834029300228497 100
1.0 103
30 1.4886533023211683 1.155911055703755 0.16995750000933185
0.35976648280961276 10
0.5404316023814262 40
0.5458013302899867 70
0.5535828743547289 100
1.0000000000000002 103
31 1.4605285756362485 1.139537842264801 0.16242359997704625
0.7617706534703838 10
0.8251903402170169 40
0.8272737994916822 70
0.8292957525856974 100
0.9999999999999997 103
32 1.4334824344241006 1.0914588868771282 0.17191419994924217
0.442837948922706 10
0.5697766515998824 40
0.5755743564938175 70
0.5814094557690987 100
0.9999999999999996 103
33 1.407784137101387 1.073121768164632 0.16672219999600202
0.7681221896226712 10
0.8286035913730779 40
0.8304065526708758 70
0.8326465482227295 100
0.9999999999999999 103
34 1.3827874483807885 1.0320443894354223 0.16914850001921877
0.591012627982251 10
0.6664436855688897 40
0.6724166107842744 70
0.6763050218935011 100
1.0000000000000002 103
35 1.3585391687422559 1.0100210018530773 0.16658039996400476
0.7603958247990609 10
0.8190182751800879 40
0.8214813436635041 70
0.8241070267055745 100
1.0 103
36 1.3348158011407565 0.9737874820861065 0.17149280000012368
0.6092486495010216 10
0.678445373589244 40
0.6858096270742904 70
0.6888712104892138 100
1.0000000000000002 103
37 1.3117475586703102 0.9495645809438468 0.1724104000022635
0.7641657709697188 10
0.8161356320674704 40
0.8191943878231933 70
0.8215737648776927 100
0.9999999999999998 103
38 1.2893171695815566 0.9166651117395702 0.1648323999834247
0.5327418807573735 10
0.6133304329514137 40
0.6232176144294005 70
0.6264004516840448 100
0.9999999999999996 103
39 1.2677315926085442 0.8927951262789693 0.16273700003512204
0.7888305759509291 10
0.8273067022947326 40
0.8305851686393313 70
0.8322560317945912 100
1.0000000000000004 103
40 1.2467790404966432 0.8626775074860591 0.1698778999852948
0.469328946358051 10
0.5599467999759234 40
0.5709417013344564 70
0.5750155204626635 100
0.9999999999999998 103
41 1.226784026475465 0.8411874182416519 0.20060809998540208
0.8022182376607315 10
0.8317806171422106 40
0.83514239290696 70
0.8363510142639431 100
1.0000000000000007 103
42 1.207116498701765 0.8127464962489767 0.1701697999960743
0.43962813388229754 10
0.5408381905745454 40
0.5510277951286578 70
0.5563350701288587 100
1.0000000000000002 103
43 1.1883322554909879 0.7942260302189216 0.18201099999714643
0.7648743081422696 10
0.7964658083748103 40
0.8004134837042173 70
0.8016779558875627 100
0.9999999999999998 103
44 1.169493606955184 0.7661394589304876 0.1715039000264369
0.4066055052755822 10
0.5232051903364892 40
0.5329299373946453 70
0.5393304481888005 100
1.0000000000000004 103
45 1.1512931058018465 0.7498868160937564 0.17003909999039024
0.6805168528517527 10
0.7236296946043658 40
0.7287968458029269 70
0.7305414696211149 100
0.9999999999999994 103
46 1.1327910852242828 0.7214982683705518 0.16654010000638664
0.40173621878330534 10
0.5262649230076705 40
0.5363988413137024 70
0.5430579421381574 100
1.0000000000000002 103
47 1.1145888725410293 0.7062144945438759 0.1844355000066571
0.6307338824421553 10
0.6832017663486772 40
0.6889340852302508 70
0.6910362026621159 100
0.9999999999999997 103
48 1.0960699425757467 0.6773964722580352 0.16489900002488866
0.44385766117603 10
0.5593479126570958 40
0.5698037771394646 70
0.5757142096957797 100
1.0000000000000004 103
49 1.0776488754928895 0.6619949295888565 0.16701950004789978
0.6723425875008363 10
0.7197417227487877 40
0.724469252911852 70
0.7263457818148256 100
1.0000000000000002 103
50 1.0591524315977603 0.6327959342155017 0.18342660000780597
0.5019828200278951 10
0.5959298079247882 40
0.6057192358738798 70
0.6104597885594024 100
0.9999999999999993 103
51 1.040984441936232 0.6172308820506263 0.17362439999124035
0.7080382695170064 10
0.7447375671445028 40
0.7485171669632983 70
0.750029258926481 100
1.0 103
52 1.023170691409559 0.5880744095153247 0.18264129996532574
0.5101711825605384 10
0.5835161802043458 40
0.5919302093015868 70
0.595634570951315 100
0.9999999999999997 103
53 1.0062468285378467 0.5736059048220931 0.17987619998166338
0.6511458671590982 10
0.6807310287183642 40
0.6845914022324194 70
0.6860424710165557 100
1.0000000000000002 103
54 0.9900199458082724 0.5456021562893764 0.19320879998849705
0.4275205602465736 10
0.48444409046435083 40
0.49181808218496714 70
0.49458952048003246 100
1.0 103
55 0.9748422746060045 0.5330745278289738 0.2115821000188589
0.5441540591529946 10
0.5716827822389301 40
0.5756403154331653 70
0.5775550774250214 100
1.0 103
56 0.9603229080124173 0.5070356005692543 0.19328140001744032
0.28806899086003657 10
0.3291943075771155 40
0.33730237171214744 70
0.3397230692397291 100
1.0000000000000002 103
57 0.9466084162256737 0.49553766749846245 0.1820327000459656
0.49449036396372925 10
0.5190990913262988 40
0.5225156876678683 70
0.5247498481098974 100
0.9999999999999992 103
58 0.9334228322955851 0.4715940475551333 0.1991093999822624
0.18524843451882705 10
0.2152076623201713 40
0.22380407338535058 70
0.226349998972679 100
0.9999999999999993 103
59 0.9209215899927689 0.46026434638648467 0.19187380000948906
0.4361965308689209 10
0.4552008213632504 40
0.45815857071895244 70
0.46048482651366207 100
1.0000000000000002 103
60 0.9088882355545745 0.4386481071057918 0.17990119999740273
0.15491291358625406 10
0.17957228388235805 40
0.1875044428666251 70
0.19013954645093037 100
1.0000000000000007 103
61 0.8974989040820174 0.42726601326877367 0.19407600001432002
0.32696826043067884 10
0.34112154890454083 40
0.34387410764142656 70
0.3462925946883234 100
0.9999999999999998 103
62 0.8865424205264603 0.4081427087238623 0.19224550004582852
0.154551882210575 10
0.17835430864046117 40
0.18538101486121455 70
0.18804690504270674 100
0.9999999999999991 103
63 0.8762025575614063 0.39678761189911155 0.19627310003852472
0.19603237338151303 10
0.20710367425444487 40
0.20978536319693106 70
0.21224864130798324 100
0.9999999999999998 103
64 0.8662645308217441 0.3801343591610152 0.18174359999829903
0.15436363048179452 10
0.1790341619968145 40
0.18538619996103609 70
0.18810841026319924 100
0.9999999999999997 103
65 0.8569138443885982 0.36899873278633927 0.17323910002596676
0.1103266575181567 10
0.11970320162657222 40
0.1223015849925216 70
0.12463925071766031 100
0.9999999999999997 103
66 0.8479351494701627 0.3546384649814638 0.19201840000459924
0.15076622203750892 10
0.17548270527238094 40
0.1813900198989501 70
0.18420901973413156 100
1.0000000000000002 103
67 0.8395040670921601 0.3439397067105202 0.17707039997912943
0.09764908000665133 10
0.10607917962725094 40
0.1085030267273344 70
0.11057636464007298 100
0.999999999999999 103
68 0.8314161796871813 0.3315888631586615 0.19015889998991042
0.14643305208943966 10
0.1692862154364478 40
0.17485557066559437 70
0.17777625707023084 100
1.0 103
69 0.8238224879172205 0.3215195182327145 0.1891436000005342
0.12280361043927429 10
0.1307272709544286 40
0.13291979819805633 70
0.1347380620224757 100
1.0000000000000002 103
70 0.8165424301897407 0.3108298074054849 0.17194249999010935
0.14158372153068682 10
0.16116919653709724 40
0.16641213987364825 70
0.16939330840802969 100
0.999999999999999 103
71 0.8096942008065038 0.30153066130565176 0.1910857000038959
0.145747833815962 10
0.153504007197742 40
0.15547979515296267 70
0.15714258357430605 100
1.0000000000000007 103
72 0.8031281350835965 0.2921400818787756 0.1886831999872811
0.1364501375920093 10
0.1525858924795437 40
0.1574678101401366 70
0.16043854384784495 100
0.9999999999999993 103
73 0.7969318119440466 0.2836880286966993 0.1710702000418678
0.15253794919470876 10
0.1602680856279596 40
0.162077887295492 70
0.16368324238043355 100
1.0000000000000004 103
74 0.7909864733701188 0.2752797233836885 0.1881400000420399
0.13420956797567707 10
0.14761065300340045 40
0.15207715912341402 70
0.15495748286795538 100
0.9999999999999994 103
75 0.7853566392401573 0.2676872358327903 0.1934317999985069
0.14659254129278607 10
0.15419120683261056 40
0.15588473697031682 70
0.15748874320535083 100
1.0000000000000004 103
76 0.7799509574832879 0.26003114023243595 0.1790587999857962
0.13918332972044234 10
0.15074362448250245 40
0.15473548057087785 70
0.15745102517021412 100
1.0000000000000007 103
77 0.7748167052279206 0.2532552045509434 0.18196150002768263
0.13374057721462537 10
0.14099608472552608 40
0.14260854335941026 70
0.14423117677507463 100
0.9999999999999997 103
78 0.769886525011328 0.2462155280884312 0.1841978000011295
79 0.16731613291179925
-------------------------------------------------END------------------------------------------------------
------------------------------------Krylov only---------------------------------------------------
388.687710999321 393.02313884465156
1.0 11
0 358.40864591657464 362.3959513887318 0.06791819998761639
1.0 11
1 313.3027745991161 317.284666090327 0.05308340000919998
0.9999999999999992 11
2 239.42910151466342 251.40520055208265 0.053166600002441555
0.9999999999999998 11
3 175.67455463446063 181.58354684657021 0.055983200029004365
1.0000000000000004 11
4 73.41959738508493 77.94915640351832 0.05058659997303039
1.0000000000000002 11
5 26.683187695226184 26.588368854785468 0.05055250000441447
1.0000000000000004 11
6 10.150734777844514 10.41666724568183 0.05145870003616437
1.0000000000000018 11
7 5.464646133786052 5.410718452961692 0.05456350004533306
0.9999999999999998 11
8 4.130717512061343 3.955509656960029 0.048590000020340085
0.9999999999999999 11
9 3.453103361830239 3.1492848988375926 0.05758429999696091
0.9999999999999997 11
10 3.0663459214366986 2.7391694219538256 0.0486127000185661
0.9999999999999987 11
11 2.8036738493099307 2.446575988880745 0.05321000004187226
1.0 11
12 2.5847824010953366 2.2024791148974896 0.04838449996896088
0.9999999999999994 11
13 2.4058988056246786 2.008095621394863 0.054636300017591566
0.9999999999999998 11
14 2.254639288510914 1.854294676311223 0.05354180000722408
0.9999999999999998 11
15 2.1181297640011287 1.7133233949861082 0.04873999999836087
0.9999999999999994 11
16 1.9977557967851618 1.5518289324452976 0.05287230003159493
1.0000000000000007 11
17 1.9009961920721354 1.4760455493935134 0.05158230004599318
1.0000000000000013 11
18 1.8113389170249385 1.3381085912262947 0.04766490001929924
1.0000000000000007 11
19 1.7331322318770108 1.293628404898605 0.050107099988963455
1.0000000000000009 11
20 1.6613761675749135 1.1766707114227721 0.0500577999628149
0.9999999999999982 11
21 1.5934358377286706 1.1373385206813134 0.05605700000887737
0.9999999999999996 11
22 1.5310293211487036 1.0348348925811075 0.05225010000867769
1.0000000000000004 11
23 1.4374320160634269 0.9762298338262319 0.05259829998249188
0.999999999999998 11
24 1.372714172320348 0.8673502323029068 0.05323850002605468
0.9999999999999996 11
25 1.327700045560401 0.8512146629953595 0.04916359996423125
0.9999999999999993 11
26 1.2904316586106357 0.7800016319428378 0.050231400004122406
1.0000000000000004 11
27 1.2626758162427782 0.7767875216807163 0.0557797999936156
1.0 11
28 1.23801433518655 0.7223722591247627 0.046782199991866946
1.0000000000000004 11
29 1.2169253938767803 0.7188381285319945 0.05505309998989105
0.9999999999999999 11
30 1.1975733041274785 0.677737270764008 0.05082960001891479
1.0000000000000009 11
31 1.180443020778326 0.674732614828895 0.050129499984905124
1.0000000000000004 11
32 1.1640227893836428 0.6405538539345871 0.05075659998692572
0.9999999999999997 11
33 1.1490874227804224 0.6367122821947566 0.056804099993314594
1.0000000000000002 11
34 1.133904828728304 0.6067074912263191 0.07150339998770505
1.0000000000000002 11
35 1.1199578733368962 0.6023939873589509 0.050888099998701364
0.9999999999999983 11
36 1.1067850691164813 0.575840932217089 0.047982599993702024
1.0000000000000007 11
37 1.0947174046736865 0.5726765636051644 0.05474230000982061
1.0000000000000004 11
38 1.083209689469469 0.5480478172910339 0.04903339996235445
1.0000000000000002 11
39 1.0723190027408354 0.5471116047598781 0.04889480001293123
1.0000000000000009 11
40 1.0616215307860035 0.523432371499074 0.05063339998014271
0.9999999999999996 11
41 1.0513608356358455 0.5236619004774186 0.050388699979521334
0.9999999999999988 11
42 1.0409927325670885 0.4996018534146858 0.051122000033501536
0.9999999999999991 11
43 1.0312239347816332 0.5005829710655525 0.05962559999898076
0.9999999999999996 11
44 1.0210237609074821 0.47793381600601637 0.07010519999312237
1.0000000000000007 11
45 1.0114319843032678 0.47893687876208163 0.0620272999512963
0.9999999999999994 11
46 1.0021618011001898 0.4539612734518115 0.057294199999887496
1.0000000000000002 11
47 0.9934428326817748 0.4577329243948 0.05627410003216937
1.0000000000000002 11
48 0.9852108902558084 0.43934152459737436 0.05533040000591427
0.9999999999999996 11
49 0.9773895322875882 0.4402705791937507 0.0511005999869667
1.0 11
50 0.9696970209056995 0.4217254458426384 0.0469124999945052
0.9999999999999996 11
51 0.9622886179023099 0.42349789255601744 0.04829619999509305
1.0 11
52 0.9549568104106678 0.40668355050863075 0.049154400010593235
1.000000000000001 11
53 0.9478975729797945 0.4072518864783133 0.05564140004571527
0.9999999999999994 11
54 0.940989421064771 0.3912227257878986 0.050604799995198846
1.0000000000000002 11
55 0.9343382111651164 0.3920242712551205 0.047502500005066395
1.0000000000000007 11
56 0.9281129183235968 0.37765914617111424 0.051800699962768704
1.0000000000000002 11
57 0.9221080777501124 0.37840244968530795 0.055332699965219945
0.9999999999999998 11
58 0.9162525885614483 0.3646380257762297 0.04696730000432581
1.0 11
59 0.9105930165089492 0.3653054812244832 0.05430239997804165
1.0000000000000002 11
60 0.905025019974263 0.35304509630159503 0.05385059997206554
0.999999999999999 11
61 0.8996696254816021 0.3532956536267338 0.05009760003304109
1.0000000000000029 11
62 0.8943325383642965 0.3404496672736408 0.048489200009498745
1.0000000000000004 11
63 0.889217733762863 0.3410890417630401 0.04709700000239536
1.0 11
64 0.8841986948972722 0.33133716813194575 0.04940900002839044
1.0 11
65 0.8793679575485105 0.33009218308255217 0.05430369998794049
66 0.052716342425397175
-------------------------------------------------END------------------------------------------------------
11
------------------------------------Randomized only---------------------------------------------------
388.98956053963417 394.9602662922025
0.9891427709832267 10
0.9995819376208672 40
0 358.2415197142893 364.83151010557197 0.05911460000788793
0.9895749963721497 10
0.9995069252052758 40
1 315.4858366121024 321.8406909422854 0.0521689000306651
0.9939069558839989 10
2 270.97953082896424 278.5394086438657 0.023486699967179447
0.9886929001727264 10
0.9989287340815612 40
3 230.20289321691422 241.21126344526942 0.06158889998914674
0.9483050651588221 10
0.9890524050927414 40
0.9976070535305815 70
4 174.55027938329462 177.9913148068199 0.10820630000671372
0.9125331219190632 10
0.9852134475300763 40
0.9953213233108125 70
5 80.66991931704028 82.4220587675856 0.10581930004991591
0.6447025342608353 10
0.9446917864237396 40
0.9729184974727835 70
0.9865697508637222 100
0.9999999999999999 103
6 40.70458825906261 41.682864869656065 0.168542500003241
0.6434556669510852 10
0.9185328956661679 40
0.9447000806331162 70
0.9699716394012056 100
1.0000000000000004 103
7 30.150678832308458 32.09447246358851 0.1730189000372775
0.9619169294266957 10
0.9971633811872416 40
8 17.810998748181486 18.74818539618659 0.058399600035045296
0.6326394152110908 10
0.7484231739145315 40
0.858750174760391 70
0.896045975663953 100
1.0 103
9 12.826060084440746 12.82188411785822 0.1758329999865964
0.9394795131520256 10
0.9922236079747588 40
10 10.055883199198984 10.22482491409408 0.04969429998891428
0.3824386828366747 10
0.5019217441579301 40
0.6914567792723679 70
0.7829297729601119 100
1.0000000000000004 103
11 8.721748694325427 8.546150892069232 0.16663430002517998
0.9705072032777411 10
0.9976696656147478 40
12 6.280488904562726 6.211152080505188 0.0526399000082165
0.8876239210208904 10
0.9147241967467429 40
0.952679126714353 70
0.9705899960869253 100
1.0000000000000009 103
13 4.759615839363926 4.305930876542523 0.17024760000640526
0.8957387524396117 10
0.9719471192915397 40
0.9765467963262529 70
0.9812117864999249 100
0.9999999999999992 103
14 3.8774350038990533 3.468739481404096 0.167996599979233
0.8683590277512395 10
0.9143818066941484 40
0.9282856286642643 70
0.9395102547374504 100
1.0000000000000004 103
15 3.3356483871606333 2.918205508887122 0.1746442000148818
0.8282176411101403 10
0.8639327157758301 40
0.8902835308420638 70
0.9007755593246457 100
0.9999999999999997 103
16 2.8994505087469515 2.497897353443295 0.16763810004340485
0.5953215545351602 10
0.7042249056129944 40
0.7546531861320197 70
0.7714030625425682 100
1.0000000000000002 103
17 2.562480488489246 2.0537288559574023 0.17052200000034645
0.7049402946430354 10
0.766007576794948 40
0.7994118949871272 70
0.8122686073509259 100
0.9999999999999996 103
18 2.2884052015044354 1.856920036548524 0.16843219997826964
0.5578662512492089 10
0.7042261921785136 40
0.7402511845468213 70
0.7510500014878875 100
0.9999999999999998 103
19 2.073474126054292 1.523564801738372 0.16274840000551194
0.816668298612932 10
0.9072461010591599 40
0.9214955566499353 70
0.9277397332527847 100
1.0000000000000007 103
20 1.886727226079488 1.4135801538632835 0.1677311999956146
0.8737889414433916 10
0.9247054702583514 40
0.9326554586639082 70
0.9358201103537971 100
0.9999999999999997 103
21 1.7492287939963354 1.2358927803138253 0.1571360999951139
0.8176014740386993 10
0.9163514439141551 40
0.9273694172938821 70
0.9320174609897551 100
1.0000000000000004 103
22 1.6310498224979173 1.1552857847990357 0.16949150001164526
0.8750985827889467 10
0.915786864966622 40
0.9226073968780717 70
0.9258457220125866 100
1.0000000000000009 103
23 1.5403585987704067 1.0437188406437703 0.20138650003354996
0.672337963825451 10
0.7980637151941533 40
0.8102402147745715 70
0.817391780278957 100
1.0 103
24 1.4648418623030128 0.9950947208945549 0.17466309998417273
0.6019577542846647 10
0.6590636226410733 40
0.676200729677831 70
0.6855837219012384 100
1.0000000000000002 103
25 1.4011724605608529 0.9171750734577049 0.17171520000556484
0.569962734890138 10
0.6762689678601309 40
0.6893961666204684 70
0.6976958996305915 100
0.9999999999999997 103
26 1.3474057637115906 0.8786936441855041 0.31970529997488484
0.47139600790293434 10
0.5138579704903209 40
0.5300827718014244 70
0.5423866176000447 100
0.9999999999999997 103
27 1.3007845801115487 0.8242123887254749 0.17048830003477633
0.5635286437287849 10
0.6345122557598385 40
0.6480513348762111 70
0.6553993305322845 100
1.0000000000000007 103
28 1.2603533191597573 0.789604867510762 0.16737310000462458
0.49881988154315304 10
0.5292542097779828 40
0.5415525423533606 70
0.5502930938116347 100
1.0000000000000002 103
29 1.2249699936957097 0.7499078786726024 0.17009829997550696
0.542545173308924 10
0.5967451087418802 40
0.6090054080709266 70
0.6149273698603207 100
1.0000000000000007 103
30 1.1933629614316292 0.7189169496704806 0.16746010002680123
0.43543995909446476 10
0.4586057974877425 40
0.4698739056603766 70
0.47655390875940823 100
1.0 103
31 1.1650743929923877 0.6883412739262028 0.17442619998473674
0.517634598674068 10
0.5652596842883773 40
0.5755772885617124 70
0.5802681594364751 100
0.9999999999999997 103
32 1.1393313202615183 0.6596235954780206 0.16427050001220778
0.38479580722867 10
0.4003628893429207 40
0.4096585166410539 70
0.41492798909394163 100
0.9999999999999999 103
33 1.1158025010654793 0.6357113402648791 0.17089309997390956
0.473446256265898 10
0.5194490307467939 40
0.5283343670016422 70
0.5321689848358286 100
1.0000000000000004 103
34 1.0941765290659904 0.6083964311418479 0.17306880000978708
0.3281555237007976 10
0.34284663894764916 40
0.3505213529937814 70
0.3548659514250062 100
1.0 103
35 1.0741101064051355 0.5894858581236814 0.1669728999841027
0.4238592776184476 10
0.4665969868371245 40
0.47439996235688664 70
0.4775852193725126 100
0.9999999999999996 103
36 1.0555285370464014 0.5635682393734319 0.17113650002283975
0.2598607640668718 10
0.27810309330912647 40
0.2848556830118054 70
0.2885623213419215 100
1.0000000000000007 103
37 1.038092429205599 0.5481228952867938 0.17097909998847172
0.3923415854720739 10
0.4287438230032885 40
0.4355294782583062 70
0.43819358174571094 100
1.0000000000000002 103
38 1.0218322281580887 0.5239519102066811 0.17080290004378185
0.20324600360251857 10
0.2253003464718133 40
0.23155421152446012 70
0.23477906402212856 100
0.9999999999999999 103
39 1.006448967265774 0.5107402980796807 0.16893760004313663
0.3604516266894055 10
0.3916154850174139 40
0.3976416129403901 70
0.4000565881241181 100
0.9999999999999999 103
40 0.9920280825593585 0.4886058066012943 0.1669724999810569
0.16300634587818488 10
0.18664296463691735 40
0.19271380964244447 70
0.19557570601939117 100
1.0000000000000002 103
41 0.9783126310412034 0.4768611056264691 0.17031000001588836
0.30786423754674963 10
0.33723103481695715 40
0.34276341592456666 70
0.34525447475058413 100
0.9999999999999997 103
42 0.9654266206116084 0.456832431457367 0.1632818999933079
0.1258875870522704 10
0.14827454245514823 40
0.15433780808525094 70
0.15697232796038196 100
0.9999999999999997 103
43 0.9531281797871681 0.44619454687400956 0.16856439999537542
0.24353124596683798 10
0.2733032178210395 40
0.27836977900578247 70
0.2811867575162788 100
0.9999999999999998 103
44 0.9415767799584442 0.4281489225251147 0.166885300015565
0.09160515631053665 10
0.10998649802682928 40
0.11594081850677312 70
0.11849285094351257 100
0.9999999999999998 103
45 0.930515380493424 0.418502121554562 0.163901399995666
0.18846526698755525 10
0.21790927487542858 40
0.22237197710129614 70
0.22560955528913632 100
0.9999999999999991 103
46 0.9201374196439392 0.4021985696761797 0.1692631000187248
0.06897869166138633 10
0.08169299251284824 40
0.08728652374614677 70
0.08989322153772933 100
0.9999999999999998 103
47 0.9101566452116123 0.3935235664117954 0.1606873000273481
0.1516314930461557 10
0.1782882004524648 40
0.1820549713673197 70
0.18563990443587974 100
1.000000000000001 103
48 0.9007941813675636 0.37867144063955577 0.16745750000700355
0.06320064552967453 10
0.07088215477109992 40
0.0759579210497767 70
0.07871817927272078 100
0.9999999999999997 103
49 0.8917427355275377 0.37094662141282264 0.1666366999852471
0.1286884807234458 10
0.15112987171145287 40
0.15424891264169124 70
0.1580133807267038 100
0.9999999999999989 103
50 0.8832413179271819 0.35727420756035977 0.17164120002416894
0.07284810500527694 10
0.07778279470614138 40
0.08234834351847599 70
0.08529666023207338 100
1.0000000000000002 103
51 0.874980003934326 0.3504319792518294 0.1746366000152193
0.11376649453063212 10
0.13250476094497557 40
0.13511489689698114 70
0.13888949297529696 100
0.9999999999999994 103
52 0.867205706479109 0.3377371597785302 0.15739240002585575
0.09552575467108511 10
0.09990070001338466 40
0.10402929832903629 70
0.10713686039564187 100
0.9999999999999998 103
53 0.8596188327667711 0.33166420039374594 0.17052179999882355
0.10578966333601915 10
0.12228540626035393 40
0.12453514526412136 70
0.12819082917445473 100
0.9999999999999998 103
54 0.8524667793542884 0.319826133386734 0.1742763999500312
0.1305126893561476 10
0.1356204282976725 40
0.1393683918068435 70
0.14256364132764224 100
0.9999999999999996 103
55 0.8454643463351927 0.3143819817371631 0.1674609999754466
0.10659970815256892 10
0.12230106923362483 40
0.12430910693952903 70
0.1277597913915612 100
0.9999999999999993 103
56 0.8388555308743544 0.3033445010933811 0.16519480000715703
0.17554422079055976 10
0.18193904851256562 40
0.18534183250696928 70
0.18853901573029477 100
1.0000000000000002 103
57 0.8323689630157208 0.2983808057161882 0.1708529000170529
0.11660753653356098 10
0.13259469445183864 40
0.13444785020426836 70
0.13764907074916816 100
1.0000000000000004 103
58 0.826243670772175 0.28812851416523433 0.17137840000214055
0.22516387589447673 10
0.23301261256572312 40
0.23611188501330674 70
0.23923702882781703 100
0.9999999999999993 103
59 0.8202204765478748 0.2835045031677428 0.16900319996057078
0.13304584728012187 10
0.14999083351536469 40
0.15175188159665604 70
0.1546996444535094 100
0.9999999999999999 103
60 0.8145326752118263 0.2740413166524154 0.16485199995804578
0.2725712387192465 10
0.2818924369190205 40
0.28475032665485017 70
0.28775495690389175 100
0.9999999999999996 103
61 0.8089318343374079 0.26963584965478127 0.16851009998936206
0.1512317696886426 10
0.16945004564169147 40
0.17116296778058734 70
0.1738858091942387 100
0.9999999999999999 103
62 0.8036448750255467 0.2609677199247286 0.16185489995405078
0.31221922238286726 10
0.32298853895429014 40
0.3256815880767939 70
0.3285427278732049 100
0.9999999999999997 103
63 0.7984330430914167 0.2566878111633345 0.17122389998985454
0.16676413825936878 10
0.18628762734098728 40
0.18798063852077018 70
0.19052578349068922 100
1.0000000000000007 103
64 0.7935162614552773 0.24881014738607343 0.16825250000692904
65 0.15687884307967928
-------------------------------------------------END------------------------------------------------------
------------------------------------Krylov only---------------------------------------------------
388.98956053963417 394.9602662922025
1.0 11
0 356.67017102370136 363.09347577509266 0.05461479997029528
0.9999999999999998 11
1 311.2527467154683 317.49511407039523 0.04845010000281036
1.0000000000000007 11
2 226.69451335379938 237.54201982987837 0.04803800000809133
1.0000000000000007 11
3 203.340443880228 212.99510744360992 0.06799220002721995
0.999999999999999 11
4 125.67832840899779 132.63901723900204 0.04790349997347221
0.9999999999999998 11
5 63.27803008703681 67.1449718841547 0.06267930002650246
1.0 11
6 27.364857546727343 29.499899469771762 0.046277400047983974
1.0000000000000016 11
7 11.407381065065628 11.713958225353942 0.05722950003109872
1.0000000000000007 11
8 7.101911612432625 7.239138641374846 0.050919100001920015
1.0000000000000004 11
9 5.092060883747929 5.260097256424851 0.0543020999757573
0.9999999999999993 11
10 4.197078701588499 4.00711768947139 0.05499149998649955
0.9999999999999993 11
11 3.7092723249133095 3.580207068063369 0.05379089998314157
1.0000000000000002 11
12 3.3050808275322474 3.048864667996294 0.054135699989274144
1.000000000000001 11
13 3.0128252217900853 2.7537819804166177 0.051618500030599535
1.0000000000000004 11
14 2.742081478910339 2.3670069180671645 0.05298949999269098
0.9999999999999991 11
15 2.5247514516393434 2.157008231144383 0.05665250000311062
0.9999999999999998 11
16 2.350475674543546 1.8697520763125108 0.054467500012833625
1.0000000000000004 11
17 2.204752228630288 1.7594104332668776 0.052087999996729195
1.0000000000000004 11
18 2.0921632912787023 1.5711807878155688 0.05269919999409467
1.000000000000001 11
19 1.998259070425733 1.525304404188711 0.05158099997788668
0.9999999999999994 11
20 1.9249412563241177 1.398029627048392 0.052129500021692365
0.9999999999999987 11
21 1.8613298779056404 1.3710523196136208 0.05475450004450977
0.9999999999999997 11
22 1.8083177329018607 1.2882841241798384 0.05195689998799935
1.0 11
23 1.7594973780627405 1.262296281680143 0.049730800034012645
1.0000000000000009 11
24 1.7165186953208755 1.19981671445194 0.056191999989096075
0.9999999999999998 11
25 1.675194485235794 1.173653242369531 0.060032300010789186
0.999999999999999 11
26 1.6380185259471565 1.1224536086223975 0.059888900024816394
0.9999999999999997 11
27 1.6001355090711789 1.0996424370737412 0.04894479998620227
1.0000000000000002 11
28 1.5652798588512193 1.0463961712932062 0.05322790000354871
1.0000000000000002 11
29 1.5319244083407475 1.0178631065868466 0.05132610001601279
0.9999999999999998 11
30 1.5005894188362197 0.9766299430338197 0.04761730000609532
1.0000000000000007 11
31 1.4696657350832723 0.9508898340766267 0.04598950000945479
1.0000000000000004 11
32 1.4402540382468565 0.9102881154336255 0.04997290001483634
1.0000000000000013 11
33 1.4106454637074435 0.8842056636363661 0.0510690999799408
0.9999999999999997 11
34 1.3696852275078195 0.8307804852040085 0.05692639999324456
1.0 11
35 1.335164119485197 0.8021624381989111 0.05423410004004836
1.0000000000000002 11
36 1.3077184650273066 0.7569643551046186 0.05935120000503957
1.0000000000000004 11
37 1.2810909113434779 0.7410886468772203 0.06768999999621883
1.0000000000000004 11
38 1.2563388811985543 0.7005695895424299 0.04892949998611584
0.999999999999999 11
39 1.2322377649658844 0.6866173651597818 0.05153860000427812
1.0000000000000002 11
40 1.2096716320644125 0.6495295769361067 0.04926749999867752
1.0000000000000002 11
41 1.1881400865897784 0.6386116611564996 0.050390299991704524
0.9999999999999996 11
42 1.1674402878961256 0.602820293849457 0.05165209999540821
1.0000000000000013 11
43 1.1477826559425734 0.5948818103278236 0.04703399998834357
1.0000000000000007 11
44 1.1286528392990858 0.5624555746003964 0.04911979997996241
1.0000000000000009 11
45 1.110528495336192 0.5562538231947571 0.05167279997840524
1.0000000000000007 11
46 1.0928711639842763 0.5235191735446573 0.055482199997641146
1.0000000000000004 11
47 1.0760469953956031 0.5189398494793696 0.05225329997483641
0.9999999999999994 11
48 1.05994632294461 0.489875052070843 0.0492519999970682
1.0 11
49 1.0444150794664555 0.4859451225413925 0.05431129998760298
1.0000000000000007 11
50 1.0296953094998604 0.45700047938086175 0.051118799950927496
1.0000000000000009 11
51 1.0153729369718767 0.4547808794081296 0.04933740000706166
0.9999999999999997 11
52 1.0018316028241847 0.4274353793984152 0.05403429997386411
1.0000000000000009 11
53 0.9888223058724841 0.42606417861979107 0.0517643999774009
1.0000000000000013 11
54 0.977652661198153 0.40137855808024686 0.05492309998953715
1.0000000000000002 11
55 0.9668792721580929 0.40188483984925416 0.05396430002292618
1.0000000000000004 11
56 0.9567547000782012 0.3793812045823527 0.05036270001437515
1.0000000000000009 11
57 0.9469237276705439 0.3801314295276073 0.05094210000243038
1.0000000000000007 11
58 0.9375344494748601 0.3591900902708903 0.055054199998266995
1.0000000000000016 11
59 0.928411935441476 0.3599086759226285 0.05590820003999397
1.0000000000000007 11
60 0.9196783149519553 0.34047111178438466 0.06671159999677911
0.9999999999999996 11
61 0.9113301524607638 0.34131626488115674 0.07560989999910817
1.0000000000000002 11
62 0.9033261226318664 0.3235172289542461 0.055954799987375736
1.0000000000000004 11
63 0.8957013590743093 0.3241741834246847 0.05119959998410195
1.0000000000000004 11
64 0.8883668688709926 0.30823859669899856 0.05143290001433343
0.9999999999999999 11
65 0.8813710445000855 0.3085496339654403 0.054874800029210746
1.0000000000000024 11
66 0.8746480789348392 0.29428880162944815 0.04829710000194609
1.000000000000001 11
67 0.8681983321842457 0.2943496466242229 0.04885560000548139
0.9999999999999996 11
68 0.8619754870096167 0.28157225117049106 0.050661400018725544
1.000000000000002 11
69 0.8560147297367825 0.2812802610682463 0.05418939999071881
1.0 11
70 0.8502473345011237 0.26989181394298956 0.0491700999555178
1.0000000000000007 11
71 0.8447228639034533 0.2692385556094555 0.049555999983567744
1.0000000000000002 11
72 0.8393583891827726 0.2591334823714266 0.0476630000048317
1.0000000000000004 11
73 0.834211212625213 0.25812614879044 0.04900069994619116
1.0000000000000004 11
74 0.829214491380829 0.24914884806522336 0.04941159998998046
75 0.05313807866613691
-------------------------------------------------END------------------------------------------------------
12
------------------------------------Randomized only---------------------------------------------------
366.3003370504106 363.3488172843476
0.9968458709214348 10
0 341.5561477860115 340.4014561223943 0.026080000039655715
0.9970309854401017 10
1 306.3995611657767 308.1334701433063 0.02895369997713715
0.9971490310799929 10
2 268.1554342854728 274.9285683750602 0.025526200013700873
0.9944427061881161 10
3 238.22171503278295 249.850223098136 0.029041899950243533
0.9827406983575255 10
0.9989612347611231 40
4 201.99119407007973 215.6396335397953 0.0951387999812141
0.8336980336695732 10
0.9630071022969469 40
0.9940048144901836 70
5 94.57774414069698 99.29180071472192 0.10749520000535995
0.749182266464223 10
0.9523854464245772 40
0.9840150782973612 70
0.9893755005834355 100
1.0000000000000002 103
6 46.637951344033766 47.92203431176768 0.16362099995603785
0.5008225396082101 10
0.8749336864515518 40
0.9468990066071694 70
0.9680839036257002 100
0.9999999999999999 103
7 27.641258606409632 30.095438311295677 0.1733890000032261
0.5048130292062128 10
0.9094908940933748 40
0.9505120476458127 70
0.9731685628718201 100
0.9999999999999998 103
8 16.524638278626465 17.88617720731577 0.16754799999762326
0.6622536834058907 10
0.8909099060548995 40
0.9271038963634094 70
0.9483800076839553 100
0.9999999999999996 103
9 10.842589224605463 11.845105060954053 0.1748286000220105
0.5386630173034728 10
0.8844962317556746 40
0.9188025264752685 70
0.944468353341774 100
0.9999999999999999 103
10 7.32253512140488 7.794446953436694 0.1686037000035867
0.7754530551417875 10
0.9551616798420238 40
0.9751612094445897 70
0.9827838523431691 100
0.9999999999999996 103
11 5.032259476216463 4.9589762766014625 0.18272939999587834
0.7425338921195064 10
0.9586582410730657 40
0.9704997580733712 70
0.9776982131884896 100
1.0000000000000002 103
12 3.849818974036598 3.585690904146046 0.16885319998255
0.9727851522003856 10
0.9869126508664101 40
0.9902669494725705 70
13 3.7136965678806066 3.4674355416907816 0.12512069998774678
0.12887941447696594 10
0.23465074004626107 40
0.25470065570299616 70
0.4528605941730246 100
1.0000000000000004 103
14 3.0674244035516445 2.5833826393424095 0.1699584000161849
0.8541248712985817 10
0.9582441408844841 40
0.9638797769956927 70
0.9702194250774268 100
1.0000000000000002 103
15 2.694628443251554 2.293532719727481 0.17406749998917803
0.6737944490944354 10
0.8077571559323078 40
0.8277622067011563 70
0.8387454848971935 100
0.9999999999999998 103
16 2.440029095857269 1.9516376806015694 0.1691387999453582
0.8670591330985105 10
0.929271837933443 40
0.9351998137989039 70
0.9396138977138231 100
0.999999999999999 103
17 2.2512655433126922 1.7896537881130552 0.16835100000025705
0.3354608557340021 10
0.4938709783586077 40
0.5238092055274319 70
0.5392686080537686 100
1.0000000000000004 103
18 2.095169129432001 1.5577928461310513 0.17559320002328604
0.8411906727496677 10
0.8819416474641997 40
0.8880288594403674 70
0.8926958055020026 100
1.0000000000000004 103
19 1.968604263011509 1.4763959970725464 0.19696380000095814
0.16899916059097464 10
0.3130533533840425 40
0.3492472609488393 70
0.36355078477329544 100
1.0000000000000004 103
20 1.8604453182109566 1.2965784002900265 0.1836211000336334
0.4586009799481921 10
0.5332472550231091 40
0.5510508207089675 70
0.5677879644872601 100
1.0000000000000002 103
21 1.772267612943941 1.2455987225728233 0.16599750000750646
0.30518588474560826 10
0.3777763720697484 40
0.41143832521547286 70
0.42060303632970863 100
0.9999999999999996 103
22 1.6926142631021546 1.1135809235897864 0.15534539998043329
0.2812495257511411 10
0.3494296713896755 40
0.37230044070046303 70
0.3913784531990419 100
1.0 103
23 1.62684953869286 1.0710396516461616 0.17281240003649145
0.297744507416025 10
0.36694743713002453 40
0.4035828119758976 70
0.4096767942571785 100
1.0000000000000004 103
24 1.5655217111630593 0.9803718879539306 0.17865459999302402
0.31263087974782916 10
0.36057841678951846 40
0.38320377218868634 70
0.39828919850928296 100
1.0000000000000004 103
25 1.512630359846797 0.9399998612590112 0.17853240005206317
0.2195437179683729 10
0.31098193877501223 40
0.35693601347466447 70
0.36422407162016274 100
0.9999999999999997 103
26 1.4616647883343565 0.8750852550376744 0.1798131000250578
0.2652990538137778 10
0.3093293156163395 40
0.32889975784771247 70
0.34303655297315555 100
0.9999999999999994 103
27 1.4165804576328367 0.838374531011395 0.16826060001039878
0.1808170990554212 10
0.29364499155826734 40
0.34363404566045763 70
0.352064565667546 100
1.0 103
28 1.3724801879303439 0.7857130965768109 0.16876729996874928
0.12535225920635693 10
0.1824714380628052 40
0.20183419536975597 70
0.21615997819915952 100
1.000000000000001 103
29 1.3332597152520584 0.7586868790009224 0.17889340000692755
0.2554473626650672 10
0.3935574924087233 40
0.4341888155901946 70
0.443396783179016 100
0.9999999999999994 103
30 1.2947583910618006 0.7069291596162395 0.16476060001878068
0.16259253707705087 10
0.24571593764158536 40
0.2665574345754969 70
0.2793607997102587 100
1.0000000000000002 103
31 1.2609394882638372 0.6935535647025771 0.1652802000171505
0.5354554499352031 10
0.6417245109142958 40
0.6627848823916209 70
0.6707514964799749 100
1.0000000000000002 103
32 1.2278109663209822 0.6401397107682903 0.1728550999541767
0.28229401000893456 10
0.37366764485229725 40
0.39337523277761427 70
0.4035693957826812 100
1.0000000000000004 103
33 1.1984556429932431 0.6350740564747784 0.17278329998953268
0.6500289760268381 10
0.735970150201085 40
0.7487513754277407 70
0.7554532807734301 100
1.0000000000000002 103
34 1.1695049984240442 0.5845756098226562 0.16979459999129176
0.4274714039719106 10
0.5234413932837442 40
0.5375567642014226 70
0.5449659952606468 100
0.9999999999999998 103
35 1.1431877534003416 0.5801305816793999 0.16800460004014894
0.6773921633489594 10
0.7605967160070437 40
0.7717789700879345 70
0.7778605556070137 100
1.0000000000000004 103
36 1.117446180452351 0.534410302037142 0.16526679997332394
0.4781379675561587 10
0.5788278234638594 40
0.5906628558785461 70
0.5973669579076775 100
0.9999999999999997 103
37 1.093908938932689 0.5298806280842514 0.1665760999894701
0.719058145102527 10
0.7855051883535038 40
0.7947161555356246 70
0.7996213931351646 100
1.0000000000000002 103
38 1.0714432649900745 0.4897012211070829 0.16554199997335672
0.4097511872564104 10
0.5041591815791762 40
0.5164733378548153 70
0.5237353573190884 100
1.0000000000000002 103
39 1.0511224414152478 0.4863897969069691 0.16257009998662397
0.7257355386706716 10
0.7673411291010336 40
0.7747617195632909 70
0.7790897365879046 100
1.0 103
40 1.0323635147481076 0.4526026470850556 0.1889460000093095
0.2613549980097336 10
0.32642696878285804 40
0.33939186825010637 70
0.3476417539591102 100
1.0 103
41 1.0155534480090376 0.4504459305534723 0.1951450000051409
0.6629648642826157 10
0.687982123258064 40
0.6948679550894569 70
0.6993892963040724 100
1.0000000000000004 103
42 1.0002799452789357 0.4230244879596855 0.18599689996335655
0.20848733032585023 10
0.26080019300162627 40
0.2703918633140568 70
0.2775535207057485 100
0.9999999999999997 103
43 0.9865133238557366 0.42139302806649015 0.19267519999993965
0.5480327179025615 10
0.58421222883511 40
0.5911082553439133 70
0.595986283623562 100
0.9999999999999994 103
44 0.9737636655217929 0.39885163084849035 0.18900899996515363
0.2465236373050889 10
0.31530754623256374 40
0.3225342137414893 70
0.32778239364940587 100
0.9999999999999988 103
45 0.962036461968243 0.39739256930127603 0.16501750005409122
0.4924953770074035 10
0.5482245122819499 40
0.5546811982921409 70
0.5593814999184343 100
0.9999999999999996 103
46 0.950934067553253 0.37799718064717064 0.16777599998749793
0.3168596478998611 10
0.39312108090022413 40
0.40034749723035046 70
0.4043588387005009 100
1.0 103
47 0.9405644534280132 0.3766937191566519 0.16655600001104176
0.5023681486174898 10
0.5707607818278831 40
0.5767638648112744 70
0.581006900311325 100
0.9999999999999998 103
48 0.9306459313654037 0.359587633856892 0.16088310000486672
0.3864976189954704 10
0.46320081675607794 40
0.4710678156398635 70
0.4742565085060019 100
1.0000000000000009 103
49 0.9212976822863231 0.35830151267188287 0.16126429999712855
0.5350532164151541 10
0.6117021982908 40
0.617263508237368 70
0.6210075424369879 100
0.9999999999999996 103
50 0.9123048659340948 0.34317627552272095 0.16304720001062378
0.4450841737709609 10
0.5196927435062768 40
0.5283299254986987 70
0.530929705629198 100
0.9999999999999997 103
51 0.9037785322360338 0.3417142058359798 0.173326599993743
0.5730181720256907 10
0.6535074712806188 40
0.6585969233952201 70
0.6618371498713543 100
0.9999999999999998 103
52 0.8955465251237525 0.32840981039727773 0.16284649999579415
0.4890854095051924 10
0.5602867381160784 40
0.5696153759694865 70
0.5718347364389242 100
1.0 103
53 0.8877081917860009 0.32665126163594155 0.16772670001955703
0.6061415069975753 10
0.6862462370150716 40
0.6909081773625808 70
0.6936899303255798 100
1.0000000000000004 103
54 0.8801276180081735 0.3150088490248243 0.17478800000390038
0.5160589080708388 10
0.5831285061925556 40
0.5928999834580302 70
0.5949371234793028 100
1.0 103
55 0.872886208027059 0.3129056471283684 0.18820949998917058
0.6290794837361683 10
0.7056234376818663 40
0.7099468296978201 70
0.7123397319980944 100
0.9999999999999996 103
56 0.86588252430588 0.3027571128181115 0.16922280000289902
0.523929528395974 10
0.5863161004522524 40
0.5961604895035088 70
0.598172120071587 100
0.9999999999999994 103
57 0.859176259313233 0.30028725169001963 0.1681271999841556
0.6420074313734185 10
0.7124595119780657 40
0.7164644568771841 70
0.7185205003813986 100
1.0000000000000002 103
58 0.852694783686561 0.29147897010214274 0.1619712000247091
0.5100974439041251 10
0.5668849651969166 40
0.5763910844730624 70
0.578475722548843 100
0.9999999999999997 103
59 0.8464794717455703 0.28862541234817124 0.18524459999753162
0.6451720578742182 10
0.7075846682607455 40
0.7111957926285375 70
0.7129617795050369 100
1.0000000000000002 103
60 0.8404757205125876 0.28102568375114073 0.1885037999600172
0.46799765960347495 10
0.5180791362290306 40
0.5269212713358941 70
0.5291398900906834 100
0.9999999999999997 103
61 0.8347155490483583 0.277782501546238 0.16248300002189353
0.632290293398174 10
0.6861468556611914 40
0.6893043101834182 70
0.6908713321484419 100
1.0000000000000007 103
62 0.8291504130869657 0.27126973645489694 0.27487940003629774
0.3838331541969366 10
0.4266571304158157 40
0.43469994306553555 70
0.4371220374861167 100
1.0000000000000007 103
63 0.8238119250408943 0.2676536253811691 0.16694929997902364
0.5861823971279674 10
0.6328354571979289 40
0.6356265621673409 70
0.637167589758574 100
1.0000000000000004 103
64 0.8186499029703171 0.2621016926763788 0.17278679995797575
0.2519971099445209 10
0.28746307719828434 40
0.29460524296200424 70
0.297296376047604 100
0.9999999999999999 103
65 0.8136989430484141 0.25815768187357835 0.1784703999874182
66 0.16253008030153895
-------------------------------------------------END------------------------------------------------------
------------------------------------Krylov only---------------------------------------------------
366.3003370504106 363.3488172843476
0.9999999999999997 11
0 339.330937075313 338.3437659149027 0.049554600031115115
1.0 11
1 298.5848697991134 302.2703911436297 0.05660650000208989
0.9999999999999993 11
2 215.34212314343486 226.54273389203547 0.05355130002135411
0.9999999999999997 11
3 183.50001308841357 186.61440876150192 0.052566499973181635
0.9999999999999991 11
4 73.80701665182596 79.40577335928035 0.04696940002031624
1.0000000000000009 11
5 34.72286653356708 37.94207335638667 0.0506044999929145
1.000000000000001 11
6 14.220660240607755 14.117303048204587 0.20759870001347736
1.0000000000000002 11
7 7.539688729343768 7.321247003968012 0.06862269999692217
0.9999999999999986 11
8 5.423330915766183 4.949843005034945 0.053505899966694415
1.000000000000001 11
9 4.554403600968414 4.1723853834619264 0.0649278000346385
0.9999999999999996 11
10 4.058334829276812 3.6649176701909147 0.056255900010000914
1.0000000000000007 11
11 3.6797210144909696 3.2632034361276983 0.05206959997303784
1.0000000000000002 11
12 3.4212297554715287 3.02491696219384 0.051280599960591644
0.9999999999999999 11
13 3.240817266088241 2.8455042277998226 0.047440399997867644
1.0000000000000004 11
14 3.085108024393135 2.7045638676898744 0.05353289999766275
1.0000000000000002 11
15 2.958724198995508 2.576401001307503 0.052310300001408905
1.0000000000000002 11
16 2.845633689060665 2.474652299170131 0.05191540002124384
0.9999999999999991 11
17 2.74853043807549 2.3659746556119305 0.05152440001256764
1.0000000000000007 11
18 2.6550078097002916 2.279865909982991 0.04782590002287179
1.0 11
19 2.571001468065554 2.1843671637460282 0.05546550004510209
0.9999999999999992 11
20 2.495604642264637 2.1161212648327954 0.04775249998783693
0.9999999999999996 11
21 2.4277896130480827 2.03510197385785 0.051516200008336455
0.9999999999999991 11
22 2.37416814126582 1.9787911311617348 0.047705299977678806
0.9999999999999994 11
23 2.3189434290967763 1.8991516681641303 0.049738099973183125
1.0000000000000013 11
24 2.275207352726498 1.8724972316877506 0.05185350001556799
1.0000000000000004 11
25 2.2379256427244343 1.8079076657266573 0.05060309998225421
1.0000000000000009 11
26 2.202782117174719 1.7842757463229117 0.05220269999699667
1.0000000000000004 11
27 2.168868354921346 1.7264283510845688 0.050333900027908385
0.9999999999999996 11
28 2.136394540801304 1.7046739366533215 0.05513519997475669
0.9999999999999989 11
29 2.1044742867247574 1.650678524859314 0.05463010002858937
1.000000000000001 11
30 2.073521759469491 1.6310643952234691 0.047883299994282424
1.0000000000000018 11
31 2.042527918479047 1.5785387422148478 0.053697100025601685
0.9999999999999992 11
32 2.0084528572268954 1.5612371538338907 0.04859259998193011
1.0000000000000007 11
33 1.9711202805625159 1.4950593551906604 0.05628890002844855
1.0000000000000002 11
34 1.9203071355473185 1.4736181469460825 0.05988660000730306
1.0000000000000002 11
35 1.8640708997586586 1.3725275921959756 0.07212159998016432
1.0000000000000007 11
36 1.8049716510874088 1.3256566838870598 0.049644900020211935
1.0000000000000004 11
37 1.7483978807740634 1.243822776751346 0.04726159997517243
1.0000000000000002 11
38 1.7117681525996218 1.223420012097897 0.04905470000812784
0.999999999999999 11
39 1.6753171595583851 1.1668604822547732 0.04876869998406619
0.9999999999999996 11
40 1.647209766525247 1.1572893880928319 0.06111059995600954
1.0000000000000018 11
41 1.618003910365971 1.1075870770083398 0.05439730000216514
1.0000000000000004 11
42 1.593974516262202 1.106911058465536 0.055215500004123896
1.0000000000000002 11
43 1.5712896057032124 1.0544471431319502 0.05866570002399385
1.0000000000000004 11
44 1.550407135350894 1.0627328261704438 0.06389889999991283
1.0000000000000009 11
45 1.52976847776312 1.010865902333066 0.07199720002245158
1.0 11
46 1.5118554831672657 1.0178467898598433 0.04787110001780093
1.0000000000000002 11
47 1.4943514187496185 0.9747229430930292 0.047896399977616966
0.9999999999999999 11
48 1.4783479682117016 0.9820590846562698 0.05471419997047633
1.0000000000000022 11
49 1.462712648219733 0.9407929553133688 0.053339999984018505
1.0000000000000009 11
50 1.4483348875421176 0.9496431564705096 0.04813410004135221
1.0000000000000007 11
51 1.4342805182364482 0.9115974207381434 0.04751940001733601
1.0000000000000002 11
52 1.4202712084851503 0.9209312745566355 0.04825559997698292
0.9999999999999987 11
53 1.406968020928264 0.8836125682662687 0.05242329998873174
0.9999999999999994 11
54 1.3946996996173944 0.8929575919865932 0.05426269996678457
1.0000000000000009 11
55 1.3827149184203957 0.8590842151726609 0.055910399998538196
1.0 11
56 1.3714233547977275 0.8674070810970846 0.05620009999256581
1.0 11
57 1.3604856396426395 0.834675020180746 0.05496139999013394
1.0000000000000002 11
58 1.350173579084581 0.8435087439542227 0.04976399999577552
0.9999999999999994 11
59 1.3401129127409923 0.813371993236778 0.05484319996321574
0.9999999999999993 11
60 1.3303594288631098 0.8224795128029573 0.04815039999084547
0.9999999999999993 11
61 1.3207887088587245 0.7929277495991164 0.04837560001760721
1.0000000000000002 11
62 1.311782438636013 0.8005411598391413 0.0517157000140287
1.0000000000000002 11
63 1.3029972943046475 0.7738471165342558 0.046427000022958964
1.0000000000000004 11
64 1.2945204671893655 0.781260886418409 0.05132669996237382
1.0 11
65 1.2862250328887572 0.7559213215094144 0.05668500001775101
1.0000000000000007 11
66 1.2781779400524 0.7628943163373921 0.05658879998372868
0.9999999999999999 11
67 1.2686714297605117 0.732996314904571 0.05351840000366792
1.0 11
68 1.259648008912136 0.7421224461395096 0.047543799970299006
1.0000000000000004 11
69 1.2522199769425089 0.7176467020923852 0.05260910000652075
1.0000000000000009 11
70 1.2450223543698598 0.7254855863801929 0.05322509998222813
1.0000000000000004 11
71 1.2379646047355253 0.7022542974764711 0.05213129997719079
1.000000000000001 11
72 1.231100263908679 0.7096683544859247 0.049751500017009676
1.0000000000000007 11
73 1.2243501810972903 0.6873385932217355 0.04971190000651404
1.0000000000000007 11
74 1.2176226521362896 0.6947586019781617 0.054304699995554984
0.9999999999999992 11
75 1.210971083040683 0.67258809972545 0.05174779996741563
1.0000000000000004 11
76 1.2046462261973436 0.679159488203555 0.05052739998791367
0.9999999999999997 11
77 1.1984084678187403 0.6586000772413971 0.052293799992185086
0.9999999999999996 11
78 1.1923186439565823 0.6650908370374591 0.05029899999499321
0.9999999999999999 11
79 1.1863014594777326 0.6450409103608329 0.04989710001973435
1.0 11
80 1.1804041527031615 0.6513532024372773 0.048296499997377396
0.9999999999999993 11
81 1.1745683062283707 0.6320711355321686 0.05283359996974468
1.0000000000000002 11
82 1.1688469924977718 0.6380903545676055 0.05010690004564822
1.0000000000000002 11
83 1.1632297687945992 0.6193184261001383 0.049861199979204684
0.9999999999999999 11
84 1.1577280418980724 0.6251454075918567 0.05605050001759082
1.0 11
85 1.152262370323405 0.6071423517818039 0.04864719999022782
1.0000000000000002 11
86 1.1468865060086344 0.6126214616750086 0.04989699996076524
1.0000000000000002 11
87 1.1414013541548689 0.595085138245835 0.052901500021107495
1.0000000000000018 11
88 1.1359884030799052 0.6000607188432004 0.05446250003296882
1.0000000000000002 11
89 1.1282176265390556 0.5791180256735624 0.05200169997988269
1.0000000000000002 11
90 1.1201784121369238 0.5823970376432368 0.05284690001280978
1.0000000000000002 11
91 1.1146674830241152 0.5638364955330528 0.05402239999966696
1.0000000000000002 11
92 1.1098099855281354 0.5697378686849679 0.05000440002186224
93 0.0543972354830413
-------------------------------------------------END------------------------------------------------------
13
------------------------------------Randomized only---------------------------------------------------
408.6478131483971 403.73816096064985
0.9955463104153076 10
0 376.60633264870177 374.4474971199473 0.028957200003787875
0.9959696303319278 10
1 330.645908632323 332.744674453445 0.03003819996956736
0.9969532786498957 10
2 281.4337422560353 287.73916143818053 0.027838299982249737
0.9979704330561275 10
3 246.37921798501722 256.54704091476066 0.031172099988907576
0.969620852644528 10
0.997764322311477 40
4 214.61359645897383 228.58012828074152 0.054952000034973025
0.8794485051081573 10
0.9846944510867657 40
0.9952712625675437 70
5 142.08365611358343 153.58104419269893 0.12009430001489818
0.8123813905859378 10
0.9599581860117529 40
0.9800380447115643 70
0.9879928788032767 100
0.9999999999999998 103
6 110.28726376822144 114.26534574644612 0.1765836999984458
0.8155473367703865 10
0.9657764754325322 40
0.9891320857126552 70
0.9958436390280346 100
7 46.82519040872733 46.59036804547791 0.14950719999615103
0.8454023259794979 10
0.9645406757947491 40
0.9807436509502637 70
0.9882459364307355 100
1.0000000000000002 103
8 22.386354407954045 21.648323165826287 0.17161289998330176
0.5888073390520672 10
0.9415706725818999 40
0.9689622104498953 70
0.9809215792531156 100
1.0000000000000004 103
9 12.533474160519434 12.483352255857827 0.17817019997164607
0.6245681294829686 10
0.8918172445166765 40
0.9348978954595389 70
0.9579176947750702 100
1.0000000000000002 103
10 8.998531007839574 9.107462115662473 0.17524090001825243
0.8512898199163567 10
0.960019718316184 40
0.981117723517912 70
0.9854414629211669 100
0.9999999999999998 103
11 6.891155208597249 6.651448706468475 0.1721728999982588
0.8996834481957668 10
0.951409026194059 40
0.9676969911850036 70
0.9740654086148278 100
1.0000000000000004 103
12 5.629286048410045 5.526097241114577 0.17321829998400062
0.8756964514498313 10
0.9719439080009508 40
0.977711232229608 70
0.9821857705963694 100
1.0000000000000002 103
13 4.760665409332913 4.705657619440625 0.17081159999361262
0.9090620463466255 10
0.9758678274053343 40
0.9804953529320283 70
0.9838183052462853 100
0.9999999999999994 103
14 4.2026453970202375 4.145737280574316 0.20279930002288893
0.8996348185569326 10
0.962443283366984 40
0.9684630533862354 70
0.9733172773047097 100
0.9999999999999999 103
15 3.8160353687202093 3.8188284151925926 0.2681172000011429
0.806071135942521 10
0.9378539086553968 40
0.9497957941700584 70
0.9592897391292491 100
0.9999999999999996 103
16 3.5258923306654193 3.512194349323703 0.2012626000214368
0.8926302664191545 10
0.9455720348817627 40
0.9511391132229029 70
0.9559152624748579 100
1.0000000000000004 103
17 3.2939297744185527 3.2888256323322693 0.23514710000017658
0.8863574359828689 10
0.9474700170131912 40
0.9536823945617535 70
0.9586415893719633 100
1.0 103
18 3.0812803707571716 3.0388001226541035 0.20752090000314638
0.5893897505806694 10
0.7942137474446906 40
0.8117999185263685 70
0.8227990424623568 100
0.9999999999999993 103
19 2.9112536614875286 2.8757078875477435 0.19441809999989346
0.8796945644657072 10
0.9290402280293817 40
0.935873325328521 70
0.9409238784238128 100
1.0000000000000002 103
20 2.735175622845647 2.6279752030839343 0.2556534000323154
0.8367179703264004 10
0.9223094742181893 40
0.9331676220629358 70
0.9368567040895956 100
0.9999999999999999 103
21 2.6010792146400816 2.4767194020289423 0.2052555000409484
0.9513571671204603 10
0.9677283333146434 40
0.9707637201485982 70
0.972764921683531 100
0.9999999999999999 103
22 2.478698400034209 2.286882760202639 0.1874854999477975
0.8625269018717323 10
0.9341208630008648 40
0.9398731561553445 70
0.944703288060102 100
1.0000000000000004 103
23 2.3803927607674735 2.1648253626096956 0.1940164999687113
0.9532920672949117 10
0.9624799947077335 40
0.9655192126756378 70
0.9673897159593587 100
1.0000000000000004 103
24 2.280903414593522 2.0371193519714965 0.19015060004312545
0.7952962794930986 10
0.8971133675766677 40
0.9056194871250319 70
0.9118928548960397 100
1.0 103
25 2.206406959011008 1.9352633720294283 0.1899773000041023
0.9381363296253794 10
0.9506991746894606 40
0.9537733246390301 70
0.9560903598169334 100
1.0 103
26 2.1298952351551668 1.8477165688992248 0.19067709997761995
0.8351719183599258 10
0.9085613557834952 40
0.9184647990164206 70
0.922229685440727 100
0.9999999999999996 103
27 2.070047048385868 1.7607680704641868 0.18083949998253956
0.9184969336738921 10
0.9358323355977983 40
0.938871454334048 70
0.9415719124013264 100
1.0 103
28 2.0073008645476436 1.6909484071493162 0.5029952000477351
0.74187158775551 10
0.8368848998318189 40
0.8595910899590783 70
0.8661854193494075 100
1.0 103
29 1.9545522485186602 1.6039074670776585 0.22052430000621825
0.883144862743317 10
0.903455492507607 40
0.9073656784683228 70
0.9110225822730441 100
1.0000000000000009 103
30 1.8968585155122564 1.5441620495749036 0.18166989996097982
0.7603657273994284 10
0.8569251569164525 40
0.8770884166992154 70
0.8850805767015508 100
1.0000000000000002 103
31 1.8451840432319815 1.4557419908784546 0.18388090003281832
0.8970561947890305 10
0.9142725549311458 40
0.9177138676479912 70
0.9205721160375827 100
1.0000000000000009 103
32 1.7928994337090418 1.402941567670302 0.18435949995182455
0.943306460178308 10
0.972446706407097 40
0.975758875880762 70
0.977204449745926 100
1.0000000000000002 103
33 1.7438841561330074 1.332529129142421 0.19007820001570508
0.9449706968645227 10
0.9548615948185203 40
0.9566502851572104 70
0.9578899827855789 100
0.9999999999999993 103
34 1.7020940911631492 1.2916618225020835 0.18412609997903928
0.9495829692273839 10
0.9716831103566133 40
0.9742721247976374 70
0.9752276636049936 100
1.0000000000000002 103
35 1.6613025371372923 1.2453961500788047 0.19338309997692704
0.9527682047979585 10
0.9616812875361485 40
0.9634574398986209 70
0.964497616792251 100
1.0 103
36 1.6267286833481778 1.2082568906815987 0.19802129996242002
0.9364336745882568 10
0.953657870665484 40
0.9575692982723034 70
0.9590676571481657 100
1.0000000000000004 103
37 1.5926352911500512 1.1718985277653728 0.1827095000189729
0.9397921428484411 10
0.9498861878281302 40
0.9522654681466944 70
0.9534910622695199 100
1.0000000000000002 103
38 1.5636573462446612 1.1417875682982843 0.19758810003986582
0.9317574453776851 10
0.9479906409689175 40
0.9519091931062834 70
0.9531863436974116 100
1.0000000000000004 103
39 1.535818980954379 1.105804568060196 0.20304160000523552
0.9153158850273623 10
0.9283791873672772 40
0.9299271771686083 70
0.9309763698335402 100
1.0000000000000004 103
40 1.5108051552037196 1.0873569577748445 0.20005300000775605
0.9341100361679252 10
0.9497746982650298 40
0.9522267648581312 70
0.9529348252950023 100
1.0000000000000009 103
41 1.4858978085713181 1.0456914827126107 0.1883934999932535
0.9143925035976771 10
0.9313439781204833 40
0.9322163727888283 70
0.9330539954456327 100
0.9999999999999994 103
42 1.4620938950863254 1.034451937447072 0.17831420002039522
0.9323485875942732 10
0.947281131577323 40
0.9490626908635752 70
0.9496641255655288 100
1.0 103
43 1.4385880367122503 0.9888455199474064 0.1881005999748595
0.915567923722168 10
0.9320043828544546 40
0.9330508052228423 70
0.9336654177915923 100
1.0 103
44 1.4158778298061607 0.9829439176625768 0.19285870000021532
0.9162206386407039 10
0.9312150889971393 40
0.9327488752102987 70
0.9334621639314719 100
1.0000000000000002 103
45 1.3939130039729881 0.9374675689231126 0.18641350005054846
0.9087345210032168 10
0.9253537807323708 40
0.9268460189089947 70
0.9273917925543138 100
1.0 103
46 1.3724091232112836 0.9342049374702039 0.17357330000959337
0.8899111354013194 10
0.9049503512299184 40
0.906563439870761 70
0.9074649672646266 100
0.9999999999999994 103
47 1.3517681310048104 0.8912986549217983 0.19630419998429716
0.9002291719811916 10
0.9191748218665834 40
0.921314279419392 70
0.9218582070409513 100
0.9999999999999997 103
48 1.3311374824186002 0.8882570346495736 0.19275980000384152
0.8779432972237612 10
0.8916532381011463 40
0.8935645736288438 70
0.8945218235918693 100
0.9999999999999998 103
49 1.3112840767215612 0.8480898564948715 0.18045260000508279
0.8924444318339173 10
0.9143431510340932 40
0.9172411884014688 70
0.9177959350442155 100
0.9999999999999999 103
50 1.2911261795702529 0.84419981322329 0.20431409997399896
0.8861347786071049 10
0.8972403795960664 40
0.8992686959383884 70
0.9001318947438139 100
0.9999999999999999 103
51 1.2717407558430125 0.8060057065971169 0.19863990001613274
0.884313892351322 10
0.9073595429768943 40
0.9109233038674412 70
0.9115015618552421 100
0.9999999999999992 103
52 1.2520246977253435 0.8012616258845406 0.18805560003966093
0.8978669281682263 10
0.9063274664943186 40
0.9082533263797069 70
0.9089916250302926 100
1.0000000000000009 103
53 1.233199651569033 0.7644776243532285 0.18989400001009926
0.873078250089674 10
0.8943995751783006 40
0.8983649608311619 70
0.8989829313624352 100
0.9999999999999997 103
54 1.2142917101623052 0.7594352818391829 0.19134550000308082
0.9023954035476169 10
0.909204391920976 40
0.9109755726431222 70
0.9116333656408131 100
1.0000000000000007 103
55 1.196417295128917 0.7239769845698332 0.18073939997702837
0.8541400525774481 10
0.8715985640309473 40
0.8756687716353098 70
0.8763476359218283 100
0.9999999999999998 103
56 1.178820626856509 0.7193798684441475 0.18509839999023825
0.8967370324496386 10
0.9034720017863109 40
0.9051464007209823 70
0.9057983941887413 100
0.9999999999999999 103
57 1.1622759804319616 0.6854353967896784 0.18062830000417307
0.825316379413116 10
0.8390481744643373 40
0.8430038988028502 70
0.8437673248804859 100
0.9999999999999999 103
58 1.1462629675829794 0.6817575862916694 0.19478910003090277
0.8834812876366106 10
0.891578514569829 40
0.8932250172081799 70
0.893937210061079 100
1.0 103
59 1.131165088552945 0.6494932865366201 0.17837439995491877
0.79152417037513 10
0.8039553797792902 40
0.8076914172209572 70
0.8085537546679488 100
1.0000000000000009 103
60 1.1166817150069774 0.6467605918683805 0.1811945000081323
0.8681927175451062 10
0.8781609558465177 40
0.8798081971903278 70
0.8806073274798184 100
1.0 103
61 1.1029194488083671 0.6162578229667559 0.17251770000439137
0.7580025410361694 10
0.7715153117027751 40
0.7750440734891072 70
0.776007028114599 100
0.9999999999999993 103
62 1.089760246508546 0.6142283062402589 0.201512300001923
0.8545132919657951 10
0.8660817213061431 40
0.8677414335684988 70
0.8686297335033737 100
1.0000000000000016 103
63 1.0771495434969303 0.5855673161418463 0.19007159996544942
0.7239824784821056 10
0.7395646558726973 40
0.742977136861462 70
0.7440378788613738 100
1.0000000000000002 103
64 1.0651031970158622 0.5839129977823404 0.18482700001914054
0.842616926254992 10
0.8554113960187921 40
0.8571136272848655 70
0.858097876203148 100
0.9999999999999991 103
65 1.0534728555250428 0.5572051543122011 0.18241439998382702
0.6860620481077452 10
0.7039189088076437 40
0.7073387825653943 70
0.7084973489248273 100
0.9999999999999992 103
66 1.0423645996826194 0.5555867172220174 0.17913109995424747
0.8309519820507314 10
0.8448331466089 40
0.8466380182569013 70
0.8477399923488508 100
0.9999999999999996 103
67 1.031573773121523 0.5309463462512234 0.17882850003661588
0.641590214799753 10
0.6618856564189718 40
0.6654497547900403 70
0.6667152932076988 100
0.9999999999999998 103
68 1.0212632866682478 0.5290478091944639 0.18215519998921081
0.8179832205610954 10
0.8330203455270154 40
0.8350146679978844 70
0.8362688625050704 100
1.0000000000000002 103
69 1.011195800272013 0.5065508028882011 0.18501399998785928
0.5904962273707682 10
0.613581205926726 40
0.6174200718931053 70
0.6188157743271381 100
0.9999999999999993 103
70 1.0015672222724785 0.5041111374081373 0.1658056000014767
0.8030461785217855 10
0.8193539319443169 40
0.8216388105526188 70
0.8230847945923329 100
1.0 103
71 0.9921237698815141 0.48376327484296716 0.17803249997086823
0.536552896750821 10
0.5628755676571693 40
0.567076754939714 70
0.5686389861898878 100
0.9999999999999999 103
72 0.9830781099506818 0.48060154131224553 0.1749267000122927
0.7864363590866954 10
0.8040230955587554 40
0.8066949062858115 70
0.8083667088902523 100
1.0000000000000004 103
73 0.9741715261105323 0.46232939033872184 0.17723620001925156
0.48710738097626255 10
0.5170444145258222 40
0.5216177436516732 70
0.5233834625080463 100
1.0 103
74 0.9656227089291042 0.4583492601216616 0.16678750002756715
0.7690226741810172 10
0.7877128317706 40
0.7908437127461334 70
0.7927584076365927 100
1.0000000000000002 103
75 0.9571766635531365 0.44201821427980914 0.25685350003186613
0.4507667020844218 10
0.48447514294978095 40
0.48935374013229277 70
0.49133854743479866 100
0.9999999999999998 103
76 0.9490511085814598 0.4371893509227254 0.22191840002778918
0.7516961740086392 10
0.7711321337012587 40
0.7747578198566388 70
0.7769061646312307 100
1.0000000000000002 103
77 0.9410023427945129 0.42264096739888496 0.3190381999593228
0.434227896700408 10
0.47149694529963765 40
0.47657888785984726 70
0.47875877105243997 100
0.9999999999999991 103
78 0.9332423342925731 0.41697083075088415 0.17795169999590144
0.7349165797966029 10
0.7546181351385057 40
0.7587349729497518 70
0.7610768305901595 100
1.000000000000001 103
79 0.9255464506153214 0.40406330619521874 0.1790558000211604
0.4396129036110859 10
0.47969444377205245 40
0.48488930257996465 70
0.48719883024537863 100
1.0000000000000007 103
80 0.9181166249920408 0.39758005452627426 0.17335690004983917
0.7184677549926491 10
0.7379342932651255 40
0.7424998016502167 70
0.7449663432083555 100
0.9999999999999999 103
81 0.9107552822527134 0.3862133235121201 0.17364950000774115
0.4628833102030343 10
0.5044347987821949 40
0.5096789932688046 70
0.5120296907197135 100
1.0000000000000002 103
82 0.9036486588624968 0.3789755435064964 0.18702389998361468
0.7013448651891112 10
0.7202017498993118 40
0.7251357027655722 70
0.7276407892650585 100
0.9999999999999997 103
83 0.8966325698232038 0.36908529540253354 0.17760640004416928
0.4946448884926279 10
0.5359904810460998 40
0.5412319826658533 70
0.5435432257986638 100
0.9999999999999999 103
84 0.88986972108995 0.36121608361924606 0.17647090001264587
0.6815766233226864 10
0.6997467323137502 40
0.7049454022025289 70
0.7074095904993346 100
1.0000000000000007 103
85 0.8832312225653661 0.35273509237075834 0.17981929995585233
0.52403088096475 10
0.5636906966235079 40
0.5688711335101853 70
0.5710967672525169 100
1.0 103
86 0.8768481586194832 0.3444500271805576 0.16716519999317825
0.65595484184434 10
0.6737819608522425 40
0.6791656202225109 70
0.6815503051671093 100
1.0000000000000002 103
87 0.8706235000177293 0.33726296193487465 0.17839749995619059
0.5426870996914313 10
0.5798422412189866 40
0.5848980982938049 70
0.587038321387033 100
1.0000000000000002 103
88 0.8646524518646059 0.32885027282556434 0.203695600037463
0.6202793982628205 10
0.6385179893913626 40
0.6440963088962787 70
0.6464293604053788 100
0.999999999999999 103
89 0.8588632074871783 0.3227832972891938 0.1773990000365302
0.5459499642901573 10
0.5805519482886794 40
0.5854315855775839 70
0.5875329189854546 100
1.0000000000000004 103
90 0.8533175193866329 0.3145305206097711 0.16216820001136512
0.5710755515618846 10
0.5907065221288066 40
0.596596341995932 70
0.5989654000440567 100
1.0000000000000002 103
91 0.8479616641157558 0.30938818128052176 0.17771830002311617
0.5323916110709199 10
0.5648546679463007 40
0.5695282944646651 70
0.5716726255237524 100
0.9999999999999996 103
92 0.8428321734592124 0.3015026801915583 0.17376469995360821
0.5086650349963934 10
0.53053980911142 40
0.5368908892262948 70
0.5394020599478423 100
1.0000000000000004 103
93 0.8378867775627866 0.29711921186367524 0.1773442000267096
94 0.18400023617172376
-------------------------------------------------END------------------------------------------------------
------------------------------------Krylov only---------------------------------------------------
408.6478131483971 403.73816096064985
1.0000000000000002 11
0 373.5168200232474 371.23270578205444 0.056898700015153736
1.0 11
1 321.2552206428982 323.7929737204298 0.055243799986783415
1.0000000000000009 11
2 235.83484628190823 247.19137756896077 0.05222989997128025
1.0000000000000004 11
3 170.430166573559 177.32699068901775 0.05704919999698177
1.0 11
4 74.2270707704925 78.23842709568618 0.05693830002564937
1.000000000000001 11
5 39.73227428129549 42.10160090373722 0.05855150002753362
0.9999999999999989 11
6 11.98529240599291 12.888079762787328 0.0522793999989517
1.0000000000000002 11
7 6.612994564830653 6.450030895836307 0.049015199998393655
1.0000000000000018 11
8 4.8636397528396635 4.740157263440763 0.05473629996413365
1.0000000000000009 11
9 4.0432074254585455 3.7120194926921632 0.048554600041825324
1.0000000000000009 11
10 3.5234972091173207 3.2624847587153485 0.050944100017659366
0.9999999999999998 11
11 3.1429878677835115 2.8262880565781554 0.050089199969079345
1.0000000000000007 11
12 2.861801343813952 2.5367831099965716 0.05632040003547445
1.0 11
13 2.67265641150873 2.3364681525895095 0.05471980001311749
1.0000000000000009 11
14 2.532889253747627 2.1819480073301176 0.05706090002786368
1.0000000000000002 11
15 2.4173099813173953 2.0762461577539453 0.05141469999216497
1.0000000000000009 11
16 2.3157361356558104 1.965748673072963 0.05127060000086203
0.9999999999999991 11
17 2.2290038614660945 1.8884489555013488 0.05499259999487549
0.9999999999999987 11
18 2.1563556232384684 1.796919051996082 0.04815529996994883
0.9999999999999992 11
19 2.0929041428380644 1.7521997757626382 0.055098399985581636
1.0000000000000004 11
20 2.0365476510809333 1.6828115897465818 0.05594370001927018
1.000000000000001 11
21 1.985634216573114 1.6444292732775048 0.05928020004648715
1.0000000000000018 11
22 1.9388423794404175 1.5870245458656331 0.05109699995955452
1.000000000000001 11
23 1.8959348827579516 1.552950064203952 0.05377029994269833
0.9999999999999992 11
24 1.8553089738300255 1.502033925756876 0.05441819998668507
1.0000000000000002 11
25 1.8172189098177944 1.4701791151702859 0.05973969999467954
1.0 11
26 1.7781833040313653 1.4150651872826812 0.0603413000353612
1.0000000000000002 11
27 1.741771468948499 1.3882974581854115 0.052630499994847924
1.0000000000000016 11
28 1.7072877635395198 1.3416680647099297 0.05296030000317842
1.0 11
29 1.6745387430535401 1.3114055893118413 0.0516844000085257
1.0000000000000013 11
30 1.6309169684911944 1.2476565249610103 0.053141299984417856
1.0000000000000004 11
31 1.591106142841991 1.2159153516138375 0.056381599977612495
0.9999999999999996 11
32 1.564646948023467 1.1748403096926845 0.05589650000911206
1.0000000000000004 11
33 1.5385570082697666 1.15341878676273 0.053010799980256706
1.0 11
34 1.514002091524364 1.1080952215624271 0.0545746999559924
0.9999999999999984 11
35 1.4891249248007985 1.0858729832768532 0.051972600049339235
1.0000000000000007 11
36 1.4652870297823783 1.0403336469006055 0.05382109998026863
0.9999999999999989 11
37 1.4425850281274413 1.0274558351572556 0.04980249999789521
0.9999999999999996 11
38 1.4209445569163015 0.9816211950706814 0.058340599993243814
0.9999999999999996 11
39 1.3996611122042302 0.9699965006672704 0.05425929999910295
0.9999999999999999 11
40 1.3787594732713893 0.9230033603519235 0.054642099945340306
1.0000000000000004 11
41 1.356571666695772 0.9144744109975153 0.05439980002120137
0.9999999999999998 11
42 1.3362808181677857 0.8654269120353543 0.053873099968768656
1.0000000000000018 11
43 1.3177827854657347 0.8604431237203598 0.051031900045927614
0.9999999999999993 11
44 1.300584062548389 0.817806023800233 0.05588870000792667
1.0000000000000002 11
45 1.283913337986115 0.8156072978480042 0.04823459999170154
1.0000000000000004 11
46 1.266930637900021 0.7715543793375252 0.0652494000387378
1.0000000000000004 11
47 1.250724688062919 0.771720664082975 0.053045200009364635
1.0000000000000009 11
48 1.2357672177526051 0.7317357346443871 0.06352039997000247
1.000000000000001 11
49 1.2212744962668844 0.7331308214822019 0.06006330001400784
0.9999999999999997 11
50 1.2072110425806344 0.6947042343937176 0.06188809999730438
0.9999999999999994 11
51 1.1936636894115185 0.6974682683196952 0.05886119999922812
1.0000000000000004 11
52 1.1802712141088938 0.6604322416437485 0.061093399999663234
1.0 11
53 1.1674537525468955 0.6641024538534486 0.06064019998302683
1.000000000000001 11
54 1.1546896317023654 0.6284609342978432 0.05314769997494295
1.0 11
55 1.1425479308789785 0.6328120692899184 0.05081179999979213
0.9999999999999994 11
56 1.1303991247678968 0.5986089598010328 0.05474079999839887
1.0000000000000002 11
57 1.1188746954848392 0.6033877785197244 0.05315990000963211
1.0000000000000004 11
58 1.1073080640937625 0.57070741401621 0.05146170000080019
1.0000000000000002 11
59 1.096305146038542 0.5756769936067125 0.0548410999472253
0.9999999999999997 11
60 1.0852230936674307 0.5444578763255481 0.058984700008295476
0.9999999999999998 11
61 1.071453341341823 0.5463748899704352 0.07225859997561201
1.0 11
62 1.0579508243820765 0.5131659778661346 0.05012219998752698
1.0000000000000004 11
63 1.0484323316989081 0.5188057624619853 0.051066999963950366
1.000000000000001 11
64 1.0389546079702072 0.4912475986411261 0.055873400007840246
0.9999999999999994 11
65 1.0299933544504376 0.49625837163585 0.05888900003628805
0.9999999999999989 11
66 1.0211043723101652 0.4710356651326925 0.057925600034650415
0.9999999999999996 11
67 1.012651652967259 0.4749263413734339 0.059318399988114834
1.0 11
68 1.0043470752186583 0.45235946742098454 0.05542709998553619
1.0000000000000009 11
69 0.9966156803247148 0.45566980312680605 0.05195349996211007
1.0000000000000004 11
70 0.989007205534559 0.4355003341751701 0.05398820003028959
0.9999999999999991 11
71 0.9818196498755886 0.43796255961987335 0.04734779999125749
1.0000000000000007 11
72 0.9746906085738483 0.41955851742546246 0.056630800012499094
0.9999999999999998 11
73 0.9679738228770682 0.42151817812041575 0.05412450002040714
1.0000000000000016 11
74 0.9614194004931694 0.4053101467839106 0.051416700007393956
1.0000000000000004 11
75 0.9552236810387734 0.4064960959886869 0.0567097999737598
0.9999999999999998 11
76 0.9491468820831198 0.3921044772799212 0.0577845000079833
1.0000000000000009 11
77 0.9433651099474508 0.3924552916494626 0.058399599976837635
1.0000000000000004 11
78 0.9377188378170777 0.37990649939862353 0.0487554999999702
0.9999999999999999 11
79 0.9323780167378134 0.37976030516247944 0.04913409997243434
1.0000000000000004 11
80 0.9271580711155322 0.36876670391593974 0.05653529998380691
1.0000000000000004 11
81 0.9221909743148277 0.36801014090399115 0.05253729998366907
82 0.05488301829006182
-------------------------------------------------END------------------------------------------------------
14
------------------------------------Randomized only---------------------------------------------------
367.660558157501 372.3353563136944
0.9778337889564703 10
0.9996931213435855 40
0 340.5679944942888 346.14934205797135 0.057891600008588284
0.9653300313759245 10
0.9996555016562276 40
1 296.36317607083674 305.42322145351847 0.0722968999762088
0.7534817904232403 10
0.9990357067819038 40
2 221.99681055408618 235.06511833840074 0.062985300028231
0.8534586056151852 10
0.9954252314104631 40
3 182.15322216322213 195.13784996756343 0.059313900012057275
0.9820364872537494 10
0.9992804616383005 40
4 110.50414641013252 118.64820290057766 0.062562600011006
0.9398728972122198 10
0.9846479886516255 40
0.996779296250939 70
5 77.0276310353723 77.72031343450426 0.10981969995191321
0.969467279188206 10
0.9965075193981833 40
6 51.76490167074467 54.05431570598092 0.06177960004424676
0.9393096333846104 10
0.9696577744025965 40
0.985420121620264 70
0.99280764981092 100
7 36.984800259109555 38.79974766064526 0.16713860002346337
0.9408752180876734 10
0.9901424221930792 40
8 29.279085474943074 31.671806184715084 0.057278299995232373
0.8394006176466442 10
0.855132591574413 40
0.9094819696751726 70
0.9462360878342662 100
0.9999999999999994 103
9 23.158436419992558 25.053555613495483 0.19638679997297004
0.992752618518202 10
10 20.061980924385843 22.238263834269485 0.025816199951805174
0.16880277958377013 10
0.8063310459677172 40
0.8949476011755151 70
0.9482197773106823 100
0.9999999999999999 103
11 13.783787772900858 14.83659895112328 0.19718990003457293
0.9557725725249822 10
0.9961434003658055 40
12 12.023767885166407 12.789616050171633 0.060500699968542904
0.9486242283726635 10
0.9556050172550542 40
0.9779171336165361 70
0.9885062977554571 100
0.9999999999999997 103
13 8.740177480112283 8.53557205897761 0.18201109999790788
0.9594716636178982 10
0.9964678056748899 40
14 7.0896490607819 6.750565081375196 0.07161779998568818
0.9109728067012521 10
0.9243069836991209 40
0.9566930167828412 70
0.9784077404336391 100
1.0000000000000002 103
15 6.355751295430731 6.224043221136972 0.18359510001027957
0.9647010226356986 10
0.9982795786595069 40
16 4.970847937710937 4.760392660012711 0.07120309997117147
0.5564190857068012 10
0.597878745814926 40
0.8458285414475041 70
0.9068536690701211 100
1.0000000000000002 103
17 4.234656467388126 4.016211267629727 0.19912539998767897
0.9269477388121373 10
0.9952355699680051 40
18 3.9989517866005584 3.7832086771579365 0.06742739997571334
0.1782751557961347 10
0.19740375018106707 40
0.5661377314450008 70
0.7091469843472002 100
0.9999999999999998 103
19 3.529792978809186 3.1780717497638564 0.1885531999869272
0.924871064268462 10
0.9908108983871661 40
20 3.4880876984458182 3.1177279576861667 0.05652290000580251
0.021317555281025934 10
0.0342053202507613 40
0.2846390785031063 70
0.4236088131545052 100
1.0000000000000004 103
21 3.1745872404456392 2.8785527901687757 0.17454380000708625
0.9226146124020378 10
0.9938209781333539 40
22 3.1043903179508865 2.826048533049258 0.05309320002561435
0.09256179987385786 10
0.10008408241642462 40
0.26675325127200455 70
0.474936204131832 100
1.0000000000000002 103
23 2.8844657809639793 2.5186606249281303 0.18955820001428947
0.9491754975169784 10
0.9931422897013075 40
24 2.82702741324346 2.468122366576839 0.06541989999823272
0.04218198512444035 10
0.045754296307462604 40
0.3568517198775547 70
0.526966283859338 100
1.0000000000000002 103
25 2.623204237605272 2.3272278660370596 0.18423539999639615
0.9911383377087399 10
26 2.6101484960986814 2.31292184514905 0.034280700027011335
0.0022013951944320023 10
0.5678106530821213 40
0.6207964157581687 70
0.6772328438158592 100
1.0000000000000002 103
27 2.477801561029693 2.127261207180488 0.18116530001861975
0.9863176223228368 10
0.9981580178237169 40
28 2.414743143642405 2.0597204257120283 0.05670720001216978
0.1077256682135842 10
0.11077892197317966 40
0.346942621869867 70
0.49147228964017153 100
1.0 103
29 2.2873834571064027 1.9338699864011821 0.17602339998120442
0.992495570509177 10
30 2.2718172891651105 1.9345507583235804 0.031002099975012243
0.0011293358607207206 10
0.7492032975862335 40
0.7873041978587038 70
0.8166023699164667 100
1.0 103
31 2.2031005047300174 1.7982793100130838 0.1836466999957338
0.9808414877633149 10
0.9986923301922118 40
32 2.1598625254019668 1.7632374566833702 0.058407100033946335
0.036991137460342556 10
0.03888676270734068 40
0.20322129574672737 70
0.3126863098600639 100
1.0000000000000007 103
33 2.082695120894115 1.744475641889162 0.19779780000681058
0.9028268423272278 10
0.9767448561752167 40
0.9798908790652747 70
0.9810062355417023 100
0.9999999999999997 103
34 2.035020545800522 1.608404960744388 0.1792235000175424
0.9912944438714547 10
35 2.022530408241182 1.603526086992409 0.02991349995136261
0.0012451215977620567 10
0.7542685568942468 40
0.7897365442905936 70
0.8055081444553813 100
0.9999999999999996 103
36 1.9732813734886816 1.6164325489605604 0.34844000003067777
0.8804757219362621 10
0.9649493712402244 40
0.9678205251442816 70
0.9689169557689029 100
1.0000000000000018 103
37 1.935414476809156 1.5063749064356187 0.18665609997697175
0.9889656115662285 10
0.9978844853429365 40
38 1.928376975764833 1.5048790701727228 0.06506319995969534
0.0035064991357782876 10
0.004110537073452285 40
0.04553240219040518 70
0.0946373121128938 100
1.0000000000000004 103
39 1.8909439667062775 1.509615812961592 0.17572610004572198
0.8988040656708949 10
0.9598333552480599 40
0.963049659150006 70
0.9640013522908423 100
0.9999999999999998 103
40 1.8566180335287246 1.4250610801968742 0.18456600001081824
0.9838042999652616 10
0.9958576229672884 40
41 1.8526825761691907 1.4245095275177064 0.0701960000442341
42 0.11992098333402759
-------------------------------------------------END------------------------------------------------------
------------------------------------Krylov only---------------------------------------------------
367.660558157501 372.3353563136944
1.0000000000000004 11
0 337.72182117663044 344.4676226604394 0.05409200000576675
1.0000000000000009 11
1 268.89396061146897 279.2021231324559 0.06450380000751466
0.9999999999999988 11
2 266.1736144231356 268.8625351107046 0.0850320000317879
0.9999999999999992 11
3 182.59659755431866 197.3147425132579 0.0662358999834396
1.0000000000000002 11
4 123.05618022167471 134.43835056414176 0.07806210004491732
1.0000000000000007 11
5 63.20019967006343 66.9059949390203 0.07444470003247261
1.0000000000000002 11
6 21.30591738867372 22.302157068568725 0.050324800016824156
1.0000000000000002 11
7 13.62750091334277 14.365383397976625 0.05457889998797327
1.0000000000000009 11
8 9.824258599512783 10.512580765109556 0.04988209996372461
1.0000000000000007 11
9 7.000153108481235 7.24934029253577 0.05105950002325699
1.0000000000000002 11
10 5.481879627444458 5.46485356485781 0.054543200007174164
0.9999999999999999 11
11 4.73705316602173 4.557923172505377 0.056315099995117635
1.0000000000000004 11
12 4.289987510207925 4.048144432109821 0.056595199974253774
0.9999999999999987 11
13 3.9582457574986365 3.62429056531635 0.04920539999147877
0.9999999999999994 11
14 3.708936008163369 3.3797762751202645 0.058017600036691874
0.9999999999999997 11
15 3.506196139065407 3.1175987621074253 0.055423100013285875
1.0000000000000009 11
16 3.343203332663427 2.9781838634617364 0.056148799951188266
0.9999999999999997 11
17 3.2031689284568583 2.78980273925206 0.05487400002311915
1.0000000000000007 11
18 3.0823872694630343 2.6960990437786694 0.05391070002224296
1.000000000000001 11
19 2.9728354533657306 2.552300351302468 0.05401299998629838
1.0000000000000007 11
20 2.867510715737337 2.476459080647861 0.0547865999978967
0.9999999999999984 11
21 2.7719785049557766 2.339247668680583 0.05439130001468584
1.0000000000000007 11
22 2.6866623914920673 2.2753946861077883 0.05550209997454658
1.0000000000000002 11
23 2.6037500779261835 2.161870497427855 0.05016129999421537
1.0 11
24 2.5282753242772107 2.10883277973084 0.0558224999695085
1.0000000000000009 11
25 2.4516416885331744 1.9961270251643046 0.05032270000083372
0.9999999999999992 11
26 2.3801187243639337 1.9503080135496527 0.05391539999982342
1.0000000000000002 11
27 2.3149328447408135 1.8601479785078674 0.055374399991706014
0.9999999999999992 11
28 2.25444743380287 1.8184406895233214 0.04961490002460778
0.9999999999999992 11
29 2.184266681483322 1.7278662543818104 0.05462079995777458
1.0000000000000009 11
30 2.125594546337774 1.6819017301897092 0.050110199954360723
1.0000000000000007 11
31 2.077545119122859 1.6241377915809323 0.05523559998255223
1.0 11
32 2.0334372719758043 1.5906737455647437 0.05183810001472011
1.0 11
33 1.993520567300644 1.5412301643180468 0.05642679997254163
1.0000000000000007 11
34 1.9563052748319074 1.5156582971749875 0.05613099999027327
1.0000000000000016 11
35 1.920982855346087 1.4684151466499034 0.05194650002522394
0.9999999999999997 11
36 1.8875905552748344 1.4483066643994449 0.06098750000819564
1.0000000000000004 11
37 1.8553159933213799 1.4013435805451904 0.05290559999411926
0.9999999999999993 11
38 1.824464540086442 1.3848977894568097 0.05302049999590963
1.0000000000000002 11
39 1.7942122932025122 1.3376427289527404 0.05500399996526539
1.0000000000000004 11
40 1.7650063325783514 1.3232007309963445 0.051805099996272475
1.000000000000001 11
41 1.7359696950539951 1.2757683625944696 0.05673790001310408
0.999999999999998 11
42 1.707485474106796 1.2613534436885303 0.05776230001356453
1.0000000000000007 11
43 1.6790042020095075 1.2139868172635007 0.05870509997475892
1.0000000000000007 11
44 1.6447036138250037 1.1961469297270446 0.05904039996676147
1.0000000000000009 11
45 1.6117229386983891 1.1396138859329568 0.07451130001572892
0.9999999999999993 11
46 1.5851150042667257 1.1271696963035966 0.049630099965725094
0.9999999999999992 11
47 1.5583042525621715 1.0796008749877344 0.054827199957799166
0.9999999999999997 11
48 1.5322770058778445 1.0660984161692617 0.05688330001430586
0.9999999999999978 11
49 1.5060221066171144 1.0217384309374422 0.0560397999943234
1.0000000000000004 11
50 1.4807957460851715 1.0071991690880506 0.053362099977675825
0.9999999999999997 11
51 1.453479229436888 0.9580405440955371 0.0522353999549523
0.999999999999999 11
52 1.427224067651303 0.9410940701912811 0.05055639997590333
1.0000000000000018 11
53 1.3987965628795513 0.9019872291412877 0.0553205999894999
0.9999999999999996 11
54 1.3729948311375153 0.8773659710964749 0.05099379998864606
1.0000000000000007 11
55 1.3526312989385316 0.84673185178289 0.05735750001622364
1.0000000000000004 11
56 1.333168467056238 0.8311991622004619 0.05476590001489967
0.9999999999999998 11
57 1.314453902689226 0.8030145429360003 0.05286939995130524
1.0000000000000007 11
58 1.2965122685017432 0.788596772009942 0.05082689999835566
1.0000000000000004 11
59 1.270819844405126 0.7565201925227917 0.04989119997480884
1.0 11
60 1.2480566370715565 0.7299575703945593 0.049093900015577674
0.9999999999999988 11
61 1.2332257132788254 0.7134073070648047 0.05675839999457821
0.9999999999999996 11
62 1.218871296576528 0.6975681200151559 0.049630300025455654
1.0000000000000007 11
63 1.2052962004056438 0.6818723286419313 0.055322200001683086
1.0000000000000002 11
64 1.1921359355246914 0.6669691518683218 0.0506415999843739
1.0000000000000007 11
65 1.1796132855334296 0.6547254911452833 0.05400760000338778
1.0000000000000002 11
66 1.1674334825325408 0.6393266862510583 0.04891920002410188
1.0000000000000002 11
67 1.1554391693283192 0.6284218329601594 0.05332760000601411
0.9999999999999986 11
68 1.1437886921151126 0.6120616270341074 0.05781219998607412
1.0000000000000004 11
69 1.130905247998974 0.6036739819999509 0.05281020002439618
1.0000000000000007 11
70 1.1184378904342074 0.5834287300151209 0.05090009997365996
1.0000000000000002 11
71 1.1079175032329098 0.5765766171562677 0.05325759999686852
1.0000000000000004 11
72 1.0978756071850742 0.5607233952349988 0.04960739996749908
1.0000000000000002 11
73 1.0889464115259757 0.5572475938263602 0.056384499999694526
1.0000000000000007 11
74 1.0803161964822567 0.5414477522001282 0.050791600020602345
1.0000000000000018 11
75 1.0714933912383315 0.5346959352314862 0.05114529997808859
1.0000000000000009 11
76 1.0631043448161879 0.5218373460476653 0.0631017999839969
1.000000000000001 11
77 1.0547781249134773 0.5175691079817295 0.07541140000103042
1.0000000000000004 11
78 1.0461810524492925 0.5005154285106411 0.05427590000908822
1.000000000000001 11
79 1.0395864870628055 0.49985098847264475 0.05659589997958392
0.9999999999999978 11
80 1.0321909962905165 0.4863005035503101 0.0578895999933593
0.9999999999999994 11
81 1.0265451251533126 0.4817975431214304 0.053387499996460974
1.0 11
82 1.0216402405996892 0.47529649659332396 0.05099880002671853
83 0.0555611084298096
-------------------------------------------------END------------------------------------------------------
15
------------------------------------Randomized only---------------------------------------------------
404.14823403062445 408.4740416736107
0.9936860922846669 10
0 372.1252661461437 376.51944730737847 0.03012569999555126
0.9921434307266869 10
1 325.98180400578224 331.1348590569043 0.033246700011659414
0.9891457903304638 10
0.9993215689216951 40
2 270.6307000130877 279.929622728026 0.058743700035847723
0.9642325606187293 10
0.9972844811480974 40
3 219.28520971131846 231.66088704967416 0.06440390000352636
0.9439279879334674 10
0.9965562722074967 40
4 147.2138317030831 157.3113433692328 0.05756149999797344
0.9292331982656741 10
0.9919914668181139 40
5 76.45215474533589 81.87064001221614 0.05970849998993799
0.6028891977653322 10
0.9358926064891613 40
0.9791833748294784 70
0.9907222182759821 100
6 39.842092414608736 42.24440336857529 0.1600779999862425
0.5194916110235986 10
0.9186386359474693 40
0.969412697275466 70
0.984595678482884 100
1.0000000000000004 103
7 19.625616621101276 21.807050675783735 0.17828549997648224
0.8387410059065666 10
0.953585886569075 40
0.9823100481631578 70
0.9907505947626779 100
8 12.257851925901582 13.562735092447939 0.1516132999677211
0.47410004069534967 10
0.789673558079029 40
0.8596537096483247 70
0.8986272221474186 100
1.0000000000000007 103
9 8.622929133188528 9.314268176935759 0.1810035000089556
0.9502888858000093 10
0.9915960309283667 40
10 7.324893434285142 7.741853685000169 0.056980399996973574
0.70475045328873 10
0.7262419253625748 40
0.8433259370951129 70
0.9027375678873047 100
0.9999999999999997 103
11 5.031403058244846 4.897738173136535 0.17753200000151992
0.8233262683797093 10
0.9709492634856767 40
0.9821267370970632 70
0.9883077297234966 100
0.9999999999999999 103
12 3.6312144658604812 3.3136620077105055 0.18056359997717664
0.7847881371286406 10
0.9360581945867295 40
0.9585724739208165 70
0.9683761980791017 100
1.0000000000000007 103
13 2.944485398683683 2.6353831467371465 0.17695689998799935
0.9307859059433649 10
0.9736571190405063 40
0.9785796041338632 70
0.9804818381051982 100
1.0 103
14 2.535398523361661 2.1950690075663872 0.17464039998594671
0.8770811095668734 10
0.9318425677992496 40
0.9450511664085339 70
0.954384536313223 100
0.9999999999999997 103
15 2.273555829664401 1.8689411283517838 0.1858677000273019
0.9704734127059159 10
0.9871808649779578 40
0.9892906445479516 70
0.9900727918980639 100
16 2.236302704491398 1.824634171932157 0.17490619997261092
0.04286396935573682 10
0.06311095150065334 40
0.07080758118816466 70
0.07289405364468422 100
0.9999999999999998 103
17 2.0402080467733916 1.611741737163752 0.161318400001619
0.8171624922210483 10
0.9072661197116754 40
0.919655282703109 70
0.9286923198491873 100
0.9999999999999997 103
18 1.8760271316190948 1.4058741787627527 0.1733379999641329
0.8580497756509287 10
0.908006420778975 40
0.9146102507909889 70
0.9180118742628951 100
1.0000000000000004 103
19 1.738307807544691 1.2562826240497125 0.1727623999468051
0.7975595473425242 10
0.8488211740243349 40
0.8584114143666859 70
0.8702734334331785 100
1.0000000000000002 103
20 1.6272560931963518 1.1126745784727612 0.1826301999972202
0.679825815884336 10
0.741553827675413 40
0.7518291669656051 70
0.7596266438103777 100
0.9999999999999999 103
21 1.5301475997280323 0.9998506727775771 0.17462290002731606
0.8631778671928253 10
0.8914734988304042 40
0.8964186495784228 70
0.9026090895276672 100
0.9999999999999998 103
22 1.4481528732012077 0.9038947297743821 0.20017849997384474
0.7129086493764663 10
0.7749834103519704 40
0.7822391785863516 70
0.7876249080660704 100
0.9999999999999999 103
23 1.3735995569518338 0.8084384895245611 0.18609650002326816
0.88449334486782 10
0.9174853112541933 40
0.9205610081071355 70
0.923971500334047 100
1.0000000000000002 103
24 1.3072847301991224 0.7304003541442212 0.18769970000721514
0.7420972880847443 10
0.8135398650966296 40
0.8216728491822607 70
0.8266473426990674 100
1.0000000000000002 103
25 1.2499048452907622 0.6693365938284385 0.18930780002847314
0.904794389143084 10
0.9238718260228119 40
0.9264296315780599 70
0.928540155041464 100
0.9999999999999983 103
26 1.1975215514053221 0.6036543626330463 0.19730120000895113
0.7241595606191763 10
0.840031342413979 40
0.8466449148659171 70
0.8502870696246952 100
0.9999999999999999 103
27 1.1542778896367432 0.5733365509850553 0.1877841000095941
0.9389949473442916 10
0.9486846701214134 40
0.9502145178861384 70
0.9510436915033884 100
1.000000000000001 103
28 1.11459058911535 0.5271665736652695 0.17092310002772138
0.6191830906539068 10
0.7334873032929633 40
0.7407591851864952 70
0.7443783758179721 100
0.9999999999999994 103
29 1.0808087523723293 0.5046804923284702 0.1790284999879077
0.9364444163903518 10
0.9463288041667315 40
0.9477348633112797 70
0.9482886071790615 100
0.9999999999999997 103
30 1.0491716011982872 0.4725282434507864 0.1804262999794446
0.4822736068177363 10
0.5641743451835624 40
0.57343120439958 70
0.5784771655202793 100
1.0000000000000002 103
31 1.0219661148308203 0.44937989850190696 0.18092900002375245
0.9085562202251757 10
0.922041290319276 40
0.9235047041339585 70
0.9242976535386939 100
1.0000000000000002 103
32 0.9971953432677471 0.42760180337625864 0.17642649996560067
0.4443384025776642 10
0.5140661706558993 40
0.5228072143701729 70
0.5292341905000205 100
1.0000000000000002 103
33 0.9756162073224348 0.40480596262188706 0.18369390000589192
0.8413732771766654 10
0.8636126537568651 40
0.8659125366536395 70
0.8676269066500925 100
1.0000000000000002 103
34 0.9561144216847238 0.3902899572431044 0.172798799991142
0.48199447983976235 10
0.5434328865184765 40
0.5514488870262921 70
0.5581839819541061 100
0.9999999999999996 103
35 0.9388367370384594 0.36920097830799414 0.18345849995967
0.7582655219964007 10
0.7874729337389701 40
0.7917999353549071 70
0.7945735445486906 100
0.9999999999999998 103
36 0.9229554787826735 0.35918850796224483 0.18325590004678816
0.5649105841171789 10
0.6049559955637532 40
0.6114052515092984 70
0.6172851874073905 100
1.0000000000000007 103
37 0.9086312969300865 0.339791360773811 0.18056369997793809
0.6928921540045976 10
0.7222190627481766 40
0.7285155458303431 70
0.7315375393068132 100
0.9999999999999998 103
38 0.8951891205362495 0.3324559887021899 0.18116769997868687
0.6564273390190579 10
0.6778019915336567 40
0.6824506957469131 70
0.6869871232467928 100
1.0 103
39 0.8828098143794452 0.31437820205632205 0.17343510000500828
0.618822617852468 10
0.6472445319177338 40
0.6545761646581445 70
0.6575509330399877 100
1.0000000000000004 103
40 0.8711124782436124 0.30871702744921775 0.17998409998835996
0.7185670816450452 10
0.7313572609863274 40
0.734966229205726 70
0.7384664019742075 100
1.0000000000000002 103
41 0.8601606165352416 0.2917961957743273 0.17290939996019006
0.5266955492212931 10
0.5557373966770357 40
0.5635127906824416 70
0.5665119040504009 100
1.0000000000000004 103
42 0.8498317402812123 0.2872552714363427 0.17761800001608208
0.7542351478820926 10
0.7635770949312587 40
0.7666170141573766 70
0.7694953870441482 100
1.0000000000000002 103
43 0.8400494094036756 0.2714807324984555 0.17890559998340905
0.4516881626725005 10
0.4815755954959903 40
0.4892444935464179 70
0.492219986886668 100
1.0000000000000004 103
44 0.830864018208141 0.2676842040086592 0.17019999999320135
0.7773907513928765 10
0.7851236227414263 40
0.787757819380274 70
0.7902469554507404 100
1.0 103
45 0.822102107271019 0.2531678473964849 0.18192140001337975
0.42838513982691384 10
0.4586259720373969 40
0.4656610428954019 70
0.46847988250016864 100
0.9999999999999997 103
46 0.8139080515148329 0.2497949020836918 0.1799662999692373
0.8014460653719032 10
0.8081196332286252 40
0.8103571376594968 70
0.8125016542088215 100
1.0 103
47 0.8060731804123963 0.2367646348965671 0.1771786999888718
0.46118000161646455 10
0.492160254843699 40
0.498128325261952 70
0.5006883235151556 100
1.0 103
48 0.7987611553840321 0.23349280074424955 0.3267509999568574
0.8325061309645966 10
0.8385178562807633 40
0.8403242386969821 70
0.8420819229897416 100
0.9999999999999997 103
49 0.7917951860645327 0.22226920610285406 0.1750781000009738
0.5398391027262838 10
0.5720012139789467 40
0.5765204612409589 70
0.5787322578042531 100
1.0000000000000002 103
50 0.7852878470909843 0.2187605739692969 0.17614250001497567
0.8647093215249192 10
0.870793456647925 40
0.8721811990156302 70
0.8735603664353043 100
1.0000000000000002 103
51 0.7791526042748306 0.20969325709439665 0.1795202999492176
0.6283465415294921 10
0.6612077619465854 40
0.6642734679735286 70
0.6661171186579412 100
0.9999999999999998 103
52 0.7733940884809545 0.20564478635329936 0.181320300034713
0.8864957584917714 10
0.8933541189302928 40
0.8944145763932517 70
0.8955246796872158 100
0.9999999999999998 103
53 0.7680365071115496 0.19891602331873254 0.1757361000054516
0.6789624008945115 10
0.7126398972688195 40
0.7147122591340631 70
0.7163024119205295 100
0.9999999999999994 103
54 0.7629637574195945 0.19420205050113906 0.1807064000167884
0.8910097762893701 10
0.8989409761964711 40
0.8998104974862419 70
0.9008006885140448 100
0.9999999999999994 103
55 0.7582728058191264 0.1895438514859846 0.1883627999923192
56 0.16542259285259725
-------------------------------------------------END------------------------------------------------------
------------------------------------Krylov only---------------------------------------------------
404.14823403062445 408.4740416736107
0.9999999999999997 11
0 368.49870300385095 373.62264370481296 0.056101599999237806
1.0 11
1 312.75028976524084 319.8287556593895 0.0557556000421755
1.0000000000000004 11
2 232.00771248443004 243.8863934734194 0.052808000007644296
1.0000000000000002 11
3 190.3802934191958 202.95764148651594 0.06657779996749014
1.0000000000000004 11
4 73.140449934274 79.80016430537408 0.05813670001225546
1.0000000000000004 11
5 28.417691037815832 30.377673975463235 0.05189870001049712
1.0000000000000002 11
6 12.146852106478924 12.361788093672658 0.05536870000651106
1.0000000000000002 11
7 6.4599348061911055 6.546071012878658 0.05614820000482723
0.9999999999999996 11
8 4.71288115265379 4.558258449367675 0.056147700001019984
0.9999999999999998 11
9 3.96633985839401 3.6495941387774438 0.057574300037231296
0.9999999999999998 11
10 3.4606176125899633 3.0971627824077066 0.0497482999926433
0.9999999999999994 11
11 3.111539354490497 2.6792823632418568 0.05599700001766905
0.9999999999999981 11
12 2.832705961344988 2.3909486892574052 0.05328300001565367
1.0000000000000007 11
13 2.635048098012271 2.1626819634524055 0.07297660002950579
1.0 11
14 2.4692556773535617 1.9843506882638169 0.05558270000619814
0.9999999999999997 11
15 2.3291594281054335 1.8362023685596371 0.052813999995123595
1.0000000000000009 11
16 2.19358446267174 1.6918677228218542 0.05444500001613051
1.0 11
17 2.0729417083383495 1.577068431121218 0.05279099999461323
1.0 11
18 1.9540999304897093 1.425029229619541 0.051626999978907406
0.9999999999999998 11
19 1.858793735629272 1.333199611616606 0.0511767000425607
0.9999999999999992 11
20 1.7859464031290329 1.2270660370930138 0.05440640001324937
0.9999999999999996 11
21 1.7214221469813027 1.1751368242526392 0.05291859997669235
1.0 11
22 1.6498347432486342 1.074749986846455 0.05776729999342933
0.9999999999999999 11
23 1.5873593970055204 1.0189668201103466 0.05708150001009926
0.9999999999999997 11
24 1.5317400437147752 0.9411989402372187 0.05771160003496334
0.9999999999999998 11
25 1.4829500113019813 0.900036087544568 0.05394830001750961
1.0 11
26 1.431258049382355 0.8407856617782307 0.05452739994507283
1.0000000000000004 11
27 1.3857782815198727 0.79338415922566 0.056285400001797825
1.0000000000000009 11
28 1.3413395803542376 0.7444750728212984 0.056547600019257516
0.9999999999999996 11
29 1.3050975056794747 0.7042797243870602 0.0506718999822624
1.0000000000000009 11
30 1.271171034992882 0.669919072732559 0.05373919999692589
1.000000000000001 11
31 1.2400903800258405 0.6397531848939818 0.05268169997725636
1.000000000000001 11
32 1.2145882214826533 0.6124383859670645 0.05495439999504015
0.9999999999999999 11
33 1.190920434249178 0.5881758232041785 0.05336260003969073
1.0 11
34 1.168689972207027 0.5655843283318411 0.05473779997555539
0.9999999999999999 11
35 1.1479547145148306 0.5455817602723053 0.0566918000113219
1.0000000000000007 11
36 1.128544745346632 0.5254526665088803 0.05513009999413043
1.000000000000001 11
37 1.1103934839641063 0.5096246277771541 0.05439430003752932
0.9999999999999996 11
38 1.093428096238699 0.4911802238264273 0.057063299987930804
1.0000000000000002 11
39 1.0775072192024138 0.4789302241037553 0.05312259995844215
1.0000000000000002 11
40 1.0625522246764818 0.4616888525159744 0.05324410001048818
1.0000000000000002 11
41 1.0484580629589775 0.4522706175029849 0.055353600007947534
1.0000000000000013 11
42 1.0350966975040574 0.4358281415131828 0.05571889999555424
0.9999999999999993 11
43 1.0224291818426299 0.4282277209219271 0.05617749999510124
0.9999999999999996 11
44 1.0102431818691204 0.412681783740813 0.05267110001295805
1.0 11
45 0.9987389839575408 0.40685343636892435 0.05395690002478659
0.9999999999999997 11
46 0.987666704652039 0.3917263364572676 0.050803700054530054
0.9999999999999998 11
47 0.9771282838198898 0.38687328025951034 0.051422799995634705
1.0000000000000016 11
48 0.9667730038736547 0.37238578733824057 0.058119699999224395
1.0 11
49 0.9569141264917475 0.36815622384263624 0.05740940000396222
1.0000000000000004 11
50 0.9467800081833029 0.35354312164870483 0.05687019997276366
1.0000000000000009 11
51 0.9373801327152891 0.35062246943430686 0.05313220003154129
1.0000000000000002 11
52 0.9276750745070284 0.33642029185961103 0.05472640000516549
0.9999999999999988 11
53 0.9187814147567478 0.3335345829778063 0.05291959998430684
1.0000000000000002 11
54 0.9105138909793088 0.31881810673075284 0.0565677999984473
1.0000000000000002 11
55 0.9030943613925163 0.31929038921555103 0.05512129998533055
1.0000000000000007 11
56 0.8962186090518129 0.308970422551458 0.052971199969761074
1.0 11
57 0.8901302717634567 0.3063734451027942 0.05598250002367422
0.9999999999999996 11
58 0.8847237483487099 0.2981749909706502 0.0521045999485068
1.0 11
59 0.879470879869587 0.29638074931746167 0.05770120001398027
1.0000000000000002 11
60 0.8745533437854518 0.28930686786291787 0.05848000000696629
61 0.05518290328174891
-------------------------------------------------END------------------------------------------------------
16
------------------------------------Randomized only---------------------------------------------------
383.58612546146645 388.1868150667449
0.9944994029608051 10
0 356.07443511975345 361.07682521846647 0.03293119999580085
0.9938038510770024 10
1 316.5086535346555 322.0059831711382 0.031413599965162575
0.9896153520328111 10
0.9995763322362998 40
2 270.8859292173906 279.80872132023853 0.050542599987238646
0.9817009927313208 10
0.9988372194151813 40
3 223.2547739371669 236.8677585796353 0.05821990000549704
0.9277299931075457 10
0.9948754774287011 40
4 147.67739030726642 156.68019847519147 0.05626869999105111
0.8861411844252264 10
0.9908822675582764 40
5 95.66788354967166 102.94527843309682 0.06363950000377372
0.7856916996642441 10
0.9614104510048428 40
0.9876321225458753 70
0.9944342530869796 100
6 76.44662479041432 80.12439051214817 0.16034190001664683
0.9874444737749707 10
0.9969876501503163 40
7 49.17889339640498 50.10976885721097 0.051831699965987355
0.6258288173386284 10
0.7501204514949997 40
0.897453929427562 70
0.9479371406607698 100
1.0000000000000002 103
8 37.008834900790696 39.23220176686972 0.1789303999976255
0.9681005308242701 10
0.9950751316083402 40
9 24.625754293767166 25.625866854102664 0.0630589000065811
0.4209991416681747 10
0.5257442800101727 40
0.7756310580269665 70
0.8763797094216814 100
1.0 103
10 15.83833283240592 16.43330238300814 0.17591039999388158
0.8120077273750279 10
0.9939601810782172 40
11 11.981347066726528 12.249779789913552 0.0575175000121817
0.6898719569413974 10
0.7268984124165672 40
0.8346273952314063 70
0.9122062678366435 100
0.9999999999999996 103
12 11.03942021509213 10.64275483211325 0.18807679996825755
0.9565281542963757 10
0.9990101246674187 40
13 6.677744961399344 6.463449969627842 0.06032470002537593
0.5147648563463678 10
0.6354288713129094 40
0.8462688818006948 70
0.9050461019460616 100
1.0 103
14 5.501482851897897 5.144938701444695 0.1752007000031881
0.8033195602035812 10
0.9812830497801172 40
0.9929147628116274 70
15 4.6900876375886495 4.3022603245357915 0.10698909999337047
0.9024695707682283 10
0.9266704389330451 40
0.9320805656542713 70
0.9495333309802866 100
0.9999999999999997 103
16 4.0650319237831045 3.7625997141743155 0.17375910002738237
0.934321204904342 10
0.9868583142258732 40
0.9906841677738331 70
17 3.941636752987682 3.632319244639794 0.11364190001040697
0.15654446817710602 10
0.17107742050861194 40
0.17701060553262218 70
0.34809016789951114 100
0.9999999999999999 103
18 3.5041525785713032 3.0902973726363627 0.1811871999525465
0.8060377457244435 10
0.9821658026741165 40
0.9859748461002579 70
0.9876158648542391 100
1.0000000000000002 103
19 3.1362875224457136 2.724996219593692 0.18184550001751631
0.941954601037204 10
0.980615327846734 40
0.9834170346146565 70
0.9862064128533786 100
1.0000000000000002 103
20 2.8504076339860687 2.3760124722304057 0.17392480000853539
0.9225746245008816 10
0.9881952190139544 40
0.9897431581740053 70
0.990568051058596 100
21 2.8071492535927427 2.348703365742319 0.17812830000184476
0.11864802523030497 10
0.13924313080832237 40
0.14638258937061285 70
0.15344392856907582 100
0.9999999999999984 103
22 2.587184000139685 2.1380523640577698 0.18968050001421943
0.9592005747920256 10
0.9906349326178838 40
23 2.5647728544914297 2.1037125722019936 0.05728219996672124
0.013304296018982972 10
0.015285094598316016 40
0.14313518308070464 70
0.23732804861218415 100
1.0000000000000007 103
24 2.397993546101839 1.8720315142706727 0.17507759999716654
0.9497965710398336 10
0.9900037880841384 40
25 2.3845906086063478 1.8726322409421126 0.06495969998650253
0.03231921993633656 10
0.0342599183456161 40
0.08110607306804721 70
0.14889927892139646 100
1.0000000000000007 103
26 2.253970970911017 1.744375234835431 0.179930999991484
0.9312902854714106 10
0.9728200141183015 40
0.9762197522183296 70
0.9778425682892536 100
1.0000000000000002 103
27 2.1465860286964196 1.609918140507129 0.17883859999710694
0.9530453249581021 10
0.9764441023123427 40
0.9775191741495827 70
0.9783056682463885 100
1.0000000000000002 103
28 2.0555580170144094 1.5119764755315208 0.17419649998191744
0.8883467726131323 10
0.9321179407621164 40
0.9374634791872177 70
0.9402478809790217 100
1.0000000000000002 103
29 1.9781793964046304 1.4243615976370134 0.17780429997947067
0.9558250615847468 10
0.9746416420990487 40
0.9754319301185714 70
0.975951608289442 100
1.0 103
30 1.903255506503475 1.3490953341357121 0.17590540001401678
0.8843652334190286 10
0.9134987960911636 40
0.9174063571169728 70
0.9199849454425345 100
1.0 103
31 1.8358547750742495 1.275904273172606 0.1816283999942243
0.9461180586910524 10
0.97069289772327 40
0.9715227072674627 70
0.9720032369566677 100
0.9999999999999993 103
32 1.7682201544710217 1.212736247576912 0.18157089996384457
0.8676981637379854 10
0.8974617427651308 40
0.9007343557637961 70
0.9030268908118001 100
1.0000000000000002 103
33 1.7078576368435598 1.1523829609948935 0.1898708999506198
0.9361574914419397 10
0.9646579454667791 40
0.9658898643722256 70
0.9665024902647811 100
1.0 103
34 1.6489237824177296 1.09822836725439 0.18733760004397482
0.8854357379184403 10
0.9100956172732367 40
0.913334378514156 70
0.9152316744743939 100
1.0000000000000004 103
35 1.596463784194306 1.0498841393047438 0.18150870001409203
0.9355747217848139 10
0.9569830811672004 40
0.9583836973875481 70
0.9592104828509516 100
1.0000000000000004 103
36 1.5451323399551105 1.0025314628884001 0.1890885999891907
0.8850992701640228 10
0.9082601287171511 40
0.9119028548976991 70
0.9136265101443235 100
0.9999999999999999 103
37 1.4973511688982946 0.9610428265802875 0.17328639997867867
0.9471782328678985 10
0.9597177033074583 40
0.9607446250344468 70
0.9614666182009388 100
0.9999999999999997 103
38 1.4500946688009346 0.9139927861325016 0.18034770002122968
0.8949771097158621 10
0.9200803168840476 40
0.923104134171584 70
0.9242405364841961 100
0.9999999999999996 103
39 1.405159154960071 0.8792412985325881 0.17536000005202368
0.9601275400437579 10
0.9674329731541352 40
0.9680714882315898 70
0.9685506330257776 100
0.9999999999999993 103
40 1.3621047947424416 0.8283411532989696 0.18801139999413863
0.9044980211988269 10
0.932493529319763 40
0.9344135760115801 70
0.9351528794407102 100
0.9999999999999997 103
41 1.3215838275296883 0.8027110499547518 0.18298720003804192
0.9498171145968549 10
0.9588725932658652 40
0.9595809257569056 70
0.9602015296498546 100
0.9999999999999998 103
42 1.2844582548269219 0.7504609613362334 0.18210429995087907
0.8599200929385298 10
0.9022109743194429 40
0.9038302553055543 70
0.9049745820611772 100
0.9999999999999994 103
43 1.2495880332237255 0.7320654217931694 0.18904440000187606
0.8895188261283578 10
0.9138712643848128 40
0.9154931097003444 70
0.9168025080254472 100
1.0000000000000002 103
44 1.218201413148526 0.6830179479905439 0.1810894000227563
0.7810753674876004 10
0.8413472876595591 40
0.8438931492231331 70
0.8463004938343223 100
1.0000000000000004 103
45 1.188944245459649 0.668274266881595 0.1709119000006467
0.8606155590338539 10
0.8944909670692702 40
0.8969507839916936 70
0.8982660596802761 100
1.0000000000000004 103
46 1.1624980240450895 0.625970714534618 0.17692080000415444
0.7500130646087733 10
0.8081539601418288 40
0.8116974461721371 70
0.81460828163143 100
1.0000000000000002 103
47 1.1380697234645163 0.612444846015703 0.18235240003559738
0.8815359746709029 10
0.909624173356335 40
0.9119841978101945 70
0.9129102069822366 100
1.0 103
48 1.1157211865048435 0.5782281462429848 0.17203229997539893
0.7731619865411535 10
0.8181355624337338 40
0.821496119575297 70
0.8240824878425862 100
1.0000000000000004 103
49 1.0952178227207547 0.5651735493751266 0.17678859998704866
0.8634274200699644 10
0.891173087354895 40
0.8937028969615546 70
0.8946725585306081 100
1.0000000000000002 103
50 1.0762620550366782 0.5381742595139506 0.1838020000141114
0.8253720160027397 10
0.8550269150569878 40
0.8575162477709439 70
0.8594933881352905 100
1.0000000000000002 103
51 1.058936807086026 0.5259487477945968 0.1669609000091441
0.8030770806712342 10
0.8356643432624388 40
0.8386813245534122 70
0.8399748195051593 100
1.0000000000000002 103
52 1.0427879259757589 0.5044297012662665 0.18309170001884922
0.8639914672650693 10
0.8838712064167559 40
0.8855650070271688 70
0.8870936769924277 100
0.9999999999999994 103
53 1.028079353093583 0.49360796752870595 0.17322739999508485
0.7225632576284032 10
0.7606770652789603 40
0.7640921412646471 70
0.7656880695883436 100
1.0000000000000002 103
54 1.0143538372285523 0.47618293674154405 0.18795610003871843
0.8771654716643561 10
0.8929461318606302 40
0.8941842013360108 70
0.8955334592452789 100
0.9999999999999997 103
55 1.0019289107034615 0.46695006438472764 0.17064889997709543
0.6530141570372209 10
0.6912427876706135 40
0.6949855339486305 70
0.6966303490850954 100
1.0000000000000009 103
56 0.9904060642764616 0.45303333092331527 0.17839170002844185
0.868559748157871 10
0.8853787864567115 40
0.8865118419667545 70
0.8877961145586231 100
1.0000000000000002 103
57 0.9800313527380544 0.4449524842966287 0.1777408000198193
0.5998981895322653 10
0.6322956930711353 40
0.6371429058257834 70
0.6389945430416082 100
1.0000000000000002 103
58 0.9704173344574596 0.4341571870086451 0.17123940004967153
0.8503481691769514 10
0.8709475969702557 40
0.8720734047699735 70
0.8731837860848313 100
1.0000000000000002 103
59 0.9616985338168579 0.4266786570736976 0.17603130004135892
0.5919602931945905 10
0.6229015732802572 40
0.6285708304742887 70
0.6308394306791029 100
0.9999999999999996 103
60 0.9534993944291651 0.41804402682252034 0.18004469998413697
0.841040621285255 10
0.8632860499514343 40
0.8642259734385673 70
0.8650947585684384 100
1.0 103
61 0.945958553014923 0.4112386127474885 0.17440960003295913
0.6294196924866967 10
0.6596867212296172 40
0.6647342420281145 70
0.6669178405505671 100
1.0000000000000002 103
62 0.9387804203495338 0.40366979635503036 0.1900446999934502
0.8405384689164302 10
0.8605781755085846 40
0.8613120843317487 70
0.8620051570417823 100
1.0000000000000004 103
63 0.9321134759697086 0.3978834556753426 0.16402960004052147
0.6576601377526518 10
0.6837434078831277 40
0.6879018670019376 70
0.6897710786352664 100
0.9999999999999999 103
64 0.9257306527242141 0.39065742326461306 0.17164750001393259
0.8392829902475211 10
0.8556551609593254 40
0.8562540875414698 70
0.8568310764195122 100
1.0000000000000002 103
65 0.9197560909636635 0.38601746424123 0.17510620004031807
0.6691815763842938 10
0.6905289268945279 40
0.6939567934625778 70
0.695536906946424 100
1.0000000000000002 103
66 0.9140090839736916 0.37880004789722227 0.1791501000407152
0.8355944939723801 10
0.8486738709468885 40
0.8492112808805012 70
0.8497015991214427 100
1.0000000000000002 103
67 0.908588172827116 0.3752096801747482 0.1635799999930896
0.6764746243791062 10
0.6936921744867869 40
0.6965317565439858 70
0.697868809247025 100
1.0000000000000004 103
68 0.9033474144727145 0.36788370155383154 0.18177049997029826
0.8326580806373624 10
0.843370510876772 40
0.8438970906367493 70
0.8443176596718355 100
1.0000000000000002 103
69 0.8983707253762295 0.36517851516873395 0.18914849997963756
70 0.15525176714540326
-------------------------------------------------END------------------------------------------------------
------------------------------------Krylov only---------------------------------------------------
383.58612546146645 388.1868150667449
1.0 11
0 353.16229629472923 358.1903560928801 0.04992590000620112
1.0 11
1 304.08719634338667 311.7225904324694 0.05257880000863224
1.0000000000000002 11
2 209.3083776889284 220.60841402988794 0.054145800007972866
1.0000000000000007 11
3 139.24143367255786 142.9634953138365 0.05450249998830259
0.9999999999999999 11
4 63.20548579490885 66.01465014256001 0.05715469998540357
1.0000000000000004 11
5 26.276294439563767 27.75595770085484 0.049481900001410395
1.0000000000000004 11
6 13.852509900664177 13.824896321363633 0.05468350002774969
1.0 11
7 8.232885648305475 8.144353448862804 0.057147799991071224
0.9999999999999992 11
8 6.256425731552797 6.235450044572953 0.048533499997574836
1.0 11
9 5.224938416284726 4.784411387814707 0.05563669995171949
1.0000000000000013 11
10 4.546291931447491 4.249548476792023 0.05223060003481805
1.0000000000000002 11
11 4.0655017878702 3.5253429379620016 0.05793509999057278
0.9999999999999996 11
12 3.7312496184112796 3.2715527643688795 0.05245959997409955
1.0000000000000002 11
13 3.353824311193578 2.7137238705983053 0.051474499981850386
0.9999999999999993 11
14 3.1216221133025117 2.5379215844979446 0.06767840002430603
1.0 11
15 2.940070224963015 2.269258137918316 0.07179189997259527
0.9999999999999999 11
16 2.779514186232489 2.131741013950799 0.05972339998697862
1.0000000000000002 11
17 2.6218452211568546 1.9239267576272736 0.05421659996500239
1.0 11
18 2.477816724201409 1.8147504397052803 0.05378380004549399
1.0000000000000002 11
19 2.346053243265593 1.6417456643360653 0.052532300003804266
1.0 11
20 2.2327532706693245 1.588207625090527 0.05944959999760613
0.9999999999999991 11
21 2.12284932894281 1.444034067564879 0.05612030002521351
1.0 11
22 2.037479822555188 1.4116548671309452 0.07412619999377057
0.9999999999999994 11
23 1.958242792284115 1.314141398658963 0.07265079999342561
1.0 11
24 1.8920135534418758 1.2890587173582955 0.04872550000436604
0.9999999999999996 11
25 1.830791012155297 1.2071146853720802 0.05384740000590682
0.9999999999999998 11
26 1.7804822365721567 1.1964056332129038 0.05695120000746101
0.9999999999999994 11
27 1.7353125992394405 1.12391432815907 0.05469159997301176
0.9999999999999994 11
28 1.6923857889161313 1.1185805475124713 0.05745989998104051
0.9999999999999996 11
29 1.6510005397650687 1.0500276176438132 0.054288200044538826
0.9999999999999998 11
30 1.608679530001763 1.0441277526471677 0.05252009996911511
1.0000000000000009 11
31 1.5658448652711325 0.9719920025739898 0.05361810000613332
1.0000000000000007 11
32 1.5210701722464615 0.9601019575687918 0.056676400010474026
0.9999999999999994 11
33 1.476880905173256 0.8865628554225237 0.053550099954009056
0.9999999999999997 11
34 1.43321618949002 0.8722223355852972 0.04908239998621866
1.0 11
35 1.3928117347377527 0.8057287940507684 0.059995300020091236
1.0000000000000004 11
36 1.3538924897220654 0.7897226263840098 0.0583559000515379
0.999999999999999 11
37 1.3187308148490167 0.7349838352749141 0.05172920000040904
0.9999999999999997 11
38 1.2847077276487344 0.7193999475852266 0.05718120001256466
1.0 11
39 1.2541987818910625 0.674765148492765 0.05294539994793013
1.0000000000000002 11
40 1.2246039253504954 0.6575808571212383 0.05759549996582791
0.9999999999999996 11
41 1.1984312657979084 0.6216883505678571 0.050653599959332496
0.9999999999999996 11
42 1.1736428463323545 0.6050255356746842 0.052356300002429634
1.0000000000000018 11
43 1.1517658742669368 0.5769344412078447 0.058569899993017316
1.0000000000000007 11
44 1.1310059823991765 0.5606983229756595 0.055590600008144975
1.0 11
45 1.1123231720888507 0.5377006087468935 0.05051990004722029
1.0000000000000004 11
46 1.0944650517507475 0.522610497839136 0.05624309997074306
1.000000000000001 11
47 1.078291476720203 0.5039403661110146 0.05531010002596304
1.0000000000000007 11
48 1.0626690129995586 0.489151532936538 0.05192120000720024
1.0000000000000004 11
49 1.0485638633668801 0.47431512728928443 0.05471529997885227
0.9999999999999988 11
50 1.0349655212353603 0.46111578869116326 0.057603900029789656
0.9999999999999998 11
51 1.02262826619699 0.4486199247553444 0.07445600000210106
0.9999999999999991 11
52 1.0097542704030087 0.4368339003534412 0.060528900008648634
0.9999999999999996 11
53 0.9982398635784848 0.4236042471523916 0.05580189998727292
1.0000000000000002 11
54 0.983932245996239 0.41483400914830976 0.05374909995589405
0.9999999999999976 11
55 0.9722219502451369 0.3962813075580954 0.06244070001412183
1.0000000000000002 11
56 0.9530668110927687 0.379048598717633 0.05076160002499819
0.9999999999999996 11
57 0.9381362933879498 0.35985305950686725 0.058124000031966716
1.0000000000000004 11
58 0.9283849885139683 0.3551549735498886 0.05581199994776398
1.0000000000000004 11
59 0.9197266543855304 0.34254670103147583 0.05453789996681735
1.0000000000000007 11
60 0.9117503455590628 0.3393548048821824 0.05176870001014322
1.0000000000000013 11
61 0.9044342255995689 0.32727618815927756 0.049675999965984374
0.9999999999999996 11
62 0.8978803789990716 0.3246124778363352 0.0545706000411883
0.9999999999999991 11
63 0.8918272831445858 0.3145649019847267 0.054098399996291846
1.0000000000000007 11
64 0.8865040789628263 0.31267197471400615 0.05468639999162406
0.9999999999999984 11
65 0.8814937134631727 0.3043020706533299 0.055164100020192564
0.9999999999999998 11
66 0.8768181297874172 0.3021898300930311 0.058393799990881234
67 0.05592882984887753
-------------------------------------------------END------------------------------------------------------
17
------------------------------------Randomized only---------------------------------------------------
376.77520810167675 375.88828689180525
0.9957573683917367 10
0 350.5251556977514 351.4403970409623 0.03519570000935346
0.994074768468737 10
1 312.628827825178 316.82912409179363 0.02981709997402504
0.9882434309654944 10
0.9995066060435469 40
2 267.131632442901 276.610764845354 0.06344900000840425
0.9833836331552877 10
0.9970519830509657 40
3 223.94586805739576 236.8417104907574 0.05921109998598695
0.9441066706491558 10
0.9970938529496256 40
4 136.4662894935996 146.23884328318076 0.06240850000176579
0.9519068526900292 10
0.9940132487789721 40
5 64.27602694748334 66.98650607618836 0.06878689996665344
0.8388234479892025 10
0.9660853471055578 40
0.9875285184188742 70
0.9917366960848333 100
6 39.33708823723469 42.32972604697484 0.1717081000097096
0.641993633287154 10
0.8724249692040928 40
0.9426156694916419 70
0.9605831467415589 100
1.0000000000000002 103
7 27.112151308768603 29.123202470758915 0.19529329997021705
0.9145508524185262 10
0.9654996407780493 40
0.9882240638692231 70
0.9932554337559453 100
8 17.584880085747137 18.319547649065303 0.17021110001951456
0.8647261307040077 10
0.9514786623589155 40
0.9678890475987155 70
0.9749698111181333 100
1.0000000000000007 103
9 11.020340301287707 11.175140402995986 0.18058410001685843
0.8666565690127706 10
0.9732915904974296 40
0.9840294875467901 70
0.9881233595215205 100
0.9999999999999992 103
10 8.330794186946475 8.559988012418405 0.17181610001716763
0.9785680534202514 10
0.999090220249528 40
11 5.9785125545831965 5.890012018137779 0.06401029997505248
0.5638396357068843 10
0.6216948257354211 40
0.721942137305326 70
0.8223868493282085 100
1.0000000000000002 103
12 5.040505347102835 5.101540034085047 0.1670209000003524
0.9879519256633975 10
0.9982742090820723 40
13 4.068364181181166 4.03064051464071 0.0639212999958545
0.8531545321479885 10
0.8802431800005459 40
0.9296083180357407 70
0.9561999802192711 100
0.9999999999999997 103
14 3.2732722760219364 3.0116065314080065 0.19108469999628142
0.9196597762804732 10
0.9813421496876182 40
0.9875781594762407 70
0.9901190338723419 100
15 3.0603543111814093 2.7251449969493406 0.1468239999958314
0.6894660614399424 10
0.7217485456376487 40
0.7355990155188165 70
0.7432860866705316 100
0.9999999999999998 103
16 2.4909206448859025 2.061913134909437 0.18425379996187985
0.9308441729280245 10
0.9885322648272076 40
0.9922296507773766 70
17 2.3831526593492818 1.9361093858527751 0.11119149997830391
0.3346135208088001 10
0.3516402893925054 40
0.35681710095259683 70
0.4632228952147514 100
1.0000000000000002 103
18 2.0721552594623507 1.6325860314616971 0.18464320001658052
0.9576309615775235 10
0.9894032884565056 40
0.9940031474200615 70
19 1.9972635552940112 1.549781671387219 0.11078579997410998
0.10884327589361081 10
0.14629058883625426 40
0.16183360971465396 70
0.37024078847969677 100
0.9999999999999999 103
20 1.7841514575385227 1.2392781918452247 0.1719071000115946
0.843103622878082 10
0.9607242871539519 40
0.9666820556557099 70
0.971264909653026 100
0.9999999999999998 103
21 1.6397445044432017 1.0772426394086247 0.1690451999893412
0.8876797417560761 10
0.9685731400854968 40
0.9791212488849119 70
0.9818138918164534 100
0.9999999999999998 103
22 1.5359826433858739 0.9634648262137321 0.17510029999539256
0.8600288569146213 10
0.9439266632196184 40
0.9538688839487609 70
0.9573947424994467 100
0.9999999999999994 103
23 1.4557030922298517 0.8816583399537974 0.16655399999581277
0.5181501498669427 10
0.7046843878157055 40
0.7334218280682213 70
0.7432930815527204 100
0.9999999999999996 103
24 1.3966644087104385 0.827200192570531 0.1752740999800153
0.82696686931797 10
0.8940094616452545 40
0.8993782476186732 70
0.9036695066566504 100
0.9999999999999998 103
25 1.3452699156930652 0.7753445201458442 0.17853180004749447
0.17585740757701088 10
0.47727382839136323 40
0.5008521507255576 70
0.5082296343870252 100
1.0000000000000002 103
26 1.3030918279565997 0.7323954391405195 0.16976889997022226
0.8021892474147739 10
0.8431408490865367 40
0.8471476893855141 70
0.8514479593764855 100
0.9999999999999996 103
27 1.2632118719886791 0.6956673940687167 0.16811770002823323
0.7290748579752567 10
0.8203885736853046 40
0.826460331809098 70
0.8286993585954344 100
0.9999999999999999 103
28 1.228273207255133 0.6553126409013692 0.17205499997362494
0.8179810939628172 10
0.8469689594255081 40
0.8511536590470646 70
0.8550993865109775 100
1.0000000000000002 103
29 1.1936822536433451 0.6246413045107696 0.18494120001560077
0.8713436526019182 10
0.9192772855179112 40
0.9219798822114861 70
0.9231185220885483 100
1.0 103
30 1.1626676173132902 0.5861683543073426 0.16961199999786913
0.6969935172418863 10
0.7452246933589427 40
0.752460023291761 70
0.7589061128077924 100
0.9999999999999997 103
31 1.131707157288537 0.5604318448130184 0.17832010000711307
0.909381025053014 10
0.9474680611373456 40
0.948992409470262 70
0.9496625320122498 100
1.0000000000000007 103
32 1.1038891079449737 0.5233717477930441 0.18723550002323464
0.4558511403098579 10
0.5949667819479175 40
0.6083867778573606 70
0.6164167603361549 100
0.9999999999999996 103
33 1.0770433396851364 0.5034343928516968 0.1827665999880992
0.9008299233705531 10
0.9469570765080865 40
0.9480736774013582 70
0.9486198533727331 100
1.0 103
34 1.052575752379409 0.46814552091741657 0.188904500042554
0.7554499935963598 10
0.8514781744369506 40
0.8556214538313917 70
0.8577360275975642 100
1.0000000000000004 103
35 1.0297597011327846 0.45358912305943466 0.18173270003171638
0.8776940892214191 10
0.9237721605094089 40
0.9251163279383755 70
0.9260602174099216 100
0.9999999999999999 103
36 1.0090451431257925 0.42232247095701425 0.25810869998531416
0.8929588305750781 10
0.9299203997716402 40
0.931583115195758 70
0.9323042205240673 100
1.0 103
37 0.9903607508187935 0.41004074393063406 0.1740087000071071
0.7697696141057645 10
0.8022026381107809 40
0.8052746832624628 70
0.8077452713413003 100
1.0000000000000004 103
38 0.9734194924858454 0.3862179736460323 0.1788805000251159
0.9034939826020482 10
0.9236788450548611 40
0.9250425686608565 70
0.9256075288721053 100
0.9999999999999996 103
39 0.9575690011711813 0.373055926950575 0.1749897000263445
0.5149002901334664 10
0.5467688714343687 40
0.5549697114386773 70
0.5602780553182906 100
1.0000000000000004 103
40 0.9428065263394972 0.3549773606034116 0.19505090004531667
0.912081429570836 10
0.9315736722275706 40
0.9326646738283502 70
0.9331470126654399 100
1.0000000000000004 103
41 0.9285337276629813 0.34122399984976665 0.17750920000253245
0.5505281302076351 10
0.5819954858743246 40
0.5906151943799829 70
0.5957368611382408 100
1.0000000000000002 103
42 0.9149469008140295 0.3265306333368291 0.20019619999220595
0.9400002467081936 10
0.957907254273403 40
0.9586392007551099 70
0.9589788973748157 100
1.0000000000000002 103
43 0.9018299347621108 0.31267748162775605 0.20166249998146668
0.6748024891961609 10
0.7011724444774488 40
0.7073504952996761 70
0.71111801350333 100
1.0000000000000002 103
44 0.8891776069109132 0.3005895987544482 0.2539598000003025
0.9553069374692005 10
0.9716020098761867 40
0.972099878795657 70
0.9723691143572941 100
1.0000000000000004 103
45 0.8769920093374938 0.28680030991801136 0.22707589995115995
0.7360785075915411 10
0.760015592646944 40
0.7644823429565721 70
0.7676696934757888 100
0.9999999999999993 103
46 0.8652209757218418 0.27683866452113387 0.2428716000285931
0.9619734560418347 10
0.9776739339263866 40
0.9780255253638575 70
0.9782659305129684 100
1.0000000000000007 103
47 0.8539086219459961 0.2634672333175979 0.2290818999754265
0.762048741187921 10
0.7854027700298416 40
0.7887661062642849 70
0.7918505025467646 100
1.0000000000000004 103
48 0.8430781751381348 0.2551676521406003 0.21562420000554994
0.9640982509632308 10
0.9805266855903911 40
0.9808039530034317 70
0.9810332916480414 100
1.0000000000000004 103
49 0.8327569067266059 0.2428498620968303 0.2080077999853529
0.7746996208989657 10
0.7993245880200464 40
0.8019618465457438 70
0.804943367837014 100
0.9999999999999998 103
50 0.823019060503584 0.23572219697958582 0.19990330003201962
0.9615297405794336 10
0.9806164092672912 40
0.9809290443723502 70
0.9811688168652051 100
1.0000000000000004 103
51 0.8138693578991999 0.22518359592157036 0.18803010002011433
0.7786903100386116 10
0.8086968343619565 40
0.8109885148565118 70
0.8135554213253972 100
1.0000000000000002 103
52 0.8053193208031186 0.2186345202265466 0.3013700000010431
0.9527912783742407 10
0.9764458220376847 40
0.9769222598207051 70
0.9772183661259665 100
0.9999999999999999 103
53 0.7973405427144986 0.21016272955641235 0.19226410001283512
0.781654326958354 10
0.8163070729357709 40
0.8185932066875888 70
0.8205799288987008 100
1.0000000000000002 103
54 0.7898535449975974 0.2038156730156001 0.1853694999590516
0.9388601806158864 10
0.9671677560469089 40
0.9678860139361186 70
0.9682973781128732 100
1.0000000000000009 103
55 0.782869141293112 0.1971214408079995 0.1840548000182025
0.7886567013141841 10
0.8221784560777707 40
0.824577388869528 70
0.826124941870672 100
1.0000000000000007 103
56 0.7762645655873153 0.1910546782614685 0.18470449995948002
0.9217489060639976 10
0.9537759989212985 40
0.9547768741316611 70
0.9553457364533001 100
1.0 103
57 0.770119321864365 0.18568587985292237 0.19156690000090748
0.8009845133363205 10
0.8314123940579543 40
0.8338427006992091 70
0.8350993863791429 100
0.9999999999999992 103
58 0.7642941694583396 0.18007978088400659 0.17900250002276152
0.9010591537967622 10
0.9365827576080015 40
0.9379410611946051 70
0.9387162666920222 100
1.0 103
59 0.7588905060342933 0.17570898153551873 0.1853654999868013
0.815619432351994 10
0.8440386494865855 40
0.8464357830006416 70
0.8474995043780174 100
0.9999999999999994 103
60 0.7537781666666846 0.1706154508298847 0.170027400017716
0.8742641337023772 10
0.9135895911392696 40
0.9154300241641566 70
0.9165016387192555 100
0.9999999999999996 103
61 0.749039701581541 0.16706772516418472 0.18916929996339604
62 0.16999901128996675
-------------------------------------------------END------------------------------------------------------
------------------------------------Krylov only---------------------------------------------------
376.77520810167675 375.88828689180525
1.0000000000000007 11
0 348.24571161430197 349.4341461066039 0.19485890003852546
1.0000000000000007 11
1 301.76111291758593 307.7018519957635 0.05320550000760704
1.0000000000000002 11
2 213.61121779614137 226.76526176497038 0.05722809996223077
0.9999999999999991 11
3 166.62540009080305 178.02117773734398 0.0720308999880217
0.9999999999999997 11
4 85.43612703228132 92.01069221023793 0.058352500025648624
1.0000000000000002 11
5 21.52999386434798 23.678761213970322 0.08167499996488914
1.0000000000000002 11
6 8.66783382544756 8.927838282034768 0.05863560002762824
0.9999999999999997 11
7 5.549421859427377 5.290563351882016 0.05682189995422959
1.0000000000000007 11
8 4.3128057640833095 4.0823571483869125 0.04806380002992228
0.9999999999999994 11
9 3.7431755601012306 3.503797916166286 0.05749849998392165
0.9999999999999997 11
10 3.292371631558167 3.088398927845469 0.05662690004101023
0.9999999999999992 11
11 3.0555225695449 2.830749218346382 0.05714709998574108
1.0 11
12 2.799201529342227 2.5293214105734463 0.05122779996600002
0.9999999999999998 11
13 2.588161904604845 2.3077438697722665 0.05763130000559613
0.9999999999999993 11
14 2.3603518064948914 2.0051563741807614 0.05057940003462136
0.9999999999999998 11
15 2.2492313830203 1.9360912209102312 0.05674680002266541
0.9999999999999996 11
16 2.129996257798935 1.7524437396657764 0.056420399982016534
0.9999999999999994 11
17 2.0244212641767705 1.6546335024319776 0.05507889995351434
0.999999999999999 11
18 1.9015593935915185 1.4790260759154394 0.054805399966426194
1.0 11
19 1.788323943841019 1.3666719877855267 0.05535399995278567
0.9999999999999999 11
20 1.6868710831042242 1.2200030162991788 0.056332700012717396
1.0 11
21 1.5850875603562098 1.1059117728012944 0.05755470000440255
0.999999999999999 11
22 1.4878755348993857 0.9911474739915229 0.05598579999059439
1.0000000000000002 11
23 1.4084868065070777 0.8902865565601642 0.056848399981390685
1.0000000000000004 11
24 1.3469753698891183 0.8243752539212545 0.05316930002300069
1.0000000000000002 11
25 1.3021382208812247 0.7770132689591539 0.05243079998763278
1.0 11
26 1.2668966724684767 0.7346391542937113 0.054728400020394474
0.9999999999999997 11
27 1.2357587394808918 0.7057422200553088 0.05472760001430288
0.9999999999999992 11
28 1.209572126108226 0.6733446110417697 0.05352560000028461
1.0000000000000002 11
29 1.1863069337481427 0.6542451984804195 0.04995210003107786
0.9999999999999988 11
30 1.1661149493906524 0.6259609480950787 0.05375869997078553
1.0000000000000007 11
31 1.1477490950235412 0.6143718758702278 0.05613039998570457
1.000000000000001 11
32 1.1311104684780138 0.5905217007803842 0.056320999981835485
1.0000000000000002 11
33 1.1156474012541833 0.5813687112234098 0.04988589999265969
0.9999999999999994 11
34 1.1011696612790844 0.5601881863919587 0.053329599963035434
1.0000000000000004 11
35 1.0869927675306426 0.5508506470806951 0.056363800016697496
0.9999999999999999 11
36 1.0736917938572161 0.5324413835490316 0.056452999997418374
1.0000000000000002 11
37 1.0614620057723994 0.5258178196352857 0.05355990002863109
0.9999999999999988 11
38 1.0496889749170446 0.5082297107559134 0.05358549999073148
1.0000000000000002 11
39 1.0385642770127 0.5021047950481452 0.05472890002420172
0.999999999999999 11
40 1.0277527727715159 0.48593998128431887 0.05570679996162653
1.0000000000000004 11
41 1.0174724846356749 0.4803389160833434 0.047862600011285394
1.0 11
42 1.007392530638072 0.4649106798512478 0.052350300014950335
0.9999999999999999 11
43 0.9977998240288393 0.4602677369799243 0.0568599000107497
0.9999999999999997 11
44 0.9884341374519172 0.44562186984891594 0.05283510003937408
0.9999999999999993 11
45 0.9799245842150194 0.43976933072290303 0.053099799959454685
1.0000000000000004 11
46 0.9715919915236972 0.427089403314968 0.04867689998354763
1.0000000000000004 11
47 0.9637973705881544 0.42310580019377847 0.056932699983008206
0.9999999999999997 11
48 0.9561876139513024 0.4115627462200778 0.056163899949751794
1.0000000000000004 11
49 0.9489165005052491 0.40705008183227837 0.05553189996862784
0.9999999999999992 11
50 0.9415228823912221 0.39608025824571597 0.05657809996046126
1.0000000000000013 11
51 0.9344316254289755 0.39172103762995314 0.05362960003549233
1.0000000000000004 11
52 0.9270730576955751 0.3811298772997768 0.056060299975797534
1.0000000000000004 11
53 0.9200652654287537 0.3761349722878298 0.05521980003686622
1.0000000000000002 11
54 0.9130226510736033 0.36442776159949636 0.05666699999710545
1.0000000000000004 11
55 0.9062483441593538 0.3611071508363916 0.05514230002881959
0.9999999999999996 11
56 0.9006891059853271 0.35212530861837743 0.057985000021290034
0.9999999999999994 11
57 0.8953403327850021 0.34927809201116233 0.056475300050806254
1.0 11
58 0.8900304396070858 0.34087350350552487 0.0508646999951452
0.9999999999999998 11
59 0.8848932273313338 0.3380759845511134 0.05538099998375401
0.9999999999999982 11
60 0.8797592985007168 0.32962376730038134 0.05799840000690892
0.9999999999999997 11
61 0.8747649254312136 0.32691857901804533 0.05237809999380261
62 0.05773806935288913
-------------------------------------------------END------------------------------------------------------
18
------------------------------------Randomized only---------------------------------------------------
391.0642600697178 390.35272568037607
0.9876547613188084 10
0.9995743808726362 40
0 361.11854615792794 361.4288386293301 0.06814439996378496
0.9919159899665935 10
1 319.5142431006824 321.3463186648589 0.03189939999720082
0.9960595558238416 10
2 274.1781546781174 280.64797595060196 0.03228879999369383
0.9923323916196124 10
3 237.92351342552175 250.05161229212845 0.0244362999801524
0.9703684389956031 10
0.9991283859865812 40
4 195.11594842960298 205.63058512010915 0.05077780003193766
0.8757801755443383 10
0.9866654057554339 40
0.9966305150025717 70
5 81.00285621313847 86.1577915924132 0.1101193000213243
0.6310441478590938 10
0.9408559396971173 40
0.9700753126840663 70
0.9885551471301268 100
0.9999999999999998 103
6 79.42027916768882 85.03662321170626 0.18441580003127456
0.9919929138300585 10
7 47.53165912851158 47.82006985133986 0.026509499992243946
0.8991302451561798 10
0.9810809796662994 40
0.9907164745318362 70
8 31.821933048074843 33.42412712887977 0.11248010001145303
0.941818145523626 10
0.9701126806675772 40
0.9764753002835901 70
0.9841448185739821 100
0.9999999999999999 103
9 22.829516271052924 23.713295554071884 0.17701390001457185
0.9325165080395637 10
0.9941169649719067 40
10 17.15163854925374 17.862216421735496 0.06483420002041385
0.8386126776422417 10
0.9020340679442671 40
0.9365670622091042 70
0.9628856047130763 100
0.9999999999999999 103
11 13.023508987832312 13.385566107018894 0.1941029999870807
0.9702078048253538 10
0.9878881110642619 40
0.9928860797076611 70
12 11.513736401979282 11.53575045905149 0.11009370000101626
0.505727209393942 10
0.6484143873614434 40
0.7109152108052423 70
0.8006131927448454 100
1.0 103
13 9.20642500024772 9.212112090201625 0.16850159998284653
0.9810829421527053 10
0.9975388634246529 40
14 7.905637245000118 7.92268075050686 0.06011650001164526
0.6349001472516428 10
0.6886594830031434 40
0.8298130357494515 70
0.8819021392408704 100
1.0 103
15 6.509074725900586 6.349968845114355 0.189917899959255
0.9927913344342911 10
16 6.390444513251829 6.216792895219677 0.029937800019979477
0.022452663860887494 10
0.44619828538539835 40
0.6200619007322298 70
0.768855909333938 100
0.9999999999999998 103
17 5.820044220222107 5.516551566612224 0.1708838000195101
0.9687738057973545 10
0.997544300309484 40
18 4.573750876276799 4.240889961903831 0.05967440002132207
0.40416412504201665 10
0.4562954545277563 40
0.7535335574196607 70
0.8871919997043903 100
0.9999999999999998 103
19 4.028782424748219 3.5636577215733154 0.1913463000091724
0.9681578347092284 10
0.9944860466273326 40
20 3.8054502539502697 3.4188573852781583 0.06706819997634739
0.08184364447040715 10
0.08938699671120882 40
0.344940139921873 70
0.5150139739850823 100
0.9999999999999999 103
21 3.3737739697218827 2.9727593086004926 0.18521879997570068
0.9396985882752104 10
0.987801731785662 40
0.9916257842598737 70
22 3.2775862550041333 2.907877956324212 0.12495420000050217
0.8911963630917683 10
0.8937963646860508 40
0.8948220403203306 70
0.9148580090435111 100
0.9999999999999989 103
23 2.943015185907502 2.6155098730082034 0.1726646000170149
0.9838493590915721 10
0.9975117602041297 40
24 2.8498940301803106 2.5097303670337325 0.06783790001645684
0.019862747116512057 10
0.024298518688061273 40
0.2248670248387175 70
0.3625654384200245 100
0.9999999999999999 103
25 2.571882067361765 2.1183506180733147 0.19254319998435676
0.9371341625185209 10
0.9669024711973332 40
0.9729617521873599 70
0.9761837934568592 100
0.9999999999999991 103
26 2.375055810171482 1.9217722043783905 0.1967134999576956
0.8234190457009949 10
0.9748221131241225 40
0.98242627889085 70
0.9849130291817635 100
1.0000000000000002 103
27 2.2219315574340506 1.734658916065505 0.18528199999127537
0.9742400012400775 10
0.9866926206789002 40
0.9877724955973849 70
0.9886006689105696 100
0.9999999999999991 103
28 2.1157316424181087 1.657405948440648 0.17668209999101236
0.9711959196787411 10
0.9935108514124396 40
29 2.1058077531323023 1.6569151818573173 0.060028099978808314
0.0006258890872603953 10
0.0012216560785241386 40
0.05275823376598308 70
0.12337690929206092 100
0.9999999999999998 103
30 2.0115173331474803 1.5305110362044603 0.1844977000146173
0.9670880073307194 10
0.9844749141057149 40
0.986159284681841 70
0.986695289979597 100
0.9999999999999996 103
31 1.9247555841083304 1.474019437267504 0.187215699988883
0.9731836833120409 10
0.9854546185322686 40
0.9865131959620098 70
0.987215563586968 100
1.0 103
32 1.844676509127215 1.3712725757272965 0.17424229998141527
0.8803042528918346 10
0.9308526321807311 40
0.935585936554691 70
0.9373689886401062 100
1.0000000000000002 103
33 1.7726955902503563 1.3204161506900345 0.17825830000219867
0.8729872436547288 10
0.9103443797445979 40
0.9144905958405343 70
0.9175666483361687 100
1.0000000000000004 103
34 1.7071582886969634 1.2285187704160938 0.1805879000457935
0.9094283950535424 10
0.9449493096723145 40
0.9482992931956375 70
0.9498939836698328 100
1.0000000000000002 103
35 1.6431581403353506 1.1824778334722865 0.1864011000143364
0.9134953353559043 10
0.9367334690742224 40
0.9384872016271645 70
0.940818814024503 100
1.0 103
36 1.582382407960277 1.0972966572480305 0.18009219999657944
0.9376209605270257 10
0.9622815437576271 40
0.9646324452753471 70
0.9655672657870382 100
0.9999999999999989 103
37 1.5219270328337176 1.0537486972307897 0.18602239998290315
0.9541657600138886 10
0.9701382201620147 40
0.9708172429963794 70
0.9718837183526368 100
1.0000000000000002 103
38 1.4668062863307734 0.9789886174699818 0.17675450001843274
0.861638595024067 10
0.902461706389331 40
0.9074991343041904 70
0.9099393923106245 100
0.9999999999999997 103
39 1.417584928941739 0.9443533139050354 0.175341899972409
0.9285576624799086 10
0.9546264656994513 40
0.9556201751914386 70
0.9567775015980653 100
0.9999999999999994 103
40 1.3748034204327753 0.8879087771954347 0.1755185999791138
0.6723998123470818 10
0.7362468293881519 40
0.7456570070083093 70
0.7518354739177197 100
0.9999999999999999 103
41 1.3369038895986392 0.8610214488294821 0.17264659999636933
0.8813836436775848 10
0.9240788798300468 40
0.9255321025741292 70
0.9268321959039232 100
0.9999999999999999 103
42 1.3036080902486178 0.8199495446013262 0.175037799985148
0.5849796202516481 10
0.6646378662431969 40
0.6743574935960037 70
0.6800255463637667 100
0.9999999999999999 103
43 1.2734284804704838 0.7962884896762895 0.17785849998472258
0.8209859658343412 10
0.882618339044851 40
0.8845302416456784 70
0.8860296800361718 100
1.0000000000000007 103
44 1.2468920636998306 0.7661411396749227 0.1808986000251025
0.4589371267208095 10
0.5653874201144762 40
0.5768770467131636 70
0.5820588342465632 100
0.9999999999999996 103
45 1.2223076915861477 0.7450664380390088 0.1902422999846749
0.7313858455839328 10
0.8048128692992299 40
0.8078718588607964 70
0.809929985797736 100
1.0000000000000002 103
46 1.200656434723912 0.7220235004031856 0.18748390005202964
0.3482977591702735 10
0.4645104042165063 40
0.47762755767716414 70
0.48255023004203756 100
1.0000000000000002 103
47 1.1802710307339188 0.7030230746374551 0.17232990002958104
0.6874183469501326 10
0.7466885139773171 40
0.7503237860293229 70
0.7527691931186565 100
0.9999999999999994 103
48 1.1622765082036182 0.6847678435310809 0.17201520001981407
0.23874764458554812 10
0.3377255365489962 40
0.3512237709645975 70
0.3563751653830636 100
0.9999999999999998 103
49 1.1451661261639463 0.6676525861309694 0.17458589997841045
0.6649336122235882 10
0.7112233847673464 40
0.714654604912392 70
0.7174378431893215 100
1.0000000000000004 103
50 1.129993790139342 0.652510363714357 0.17843859997810796
0.5316460999260202 10
0.5645866998838548 40
0.5707823124052136 70
0.5735824488341461 100
0.9999999999999998 103
51 1.1151117336956282 0.6373219738532812 0.19029699999373406
0.5109107255416226 10
0.5703694635537334 40
0.574577863982366 70
0.578839687918948 100
1.0000000000000004 103
52 1.1018573484450225 0.6235124188084956 0.18007600004784763
0.634023427015005 10
0.6474953064319993 40
0.651104365222748 70
0.6529582519773652 100
0.9999999999999994 103
53 1.0883551186772218 0.6101222735993583 0.1754437999916263
0.26599808355275023 10
0.35545327879260136 40
0.36099252757224165 70
0.36728585613436426 100
1.0 103
54 1.076322519794989 0.596522637619784 0.18082449998473749
0.6077242639605648 10
0.6195898462311223 40
0.6230484237257601 70
0.6247899348196115 100
1.0000000000000002 103
55 1.063870922326934 0.5847832953641418 0.17274209996685386
0.1719090849182321 10
0.27575399160147934 40
0.2815260174369584 70
0.288179116272817 100
1.0000000000000004 103
56 1.05274543503087 0.5711355649152234 0.17604900000151247
0.5483567891072681 10
0.5631765610624824 40
0.567114088885348 70
0.5689617387431839 100
0.9999999999999998 103
57 1.0412585139326158 0.5608907361203082 0.18105030001606792
0.20844226929084023 10
0.30794870566576965 40
0.31325321306380155 70
0.3192056802852366 100
1.0000000000000007 103
58 1.0309116382896377 0.5473287755592362 0.18148170004133135
0.5093669215999141 10
0.526068438770835 40
0.5304065871530373 70
0.532306361728553 100
1.0000000000000002 103
59 1.020366844430083 0.5384204415940416 0.210112200002186
0.30935781622163855 10
0.3921592632745196 40
0.3967741834163644 70
0.40173926094602846 100
0.9999999999999996 103
60 1.010743192240561 0.5251252847375385 0.19592790002934635
0.5031546740200104 10
0.5185894991387612 40
0.5230519023436656 70
0.5248607823017879 100
0.9999999999999992 103
61 1.001111144751169 0.5174827545639024 0.1996042999671772
0.41628403978564443 10
0.4809497070096537 40
0.48492762479005797 70
0.4890215413044669 100
1.0000000000000007 103
62 0.9921811596525113 0.5044781522359336 0.2096663999836892
0.4798438590732612 10
0.4933969055835052 40
0.49805132374609895 70
0.4997438063944066 100
0.9999999999999993 103
63 0.9833300051682028 0.49809355603786976 0.17136789998039603
0.458673076495075 10
0.5171218007532546 40
0.5208909161940543 70
0.5247182019992479 100
0.9999999999999998 103
64 0.9750109915369596 0.48515233404461855 0.19061890000011772
0.3928257669192782 10
0.4070167342178658 40
0.412252518139058 70
0.41391383890113304 100
0.9999999999999999 103
65 0.9667040203493144 0.4799905782077662 0.19577240000944585
0.4446325621116076 10
0.5116568188494712 40
0.515605832512288 70
0.5197175016810353 100
0.9999999999999999 103
66 0.9588376575281929 0.4667509758934968 0.20696819998556748
0.2941244827106125 10
0.31205843317341514 40
0.31783071635465576 70
0.3194612418164667 100
0.9999999999999999 103
67 0.9508892846210696 0.46277231563001087 0.2043833999778144
0.4347801506607623 10
0.5216066256884241 40
0.5256725835171532 70
0.5300774322414888 100
1.0000000000000004 103
68 0.9433450342577807 0.4490052142113806 0.19586239999625832
0.2685718486670483 10
0.29234351266262076 40
0.29797831110511963 70
0.29951156293742875 100
0.9999999999999997 103
69 0.9357003643841839 0.4461101347354315 0.2082418999634683
0.469028186219682 10
0.5812109440746568 40
0.5849856503008649 70
0.5890817565720293 100
1.0000000000000002 103
70 0.9284546946301553 0.43195680810305837 0.2086544000194408
0.3091249786150866 10
0.33888897007409857 40
0.3438043424669679 70
0.3453176013602868 100
0.9999999999999997 103
71 0.921290253632679 0.4298058458192992 0.2064138999558054
0.5639621701543172 10
0.6846592432509918 40
0.687569677520977 70
0.6903120651692165 100
1.0000000000000007 103
72 0.9145495089177075 0.41627351954744607 0.20178810000652447
0.2708157162487656 10
0.3009580011198237 40
0.30576574969857717 70
0.3077203317380448 100
0.9999999999999998 103
73 0.9083440634939911 0.4140132032769523 0.18901329999789596
0.7316624792938494 10
0.8028864742251632 40
0.8042890134323353 70
0.8053115878160522 100
1.0000000000000002 103
74 0.9025355656595966 0.4030805520718588 0.20219869998982176
0.10812167186443547 10
0.1325381407213839 40
0.13818509476813823 70
0.1407688098674786 100
1.0 103
75 0.8971225013702333 0.3999559543320996 0.190559700015001
0.8291148023958257 10
0.8629015144772096 40
0.8635032224345249 70
0.8640051667526865 100
1.0 103
76 0.8919779894515965 0.39142228250687316 0.1896215999731794
0.33153281281375363 10
0.3675362287971157 40
0.37145060463893426 70
0.3731952878311565 100
1.0000000000000002 103
77 0.8868216424166583 0.3879910900418109 0.18893810000736266
0.8572971528784488 10
0.8816186944122423 40
0.8820621865722967 70
0.8825154801002496 100
0.9999999999999997 103
78 0.881870378152096 0.38020414466928854 0.1882012999849394
79 0.1600612202516309
-------------------------------------------------END------------------------------------------------------
------------------------------------Krylov only---------------------------------------------------
391.0642600697178 390.35272568037607
0.9999999999999999 11
0 359.54296933455396 359.81319504500044 0.06150020001223311
0.9999999999999999 11
1 313.3514951939533 315.9235868970468 0.052983000001404434
0.9999999999999998 11
2 230.33323921863652 239.56628689491265 0.05609510000795126
1.0000000000000002 11
3 197.97980801094576 206.64506620275637 0.08221159997629002
1.0000000000000002 11
4 180.68941303045085 188.38493822753787 0.09291680000023916
0.9999999999999996 11
5 94.51545756017154 100.00106612125948 0.05506370001239702
1.0000000000000004 11
6 29.923601839730672 32.08433845887772 0.05710560001898557
1.0000000000000004 11
7 14.71335770163704 15.686032837323898 0.062072700005955994
1.0000000000000009 11
8 8.934620845490063 9.289795212689308 0.057356599951162934
0.9999999999999996 11
9 6.814998026964091 7.066237759462238 0.055981900019105524
1.0000000000000002 11
10 5.550981446392912 5.689078378192633 0.054457000049296767
1.0000000000000002 11
11 4.9006685397669685 5.118725490454556 0.05616139998892322
1.0 11
12 4.4530102635477276 4.529728587342138 0.05003109999233857
1.0000000000000004 11
13 4.121147208438612 4.209230116076594 0.05759879999095574
0.9999999999999992 11
14 3.83587347368044 3.7951393085456377 0.052052300015930086
1.0000000000000009 11
15 3.5827261757354427 3.5576045056885617 0.1775167000014335
0.9999999999999997 11
16 3.343048918521515 3.1844256588158077 0.05065849999664351
0.9999999999999997 11
17 3.125508162430669 2.965711907561661 0.05310039996402338
1.0000000000000004 11
18 2.9252739708136257 2.6381947351681574 0.05778209998970851
1.0 11
19 2.746988435106899 2.4418929973108474 0.05638720002025366
0.9999999999999999 11
20 2.5925721471345216 2.201372635307389 0.05816760001471266
0.9999999999999996 11
21 2.4616991298533417 2.062282343960563 0.05274249997455627
0.9999999999999998 11
22 2.347719353448225 1.8894487595432379 0.0565873000305146
1.0 11
23 2.2489417553487145 1.7862430481723968 0.05728649999946356
1.000000000000001 11
24 2.159519874784298 1.6619085356582302 0.061438300006557256
1.0000000000000002 11
25 2.081229402565064 1.5808932798282453 0.05236699996748939
1.0000000000000004 11
26 2.0100456769225215 1.487779486700163 0.1680581000400707
1.000000000000001 11
27 1.948099858136443 1.4234522704444812 0.05711040005553514
0.9999999999999998 11
28 1.892008268228386 1.3563552794685556 0.05641770001966506
1.0000000000000002 11
29 1.8429373078953224 1.3024095813550278 0.05552440002793446
1.0000000000000007 11
30 1.7982208967662905 1.2569843335934276 0.054862899996805936
1.0000000000000007 11
31 1.7579954702946357 1.2101314379312593 0.057033799996133894
0.9999999999999997 11
32 1.7211266846560669 1.1780683974307244 0.05844630004139617
0.9999999999999996 11
33 1.6873341911897224 1.1355410984461958 0.057491499988827854
1.0000000000000004 11
34 1.656242219693269 1.1127195593491577 0.060956900008022785
0.9999999999999988 11
35 1.6270254933958097 1.0724515933643677 0.05830820003757253
1.0000000000000009 11
36 1.6000288904797526 1.0567050016744803 0.05482650001067668
0.9999999999999994 11
37 1.5724805656147947 1.014524179538198 0.05512899998575449
0.9999999999999991 11
38 1.5471402739149926 1.0049865282769217 0.06054860004223883
1.0 11
39 1.4744684373465993 0.9256340383132665 0.1818263999884948
0.9999999999999992 11
40 1.4308319065826196 0.8837649454592085 0.05900010000914335
0.9999999999999993 11
41 1.4006439033452773 0.8354573379728778 0.0569275000016205
0.9999999999999998 11
42 1.3769906545812587 0.830509009682939 0.051199200039263815
0.9999999999999993 11
43 1.35274203962033 0.7854707096288535 0.050644900009501725
1.0000000000000002 11
44 1.3318585669390393 0.785126907899416 0.1832871999940835
1.000000000000001 11
45 1.3060432082038207 0.7422203072894412 0.05482660001143813
0.9999999999999971 11
46 1.2847783977852358 0.7379073623971681 0.05595279997214675
0.9999999999999982 11
47 1.267791157545857 0.7069765800152615 0.055984499980695546
0.9999999999999984 11
48 1.2525849304509933 0.7057457754335232 0.049367600004188716
1.0000000000000016 11
49 1.2383455568727169 0.6803789362164062 0.04980570002226159
0.9999999999999999 11
50 1.2254499879867202 0.6781644963399502 0.054904600023292005
1.0000000000000002 11
51 1.213171255851152 0.6556282639520493 0.05471759999636561
1.0000000000000013 11
52 1.2019830168918921 0.6539790816832437 0.06384979997528717
0.9999999999999996 11
53 1.1913113584095103 0.6339509848973046 0.05379390000598505
1.0000000000000004 11
54 1.1815354796578652 0.6327357966182653 0.05550840002251789
1.000000000000001 11
55 1.172102633877114 0.6148729469268215 0.051386999955866486
1.0000000000000007 11
56 1.1634145000470815 0.6138692731030536 0.05546060000779107
1.0 11
57 1.1550391813631922 0.5978573726799561 0.05827259999932721
1.0000000000000004 11
58 1.1473341831629889 0.5971859556462076 0.05357290001120418
1.0000000000000002 11
59 1.140072866788715 0.5830934223163112 0.049907000036910176
0.9999999999999986 11
60 1.1333265879870709 0.5826620435068018 0.057328400027472526
0.9999999999999984 11
61 1.126853843140026 0.5701132821499649 0.054717699997127056
0.9999999999999992 11
62 1.1208035325614656 0.5697548971280418 0.05841940001118928
1.0000000000000009 11
63 1.1149841886597547 0.5584932358669806 0.054913600033614784
0.9999999999999988 11
64 1.1095116189018783 0.5581702800662443 0.04834919999120757
1.0000000000000007 11
65 1.1042357916248406 0.5479772318343296 0.0547064000274986
1.0000000000000004 11
66 1.0992144494058125 0.5476779821703414 0.054973999969661236
0.9999999999999992 11
67 1.094359133696807 0.538327765913605 0.07087649998720735
68 0.06392379853487536
-------------------------------------------------END------------------------------------------------------
19
------------------------------------Randomized only---------------------------------------------------
370.3099565515579 366.83612764513106
0.9897436133384193 10
0.9998198381704755 40
0 343.4561414991221 342.04814596600994 0.07776170002762228
0.9866477082775481 10
0.9998398261250451 40
1 304.9057329792191 308.5866423005186 0.07048230001237243
0.9880312869152731 10
0.9997180415996864 40
2 256.7545211440904 266.620224502984 0.06745360000059009
0.8702085967313309 10
0.998300345850776 40
3 207.0720600118994 219.57429229297904 0.0796130999806337
0.7944528533539994 10
0.9901596182586013 40
4 115.387447408453 122.38764152917189 0.0696227999869734
0.5569218192159919 10
0.9565514986978668 40
0.9868733723956981 70
0.994467590744008 100
5 56.363333113464606 61.65288895268443 0.1678095000097528
0.4374296433336269 10
0.8860149712846036 40
0.9574191799762933 70
0.975844612542493 100
1.0000000000000004 103
6 56.242054944606615 59.73385226008367 0.17427000001771376
0.9917583786751151 10
7 28.34477331238705 29.8067229485778 0.03169590001925826
0.36443278826443376 10
0.8329029840694848 40
0.9578142961187186 70
0.9831729528826357 100
0.9999999999999998 103
8 17.72353503387704 18.37954393146783 0.18153510004049167
0.9680700190567733 10
0.9975175246072451 40
9 9.238892707890022 9.730009361394353 0.06825479998951778
0.7066117281748405 10
0.8431250433496152 40
0.9258978190532192 70
0.9587018087008418 100
0.9999999999999997 103
10 5.888478256838595 5.329601772491613 0.18205989996204153
0.9539684871115208 10
0.9940943661647789 40
11 5.101038575344283 4.5684609868123935 0.056686899974010885
0.37436239182163994 10
0.41684329776055534 40
0.6486395967204637 70
0.8127668942126739 100
0.9999999999999996 103
12 4.143058197368427 3.577850042845904 0.17382110003381968
0.9608309011227422 10
0.9966296987455278 40
13 3.6159470795637696 3.0249783520279934 0.059310499986168
0.26420699226319283 10
0.35437691661263526 40
0.6331781749477996 70
0.7598174002491145 100
1.0000000000000002 103
14 2.969242281683545 2.4687786006507055 0.17873430001782253
0.7138333178231482 10
0.9801751450820736 40
0.9869891863462991 70
0.9906408741417193 100
15 2.7567929347356714 2.2279121451094572 0.15759469999466091
0.21266426965083574 10
0.5835890278295806 40
0.6232085791697336 70
0.6568317693794126 100
1.0 103
16 2.3963451980453283 1.91218198691307 0.17835170001490042
0.970988928291165 10
0.993471524996467 40
17 2.223545850566451 1.6957870604605363 0.059519700007513165
0.21295408947641722 10
0.23814013346846455 40
0.4337450468676575 70
0.5646083402197424 100
1.0 103
18 1.9410546090472023 1.4042046780136983 0.17481650004629046
0.9676462572609618 10
0.9925654654640339 40
19 1.9194832531539436 1.3802472881736827 0.060383700008969754
0.008315702872902196 10
0.011255858678508352 40
0.2228615665378009 70
0.3500120973253245 100
0.9999999999999993 103
20 1.7357200900832521 1.2091863598802874 0.17188369994983077
0.9158628986366445 10
0.9929102709731651 40
21 1.697318567338547 1.1817609979281727 0.05990259995451197
0.005494188592640736 10
0.0071082455867694525 40
0.12924332613722553 70
0.19721982805415827 100
1.0000000000000002 103
22 1.5620712493472435 0.9779148712740102 0.17888169997604564
0.940005191728876 10
0.9727170251183497 40
0.9755303650037506 70
0.977187321062275 100
1.0000000000000002 103
23 1.4594549576449798 0.9183481888510421 0.1691454999963753
0.8764771082632462 10
0.962727640349644 40
0.9682485412367233 70
0.9700764295191683 100
0.9999999999999999 103
24 1.380382606175105 0.8134763821254754 0.181863899983
0.7213730116761553 10
0.7991502582963976 40
0.8152428134305915 70
0.824711216588749 100
1.0000000000000002 103
25 1.3201243095961388 0.7707239304361818 0.18870669999159873
0.7567046623283609 10
0.8753110174917508 40
0.8820734281631412 70
0.8862406135908912 100
1.0000000000000002 103
26 1.2693769746415944 0.7096204304388922 0.18437490001088008
0.6509563303194333 10
0.7359818013232376 40
0.7509516495595785 70
0.7602619565217693 100
1.0 103
27 1.2285554055871097 0.6860716412903648 0.1787892000284046
0.568358358531472 10
0.7012213438364454 40
0.7097001798144118 70
0.713695602094184 100
1.0 103
28 1.1948127665547834 0.6418246972430098 0.1745301999617368
0.7432938893377545 10
0.7657897344662076 40
0.7719361527078761 70
0.7777277246753787 100
0.9999999999999998 103
29 1.1667031867247322 0.631236215581079 0.1721972999512218
0.623750605871309 10
0.6714139745014637 40
0.677725741173669 70
0.6813713654769572 100
1.0000000000000002 103
30 1.1429116705110665 0.5960605016878863 0.17641730001196265
0.7763074653147174 10
0.7898199968885224 40
0.7930217541471671 70
0.7970803100376747 100
0.9999999999999996 103
31 1.1211423511114322 0.5894770120299179 0.18052529997657984
0.5246242468868568 10
0.5858050541924682 40
0.5922492956663051 70
0.5976148979321714 100
1.0000000000000002 103
32 1.10169379080735 0.5587303787170013 0.17967270000372082
0.7831551264389742 10
0.8020003959994494 40
0.8045720855515122 70
0.8080539067453022 100
0.9999999999999994 103
33 1.0830736652067123 0.5531603438240109 0.1771514000138268
0.4748003167664254 10
0.5478078218611728 40
0.5544678993370277 70
0.5602974003104069 100
0.9999999999999992 103
34 1.0660882632032809 0.5256737537816334 0.17929890000959858
0.7879490891497911 10
0.8145130901559957 40
0.816894728583246 70
0.8198275372998216 100
0.9999999999999999 103
35 1.0494807785169542 0.5199265946971886 0.18632370000705123
0.4598815618855383 10
0.5385085743753311 40
0.5448676443989332 70
0.5503214019279014 100
0.999999999999999 103
36 1.034199424851776 0.4955528884645195 0.17005199997220188
0.7785839943486376 10
0.816298241264403 40
0.818853409329146 70
0.8214076577515799 100
1.0000000000000007 103
37 1.0192350435539153 0.488669812908027 0.17490450001787394
0.4664363529669012 10
0.5440753671844057 40
0.5496841583494014 70
0.5545241502357497 100
0.9999999999999994 103
38 1.0054543066164388 0.4680438126406638 0.17363869998371229
0.7446241470765415 10
0.7973086028579215 40
0.8001945593050652 70
0.8026766847326637 100
1.0000000000000009 103
39 0.9921816504073143 0.45939295582089323 0.17463859997224063
0.47196332719797485 10
0.541716532705243 40
0.5462977099380257 70
0.5506119363100317 100
0.9999999999999999 103
40 0.9800011192613216 0.4433938192225762 0.17450889997417107
0.6936806047978635 10
0.758035217643538 40
0.7610608589253713 70
0.7637725482383249 100
0.9999999999999994 103
41 0.9684584791341818 0.43294458141621966 0.17014359997119755
0.5528892423703688 10
0.6015894777641707 40
0.6045200955562609 70
0.607787297519653 100
1.0 103
42 0.9578473901594879 0.4214266971433855 0.17708829999901354
0.6624082822518039 10
0.7242937403434968 40
0.7275578053968765 70
0.7306175889276261 100
0.9999999999999992 103
43 0.9477471199200709 0.40984309718977635 0.1699881000095047
0.6794087734653782 10
0.7080934247571936 40
0.7097347276169466 70
0.7118451964057878 100
0.9999999999999996 103
44 0.9383706555763168 0.40141039737145934 0.18392179999500513
0.6545293932379518 10
0.709257727856298 40
0.7133191235479767 70
0.7166705791657381 100
0.9999999999999998 103
45 0.929346456919605 0.3895288412038145 0.17092780000530183
0.7410623032123081 10
0.7618077445194106 40
0.7630369719338324 70
0.7645714859044485 100
0.9999999999999999 103
46 0.9208891359996367 0.3828899003588812 0.1674879000056535
0.6604476524475285 10
0.7111875100661487 40
0.7160869326121202 70
0.7195155102280388 100
1.0000000000000002 103
47 0.9127031361681769 0.3712070996434404 0.17655640002340078
0.7506865040302013 10
0.770366356307913 40
0.7716392104593416 70
0.7729773106737826 100
1.0000000000000002 103
48 0.9049853489448618 0.3656888883421676 0.18929929996374995
0.6737248161283081 10
0.7231522515751733 40
0.7284736796312157 70
0.7317958089110251 100
0.9999999999999994 103
49 0.8974941102709476 0.35437583665234673 0.18157010001596063
0.7309854578334987 10
0.7535222258624745 40
0.7550958455733905 70
0.7564442271958678 100
1.0000000000000002 103
50 0.8904029015619419 0.3496795179347768 0.1808240999816917
0.6862865531987923 10
0.7364468822053365 40
0.7418057844123842 70
0.7449698051584214 100
1.0 103
51 0.8834977775531968 0.33873340160807175 0.16911000001709908
0.696389093503403 10
0.7247988044987748 40
0.7268805753862436 70
0.7283786276497073 100
1.0 103
52 0.8769378719669975 0.3347072326880851 0.18574129999615252
0.6920307372605691 10
0.7448348425770009 40
0.7500632345659499 70
0.7531122476074544 100
1.0000000000000002 103
53 0.8705191288036375 0.3240636939200838 0.18547409999882802
0.6622411821479555 10
0.6984117142190296 40
0.7011423417340082 70
0.7028808754960431 100
0.9999999999999996 103
54 0.8643979777617816 0.3205892592979163 0.18156669999007136
0.6895128246884028 10
0.7463542823949587 40
0.7514189833412932 70
0.7544215108702743 100
0.9999999999999998 103
55 0.8583717535021295 0.3101930173066619 0.17760409996844828
0.6420406416767825 10
0.6859113737746467 40
0.6893012254377942 70
0.6913045952171765 100
0.9999999999999999 103
56 0.8526018713720014 0.30714334107541824 0.19948839995777234
0.6809358723838487 10
0.7424002656333927 40
0.7472929982749564 70
0.7502946858896448 100
1.0000000000000004 103
57 0.8468859047599433 0.296978700698445 0.19229919998906553
0.6410405352953219 10
0.6906683138557604 40
0.6945855513270628 70
0.6968002776591965 100
1.0000000000000002 103
58 0.8413925761598724 0.2942209631852638 0.20069880003575236
0.6690993175239611 10
0.735231049375873 40
0.7399359107054827 70
0.7429475813704505 100
0.9999999999999999 103
59 0.8359227886123195 0.28431241837060234 0.20379720005439594
0.6575237107978621 10
0.7098563672104459 40
0.7140606674584419 70
0.7163628977875841 100
1.0000000000000002 103
60 0.8306510882495877 0.28172993427451376 0.18267949996516109
0.6548614320026233 10
0.7257774756140606 40
0.7302917089624195 70
0.7333038858768227 100
1.0 103
61 0.8253865982614236 0.2721320207124234 0.18125329999020323
0.6866930139772756 10
0.7383243445196219 40
0.7425143150557575 70
0.744737812788915 100
1.0000000000000002 103
62 0.820306291479032 0.26964368422264234 0.18467250000685453
0.6364522039835688 10
0.7127658215004803 40
0.7171197732886176 70
0.7201224101692635 100
1.0000000000000009 103
63 0.8152328532069235 0.2604335549802801 0.197162099997513
0.722615299786472 10
0.7703503410903996 40
0.7742219134773396 70
0.7762031614400975 100
1.0 103
64 0.8103412760372103 0.25799895041311505 0.19212660001358017
65 0.1581333338435238
-------------------------------------------------END------------------------------------------------------
------------------------------------Krylov only---------------------------------------------------
370.3099565515579 366.83612764513106
0.9999999999999992 11
0 343.09116334043665 341.73279559041356 0.09841360000427812
1.0000000000000002 11
1 303.2179143105022 307.21031711318835 0.0690646999864839
1.0000000000000009 11
2 231.14765720593678 242.50543373824388 0.08301830000709742
1.0000000000000009 11
3 187.92092308596122 198.4098973933058 0.071802300051786
0.9999999999999997 11
4 173.67004172926545 193.35621352047474 0.06157239997992292
1.0000000000000002 11
5 90.23509817886688 89.07316186635508 0.05567909998353571
1.0 11
6 28.714901427774237 29.371053898287173 0.05918600002769381
1.0000000000000007 11
7 10.997003236261843 11.106758173645852 0.052808000007644296
1.0000000000000002 11
8 7.081186765036161 7.538925296471346 0.05725099996197969
1.0000000000000007 11
9 5.06272490994174 5.165226582381752 0.055571500037331134
1.0000000000000002 11
10 4.1456628430681 4.185625813238075 0.05813369998941198
1.0 11
11 3.591377688914997 3.5429421261264036 0.05313939996995032
0.9999999999999989 11
12 3.174232879116333 3.0530419088081526 0.055510500038508326
1.0000000000000007 11
13 2.915391725843476 2.783292464914371 0.05664520000573248
1.0 11
14 2.687104855774394 2.484558444225205 0.054794800002127886
0.9999999999999984 11
15 2.5098718983436896 2.3133932134728274 0.05256929999450222
0.9999999999999999 11
16 2.3471827475856504 2.1191508448475056 0.056696000043302774
1.0000000000000002 11
17 2.226661216996912 1.9952054269434418 0.056675200001336634
1.0000000000000004 11
18 2.107575737476419 1.847051574422671 0.05534800002351403
0.9999999999999999 11
19 2.0164657197853844 1.7654926767575105 0.059635400015395135
1.0 11
20 1.9248964211688622 1.6432611357482567 0.053095499984920025
1.0000000000000002 11
21 1.8564282961052394 1.5677287843282302 0.055977199983317405
0.9999999999999997 11
22 1.7877036807448712 1.4790726228938145 0.05464789998950437
1.0000000000000004 11
23 1.7342493804005135 1.4174434261158175 0.05732960003660992
1.0000000000000018 11
24 1.6824383016983222 1.3532649724409163 0.052812299982178956
1.000000000000001 11
25 1.6414112273168997 1.3003563219477696 0.053187399986200035
0.9999999999999988 11
26 1.6025048454896431 1.2547376975820936 0.05408420000458136
0.9999999999999998 11
27 1.569177765643331 1.2121980143782787 0.05839630000991747
1.0000000000000009 11
28 1.5364221843484385 1.173337930614205 0.05203060002531856
0.9999999999999991 11
29 1.5095455849461963 1.1458519800890172 0.055003900022711605
0.9999999999999998 11
30 1.4839118812029177 1.1100285938129126 0.05728190002264455
1.0000000000000002 11
31 1.4608305040704204 1.089454548317951 0.057140299992170185
1.0000000000000002 11
32 1.4383809947345303 1.0577460130069773 0.055633399984799325
0.9999999999999993 11
33 1.4179092026231956 1.0404071907407695 0.055448099970817566
1.0 11
34 1.398103694246693 1.0115080777796894 0.05701689998386428
1.0000000000000004 11
35 1.3796088211438327 0.9965553938050957 0.05032470001606271
0.9999999999999992 11
36 1.3617054266635928 0.9695208475197745 0.0567544000223279
1.0000000000000007 11
37 1.3449855787095708 0.957444302045132 0.04898760002106428
0.9999999999999997 11
38 1.3287510588591551 0.931415259953633 0.05788470001425594
0.999999999999999 11
39 1.313222873819987 0.9212273591742984 0.053615299984812737
1.0 11
40 1.2980021588526907 0.8963186139372459 0.05593739997129887
0.9999999999999986 11
41 1.2834352976758538 0.8880051138483491 0.05148030002601445
0.9999999999999993 11
42 1.2692491884755126 0.8643733168309116 0.056493000010959804
0.9999999999999987 11
43 1.2554957315723774 0.857025303350279 0.053784499992616475
1.0000000000000013 11
44 1.242437135898211 0.8362213013011999 0.056709000025875866
0.9999999999999998 11
45 1.2299446979482713 0.8292411804782158 0.05305610003415495
0.9999999999999999 11
46 1.2181093360850535 0.8099146842203987 0.05109760002233088
1.0000000000000018 11
47 1.2068266123895202 0.804139819066362 0.05998850002652034
0.9999999999999999 11
48 1.196087012604357 0.7859357886012172 0.05922669998835772
1.0000000000000004 11
49 1.1859890994931084 0.7810150201498265 0.05677210004068911
0.9999999999999999 11
50 1.1763282321058368 0.7647215742107678 0.058334400004241616
0.9999999999999992 11
51 1.167353706366411 0.7603476042326038 0.056040800001937896
1.0000000000000004 11
52 1.1588462717899037 0.7458962393837458 0.052144500019494444
0.9999999999999991 11
53 1.1509124191981925 0.7420289475357712 0.05297660001087934
0.9999999999999994 11
54 1.1433604868380607 0.729109711501051 0.05451589997392148
0.9999999999999992 11
55 1.1362592166167804 0.725635083263189 0.054282299999613315
0.999999999999998 11
56 1.129485016717697 0.7139465034512005 0.060635500005446374
1.0000000000000007 11
57 1.1230500430542165 0.7107673215780569 0.05631850002100691
1.0000000000000004 11
58 1.1168866407691316 0.7000289644347466 0.05393190000904724
1.0000000000000004 11
59 1.1102349739054311 0.6966684132401757 0.05232979997526854
0.9999999999999999 11
60 1.1038359751857265 0.6851838613755351 0.05329020001227036
0.9999999999999977 11
61 1.0974621889071028 0.6818193255522113 0.05558929999824613
0.9999999999999997 11
62 1.0916103721231105 0.6706868762917779 0.05769609997514635
1.0000000000000009 11
63 1.0867988808620002 0.6698757921168238 0.053755000000819564
64 0.05697738437993394
-------------------------------------------------END------------------------------------------------------
20
------------------------------------Randomized only---------------------------------------------------
389.55135395288386 395.49476101629875
0.9853776212776165 10
0.999743319502354 40
0 359.4265219307204 366.8950627417917 0.05859329999657348
0.9795927297056323 10
0.9997962107552074 40
1 316.434924335817 325.4809709207043 0.05813720001606271
0.9913242690689327 10
2 271.5209027356773 281.5169014793546 0.030060799967031926
0.9802138194173302 10
0.9964283525782943 40
3 223.78767028807223 234.7216629560127 0.06189740000991151
0.8641499379503607 10
0.9787068637851128 40
0.9947983518894012 70
4 127.21987083714598 131.45810355516363 0.1192554000299424
0.7846590184410356 10
0.9645326680526103 40
0.9892051482156313 70
0.994137705288479 100
5 40.66716510347838 44.67511337464806 0.15363069996237755
0.5834924447440162 10
0.880176413203434 40
0.9412252350404998 70
0.97198381470943 100
1.0 103
6 21.13938542506618 23.473453478048683 0.17491880001034588
0.8719265039581859 10
0.9694976293159798 40
0.9858224972773313 70
0.9926318395011583 100
7 13.921405739262019 15.65317673763237 0.16206860000966117
0.37098753072050394 10
0.6291496575259016 40
0.7462474104180452 70
0.813450843553948 100
1.0000000000000002 103
8 9.377842532203653 10.079853932697777 0.16326609998941422
0.33292769520403703 10
0.7722753916009293 40
0.8729605623160804 70
0.8955923063514536 100
1.0 103
9 6.476410798332889 6.6493259604138455 0.1595573999802582
0.6775208138423342 10
0.833324407473363 40
0.8973007217228184 70
0.9338431261900514 100
1.0000000000000002 103
10 4.846446996620777 5.039675217353839 0.15931499999715015
0.6484870177881608 10
0.8944157004758952 40
0.9291463073138339 70
0.9499995728197836 100
1.0000000000000002 103
11 3.771544564568493 3.7750760062057758 0.16344789997674525
0.8112624162838231 10
0.9294887799491109 40
0.9541992883639357 70
0.9646457926769527 100
0.9999999999999997 103
12 3.119599797161286 3.161817551031666 0.18040809995727614
0.6317592133151823 10
0.8071729801943951 40
0.8477132006298311 70
0.869492585876629 100
1.0 103
13 2.710534658324459 2.5741251318408893 0.16134600003715605
0.7083296563294358 10
0.8767297232489851 40
0.9070507630845599 70
0.9205277736544822 100
1.0000000000000002 103
14 2.3884980654905634 2.272795064399116 0.16982500004814938
0.5267012236179133 10
0.7514391180051863 40
0.8155111778160511 70
0.8300762079793197 100
0.9999999999999998 103
15 2.1698153041409087 1.9306462513872609 0.16827970003942028
0.6650458239492933 10
0.7875050799430301 40
0.8112408775439661 70
0.8223249267063671 100
1.0 103
16 2.007208963288058 1.7582420165352446 0.17489889997523278
0.11782937420607537 10
0.42417496196412463 40
0.5582966444022611 70
0.5846821443503905 100
0.9999999999999998 103
17 1.8705645716001826 1.5625349501578232 0.1716498999739997
0.48988784776382255 10
0.6440167695415573 40
0.679714765478362 70
0.7009701817522127 100
1.0000000000000002 103
18 1.7630651873046692 1.4475855662882164 0.1682777000241913
0.5904751432637197 10
0.681221642046503 40
0.7291908995630743 70
0.7371832568493552 100
0.9999999999999997 103
19 1.6631290614304024 1.311883536362451 0.16702289995737374
0.40952767365748716 10
0.5613697544768044 40
0.5950188102093191 70
0.6258809417094953 100
1.0000000000000002 103
20 1.5863782226446999 1.2262199666166047 0.16169489995809272
0.8993043616875974 10
0.9193676817920196 40
0.9252947284906587 70
0.9276916582440452 100
0.9999999999999999 103
21 1.5096421857684454 1.1249666977455022 0.17254500003764406
0.5105441617487497 10
0.6062859031107128 40
0.6234159597861629 70
0.6444757086870841 100
1.0 103
22 1.4531691646392628 1.0617664340915913 0.17442619998473674
0.7927775414715242 10
0.822436914472177 40
0.8319507135403853 70
0.8364443010366668 100
1.0000000000000007 103
23 1.4005701263756565 0.9980626500427928 0.17659469996578991
0.43210688952493775 10
0.5309517600552629 40
0.5521332821817004 70
0.5676591020234341 100
0.9999999999999997 103
24 1.3605375781356248 0.948220038274467 0.20303410000633448
0.3946089263056155 10
0.4508494441064911 40
0.46909372106451724 70
0.4797742877218182 100
0.9999999999999998 103
25 1.324589120619577 0.911632057036121 0.1599535999703221
0.24816037195502252 10
0.3464767163248625 40
0.36704459736634093 70
0.38248268276900194 100
1.0000000000000004 103
26 1.2954980825137432 0.8690499949009618 0.167316600040067
0.280916970903126 10
0.3267113483488022 40
0.3399396310604107 70
0.3473793781034757 100
1.0000000000000004 103
27 1.2676829247456192 0.8429313176369841 0.1683430999983102
0.23797570577288293 10
0.3122151924963385 40
0.3284775216519762 70
0.3426643703919012 100
1.0000000000000004 103
28 1.2442159329144367 0.8065484663287641 0.16969730000710115
0.2622055642067574 10
0.3034523549323009 40
0.3147870455758163 70
0.320025832101955 100
1.0000000000000002 103
29 1.221452053074538 0.7841452307149582 0.1746244999812916
0.27724367550324186 10
0.328517322947935 40
0.34015815578691516 70
0.3509935605434896 100
1.0000000000000004 103
30 1.2015862441916616 0.7538743346718211 0.1618661000393331
0.26382896119633237 10
0.30445637323862296 40
0.31422127313946446 70
0.31817812072928386 100
0.9999999999999997 103
31 1.1822219127794524 0.7326565732895319 0.1632611000095494
0.3151131092500749 10
0.3536087901416738 40
0.362237025126356 70
0.37037301167730813 100
0.9999999999999994 103
32 1.1649657801813864 0.7076212136065522 0.17238399997586384
0.27141247760269055 10
0.31400949388123034 40
0.3222936293033962 70
0.32521539385643394 100
0.9999999999999993 103
33 1.148041825266303 0.6873178663442243 0.19341720000375062
0.33420116905216 10
0.3668343004489035 40
0.3737810213902119 70
0.38034733880478516 100
1.0000000000000002 103
34 1.1328232767383704 0.6660075565730319 0.1675519000273198
0.29002598536811197 10
0.33694635154865876 40
0.34486975277045384 70
0.3472016488991189 100
1.0000000000000004 103
35 1.1176579627048164 0.6470530272659832 0.17621619999408722
0.33003447550606957 10
0.36319006883953875 40
0.36965869325091316 70
0.3754873005955647 100
0.9999999999999999 103
36 1.1039648820599286 0.6277673723912555 0.1805795999825932
0.31272767187682987 10
0.36657590803523205 40
0.37698736750619466 70
0.3795328653529674 100
1.0000000000000009 103
37 1.0900043406483895 0.6102854476230193 0.17833870003232732
0.305495847852467 10
0.34564744806728953 40
0.3532172864132592 70
0.35887374621267953 100
1.000000000000001 103
38 1.0773410336817468 0.5917108843248042 0.17718440003227443
0.32229076993824535 10
0.38202301585566323 40
0.39713612660736874 70
0.40038273821346687 100
1.0000000000000004 103
39 1.0642074695815391 0.5756587105629799 0.17110040003899485
0.2848788404968368 10
0.3315186987121845 40
0.3406116832738822 70
0.34636947270684265 100
0.999999999999999 103
40 1.0522231371464041 0.5569978224216284 0.1671654999954626
0.31487485797140236 10
0.37285997600574283 40
0.3919039467482852 70
0.3958084437902486 100
1.0000000000000004 103
41 1.0396498780550003 0.5423450211226957 0.16397660004440695
0.309888567749105 10
0.35321272903723466 40
0.3623235194429771 70
0.36779806691177214 100
1.0000000000000002 103
42 1.0281057270156972 0.5231915433104789 0.1758329999865964
0.2921265902258997 10
0.3414832599934115 40
0.361651192051627 70
0.36614534246063823 100
1.0000000000000007 103
43 1.0158322196118768 0.5097114907422753 0.1683327000355348
0.3951489220861942 10
0.4283510590819771 40
0.43596274231696464 70
0.44059129996159857 100
1.0000000000000007 103
44 1.0045338638744252 0.4901146840962917 0.1807113999966532
0.2664867478993382 10
0.3092363530355824 40
0.3279606955141687 70
0.33311132084877676 100
1.0000000000000002 103
45 0.9923887069601435 0.4773042018283791 0.16269279998959973
0.4897558002265236 10
0.5153536425232007 40
0.5213817181504004 70
0.5251564068350071 100
1.0000000000000002 103
46 0.9812406330712078 0.4579467259807519 0.17084979999344796
0.2717163955428972 10
0.31432786547734504 40
0.3299516512252048 70
0.33546939013884247 100
1.0000000000000002 103
47 0.9692351480762793 0.4451773455036518 0.16857710003387183
0.5515224943649379 10
0.5736592859292069 40
0.5786625728003542 70
0.5818211870451057 100
0.9999999999999996 103
48 0.9582757981873525 0.4271759204595826 0.1731471999664791
0.32838865151208385 10
0.37395860874664827 40
0.3859054782627291 70
0.39116403900612584 100
0.9999999999999996 103
49 0.9465475865044458 0.41402129245658625 0.1640804000198841
0.5850284557936399 10
0.6049560841693057 40
0.6094050079632688 70
0.6120818004256631 100
1.0 103
50 0.9358856709064514 0.3982731124927141 0.17290920001687482
0.3999945880614501 10
0.4479964209162807 40
0.45725201160600953 70
0.4620213848995929 100
1.0 103
51 0.92462709848448 0.38478367089836907 0.16368410002905875
0.6035807581682031 10
0.6204020419836737 40
0.6245351135434201 70
0.6267879758030053 100
1.0 103
52 0.9143965671317271 0.3715790500942121 0.16695760004222393
0.43872581090965074 10
0.4889118535278703 40
0.49695805517336733 70
0.5014953230045609 100
0.9999999999999998 103
53 0.9038125606348425 0.3581720021316502 0.16533180000260472
0.6074242343674933 10
0.6206573576101462 40
0.6245754293996035 70
0.6265114119461446 100
0.9999999999999998 103
54 0.8941564454779315 0.3473452152909089 0.16795859998092055
0.40291654701297097 10
0.45787179623904306 40
0.4659984896390208 70
0.47077919719012035 100
1.0 103
55 0.884382452419517 0.33454376936449615 0.17931099998531863
0.6001009448004125 10
0.6103962761831306 40
0.6140800441378456 70
0.6158657384354594 100
1.0000000000000004 103
56 0.8753987988516994 0.3256529695055151 0.1663298000348732
0.26844467821996865 10
0.3323829569789525 40
0.34142197466520546 70
0.3468001528025936 100
1.0000000000000007 103
57 0.8664603791095721 0.3139542540627866 0.15918039996176958
0.5942228268989694 10
0.6027690147740034 40
0.6060652698701877 70
0.607840015281681 100
1.0000000000000004 103
58 0.8581716177429795 0.3063922819734459 0.17070689995307475
0.15604444187513808 10
0.2228931768990873 40
0.2316801701087379 70
0.23685518385962318 100
1.0000000000000004 103
59 0.8500214501987597 0.29619635930598787 0.1817913000122644
0.5912610057920162 10
0.5993391054622864 40
0.6021715336171141 70
0.6040440697831059 100
1.0000000000000004 103
60 0.8423969847791223 0.2893454129625774 0.16658439999446273
0.2874516534064747 10
0.3382448032412257 40
0.34424537773349134 70
0.34769836128346415 100
1.0000000000000009 103
61 0.8349607420277247 0.2808730277601054 0.17396440001903102
0.5684880981088667 10
0.5771958863248241 40
0.5797757662680944 70
0.5819319465923366 100
1.0 103
62 0.8279461441038286 0.2742513317244322 0.176046300039161
0.45432099401402876 10
0.4894405129812186 40
0.4933787640784847 70
0.4956133316152643 100
1.0000000000000007 103
63 0.82114087489462 0.26748004349085397 0.17693719995440915
0.4937311718176038 10
0.5039591940000849 40
0.5067101112006923 70
0.5094953723062358 100
1.0 103
64 0.8146709627288754 0.2608254376220724 0.16636760003166273
0.5091014992193282 10
0.5370030275067362 40
0.5404373619913043 70
0.5424023828271307 100
1.0000000000000002 103
65 0.8084133191485016 0.2555130861171509 0.1755045999889262
0.3548622286221715 10
0.36725748153977505 40
0.37056786090274396 70
0.3743922842854735 100
1.0 103
66 0.8024235104495865 0.24877336723685972 0.22958529996685684
0.48512338667025434 10
0.5101105973815561 40
0.5138430356102204 70
0.5160022014666749 100
1.0000000000000002 103
67 0.7966429925511649 0.2445716313994899 0.16629649995593354
0.19761986605665383 10
0.21209423825661428 40
0.21599623786096517 70
0.22090382107801343 100
0.9999999999999994 103
68 0.7910827236133631 0.2378222742204992 0.16917879995889962
0.43348610122462655 10
0.4567136573559356 40
0.46091405565383103 70
0.4633445316939764 100
1.0000000000000007 103
69 0.785729467002322 0.2343903167991317 0.1657260000356473
0.1017319288962625 10
0.11732644234911391 40
0.12142714624410442 70
0.12678758525566433 100
1.000000000000001 103
70 0.7805656376134043 0.22775195189320152 0.1649438999593258
0.3919132844716987 10
0.4133869326490703 40
0.4177882967839892 70
0.420309518799772 100
0.9999999999999992 103
71 0.7756077073558159 0.22481219951632006 0.16891420003958046
72 0.1636883722231788
-------------------------------------------------END------------------------------------------------------
------------------------------------Krylov only---------------------------------------------------
389.55135395288386 395.49476101629875
1.0000000000000007 11
0 358.4116040507709 365.49193635748617 0.05036119994474575
1.0000000000000002 11
1 310.7509749414307 318.8221627190647 0.05109629995422438
1.0000000000000004 11
2 209.87433254316625 220.54113204623908 0.05394700000761077
0.9999999999999998 11
3 150.01391796414026 153.88611255936948 0.054860200034454465
1.0 11
4 44.930407588192026 49.05355977060591 0.04884099995251745
1.0000000000000002 11
5 14.318880503762703 15.723140865591073 0.05050789995584637
1.0000000000000007 11
6 6.0818860293357355 6.450424255284477 0.047831200005020946
1.000000000000001 11
7 4.5090697674475635 4.566815193666557 0.05595259997062385
1.000000000000002 11
8 3.84880365303616 3.789387711709329 0.05235700000775978
1.0 11
9 3.4407046935335384 3.3120628787975908 0.0613463000045158
0.9999999999999987 11
10 3.1300801346299036 2.886978738250106 0.052213799965102226
1.0000000000000002 11
11 2.9278851758980795 2.697256354526019 0.07017580000683665
0.9999999999999994 11
12 2.7764446950980624 2.510638044252354 0.07548349996795878
0.9999999999999997 11
13 2.656098326605019 2.385866570337492 0.049189899989869446
1.0000000000000004 11
14 2.549073407056661 2.2765291555111435 0.05138209997676313
0.9999999999999999 11
15 2.4517882588700406 2.1593094879225965 0.051588800037279725
0.9999999999999991 11
16 2.3536810975947056 2.058728763126672 0.04890920000616461
1.0000000000000007 11
17 2.264825772000403 1.9460816475640985 0.05274700000882149
0.9999999999999996 11
18 2.1840136078022976 1.8591375086009923 0.04873460001545027
0.9999999999999999 11
19 2.1107682107652495 1.7678133429613376 0.05184689996531233
0.9999999999999998 11
20 2.044402391281174 1.7035422230995467 0.05266990000382066
1.0000000000000004 11
21 1.9854768084900636 1.625183405814775 0.050277300004381686
1.0000000000000002 11
22 1.9309891384233022 1.5766868430970236 0.04639600001974031
0.9999999999999998 11
23 1.8812033568928208 1.5053658996882586 0.049838699982501566
1.0000000000000004 11
24 1.8351672512787103 1.4699768440285161 0.05207240005256608
1.0000000000000004 11
25 1.7934969859822214 1.4040869151940492 0.05034020001767203
0.9999999999999997 11
26 1.7547071931401974 1.3817336664807454 0.054869100044015795
0.9999999999999996 11
27 1.7164844418330067 1.3123959129388358 0.055511799990199506
0.9999999999999993 11
28 1.6806507597956097 1.296135920830719 0.053631999995559454
0.9999999999999991 11
29 1.647624333179049 1.233869916422842 0.050721900013741106
1.0000000000000009 11
30 1.6153835287919311 1.215481308185314 0.04705860000103712
1.000000000000001 11
31 1.5838912421670954 1.1533571762012715 0.05206219997489825
0.9999999999999996 11
32 1.5517883436993878 1.1279069542477977 0.0512313999934122
0.9999999999999992 11
33 1.5215353121428576 1.075391966648011 0.046189800021238625
1.0000000000000004 11
34 1.4919128308831648 1.0450400338683148 0.04779260000213981
0.9999999999999997 11
35 1.4641512619754067 0.9958949208587388 0.05411610001465306
1.0000000000000004 11
36 1.4358116294912369 0.9637265365619978 0.04691979999188334
1.0000000000000004 11
37 1.4097207593618317 0.9262119941961282 0.05617560003884137
1.0000000000000002 11
38 1.3850277259401107 0.897324393659231 0.04709619999630377
0.9999999999999994 11
39 1.361943983956653 0.8636743945482833 0.05389429995557293
1.0 11
40 1.3394262009954303 0.834595623520389 0.06243450002511963
1.0000000000000013 11
41 1.3182633636982068 0.8085400422679937 0.07439309998881072
1.0000000000000004 11
42 1.2982663152066234 0.7826139892427968 0.06926830002339557
1.0 11
43 1.2792757517050206 0.759591429641587 0.05487870000069961
0.9999999999999996 11
44 1.2610717536797682 0.7360767141169946 0.046600200003013015
0.9999999999999996 11
45 1.2437114869944474 0.7155998306447229 0.04903850000118837
1.0000000000000002 11
46 1.2269651857573103 0.6942349326540029 0.04730919998837635
0.9999999999999994 11
47 1.210848505265176 0.6759258009687642 0.05080760002601892
0.9999999999999994 11
48 1.1952374303550233 0.6559525946400275 0.05368630000157282
0.9999999999999999 11
49 1.18031854967172 0.6396333440726876 0.051079099997878075
0.9999999999999994 11
50 1.1658742156019208 0.6209229379450624 0.052292700042016804
1.0000000000000009 11
51 1.152129432466795 0.6067016404050162 0.05420730001060292
1.0 11
52 1.1389527996606204 0.5887328248246975 0.05653060000622645
1.0000000000000009 11
53 1.1264540095350644 0.5776375251818489 0.0506044999929145
1.0000000000000004 11
54 1.1143900131943036 0.5601228973594222 0.04820880002807826
0.9999999999999999 11
55 1.1028257486011608 0.5502897538223178 0.04819790000328794
1.0 11
56 1.0915489903055517 0.5337233716498437 0.048742400016635656
1.0000000000000007 11
57 1.0806815890113877 0.524667835969009 0.05269609997048974
0.9999999999999998 11
58 1.0699881533920947 0.5091053465631367 0.05078449996653944
1.0000000000000004 11
59 1.059635849776443 0.5004212460025951 0.07234980002976954
0.9999999999999996 11
60 1.0494640456109474 0.4862616345154132 0.05615780001971871
1.0000000000000007 11
61 1.0395960224012855 0.47714308824270596 0.05296420003287494
1.0 11
62 1.0303325545110593 0.4650748201328884 0.0635300999856554
1.0000000000000002 11
63 1.0213131015353683 0.4564114616800313 0.05524650000734255
1.000000000000001 11
64 1.0123699547591196 0.44516925065174984 0.05621769995195791
1.0 11
65 1.0036259709673432 0.4356408665134774 0.05509939999319613
1.0000000000000004 11
66 0.9948962804532384 0.425051252390209 0.05778889998327941
0.9999999999999998 11
67 0.9863978593688713 0.4159396728388143 0.05778269999427721
1.0000000000000002 11
68 0.9787504580805606 0.4089437757028051 0.05387079995125532
1.0000000000000016 11
69 0.9712572367310673 0.3989265857213329 0.05430650000926107
0.9999999999999999 11
70 0.9639602637861604 0.3925399792693802 0.05605629994533956
1.0000000000000016 11
71 0.9567762934961884 0.3829488670591518 0.04684119997546077
1.0000000000000002 11
72 0.9497070497446255 0.3767396595914734 0.05281030002515763
1.0000000000000009 11
73 0.9426735841311882 0.3677254244743242 0.04802599997492507
1.0 11
74 0.9328721301491921 0.3627175487055504 0.04586650000419468
0.9999999999999998 11
75 0.9238248315955462 0.3446065985823213 0.05108559998916462
0.9999999999999996 11
76 0.915299941121319 0.33742344330413 0.047613499977160245
1.000000000000001 11
77 0.9069889339035426 0.32658545596243793 0.05195369996363297
0.9999999999999994 11
78 0.9006186072358064 0.32402600590435954 0.04860949999419972
1.0000000000000013 11
79 0.8944315724568358 0.3135252174016709 0.053330899972934276
1.0000000000000002 11
80 0.8767416194927846 0.293097337731495 0.05449930002214387
1.0000000000000004 11
81 0.8618872120166885 0.2796251423645636 0.0543154000188224
0.9999999999999996 11
82 0.8557331009286454 0.27271491640065687 0.04990050004562363
1.0000000000000007 11
83 0.8499104135984902 0.2675597703328019 0.055986199993640184
1.000000000000001 11
84 0.8447422867228761 0.26195956817730953 0.051751499995589256
0.9999999999999998 11
85 0.8397620739530479 0.257184837254085 0.04921620001550764
86 0.053176459300651235
-------------------------------------------------END------------------------------------------------------
21
------------------------------------Randomized only---------------------------------------------------
395.9180782771286 386.00719240186584
0.9951343566970536 10
0 365.96824961794294 359.44875099794103 0.02995929995086044
0.9948062344135096 10
1 323.15357787880635 322.6579023973611 0.03222049999749288
0.9922204737795032 10
2 275.1211374290129 281.9405450130151 0.03169559995876625
0.9731161572040171 10
0.9989585783491908 40
3 231.65582781251516 243.2809055953097 0.06147899996722117
0.9048230069955226 10
0.9968518113861726 40
4 180.28991622483326 193.0697399309299 0.05809169996064156
0.9615025786853358 10
0.995310749413301 40
5 91.68843826078185 98.43332579410553 0.06108260003384203
0.7473170396127676 10
0.9545424261238564 40
0.976748298410156 70
0.9898622885779114 100
1.0 103
6 39.34673140506992 39.70405432396744 0.1699019999941811
0.8683300733195628 10
0.9510525009370836 40
0.9857578618847072 70
0.9938659756228797 100
7 21.37836911258113 22.04001087060813 0.15166830003727227
0.6220441650276238 10
0.9218642024670348 40
0.9533963356524622 70
0.9721657530831346 100
1.0 103
8 11.664172416205782 11.783561265832988 0.16639510000823066
0.4994221276612016 10
0.8606619883777803 40
0.9154814362563614 70
0.9431738366966185 100
0.9999999999999997 103
9 7.807712068797279 7.847327864172457 0.174635200004559
0.9450922218521282 10
0.9863914897405828 40
0.9927374556986716 70
10 6.505933554858323 6.421478451319992 0.1069244000245817
0.5373864722498928 10
0.6859512923668244 40
0.714900782333389 70
0.7760100921442479 100
1.0000000000000002 103
11 4.728992397385801 4.609166591875844 0.15759319998323917
0.7570720664916539 10
0.9079692412171959 40
0.9417350013515882 70
0.961981245226345 100
0.9999999999999999 103
12 3.5906665828434443 3.4351530481516925 0.16407370002707466
0.9463030933355078 10
0.9772501851314659 40
0.9851762018383141 70
0.9883466960632561 100
1.0000000000000002 103
13 2.98034317471455 2.69461404328522 0.16728759999386966
0.79524310418826 10
0.9115911219320325 40
0.9448270439644274 70
0.9578043520099809 100
0.9999999999999997 103
14 2.628344425719875 2.2440269456842854 0.1674803999485448
0.7398095535874524 10
0.9001462855969946 40
0.9189689218892062 70
0.9285637112021949 100
0.9999999999999996 103
15 2.350047569611054 1.955202915433669 0.16905550000956282
0.77444575846042 10
0.8618349228176208 40
0.8953193870588757 70
0.9107565030471354 100
1.0000000000000002 103
16 2.1518187462264438 1.6987704723761263 0.16835930000524968
0.6099651573813266 10
0.7280604873998634 40
0.7427864459540814 70
0.7554791580870877 100
1.0000000000000007 103
17 1.9863390816427213 1.5491182320347017 0.15999439998995513
0.9096123324127422 10
0.9409800403368617 40
0.9507279751595226 70
0.9544080900661407 100
1.0000000000000009 103
18 1.850422692873286 1.3724837412648512 0.16140480001922697
0.748734205675288 10
0.8078054091770649 40
0.81917919547127 70
0.8294178326164038 100
1.0000000000000002 103
19 1.7434571859974006 1.268265282579636 0.17732989997603
0.8311961725137963 10
0.8924873538410932 40
0.9015424660707367 70
0.9048052254789006 100
0.9999999999999999 103
20 1.6552369934661437 1.1665851299252994 0.16043599997647107
0.803098591898952 10
0.8646737354448715 40
0.8734671028818493 70
0.8777690465675352 100
1.0000000000000004 103
21 1.5789209183169195 1.0680540011599655 0.1714233999955468
0.6174666331103902 10
0.6847499514953026 40
0.7038871758876767 70
0.7123057276645548 100
0.9999999999999998 103
22 1.5135801793173917 1.0181197465368714 0.16524610004853457
0.8037977385401694 10
0.8589885715724473 40
0.8653951882921976 70
0.8679376391764616 100
1.0000000000000002 103
23 1.4559980968308344 0.9287568547604479 0.16194909997284412
0.7062697824180091 10
0.756538654856746 40
0.7657527511475752 70
0.7702347225841802 100
0.9999999999999999 103
24 1.4044979546278709 0.9020690197287281 0.1704044999787584
0.7648797499016461 10
0.8209502845773814 40
0.8266294862739244 70
0.8290944501692588 100
0.9999999999999997 103
25 1.3587487841573551 0.8291489981907364 0.16676750004990026
0.7724971146741483 10
0.8115489635542843 40
0.8160669004471223 70
0.8195530601670497 100
1.0000000000000007 103
26 1.3178560432196802 0.8111709845011675 0.17315479996614158
0.7445781204520517 10
0.8078066235770672 40
0.8139969971138004 70
0.8169831862865571 100
0.9999999999999999 103
27 1.2801310887494095 0.753143592941602 0.17178450000938028
0.7805837428401262 10
0.8132031805156741 40
0.8165211390099694 70
0.8201011455841674 100
0.9999999999999999 103
28 1.2467926169490595 0.7378692659342677 0.1703422999707982
0.7551730273921485 10
0.8227223760258844 40
0.8286008557553678 70
0.8318190714000686 100
1.0000000000000002 103
29 1.2151394335585881 0.6919828695705703 0.1795373999630101
0.759926506612066 10
0.7942491781863861 40
0.7970843788167875 70
0.8009477342517438 100
1.0000000000000002 103
30 1.1873221292082838 0.6762191300205722 0.1756986000109464
0.7730766650894234 10
0.8400554516480463 40
0.8456795124657526 70
0.848759971020894 100
1.0000000000000002 103
31 1.1605977419634588 0.6408232646378433 0.16238580003846437
0.6918579001971792 10
0.7402309003542082 40
0.7434540503676667 70
0.7484036295981259 100
1.0 103
32 1.136915334026985 0.6237514028852073 0.17451710003660992
0.7836606411047203 10
0.8459041628187057 40
0.851427991642219 70
0.8540521224116281 100
0.9999999999999998 103
33 1.1141459785070598 0.5954253816237404 0.18319290003273636
0.5570192679113475 10
0.6315805551357749 40
0.637022819532067 70
0.6440271517463719 100
1.0000000000000002 103
34 1.0934740837949675 0.5792102528172013 0.17182129999855533
0.7921101516148961 10
0.842810094835015 40
0.8476504009287887 70
0.8496781547878284 100
1.0 103
35 1.0735929770361738 0.553140931704116 0.16579769999952987
0.44331619171728837 10
0.5314324169448571 40
0.5396342779793863 70
0.5477887898586054 100
0.9999999999999993 103
36 1.0551427385228056 0.5408107747586198 0.17243070004042238
0.7919443210609345 10
0.8279647032622821 40
0.8316375326228941 70
0.8334410788034528 100
0.9999999999999998 103
37 1.0375801789003896 0.5145920773552609 0.17305719997966662
0.44108211307757983 10
0.5122214575226274 40
0.5205130397860169 70
0.5272122311664383 100
1.0000000000000004 103
38 1.0211793774913187 0.5069361166298187 0.16845209995517507
0.7699572731108288 10
0.7942185846002745 40
0.7971573466797858 70
0.7993303182396855 100
0.9999999999999997 103
39 1.0059276720762818 0.48162335188621125 0.16652019997127354
0.537427245904309 10
0.5752399719273407 40
0.5805232598434121 70
0.5843553737101166 100
1.0000000000000007 103
40 0.9917113434173245 0.4762217110089996 0.16237600002205
0.7103645657194061 10
0.7302195056497951 40
0.7332241510799834 70
0.7362605452396638 100
1.0000000000000004 103
41 0.9786031843763996 0.45404751235617463 0.16532879997976124
0.5834263366772428 10
0.6026707614469202 40
0.6056686807531206 70
0.6080130161999757 100
1.0000000000000004 103
42 0.966304396028581 0.4479201716643101 0.1707344999886118
0.6178736853881288 10
0.6412061194729023 40
0.6444029994853493 70
0.6481686424842859 100
1.0000000000000002 103
43 0.9547691594390403 0.42939519090466205 0.16401279997080564
0.5654713001964264 10
0.578951038724773 40
0.5814048860543722 70
0.5834324840597097 100
1.0 103
44 0.9438412804225954 0.4217939517372134 0.1706640999764204
0.5486950190513451 10
0.5772531889697604 40
0.5803842167245025 70
0.5842154745311863 100
0.9999999999999994 103
45 0.9334542786240545 0.40611909398440127 0.1805363000021316
0.5472836396897792 10
0.5591324297189867 40
0.561585350439057 70
0.5635245517263138 100
1.0000000000000002 103
46 0.9235736713617891 0.39760047041051416 0.17707289999816567
0.5230811019091044 10
0.5530935838410254 40
0.5560728642045317 70
0.5596329343879582 100
0.9999999999999998 103
47 0.9141503161084072 0.38403589642529756 0.16973560000769794
0.5418861894724609 10
0.5534077758267364 40
0.5559211695808703 70
0.5577765836074415 100
1.0000000000000007 103
48 0.9051819970886176 0.37519407896136964 0.18959930003620684
0.5191593052814114 10
0.5471296860284094 40
0.5499838116410751 70
0.5532607256139467 100
0.9999999999999997 103
49 0.8966437915301707 0.36328487788553426 0.18276769999647513
0.5377774484021228 10
0.549593347591016 40
0.5522198092536493 70
0.554024268244439 100
1.0 103
50 0.888529051220955 0.3545622957944759 0.20070330001180992
0.5141718607460626 10
0.5383664737401558 40
0.5411400254068889 70
0.5442104151759248 100
0.9999999999999999 103
51 0.8808345098545338 0.3439910651908095 0.18283569999039173
0.5232785729060991 10
0.53581888358413 40
0.5386434481110576 70
0.5404591891022984 100
1.0000000000000002 103
52 0.873537129339407 0.33574353808711543 0.16602400003466755
0.4934363031177793 10
0.5134129174363099 40
0.51613323046781 70
0.5190741167848394 100
0.9999999999999999 103
53 0.8666471271575518 0.32624714198723337 0.1726199999684468
0.49122494661603816 10
0.5048272103841814 40
0.5079132205277536 70
0.5097997867300974 100
1.0000000000000002 103
54 0.8601228062409225 0.3187282480282379 0.20199119998142123
0.45008520341088815 10
0.4662018396375216 40
0.46887516759217646 70
0.4717333424470955 100
0.9999999999999991 103
55 0.8539787517730562 0.3101029097222632 0.16384140000445768
0.4399377502781532 10
0.45470788430341386 40
0.4580427448747936 70
0.4600331156877394 100
0.9999999999999997 103
56 0.8481602022774929 0.30340896941279294 0.1721455999650061
0.3865488364552275 10
0.39968870412310287 40
0.40231009591079575 70
0.40509066055641024 100
0.9999999999999993 103
57 0.8426789985345542 0.2955348283012933 0.1650849999859929
0.3745397368430287 10
0.39024073393957764 40
0.3937207802882791 70
0.3958099127482812 100
0.9999999999999997 103
58 0.8374793550333713 0.28960933399458905 0.17245499999262393
0.31489557569221943 10
0.3261761853156252 40
0.3287399542161227 70
0.33141283927346066 100
1.0000000000000002 103
59 0.8325655125006488 0.2824375070709801 0.1676051000249572
60 0.15732809999705447
-------------------------------------------------END------------------------------------------------------
------------------------------------Krylov only---------------------------------------------------
395.9180782771286 386.00719240186584
1.0000000000000004 11
0 362.6388300963487 356.49740007106783 0.04882050002925098
0.9999999999999997 11
1 314.89365411148066 315.9418043836261 0.054169799957890064
1.0 11
2 244.66497992822002 254.0274803720671 0.05579910002416
0.9999999999999996 11
3 223.66699972350887 233.93920248167743 0.054541699995752424
0.9999999999999994 11
4 127.21503262306207 136.84753208857163 0.051887799985706806
0.9999999999999991 11
5 79.90455599094919 86.79419164046423 0.054895500012207776
1.0 11
6 15.594928444171645 16.2052272589525 0.04838650004239753
1.000000000000001 11
7 7.257347352620269 7.566465573818128 0.05435700004454702
1.0000000000000002 11
8 4.563162434819512 4.2783818199730925 0.05395450000651181
0.9999999999999996 11
9 3.5090605650966027 3.238482858545673 0.04957470000954345
1.0 11
10 3.0358873976993532 2.697631937842489 0.053911899973172694
1.0000000000000004 11
11 2.7083384087233093 2.511493943334726 0.05216590000782162
0.9999999999999991 11
12 2.5002750843675203 2.1923555169426376 0.05117609997978434
1.0000000000000007 11
13 2.3324321282927847 2.117383079843402 0.05352010001661256
0.9999999999999996 11
14 2.1971705857667065 1.8831543326514801 0.05180930002825335
1.0000000000000002 11
15 2.0807577277032556 1.8380872798999972 0.05025909998221323
0.9999999999999999 11
16 1.977733742663847 1.6596669156540165 0.05626819998724386
0.9999999999999998 11
17 1.8842717416925552 1.607811684112152 0.051634799980092794
1.000000000000001 11
18 1.8246077345624496 1.5013492250062563 0.05026899999938905
0.9999999999999998 11
19 1.7678064746619482 1.4679092756253713 0.04906039999332279
0.9999999999999992 11
20 1.7211218796975924 1.3827280699619555 0.04775169998174533
1.0000000000000009 11
21 1.6767495139293278 1.361204319684396 0.053370899986475706
1.0000000000000007 11
22 1.638310904834306 1.2912616567100412 0.052772599970921874
0.9999999999999991 11
23 1.601338643065207 1.2746360951494176 0.05001279996940866
0.9999999999999996 11
24 1.5682919956916859 1.2135292556004578 0.05231409997213632
1.0000000000000016 11
25 1.5361436608438521 1.1999899769068687 0.05183700000634417
1.0 11
26 1.5068575217986417 1.1447520921992154 0.04496640001889318
1.0000000000000002 11
27 1.4782237665087188 1.1337396922439447 0.0515233000041917
0.9999999999999993 11
28 1.4514343736973394 1.08301837119465 0.0544264999916777
1.0000000000000002 11
29 1.4252968444557381 1.0729048120733364 0.05638500000350177
1.0000000000000002 11
30 1.3932028022470058 1.0167978767595707 0.04733889998169616
1.0000000000000007 11
31 1.3631031898520072 0.9982346800309881 0.05704359995434061
1.0000000000000002 11
32 1.3369559120521637 0.9491818003220509 0.08149249997222796
0.9999999999999999 11
33 1.312645419364093 0.9397149553594897 0.051892399962525815
0.9999999999999992 11
34 1.2927120399212018 0.8965635501438906 0.04939249996095896
1.0 11
35 1.273417942962582 0.8919539646286025 0.05083049996756017
0.9999999999999992 11
36 1.2551508233428992 0.8501595885850266 0.04783479997422546
0.9999999999999989 11
37 1.2372266019480334 0.8458110573449682 0.05327290005516261
0.9999999999999994 11
38 1.2198721242075143 0.8054093428124592 0.046449300018139184
1.0000000000000009 11
39 1.2025505049603107 0.7992068486312119 0.04995489999419078
1.0000000000000009 11
40 1.1857790898952476 0.7609130434229056 0.05285520001780242
1.0 11
41 1.1687071281474897 0.7516570260664461 0.05559529998572543
1.0000000000000007 11
42 1.1521285238970118 0.7149823968525191 0.05178639997029677
0.9999999999999999 11
43 1.1351305017339273 0.7046596928761183 0.05118050001328811
0.9999999999999994 11
44 1.1187444895627503 0.6675421795791199 0.048701199993956834
0.9999999999999992 11
45 1.098638779101742 0.6472224059909458 0.052372400008607656
0.999999999999999 11
46 1.0806953945881506 0.6187127559775972 0.050043400027789176
1.0 11
47 1.065760640642018 0.5998929562267491 0.054827400017529726
0.9999999999999992 11
48 1.0515680362077695 0.5766721344867483 0.05474849999882281
1.0000000000000007 11
49 1.038248569422491 0.5599723839066132 0.04917910002404824
1.0000000000000004 11
50 1.025754262267022 0.5396598675913391 0.05302629998186603
0.9999999999999988 11
51 1.013832942782421 0.524999196218734 0.057682800048496574
0.9999999999999998 11
52 1.0023414187022712 0.5071010930520863 0.047769199998583645
0.9999999999999997 11
53 0.9913496628550107 0.4937943561527427 0.0529555999673903
1.0000000000000036 11
54 0.9807958908404955 0.4780779686862262 0.05383379996055737
1.0 11
55 0.9706993343177305 0.46585354685772645 0.07160100003238767
1.0000000000000007 11
56 0.960911612127084 0.4520933467560063 0.05495130002964288
1.0000000000000002 11
57 0.9515306144274256 0.4405994317607574 0.05469139997148886
1.000000000000001 11
58 0.9423685530821821 0.42850489100956995 0.05426240002270788
1.0000000000000007 11
59 0.9319616671864059 0.413688515944345 0.05174339999211952
0.9999999999999996 11
60 0.9224735588800981 0.4067062956934327 0.051714900007937104
0.9999999999999998 11
61 0.9145730115149521 0.3926139399943342 0.055661599966697395
1.0 11
62 0.9068548535063644 0.3869405795736338 0.050633400038350374
1.0000000000000002 11
63 0.8994436009382898 0.3748177793444643 0.05138600000645965
0.9999999999999993 11
64 0.8923719716210103 0.37038309836323424 0.05158649996155873
1.0 11
65 0.8855310102207735 0.35813784243605556 0.057075199962127954
0.9999999999999996 11
66 0.878820101603078 0.3542270328477138 0.04792290000477806
1.0000000000000007 11
67 0.8723037322054841 0.3426703255543871 0.05483849998563528
1.0 11
68 0.8653365732110379 0.3380788068729716 0.07400520000373945
1.0000000000000002 11
69 0.858579515638103 0.3268232131022428 0.0506856000283733
0.9999999999999994 11
70 0.8524055459442795 0.3229387295042932 0.05153210001299158
1.0 11
71 0.8463957831240158 0.3127770491304117 0.0496230999706313
0.9999999999999989 11
72 0.8404411938809715 0.3086478328852774 0.052815500006545335
0.9999999999999994 11
73 0.8346597092466654 0.29920310848771053 0.049671599990688264
0.9999999999999997 11
74 0.8289827195453592 0.2945987083536412 0.05972819996532053
1.0000000000000009 11
75 0.8235772878227668 0.28705012600269764 0.05264000000897795
0.9999999999999993 11
76 0.8183985032646529 0.28281325351839526 0.0552888999809511
0.9999999999999983 11
77 0.8134195922606694 0.27539869297825176 0.053131300024688244
78 0.05309066153579177
-------------------------------------------------END------------------------------------------------------
22
------------------------------------Randomized only---------------------------------------------------
359.7007975661384 362.7662106505315
0.9762985158041275 10
0.9995400097073663 40
0 334.8767798822814 338.75663542854636 0.05123569996794686
0.977838243659564 10
0.9994270997895357 40
1 299.7437855327281 306.2282206754598 0.05594550003297627
0.9732701464495853 10
0.9994177357256183 40
2 261.67557985399344 272.8768331498306 0.055221699993126094
0.9568946168655701 10
0.995714873886462 40
3 205.64876856886832 218.5153073187879 0.06164240004727617
0.9396021832418934 10
0.9935102541626118 40
4 110.48016331265485 117.080565860128 0.056981700006872416
0.8248976546802009 10
0.9585552820607226 40
0.9865292479289136 70
0.9953654268549708 100
5 49.58084060361056 53.64120803985723 0.17732479999540374
0.66090078530014 10
0.9216661165755429 40
0.9670827949289379 70
0.9841531686812299 100
1.0000000000000002 103
6 25.217954135210697 27.16410404200456 0.18083989998558536
0.6530388425069253 10
0.9257550057063251 40
0.9598384617530261 70
0.9813874869287635 100
0.9999999999999994 103
7 13.559717677273264 15.184253991631099 0.17694709997158498
0.6112365675892136 10
0.8913750398741113 40
0.9434300131483102 70
0.9695688992302568 100
1.0 103
8 8.543288378586055 8.625963890933829 0.18346410000231117
0.6932629143852266 10
0.9032095569756842 40
0.9481975853397913 70
0.9658200977545346 100
1.0000000000000002 103
9 5.462940711627984 5.490110538685614 0.1780068000080064
0.9327795234280217 10
0.9746701974440581 40
0.9836366362075475 70
0.9889817825139573 100
1.0000000000000002 103
10 3.972435821118338 3.692479885579505 0.1731409000349231
0.7899776920043994 10
0.9487261471235416 40
0.9602604229467323 70
0.9688794174291725 100
1.0 103
11 3.138736825501892 2.974808550143329 0.1791363999946043
0.8334314904524783 10
0.926453257940121 40
0.947683194805409 70
0.9566284643332154 100
1.0000000000000002 103
12 2.6827253651340235 2.3169545058196572 0.1755434999940917
0.873761757654601 10
0.9586901078068506 40
0.9656818266830296 70
0.9699284538828984 100
0.9999999999999999 103
13 2.358633016085837 2.0232891660383157 0.17580159998033196
0.6503980447088132 10
0.8303746367815356 40
0.8640105781288482 70
0.8859780001316887 100
1.0000000000000002 103
14 2.1316285515117004 1.7121664565030545 0.17033039999660105
0.5889496253512795 10
0.6892959113132257 40
0.7062800396562995 70
0.732424254574203 100
1.0000000000000002 103
15 1.9474473515221282 1.4927548777415256 0.17493959999410436
0.5961732454060079 10
0.7874930563118379 40
0.8175346133398952 70
0.8295922913347437 100
0.9999999999999996 103
16 1.791960525784974 1.2895392214911408 0.1736380999791436
0.8241286515579667 10
0.8785184734295679 40
0.8865970525135944 70
0.8938292754088425 100
1.0000000000000004 103
17 1.66985045182916 1.1688723586211862 0.16756450000684708
0.8905057892849901 10
0.9365007515074054 40
0.9434236675821323 70
0.9462044109591344 100
1.0000000000000004 103
18 1.569786200844606 1.0316277903923772 0.1567897999775596
0.765146265695238 10
0.8546168648619025 40
0.8629719213315399 70
0.8689759307063152 100
1.0000000000000009 103
19 1.4938222767773766 0.9913855370349389 0.17684979998739436
0.8810011805470517 10
0.9026853467237591 40
0.9094403741028984 70
0.9116520533171811 100
1.0000000000000004 103
20 1.4325703836923702 0.8961539114381877 0.173232699977234
0.55776665607335 10
0.6431934367485455 40
0.6504499084251366 70
0.6566431606386963 100
1.0000000000000007 103
21 1.381749760473844 0.8768644762042137 0.17427880002651364
0.755102749242153 10
0.7762310473840159 40
0.78433010426843 70
0.7878219082718378 100
1.0 103
22 1.3390667387464656 0.8104712905092986 0.16788040002575144
0.35290592603582244 10
0.4090215301123063 40
0.4186737248866415 70
0.425166172617908 100
1.0 103
23 1.3000877562427338 0.7918550778611743 0.16877190000377595
0.5592213031408022 10
0.5939298384541736 40
0.6066385638806308 70
0.6109976096088806 100
0.9999999999999998 103
24 1.2660179235356588 0.7424349631406563 0.16761399997631088
0.28473578326205384 10
0.32589090325835374 40
0.33827606413399297 70
0.34334413387373064 100
1.0 103
25 1.233875775893443 0.7218816271200008 0.17744859994854778
0.6019822203644801 10
0.6393975912824059 40
0.6500209403768406 70
0.6533489354892854 100
1.0000000000000002 103
26 1.2051353367887734 0.6841785988177921 0.1686461999779567
0.30500982541757066 10
0.34692604969805735 40
0.35783968904779756 70
0.3618351630488119 100
0.9999999999999996 103
27 1.1780038008022231 0.6618748947859335 0.1692443999927491
0.6320121005580315 10
0.6673615928849539 40
0.6761414206115636 70
0.6790843598043519 100
0.9999999999999997 103
28 1.1533939231831931 0.6323013743487877 0.16499030002159998
0.2811268677782786 10
0.32393196943862224 40
0.33285198313863357 70
0.3364478572434013 100
0.9999999999999998 103
29 1.1299265083156667 0.6101522796618167 0.17625680001219735
0.582733217352247 10
0.6194038084104991 40
0.628986253847098 70
0.6326782935908636 100
1.0000000000000002 103
30 1.1083779387623751 0.5850594014824542 0.1737940000020899
0.19597059700670214 10
0.2363429145596813 40
0.2448378547671627 70
0.2487569636952054 100
0.9999999999999987 103
31 1.0874949860309324 0.564453730931794 0.17867940000724047
0.488370123425685 10
0.5434079852882648 40
0.5553689960082021 70
0.5605914310609211 100
1.0000000000000002 103
32 1.0681758243724075 0.5419368470880117 0.17640019999817014
0.1322404595174724 10
0.1722124540765028 40
0.18157635213495335 70
0.1863802375952308 100
1.0000000000000004 103
33 1.049232772358423 0.5224720599569479 0.18096169998170808
0.35933420223552054 10
0.4619453011578957 40
0.4774029919940167 70
0.4843569229986532 100
1.0000000000000002 103
34 1.0316234674074332 0.5023763556427374 0.1630958000314422
0.13115979705554007 10
0.17442315407129858 40
0.18527240101461814 70
0.19078359493986324 100
1.0000000000000002 103
35 1.0142710055361461 0.48286624852988314 0.17057980003301054
0.2542958188866647 10
0.4103627240755531 40
0.42815895351504657 70
0.4359592893593099 100
0.9999999999999991 103
36 0.998093217443869 0.46550019892331046 0.16686350002419204
0.2085742588801753 10
0.25275788375369485 40
0.26387067265331277 70
0.2690779870705034 100
0.9999999999999999 103
37 0.9821755139186169 0.4454735140261889 0.17987880000146106
0.25986820574748065 10
0.422267399640797 40
0.4387642281746884 70
0.44574729294821624 100
1.0 103
38 0.9673160309505714 0.43068772551046985 0.17729590000817552
0.3117114141668502 10
0.3517892219003776 40
0.36149549330959363 70
0.36573719446539643 100
0.9999999999999996 103
39 0.9527564256529615 0.41087522608212224 0.17463150003459305
0.3914264147700452 10
0.5021336217275212 40
0.5142613172281626 70
0.5192394023717709 100
1.0000000000000004 103
40 0.9391621179949048 0.39784196428505036 0.170436599990353
0.37360006298260434 10
0.40666206496022794 40
0.41432141231223846 70
0.4177872890548215 100
0.9999999999999999 103
41 0.9259528609344092 0.379820859414207 0.1792293000034988
0.5418408722830841 10
0.5943457221200076 40
0.6023126054643637 70
0.6054275334217857 100
1.0000000000000002 103
42 0.9136252854886443 0.3673985158978904 0.1675239999894984
0.4018651370764171 10
0.42642272570547063 40
0.4319707944666932 70
0.4350847999013765 100
0.9999999999999993 103
43 0.9018347469975684 0.35268908104423413 0.17519280000124127
0.6305258395846433 10
0.6520178115283303 40
0.6574392277913058 70
0.6594270848307364 100
1.0000000000000009 103
44 0.8907834885259003 0.3402042604335731 0.16578280000248924
0.4492900798655631 10
0.4691117590825699 40
0.47286213555529294 70
0.47559430166812483 100
1.000000000000001 103
45 0.8803145898381901 0.3289417922770886 0.17449230002239347
0.6645527190276909 10
0.678135094853401 40
0.6819097501205506 70
0.6833830869418481 100
0.9999999999999992 103
46 0.8703946484617141 0.31667633440716236 0.17579300003126264
0.5022788585070399 10
0.52325595129031 40
0.5260469499998628 70
0.5282613811743642 100
0.9999999999999997 103
47 0.8610249390260233 0.3078477800746514 0.1654636000166647
0.6691185227299806 10
0.6828369091665465 40
0.685547715011938 70
0.6868473964217192 100
0.9999999999999992 103
48 0.8521334643850976 0.29644743772918264 0.17339140002150089
0.5138711080040369 10
0.5372543740834219 40
0.5397000865329155 70
0.541629384844073 100
0.9999999999999998 103
49 0.8438252509590141 0.2892678613771029 0.1731895999982953
0.6402092956852921 10
0.6556368959866152 40
0.6577182440629145 70
0.6590013689795239 100
1.0000000000000007 103
50 0.8360038355258476 0.279061273539275 0.17026410001562908
0.46717219097226387 10
0.49253218228925144 40
0.4948625594849124 70
0.4967185879767959 100
1.0000000000000004 103
51 0.8287634319933844 0.27318680587748484 0.1660787999862805
0.5737627094542097 10
0.591484396853533 40
0.593172383893298 70
0.5944961052555776 100
0.9999999999999998 103
52 0.821986520338392 0.26414360312281593 0.16991779999807477
0.380566038506196 10
0.4070193730430685 40
0.4092495340724798 70
0.4110606987376256 100
1.0 103
53 0.8157205682551959 0.25939241173187694 0.173246200021822
0.48553100311845787 10
0.5058937775658946 40
0.507357488783786 70
0.5086801105231511 100
1.0 103
54 0.8098588014830258 0.2513329243675585 0.1661236999789253
0.30179716695913206 10
0.3281355064515715 40
0.33018722180698884 70
0.33183796156177797 100
0.9999999999999999 103
55 0.804418515940401 0.24754626953388179 0.17190040001878515
0.4018653369060872 10
0.42464771035086185 40
0.4260087300536425 70
0.42723714612379066 100
0.9999999999999993 103
56 0.7993170702776276 0.24027966905578768 0.17049869999755174
0.2583631251710859 10
0.2836422300390885 40
0.28546715747210266 70
0.28686426933490583 100
0.9999999999999999 103
57 0.7945578627141089 0.2372977014946614 0.16809079999802634
58 0.16256042931265005
-------------------------------------------------END------------------------------------------------------
------------------------------------Krylov only---------------------------------------------------
359.7007975661384 362.7662106505315
1.0000000000000009 11
0 333.4017205486048 337.59714238258067 0.05459279997739941
0.9999999999999996 11
1 290.19475021278134 298.5315829716518 0.05230699997628108
1.0000000000000002 11
2 219.1412751582997 233.1921024089725 0.051175399974454194
1.0000000000000002 11
3 138.5752669799744 150.81992491413882 0.05058039998402819
0.9999999999999999 11
4 60.38003225298642 65.60929922180136 0.048625499999616295
1.0 11
5 15.920708302039479 17.364981895830066 0.05143500003032386
0.9999999999999999 11
6 8.322263844340991 8.893104824017584 0.05190329998731613
0.9999999999999991 11
7 5.8629430329337975 6.2250789511436775 0.05387279996648431
0.9999999999999997 11
8 4.801710317993748 4.631665435694917 0.05411209998419508
1.0000000000000002 11
9 4.12469458197467 3.9127520156092843 0.04844889999367297
1.0000000000000007 11
10 3.738089018334693 3.318806968206096 0.05954369995743036
1.0000000000000002 11
11 3.406544981340145 3.007483303217603 0.05273469997337088
0.9999999999999996 11
12 3.177734350164229 2.654501474384641 0.05460909998510033
1.0000000000000002 11
13 2.9619800674784074 2.4675406776400663 0.056842299993149936
0.9999999999999994 11
14 2.80224675225345 2.2220869159225396 0.05630240001482889
0.9999999999999998 11
15 2.6445164915051356 2.0972588508952024 0.05238539999118075
1.0000000000000024 11
16 2.5199660324678517 1.910129425659995 0.05180620000464842
1.0000000000000027 11
17 2.4028010523549663 1.8109573466372344 0.05673229997046292
1.0000000000000002 11
18 2.303852626407165 1.6758505037292357 0.0805957000120543
0.9999999999999989 11
19 2.199420286506892 1.5759629113079971 0.054802400001790375
1.0 11
20 2.112705709532924 1.4700756691197125 0.059163999976590276
1.0000000000000007 11
21 2.0502470709057428 1.407628427919924 0.05310700001427904
1.0000000000000002 11
22 1.9922490945335987 1.3444764415723476 0.05086610000580549
0.9999999999999993 11
23 1.9412566373882982 1.2914432706786882 0.05168430000776425
0.9999999999999987 11
24 1.8923175079561478 1.2449545840834946 0.05741120001766831
1.0000000000000002 11
25 1.848018370094367 1.1976217375241922 0.04548799997428432
1.0000000000000002 11
26 1.8040107717718088 1.1600087976848628 0.052784200001042336
1.0000000000000002 11
27 1.7605237919230932 1.1124283306390284 0.051630299945827574
1.000000000000001 11
28 1.7175143527813732 1.0836566812566708 0.05135939997853711
1.0000000000000007 11
29 1.675816997000421 1.033009595165225 0.05640349996974692
1.0000000000000002 11
30 1.6327063030913767 1.0092139155233133 0.08082490001106635
1.0000000000000009 11
31 1.5900641636805486 0.9547228990417571 0.07947900000726804
1.0 11
32 1.547421493194593 0.9323649213864796 0.05183100001886487
0.9999999999999998 11
33 1.5054074272905944 0.8768262538404074 0.05086479999590665
1.0 11
34 1.4678127199752178 0.8576432497047076 0.0548242999939248
1.0000000000000007 11
35 1.4291326710867687 0.8050053127474257 0.06234900001436472
1.0000000000000022 11
36 1.3936568079877338 0.7868103327860936 0.06320909998612478
0.9999999999999993 11
37 1.3559028061573744 0.7357623753135841 0.04963369999313727
1.0000000000000002 11
38 1.3220938976109573 0.716226649759554 0.04840390000026673
0.9999999999999997 11
39 1.285900320639532 0.6698830199925672 0.05236029997467995
0.9999999999999988 11
40 1.254263889432903 0.6472915539959682 0.05539320001844317
0.9999999999999999 11
41 1.220148097631073 0.6090417483205367 0.06235279998509213
0.9999999999999992 11
42 1.1923813204380918 0.5835841296920588 0.0651796999736689
1.0000000000000002 11
43 1.1634804137776307 0.5560477696312585 0.057686999964062124
0.9999999999999979 11
44 1.1316750491276355 0.5263239266511238 0.04840520001016557
1.0000000000000002 11
45 1.1009955880045834 0.49735585251630104 0.05878010002197698
1.0000000000000004 11
46 1.0788357704224265 0.47329795306611316 0.07196550001390278
1.000000000000001 11
47 1.0576140601890311 0.4568549294601534 0.048223999969195575
1.0000000000000016 11
48 1.039308874419149 0.43589959763692215 0.05062840000027791
1.0000000000000004 11
49 1.0220995217197644 0.4243847923081661 0.047020800004247576
1.0000000000000009 11
50 1.0068075247908386 0.4055358655025311 0.05137000000104308
1.0 11
51 0.9924616723590374 0.39687818664846697 0.0547243999899365
0.9999999999999993 11
52 0.9795806608502786 0.3809067559616077 0.05401820002589375
1.0000000000000002 11
53 0.9675815713967304 0.37420146393592346 0.05304880003677681
0.9999999999999994 11
54 0.9566305598105559 0.3599888104426188 0.04996400000527501
1.0000000000000007 11
55 0.9463729276144736 0.3549098063494045 0.05602249997900799
1.0000000000000009 11
56 0.9369640541149942 0.3429168408562983 0.055922399973496795
1.0000000000000009 11
57 0.9281545004998486 0.33865801799652406 0.05657060001976788
0.9999999999999982 11
58 0.9199655490848064 0.32779020323788116 0.05479570000898093
0.9999999999999998 11
59 0.912239498880395 0.3244817738103055 0.05954260000726208
0.9999999999999998 11
60 0.9050423003431705 0.3151627699297826 0.05092920002061874
1.0000000000000002 11
61 0.8982486816455254 0.31215515508205016 0.05671540001640096
1.0000000000000007 11
62 0.8920140266779268 0.30399290436816945 0.05030840000836179
0.9999999999999979 11
63 0.8861191693805333 0.3014980858573656 0.05230039998423308
1.0000000000000009 11
64 0.8805847732332924 0.29432081061853527 0.05500609998125583
0.9999999999999993 11
65 0.8753588918512185 0.2920657989374834 0.05377090000547469
1.0 11
66 0.8704243791454741 0.2855048432810862 0.053501499991398305
67 0.055242286562405304
-------------------------------------------------END------------------------------------------------------
23
------------------------------------Randomized only---------------------------------------------------
366.7233399872681 365.931000019975
0.9721634499124531 10
0.9995897464227804 40
0 340.04753414862125 340.83344820383553 0.05945540004177019
0.9765912787027572 10
0.9995258838683058 40
1 302.89748175154017 307.028747560494 0.05439870001282543
0.9594930262538468 10
0.9993538085756086 40
2 258.1122270417806 268.253585192002 0.06558879994554445
0.7247488757465779 10
0.9956371711148118 40
3 212.23665386134692 224.56062412917026 0.05650679999962449
0.9584428034679762 10
0.997247754402031 40
4 92.1735471402778 96.38673313573888 0.055352199997287244
0.8872698063854288 10
0.9895730816486179 40
0.9950282175972088 70
5 46.91185139785218 49.31228103337591 0.11433130002114922
0.7176105546202632 10
0.9667296422572634 40
0.9792186310107298 70
0.9877453673446945 100
0.9999999999999997 103
6 29.757709551190214 32.10956828262751 0.16888000001199543
0.9751890098386975 10
0.9981406388085337 40
7 17.987634684051212 19.071432611545088 0.058162500034086406
0.5940475412075296 10
0.8542879482661333 40
0.9417900028578768 70
0.9653831361892902 100
1.0000000000000002 103
8 16.665216457079225 17.731444861533166 0.1719005000195466
0.9926729473732209 10
9 10.761326472028298 11.557660159718216 0.027525499986950308
0.8705960451288044 10
0.9675451275172793 40
0.9867005479375913 70
0.9931117878498629 100
10 7.596196118409882 7.562317140557701 0.14811049995478243
0.9366800253063478 10
0.9858317590110025 40
0.9898200216429935 70
0.9917662905006335 100
11 6.688180663840966 6.609572589345361 0.16477049997774884
0.9247177534657801 10
0.9415948195500337 40
0.9473564384082791 70
0.9558673238071854 100
1.0 103
12 5.543996296474074 5.476434968342002 0.1924087000079453
0.9921263948827651 10
13 5.2808794337865095 5.178567117202942 0.032304199994541705
0.04337971445859776 10
0.5718708141910032 40
0.6910629480955136 70
0.7674007572096546 100
1.0 103
14 5.161433834518968 5.105888628441741 0.19350809999741614
0.9933069080669498 10
15 3.907191600687648 3.6806608663090357 0.03382660000352189
0.34844397399067106 10
0.9162098156742241 40
0.9541105718077524 70
0.9710324551046353 100
1.0000000000000004 103
16 3.0940602142686484 2.807692085379558 0.1849692999967374
0.9594283274182528 10
0.9804242422306213 40
0.984911811495304 70
0.9892373570467264 100
0.9999999999999999 103
17 2.8378305763734417 2.2588350816835856 0.20592619996750727
0.8408534078313485 10
0.9845648395948462 40
0.9938302854879233 70
18 2.4529249643324964 1.8432763059725283 0.11561600002460182
0.44046210371370154 10
0.5354906853231935 40
0.5507402867422978 70
0.6755362827748266 100
1.0 103
19 2.150990054798581 1.5236875804565893 0.17513309995410964
0.9216711502806426 10
0.9669028430631668 40
0.9731715238692409 70
0.978236985481474 100
1.0 103
20 1.9516510264510136 1.309590995969537 0.18631120002828538
0.7260133309190876 10
0.8371436310035982 40
0.8584330999355182 70
0.872419908147703 100
1.0000000000000002 103
21 1.8038185939830298 1.2021731164615976 0.2179346999619156
0.9351444196119695 10
0.9737722506450698 40
0.9777637247198843 70
0.9804788555385406 100
0.9999999999999993 103
22 1.6677036617942962 1.0388886589461057 0.1995436999714002
0.7947159407765451 10
0.8800935532565547 40
0.8900751156206693 70
0.8969375294889361 100
0.9999999999999996 103
23 1.5537207855662403 0.9668639115240752 0.3368666000314988
0.7470905842393231 10
0.8296815057355981 40
0.8466675721147477 70
0.857989069934709 100
1.0000000000000002 103
24 1.4642689922564511 0.8399293751985252 0.16816419997485355
0.7818741525218864 10
0.8888980025250409 40
0.8995200876954011 70
0.9033833952740993 100
1.0000000000000002 103
25 1.3828281585639544 0.794666380388068 0.17745910002849996
0.857926884327513 10
0.882007410009995 40
0.8919357242482469 70
0.8979559486224201 100
0.9999999999999994 103
26 1.3177654794747857 0.7101288063691936 0.17568350001238286
0.45131693896640995 10
0.6732524757342186 40
0.6932803374095767 70
0.7017890886157108 100
0.9999999999999998 103
27 1.2604216597661149 0.6675454947159103 0.17865139996865764
0.3943491990470407 10
0.4583198436486629 40
0.4834924298259577 70
0.5077931137804175 100
1.0000000000000004 103
28 1.213242670638546 0.6191617890737084 0.16539280000142753
0.7657278512587078 10
0.8092654888447146 40
0.816476942596036 70
0.8194981638807306 100
0.9999999999999997 103
29 1.171015684120894 0.5787621044583149 0.17791610001586378
0.5056053208698568 10
0.5646324947611429 40
0.5794664728195587 70
0.5942141410769032 100
0.9999999999999994 103
30 1.1340520434317076 0.5489416021292486 0.18160579999675974
0.8186277456153873 10
0.8368199365598463 40
0.8410398181080787 70
0.8430383720117751 100
0.9999999999999993 103
31 1.0996594113853615 0.5142759851843154 0.16051359998527914
0.6802777413747236 10
0.715668307436667 40
0.7255691858021414 70
0.7320526384282925 100
1.0 103
32 1.0689474802013383 0.4924118799064395 0.17599910002900288
0.7951443775405893 10
0.8157702380175736 40
0.8196806515779302 70
0.8218179649667339 100
1.0000000000000002 103
33 1.0401155376327813 0.46349598570423967 0.1735620999825187
0.7068223824708465 10
0.7364978097637842 40
0.7462258968373828 70
0.7504916270210107 100
1.0000000000000002 103
34 1.0145148741472731 0.44584137576805016 0.17972700000973418
0.6957656052176998 10
0.7273720525893993 40
0.7318084422709283 70
0.7344386901364357 100
1.0000000000000004 103
35 0.99062351011053 0.42251876984129416 0.17488130001584068
0.6595878453578106 10
0.6905977260242591 40
0.7008657127627766 70
0.7046229159484649 100
0.9999999999999997 103
36 0.9694986701920603 0.4075696331120262 0.17116939998231828
0.6404599896125659 10
0.6752166894964594 40
0.6798835761392231 70
0.6824630307699766 100
1.0000000000000002 103
37 0.9498575187146878 0.3879442711622584 0.1651776999933645
0.5764588078690971 10
0.6085134115730525 40
0.6182306582672034 70
0.6221807096539255 100
0.9999999999999999 103
38 0.9324101138028124 0.3757982962837881 0.16851700004190207
0.606719137126241 10
0.6415339427924712 40
0.6475624987135902 70
0.6501302430665584 100
0.9999999999999996 103
39 0.9162480551089411 0.3580735919204375 0.17364629998337477
0.525683009859928 10
0.5538618667859445 40
0.5619407088523525 70
0.5662430749608816 100
0.9999999999999997 103
40 0.9016922413243257 0.348612193317148 0.17302589997416362
0.5824698328444745 10
0.6153282058065561 40
0.6240180102988535 70
0.6267708594035372 100
1.0000000000000004 103
41 0.8881002091731174 0.3326671299329717 0.1819334999890998
0.3918133687549316 10
0.42176781687316683 40
0.43008627598755333 70
0.43601039886645787 100
0.9999999999999993 103
42 0.875619368064787 0.32429375615602263 0.17012480000266805
0.5549518319626121 10
0.5946047211632255 40
0.6057233954475119 70
0.6090430867549816 100
1.0 103
43 0.8638151549464592 0.3105601929752758 0.17332939995685592
0.3179032213927454 10
0.35212593069185466 40
0.3610430109673973 70
0.3677289864906661 100
1.0000000000000009 103
44 0.8528474354249574 0.3018476524507111 0.17993729998124763
0.5162078128274098 10
0.5599487617727048 40
0.572609221480552 70
0.5768671188923379 100
1.0000000000000002 103
45 0.8424647566857216 0.29062335829450536 0.17350319999968633
0.3162118330917067 10
0.3575087966773209 40
0.36684302387309864 70
0.3728586492628284 100
1.0000000000000009 103
46 0.8327781062965687 0.28113303698973163 0.16867049998836592
0.5061851806173415 10
0.5416597611111149 40
0.554871789027249 70
0.5597560604968072 100
0.9999999999999996 103
47 0.8236762311740229 0.27231403994632314 0.17279639997286722
0.3178160233833637 10
0.369396700858665 40
0.3798776036355538 70
0.38514068274516206 100
0.9999999999999993 103
48 0.8151909452144269 0.26246415667117595 0.17537280003307387
0.5380740430352454 10
0.5638983493732272 40
0.5763702848962016 70
0.5811653179010288 100
0.9999999999999993 103
49 0.8072906233937021 0.2555847285191404 0.1679337999667041
0.3329713511287027 10
0.3911824878695242 40
0.403530026682875 70
0.40843633572484866 100
1.0 103
50 0.7999617320966498 0.24613239338647525 0.1634671000065282
0.5461153035343068 10
0.568750151878214 40
0.5805777280539406 70
0.5852366545995796 100
0.9999999999999998 103
51 0.7931752806387528 0.24062187627197795 0.16422129998682067
0.3479192555297341 10
0.4075609353518743 40
0.42232808492962526 70
0.42709270703967933 100
0.9999999999999997 103
52 0.7869230964058718 0.2321586958074004 0.17412049998529255
0.48597915208603837 10
0.5102186233531194 40
0.5224468687306353 70
0.5273895699473061 100
1.0000000000000002 103
53 0.7811369144560898 0.22754018824910932 0.1669164999620989
0.3395608932099773 10
0.39896094829504875 40
0.41612785889887627 70
0.4207888074195911 100
1.0 103
54 0.7758381948029474 0.22034821838277566 0.1714718000148423
0.39205646012713147 10
0.41902252899770026 40
0.4315165682959111 70
0.4367412624839313 100
1.0 103
55 0.7709091523170779 0.21626572858140333 0.16773939999984577
56 0.15592788749615596
-------------------------------------------------END------------------------------------------------------
------------------------------------Krylov only---------------------------------------------------
366.7233399872681 365.931000019975
1.0 11
0 339.1133738016703 340.4559894261319 0.050129199982620776
1.0000000000000002 11
1 292.4087292288779 298.9859139939959 0.05482130002928898
0.9999999999999991 11
2 228.0446973271273 240.09420235687347 0.05030890001216903
1.0000000000000002 11
3 220.42480521835708 215.5528122600977 0.05298919999040663
1.0000000000000002 11
4 74.93650375481886 77.73953651470583 0.05168109998339787
1.000000000000001 11
5 18.751489835397198 19.15181040223889 0.0522857999894768
1.0 11
6 9.122397033445743 9.143199695920595 0.04780440003378317
1.0000000000000016 11
7 5.93750776432196 5.949581866952926 0.05245489999651909
0.9999999999999996 11
8 4.496666192663676 4.0301530060697734 0.06264069996541366
0.9999999999999997 11
9 3.9223894372147705 3.53051201328208 0.05862590001197532
0.9999999999999999 11
10 3.515165934805834 2.98036245900028 0.0553321999614127
0.9999999999999999 11
11 3.2455700298453523 2.760390670970877 0.05088590004015714
1.0000000000000013 11
12 3.0261960408937782 2.4741345484441637 0.05832499999087304
1.0000000000000002 11
13 2.8682980048092426 2.3649578745156306 0.0515789000201039
1.0000000000000022 11
14 2.7273023090132256 2.157103096143135 0.05468159995507449
0.9999999999999991 11
15 2.6217280983084934 2.0969941437811297 0.05130020005162805
0.9999999999999998 11
16 2.5270271995137352 1.9519652218614252 0.07070010004099458
0.9999999999999994 11
17 2.4445425782106702 1.905007411811981 0.05164899997180328
1.0000000000000004 11
18 2.3689305199713626 1.7911576497352286 0.04934600001433864
0.9999999999999994 11
19 2.29364765011468 1.7468859130730838 0.13694920000853017
0.9999999999999983 11
20 2.226911948938799 1.6500364602137507 0.051771100028418005
0.9999999999999997 11
21 2.171187898487238 1.628797550447903 0.054606899968348444
0.9999999999999988 11
22 2.121931082907126 1.5473392214164008 0.050367699994239956
0.9999999999999986 11
23 2.083105806526925 1.5403357320343753 0.05011509999167174
1.0000000000000002 11
24 2.0462632665845937 1.477126420286235 0.047764499962795526
1.0000000000000004 11
25 2.013703461593025 1.4734036418567429 0.052753299998585135
0.9999999999999991 11
26 1.9824916835801123 1.4108162749601452 0.05087370000546798
1.0 11
27 1.954042568041929 1.4161077726262166 0.05472620000364259
1.0000000000000018 11
28 1.9275346845668042 1.3624959245381365 0.05445890000555664
0.9999999999999998 11
29 1.9024659300135383 1.3679088070033234 0.04832969995914027
1.000000000000001 11
30 1.8781815167149312 1.318677827298423 0.05395880003925413
1.0000000000000009 11
31 1.8544225291200707 1.3245671716614364 0.055547499970998615
1.0000000000000007 11
32 1.830904230061367 1.2765725782704826 0.052006500016432256
0.9999999999999987 11
33 1.8079709453842006 1.2816643723952714 0.05510509997839108
1.0000000000000004 11
34 1.7852285456795978 1.2336132784484846 0.05275269999401644
1.0000000000000002 11
35 1.7627515149839321 1.2378187387676314 0.06749300000956282
0.9999999999999996 11
36 1.739872432785241 1.1898290663696223 0.049200500012375414
0.9999999999999993 11
37 1.7169053143391055 1.1911936661545084 0.05424689996289089
1.0000000000000004 11
38 1.692503806819921 1.1400785668727953 0.054671999998390675
0.9999999999999998 11
39 1.6679773668776856 1.1380434426279504 0.06466259999433532
1.0 11
40 1.641315475078419 1.0860761434756487 0.05350909999106079
1.0000000000000002 11
41 1.61388464458532 1.077219923341714 0.05011849995935336
1.0000000000000002 11
42 1.5854845294644955 1.0290191071912551 0.05168870004126802
1.0000000000000013 11
43 1.558597193745823 1.0143668470417577 0.04923780000535771
0.9999999999999997 11
44 1.5322854944974043 0.9694547000933545 0.08164869999745861
0.9999999999999996 11
45 1.506570942319073 0.9578695287535332 0.06048400001600385
0.9999999999999997 11
46 1.4814319582447373 0.9167570336601347 0.04850450000958517
0.9999999999999999 11
47 1.4563711985223058 0.9050644773298482 0.06103889999212697
0.9999999999999999 11
48 1.430960999432606 0.8660794886968778 0.056259000033605844
0.9999999999999998 11
49 1.4053472155341848 0.8548081737087101 0.052081800007727
1.0000000000000007 11
50 1.3785769702136836 0.81583044480274 0.05689919996075332
1.0000000000000004 11
51 1.3514826550758348 0.803220528174292 0.18163549999007955
1.0000000000000007 11
52 1.3224425979148888 0.762911694975289 0.05621839995728806
1.0000000000000007 11
53 1.293232341274291 0.7480186006517417 0.07125109998742118
1.0000000000000004 11
54 1.26253522615259 0.7063279867061254 0.05003389995545149
0.9999999999999993 11
55 1.2319824234655319 0.6876503899468001 0.051009499991778284
0.9999999999999993 11
56 1.2038920935067159 0.6479946960118943 0.05109780002385378
0.9999999999999992 11
57 1.1742347721186968 0.6293468034885915 0.051544099987950176
1.0000000000000002 11
58 1.1494368445044736 0.594069504289722 0.0468690000125207
1.000000000000002 11
59 1.1110903531377683 0.5589758128101423 0.05688650003867224
0.9999999999999983 11
60 1.0822294480248595 0.5196623957940528 0.04998180002439767
1.0000000000000009 11
61 1.0584730359318832 0.5050446174154846 0.05448429996613413
1.0000000000000002 11
62 1.0378250465872125 0.46982715683711435 0.05546659999527037
1.0000000000000004 11
63 1.0182924446716566 0.4643422191468994 0.05338270001811907
0.9999999999999993 11
64 1.0012505430545782 0.4303128861871733 0.057764000026509166
1.0000000000000007 11
65 0.9864666038355449 0.42937797747393275 0.048791299981530756
1.0000000000000004 11
66 0.9730564355641059 0.39942867214556965 0.05114679998951033
1.0000000000000004 11
67 0.9600580776594932 0.3988132120037418 0.050526499981060624
1.0000000000000004 11
68 0.9464270834682055 0.37037067274642915 0.052880900038871914
1.0000000000000013 11
69 0.9348947944495359 0.3703465626667153 0.04800060001434758
1.0000000000000002 11
70 0.9254020661058293 0.34641770803386956 0.053815699997358024
0.9999999999999989 11
71 0.9177145523232779 0.35006259663695233 0.04793679999420419
1.0000000000000004 11
72 0.9105736834423049 0.3313801698791157 0.052810799970757216
0.9999999999999994 11
73 0.903943536100291 0.3350627006581921 0.049658200005069375
0.9999999999999987 11
74 0.8976669084748108 0.3179109181850579 0.05159079999430105
0.9999999999999999 11
75 0.8917894407185307 0.3216034781711701 0.04721769999014214
1.0000000000000016 11
76 0.886187677532399 0.3059884982281576 0.053805300034582615
0.9999999999999999 11
77 0.8808430132555423 0.3097518575341099 0.04635640000924468
0.9999999999999994 11
78 0.8757205056753952 0.29514530914812537 0.05527330003678799
0.9999999999999994 11
79 0.8696861906607192 0.2956133584617122 0.05154700001003221
1.0000000000000009 11
80 0.8639620068426417 0.2830678555475912 0.05071999999927357
0.9999999999999992 11
81 0.859607735715928 0.28609759517487476 0.050756300042849034
82 0.05624185365883111
-------------------------------------------------END------------------------------------------------------
24
------------------------------------Randomized only---------------------------------------------------
366.14385844381 365.27275437719777
0.9863801286952472 10
0.9996584766467879 40
0 340.512810036063 340.7887160393401 0.0539551000110805
0.9858353767466765 10
0.9996143197262255 40
1 303.63282634206786 307.0177771247433 0.06004359998041764
0.9690729124269336 10
0.9990033816493278 40
2 256.61963008700826 265.46141822892406 0.05974880000576377
0.6585602543570792 10
0.9963995150240814 40
3 189.99998229746967 201.8200669051689 0.05326989997411147
0.932378960186704 10
0.9954659853062285 40
4 108.84971099523646 117.08398645137366 0.059196699992753565
0.7249743539254465 10
0.9861587488109438 40
0.9945402204664994 70
5 64.67483541084243 68.13672779263422 0.10822529997676611
0.6856120143513983 10
0.9542692716533168 40
0.9810138957254083 70
0.9914985223326256 100
6 37.60835334909907 39.80554572726623 0.14675870002247393
0.8743673005220538 10
0.9699051316338663 40
0.9848256652540192 70
0.9916421699042213 100
7 18.702037930815642 18.660494509953 0.15532830002484843
0.5044931058940246 10
0.8619695444917048 40
0.9460249173030663 70
0.9675233996436433 100
0.9999999999999999 103
8 11.715483108137642 12.103845205341587 0.16498200001660734
0.9805982476449528 10
0.9969633127175448 40
9 8.022967215154312 8.093718415601355 0.054155000019818544
0.45089602067502743 10
0.5463344559008582 40
0.7943132911624605 70
0.9113852136076852 100
0.9999999999999999 103
10 5.958814656466073 6.240735087238174 0.16909669997403398
0.9607472652333756 10
0.9958969389163674 40
11 5.0640159585095255 4.8562306374878075 0.05405919998884201
0.49248693631936247 10
0.592496094961052 40
0.757251095424388 70
0.8554913575133593 100
0.9999999999999999 103
12 4.121355367246541 3.8956566957606933 0.16372980002779514
0.9043359248979969 10
0.9877598638211748 40
0.994237755743387 70
13 3.7929515854272746 3.5727201865846645 0.09889139997540042
0.7792157950805207 10
0.8136360348995368 40
0.8341261945310348 70
0.8779260104407388 100
1.0 103
14 3.18002404039495 2.875420613207516 0.17276379995746538
0.9671328177161093 10
0.9890731003880157 40
0.9927548255066686 70
15 3.092775259398721 2.7214876783078448 0.11342209996655583
0.09778917628128884 10
0.1218680168616329 40
0.13669882223385868 70
0.36488783499798355 100
1.0000000000000009 103
16 2.73781769776848 2.3995409377685775 0.17015489999903366
0.8177146953242079 10
0.9748439947435742 40
0.9826844375203952 70
0.9851418867532801 100
1.0000000000000004 103
17 2.4475058899735855 1.9441493142487412 0.1697534000268206
0.9002961941384243 10
0.974618392408279 40
0.9801073744700962 70
0.9825657174862863 100
0.9999999999999997 103
18 2.2522430919828964 1.8098482510804914 0.1615870000096038
0.8585191057854781 10
0.9618880476145619 40
0.9699153351902811 70
0.972743425896962 100
1.0000000000000002 103
19 2.0783611097805608 1.521826369167583 0.16992100002244115
0.876590731212022 10
0.9554452630643099 40
0.9631879124140468 70
0.9661314958017635 100
0.9999999999999999 103
20 1.935900384557761 1.403233872593058 0.16132710000965744
0.7967309461601796 10
0.9404206215369912 40
0.9474312192494485 70
0.9510055793661236 100
1.0000000000000002 103
21 1.8213021195158616 1.2716063067658108 0.16289889998733997
0.8491409523418263 10
0.949731762450575 40
0.9547631788740143 70
0.9574947308408139 100
0.9999999999999999 103
22 1.7184787979575027 1.165544230087674 0.16721400001551956
0.978045683501405 10
0.9908621957079146 40
23 1.714201835874127 1.1591501627915735 0.058325399993918836
0.002327191569371284 10
0.002819637802856084 40
0.053724889522971185 70
0.12274560313860713 100
0.9999999999999994 103
24 1.6304676916230179 1.0806236935861468 0.16732410003896803
0.7487508877270569 10
0.9274407853717084 40
0.933197593814701 70
0.9377797174621924 100
1.0000000000000007 103
25 1.5405734713397254 0.9803795326712472 0.17680640000617132
0.9841655593530886 10
0.9945189890463726 40
26 1.5347287025145928 0.9669468762264927 0.06812339997850358
0.00671110933149167 10
0.007207935762483277 40
0.07050283021071727 70
0.1495578788233226 100
0.9999999999999991 103
27 1.4612036845826668 0.9071042197010606 0.17394519998924807
0.6275249996447838 10
0.9072203471003409 40
0.9182970089955728 70
0.9236405611474072 100
1.0000000000000002 103
28 1.3921368317816307 0.842440703920018 0.1612033999990672
0.9713011732076383 10
0.9935667650957015 40
29 1.3848402758414187 0.8281681644336212 0.049455099971964955
0.007741048053546873 10
0.008552142253069018 40
0.05391508416382754 70
0.10200219469864731 100
1.0 103
30 1.3183765469951712 0.7521750422215697 0.15975250001065433
0.4066312862659588 10
0.8521919754056401 40
0.8672695317118774 70
0.873976691174544 100
1.0 103
31 1.2557854319362 0.7067345395793528 0.1714020000072196
0.9667681908505201 10
0.994395110355275 40
32 1.2460856051106035 0.6914068932597555 0.049458199995569885
0.00489829798610193 10
0.006022551888574485 40
0.04027962103584872 70
0.09720218990012602 100
1.0 103
33 1.1728821284533257 0.6007332857359294 0.1749907999765128
0.9210998229606289 10
0.9839473920345474 40
0.98538063656605 70
0.9861840353948784 100
0.9999999999999991 103
34 1.1044689505235012 0.5353684612341466 0.16200579999713227
0.9478757030019886 10
0.99541059298327 40
35 1.089166687737249 0.5148723611800708 0.05826660001184791
0.0009890318804174239 10
0.0020202632416345596 40
0.06472046359927121 70
0.11840720566557775 100
0.9999999999999999 103
36 1.0277385369441605 0.4575236007522926 0.17144049995113164
0.9188761289366146 10
0.9771471702849559 40
0.9792813177254529 70
0.9801608637588411 100
1.0000000000000013 103
37 0.9791123789272355 0.3997021116539298 0.18648679996840656
0.8769409644534997 10
0.9490059795863007 40
0.9511463066191932 70
0.9521975465571264 100
1.0000000000000002 103
38 0.9416686286101172 0.36562918136529754 0.16456370003288612
0.5685010163716853 10
0.78487258670543 40
0.7971774101847212 70
0.8044726657044405 100
0.9999999999999997 103
39 0.9128167398066882 0.33248066010383975 0.17007910000393167
0.5569321821644407 10
0.6755279305337495 40
0.687368469244633 70
0.6932296734035175 100
0.9999999999999992 103
40 0.8896606273159364 0.3116642596470872 0.17382440000073984
0.49856950898066466 10
0.6269411741917946 40
0.6452395281857962 70
0.654215753604257 100
1.0000000000000004 103
41 0.8711699916671248 0.29021880582573745 0.17079220002051443
0.4441388763411401 10
0.5865087722493665 40
0.6029526950997084 70
0.6095140321636268 100
1.0000000000000002 103
42 0.856656617761905 0.2780898233457298 0.1752676999894902
0.3548967424193408 10
0.4206515230563699 40
0.4371748589826462 70
0.44503397956015506 100
0.9999999999999998 103
43 0.844646430495354 0.2634115085474966 0.16312799998559058
0.4518247415547934 10
0.5853252826331727 40
0.5968181215629418 70
0.6017045978741531 100
0.9999999999999994 103
44 0.8343037161080916 0.2553818032311753 0.1706160000176169
0.1236908028301988 10
0.19009945754393853 40
0.20120421293494267 70
0.21057842745824643 100
0.9999999999999997 103
45 0.8249304894910702 0.24414108921930103 0.17208879999816418
0.5137770451593286 10
0.6201521215395882 40
0.6285017552721979 70
0.6326261047580259 100
1.0000000000000002 103
46 0.8163870778503606 0.23719459128005843 0.16520359995774925
0.09282074183170554 10
0.15171406281857158 40
0.16020427600568007 70
0.17046229112927175 100
1.0000000000000004 103
47 0.8085111901917483 0.2287019934981077 0.17443790001561865
0.5206789669304315 10
0.6226050447551983 40
0.6301363585549153 70
0.6340138241177277 100
1.0 103
48 0.8013695758415542 0.2217371765598867 0.17107169999508187
0.09024720556779578 10
0.1366851733461916 40
0.14460864509666183 70
0.15466421527032276 100
1.0 103
49 0.7949413045903563 0.21664712228680327 0.17446710000513121
0.49881827308977644 10
0.5927543750925934 40
0.5985431694349521 70
0.6016587179275591 100
1.0 103
50 0.7895163974367004 0.20928062402361053 0.1723453999729827
0.4044550080834724 10
0.4237227582206405 40
0.42705137914695984 70
0.43031852351303 100
0.9999999999999997 103
51 0.7847728241574998 0.20762858084430305 0.1745927999727428
52 0.13907590961249439
-------------------------------------------------END------------------------------------------------------
------------------------------------Krylov only---------------------------------------------------
366.14385844381 365.27275437719777
1.0000000000000002 11
0 340.0591533895326 340.55995543927264 0.05742299999110401
1.0000000000000013 11
1 298.5549973432876 303.8120048376096 0.054538500029593706
0.9999999999999999 11
2 216.89556824220313 228.49195591335192 0.0532977000111714
0.9999999999999997 11
3 184.4997479791217 195.31919068921098 0.06817939999746159
1.0000000000000002 11
4 113.11977237843003 123.62089699991955 0.05442989995935932
0.9999999999999992 11
5 39.93933713423922 42.68931596849008 0.052001999982167035
0.9999999999999994 11
6 12.6150578462301 13.590482169717554 0.05043339997064322
0.9999999999999996 11
7 7.26688300714217 7.5473970005171545 0.05602999997790903
0.9999999999999998 11
8 5.109674782599779 5.170053015548799 0.04807070002425462
1.0000000000000004 11
9 4.232305559952469 4.2053545617319905 0.05587099998956546
1.0000000000000002 11
10 3.741750779250878 3.6128353999564107 0.05760579998604953
1.0000000000000004 11
11 3.3647255032233727 3.341532091313744 0.053714599984232336
1.0000000000000002 11
12 3.0832846020986944 2.9126546832586744 0.051215299987234175
0.9999999999999998 11
13 2.848500448332262 2.8134930138759975 0.048809100000653416
0.9999999999999994 11
14 2.664106175494743 2.466086970039056 0.05156689998693764
0.9999999999999999 11
15 2.4961343541665015 2.42122217474888 0.05148239998379722
0.9999999999999992 11
16 2.3530502496661367 2.1150120285746197 0.05363989999750629
0.9999999999999997 11
17 2.2202430646614726 2.095887465287898 0.058445599977858365
1.000000000000001 11
18 2.0996287372374414 1.83669780131314 0.05144469998776913
0.9999999999999993 11
19 1.9855756518161667 1.8065084614752402 0.050603600044269115
1.0000000000000007 11
20 1.8857491587318291 1.566123769358206 0.0493367999442853
1.0000000000000007 11
21 1.7989960395339502 1.5656359547023821 0.058559699973557144
1.0000000000000002 11
22 1.7236960893656477 1.3857686642152702 0.058632400003261864
0.9999999999999998 11
23 1.656789522559422 1.376091010636107 0.05530529998941347
1.0000000000000007 11
24 1.5688307534469736 1.1800963632272832 0.0566182000329718
1.000000000000001 11
25 1.50764621035593 1.1708481724367898 0.05675430002156645
0.9999999999999997 11
26 1.467750027615196 1.065593984474945 0.04779769998276606
1.000000000000001 11
27 1.4324131552532675 1.0675792244949005 0.07215149997500703
0.9999999999999996 11
28 1.402256588389492 0.9902437086537085 0.05184150004060939
1.0000000000000002 11
29 1.375117340919415 0.9889667388162852 0.04846809996524826
0.9999999999999998 11
30 1.3509640093388304 0.9312510604497614 0.052707199996802956
1.0000000000000007 11
31 1.3291073024410773 0.9286993550214945 0.05102379998425022
1.0000000000000002 11
32 1.3088689680107712 0.8814088470222141 0.05002749996492639
1.000000000000001 11
33 1.290111152766059 0.8791780740146269 0.055170000006910414
0.9999999999999998 11
34 1.2724243966847888 0.8387782070827702 0.051051000016741455
1.0000000000000004 11
35 1.255418315450925 0.8336712239050589 0.07001799996942282
1.0000000000000007 11
36 1.2393476725219716 0.800262954972141 0.04953480005497113
1.0000000000000002 11
37 1.2246939776580157 0.7987261109487217 0.051382699981331825
1.0000000000000007 11
38 1.2106982433424107 0.7676607746812328 0.10825809999369085
1.0000000000000002 11
39 1.1974854707616784 0.7666225504501493 0.051268799987155944
1.0 11
40 1.1847660811276666 0.7387729067600562 0.06225700001232326
1.0000000000000002 11
41 1.172689209007965 0.7379872285562581 0.06571910000639036
1.0000000000000004 11
42 1.1608691266763693 0.7095382925252441 0.05544119997648522
1.0000000000000004 11
43 1.1496909260130939 0.7116027916780904 0.052196300006471574
1.0 11
44 1.139147348945408 0.686420788108529 0.05398169998079538
1.0 11
45 1.1290935616568807 0.6876199559617523 0.05237459996715188
0.999999999999999 11
46 1.119419580333476 0.6644057452621326 0.05089489999227226
1.0000000000000002 11
47 1.1101700497645544 0.6651349723484513 0.05398200004128739
1.0000000000000013 11
48 1.1012929007061183 0.6444544396056782 0.05431839998345822
1.0000000000000002 11
49 1.0927539074952652 0.6446494195553242 0.06052649999037385
0.9999999999999998 11
50 1.0844922469998584 0.6253713974513364 0.05291299999225885
0.9999999999999988 11
51 1.0747153621283734 0.6249850424980872 0.05631900002481416
1.0000000000000013 11
52 1.0653682509769133 0.6043596198025022 0.04697780002607033
0.9999999999999998 11
53 1.0558505728153476 0.5968910976373352 0.048843300028238446
1.000000000000001 11
54 1.046897460684428 0.583027844873137 0.051606399996671826
0.9999999999999997 11
55 1.040192055053521 0.5807033080503696 0.05205729999579489
0.9999999999999993 11
56 1.0337028209647747 0.5675966692856496 0.04967509995913133
0.9999999999999998 11
57 1.0274733616811882 0.5653594487766549 0.05465090001234785
0.9999999999999989 11
58 1.0214205863511843 0.5532382325396769 0.0507402999792248
1.0000000000000007 11
59 1.0155483222148691 0.5504192805699591 0.2196179999737069
1.0000000000000002 11
60 1.0098315079522395 0.5394408113302168 0.054297099995892495
1.0000000000000004 11
61 1.0042680973910756 0.5362110687644749 0.0584983000298962
0.9999999999999992 11
62 0.9988447832101285 0.526258774721872 0.07795409997925162
1.0000000000000007 11
63 0.9935651160997532 0.5226369616225204 0.05320790002588183
1.0000000000000002 11
64 0.9878542930088205 0.512787898970767 0.05459549999795854
0.9999999999999998 11
65 0.9826006828655219 0.5091168951391221 0.054082399990875274
0.9999999999999989 11
66 0.977909236790009 0.499734888093216 0.05136089998995885
67 0.05781790895088673
-------------------------------------------------END------------------------------------------------------
25
------------------------------------Randomized only---------------------------------------------------
375.22871626309444 375.3852340632084
0.9966246655543358 10
0 348.3536065880075 350.3384606590299 0.028820599953178316
0.996975237327112 10
1 310.2796724177249 314.6796967482725 0.029260600043926388
0.9961528210501787 10
2 268.95366607575005 276.8973017128779 0.02366409997921437
0.9884666072651804 10
0.9993738184754528 40
3 238.3183529766485 249.58078967459448 0.047314500028733164
0.8863792362616439 10
0.9958476317090853 40
4 179.52222510241185 189.8708294052592 0.06223450001562014
0.8467383292271973 10
0.9799445256367377 40
0.9949967177475829 70
5 101.77999971041382 111.19955816590976 0.10704390000319108
0.6776010815058879 10
0.9425591128634706 40
0.9728794119807398 70
0.9841436862031009 100
1.0000000000000002 103
6 53.894955641447936 58.88158729388108 0.1845943999942392
0.6920767570812895 10
0.9357188807613753 40
0.9675705256047636 70
0.9829450842366482 100
1.0 103
7 30.228150739955332 31.83364881552596 0.17174309998517856
0.5988574604961928 10
0.8682415286180919 40
0.9513013434341966 70
0.9728331868021766 100
1.0000000000000004 103
8 16.2974068142873 16.42881531925322 0.16968390002148226
0.9342222927341893 10
0.9821329531824162 40
0.9922731582187605 70
9 12.050697398239075 11.969018812788036 0.108735500019975
0.24332493715724374 10
0.6714100683506676 40
0.744789518295026 70
0.8393919181304544 100
1.0000000000000002 103
10 8.259408520975285 8.000901461125457 0.17789980000816286
0.8956805076680905 10
0.9841832407094356 40
0.9911036738010853 70
11 7.215094008251326 7.118784837512588 0.10816390003310516
0.21175564194304194 10
0.2968497278338866 40
0.3308054790891729 70
0.59053598208082 100
1.0000000000000004 103
12 5.460465225456591 5.329081777317732 0.17134119995171204
0.9060062438221207 10
0.9518595563175632 40
0.9678891201260439 70
0.9722765796339133 100
1.0000000000000002 103
13 4.468064865033005 4.258128369630429 0.18139340000925586
0.6457242806208489 10
0.8233482254550516 40
0.8536495567600231 70
0.8709228331555372 100
1.0000000000000002 103
14 3.89801585946883 3.654102289885015 0.1793568999855779
0.8001515632789286 10
0.8959800706811663 40
0.9079429399192784 70
0.9136265314499379 100
1.0000000000000004 103
15 3.3782533424548173 3.1633178721117816 0.16414790000999346
0.4767340129117498 10
0.8034969745424277 40
0.8304122844922522 70
0.8479500323792495 100
0.9999999999999998 103
16 3.037792643456654 2.709688959405071 0.17338079999899492
0.7672456230710744 10
0.8359180280061241 40
0.8487223582473477 70
0.8563928979602985 100
0.9999999999999998 103
17 2.7491321951994943 2.469163776253431 0.1697725999983959
0.23899575503347517 10
0.570548733969839 40
0.6196400670469445 70
0.6509811788561752 100
1.0 103
18 2.5606742681276113 2.213324208043652 0.16151479998370633
0.7494454396060479 10
0.8062315012388809 40
0.8150056998950257 70
0.8229665264052288 100
0.9999999999999999 103
19 2.390655999726803 2.041001066674225 0.17330239998409525
0.22509588453849297 10
0.4068897861977523 40
0.4509722592573369 70
0.48990450820069203 100
0.9999999999999994 103
20 2.26384612284234 1.894610694534486 0.17356019996805117
0.39319276782868445 10
0.5028119227303461 40
0.5193026722355163 70
0.5367223918023089 100
0.9999999999999993 103
21 2.141212650827263 1.7421936034946301 0.1784831000259146
0.25723281547239546 10
0.39796996630230624 40
0.429496260480462 70
0.4606134907963349 100
0.9999999999999998 103
22 2.043620915329522 1.6291024061962502 0.16766490001464263
0.4490307618566818 10
0.5534953513469844 40
0.5669215130538501 70
0.5796572415730172 100
1.0 103
23 1.9468299875910335 1.4858582170021486 0.1687404999975115
0.302580883374034 10
0.4304492413509826 40
0.4512009103541222 70
0.47096525184486665 100
0.9999999999999993 103
24 1.8689870664194226 1.3984509915632306 0.16827769996598363
0.4652178773008072 10
0.5708488112394403 40
0.582396228726247 70
0.5914343777761812 100
0.9999999999999994 103
25 1.7918724979798522 1.2747791582637962 0.17511159996502101
0.2682009054639892 10
0.3736354954553888 40
0.3937640418626971 70
0.4112807801717869 100
0.9999999999999998 103
26 1.7286215138641716 1.2097188777856245 0.16945019998820499
0.4981338410129338 10
0.5924078201027719 40
0.6023721042456658 70
0.608567090458516 100
0.9999999999999997 103
27 1.6652037888116866 1.1139636552018537 0.1630258999648504
0.4203677694223186 10
0.4818886552287225 40
0.5001983982235294 70
0.5127747867929171 100
1.0000000000000004 103
28 1.6128246841521163 1.063784352027193 0.16444999998202547
0.5283676708022481 10
0.5991245190296265 40
0.6080640212916153 70
0.6132349795462874 100
1.0000000000000002 103
29 1.5601181632033243 0.99388117478976 0.17145299998810515
0.6062924399099725 10
0.6426228855223205 40
0.6555418715032014 70
0.663332761836759 100
0.9999999999999999 103
30 1.5160477161232493 0.9519854027980332 0.1679776000091806
0.5448755779864702 10
0.5991904878006991 40
0.6077947623796706 70
0.6134355017353273 100
1.0000000000000002 103
31 1.4726959341557162 0.9021331796114628 0.17609130003256723
0.6234961424375149 10
0.6629433044990468 40
0.6727786814131784 70
0.6792983516866108 100
1.0000000000000004 103
32 1.4356673014265022 0.865140860612451 0.17028040002333
0.619483157321966 10
0.6582956309566386 40
0.6658065053502024 70
0.6709276086556828 100
0.9999999999999999 103
33 1.4007002173188736 0.8299891857518974 0.1653486000141129
0.3918406696331781 10
0.46427403263468714 40
0.4745944364995364 70
0.4822409488804401 100
0.9999999999999999 103
34 1.3701482713139828 0.7970475928313748 0.1609730000491254
0.6340019048598591 10
0.6613210620970666 40
0.6690191224951831 70
0.6735876691267563 100
0.9999999999999997 103
35 1.3415326954062692 0.7717499345720641 0.17716120003024116
0.19275650818671652 10
0.2919467681696359 40
0.30205909185018726 70
0.3091251161912236 100
0.9999999999999998 103
36 1.3157935714972833 0.7424400353988306 0.1742944999714382
0.5037074813693049 10
0.5295930121180229 40
0.5399931532385244 70
0.5457226129668927 100
0.9999999999999996 103
37 1.2912172917631404 0.7227678298560796 0.1721661000046879
0.1652706095315488 10
0.27369963583125856 40
0.28382684368768646 70
0.29010714434772117 100
1.0000000000000009 103
38 1.268735043332854 0.6970899640728038 0.1712176000000909
0.4312059248637116 10
0.45431728031918056 40
0.4654659920400096 70
0.4720653903095509 100
1.0000000000000004 103
39 1.2470668941779874 0.6801918851319999 0.16955130000133067
0.17143795218047087 10
0.28236636870784315 40
0.29211290786258676 70
0.29805270798831307 100
1.0 103
40 1.2271626147595747 0.6582986718702625 0.17791740002576262
0.46355942590416765 10
0.48179304349015156 40
0.4913609280809691 70
0.4979931894023329 100
1.0000000000000002 103
41 1.2078355203212692 0.6428725751604379 0.17213929997524247
0.1863894028127079 10
0.2889853312962608 40
0.2978161761178371 70
0.3032093253865123 100
0.9999999999999998 103
42 1.1900583329664212 0.6242806384694854 0.17190080002183095
0.4921780965377695 10
0.5078303426400617 40
0.516116269238305 70
0.522788712267348 100
1.0 103
43 1.1726365634120004 0.6101554680430261 0.3060677999746986
0.18418624907734338 10
0.27513416644432764 40
0.2834940612971121 70
0.2883007867926904 100
0.9999999999999996 103
44 1.1565554450200446 0.593834945175016 0.16869239998050034
0.46431098251646863 10
0.4822503800050241 40
0.49028310713004175 70
0.4972886532909915 100
1.0 103
45 1.1406528171313053 0.5812561602436713 0.1626920999842696
0.16436209701470372 10
0.2482100772470632 40
0.25651244759466374 70
0.2612450688057005 100
1.0000000000000002 103
46 1.1258918725309133 0.5661253304908019 0.17275769996922463
0.3853494021627521 10
0.40889743614541635 40
0.417078264589932 70
0.4245858933384039 100
1.0000000000000002 103
47 1.1111866943230635 0.5551968416729881 0.17741840000962839
0.13806725104745218 10
0.21973573500998958 40
0.22785882655487472 70
0.23321614275653446 100
1.0 103
48 1.0974650942866493 0.5405143952727905 0.16312839998863637
0.28216229728387615 10
0.3116982513601334 40
0.31983815974126656 70
0.3278233879362737 100
1.0 103
49 1.0837205816145847 0.5310761451094468 0.17562649998581037
0.11127312466446651 10
0.19252286103500035 40
0.20023562567938966 70
0.20663117402798317 100
0.9999999999999994 103
50 1.0708499608302573 0.5165416940083407 0.17226789996493608
0.1896751972269988 10
0.22432874948374049 40
0.2321032146575026 70
0.24035988023362012 100
1.0000000000000004 103
51 1.0579073978266098 0.5082780289505925 0.17304790002526715
0.08777817355921727 10
0.16818413930147583 40
0.17538289676847027 70
0.18288540689404315 100
0.9999999999999998 103
52 1.0457635965339531 0.49391514292284006 0.1656397000188008
0.1315987577711849 10
0.17076333180454303 40
0.1780199948849621 70
0.1862723003085676 100
0.9999999999999998 103
53 1.033518959274642 0.4864584130769479 0.16802739998092875
0.0703176322047757 10
0.14896932564821 40
0.15563581180390804 70
0.16407926902302372 100
0.9999999999999996 103
54 1.0220163571790883 0.4724575360956706 0.1662027999991551
0.10815505683042824 10
0.15147789074156598 40
0.15827402817144973 70
0.1663027617260006 100
1.0000000000000002 103
55 1.0103999006433715 0.46545068974025716 0.17448070005048066
0.05895589284837525 10
0.13530103091826925 40
0.14145593965106792 70
0.15053849889933615 100
0.9999999999999997 103
56 0.9994761902828315 0.4520487723845837 0.16757920000236481
0.1076349593506873 10
0.15441961821258723 40
0.16091889627052605 70
0.16857388238086746 100
1.0000000000000002 103
57 0.9884396426133293 0.44519055598592333 0.16542009997647256
0.05227969872399424 10
0.12622672032770207 40
0.13191368998904868 70
0.1412770931424821 100
1.0000000000000004 103
58 0.9780486395550273 0.43259193469640406 0.15566249995026737
0.12065752736128753 10
0.16955795460491116 40
0.17593087927624568 70
0.1830897590707572 100
0.9999999999999999 103
59 0.9675590460154253 0.42567090687451686 0.1699011999880895
0.049438779546626815 10
0.12109306762812462 40
0.12636268761526834 70
0.13565765236382427 100
1.0000000000000004 103
60 0.9576686081394097 0.4140054428884953 0.16775359999155626
0.14308617490739034 10
0.19225101184044757 40
0.19861459695232586 70
0.2051750231564672 100
1.0 103
61 0.9477057985869571 0.40691622642331055 0.18138550000730902
0.05160688357020111 10
0.12084121328712873 40
0.12573009954311518 70
0.13465118089337247 100
0.9999999999999996 103
62 0.9382969890444532 0.39622681958156547 0.1685295999632217
0.17283935283124904 10
0.22028491809766856 40
0.22666960974935105 70
0.2325735285403814 100
1.0000000000000004 103
63 0.9288507935484067 0.38896814432087695 0.17181520001031458
0.06411497291987456 10
0.13004113646009216 40
0.13455306118722393 70
0.14282525516788958 100
0.9999999999999996 103
64 0.919915092031815 0.37921311207232533 0.1773850000463426
0.20699551605496752 10
0.25098684382956615 40
0.2573344680875704 70
0.26258548702849177 100
1.0000000000000004 103
65 0.9109808515695725 0.3718736793537687 0.17486999998800457
0.09597758349194449 10
0.15669669392979835 40
0.16080133741715527 70
0.16816095007190035 100
1.0000000000000002 103
66 0.9025153382881075 0.3629360979458734 0.15933019999647513
0.2416968825028765 10
0.2810369944311343 40
0.2872327570203107 70
0.29188266350321834 100
0.9999999999999999 103
67 0.8940890288583502 0.3556700830498205 0.17123589996481314
0.1518023836676948 10
0.20503440639155207 40
0.20869853563347798 70
0.21494411460818494 100
0.9999999999999993 103
68 0.8860914142729264 0.34737752700091995 0.17046960000880063
0.2732516494871186 10
0.30744426029109856 40
0.31336501197613836 70
0.3174816824243139 100
1.0000000000000004 103
69 0.8781660060336766 0.34036956490287185 0.17183899995870888
0.22302116827916843 10
0.2673769929575448 40
0.27061018259390107 70
0.2756990715778948 100
1.0 103
70 0.8706310166849144 0.33252662720926945 0.15570550004485995
0.29824099386828007 10
0.3275062260756784 40
0.3330643252315516 70
0.33670935755015474 100
1.0000000000000002 103
71 0.8631947910644733 0.3259527648530838 0.16789909999351948
0.29223245137147386 10
0.32784906064607033 40
0.3307198680081116 70
0.3347868210502823 100
1.0 103
72 0.8561125123403394 0.3183787482367343 0.17513380001764745
0.31343716310698927 10
0.33853378702685455 40
0.3437017171371577 70
0.3469269826317645 100
0.9999999999999999 103
73 0.8491492724373999 0.3123752289105139 0.1658820000011474
0.3457673538381026 10
0.3738136399025068 40
0.37642786299694553 70
0.37970143605875617 100
1.0 103
74 0.8425053573910743 0.30493368691491185 0.17727620003279299
0.31658583575345256 10
0.3384983248788917 40
0.3433062852951852 70
0.346158636344725 100
1.0000000000000002 103
75 0.8359958111805992 0.2995824912347121 0.17402580002089962
0.3791918532284668 10
0.4010789734295783 40
0.40355028900398815 70
0.40626174164301077 100
1.0000000000000002 103
76 0.8297728854736268 0.29219336879109575 0.1843112999922596
0.3072411610931839 10
0.32691552650321104 40
0.33142864072191613 70
0.3339526427666518 100
1.0000000000000002 103
77 0.8236962321282916 0.28752468816917537 0.18343079998157918
0.394749912735462 10
0.41172645928073415 40
0.4141586885170592 70
0.4164999842430727 100
1.0000000000000002 103
78 0.8178755828127634 0.28015974519619247 0.1788191000232473
0.2868442494563551 10
0.30507143826793925 40
0.3093621271270904 70
0.3116002023157761 100
0.9999999999999993 103
79 0.8122107526151678 0.2761639190286753 0.1713727000169456
0.3975285287097554 10
0.4106588210793147 40
0.41313936346715974 70
0.41525835619883467 100
0.9999999999999997 103
80 0.8067736912717106 0.2688336539100257 0.18028460000641644
0.2584206583950039 10
0.27581027631549465 40
0.27993639209958826 70
0.28192999675209673 100
0.9999999999999992 103
81 0.8015002754372706 0.2654736163069859 0.17236179998144507
0.3932785262215034 10
0.4035750209762353 40
0.40617521837941606 70
0.40818264155681666 100
1.0000000000000002 103
82 0.7964290724394752 0.25821430036127707 0.17124409996904433
0.2266059749642405 10
0.24356056547849902 40
0.24755094464271846 70
0.24934470668605685 100
0.9999999999999998 103
83 0.7915281065736528 0.25543338140512534 0.1680878999759443
84 0.1626864999984502
-------------------------------------------------END------------------------------------------------------
------------------------------------Krylov only---------------------------------------------------
375.22871626309444 375.3852340632084
1.0000000000000009 11
0 345.5881778711762 347.2229652928373 0.05099970003357157
0.9999999999999998 11
1 302.7725134104768 308.7978323328692 0.0535706999944523
1.0000000000000002 11
2 209.19713604243813 222.7102490062466 0.04935950000071898
0.9999999999999997 11
3 185.34662409348041 191.11266938024667 0.056587600032798946
0.9999999999999996 11
4 84.31534839727718 92.89949474166328 0.04895830003079027
1.0000000000000002 11
5 19.233723886366096 20.505706704316417 0.048194399976637214
0.9999999999999988 11
6 8.880188834451001 9.590051640465875 0.05412929999874905
1.0000000000000007 11
7 5.4417946935122465 5.656901844944255 0.04965120000997558
1.0000000000000004 11
8 4.34247653767557 4.066588859233686 0.05794719996629283
0.9999999999999994 11
9 3.597621832366576 3.4149263877030944 0.04956700000911951
1.0000000000000013 11
10 3.259550471698436 2.9370666302888586 0.052816900017205626
0.9999999999999979 11
11 2.9578714556356425 2.6841128851955327 0.04918319999706
0.9999999999999997 11
12 2.750345275169622 2.373427153756522 0.05679030000464991
0.9999999999999994 11
13 2.5659054279811944 2.2640593938999567 0.0493445000029169
0.9999999999999999 11
14 2.43260896123667 2.038509382693062 0.053301500040106475
1.0 11
15 2.3059586091299336 1.9686215534105613 0.05423090001568198
1.0000000000000004 11
16 2.1919603443441615 1.7840178956991513 0.052178299985826015
1.0000000000000009 11
17 2.080195395476216 1.7125093733932826 0.04902480001328513
1.0000000000000002 11
18 1.9729943240223042 1.5548113598619515 0.05624269996769726
0.9999999999999993 11
19 1.8697780873478769 1.4754435850518008 0.052585700002964586
1.0 11
20 1.7755224767711684 1.3476880631933745 0.05382700002519414
1.0000000000000002 11
21 1.6915456346631443 1.2714514504607346 0.04973289999179542
0.9999999999999992 11
22 1.6194816776601257 1.177881933657707 0.055329900002107024
1.0000000000000007 11
23 1.558725376955423 1.1143608279212673 0.05905500001972541
1.0000000000000004 11
24 1.5064534043147806 1.0495880649946916 0.0724344999762252
0.9999999999999991 11
25 1.4623286590323223 0.999556969396486 0.072068199981004
0.9999999999999996 11
26 1.422713787559655 0.9513146904635387 0.04841129999840632
1.0000000000000004 11
27 1.3889535877257095 0.9126365531965808 0.05458469997392967
1.0000000000000004 11
28 1.3573137355327327 0.8737482446568511 0.04746159998467192
1.0 11
29 1.3300966297087686 0.8431979603036788 0.05396599997766316
0.9999999999999981 11
30 1.3033994817355956 0.8101527452469884 0.05196460004663095
0.9999999999999997 11
31 1.279860888219323 0.7849474410200434 0.05207420000806451
1.0 11
32 1.2556961517420904 0.7542447451554654 0.050556000031065196
0.9999999999999996 11
33 1.2340435030506451 0.7351530466468 0.055412699992302805
1.0000000000000004 11
34 1.2116959474824731 0.7032982165475504 0.053914799995254725
0.9999999999999998 11
35 1.193534830380067 0.6910762143003687 0.05123270000331104
0.9999999999999996 11
36 1.1752228809430065 0.6614014306621294 0.05006819998379797
1.0000000000000013 11
37 1.1592377520007442 0.6511722738008157 0.05441620002966374
1.0000000000000009 11
38 1.1434871893386709 0.6251676231808385 0.04752690001623705
0.9999999999999999 11
39 1.1289388876594526 0.6166864855085271 0.05015269998693839
1.0000000000000004 11
40 1.1143326168317027 0.5912961695781294 0.04811370000243187
1.0000000000000004 11
41 1.100109169982369 0.5846719433966572 0.04999270004918799
1.0 11
42 1.0856560111653117 0.558425711083414 0.0485259999986738
0.9999999999999996 11
43 1.0711266906011434 0.5522224120188891 0.04997269995510578
1.0000000000000002 11
44 1.0558848429296663 0.527866992553882 0.05478959996253252
0.9999999999999999 11
45 1.0397659489699886 0.5187942779993125 0.053646799991838634
1.0000000000000004 11
46 1.0276980937889573 0.498960946976266 0.051926399988587946
1.0000000000000009 11
47 1.0159754584929022 0.49215751280895603 0.05182369996327907
0.9999999999999992 11
48 1.0058337908413213 0.47472915544772876 0.053981599980033934
0.9999999999999993 11
49 0.9958811162249134 0.47021763258107113 0.04977450001752004
1.0000000000000007 11
50 0.9866992090636649 0.45391133618759044 0.049342699989210814
1.000000000000001 11
51 0.9777741385888349 0.45058165862457283 0.051079099997878075
1.0000000000000002 11
52 0.9694283542032325 0.43467209250976185 0.05623669998021796
1.0 11
53 0.9612936544952198 0.4317391511231795 0.05233209999278188
0.9999999999999992 11
54 0.9537316107326315 0.41731317832186177 0.0542458999552764
1.0000000000000002 11
55 0.9462868937274368 0.4150712104420152 0.049226899980567396
0.9999999999999998 11
56 0.9393156987446211 0.40149020684965214 0.04831980000017211
1.0000000000000018 11
57 0.9324726720375158 0.3992902996138827 0.051326499960850924
0.9999999999999988 11
58 0.9260825479861785 0.3867333268593574 0.04855619999580085
0.9999999999999983 11
59 0.919782325810349 0.3849902488214701 0.04573519999394193
1.0000000000000002 11
60 0.9139291553764785 0.37362069867661646 0.05411139997886494
1.0000000000000009 11
61 0.9081251411190169 0.37161330140411886 0.07741900003748015
1.0000000000000007 11
62 0.9026771218227965 0.3610056756125302 0.05203869997058064
1.0000000000000007 11
63 0.897265440724477 0.35896618221449594 0.05083849997026846
1.0000000000000002 11
64 0.8921928744048228 0.3495021734662694 0.05765470000915229
0.9999999999999986 11
65 0.887151817346906 0.3476207853048293 0.0638275999808684
0.9999999999999991 11
66 0.8824117337718425 0.3385249001599993 0.07686430000467226
67 0.05344114626615322
-------------------------------------------------END------------------------------------------------------
26
------------------------------------Randomized only---------------------------------------------------
344.25418611676434 346.4753224776566
0.9954682161881824 10
0 323.17511598742504 327.11562499384297 0.027843700023368
0.99362395136839 10
1 293.09560037394704 299.58927215916486 0.03146490000654012
0.9847959357489223 10
0.9991236332643356 40
2 254.09107034244278 265.69019433534686 0.058581800025422126
0.8916037885972581 10
0.9965683929556354 40
3 199.29922565700096 212.22307680758328 0.06800699996529147
0.956783480092568 10
0.9930119060582394 40
4 124.61538159746314 133.75311279813712 0.06640630000038072
0.8932773891769871 10
0.975067361502104 40
0.9929908414296037 70
5 79.1230504055301 84.46912951913659 0.10319829999934882
0.7446793890233475 10
0.9665693079843979 40
0.9851155478863123 70
0.9926297781486707 100
6 53.61055210666537 55.39116672532684 0.16989550000289455
0.9035320869554819 10
0.9809890821770388 40
0.9903971717276718 70
7 37.24654551765332 38.92197183902606 0.11994860001141205
0.834951952786759 10
0.9614520651825974 40
0.974826057164285 70
0.9865715720237124 100
1.0000000000000002 103
8 25.187125613039267 26.81646860635152 0.18938519997755066
0.6725478495990029 10
0.9165666197092942 40
0.9545123058006817 70
0.9789428693961695 100
0.9999999999999997 103
9 15.080754106956022 15.309616884273714 0.18001249997178093
0.9533881432281792 10
0.993721177524973 40
10 11.006723170649817 11.117109291283512 0.05264690000331029
0.3460137667960048 10
0.4665030953860063 40
0.7443814679035005 70
0.8620026348871686 100
0.9999999999999999 103
11 7.676089265231416 7.464423037133173 0.17369690001942217
0.938724193983058 10
0.9908122882182343 40
12 6.876405607654682 6.541810835444931 0.06327139999484643
0.13955007012419615 10
0.1693086691752146 40
0.5621364457460585 70
0.7293082601860604 100
0.9999999999999993 103
13 5.748740360877199 5.444499623786254 0.18224069999996573
0.9855611699629923 10
0.9976815703250348 40
14 4.840792604626837 4.43914184920239 0.0844597999821417
0.4914948353243097 10
0.5267020561743195 40
0.6887223016620163 70
0.7919339035335754 100
0.9999999999999997 103
15 4.049971766934961 3.6499063207855627 0.1784951000008732
0.7637489932844352 10
0.96996460793035 40
0.9797422278532139 70
0.9833038887748031 100
1.0000000000000007 103
16 3.4909044512195906 3.169872774823191 0.24709319998510182
0.9369740356702876 10
0.9799240122058732 40
0.9908344427312925 70
17 3.3705559743952827 2.9785400271484215 0.13980180001817644
0.5741342728217553 10
0.5913335439547084 40
0.5958185529238027 70
0.6564534505842834 100
1.0000000000000009 103
18 3.079122860491101 2.610931571455218 0.26190519996453077
0.8622167131638059 10
0.9700723280772121 40
0.9757365576323445 70
0.9778218442523327 100
1.0000000000000004 103
19 2.8488565410757407 2.4051376117638084 0.21590889996150509
0.7524834824090767 10
0.9430250728218654 40
0.956911799046777 70
0.9625256364138953 100
0.9999999999999999 103
20 2.6412977169827676 2.161662139344513 0.1992475999868475
0.9216396009745393 10
0.9594597734548318 40
0.9637177464790034 70
0.965748608024613 100
1.0000000000000007 103
21 2.478088187310927 2.0131972596330576 0.2450021999538876
0.6440854135049291 10
0.8856326948955177 40
0.9087573663958535 70
0.9182297993087385 100
0.9999999999999998 103
22 2.3155033955986113 1.8083692929377995 0.17615869996370748
0.947193973782991 10
0.9644637535596383 40
0.9670493853392266 70
0.9681843431943601 100
1.0 103
23 2.1633286996859606 1.7144798772078533 0.17949740000767633
0.8595691792779971 10
0.9605331930164172 40
0.9668542046383253 70
0.9691728555292528 100
1.0000000000000002 103
24 2.0085265281939932 1.532998738674486 0.19296570000005886
0.9604537927624398 10
0.9880809192451842 40
0.9898311979715236 70
0.9904151673638508 100
25 1.9858616764083243 1.503997448477733 0.1728127999813296
0.03388505015028697 10
0.03848623522588734 40
0.04062914668519486 70
0.0420710104053377 100
0.9999999999999998 103
26 1.8760706370215376 1.4343331164035982 0.19812559999991208
0.9009705725860775 10
0.9764575574831912 40
0.9813577689443467 70
0.9827517989226894 100
1.0000000000000002 103
27 1.7727410121600726 1.3145986421042346 0.18943139998009428
0.8079730048285345 10
0.8639350736264143 40
0.8701752749773278 70
0.8742322664860067 100
1.0000000000000004 103
28 1.698005834182822 1.2479153059295058 0.18685699999332428
0.6360655605306643 10
0.7625124840255236 40
0.7936298912411477 70
0.8034169574504606 100
1.0000000000000002 103
29 1.6361484586727497 1.1832981765526265 0.4926907999906689
0.7630101964736642 10
0.8303529783765875 40
0.8376897473637023 70
0.8428768692414706 100
1.0000000000000002 103
30 1.5780221013686466 1.132083401889963 0.1949332000222057
0.6031514452193746 10
0.7004275741573597 40
0.7295748597907816 70
0.7400017140366771 100
0.9999999999999989 103
31 1.528417001742166 1.0768190877906372 0.18365339998854324
0.5301108610048607 10
0.6564283853153143 40
0.666011474047751 70
0.6782117252788938 100
0.9999999999999997 103
32 1.4796172378234231 1.0300298894611526 0.17632659996161237
0.7114679889389572 10
0.7784951610814487 40
0.7933565949155661 70
0.7994226827699157 100
1.0000000000000004 103
33 1.4347986240413138 0.9822935828229109 0.1741148000000976
0.3026494019919953 10
0.43874662163953176 40
0.4455165831023599 70
0.4644630541303245 100
0.9999999999999999 103
34 1.3906406464309728 0.933274245468592 0.1836143999826163
0.7186337116627604 10
0.7920958322240619 40
0.8036156156479941 70
0.8082445233015035 100
0.9999999999999998 103
35 1.3475467338043854 0.8911185537176295 0.1893790999893099
0.5641193822688026 10
0.6168253082031433 40
0.6218525260530194 70
0.6314326871383015 100
1.0000000000000002 103
36 1.3050480155522495 0.8387901037399931 0.19154420000268146
0.6289428672527898 10
0.7500787146720314 40
0.7671665843565183 70
0.7737523196543373 100
1.0000000000000002 103
37 1.2636280200264682 0.798248323506664 0.198278299998492
0.8434259572756783 10
0.8772445066915767 40
0.880334159320722 70
0.8821472414510789 100
0.9999999999999993 103
38 1.2224444489868878 0.7461281340310091 0.18474360002437606
0.6280868947107918 10
0.7896170439052101 40
0.8062193070239141 70
0.8125712099706844 100
0.9999999999999998 103
39 1.1831403379002332 0.7063690810083618 0.19475409999722615
0.9148232827191556 10
0.9519276100062312 40
0.9539577215769107 70
0.9545364174729397 100
0.999999999999999 103
40 1.1438171550636045 0.6579176703674404 0.18096210004296154
0.7045658054363465 10
0.8485423065396558 40
0.8606780490943946 70
0.865159753579075 100
1.0 103
41 1.106736228268726 0.6178889460407553 0.19222420000005513
0.9258425483507574 10
0.9596494378033575 40
0.9613062093588921 70
0.9618786507810275 100
0.9999999999999999 103
42 1.0717115693127568 0.5785597430396526 0.18274459999520332
0.7810799656262497 10
0.8786136229619871 40
0.8864260431357891 70
0.8894971288599129 100
1.0 103
43 1.0389195058805194 0.5359493197697186 0.17787449999013916
0.918700599848896 10
0.944297254164828 40
0.9457374491218228 70
0.9465226215875394 100
1.0000000000000002 103
44 1.0098911817651912 0.5086200573264431 0.18973019998520613
0.8120635828569664 10
0.8817484661332744 40
0.8864564049230906 70
0.8888214278558981 100
1.0000000000000004 103
45 0.9827157099684275 0.4662515378495133 0.19086560001596808
0.9111616405895767 10
0.9327302677191801 40
0.9337590751779936 70
0.9345119148003369 100
1.0000000000000004 103
46 0.9594108944365863 0.44803864804252 0.183671000006143
0.8142497355306418 10
0.8719711482645773 40
0.8757947538058423 70
0.8781413742733924 100
1.0000000000000002 103
47 0.9373082984053337 0.4100622631631246 0.182592700002715
0.8644312695628097 10
0.8882716150225561 40
0.8893295087061435 70
0.890377574124918 100
0.9999999999999998 103
48 0.9185653567046004 0.39683413359440306 0.17187750001903623
0.825348066502172 10
0.870758468871673 40
0.8739186122096206 70
0.8760506798491476 100
1.0000000000000004 103
49 0.8999098819541265 0.3638065998574399 0.19787309999810532
0.6625930183381311 10
0.6992835651910175 40
0.701213681581844 70
0.7040510844594666 100
1.0 103
50 0.8842488206850174 0.3527341595737969 0.18990439997287467
0.8533372055157353 10
0.8839081853860542 40
0.8862948480008311 70
0.8878214548949906 100
1.0000000000000002 103
51 0.8679469416237429 0.32413744253721516 0.1977331999805756
0.2471011263561275 10
0.31785819816160366 40
0.3217430206665072 70
0.3284077105939473 100
1.0000000000000002 103
52 0.854294896208013 0.31398715224462537 0.20111560000805184
0.8625884648347902 10
0.8878427465669138 40
0.8897502218795654 70
0.8908885080115819 100
0.9999999999999996 103
53 0.83955185965567 0.2886412523640908 0.19562389998463914
0.49549416581533634 10
0.5605619196764765 40
0.5637675249304747 70
0.5684575725720499 100
1.0000000000000004 103
54 0.8271708392053375 0.27902930668479714 0.1860577999614179
0.8651780840135159 10
0.8932772066580815 40
0.8947656944378765 70
0.8956863293042866 100
1.0000000000000009 103
55 0.8136192136314394 0.2561452598455846 0.1865813999902457
0.47790703920684857 10
0.5611712258135005 40
0.5660962666265186 70
0.570762979267381 100
0.9999999999999997 103
56 0.8022272721268413 0.24711797302410218 0.18039160000625998
0.874241425592883 10
0.9051704617963396 40
0.906474956962105 70
0.907245919111983 100
0.9999999999999992 103
57 0.7898180818465697 0.22663179442804332 0.1879161999677308
0.28973466518920654 10
0.42037612435386806 40
0.4302942534793506 70
0.4358462368589529 100
1.0000000000000009 103
58 0.7794034253240835 0.21841470600234614 0.18061159999342635
0.8822317674123432 10
0.9110443096846785 40
0.9123799065657818 70
0.913142211910509 100
1.0000000000000009 103
59 0.7681115527360185 0.1997832563631857 0.19104750000406057
0.5577759333250286 10
0.6531892482917522 40
0.6611607888015599 70
0.6643949984506387 100
1.0000000000000002 103
60 0.758729910054786 0.19313680200409494 0.19026400003349409
0.8844049429242324 10
0.9082522876086226 40
0.9097219197888442 70
0.9106387432425687 100
0.9999999999999997 103
61 0.7484739415511655 0.1756170141539547 0.1865187000366859
0.8220483346132257 10
0.8695253560839092 40
0.8732756358900909 70
0.8745914973372151 100
0.9999999999999996 103
62 0.74014665871575 0.171208906500419 0.17959739995421842
0.8737822755518432 10
0.8983251740382922 40
0.9001391542877112 70
0.9013671457697037 100
1.0000000000000004 103
63 0.7309672895023855 0.15495357085353942 0.19416720001026988
0.9058491467340581 10
0.9376192566691374 40
0.9399540019705699 70
0.9406784587848748 100
0.9999999999999999 103
64 0.7236805029597375 0.15268161617387135 0.19461309997132048
0.8403988009002886 10
0.8759974712206101 40
0.8782289390021022 70
0.8799820430248306 100
0.9999999999999998 103
65 0.7157775738614333 0.13782589478672383 0.19420030002947897
0.9386724797582999 10
0.9645747587924501 40
0.9661111228303689 70
0.9665805855965446 100
1.0000000000000002 103
66 0.7095371543450039 0.1373382197784127 0.17215240001678467
0.7915001215996035 10
0.8476469680089451 40
0.8499596422195212 70
0.8521375427544334 100
1.0000000000000004 103
67 0.7030931335899692 0.124859241049993 0.19231260003289208
0.9492725421148218 10
0.9748475222531515 40
0.9758269418560859 70
0.9761994488062345 100
1.0000000000000007 103
68 0.6978933206107493 0.12496799596914795 0.17446090001612902
0.7541628705628086 10
0.8314801803543388 40
0.8331754183365774 70
0.8348973374310815 100
1.0000000000000002 103
69 0.6932912166842188 0.11715995839825083 0.17722869996214285
70 0.17601869428181088
-------------------------------------------------END------------------------------------------------------
------------------------------------Krylov only---------------------------------------------------
344.25418611676434 346.4753224776566
0.9999999999999978 11
0 321.29845463144164 325.75428077459577 0.05561380001017824
0.9999999999999994 11
1 285.8270938130165 294.46649499356533 0.05381279997527599
1.0000000000000009 11
2 205.64492415371424 217.95872403738255 0.05811410001479089
0.999999999999999 11
3 199.46443611336014 205.02546122015576 0.06181230000220239
1.0000000000000009 11
4 85.14745757412469 90.03060717567429 0.05437789997085929
0.9999999999999999 11
5 40.574017317220935 44.01742557802722 0.049149999977089465
0.9999999999999996 11
6 11.678502255788795 12.540961427618855 0.10834169998997822
0.9999999999999992 11
7 6.789214247319928 6.725735540415511 0.0735772000043653
1.0000000000000004 11
8 4.957139336951136 4.86780992290835 0.05141299997922033
1.0000000000000007 11
9 4.1521255311696486 3.9683580628730235 0.05715410003904253
0.9999999999999999 11
10 3.7635732681694063 3.580795013945389 0.05610500002512708
1.0000000000000002 11
11 3.4347167371246368 3.196278394384329 0.05625979998148978
1.0 11
12 3.213337220293185 2.959277629020765 0.05603919998975471
0.9999999999999998 11
13 3.0170461551574017 2.7474448184727223 0.05198310001287609
1.0000000000000007 11
14 2.844156351954906 2.527904521612218 0.052959199994802475
1.0000000000000009 11
15 2.682008008741247 2.361922554957826 0.05161450000014156
0.9999999999999997 11
16 2.556811302813689 2.1920846244752696 0.051516300009097904
0.9999999999999992 11
17 2.4391494472837203 2.0816433329142034 0.048745800042524934
0.9999999999999997 11
18 2.3556037252770077 1.9712518037662197 0.052039200032595545
1.0000000000000002 11
19 2.276096525805682 1.8887663659432163 0.06015749997459352
1.0000000000000004 11
20 2.2164639611266725 1.8191563763271732 0.05457819998264313
1.0 11
21 2.1586171884217933 1.7648718574476745 0.06179080001311377
0.9999999999999996 11
22 2.1162011300070276 1.7318177968491613 0.05219499999657273
0.9999999999999996 11
23 2.075273288021695 1.6868135903532553 0.06757389998529106
0.9999999999999999 11
24 2.0433848444648643 1.6681077583918515 0.07007960003102198
1.0000000000000009 11
25 2.014041892629546 1.6309847961994277 0.05908669997006655
0.9999999999999997 11
26 1.9885054254666756 1.619830137259285 0.05215989996213466
1.0 11
27 1.9651132858371085 1.58308489713384 0.05188159999670461
1.0000000000000002 11
28 1.9436174135999928 1.5780682689356578 0.0491265999735333
1.0000000000000002 11
29 1.923895026101364 1.5446227325283644 0.04953860002569854
1.0000000000000004 11
30 1.905457413310136 1.5409568373988805 0.05545960000017658
1.0000000000000007 11
31 1.8882367169622303 1.5112632135284134 0.05440580000868067
0.9999999999999994 11
32 1.871476991833454 1.504773527503337 0.05511080002179369
1.0000000000000004 11
33 1.8556314777004388 1.4793992196887835 0.054045299999415874
1.0 11
34 1.8405404188245527 1.4752221835697337 0.058656200009863824
1.0000000000000004 11
35 1.8260621863974738 1.4520514348100853 0.05145169998286292
1.0000000000000002 11
36 1.8119593918799122 1.446130663937731 0.05175829998916015
1.0000000000000013 11
37 1.7978895076452135 1.4218959262240427 0.051044900028500706
0.9999999999999993 11
38 1.784243640289487 1.4176876152999494 0.05229940003482625
1.0000000000000002 11
39 1.770654699918385 1.3964903073813184 0.051831900025717914
0.9999999999999997 11
40 1.7574880725047475 1.3894640168486776 0.05215970001881942
1.0000000000000002 11
41 1.7439897677882117 1.3689854213330577 0.05344630003673956
1.0000000000000009 11
42 1.7303530421028335 1.356512636998974 0.05156079999869689
1.0000000000000002 11
43 1.7160720169182146 1.3356749616805739 0.05547130003105849
0.9999999999999993 11
44 1.7026098424109772 1.327580005193896 0.051483299990650266
1.0000000000000002 11
45 1.6885591951351613 1.307717749959102 0.05016550002619624
0.9999999999999994 11
46 1.6748584029524154 1.2954308957083787 0.05622389999916777
0.9999999999999999 11
47 1.660395853746578 1.2741547450997819 0.055800899979658425
1.000000000000002 11
48 1.6462028961659172 1.2617925056352781 0.05047489999560639
1.0000000000000018 11
49 1.631257339492395 1.2406571144170984 0.0555068000103347
1.0000000000000009 11
50 1.6165639062154031 1.2273009136699795 0.0592731999931857
1.0 11
51 1.6010348653775113 1.2038472132301918 0.05443669995293021
0.9999999999999999 11
52 1.5856987420045887 1.1915400899125623 0.058261599973775446
0.999999999999999 11
53 1.5696349625385042 1.1651471903339052 0.05300140002509579
0.9999999999999996 11
54 1.5536743183697306 1.1548112777921933 0.05216769996332005
1.0000000000000009 11
55 1.5371611960900828 1.1250092614307223 0.05553189996862784
0.9999999999999998 11
56 1.5206500722977028 1.1171479517678988 0.08689209999283776
0.9999999999999998 11
57 1.503842794885935 1.0839057679018473 0.05643709999276325
1.0 11
58 1.486860481722103 1.0790271896652066 0.05004320002626628
1.0000000000000002 11
59 1.4699415909688456 1.0419200895932095 0.051781499991193414
1.0000000000000013 11
60 1.4515806913026417 1.0423256163882098 0.051885099965147674
0.9999999999999996 11
61 1.4339831606731979 0.995229864994881 0.056275000039022416
1.0000000000000002 11
62 1.4160857999288259 0.9953215629656381 0.06291069998405874
1.0000000000000002 11
63 1.3995088625230918 0.9564464351845733 0.05392470001243055
0.9999999999999987 11
64 1.3837944979213685 0.9581932774219528 0.05075190000934526
1.000000000000001 11
65 1.3693634636469751 0.9210229884589316 0.05330470000626519
0.9999999999999991 11
66 1.354570706404875 0.924515198684763 0.052790199988521636
0.9999999999999986 11
67 1.3407252443632598 0.8840367349217954 0.050355799961835146
1.0000000000000002 11
68 1.325983932948463 0.891672631576922 0.05001870001433417
0.9999999999999998 11
69 1.3125154380884607 0.8499561500685868 0.05359359999420121
1.0000000000000013 11
70 1.298005047091307 0.8594816005372027 0.050770799978636205
1.0 11
71 1.2849983731910801 0.8166857798900683 0.05530070001259446
0.9999999999999996 11
72 1.2711267850362369 0.8291584224087419 0.08060530002694577
0.9999999999999994 11
73 1.2590253753165066 0.7914845648042261 0.05846859997836873
0.9999999999999992 11
74 1.2467672218605603 0.7996342574533283 0.057913600001484156
0.9999999999999998 11
75 1.2355638938556441 0.7637531846772696 0.05595090001588687
1.000000000000003 11
76 1.2241159987568209 0.7726390671009692 0.0661248000105843
0.9999999999999974 11
77 1.2133007090510424 0.7374518010277735 0.05690590001177043
1.0000000000000009 11
78 1.202296169687989 0.7464125749745656 0.05730960000073537
0.9999999999999989 11
79 1.191868208896602 0.7128913899862757 0.05259840004146099
0.9999999999999991 11
80 1.1814389460694743 0.7210345276014565 0.05006390000926331
1.0000000000000004 11
81 1.1717342556936294 0.6901032178641799 0.052225699997507036
1.0000000000000007 11
82 1.162258655953734 0.6980155928611862 0.05194390000542626
1.0000000000000004 11
83 1.1532285934183961 0.6700179950020638 0.052625799959059805
0.9999999999999991 11
84 1.144489578218 0.6758772732748924 0.05840509996050969
0.9999999999999993 11
85 1.1359719531243102 0.6494620916618128 0.05590789997950196
1.0000000000000004 11
86 1.1276909632927796 0.6551621978214561 0.0540548000135459
0.999999999999999 11
87 1.1195545631943389 0.6300709415713378 0.05002809996949509
1.0000000000000002 11
88 1.1116996851938303 0.6352461584097108 0.055334300035610795
1.0 11
89 1.104029914439704 0.6114463660697383 0.057078000041656196
0.9999999999999998 11
90 1.0966985021749698 0.6169578847331535 0.05656479997560382
0.9999999999999989 11
91 1.0895459472627345 0.5957420587407277 0.05179050000151619
1.0000000000000002 11
92 1.0828047432591341 0.5993140131769542 0.05454240000108257
1.000000000000001 11
93 1.0761108884600346 0.5794117376697855 0.05322989996057004
0.999999999999999 11
94 1.0697682551342471 0.5827377988601836 0.056061799987219274
1.000000000000002 11
95 1.063458949345435 0.5640386139843837 0.055608299968298525
1.0000000000000007 11
96 1.0574744133068277 0.5670621886555166 0.07121909997658804
0.9999999999999996 11
97 1.0515168086845788 0.5495305157579394 0.06807679997291416
0.9999999999999994 11
98 1.0458709251201797 0.5521943131206881 0.05650569999124855
1.0 11
99 1.0402404245268135 0.5357868632024233 0.055900100036524236
0.9999999999999993 11
100 1.0349165439412715 0.5380787592484162 0.056864499987568706
0.9999999999999999 11
101 1.0296101770250257 0.5227945852128073 0.05018030002247542
1.0000000000000004 11
102 1.0245881923613074 0.5246914052077859 0.05588800000259653
1.000000000000001 11
103 1.0195647181971765 0.5104146819616647 0.05539170000702143
0.9999999999999994 11
104 1.0148120175585555 0.5119639505813975 0.054747599991969764
105 0.05612361047561059
-------------------------------------------------END------------------------------------------------------
27
------------------------------------Randomized only---------------------------------------------------
388.23241227710463 393.0393202463583
0.9963788016232998 10
0 359.287623719172 364.71597512256517 0.0317283000331372
0.9965927438001113 10
1 317.99020359233566 324.73295450367 0.03307280002627522
0.996120774686115 10
2 272.96729291198335 283.15091886176344 0.03144379996228963
0.9950103268330293 10
3 233.74370804643488 247.52458213155128 0.030285899993032217
0.9709995019315197 10
0.999463245815948 40
4 195.92695074873043 209.6922792456458 0.0647577999625355
0.8807770566904853 10
0.9792147988310167 40
0.9942752651445045 70
5 109.0815857389254 116.09704669192 0.10756839998066425
0.6478618699927641 10
0.9401294011926609 40
0.9711935303978384 70
0.98765754670498 100
1.0000000000000002 103
6 57.572775459664804 58.1901693538669 0.16901920002419502
0.6200925891381548 10
0.9373809603893074 40
0.9775517406042573 70
0.987423135535328 100
0.9999999999999996 103
7 21.7126688801785 22.132130595095692 0.17908600001828745
0.5156295472100624 10
0.8423889994969227 40
0.9304145988670147 70
0.9477105090414791 100
0.9999999999999993 103
8 11.976082199532245 11.227332822803152 0.17561279999790713
0.3167055480632733 10
0.6944672798539894 40
0.8214359317448063 70
0.875570295823168 100
0.9999999999999997 103
9 7.796520205960056 7.53109696419483 0.18178909999551252
0.9139185562101688 10
0.9751519214173942 40
0.9858751128105796 70
0.9920720787741547 100
10 6.314445340221957 5.944411622316049 0.16301660001045093
0.3930140822622697 10
0.5403510022441096 40
0.6244016126860876 70
0.6504194754408719 100
1.0000000000000002 103
11 4.910555992089859 4.6861483264568395 0.18579560000216588
0.3541896099473427 10
0.748509638929988 40
0.8123978291004081 70
0.8561016022622151 100
1.0000000000000002 103
12 4.056607753825609 3.6466299287633728 0.1822758999769576
0.8118894427851236 10
0.871250223854449 40
0.9098956480390809 70
0.9267504382353838 100
0.9999999999999999 103
13 3.485369920540984 3.102643751659444 0.18067400000290945
0.6286272024485596 10
0.727355951494036 40
0.7755608937002962 70
0.7999714189567662 100
1.0 103
14 3.083078636206741 2.638335054939013 0.18002659996272996
0.7276346882435232 10
0.8137726102347876 40
0.8418996219054435 70
0.8536897519587952 100
1.0000000000000007 103
15 2.7730402328261947 2.368363171067661 0.17004810000071302
0.7379636824015708 10
0.7866831822062994 40
0.8144989385755484 70
0.8245229356984068 100
0.9999999999999997 103
16 2.538776594699875 2.0685068456134514 0.17530210001859814
0.7126489912027906 10
0.7899295575353407 40
0.8028848864975411 70
0.8129018179277919 100
0.9999999999999998 103
17 2.3331036866292547 1.9008621908625871 0.17761469999095425
0.8467722952477589 10
0.8799678257507545 40
0.8897437736101476 70
0.892704954688009 100
1.0000000000000004 103
18 2.1781353093925584 1.7076971152588605 0.1704050000407733
0.7084717021608775 10
0.7649458846752278 40
0.7762149784233381 70
0.7835153256728371 100
1.0 103
19 2.038058775246428 1.5706731807058423 0.17788029997609556
0.6689750714104983 10
0.7361127098227854 40
0.7496467530896916 70
0.755073264815394 100
1.0000000000000004 103
20 1.926353702275477 1.4334549562496406 0.18312320002587512
0.7532544386982131 10
0.8132853352444178 40
0.8222196441901798 70
0.8279837972654649 100
0.9999999999999996 103
21 1.8200872689409673 1.3257372517947261 0.17798909998964518
0.7613633530546078 10
0.8428381209448532 40
0.8512867440919816 70
0.8557456764948643 100
1.0000000000000002 103
22 1.731200121912801 1.2154693135400336 0.18169379996834323
0.7119384820837198 10
0.8069236359559923 40
0.8171734802033246 70
0.823709392796625 100
0.9999999999999996 103
23 1.646077814817646 1.1349463278833032 0.17279650003183633
0.8650751594439903 10
0.932684903095217 40
0.9359495324925399 70
0.9387481763431238 100
0.9999999999999992 103
24 1.5704893932890784 1.0416074242387157 0.18071640003472567
0.6715103663802542 10
0.7983203690164173 40
0.813254144321215 70
0.82150298247123 100
0.9999999999999998 103
25 1.4968875269577078 0.9717344970722287 0.17854839999927208
0.8853079573661652 10
0.944676606027381 40
0.9472202509645443 70
0.9498727156796154 100
0.9999999999999992 103
26 1.4330407968405894 0.8952239156187249 0.18936999997822568
0.5554125041934217 10
0.7256485388282077 40
0.7437528385013 70
0.75699744109678 100
0.9999999999999997 103
27 1.3729437711545656 0.8384207403445884 0.1835780999972485
0.87067264801372 10
0.9181430410353708 40
0.9214840370071944 70
0.9242912716359643 100
1.0000000000000002 103
28 1.321315448743477 0.777014992809656 0.17584979999810457
0.5174113017428326 10
0.6265768894678967 40
0.6420726298661613 70
0.6561433031926932 100
1.0000000000000002 103
29 1.277567007926389 0.7359245456244984 0.1732404000358656
0.6519825465275706 10
0.7105136077147781 40
0.7184604592446212 70
0.7250414050013075 100
1.0000000000000007 103
30 1.2383779223608773 0.6896362711187923 0.17513579997466877
0.5343106072771046 10
0.5783370148568169 40
0.5925431165488526 70
0.601582311270529 100
0.9999999999999997 103
31 1.2033997922640436 0.6583022913229285 0.17252480000024661
0.46663872350268176 10
0.5596854459058471 40
0.5737253438485337 70
0.5835369814164484 100
0.9999999999999997 103
32 1.170846568652551 0.6205413798206301 0.17882930004270747
0.7491695984186663 10
0.7764327196513457 40
0.7823232190099588 70
0.7855493977914759 100
1.0000000000000004 103
33 1.1405812967521287 0.5945874620926579 0.18113820004509762
0.7295500449136194 10
0.7862829467881846 40
0.7935714768899436 70
0.7981265523744722 100
1.0000000000000002 103
34 1.1120448439067143 0.5619858401917358 0.17901580000761896
0.8609990832917858 10
0.8783357980067875 40
0.8813839223274689 70
0.8827561933360336 100
0.9999999999999999 103
35 1.0850105152392142 0.5384792287092794 0.17958250001538545
0.8122686580468861 10
0.8579503219978288 40
0.8626537381498883 70
0.8655782515373838 100
1.0000000000000002 103
36 1.059638460648333 0.5098613896869244 0.1782173000392504
0.8905393677856462 10
0.9072324663134734 40
0.9097016341834148 70
0.9106087022261542 100
1.0000000000000002 103
37 1.0356527149545982 0.48742959730025115 0.17708290001610294
0.8091229246794299 10
0.8548093063399387 40
0.8589826347521416 70
0.8618576942590277 100
1.0000000000000002 103
38 1.0133532194151909 0.4627798478274189 0.16944530000910163
0.8775433033474294 10
0.9030119748402656 40
0.9057392027357883 70
0.906626559482848 100
1.0000000000000002 103
39 0.9922796752133647 0.44192313585079945 0.17640900000697002
0.7417936441187098 10
0.795030281014178 40
0.8000825498757888 70
0.8037282231351598 100
0.9999999999999999 103
40 0.9727297625747191 0.4204074390635383 0.1792769999592565
0.8259535518798214 10
0.8730236411082638 40
0.876350249863904 70
0.8774405709638871 100
0.9999999999999996 103
41 0.9543064771892726 0.40241263835040486 0.1638280000188388
0.6464980787425689 10
0.7077745709995117 40
0.714616734863763 70
0.7188461456936874 100
1.0000000000000007 103
42 0.9371957066120739 0.3826431830784005 0.1766658999840729
0.7305608339006351 10
0.8011778721008344 40
0.8047275939794909 70
0.8062539070410389 100
0.9999999999999998 103
43 0.921478839913371 0.3687828300024245 0.19262360001448542
0.5622755917984787 10
0.6218892065222096 40
0.629812056077052 70
0.6336147903495591 100
0.9999999999999997 103
44 0.9069191399382569 0.3501403263593914 0.17240189999574795
0.5738546570833007 10
0.6329441579234434 40
0.6358665076052165 70
0.63812219479176 100
1.0 103
45 0.8939276382605662 0.3405573090958182 0.1716588000417687
0.48427767219273093 10
0.5477757813876674 40
0.5549490742306374 70
0.5578716667844724 100
0.9999999999999993 103
46 0.8818939416159599 0.3235290832445483 0.21233590005431324
0.4568766620476345 10
0.48417434936803655 40
0.48789996992436474 70
0.4904546989762398 100
0.9999999999999998 103
47 0.870803708895398 0.31623689053209847 0.18177729996386915
0.46092682691801595 10
0.5185327120312565 40
0.5238823938899215 70
0.5265892610832369 100
0.9999999999999998 103
48 0.8604589531412876 0.3011806022365769 0.19552639999892563
0.45048420837574266 10
0.4730646035587723 40
0.47776439480319305 70
0.48015228752342204 100
1.0000000000000007 103
49 0.8505830664407458 0.29450472225230273 0.18439329997636378
0.44666305871236733 10
0.4957616553643118 40
0.4999649433408815 70
0.5025619666133339 100
1.0000000000000007 103
50 0.8413762385390459 0.2814883804809681 0.3044582000002265
0.39130732939592394 10
0.4180809278278174 40
0.42324232221243335 70
0.42565571041961553 100
0.9999999999999991 103
51 0.832633428141841 0.27510360536991907 0.17203580000204965
0.36304753937172596 10
0.40997081055066964 40
0.41376849714125336 70
0.4163329742308274 100
0.9999999999999996 103
52 0.8245257588111479 0.26416044257026533 0.175608099962119
0.2469308084131363 10
0.27806074980537254 40
0.2840115888223112 70
0.28673285597159803 100
1.0000000000000004 103
53 0.8168689138740598 0.25822653551812347 0.17360330000519753
0.2427386618624748 10
0.2863919465541078 40
0.28996323750495306 70
0.29262755333466145 100
1.0000000000000002 103
54 0.8097993052884043 0.2490284551040708 0.1791018999647349
0.18837281549158022 10
0.21910803617538938 40
0.2253552918515287 70
0.22811727542814772 100
1.0000000000000002 103
55 0.8030929077398389 0.24372331015939777 0.17008569999597967
0.15952475901355873 10
0.19703042590075467 40
0.200337988736862 70
0.20302081559091215 100
0.9999999999999997 103
56 0.7969101164374163 0.23579223758126103 0.19521450001047924
0.24277994586062845 10
0.27105782690910174 40
0.27697478806274145 70
0.2794328835780878 100
1.0 103
57 0.791001080318752 0.23117630179102758 0.18981250002980232
0.12251512218944727 10
0.1548856927074032 40
0.15800916845089824 70
0.1605277318169621 100
0.9999999999999996 103
58 0.7855475151724013 0.22414107215360415 0.16984819999197498
0.301180135553816 10
0.3279994805301871 40
0.33360649861011393 70
0.33578313558068457 100
0.9999999999999998 103
59 0.7802989400596717 0.22017439178704157 0.17391270003281534
0.10765710139603982 10
0.13748514813119847 40
0.14053013383255786 70
0.14277522849467958 100
1.0000000000000004 103
60 0.775442236009309 0.21380448554110734 0.2016845000325702
61 0.1683203786922634
-------------------------------------------------END------------------------------------------------------
------------------------------------Krylov only---------------------------------------------------
388.23241227710463 393.0393202463583
1.0000000000000004 11
0 357.28645232829314 362.9083648963542 0.06740299996454269
0.9999999999999998 11
1 309.3773631245037 317.2143003110831 0.056952200015075505
1.0000000000000002 11
2 236.59070273272422 250.07703770466264 0.05629320000298321
0.9999999999999994 11
3 166.1376618831763 173.14127471062255 0.05688050005119294
1.0000000000000018 11
4 70.13759870085056 72.37752542178795 0.05757699999958277
0.9999999999999993 11
5 24.711609473496413 25.022670863296366 0.05496480001602322
0.9999999999999999 11
6 7.849369030687915 8.17014957038526 0.05178179999347776
0.9999999999999997 11
7 5.025463574102816 5.008275106346085 0.05468410003231838
0.9999999999999997 11
8 4.07795526418484 3.999675465909954 0.05245459999423474
1.0 11
9 3.603210396847834 3.296549473200176 0.05537389998789877
0.9999999999999997 11
10 3.2979823637328924 3.014717787201743 0.05567700002575293
1.0000000000000004 11
11 3.059143457090243 2.7148654204801494 0.05329050001455471
1.0000000000000007 11
12 2.893089511880096 2.5490557528315154 0.04926890000933781
1.0000000000000009 11
13 2.737984361676615 2.4052330794625147 0.05591769999591634
1.0000000000000004 11
14 2.5855052002430448 2.2797103096379816 0.05508590000681579
1.0000000000000004 11
15 2.4572153244571466 2.1599568557763433 0.05350699997507036
1.000000000000001 11
16 2.368032423712035 2.0699643026508068 0.050978600047528744
1.0000000000000009 11
17 2.2745664250347915 2.0066537261961135 0.05027519998839125
0.9999999999999999 11
18 2.20226668429437 1.9222242252387698 0.055409899970982224
1.000000000000001 11
19 2.126021414732314 1.8724260896038742 0.05204739997861907
1.0000000000000002 11
20 2.062240519219902 1.790525261608082 0.04970739997224882
0.9999999999999993 11
21 1.9973480187254604 1.7474581813079917 0.05718080000951886
1.0 11
22 1.9435508871425042 1.6661549276368621 0.05278650001855567
0.9999999999999993 11
23 1.892096366482475 1.630237736896042 0.05423809995409101
0.9999999999999989 11
24 1.8480733147650383 1.5578109205035016 0.05627180001465604
0.9999999999999998 11
25 1.805112662230393 1.5242841478288078 0.0565622000140138
1.0000000000000007 11
26 1.7671159778285925 1.4599265515798703 0.05024240002967417
1.0000000000000002 11
27 1.7287546533732285 1.4264054011212597 0.05381680000573397
0.9999999999999983 11
28 1.6942069961170554 1.3668497223848262 0.049369399959687144
1.0000000000000002 11
29 1.6596092071586885 1.3369925215442575 0.04960289999144152
0.9999999999999989 11
30 1.6284812433564637 1.2778770183634 0.056913700012955815
0.999999999999999 11
31 1.5968686143813589 1.2553514079156038 0.05642890004673973
1.0000000000000004 11
32 1.5682161643404482 1.196652841813862 0.05624589999206364
0.9999999999999994 11
33 1.5389445624409492 1.1810255476840164 0.060638500028289855
1.0000000000000007 11
34 1.5124184597610788 1.1208344264309498 0.06235790002392605
1.0000000000000013 11
35 1.4853434994839538 1.1134707913417556 0.054708999989088625
0.999999999999999 11
36 1.4609749055025736 1.0516614668101902 0.05353480001213029
0.9999999999999991 11
37 1.4355066507556986 1.0501973603158694 0.05180780001683161
1.000000000000001 11
38 1.4124987829885203 0.9881971273959752 0.056156400009058416
1.0000000000000004 11
39 1.3881473960687176 0.9902429989895316 0.050245100050233305
0.9999999999999998 11
40 1.3656376415505027 0.9289692417729898 0.05264819995500147
1.0000000000000002 11
41 1.3433324235706985 0.9333008847369928 0.05462339997757226
1.0000000000000002 11
42 1.3228393817461075 0.8745887890853346 0.05081300000892952
0.9999999999999992 11
43 1.3016135790093317 0.880379525581854 0.04814149998128414
1.0000000000000004 11
44 1.2827573161981574 0.8251816003645995 0.05756939999992028
0.9999999999999989 11
45 1.2625419419320294 0.8299153628022916 0.058368399972096086
0.9999999999999993 11
46 1.2445966898388061 0.7788991977363765 0.05237589997705072
1.0000000000000002 11
47 1.2250344645522717 0.7819244951926622 0.05671880004229024
0.9999999999999993 11
48 1.2079245977419537 0.7342344670978529 0.056771299976389855
0.9999999999999994 11
49 1.1890359822891092 0.7361608283525318 0.05205160001059994
1.0000000000000016 11
50 1.172153555426083 0.6913008462183727 0.05366019997745752
1.0000000000000004 11
51 1.1543596294449798 0.692435676416844 0.05509489995893091
1.0000000000000016 11
52 1.1385458956281616 0.6500693194887877 0.057190699968487024
1.0000000000000007 11
53 1.1216003232904754 0.6505513474743901 0.05107360001420602
0.9999999999999994 11
54 1.1062620561726164 0.6113885725588001 0.05652909999480471
1.0 11
55 1.0907385963771532 0.6111212420872657 0.0561448999796994
1.0000000000000002 11
56 1.0765137313958675 0.574819272016699 0.05450349999591708
0.9999999999999994 11
57 1.0617291615300852 0.5737486404162151 0.05675419996259734
1.000000000000001 11
58 1.048031048545894 0.5408380098680782 0.051738199952524155
1.0000000000000002 11
59 1.0344078572979252 0.5378005238587816 0.04966180003248155
1.0 11
60 1.0214390666884003 0.5082570722501719 0.055571200035046786
0.9999999999999994 11
61 1.0086759954949398 0.504869921320174 0.050210900022648275
1.0000000000000004 11
62 0.9966238202796903 0.47862865807766647 0.050175199983641505
1.0000000000000007 11
63 0.9850600571673868 0.47320434515248816 0.05370839999523014
0.9999999999999999 11
64 0.9736743782496825 0.4495651103833546 0.05617090000305325
1.0000000000000002 11
65 0.9627769017429073 0.44473563282942696 0.059694800002034754
1.0 11
66 0.9517261725690623 0.42289982753388305 0.09362800000235438
1.0000000000000009 11
67 0.9413876056429273 0.4164174948522539 0.05133719998411834
1.0000000000000002 11
68 0.9320893580072834 0.3996797966893989 0.06762329995399341
1.0000000000000007 11
69 0.9232912850538054 0.39273832630789 0.052064399991650134
0.9999999999999993 11
70 0.9147091454391011 0.37780927564935085 0.05523260001791641
1.0000000000000004 11
71 0.9066064862560433 0.3714946712566646 0.05641509999986738
0.9999999999999979 11
72 0.8987630556629036 0.3588812446858115 0.054914699983783066
1.0000000000000002 11
73 0.8914210192311659 0.35121689519849586 0.053962500009220093
0.9999999999999999 11
74 0.8843403732896938 0.34004006951307664 0.05678069998975843
0.9999999999999994 11
75 0.8777018045998175 0.33435076130437896 0.0526941999560222
0.9999999999999986 11
76 0.871326421760354 0.3246678124444205 0.051992999971844256
1.000000000000001 11
77 0.8653168958546208 0.3185249832400384 0.052825700026005507
1.0000000000000002 11
78 0.8594913803410261 0.309989555825777 0.05847290001111105
0.9999999999999991 11
79 0.853982116641277 0.30442044928079565 0.05131260002963245
1.0000000000000004 11
80 0.8486413189147852 0.29698952973285875 0.05246229999465868
0.9999999999999998 11
81 0.8435871462440413 0.2915520307767872 0.061085900000762194
0.9999999999999997 11
82 0.8386874456019962 0.2851178073997246 0.07724779995623976
83 0.05533320963710928
-------------------------------------------------END------------------------------------------------------
28
------------------------------------Randomized only---------------------------------------------------
364.7409119872103 365.5675223060798
0.9846270201457489 10
0.9997942058424301 40
0 337.8368449394633 340.0706150204955 0.058331299980636686
0.9802793547808353 10
0.9997683727476843 40
1 299.00383956913214 304.74303702176513 0.0662923000054434
0.9189581780994586 10
0.9993480403278928 40
2 237.38151738280635 249.11120367255964 0.057861900015268475
0.8380941933542619 10
0.9932289247663186 40
3 174.693064398466 186.1402988480436 0.05707840004470199
0.8288389072491642 10
0.9829901349395362 40
0.9961284364851701 70
4 101.52200864269597 112.24477113380593 0.12235340004554018
0.8871433641532785 10
0.983300132521973 40
0.9934663880431733 70
5 48.547790980797345 51.40000252390954 0.11939310003072023
0.8351239574218844 10
0.9662585820616092 40
0.9848757061796783 70
0.9926706866195962 100
6 25.956371413217624 27.643786357222503 0.1655136999906972
0.906664084027163 10
0.9812061408314253 40
0.98863279264553 70
0.9934310703725878 100
7 16.49546233682926 17.99295527154453 0.16843150003114715
0.8380343295896198 10
0.9125535427060075 40
0.9354756203306457 70
0.9523542702225714 100
1.0000000000000002 103
8 10.367608842350197 11.223095485976081 0.174802900000941
0.6132902042729044 10
0.9598153461410556 40
0.9841252632961229 70
0.9890619191125183 100
0.9999999999999998 103
9 9.89119576056053 10.290121382382207 0.1732839999604039
0.9931646179119048 10
10 6.4687101765217845 7.057189979287772 0.02986609999788925
0.29603616945097144 10
0.9257600769903556 40
0.9662112226274329 70
0.9815854115135507 100
0.9999999999999998 103
11 4.585692191518539 4.5936438007481275 0.17946630000369623
0.8761654901287607 10
0.9711306361344809 40
0.9805591731598458 70
0.9846172515423709 100
0.9999999999999994 103
12 3.6817743497873066 3.4327988944635397 0.176453499996569
0.971407158617658 10
0.9911928824250227 40
13 3.5931675659618127 3.361205800808092 0.05543170002056286
0.055994847044940545 10
0.10200675595707952 40
0.3696538229551775 70
0.44909477063480063 100
0.9999999999999992 103
14 3.1508731047291323 2.7844311003575157 0.16614420001860708
0.9462390704352739 10
0.9815120957058734 40
0.9883996565043294 70
0.9909996536765332 100
15 2.975889005293624 2.6694683685727867 0.15587879996746778
0.6731828874145487 10
0.7297433640284676 40
0.7422460665624793 70
0.751527290524276 100
0.9999999999999998 103
16 2.6998443214757364 2.3434940741389894 0.18093209998914972
0.9747514099664721 10
0.9918158839321177 40
17 2.67916181388111 2.3503624920303037 0.05324460001429543
0.004286835525093871 10
0.005967805963706325 40
0.1550626614552213 70
0.2767058491519293 100
0.9999999999999999 103
18 2.48354269682167 2.074444139067092 0.18892580003011972
0.5377999228424466 10
0.7952198799505872 40
0.8362528973445974 70
0.8541650780415908 100
0.9999999999999998 103
19 2.3167838878384193 1.8966986369149768 0.17439229995943606
0.8365750079119058 10
0.9504454718565398 40
0.9593679814387576 70
0.9639162385622863 100
1.0000000000000002 103
20 2.164458413016361 1.7380413781539523 0.17046160000609234
0.9030712932301305 10
0.9545794814961727 40
0.9619461098337578 70
0.9645707019382934 100
1.0000000000000002 103
21 2.023775179084184 1.5608393013302926 0.1795331999892369
0.8936096790227972 10
0.9708180147653463 40
0.975506247361797 70
0.9781154953681772 100
1.0000000000000002 103
22 1.8928903897319371 1.4225902444663074 0.1658187999855727
0.940715218216403 10
0.9707871082961409 40
0.9733913547662182 70
0.9748402291210171 100
1.0000000000000004 103
23 1.7825305329392407 1.3153173790868666 0.17845230002421886
0.8553441480555503 10
0.9087653940125225 40
0.9168916656305608 70
0.9216313291640513 100
1.0000000000000002 103
24 1.6906579817248917 1.2132092127764653 0.18349379999563098
0.940941153283117 10
0.9743905087880659 40
0.9756681227479207 70
0.9766129515521198 100
0.9999999999999997 103
25 1.6096344134006044 1.132915836782904 0.17511509999167174
0.8139924825968916 10
0.8396744132124366 40
0.8473838290045074 70
0.8553209675789796 100
0.9999999999999996 103
26 1.5402632692476086 1.0475908513220344 0.18259520002175122
0.9070648487237506 10
0.9474947366250258 40
0.9495105806303533 70
0.9509592023897901 100
0.999999999999999 103
27 1.4771290645263162 0.9832242316906089 0.18433889996958897
0.6609271301342111 10
0.6906749589129794 40
0.6999277359618743 70
0.7117085815293135 100
1.0000000000000002 103
28 1.4231336935055547 0.9135778446765251 0.1765033000265248
0.6983287462853347 10
0.7716075030262075 40
0.7781469875881291 70
0.78233797666086 100
1.0000000000000004 103
29 1.3740437176013256 0.8608543843379236 0.16926360002253205
0.5147272174213527 10
0.5484150953151296 40
0.5586722593037698 70
0.5672715622542808 100
1.0000000000000002 103
30 1.3312100841562184 0.8092884350429825 0.18171049997908995
0.5570221641498053 10
0.615454098729982 40
0.6248623590135454 70
0.6314391317148277 100
1.0000000000000002 103
31 1.2916988268174334 0.7646136585946013 0.16995879996102303
0.4592856338963598 10
0.5015547489238227 40
0.510433360723822 70
0.5158023216858479 100
1.0 103
32 1.2559567901828173 0.7260338205764953 0.17945789999794215
0.5581893497959461 10
0.6162461293165291 40
0.6246494402178688 70
0.6321716822124909 100
0.9999999999999997 103
33 1.2217614431282273 0.68619993023272 0.17738750000717118
0.42503615919426035 10
0.47766584265406375 40
0.48430722406733184 70
0.48837054825638443 100
0.999999999999999 103
34 1.1907268024580497 0.6556244311071792 0.16713600000366569
0.5645763164683062 10
0.6275313251153588 40
0.6337598302544626 70
0.6404864867270995 100
1.0000000000000002 103
35 1.1597276163091883 0.6181487155188996 0.17965799994999543
0.3777394586680237 10
0.4450473516218526 40
0.45147885599458715 70
0.45501445152088316 100
0.9999999999999996 103
36 1.1320328578385483 0.592850920996934 0.17370550002669916
0.5853271847414959 10
0.6457187284296322 40
0.6510245549556888 70
0.6572995434880511 100
1.0000000000000002 103
37 1.1034490524130132 0.5565497133867425 0.17471540003316477
0.40756525127244475 10
0.4804795693725738 40
0.48779430580940464 70
0.4911003396214429 100
0.9999999999999993 103
38 1.0784373780720387 0.5353910144722929 0.17354270000942051
0.6144065271643611 10
0.6665326793744049 40
0.6720354963921216 70
0.6788391382347334 100
0.9999999999999998 103
39 1.0521777858793262 0.5007173536372876 0.18010970001341775
0.5079405655014999 10
0.5756997516421983 40
0.5838963353166505 70
0.5869761638816189 100
1.0000000000000004 103
40 1.029684570640844 0.4826139777781019 0.16948290000436828
0.632961405339943 10
0.6780696303689764 40
0.6842887627019364 70
0.6916575671333597 100
1.0 103
41 1.0064144392996632 0.4523478676164783 0.17133270000340417
0.5399999324840162 10
0.6151658716655606 40
0.6246531571054997 70
0.6280594357416744 100
0.9999999999999994 103
42 0.9868095255509419 0.43527994916203494 0.1807538000284694
0.5882295026567054 10
0.6477335769585836 40
0.6558896801874585 70
0.6632285193992953 100
1.0000000000000002 103
43 0.9697176720326137 0.4170610352728446 0.16848019999451935
0.4483922651296481 10
0.5237972070090694 40
0.5316575967616328 70
0.535732979224518 100
1.0 103
44 0.95479757180375 0.39949220681162567 0.1805939999758266
0.4647142713873672 10
0.5662544532995186 40
0.5758287888242762 70
0.5808035269881272 100
1.0000000000000002 103
45 0.9417729372814243 0.39033429864503266 0.17125299997860566
0.4256759720138012 10
0.47412322535298984 40
0.4787675884032897 70
0.48232112709305325 100
0.9999999999999991 103
46 0.9299486370128252 0.37327518291864503 0.1864571000332944
0.4399862941338655 10
0.5186350294704195 40
0.5277769798915468 70
0.5316373418073642 100
0.9999999999999999 103
47 0.9186085024530967 0.36686573079798346 0.18541859998367727
0.4021505363068368 10
0.45253451766513964 40
0.45639597252340147 70
0.4599006148837275 100
1.0 103
48 0.908238971903985 0.3510949043575019 0.268898900016211
0.3974368179103776 10
0.45549389887436814 40
0.46333622150745457 70
0.46695996130541906 100
0.9999999999999993 103
49 0.8982107309555245 0.34635850909480864 0.17314430000260472
0.3841752238469509 10
0.4382924851372153 40
0.4415202910619351 70
0.4449981865078631 100
1.0000000000000002 103
50 0.8889699332055465 0.3317907328377509 0.1808856999850832
0.36477662300054764 10
0.4036168820066515 40
0.4098700148318466 70
0.41303172145978967 100
0.9999999999999999 103
51 0.8799309507360727 0.32830759946749866 0.1751530000474304
0.3881847764468706 10
0.44372696799182126 40
0.44641695008500687 70
0.44956385979177205 100
0.9999999999999997 103
52 0.8715468534483823 0.314642058553059 0.2044721000129357
0.36671004241809685 10
0.39145013287033675 40
0.396323590638853 70
0.3988978649462912 100
0.9999999999999999 103
53 0.8632707755758121 0.3120751806769798 0.17935489997034892
0.4094105036145806 10
0.46467534175487446 40
0.46698591023576386 70
0.4696294311176169 100
1.0000000000000002 103
54 0.8555539861021451 0.2991411250342882 0.18167760001961142
0.4013825115159667 10
0.4185595129223262 40
0.42241351758883827 70
0.42444166922853865 100
1.0000000000000004 103
55 0.8478919154636946 0.29717696162504037 0.17110560002038255
0.4441158296724369 10
0.4981925608988257 40
0.5003148636282664 70
0.5024380331903443 100
0.9999999999999991 103
56 0.8407150471859042 0.28494800699133827 0.1763719999580644
0.4500611988081239 10
0.4643375652677905 40
0.46748146438163873 70
0.4690875267034075 100
1.0000000000000002 103
57 0.833575298842087 0.28328416311968224 0.18503039999632165
0.4842663247865568 10
0.5365254583892665 40
0.5386308395127289 70
0.5403240832013646 100
1.0 103
58 0.826861410801155 0.27186198542412776 0.18307590001495555
0.4900820667606075 10
0.5039067900357258 40
0.5066106861718296 70
0.5079450351039763 100
1.0 103
59 0.8202113891783951 0.27017086106212784 0.20010539999930188
0.5138936461004069 10
0.5632937025571929 40
0.5654846983816926 70
0.5669068889741843 100
1.0 103
60 0.8139412557464438 0.2598200828817341 0.17612820002250373
0.4991790215323585 10
0.5142901665933409 40
0.5169490156948198 70
0.5181904316807832 100
1.0000000000000002 103
61 0.807822500780505 0.2576996849392908 0.17904399998951703
0.5160916743053325 10
0.5598432517723436 40
0.5621142852617653 70
0.5634656869135853 100
1.0000000000000007 103
62 0.8020513728992057 0.24889759777767154 0.1699265000061132
0.46814811510778176 10
0.48839600622603724 40
0.4916695059627109 70
0.4930426820126107 100
1.0000000000000007 103
63 0.7965457635830775 0.2459161427631224 0.17648169997846708
0.4827065014609157 10
0.5172850214574013 40
0.5195365283711977 70
0.5209747034710397 100
1.0 103
64 0.7913639628929076 0.23914851664347292 0.185422100010328
0.4964029586817412 10
0.525090062104562 40
0.5288045483873113 70
0.5302878176313505 100
1.0000000000000007 103
65 0.7864207447231298 0.23517382867788117 0.1744607999571599
66 0.16365980454738197
-------------------------------------------------END------------------------------------------------------
------------------------------------Krylov only---------------------------------------------------
364.7409119872103 365.5675223060798
0.9999999999999999 11
0 336.481159914347 338.62993212297266 0.05107069999212399
1.0000000000000009 11
1 291.62027833809026 298.8194471011071 0.05859570001484826
1.0000000000000009 11
2 223.93111790918115 236.05859151640308 0.05268750002142042
0.9999999999999994 11
3 184.41058506754558 195.88520279395206 0.07276129996171221
1.0000000000000004 11
4 86.88506313839038 93.18638751032789 0.05284730001585558
1.0000000000000009 11
5 42.50816533375661 46.17686950905988 0.06252330000279471
1.0000000000000002 11
6 18.891291086436535 20.386019548195794 0.055302600027062
0.9999999999999991 11
7 8.830935098492034 9.218265637162524 0.05615090002538636
1.0000000000000009 11
8 5.899673481968957 5.95968893161187 0.05786870000883937
0.9999999999999994 11
9 4.5535281577864675 4.208192199489295 0.05380899994634092
1.0000000000000002 11
10 3.8817293303052005 3.630743787353143 0.05866849998710677
0.9999999999999998 11
11 3.4074603289918093 2.94699435027005 0.06185850000474602
1.0000000000000002 11
12 3.0515097606973676 2.658419041649007 0.05982229998335242
0.9999999999999998 11
13 2.7142934957781093 2.2107684210014824 0.05607880000025034
0.9999999999999994 11
14 2.444144794541753 1.9762669424662471 0.051231599994935095
1.0 11
15 2.213432981296321 1.6959239819544991 0.05229889997281134
1.0000000000000002 11
16 2.027195972623715 1.5115570733587498 0.04784710000967607
0.9999999999999999 11
17 1.8642673866891801 1.3215642929903697 0.05494719999842346
0.9999999999999999 11
18 1.7226236557769699 1.1595376778762707 0.057306300033815205
0.9999999999999986 11
19 1.5964217659478694 1.0372301651043834 0.05824789998587221
1.0000000000000004 11
20 1.5021000528554138 0.9149107588816758 0.0564369999920018
0.9999999999999993 11
21 1.4307717213274636 0.8630239966605776 0.05532859999220818
0.9999999999999997 11
22 1.3735318138188344 0.7826122895660228 0.05604470003163442
1.0000000000000002 11
23 1.3234450646173037 0.7492451395788987 0.051384399994276464
0.9999999999999997 11
24 1.2817727307974816 0.6904205785578585 0.05608469998696819
0.9999999999999998 11
25 1.2451825858569325 0.6708330387261856 0.05429819994606078
0.9999999999999999 11
26 1.2126756865004762 0.6213795395636585 0.05462810001336038
1.0000000000000004 11
27 1.1842341902038576 0.6083879854449581 0.0566176000284031
0.9999999999999993 11
28 1.158268732725469 0.5669473760630939 0.05487719998927787
0.9999999999999998 11
29 1.1343128113790437 0.5573132410072016 0.05351579998387024
0.9999999999999992 11
30 1.1118683357539503 0.5200128208303634 0.0561454999842681
0.9999999999999992 11
31 1.0908115757663706 0.5129402845586751 0.05403900000965223
0.9999999999999996 11
32 1.0711207862396366 0.4788675011319259 0.0549423000193201
1.0 11
33 1.0525000026154094 0.4739322210792711 0.057100200036074966
1.0000000000000007 11
34 1.03552080692893 0.44319225938608864 0.05339820001972839
0.9999999999999997 11
35 1.0193834260312988 0.44036543528416994 0.05648620001738891
0.9999999999999997 11
36 1.0046078975600408 0.41222530344457753 0.05604920000769198
0.9999999999999988 11
37 0.9905251106908463 0.4115283348394488 0.056725499976892024
0.9999999999999993 11
38 0.9758621690340249 0.3838236099750949 0.050536299997475
0.9999999999999998 11
39 0.9619413923111971 0.38329860003930655 0.05199829995399341
1.0 11
40 0.9497313716162286 0.35879190442858216 0.0500278000254184
1.000000000000001 11
41 0.9382530027211564 0.36032999442215735 0.053062999970279634
1.0 11
42 0.9277725449339629 0.3393170521154642 0.0553702000179328
1.0000000000000007 11
43 0.9179338766028661 0.34122358072502995 0.04907860001549125
0.9999999999999992 11
44 0.908369037037107 0.3222539846383235 0.05413230002159253
0.9999999999999997 11
45 0.8994073547649512 0.3243789000563632 0.06251249997876585
1.0 11
46 0.8898908902666506 0.3063595223347652 0.06555070000467822
0.9999999999999999 11
47 0.8810676232687865 0.308181884076664 0.05484420002903789
0.9999999999999997 11
48 0.8731613215194011 0.29321905082634475 0.0515906999935396
1.0 11
49 0.8658047908449927 0.29474145641709204 0.056222999992314726
1.000000000000002 11
50 0.8587429780795166 0.28040133174994714 0.05433800001628697
0.9999999999999996 11
51 0.8521109780511168 0.282449200075531 0.054088200035039335
1.0 11
52 0.8456001008809548 0.26920422236035585 0.0533403999870643
0.9999999999999993 11
53 0.839486118614595 0.27097711758779314 0.05368559999624267
0.9999999999999992 11
54 0.8333477047295018 0.2583973985242235 0.050962200039066374
0.9999999999999996 11
55 0.8275822411250768 0.259876512777881 0.06726179999532178
0.9999999999999993 11
56 0.821601624089168 0.24835864409912325 0.07329929998377338
1.0000000000000016 11
57 0.8160259557107732 0.24883593104142449 0.05665370001224801
1.0 11
58 0.8107129356623072 0.23838220711471497 0.06442209996748716
1.0000000000000002 11
59 0.8057043424921966 0.23853548812398104 0.057625999965239316
0.9999999999999997 11
60 0.8004575386507582 0.22885323649291178 0.05101459997240454
0.9999999999999998 11
61 0.795484332096542 0.22865552463466826 0.053507399978116155
62 0.055986345160730006
-------------------------------------------------END------------------------------------------------------
29
------------------------------------Randomized only---------------------------------------------------
382.7981067266583 385.5319855721325
0.996673544881523 10
0 354.99683088384995 358.3981184074948 0.0268435999751091
0.9969414147718778 10
1 315.0819535728873 320.59421439911347 0.02487029996700585
0.9948309852040238 10
2 270.72326005627315 280.66571139887515 0.03125409997301176
0.9770041714470771 10
0.9988450401415642 40
3 234.17842246845308 246.41285027582236 0.063076899969019
0.8819659087535213 10
0.9949729172499002 40
4 181.27054823456024 193.65174015215487 0.05853199999546632
0.9849482606388941 10
0.9978729600644444 40
5 101.96262096896861 109.97621787939299 0.0587575999670662
0.8683383411300584 10
0.9640717895920637 40
0.9871467797454279 70
0.9935538643203932 100
6 46.56596641868276 49.41769900905292 0.15517330000875518
0.7151088673170038 10
0.9559712730055346 40
0.977516114925285 70
0.9883214626875247 100
1.0000000000000002 103
7 22.483935483037012 24.025887195478756 0.17942329996731132
0.7319399542588556 10
0.939239386373646 40
0.9770810273596527 70
0.9871594640918234 100
1.0000000000000002 103
8 15.345579368218408 15.254389634455666 0.18698230001609772
0.9573813610858287 10
0.9959843398117089 40
9 9.579703144145812 10.001184817337194 0.05644820001907647
0.4805028214135614 10
0.6040914555339421 40
0.7738022352152836 70
0.8645362292809965 100
0.9999999999999997 103
10 6.557538368816335 6.790441217935464 0.17681920004542917
0.8932663636822876 10
0.9781162017470889 40
0.9890207146789906 70
0.9930553434718282 100
11 5.426921451976484 5.420983957462345 0.17250790004618466
0.4670069598432637 10
0.6255728010179535 40
0.6636361638364351 70
0.6938247978243943 100
0.9999999999999997 103
12 4.258890754606582 4.082352920493565 0.1737104000058025
0.9665445618728651 10
0.9951611825057955 40
13 3.9725708268489464 3.8498095632961276 0.06054119998589158
0.05864889699828489 10
0.08911729234954927 40
0.23877538712092647 70
0.40592437293687883 100
1.0000000000000002 103
14 3.2506355931527056 2.9812006593799865 0.18076289998134598
0.7638285265493796 10
0.9783441279656656 40
0.9841992623148706 70
0.9875107357446707 100
0.9999999999999999 103
15 2.650899995432861 2.3042873557983903 0.18155039998237044
0.9052665161883207 10
0.9546575033192068 40
0.9617631812376274 70
0.9677960871893742 100
0.9999999999999999 103
16 2.30675971495321 1.972130571219415 0.1785876000067219
0.8401462019637124 10
0.9730405173306421 40
0.9773224477256721 70
0.9783598946532398 100
0.9999999999999994 103
17 2.0457841676411896 1.6757706279467712 0.18520469998475164
0.8752724838440227 10
0.921861756324759 40
0.9294051494540472 70
0.93789033771913 100
0.9999999999999996 103
18 1.8777972365510802 1.4708600852070597 0.18789830000605434
0.758018262901545 10
0.8959585368769303 40
0.9071420172409538 70
0.9133275906575731 100
1.0 103
19 1.7409366960865358 1.2977230127846864 0.17932709999149665
0.4925743069607758 10
0.6297571299692222 40
0.6754792196147104 70
0.6976221390764863 100
1.0 103
20 1.6354385200503396 1.177665316949407 0.18742339999880642
0.5045989491799607 10
0.706378817922834 40
0.7271374774823834 70
0.7442366949148493 100
0.9999999999999999 103
21 1.5426574834215976 1.0521927195637377 0.18391939997673035
0.23165652475648052 10
0.31860029247971666 40
0.3602760777316609 70
0.3803293095118299 100
0.999999999999999 103
22 1.465863519062547 0.9890051921474656 0.18311199999880046
0.8164945098183857 10
0.8706651895859954 40
0.8751638134650548 70
0.8801152083097187 100
1.0 103
23 1.3952410892472789 0.8880565084105345 0.17280810000374913
0.658133041413619 10
0.6998086598688187 40
0.7082640658029024 70
0.7137828359450856 100
1.0000000000000004 103
24 1.3357862760358734 0.8410541124407348 0.1858570000040345
0.8278425767327243 10
0.8641650712602416 40
0.8699413596767335 70
0.8737276525404444 100
0.9999999999999998 103
25 1.2831617724713267 0.7753860656544621 0.1728484000195749
0.759520319539458 10
0.8083545094624852 40
0.8127500164802692 70
0.8161314183531126 100
1.0000000000000002 103
26 1.2380317751169612 0.7318001038755448 0.18641870003193617
0.7567213909724859 10
0.7821676558096 40
0.7937535093772777 70
0.7981619613444361 100
0.9999999999999996 103
27 1.1978383658634097 0.6893071444387959 0.17882629996165633
0.6696483415377293 10
0.7483715039428195 40
0.7526394042499365 70
0.7555529773692026 100
0.9999999999999994 103
28 1.162594152212874 0.6537455482017954 0.18521149997832254
0.5160077873646439 10
0.5458343011233278 40
0.5637439612558752 70
0.5701397522216708 100
1.0000000000000002 103
29 1.1306755472189636 0.6204506696487297 0.19338559999596328
0.6211775864540094 10
0.7022480988107382 40
0.7069560640787649 70
0.7094258502564664 100
1.0000000000000004 103
30 1.101834846237642 0.5925980238571384 0.17802310001570731
0.24191117654984 10
0.27439840970959034 40
0.29629769759172847 70
0.3060005047808034 100
0.9999999999999998 103
31 1.075249178929205 0.5632403803831143 0.17179990001022816
0.7250077982310413 10
0.7823501986959275 40
0.7859949124886361 70
0.7888735865804694 100
1.0000000000000002 103
32 1.0511983068368917 0.5405669837731752 0.1817221000092104
0.3076125885605509 10
0.33624806234390536 40
0.3544505027323214 70
0.3631612237905591 100
1.0 103
33 1.0289346276632894 0.5145292730975921 0.1742721000337042
0.749219633365244 10
0.8036547619416868 40
0.8073606097200746 70
0.8111498851572666 100
1.0 103
34 1.0088440921280675 0.4957486248961558 0.18686859996523708
0.4473203206269822 10
0.47543038912897023 40
0.4886622519955565 70
0.49474631551266524 100
1.0000000000000002 103
35 0.9901773414706059 0.4730759109154826 0.1802894999855198
0.6768650823134476 10
0.7408441458867059 40
0.7456415222119849 70
0.7514785210658492 100
1.0000000000000002 103
36 0.9730200267874394 0.45678467481005 0.18215070001315325
0.4401670840598676 10
0.47315884004564157 40
0.48448236575048936 70
0.4898745138603427 100
0.9999999999999998 103
37 0.9569469877484502 0.4372551620729108 0.17530490003991872
0.573119526920398 10
0.643184731321141 40
0.6490900650321887 70
0.6571862089511282 100
1.0000000000000002 103
38 0.9419037324201325 0.4221940021708717 0.34051770000951365
0.42429617310603085 10
0.46215998439350714 40
0.4719113174479283 70
0.4769478553863867 100
0.9999999999999992 103
39 0.9277129363894717 0.4054421460617887 0.1837966000312008
0.5089465292538515 10
0.5763758033879768 40
0.5828923544266291 70
0.5920875997471279 100
0.9999999999999994 103
40 0.9143102009293714 0.3909969983675807 0.186316600011196
0.4386719880312947 10
0.48158724775197304 40
0.4898629155722754 70
0.4944066337060884 100
0.9999999999999998 103
41 0.9015841475438752 0.3766789150980669 0.1884034999529831
0.47583734114900295 10
0.5384495261340142 40
0.5452987236033544 70
0.5546883119049237 100
1.0000000000000004 103
42 0.8895211230950365 0.3626221192244374 0.1830375999561511
0.46224371573270395 10
0.5114964955363536 40
0.5186278189416691 70
0.5226776747188439 100
1.0000000000000002 103
43 0.8779787212038982 0.35042543451629404 0.19841860001906753
0.45570636800509534 10
0.5145891059262167 40
0.5216004924387467 70
0.5307367988657994 100
1.0 103
44 0.8670291549020396 0.33668239904818675 0.19795240001985803
0.4824477156391202 10
0.5388811679124265 40
0.5452157381634628 70
0.5488512954669111 100
1.0000000000000004 103
45 0.8564570073587955 0.3262780730290706 0.3263038999866694
0.44289614446921083 10
0.49951823740833795 40
0.5065326780511021 70
0.5152291843268674 100
1.0000000000000004 103
46 0.8464343491273665 0.31285598460187963 0.19786539999768138
0.4950997351120792 10
0.5588465368216974 40
0.5647538527714613 70
0.5680946611689841 100
0.9999999999999999 103
47 0.8366551949898389 0.30387889602181645 0.19482020003488287
0.4394645773891219 10
0.4948050059228381 40
0.5016486406718859 70
0.5098670115769499 100
1.0 103
48 0.8273960266608074 0.29082939077849157 0.18541719997301698
0.5027457793717721 10
0.5736086585579047 40
0.5794921257717717 70
0.5826824926150298 100
1.0000000000000004 103
49 0.8182566206354263 0.2829040901632386 0.2061434000497684
0.44794197591149737 10
0.502690163918482 40
0.5091959536806521 70
0.5169994121212798 100
1.0000000000000004 103
50 0.8096176741031615 0.2702948205914444 0.18787730002077296
0.5130594577211804 10
0.5904491263278527 40
0.5967080758641118 70
0.5998790483163343 100
1.0000000000000002 103
51 0.8009963452323412 0.26307718867658103 0.20008889999007806
0.4682997766954597 10
0.522900058401257 40
0.5289279635087027 70
0.5363852872160403 100
1.0 103
52 0.7928638684127032 0.25100042880005363 0.20945770002435893
0.5335787027179534 10
0.6155124610781855 40
0.6224577959369632 70
0.6256726771487292 100
0.9999999999999997 103
53 0.7846902304528133 0.24418292313894266 0.2736772000207566
0.5062087696110895 10
0.5592828508413361 40
0.5646235779841781 70
0.5715769598549751 100
0.9999999999999994 103
54 0.7769953726046315 0.23281401190583767 0.19172569998772815
0.5638226010336418 10
0.6456329933088202 40
0.6533929002723938 70
0.6566460554772582 100
0.9999999999999998 103
55 0.7692859069305119 0.22610045307649845 0.21487289998913184
0.578515461833084 10
0.6241657307398548 40
0.6283908069148371 70
0.6342159844752807 100
0.9999999999999999 103
56 0.7620354149836681 0.2157991746236299 0.20869419997325167
0.5912162449974767 10
0.6642794809942819 40
0.672662535384685 70
0.6759437750486984 100
0.9999999999999997 103
57 0.7549540963154084 0.20895385490164173 0.19694240001263097
0.6825973057778997 10
0.7128899759390542 40
0.7156264414698882 70
0.7195930875960168 100
0.9999999999999999 103
58 0.748295054996888 0.2003256408444924 0.20186149998335168
0.5907760354955196 10
0.6419120277604523 40
0.65001468560827 70
0.6533133946691154 100
1.0 103
59 0.7421048699914807 0.19342190783461974 0.20828040002379566
0.7668717028097278 10
0.7827841711717601 40
0.784385761461496 70
0.7866584970739708 100
1.0000000000000007 103
60 0.7362976513556311 0.18692908261757657 0.1988178999745287
0.530537058977958 10
0.5560888734603627 40
0.5623073158155913 70
0.5654633629555536 100
1.0000000000000002 103
61 0.7310237463365012 0.18040707209852525 0.18232340004760772
0.810249710290539 10
0.819304822814566 40
0.8203998072006486 70
0.8217385898387892 100
1.0 103
62 0.7260953320007979 0.17560637317835653 0.19267820002278313
63 0.17515560952458709
-------------------------------------------------END------------------------------------------------------
------------------------------------Krylov only---------------------------------------------------
382.7981067266583 385.5319855721325
1.0 11
0 352.4563791442571 356.26576989202647 0.06178010004805401
1.0 11
1 308.6561859764663 314.7541931656712 0.05591880000429228
0.9999999999999997 11
2 220.94696489606852 231.81584272863347 0.06921109999530017
1.0000000000000007 11
3 176.30227204332172 181.30573003932253 0.05330199998570606
0.9999999999999989 11
4 74.28861400973246 77.46786621662108 0.0564124999800697
0.9999999999999994 11
5 25.23597344254051 25.037568473040356 0.0575546000036411
1.0000000000000013 11
6 9.594544724442496 9.154237981663554 0.055427599989343435
1.0000000000000002 11
7 6.243615725708009 5.834066193573473 0.05506969999987632
0.9999999999999997 11
8 4.795146895208242 4.509297960067988 0.056123999995179474
0.9999999999999997 11
9 4.020735801109172 3.6399612817071145 0.05294490000233054
1.0000000000000016 11
10 3.5056555613948017 3.148999129267599 0.058599499985575676
1.0000000000000002 11
11 3.1876156169895253 2.786054740915376 0.053549100004602224
1.0000000000000009 11
12 2.9349853425181727 2.5437069662089624 0.05424299999140203
1.0 11
13 2.7423171331686556 2.3252066331426424 0.05610110005363822
0.9999999999999994 11
14 2.592286962129916 2.169772098514707 0.05663409997941926
0.9999999999999993 11
15 2.470542004256425 2.0387836472346423 0.05614270002115518
1.0000000000000002 11
16 2.3651819052717777 1.9082430323227986 0.05643910000799224
0.999999999999999 11
17 2.2757551610064377 1.8277551372777032 0.05798530002357438
1.0000000000000016 11
18 2.1965316986882737 1.7147392224097617 0.052893900021445006
0.9999999999999993 11
19 2.123949794656997 1.656327858380048 0.054686699993908405
0.9999999999999993 11
20 2.057283765909585 1.5558943647916021 0.05218930001137778
1.0000000000000009 11
21 1.9936119276868791 1.5143206548280224 0.05155729997204617
0.9999999999999997 11
22 1.9343682942963962 1.4235005521637998 0.054909099999349564
0.9999999999999998 11
23 1.8768722789046217 1.3921442105155566 0.05489100003615022
0.9999999999999994 11
24 1.8229165587745029 1.310630106995294 0.05014030000893399
1.000000000000001 11
25 1.7702572644353525 1.286655142849931 0.0503564000246115
1.0000000000000009 11
26 1.7196004971200047 1.210854700758892 0.05182190000778064
0.9999999999999987 11
27 1.6722468489348754 1.186731745333085 0.05504790000850335
0.9999999999999998 11
28 1.6269220544141492 1.1230385443919357 0.0554757000063546
1.0 11
29 1.5837469338954382 1.0967231236141883 0.0576788000180386
0.9999999999999989 11
30 1.5424228882786462 1.043106603004038 0.054397499945480376
0.9999999999999992 11
31 1.5032496189934343 1.0150858668933629 0.05445599998347461
1.000000000000001 11
32 1.4657191635981726 0.9697352629387133 0.05606699996860698
0.9999999999999988 11
33 1.4306762449767798 0.9399569948408957 0.05291660001967102
1.0000000000000007 11
34 1.3979746017773835 0.9044351371135365 0.05709409998962656
0.9999999999999996 11
35 1.3671900101557566 0.876238982911316 0.05523579998407513
1.0000000000000004 11
36 1.3382502627390782 0.8451929932743166 0.04701769998064265
0.9999999999999999 11
37 1.3102394741012933 0.8187645176571192 0.05392119998577982
0.9999999999999987 11
38 1.2835573136021885 0.7925288034741288 0.05905829998664558
0.9999999999999996 11
39 1.258342532317764 0.7663229111329621 0.057398299977649
1.0000000000000004 11
40 1.234735917469057 0.7422953323786314 0.05859169998439029
1.0000000000000009 11
41 1.2103709851388509 0.7090201631621059 0.056873699999414384
0.999999999999999 11
42 1.1880731668058653 0.6942550122831053 0.05229900003178045
1.0 11
43 1.1651077972974848 0.6614644264068081 0.05582639999920502
1.0000000000000002 11
44 1.14505395713721 0.6479525609177159 0.06045109999831766
1.0000000000000002 11
45 1.1272205271821618 0.6187000253467728 0.05282789998454973
0.9999999999999996 11
46 1.1106890711350597 0.6087777043279187 0.05597860005218536
1.0000000000000007 11
47 1.0939104785512654 0.5812193379143771 0.04834149999078363
1.0000000000000002 11
48 1.0783447594100115 0.5719556674508325 0.056426299968734384
0.9999999999999998 11
49 1.0595460202639018 0.5430367386794049 0.049761899979785085
0.9999999999999994 11
50 1.0426968797932723 0.5321477927139199 0.0508022999856621
1.0000000000000004 11
51 1.020977008501819 0.504541283843922 0.05386809998890385
1.0 11
52 1.0025773098634416 0.48732041601315806 0.04894659999990836
1.0000000000000002 11
53 0.9912085804315193 0.4683011904837818 0.04915219999384135
0.9999999999999996 11
54 0.9799098599820827 0.4611717083397281 0.05161719996249303
1.0000000000000002 11
55 0.9692334435338982 0.44316953682788335 0.05091119999997318
1.0000000000000002 11
56 0.9591202190184794 0.43834204848537356 0.04787349997786805
1.0 11
57 0.9494832703544264 0.4207653729399624 0.04775080003309995
0.9999999999999999 11
58 0.940348992480458 0.4179566660551297 0.056078099994920194
0.9999999999999999 11
59 0.931578104447585 0.40076205070091303 0.05518349999329075
1.0000000000000009 11
60 0.9231721602236814 0.3992138676761548 0.05050820001633838
0.9999999999999976 11
61 0.9150260106225498 0.3825259341200707 0.047860999999102205
1.0000000000000009 11
62 0.907186161317054 0.38155454119585297 0.06924669997533783
1.0000000000000013 11
63 0.8995381282849209 0.365555274403647 0.04830510000465438
0.9999999999999996 11
64 0.8921818280477793 0.3647341300305549 0.05756139999721199
0.9999999999999999 11
65 0.8849945761448645 0.3496237111970726 0.05637690000003204
1.0000000000000013 11
66 0.8781003543201547 0.34875620215808645 0.05619480001041666
1.0000000000000002 11
67 0.8713872087819278 0.33472339520143146 0.049141100025735795
1.0 11
68 0.864961117153954 0.33377862857373736 0.05535300000337884
1.0000000000000018 11
69 0.8587505097303423 0.320923141708944 0.054009500017855316
0.9999999999999996 11
70 0.8528121288742142 0.31996425393261135 0.05049049999797717
0.9999999999999992 11
71 0.8471262169249443 0.30824189756729525 0.053063100029248744
0.9999999999999993 11
72 0.8416949871089014 0.30737133973935726 0.059313700010534376
0.9999999999999993 11
73 0.8365085192132329 0.2966365194247301 0.05252319999272004
0.9999999999999988 11
74 0.8315561143389808 0.2959112952826739 0.059018799976911396
75 0.05454904799970488
-------------------------------------------------END------------------------------------------------------
30
------------------------------------Randomized only---------------------------------------------------
412.573931726385 401.9267203011056
0.9949056598452893 10
0 380.0357142862182 372.7514762767579 0.027572199993301183
0.9920540917250255 10
1 335.3266072180972 333.96189325196366 0.032058099983260036
0.9884669487164656 10
0.999601614278801 40
2 274.50423932545374 281.9235921971818 0.06182449997868389
0.9862540441322907 10
0.9982917429005308 40
3 225.99632816391676 238.66505735252585 0.06620619999011979
0.891215326002005 10
0.9965410062471258 40
4 141.99276644576392 151.16197777866412 0.06422100000781938
0.9318362468164999 10
0.9942093225328213 40
5 70.11771968934276 72.3011184550046 0.0643428000039421
0.8029105404638189 10
0.9572179482721566 40
0.9795500350505388 70
0.9894524734954788 100
1.0 103
6 36.987588600451566 40.07300286587157 0.1837643999606371
0.9280039202259328 10
0.9848519606081981 40
0.9928853010404348 70
7 20.44290381472101 21.47009409408005 0.11824640003032982
0.5256771190236538 10
0.8297506520334793 40
0.8657383496898373 70
0.9496738171233399 100
1.0000000000000002 103
8 12.478223951119567 13.155841082230118 0.18307349999668077
0.7507365377939056 10
0.9766195379414112 40
0.9891858278992663 70
0.9917909010532312 100
9 8.816944148334063 9.586843997693911 0.1639530000393279
0.4721773941841175 10
0.7408890146391074 40
0.7926926412064741 70
0.8261457161374243 100
0.9999999999999998 103
10 6.6425443054361155 7.279960651954671 0.1956763999769464
0.7938482324833892 10
0.9847741647308698 40
0.9934468175470539 70
11 5.327440650479205 5.707752530052072 0.11235739995026961
0.37611935948129455 10
0.6191232623930095 40
0.6787313355271203 70
0.7581183667828221 100
1.0 103
12 4.018597299065371 4.093590827048233 0.19025419995887205
0.9268278208362918 10
0.9814287121345159 40
0.9905661485845253 70
13 3.6343888812122414 3.566312315829686 0.1696020999806933
0.4192928872364992 10
0.5059271772340838 40
0.5229656364022105 70
0.6869360801779573 100
0.9999999999999998 103
14 2.9581950997683415 2.65482551206849 0.2237753999652341
0.905698384465104 10
0.9833146721310868 40
0.9863497290535379 70
0.9894389473252758 100
0.9999999999999999 103
15 2.5721334684120274 2.2340583254191673 0.2091643000021577
0.8015296294667275 10
0.9478790741790163 40
0.9559791767424292 70
0.9646462207149994 100
0.9999999999999999 103
16 2.3056972870293704 1.9553464543736363 0.24612510000588372
0.9545104031560259 10
0.9748960891470981 40
0.9770132574490542 70
0.9779747508282715 100
1.0000000000000004 103
17 2.1056182882473373 1.6856719625744672 0.23433509998722002
0.8030378069616485 10
0.9173235405094247 40
0.9252674716842606 70
0.9349753445505202 100
1.0 103
18 1.9385610240148825 1.5148944932700266 0.2609629000071436
0.8724307821770004 10
0.9155873113584183 40
0.9223898351321769 70
0.9271736665694779 100
1.0000000000000004 103
19 1.7893258090010837 1.3283857988232093 0.22067300003254786
0.8078753924834876 10
0.9187890873183766 40
0.9254737592084868 70
0.9308691056534367 100
1.0000000000000004 103
20 1.6552328882853897 1.1973483979254806 0.19857549999142066
0.6394345462136378 10
0.7646796705407138 40
0.7842143864904546 70
0.7959544265088335 100
1.0 103
21 1.5424096638227223 1.0799365844008024 0.21123220003210008
0.7493986646732753 10
0.8543601702960077 40
0.8619178242313701 70
0.8667562668027488 100
1.0 103
22 1.4427568124417003 0.9614873119098645 0.1799790000077337
0.8981083353108291 10
0.9457163155556941 40
0.9494764284206351 70
0.9529430163813029 100
1.0000000000000002 103
23 1.3592979283433848 0.868588674636341 0.20176909997826442
0.4970043798125702 10
0.6658439590606383 40
0.6820826022240458 70
0.6914644233804411 100
0.9999999999999997 103
24 1.2930422100080767 0.7833569243841634 0.19102500000735745
0.9016759583016594 10
0.9284460617374234 40
0.9316891275777339 70
0.9359352995737228 100
1.0000000000000004 103
25 1.2372081536824158 0.7168468421216446 0.20843969995621592
0.3735454174497919 10
0.44965111968258725 40
0.4658851936638271 70
0.47993628986777953 100
1.0 103
26 1.1908069994935435 0.6610148110114223 0.20331730000907555
0.7501183357410032 10
0.7851090129485757 40
0.7892959056577457 70
0.7970482251734217 100
1.0 103
27 1.150786408335172 0.6119300858172271 0.21756870002718642
0.3860779693252697 10
0.43315296485686317 40
0.4434280395215126 70
0.4553680750752719 100
0.9999999999999998 103
28 1.1149703586806317 0.5733964026621353 0.1975154999527149
0.5449406894258182 10
0.5911246990767826 40
0.5974949727230475 70
0.6069757188987618 100
1.0000000000000002 103
29 1.083844568513412 0.5330644457948785 0.20374759996775538
0.3988468246729683 10
0.4430981705125763 40
0.45074336540903825 70
0.4602711798039794 100
1.0000000000000002 103
30 1.0555179087638678 0.5062205912761079 0.20127959997626022
0.3685252205115995 10
0.4129818311016136 40
0.4214828969498173 70
0.4296137599744411 100
0.9999999999999994 103
31 1.0307068491645237 0.47314883855367884 0.1959840999916196
0.3616988696632026 10
0.3958278907228419 40
0.403058456458585 70
0.41083714564459767 100
1.0000000000000004 103
32 1.0079013041714948 0.4530500229881389 0.20013950002612546
0.29770644832478543 10
0.3398687779788877 40
0.3485558989895397 70
0.35490920993223646 100
0.999999999999999 103
33 0.9875383108392373 0.4262275289362157 0.19849079998675734
0.23723176373025595 10
0.2644681768519355 40
0.2718781413276048 70
0.2789643006728913 100
0.9999999999999993 103
34 0.9686085285882744 0.41024798692797126 0.2064323999802582
0.31949040380456195 10
0.3586519346199259 40
0.3663768370681895 70
0.3713494232696966 100
0.9999999999999998 103
35 0.9514480515097176 0.3878182625303577 0.20712099998490885
0.1489721552458377 10
0.17151736759367892 40
0.17884065757300646 70
0.18506256450631847 100
0.9999999999999994 103
36 0.9355058926767619 0.3751257561501576 0.200797000026796
0.3340809026256409 10
0.37108789707636003 40
0.3781552329563782 70
0.38220871312888755 100
0.9999999999999996 103
37 0.9209125190398907 0.35596090447018297 0.20665870001539588
0.11480166962833616 10
0.13355108454667175 40
0.140880700591191 70
0.14648937799123649 100
1.0000000000000002 103
38 0.9073904255096659 0.34583448638913494 0.20269740000367165
0.30131158269076724 10
0.3362594880562912 40
0.3434061609290276 70
0.34715637084044787 100
0.9999999999999998 103
39 0.8948825411667732 0.3293603853209978 0.20030829997267574
0.09638504937139222 10
0.1144266625070782 40
0.12159612861212443 70
0.12687474316566585 100
1.0000000000000009 103
40 0.8832534243171404 0.32112072419334353 0.19414249999681488
0.2504195356825214 10
0.28161059960742746 40
0.289185260029147 70
0.2929429174696518 100
0.9999999999999998 103
41 0.8724023416542306 0.30675645305216903 0.18407189997378737
0.09347500231845468 10
0.11181677273980294 40
0.11864103169363567 70
0.12350213242925645 100
1.0000000000000004 103
42 0.8622627410348869 0.2999932392730537 0.18187279999256134
0.2293004710008236 10
0.25545863511144035 40
0.26318958310058876 70
0.26685133935855454 100
0.9999999999999998 103
43 0.8527572565382933 0.2872037728178564 0.1899138999870047
0.1004191115039651 10
0.1186117588293497 40
0.12519508190309678 70
0.1295432613777248 100
0.9999999999999999 103
44 0.8438347957997671 0.28169335478606594 0.18528149998746812
0.24765757310616332 10
0.2689465535697621 40
0.2764783145836892 70
0.2798928433660431 100
0.9999999999999999 103
45 0.8354554530061983 0.270103049412648 0.19887279998511076
0.11301619837485301 10
0.1306554727634015 40
0.13715803491881734 70
0.14098714352768155 100
1.0000000000000007 103
46 0.8275576809053117 0.2656739627745499 0.19435680005699396
0.2828058819076784 10
0.3002539231635176 40
0.3074793519105773 70
0.31061371626923806 100
0.9999999999999997 103
47 0.8201385370932587 0.25506074354709035 0.18902109999908134
0.1275597329650567 10
0.14447267917675197 40
0.15100289276280485 70
0.15436509146514843 100
1.0000000000000002 103
48 0.8131181383501686 0.2515390752710209 0.19639619998633862
0.30817158288107965 10
0.3229875994814369 40
0.3300209499075365 70
0.3329348031895846 100
1.0 103
49 0.8065225261498955 0.24178104198823258 0.1797810000134632
0.1404223014446173 10
0.15654730969280997 40
0.1631403500408053 70
0.16611566160334404 100
0.9999999999999993 103
50 0.8002569532587197 0.2389890264226014 0.18543680000584573
0.3111534185736998 10
0.32433432226406844 40
0.33133943651402575 70
0.3341116240425618 100
1.0000000000000002 103
51 0.7943649254143794 0.23000994967920235 0.18746549997013062
0.14898505561828482 10
0.16424760722217296 40
0.17086944615121127 70
0.1735382268533277 100
0.9999999999999997 103
52 0.788746292404704 0.22778429475409223 0.18831140000838786
0.29337121474958366 10
0.3055868179874073 40
0.31263213149586155 70
0.31531502556979174 100
1.0000000000000002 103
53 0.7834515948132863 0.21951935617655163 0.18903960002353415
0.15230922386580553 10
0.16657150298062778 40
0.1731381475293008 70
0.17555882433975653 100
1.0000000000000002 103
54 0.778384642530727 0.2177251435848991 0.2020145999849774
0.26393099467980646 10
0.2755519565598618 40
0.28255979400424897 70
0.28517016126479855 100
1.0000000000000002 103
55 0.7735963081589446 0.2101118881005728 0.1795441000140272
56 0.18012123035233735
-------------------------------------------------END------------------------------------------------------
------------------------------------Krylov only---------------------------------------------------
412.573931726385 401.9267203011056
1.0000000000000004 11
0 377.2197903256003 371.31907132912016 0.05702260002726689
0.9999999999999998 11
1 324.73488604436653 325.75712373797705 0.04999950004275888
0.9999999999999997 11
2 219.94873348347443 230.02842350022956 0.05520750000141561
0.9999999999999996 11
3 135.9645280235093 145.8658179417968 0.06464160000905395
1.0000000000000002 11
4 128.95157364442892 142.15827157238462 0.05214199994225055
0.9999999999999997 11
5 45.615242309524646 48.60811560489338 0.05656729999464005
1.0000000000000004 11
6 21.505785222336407 24.11721515571271 0.05653209995944053
0.9999999999999999 11
7 9.317962480182608 9.988166228192876 0.052530799992382526
0.9999999999999993 11
8 6.580125383685381 6.9000388229306235 0.0538255000137724
1.0000000000000004 11
9 4.884995878570344 4.659699218545076 0.053111699991859496
1.0000000000000013 11
10 4.150568707685334 3.8883050012890177 0.050186799955554307
1.0000000000000007 11
11 3.5089961763013706 3.162285372238386 0.049455400032456964
1.0000000000000002 11
12 3.142805160868262 2.8516907001264253 0.04994480003369972
0.9999999999999999 11
13 2.820525772329465 2.4091110558964473 0.05496019998099655
1.0000000000000002 11
14 2.6235421511014776 2.2791872257546855 0.057245299976784736
1.0000000000000007 11
15 2.465250395977813 2.030738305336212 0.05591100000310689
1.0000000000000007 11
16 2.338259299937341 1.9299889144750648 0.05600420001428574
1.0000000000000002 11
17 2.2229810775050267 1.7537461149442284 0.05483449995517731
0.9999999999999996 11
18 2.1222168035746005 1.6702842510886193 0.05496159999165684
0.9999999999999993 11
19 2.026975502791552 1.539162411326866 0.05260450002970174
1.0 11
20 1.9415068297958284 1.46045503437838 0.05001629999605939
1.0000000000000009 11
21 1.860730302561835 1.3593816431664296 0.056759599945507944
1.0000000000000002 11
22 1.787690290693082 1.2935582990516181 0.060903600009623915
1.0000000000000004 11
23 1.7179261489256605 1.2062424142874275 0.060634099994786084
1.0000000000000002 11
24 1.658065410250085 1.1644437530549598 0.05284900002880022
1.0 11
25 1.6020128762611325 1.0795647854314647 0.056066000019200146
1.0000000000000007 11
26 1.555530604719319 1.059590287182212 0.049511700053699315
1.0000000000000002 11
27 1.5120564792237172 0.9821162217442179 0.055571400036569685
1.0000000000000002 11
28 1.4739756562868915 0.9681972819060293 0.05651480000233278
0.9999999999999993 11
29 1.4383522160458813 0.9012953674959031 0.05338820000179112
1.000000000000001 11
30 1.406680474021122 0.88951563062858 0.04987510002683848
1.0000000000000004 11
31 1.3771752132336308 0.8323537998557153 0.05421470000874251
1.0 11
32 1.350112820355514 0.8231902410578049 0.05268560000695288
0.9999999999999986 11
33 1.324848188899279 0.7738673281938975 0.054522200021892786
1.000000000000001 11
34 1.300143006758684 0.7644285207321543 0.05900150001980364
0.9999999999999994 11
35 1.2772121912555792 0.7209831504925316 0.05470269999932498
1.0000000000000002 11
36 1.2497085374370156 0.7072749725456847 0.055689600005280226
0.9999999999999971 11
37 1.2252783268800655 0.6657284175397633 0.053254200029186904
1.0000000000000009 11
38 1.2068812048224746 0.6557137164913143 0.05175210000015795
0.9999999999999997 11
39 1.1890241999235045 0.6286459220972045 0.05495269998209551
1.0000000000000007 11
40 1.1740845250714864 0.6200670068415737 0.05872090003686026
1.0000000000000009 11
41 1.1594850165109305 0.5982953619447816 0.055110700021032244
0.9999999999999999 11
42 1.1458622221810353 0.5896622859742762 0.052056899992749095
1.0000000000000013 11
43 1.1325153601267333 0.5716517827450402 0.05391580000286922
1.0000000000000009 11
44 1.1199514462712536 0.5623665206668164 0.05355279997456819
1.0000000000000007 11
45 1.1076679579614395 0.5473553210181205 0.05628160003107041
0.9999999999999996 11
46 1.0960094842626535 0.5375220153790704 0.05213019996881485
1.0000000000000002 11
47 1.084632951064788 0.525203223987676 0.05063549999613315
1.0000000000000007 11
48 1.0738150765063874 0.5144785992850023 0.05712519999360666
0.9999999999999993 11
49 1.0632709255825576 0.5048293922098548 0.06658450001850724
0.999999999999999 11
50 1.0532400523569116 0.49303226256524474 0.05294500000309199
0.9999999999999992 11
51 1.0434590297250768 0.4857149421416452 0.058018999989144504
1.0000000000000002 11
52 1.034049239245119 0.47361857429964066 0.05852959997719154
0.9999999999999993 11
53 1.0249672399275391 0.4678027391934542 0.05079510004725307
0.9999999999999999 11
54 1.0161881631494565 0.4560511782374933 0.06553059996804222
0.9999999999999999 11
55 1.0076825703560206 0.45092383273719316 0.05807160004042089
0.9999999999999993 11
56 0.9994580202123289 0.4396903662789853 0.05391610000515357
1.0000000000000002 11
57 0.9915336807722317 0.435120187544424 0.05456630000844598
0.9999999999999997 11
58 0.9839539642493337 0.4244931107103467 0.05049589998088777
1.0000000000000002 11
59 0.9767971055237118 0.4198405333490145 0.06087300000945106
1.000000000000001 11
60 0.9699708212318671 0.41135429146344427 0.06412689998978749
1.0 11
61 0.9634701161659129 0.4068301508986766 0.055497299996204674
1.0000000000000007 11
62 0.9572001832371405 0.39862201712325124 0.0559229000355117
1.0000000000000009 11
63 0.9511048015102169 0.39442694928625427 0.04891049995785579
1.0000000000000009 11
64 0.9451985033231194 0.38667340520469473 0.05429910001112148
0.9999999999999991 11
65 0.9394405532903601 0.3828204893920356 0.055241100024431944
1.0000000000000007 11
66 0.9338572023000045 0.37519622528690666 0.05162460001884028
1.0000000000000002 11
67 0.9284064754796043 0.37164545318614955 0.0560521999723278
0.9999999999999999 11
68 0.9231136796389079 0.3642998452336728 0.05643400002736598
1.0000000000000004 11
69 0.9179431127435641 0.3610058648721308 0.05362329998752102
0.9999999999999998 11
70 0.9129195745087622 0.35382439049468284 0.0612527999910526
1.0000000000000009 11
71 0.908007154949663 0.35075345414725484 0.05541790003189817
72 0.05512240139230724
-------------------------------------------------END------------------------------------------------------
31
------------------------------------Randomized only---------------------------------------------------
368.887429675362 370.94063788037886
0.9919731378610894 10
0 343.81827464091435 346.86606161114 0.027293900027871132
0.9933514412723865 10
1 307.8407087324145 313.27110902673354 0.0310884999926202
0.9939744670144768 10
2 268.7835622121834 278.27351442124507 0.02633690001675859
0.9887515000730633 10
0.9991589807128844 40
3 242.63395353184058 253.20322797310922 0.06748820003122091
0.9195478873410271 10
0.9886990714450156 40
0.9973517730573964 70
4 178.8878598935064 190.08863600090726 0.11280960001749918
0.9111467901350786 10
0.9889879328125067 40
0.9950870882447795 70
5 73.1939197925659 78.15169769901145 0.11422019999008626
0.6298293785710545 10
0.9545880350412007 40
0.9830129535277587 70
0.9927349818049656 100
6 37.48011835562341 40.69900416997719 0.1591097000055015
0.44911668831469376 10
0.8797450798462391 40
0.9427167238328074 70
0.9659499918139993 100
1.0 103
7 19.490283725582128 21.392215100554655 0.1884670000290498
0.4887035722265987 10
0.825139015045734 40
0.9060542047826344 70
0.9506983787962585 100
0.9999999999999999 103
8 10.705177746304676 11.588277196740329 0.19713829999091104
0.39186367957279683 10
0.7297318939445164 40
0.7930409495826433 70
0.8535663249596047 100
1.0000000000000004 103
9 6.96497216423699 7.446019993124659 0.17669589997967705
0.6101554954202509 10
0.8258803296321915 40
0.8723249436009176 70
0.9085855497839836 100
0.9999999999999994 103
10 5.117361576194045 5.455221852225924 0.18675150000490248
0.2520946362360875 10
0.4763559317391887 40
0.6174025274456847 70
0.6902863024770841 100
0.9999999999999998 103
11 4.096796613476435 4.138957042269971 0.17631509999046102
0.251994987483711 10
0.5508912250657261 40
0.6155346080163085 70
0.6774187012270355 100
0.9999999999999997 103
12 3.4319321316753704 3.3871375791597553 0.17542310000862926
0.7264325612397068 10
0.8063151296022136 40
0.8356533967398626 70
0.8435172911911535 100
0.9999999999999997 103
13 2.976509398429384 2.859165079516336 0.17340209998656064
0.6262693920483439 10
0.7341269189973758 40
0.7526921316503867 70
0.7717662622007267 100
1.0 103
14 2.666827537615919 2.4837215159716712 0.18282909999834374
0.20649891490590302 10
0.30781524579729014 40
0.3579741252563651 70
0.38067817155830247 100
0.9999999999999998 103
15 2.4227410377860665 2.1826578767679186 0.17696660000365227
0.4644633134406426 10
0.5496444319923882 40
0.5823183898083655 70
0.6047109980455656 100
1.0 103
16 2.2099922461719137 1.9175693654750292 0.17615439998917282
0.39687436680637544 10
0.44898951780305874 40
0.4761893826960499 70
0.5046694668444246 100
1.0 103
17 2.038345905380902 1.6988902118679161 0.1873071000445634
0.4487589494359187 10
0.5290236402615544 40
0.5800355447830442 70
0.5974810529064986 100
0.9999999999999994 103
18 1.887207455419789 1.5162085107852037 0.17625460005365312
0.41775884202731545 10
0.46387538114004917 40
0.4949652448231593 70
0.5213738298498977 100
1.0000000000000004 103
19 1.7699531931319508 1.37705925698066 0.17812799999956042
0.26145824079241137 10
0.36039228763660125 40
0.42706070651518724 70
0.44135295630711546 100
0.9999999999999998 103
20 1.672937781952344 1.2642806477538782 0.18421849998412654
0.5279197565612787 10
0.5473878690880756 40
0.5597502948190234 70
0.5723451862965068 100
1.0000000000000004 103
21 1.5946430297813352 1.1865773161146262 0.17945029999827966
0.2887665503359299 10
0.3671930727131277 40
0.39834503904176305 70
0.41273087505062794 100
0.9999999999999999 103
22 1.5276093299180498 1.09900029108216 0.18294239998795092
0.3673747293422947 10
0.38542648724533085 40
0.39882228739469494 70
0.4124737667232135 100
0.9999999999999998 103
23 1.4699902531353137 1.0559399099383102 0.17641899996669963
0.2568100459410529 10
0.36041891135825715 40
0.3765455879077496 70
0.38955523127513325 100
0.9999999999999998 103
24 1.4183814637142274 0.9811491332386841 0.17656990000978112
0.29217056828844945 10
0.32038708755018375 40
0.33317291638587376 70
0.34445299790069306 100
1.0 103
25 1.3725673924380792 0.9525892795898468 0.17446120001841336
0.23850120761977917 10
0.3763563674826994 40
0.3874721781074546 70
0.39936229628316294 100
1.0 103
26 1.3301155783534462 0.8909965449490883 0.17134419997455552
0.23830101226235606 10
0.28401315889260004 40
0.2968348757053672 70
0.30672680537162345 100
1.0000000000000009 103
27 1.2919466270843645 0.8676665987649415 0.17550340003799647
0.32489521632398943 10
0.4597811166783145 40
0.4682385549017345 70
0.4776649396190793 100
1.0 103
28 1.2559025767924934 0.8165740327116777 0.17660030000843108
0.3114963339938546 10
0.3637668294819882 40
0.3753160650401684 70
0.3840639377246446 100
1.0000000000000002 103
29 1.223322704542727 0.7960428089624793 0.1775138999801129
0.45490283915462765 10
0.5688755579610664 40
0.575555581252758 70
0.581803210550962 100
1.0 103
30 1.1923668242352574 0.7515384272339638 0.1917138999560848
0.4367198862479079 10
0.48506034183860336 40
0.49459202361240573 70
0.5016980717539827 100
0.9999999999999993 103
31 1.1643065354906266 0.732868702658199 0.17949060001410544
0.5011730969955561 10
0.6038215572818366 40
0.610140039465059 70
0.6147112903872954 100
0.9999999999999998 103
32 1.137634840864842 0.69327590690044 0.1736512000206858
0.471515291810987 10
0.5176312814667213 40
0.5257972891570031 70
0.532088211529492 100
0.9999999999999994 103
33 1.1133105728059975 0.675865073656039 0.1740645000245422
0.45455928421354963 10
0.5490492192274132 40
0.555559044730274 70
0.5596174077839818 100
0.9999999999999996 103
34 1.0901586845166622 0.640682121390271 0.16793280001729727
0.42915126570413525 10
0.474841646543272 40
0.48219861452361995 70
0.48867093501614595 100
0.9999999999999999 103
35 1.0688053591134086 0.6244580457326853 0.17704130004858598
0.3805331664070461 10
0.45883430235711337 40
0.4647828563497805 70
0.46872437638287423 100
0.9999999999999999 103
36 1.0484598473672595 0.592886485046227 0.17909459996735677
0.37952016635869956 10
0.42413743155404837 40
0.43068034189744253 70
0.43754997829982484 100
0.9999999999999999 103
37 1.029460234349317 0.5779510908091253 0.18233969999710098
0.33929116276273247 10
0.39970724419895065 40
0.40435358732840265 70
0.4082817992429763 100
1.0000000000000007 103
38 1.0113867295835584 0.549145276715004 0.18199359998106956
0.36095311950530107 10
0.40473290166220965 40
0.4103523883598493 70
0.41696340557569334 100
0.9999999999999999 103
39 0.994364880918883 0.535754022678748 0.17883759998949245
0.3226242450578831 10
0.37403781481896853 40
0.3775568174695358 70
0.3814904878794375 100
1.0000000000000009 103
40 0.9782683115758722 0.5090482588768807 0.18059020000509918
0.3662445707302483 10
0.4102462545717723 40
0.41499338363863636 70
0.42048185850447506 100
0.9999999999999998 103
41 0.9630738632106509 0.4976326897995443 0.17187869996996596
0.2923849982735243 10
0.3440191704574265 40
0.3471024988801106 70
0.3510683758026488 100
0.9999999999999998 103
42 0.9488345006476578 0.47257551092999267 0.17885810002917424
0.3773525352702417 10
0.4226690840060964 40
0.4268243004823117 70
0.4308103882543992 100
0.9999999999999996 103
43 0.9354108788310707 0.4634421661250465 0.17359580000629649
0.25712251667012853 10
0.3135619873559001 40
0.3170672547086267 70
0.32093704667656187 100
0.9999999999999997 103
44 0.9229381589719389 0.4399080323818531 0.17576489999191836
0.3938354314343874 10
0.43934547269680746 40
0.44327621249668037 70
0.44616949433210895 100
0.9999999999999998 103
45 0.9111807298242682 0.43289625259412107 0.18143789999885485
0.24511259426721535 10
0.3048428881706781 40
0.30903259436200037 70
0.3125392037399457 100
0.9999999999999997 103
46 0.900311010783786 0.4111286167645836 0.17014529998414218
0.4214893623245598 10
0.4618045513457961 40
0.4655282596512128 70
0.46790483108981407 100
0.9999999999999997 103
47 0.8900214147568437 0.4055919199528603 0.1800241000019014
0.24784684290072082 10
0.30363308983294246 40
0.30767881024362226 70
0.31064421197043585 100
0.9999999999999998 103
48 0.880518797144215 0.38597460283696283 0.16818539996165782
0.43851737853563855 10
0.46922841747475286 40
0.47243308106084575 70
0.4744061085144905 100
0.9999999999999993 103
49 0.8714493771167845 0.38110047160467186 0.17094760003965348
0.2444921696040059 10
0.2902898888303156 40
0.2936240794482157 70
0.29616634541071507 100
1.0 103
50 0.8630564166850514 0.3638348517595338 0.1738049000268802
0.42495578737832645 10
0.44692101560346903 40
0.44953646088892824 70
0.4510885104390602 100
0.9999999999999994 103
51 0.8549701365520356 0.3590028488125749 0.1684396000346169
0.23688605799411158 10
0.2729827590851128 40
0.2759439517425955 70
0.27837786989163754 100
0.9999999999999999 103
52 0.8474556222705374 0.34400338880189657 0.1687738000182435
0.39147210033960195 10
0.40841241112820026 40
0.41065703400232756 70
0.4119108096182896 100
1.0000000000000007 103
53 0.8401596960849365 0.338926076694782 0.1774594999733381
0.23581396419916933 10
0.26572566646611745 40
0.2687318572156958 70
0.2712244881731964 100
0.9999999999999996 103
54 0.833343903021884 0.3259188200532045 0.17403669998748228
0.358983481573587 10
0.37421485369263835 40
0.3763101876924302 70
0.3774523652204549 100
0.9999999999999997 103
55 0.826693081454612 0.3205733313291402 0.1853459000121802
0.24286695692243118 10
0.26946626146634645 40
0.2725891386230212 70
0.2751005787553873 100
1.0000000000000002 103
56 0.8204471537443268 0.30921768925084075 0.17835589998867363
0.33785031404337473 10
0.35303950944725443 40
0.35509205756763185 70
0.3562588812542133 100
1.0000000000000002 103
57 0.8143342509641214 0.30371927530167225 0.17748569999821484
0.25361512428134253 10
0.2783049359505054 40
0.2814555757791712 70
0.2839005899782768 100
1.0000000000000002 103
58 0.8085674936071061 0.2936821925955049 0.17988329997751862
0.3268358435539904 10
0.3424060343236798 40
0.34446014905871725 70
0.3457118052718535 100
0.9999999999999994 103
59 0.80291363159758 0.2881907470042962 0.18338470003800467
0.263027106180331 10
0.28627743649266413 40
0.28938638206727535 70
0.2917287069101677 100
1.0000000000000002 103
60 0.7975608461863272 0.2791791304144545 0.18300469999667257
0.3207452862098872 10
0.33655254766047327 40
0.3386464347546932 70
0.33999304177005285 100
1.0000000000000004 103
61 0.7923075752856629 0.2738509722180381 0.1779448000015691
0.2673523347969764 10
0.28919105500728626 40
0.292249374605724 70
0.29450468164519367 100
1.0000000000000002 103
62 0.7873201272820189 0.26561926630231486 0.17516639997484162
63 0.1667599460342899
-------------------------------------------------END------------------------------------------------------
------------------------------------Krylov only---------------------------------------------------
368.887429675362 370.94063788037886
0.9999999999999998 11
0 341.17745757051847 344.0147953778271 0.05677389999618754
1.0000000000000004 11
1 299.32632156203294 306.7181293674503 0.05647609999869019
1.0000000000000002 11
2 208.25298413247174 222.79573361738673 0.04869429999962449
0.9999999999999987 11
3 148.300335194783 154.9353104291157 0.05624350003199652
1.0000000000000004 11
4 86.66619937629795 94.49322711888873 0.06940290000056848
1.0000000000000007 11
5 39.76154224350226 41.67358837872451 0.049231500015594065
0.9999999999999997 11
6 10.683325551731306 11.021200810087313 0.04849780001677573
1.0000000000000002 11
7 6.4468092202101674 6.426755846091093 0.05091500002890825
0.9999999999999999 11
8 5.033149671704575 4.83119702479069 0.05209800001466647
1.0 11
9 4.375446728832321 4.097472275094662 0.05368269997416064
1.0000000000000002 11
10 3.9367945054393365 3.588170544448771 0.05605070001911372
0.9999999999999999 11
11 3.6391386904074716 3.236924568920049 0.056708899966906756
1.0000000000000009 11
12 3.3931467577369827 2.9824087606557197 0.05333830002928153
0.9999999999999993 11
13 3.1841886246322124 2.7333675318209463 0.06793289998313412
0.9999999999999991 11
14 2.9859450152452336 2.5531645850260842 0.05606139998417348
0.9999999999999996 11
15 2.8136072677212147 2.345504773879811 0.05446349998237565
0.9999999999999999 11
16 2.660586798806668 2.211228171530911 0.06619949999731034
1.0000000000000004 11
17 2.5039092199219453 2.029198398816645 0.0542276999913156
1.0000000000000004 11
18 2.354294413738497 1.908918504238567 0.05817199999000877
1.0000000000000007 11
19 2.209801630831255 1.7313981828059253 0.04913930001202971
1.0 11
20 2.0617646264438996 1.6175298004125798 0.050341100024525076
0.9999999999999992 11
21 1.9650759203930137 1.5133256197698488 0.05700450000585988
1.0000000000000004 11
22 1.8618661843457034 1.4148064409888907 0.05477089999476448
0.9999999999999993 11
23 1.7698011975869017 1.2924131294540606 0.05191690003266558
0.9999999999999998 11
24 1.6788270541974568 1.2105922894964753 0.05045909999171272
1.0 11
25 1.6133842752223535 1.1510097436730742 0.05171979998704046
1.0000000000000004 11
26 1.5474255376440607 1.0667399502872477 0.05205019999993965
0.9999999999999997 11
27 1.4989338028355277 1.0193126181698013 0.05596269998932257
1.0000000000000009 11
28 1.454108917232991 0.9559829566621736 0.05284130002837628
0.9999999999999991 11
29 1.4168654729261652 0.9188964904177798 0.05060279997996986
1.0000000000000004 11
30 1.3829004959334292 0.8764242795390426 0.054712200013455003
1.0000000000000024 11
31 1.3552627842331297 0.8442784313275867 0.05519119999371469
0.9999999999999999 11
32 1.3280307261387083 0.8110402986867215 0.056020200019702315
1.0000000000000004 11
33 1.299815434108529 0.784528088111681 0.05195270001422614
0.9999999999999999 11
34 1.2736890155539056 0.7503353472470066 0.05668869998771697
0.9999999999999994 11
35 1.2530168206763985 0.7357356033128908 0.0532492000493221
0.9999999999999987 11
36 1.2331824032264027 0.7037829452354626 0.05468619999010116
0.9999999999999996 11
37 1.216623660627201 0.6929599460669741 0.04903539997758344
1.0000000000000007 11
38 1.2010436068543606 0.6669268803672994 0.05313519999617711
1.0000000000000004 11
39 1.1868397520971763 0.6587917841761858 0.057164199999533594
1.0000000000000002 11
40 1.1732245642857952 0.6361018271407852 0.054975699982605875
1.0000000000000004 11
41 1.160184019146619 0.6291787786738485 0.05288339999970049
0.9999999999999998 11
42 1.1475799068827834 0.6077688556926425 0.05146339995553717
1.0000000000000007 11
43 1.1357313114979335 0.60203934425979 0.054670399986207485
1.0000000000000004 11
44 1.1244317416462002 0.5836728202071781 0.05611760000465438
0.9999999999999997 11
45 1.1136383094011908 0.5780572167204872 0.053828900039661676
0.9999999999999996 11
46 1.1034868239739846 0.5637637268585143 0.0562896000337787
1.0000000000000009 11
47 1.0942977669625065 0.555788832288247 0.05658890004269779
1.0 11
48 1.0852368897188533 0.5442234861452946 0.05632129998411983
1.0000000000000004 11
49 1.0768449753115725 0.5355337621985886 0.054267300001811236
0.9999999999999994 11
50 1.0685384989879687 0.5264821385707251 0.05470570002216846
1.000000000000002 11
51 1.060776331789369 0.5166743641836181 0.055233199964277446
1.0000000000000002 11
52 1.0529800824302673 0.5089867439932775 0.057533000013791025
1.0000000000000007 11
53 1.0455647827205252 0.4994084255084517 0.05772069998783991
1.0 11
54 1.0381393211652314 0.4922022899574038 0.05154939997009933
0.9999999999999999 11
55 1.0304634000373867 0.4835379849645186 0.056270399945788085
1.0000000000000013 11
56 1.0229653130972012 0.4743929262597758 0.050821200013160706
1.0000000000000004 11
57 1.015959636210387 0.46789154427367924 0.055967100022826344
0.9999999999999981 11
58 1.0090698164078846 0.4581738480852293 0.05218520003836602
1.0000000000000009 11
59 1.0026501444171398 0.45397928016238914 0.055743100005201995
1.0000000000000007 11
60 0.9930361827268985 0.4360105518511328 0.054853999987244606
0.9999999999999993 11
61 0.9850474208065265 0.4307486132990232 0.05542280001100153
1.0000000000000009 11
62 0.9792068343091036 0.4214819748610309 0.05367900000419468
1.0000000000000004 11
63 0.9730702282401701 0.41691807633138905 0.05744459998095408
1.0000000000000002 11
64 0.9680210637570841 0.41153301552085236 0.05548179999459535
0.9999999999999996 11
65 0.9631273045363199 0.40561858143618124 0.05571089999284595
66 0.0547203484862676
-------------------------------------------------END------------------------------------------------------
32
------------------------------------Randomized only---------------------------------------------------
380.38779777511803 387.8750147741357
0.9947014900293404 10
0 352.97990441480067 360.55801403280304 0.026809000002685934
0.9965515490963759 10
1 313.79344121051327 321.5114793831289 0.02882780000800267
0.9974467158639008 10
2 271.0156767823593 280.7527749141399 0.024808799964375794
0.9925831744465323 10
3 237.45620301640966 250.97213170020123 0.03297920001205057
0.983953853794177 10
0.9990712552837936 40
4 163.3077250557918 177.3156049901897 0.053499999979976565
0.88675184952978 10
0.9745931955852009 40
0.9894531477616145 70
0.9968323196027918 100
5 103.50421824554732 109.31937001397102 0.1617108000209555
0.8997035549351436 10
0.98701282814657 40
0.995192849251589 70
6 46.481670626515765 49.15514726407395 0.11412849999032915
0.7181582154456584 10
0.924876745378649 40
0.9699826804832055 70
0.9840909087400407 100
1.0000000000000002 103
7 21.26535700367018 22.563589230413815 0.17628549999790266
0.8172671671503725 10
0.9506043412479365 40
0.9783347780532694 70
0.9895868854986082 100
0.9999999999999996 103
8 11.896207465107283 12.593450273712312 0.1866046999930404
0.6587678143350046 10
0.8569095219594265 40
0.9036432367065876 70
0.9442505975096865 100
0.9999999999999998 103
9 8.306240714482842 8.821826718739585 0.1796432000119239
0.8054429115815502 10
0.9545358050503406 40
0.9727280390101748 70
0.9834227263729465 100
0.9999999999999999 103
10 5.773073338154053 5.651535648621853 0.18772069999249652
0.7545233394505556 10
0.9059975348502572 40
0.9346894745045862 70
0.9498953214370227 100
1.0000000000000002 103
11 4.597773776254174 4.359609674532117 0.17021890002069995
0.9204112733015626 10
0.9659104409148574 40
0.9764675382268807 70
0.9830209135052046 100
1.0000000000000004 103
12 3.8238430913784125 3.5443573737686176 0.18195729999570176
0.8268845577144552 10
0.9358479659645044 40
0.9452766916359379 70
0.9535862746348585 100
1.0 103
13 3.2534828248311367 2.8194404186763546 0.18360970000503585
0.746517126032544 10
0.8270596778529719 40
0.8720758897212876 70
0.8962471505405492 100
0.9999999999999996 103
14 2.8466042955932958 2.3503421605466372 0.3206688999780454
0.8366831630307329 10
0.9300243104025028 40
0.9410071880576184 70
0.9483168965574637 100
0.9999999999999996 103
15 2.5226479051863353 2.0103010866272064 0.1792173000285402
0.4261599365910834 10
0.5949337921483987 40
0.6240921045552165 70
0.6523026764336445 100
0.9999999999999998 103
16 2.2807284532184458 1.7017670419500097 0.16807459999108687
0.952228200743054 10
0.9800835767386604 40
0.9829559752734731 70
0.9849461724860574 100
0.9999999999999994 103
17 2.0764824469318546 1.5168147019676959 0.17277770000509918
0.6201747536633603 10
0.7353459689259588 40
0.7523314811666763 70
0.7649774834806231 100
1.0000000000000007 103
18 1.9126590417872336 1.3088769285205706 0.17644529999233782
0.8796825956660081 10
0.9492427169214287 40
0.9552796051766731 70
0.9586772218256336 100
1.000000000000001 103
19 1.7682636593643162 1.1855153160725518 0.17487460002303123
0.7263659307644188 10
0.8316109757704786 40
0.8458075161828921 70
0.8527538469745468 100
1.0 103
20 1.6323264354717875 1.0358275191084365 0.1814198000356555
0.8359057546056462 10
0.951039494368263 40
0.9592035090822306 70
0.9631273465174569 100
1.0000000000000007 103
21 1.5118546650216933 0.9414666880115232 0.1735610999749042
0.6585870196389102 10
0.8296407830707644 40
0.8444457847803689 70
0.851049183597126 100
1.0000000000000004 103
22 1.4218019001556663 0.8483542622462571 0.17234049999387935
0.7988798408159146 10
0.9471612724845155 40
0.9567469922454536 70
0.9596995165658192 100
1.0 103
23 1.3414287928951283 0.783065916894461 0.17027689999667928
0.5528237013308204 10
0.8163555122935181 40
0.8256329883182381 70
0.8309192828942428 100
1.0 103
24 1.2777038939092025 0.7177216614512298 0.18271560000721365
0.7233128001298454 10
0.8955110092929205 40
0.9059215496519197 70
0.9082353400891247 100
1.0000000000000002 103
25 1.220489567553426 0.6739427224660546 0.17507860000478104
0.5358731113642609 10
0.7457404834826842 40
0.7556941712959545 70
0.7630140784359577 100
0.9999999999999992 103
26 1.1724478398466394 0.6163704520630072 0.19416640000417829
0.7812501846288304 10
0.8735892555990861 40
0.8832669213905789 70
0.8854593538607343 100
1.0 103
27 1.1292967735664967 0.5839317524419564 0.2073753000004217
0.4839013005329537 10
0.6233253340868992 40
0.6377943734267342 70
0.6455916906565183 100
0.9999999999999998 103
28 1.0933041772007328 0.5383911219068439 0.19187640002928674
0.7093119154752133 10
0.7692133329966943 40
0.7789102764247818 70
0.7829576069353865 100
0.9999999999999998 103
29 1.061174805934583 0.5115231827381386 0.3404406000045128
0.37487539037278556 10
0.5029307273936807 40
0.518399143084647 70
0.5262754727438883 100
0.9999999999999998 103
30 1.033095720757407 0.4791646596834108 0.184715099981986
0.558739985883739 10
0.6099435467980787 40
0.6207644224980243 70
0.6290657582872669 100
0.9999999999999998 103
31 1.007726605454026 0.45632235690645007 0.17738330003339797
0.49937875331700343 10
0.58861449542076 40
0.6020487410149241 70
0.6076309654335519 100
1.0000000000000004 103
32 0.9852201163266702 0.4318610711649307 0.18263799999840558
0.4795858877273808 10
0.5337116096451939 40
0.5473326121744171 70
0.5563459814911349 100
1.0000000000000002 103
33 0.9648778216332646 0.41298898676304113 0.19137429998954758
0.6938574796956783 10
0.7363058512184063 40
0.7441899662399674 70
0.7472045602892481 100
1.0 103
34 0.9465831805212432 0.3937922233169577 0.1855010000290349
0.6486049041840548 10
0.6846370252721856 40
0.694515824708562 70
0.6993750816461395 100
1.0000000000000004 103
35 0.9297887232539339 0.37826877967200007 0.18542019999586046
0.7911003842745796 10
0.8146020890754071 40
0.8189550205871178 70
0.8208922282643846 100
1.0 103
36 0.9145188746599164 0.3622891370762023 0.1858174999943003
0.7329039667691144 10
0.7578915340555479 40
0.765249505896991 70
0.7682694912058857 100
1.0 103
37 0.900251035751406 0.34957810784893517 0.17676709999796003
0.8025561527094695 10
0.8223772100930762 40
0.8253975167139133 70
0.8269618408023587 100
0.9999999999999999 103
38 0.8872079667522287 0.33521066113777487 0.19790299999294803
0.7501563836697025 10
0.7724378671151866 40
0.7788321884716874 70
0.7811726522018326 100
0.9999999999999999 103
39 0.8748328067989063 0.3248511744350219 0.1971491000149399
0.7637866490284952 10
0.7868841482092647 40
0.7895507313699294 70
0.7910373067818814 100
0.9999999999999996 103
40 0.8634448408521983 0.3113589589925832 0.1839441999909468
0.7329820779332676 10
0.7596750337283609 40
0.7658061070578591 70
0.767906946754762 100
1.0 103
41 0.8524937130896407 0.3026278295918986 0.17176409997045994
0.6694056180821382 10
0.7040349133887397 40
0.7069620905340562 70
0.7086741497265557 100
1.0000000000000007 103
42 0.8423321685876556 0.2898324187703587 0.1874692999990657
0.6895138214590745 10
0.7280100356480576 40
0.7342827110386532 70
0.736384528505733 100
0.9999999999999998 103
43 0.8324474842378375 0.28202281766759996 0.1794151000212878
0.5018941280016551 10
0.5608802541009121 40
0.5645575991715159 70
0.5668857218331823 100
1.0000000000000002 103
44 0.8232181202984655 0.26990225498327175 0.1767717999755405
0.6271211624436249 10
0.6831037080975509 40
0.6896558270945038 70
0.69193346818969 100
1.0000000000000002 103
45 0.8141676616302198 0.2625985286546569 0.17707330000121146
0.2884580913190931 10
0.3801685224475082 40
0.3847463643397641 70
0.3880235324830238 100
1.0000000000000002 103
46 0.8056923461867636 0.2511027385729925 0.19199320004554465
0.5628437838744506 10
0.6354798711154063 40
0.6420450859377471 70
0.644589018384066 100
1.0 103
47 0.7973573212826912 0.24419970852931072 0.1754369999980554
0.15533022177608868 10
0.2624157687696613 40
0.26727116703414955 70
0.27133551214206464 100
1.0000000000000004 103
48 0.7895513836171006 0.23324497188701 0.18483509996440262
0.5243846471731771 10
0.6032623190722741 40
0.609249526176033 70
0.6119726987094739 100
0.999999999999999 103
49 0.7818933003184902 0.22684608571812107 0.1778640000266023
0.13557599219908278 10
0.23093162285750943 40
0.23549586252895577 70
0.23986427750536943 100
1.0 103
50 0.774734213355598 0.21637663745810273 0.18474280001828447
0.5382419962330147 10
0.6077361234853396 40
0.612578632667817 70
0.615203820669472 100
1.0000000000000002 103
51 0.767753592976224 0.2106455199202075 0.1788992999936454
0.1360370741552508 10
0.21000153573166097 40
0.21434237113102209 70
0.21873709708739836 100
1.0000000000000009 103
52 0.7612424703732104 0.200681691182241 0.18149550002999604
0.6073234204730037 10
0.6569999238048994 40
0.660476347184223 70
0.6626893048481592 100
1.0000000000000009 103
53 0.7549427387688155 0.19571932961096172 0.1686119000078179
0.12361797349914955 10
0.17799566123775654 40
0.1822231771056823 70
0.18641394492317356 100
1.0000000000000002 103
54 0.7490772988464244 0.18635675986021535 0.1792354000499472
0.6956461414805462 10
0.7263853376391188 40
0.7287037571044014 70
0.7303819710883613 100
0.9999999999999994 103
55 0.7434495444686736 0.18216861564132386 0.1810583000187762
0.13566573914238356 10
0.1751414235502338 40
0.1790182715895567 70
0.1826104265770252 100
1.0000000000000002 103
56 0.73821832155043 0.17353643991710863 0.17987200000789016
0.7619353545816226 10
0.7805779089706463 40
0.7821425865879601 70
0.7833775989637359 100
0.9999999999999997 103
57 0.7332419806269985 0.17007107746495875 0.18201190000399947
58 0.1723668362106325
-------------------------------------------------END------------------------------------------------------
------------------------------------Krylov only---------------------------------------------------
380.38779777511803 387.8750147741357
0.9999999999999994 11
0 351.9619089987725 359.4397645379121 0.05612889997428283
0.9999999999999999 11
1 306.78845880505133 315.696595880899 0.05670079996343702
1.0000000000000004 11
2 213.3027839009939 226.19867042885483 0.05078009999124333
1.0000000000000009 11
3 184.84931032021038 196.74998597942763 0.07376480003586039
1.0000000000000007 11
4 128.01342951396228 138.04858538285754 0.069592299987562
0.9999999999999999 11
5 46.44996366353166 46.127510786865074 0.054068800003733486
1.0000000000000002 11
6 23.672718833438054 26.055724805350966 0.05437460000393912
1.0000000000000013 11
7 12.82155824477459 13.899746594313259 0.05272379994858056
1.0000000000000002 11
8 7.990844851605158 8.311799792924743 0.05484299996169284
1.0000000000000004 11
9 6.361823868658887 6.312943305599165 0.05757220002124086
1.0000000000000007 11
10 5.3573153061609755 5.299131375888057 0.054721000022254884
0.9999999999999991 11
11 4.754665270468694 4.497226281611429 0.05646960000740364
1.0000000000000009 11
12 4.330026278147764 4.1360041526614415 0.055123900005128235
1.0000000000000009 11
13 3.977313548362979 3.639255556269732 0.054723899986129254
1.0000000000000013 11
14 3.6880201688687273 3.3884773311684246 0.05951749999076128
0.9999999999999992 11
15 3.4126247936051266 3.030111332203587 0.06759089999832213
1.0000000000000007 11
16 3.1803814069339538 2.797653615374782 0.05915720004122704
0.9999999999999999 11
17 2.937108755766664 2.495861383145207 0.05341910000424832
1.0000000000000016 11
18 2.7188591499504766 2.251886237802304 0.055971399997361004
1.0 11
19 2.4823856862591094 1.9796227451002733 0.06239940004888922
0.9999999999999997 11
20 2.281637188366012 1.7982344343600793 0.056080800015479326
1.0000000000000009 11
21 2.0941245740492525 1.553722246927567 0.05585750000318512
1.0000000000000002 11
22 1.954991836451852 1.4469077417854597 0.057588000025134534
0.9999999999999996 11
23 1.8255035610871877 1.2792325100827657 0.05226359999505803
0.9999999999999996 11
24 1.7267026366366287 1.2085228773762513 0.05017649999354035
0.9999999999999997 11
25 1.6359177967727918 1.0881134055010062 0.056326799967791885
1.000000000000002 11
26 1.567025310840952 1.0382733988762953 0.05324770003790036
1.0 11
27 1.5049197802162981 0.9514947882966187 0.05798799998592585
1.0000000000000009 11
28 1.455957721921039 0.9180432319348896 0.04752230003941804
1.0000000000000016 11
29 1.4121210585864001 0.8523929671574576 0.05690900003537536
1.0000000000000002 11
30 1.374920168455016 0.8301634420811285 0.0539164999499917
0.9999999999999998 11
31 1.3416175420368193 0.7766579380872688 0.055200900009367615
1.0 11
32 1.3126127959389253 0.7629567008145132 0.0560715000028722
1.000000000000001 11
33 1.2862533546859287 0.717107928472481 0.05084699997678399
1.0000000000000007 11
34 1.2623428875791334 0.7082813909749941 0.057037899969145656
0.9999999999999998 11
35 1.240430463179488 0.6673892289866667 0.05603279999922961
0.9999999999999991 11
36 1.2202226951967943 0.6623184558351844 0.05266390001634136
1.000000000000001 11
37 1.2015671229701468 0.6255970666885462 0.054297299997415394
0.9999999999999999 11
38 1.1841018715068943 0.6230266546500156 0.05540489999111742
1.000000000000001 11
39 1.1678379550757119 0.5893353849337195 0.054046600009314716
1.0000000000000002 11
40 1.1524441796350962 0.588744584133367 0.04976860003080219
0.9999999999999997 11
41 1.1380039009631338 0.5574055032497699 0.04801749996840954
0.9999999999999991 11
42 1.124064666129023 0.5581375804255304 0.0556434000027366
1.0000000000000002 11
43 1.1109137978567225 0.5285444858605527 0.056734299985691905
0.9999999999999996 11
44 1.0983966983608835 0.5302890748798168 0.0580193999921903
0.9999999999999991 11
45 1.0865228483754517 0.5027056802857038 0.056332800013478845
1.0000000000000004 11
46 1.0751276437975705 0.5052261672992656 0.0522546999854967
0.9999999999999977 11
47 1.0642635977980528 0.47924415818221483 0.05414820002624765
0.9999999999999993 11
48 1.053755306821927 0.4822107605725241 0.04646589996991679
1.000000000000001 11
49 1.0437002222681215 0.4576747061511486 0.05500629998277873
1.0000000000000009 11
50 1.033937113631049 0.46091422532773496 0.04935779998777434
1.0000000000000002 11
51 1.0245716220890226 0.43770416995394396 0.05673389998264611
0.9999999999999986 11
52 1.015452407936058 0.4410871448285116 0.052360399975441396
1.0000000000000004 11
53 1.0066914606695758 0.419128840241242 0.05455539998365566
1.0000000000000013 11
54 0.9981437567240867 0.42257931814207655 0.04880560003221035
0.9999999999999996 11
55 0.9899271950149279 0.4018181820750328 0.04760950000490993
1.0 11
56 0.9819013324574974 0.40529277623598126 0.05336290004197508
0.9999999999999991 11
57 0.9741879554816049 0.3856972738125669 0.04955510003492236
0.9999999999999998 11
58 0.9666512413845487 0.3891767976740257 0.051176999986637384
1.0000000000000016 11
59 0.9594129359245024 0.37074080435056456 0.05438629997661337
0.9999999999999998 11
60 0.9523423171161707 0.3742101668989936 0.04869850003160536
0.9999999999999999 11
61 0.9455493611945367 0.3569441073903129 0.0555694000213407
1.0000000000000002 11
62 0.9389166208354741 0.36035805295594947 0.052923599956557155
1.0000000000000004 11
63 0.9325621544180678 0.34415071703263345 0.050066899973899126
0.9999999999999993 11
64 0.9263589500672434 0.34761976656760185 0.05046300002140924
0.9999999999999997 11
65 0.9204095361244213 0.3324896617415424 0.05432469997322187
1.0000000000000009 11
66 0.914600091930314 0.33591008051556465 0.05187419999856502
1.0000000000000007 11
67 0.9090230064528496 0.3217646633229623 0.05121270002564415
1.0000000000000004 11
68 0.9035744484813569 0.32513439861285826 0.051170899998396635
0.9999999999999991 11
69 0.8983374422353252 0.3118721968876441 0.052596099965739995
1.0000000000000002 11
70 0.8932186094542139 0.3151934255442122 0.05243979999795556
1.0000000000000004 11
71 0.8882917205951486 0.3027041426717368 0.05414789996575564
72 0.054512574998726554
-------------------------------------------------END------------------------------------------------------
33
------------------------------------Randomized only---------------------------------------------------
410.62252166461906 408.59324831869776
0.9923433155420017 10
0 378.0675122149746 378.14557419469475 0.03488569997716695
0.993334281936509 10
1 331.03471536742876 334.21781682615284 0.030975300003774464
0.9896441390804327 10
0.9997248046516434 40
2 275.02156615175545 282.93888040503816 0.06387939996784553
0.9820065118654331 10
0.9979216156657486 40
3 227.63851616261118 239.71642556340544 0.058424800052307546
0.9263252868672469 10
0.9950213624527541 40
4 138.35056908779157 147.53387612986572 0.06087340001249686
0.9567061118056214 10
0.9942574059341899 40
5 74.48842326547049 78.26139801910577 0.06340350001119077
0.6244030045436944 10
0.899615717606102 40
0.9637068069334572 70
0.9845025176943047 100
1.0 103
6 43.65400437132589 46.26375086468528 0.17527750000590459
0.877758996675104 10
0.9707380116650746 40
0.9863897280618624 70
0.994258062754056 100
7 24.251168483973657 24.185837581944202 0.15173919999506325
0.9375512550165672 10
0.9843910266490091 40
0.9909893255239817 70
8 18.48008513285439 18.3483971415606 0.1021766999620013
0.5620022067668636 10
0.700139114319226 40
0.750375228617152 70
0.8506847270690113 100
0.9999999999999998 103
9 13.691920522674527 13.12467930174729 0.18087500002002344
0.8962602228861699 10
0.960426540614812 40
0.9720709623548057 70
0.9818898613474323 100
0.9999999999999999 103
10 10.49310287901135 10.035305640065584 0.16607059998204932
0.9588393140524093 10
0.9965080308973105 40
11 7.449716575657994 6.92418256746675 0.06588650000048801
0.4661710020062056 10
0.557410182246497 40
0.7496135491166847 70
0.8243116568100313 100
1.0 103
12 5.561233202417805 5.360144380877229 0.16898069996386766
0.903464873344158 10
0.9965391153603397 40
13 5.0451603438792505 4.655302679399162 0.05579010001383722
0.03744180986354209 10
0.05409741925612101 40
0.2887101031084365 70
0.44202881063482696 100
0.9999999999999998 103
14 4.112950867626728 3.708725804977139 0.16333510004915297
0.9203462707428883 10
0.9872743030897373 40
0.9917341754948025 70
15 3.9484530780703353 3.6034680908550345 0.1095626000314951
0.44442230259627147 10
0.4794971794825065 40
0.49653222447603473 70
0.5608042720995647 100
0.9999999999999998 103
16 3.4712339747431638 3.141525884560112 0.16497919999528676
0.9342304180797625 10
0.9837886588673551 40
0.9860936026788162 70
0.9887153881145149 100
0.9999999999999992 103
17 3.1193914901629314 2.7268256502265866 0.1728675000485964
0.8604543679563791 10
0.9234990605349888 40
0.9335470217152234 70
0.9385744216578857 100
1.0000000000000004 103
18 2.8512820703932573 2.4758081945006554 0.1611852000351064
0.9233424387392554 10
0.970911518886111 40
0.9746639691655793 70
0.9775406412680918 100
1.0000000000000002 103
19 2.6341333160197604 2.2020925824923916 0.17197710002074018
0.9519805006940083 10
0.9756262201125413 40
0.979329315490333 70
0.9804679264973317 100
0.9999999999999998 103
20 2.448702740971573 2.045926069119327 0.16218869999283925
0.771130484452915 10
0.897370134341514 40
0.9088851291788818 70
0.9157461647238022 100
1.0000000000000009 103
21 2.3001741433856235 1.8512230939495902 0.16991019999841228
0.8480721028322019 10
0.9199087675741955 40
0.9250000803278768 70
0.9288364940319861 100
1.0000000000000007 103
22 2.174348259200687 1.7155294768269718 0.1596688000136055
0.783166635718692 10
0.8349634862031828 40
0.8432899047283697 70
0.8507330607823661 100
0.9999999999999994 103
23 2.068338200825081 1.5916541294700337 0.17608569998992607
0.7225874766947518 10
0.8349104432002513 40
0.8405189845238632 70
0.8463978284067277 100
1.0000000000000002 103
24 1.9695054531190264 1.4826008792881302 0.16411120002157986
0.7422854806154112 10
0.7811661395146472 40
0.7919507347259278 70
0.8009761306053204 100
1.0000000000000002 103
25 1.8808492577830038 1.3763254656613193 0.16710030002286658
0.7587442093425945 10
0.8284349234809328 40
0.8339350140939141 70
0.838910357681821 100
0.9999999999999996 103
26 1.7950604372831669 1.2896744384030507 0.1699442000244744
0.6485312664992304 10
0.6933183696561397 40
0.7111715812980672 70
0.7232186377319955 100
0.9999999999999999 103
27 1.7163312892862308 1.1886906354108335 0.17349000001559034
0.7627739600706337 10
0.8095262878562088 40
0.8151002076566373 70
0.8195747732231342 100
0.9999999999999996 103
28 1.6407716434557587 1.1185194439427308 0.1672711999854073
0.6886675758661164 10
0.7311600155532738 40
0.7471642415662694 70
0.7571002761130616 100
1.0 103
29 1.572541359160692 1.0304951092990406 0.17750089999753982
0.7152671349878204 10
0.7451701268695606 40
0.7508674947618377 70
0.7562732844276124 100
1.0 103
30 1.5098005966376549 0.9750672971864492 0.19681389996549115
0.7927628112760836 10
0.8219270311998333 40
0.8316731603525996 70
0.8372918320441295 100
0.9999999999999996 103
31 1.4530879922521243 0.9047077762058707 0.17911950004054233
0.6155722163561296 10
0.634054946981038 40
0.6430337163319133 70
0.6515602740070486 100
1.0 103
32 1.401040613585926 0.8586432429426818 0.17905530001735315
0.8267685022541389 10
0.8504028073008147 40
0.8582115685379351 70
0.8615360032671644 100
0.9999999999999999 103
33 1.3511378766081013 0.7979610447884683 0.1644842000096105
0.5563220124605732 10
0.5817661274822425 40
0.5966202944637539 70
0.608597649501362 100
0.9999999999999997 103
34 1.3046591520954742 0.7586632541507559 0.17840079998131841
0.8244179315831787 10
0.8607846592059119 40
0.8668057679554729 70
0.8691460745250542 100
0.9999999999999997 103
35 1.2587065543629388 0.7019081543962952 0.17386380000971258
0.7662950594074784 10
0.7904564420182167 40
0.8003222677473861 70
0.8065522056314856 100
1.0000000000000004 103
36 1.2166979471324544 0.6684203579359641 0.17207810003310442
0.8470567695193203 10
0.8848965781020172 40
0.8879669124687414 70
0.8898608230886843 100
0.9999999999999997 103
37 1.1767203009198386 0.6201833630801905 0.16930949996458367
0.8915713652416167 10
0.9072049847198672 40
0.9118532227196324 70
0.9139486279960546 100
0.9999999999999996 103
38 1.1410749564481564 0.5899341081407476 0.15401070000370964
0.8085439328233426 10
0.8455831561311865 40
0.8479119650650748 70
0.8505932660512815 100
1.0000000000000004 103
39 1.1084906663141283 0.5536944782821474 0.19022569997468963
0.8918147130072488 10
0.9059511859666577 40
0.9097826895526949 70
0.9113976225327302 100
1.0000000000000007 103
40 1.0793140389205347 0.5261262193694313 0.19147379999049008
0.5453432242544171 10
0.5979338926676858 40
0.601537619152268 70
0.6079110393752649 100
0.9999999999999998 103
41 1.0536222537398328 0.5001844768929726 0.17055929999332875
0.8510273245282198 10
0.8700695790253661 40
0.8736902862852401 70
0.8753854386005836 100
0.9999999999999998 103
42 1.0308074935530545 0.47780753695893213 0.17573000001721084
0.6267943196985585 10
0.6614329935257284 40
0.664298839114804 70
0.6675871521920228 100
1.0 103
43 1.0115960596629028 0.4590269354335864 0.18503180000698194
0.5509215478275721 10
0.59616433621527 40
0.6013471920604125 70
0.6043129688619594 100
0.9999999999999996 103
44 0.9944678193983179 0.44283702618039705 0.172639700002037
0.8634967132088416 10
0.8772881753777395 40
0.878642219693018 70
0.8792734219587967 100
1.0000000000000002 103
45 0.9793770977379238 0.4279047933119859 0.18766100000357255
0.34138506038118405 10
0.37544897368258434 40
0.3802410104377916 70
0.3837893400276171 100
1.0000000000000002 103
46 0.9653131340161996 0.414713342744851 0.1755000000121072
0.8935004330964617 10
0.903981746093141 40
0.9051373255105771 70
0.9055599128160993 100
0.9999999999999999 103
47 0.9523273280719826 0.402357110863229 0.1715535999974236
0.6518156509719848 10
0.6639945521427559 40
0.6663292624232277 70
0.6682410236186929 100
1.0 103
48 0.9399358301420944 0.39022190231439546 0.18860589998075739
0.9053488107752844 10
0.9148098819997666 40
0.9158337923891777 70
0.9161859042104071 100
0.9999999999999994 103
49 0.9283227561761589 0.37975763675506347 0.17279119999147952
0.7712297128410105 10
0.7795871740481022 40
0.7811290283560445 70
0.7824100288622232 100
0.9999999999999999 103
50 0.9171427940838279 0.3682450275552954 0.1718690000125207
0.9156405259671467 10
0.9244336084203861 40
0.9252841896419551 70
0.9255612615133012 100
1.0000000000000002 103
51 0.9066086735481643 0.35921161913010624 0.16886840004008263
0.8169155745629865 10
0.8246751084742543 40
0.8259041563360335 70
0.8269029344290949 100
1.0 103
52 0.8964297486219984 0.3482465160435504 0.16032059997087345
0.922829500681847 10
0.9311327364836153 40
0.9318414338074665 70
0.9320590199857023 100
1.0000000000000002 103
53 0.8867999457807864 0.340336268255249 0.17186539998510852
0.8291903950150081 10
0.8371776602637302 40
0.8382835178523402 70
0.8391622849592734 100
0.9999999999999996 103
54 0.8774765000982113 0.3298641819071923 0.1756959999911487
0.9263906389957286 10
0.9343112764114812 40
0.9349202644346427 70
0.9351003527191128 100
1.0000000000000002 103
55 0.8686144541332109 0.32286812453065056 0.1691378999967128
0.8208265432801493 10
0.8294144192031876 40
0.8305056627877598 70
0.8313613047153601 100
1.0000000000000007 103
56 0.8600241608158503 0.31281983219788173 0.185359499999322
0.9272291647897164 10
0.9348043541631282 40
0.9353423620841571 70
0.935503473915788 100
0.9999999999999997 103
57 0.8518168326090614 0.30657034229535113 0.1921538999886252
0.7955409044876376 10
0.8050374409987961 40
0.8061953550573322 70
0.807094661744364 100
1.0000000000000009 103
58 0.8438559782783048 0.2968899186344785 0.1826493000262417
0.9263730783976979 10
0.9336088352759591 40
0.9340931465486659 70
0.9342500943389879 100
1.0000000000000004 103
59 0.8362129311241584 0.2912288181287054 0.17367529997136444
0.7528360405014366 10
0.7635909990649882 40
0.7648901823584443 70
0.7658851881780224 100
1.0000000000000004 103
60 0.8287983268155398 0.28189441817859656 0.17834369995398447
0.9245085723806794 10
0.9314276423765556 40
0.9318692759464294 70
0.9320342897915985 100
0.9999999999999998 103
61 0.8216521528463582 0.2766668495370442 0.1876283999881707
0.6908954324964424 10
0.7032794179740119 40
0.7047944309431893 70
0.7059255052455261 100
0.9999999999999999 103
62 0.814722662459556 0.26769764903073023 0.186773199995514
0.9219451759701995 10
0.9286185027037869 40
0.92902505146571 70
0.9292077900792015 100
1.000000000000001 103
63 0.8080298253650285 0.2627582814120824 0.1625913000316359
0.6101535312788499 10
0.6243996976917007 40
0.6261977945587417 70
0.6274858209775217 100
1.0000000000000002 103
64 0.8015477574689692 0.25421523758285275 0.17155540001112968
0.9185188969077178 10
0.925079420144927 40
0.9254567713474297 70
0.9256639181695122 100
1.0000000000000002 103
65 0.795290465615715 0.24943763802675267 0.1683911999571137
0.5179533142715412 10
0.5338814152401856 40
0.5359977911629827 70
0.5374294559153365 100
0.9999999999999999 103
66 0.789243370482039 0.2414211284235776 0.18386129999998957
0.9132510134814807 10
0.9199003178916498 40
0.9202566289531567 70
0.920492638136156 100
0.9999999999999999 103
67 0.7834304062860087 0.23670891432941665 0.16940100002102554
0.43085375924709407 10
0.44771256497292283 40
0.45011549109198096 70
0.4516360257733817 100
0.9999999999999997 103
68 0.7778303168059123 0.22934574782336095 0.17215759999817237
0.9037239186527898 10
0.9107477609280622 40
0.9111040662596976 70
0.9113744406983277 100
0.9999999999999994 103
69 0.7724884679175624 0.22464826677171185 0.18569730001036078
0.36736538395068513 10
0.3841863096727534 40
0.38676650602553053 70
0.3882988266874811 100
1.0000000000000004 103
70 0.7673600114773476 0.2180510429345867 0.1799590999726206
0.8854654947444467 10
0.893265253464335 40
0.8936734129889277 70
0.8939902470224207 100
0.9999999999999983 103
71 0.7625081425926036 0.21338255531710767 0.1687040000106208
72 0.15869420694636777
-------------------------------------------------END------------------------------------------------------
------------------------------------Krylov only---------------------------------------------------
410.62252166461906 408.59324831869776
1.0 11
0 375.6819246367843 375.4182610420592 0.05294490000233054
0.9999999999999996 11
1 322.49770233731306 325.894207604175 0.05492289998801425
1.0000000000000002 11
2 224.4680601584204 237.18514270096128 0.05132580001372844
1.0000000000000002 11
3 169.0652077006672 181.7770183451607 0.047932100016623735
1.000000000000002 11
4 75.92460478169744 78.63096301575543 0.05091960000572726
0.9999999999999996 11
5 34.07319974115528 35.71030934365913 0.053175400011241436
1.0000000000000009 11
6 12.939087905593299 13.569206203388015 0.04854629997862503
1.0000000000000004 11
7 6.566780136898605 6.520630999852598 0.05075990001205355
1.0000000000000002 11
8 4.608892235174002 4.466539313467085 0.04785619996255264
0.9999999999999994 11
9 3.798419456648275 3.6602099774471033 0.05469000001903623
1.0000000000000009 11
10 3.145985506947143 2.941516635268488 0.053039300022646785
0.9999999999999991 11
11 2.8221872765343115 2.5785179505401867 0.05190530000254512
1.0000000000000004 11
12 2.4758686118444415 2.15900148008451 0.048625399998854846
0.9999999999999984 11
13 2.258504306654518 1.8931468148154742 0.052298499969765544
0.9999999999999997 11
14 2.071213889148942 1.6854591350280284 0.058460600033868104
1.0000000000000002 11
15 1.9311111772914584 1.5334426483200359 0.05391730001429096
1.0000000000000009 11
16 1.8046975367356062 1.3571665219659672 0.05158090003533289
0.9999999999999996 11
17 1.698350091640498 1.2364614863253605 0.054380400048103184
0.9999999999999997 11
18 1.5981389391468521 1.1084031742459814 0.056415900005958974
1.0 11
19 1.5247108067038084 1.0375180167735347 0.048649199947249144
1.0000000000000007 11
20 1.4634071692697168 0.9382070496901175 0.0524841999867931
1.0000000000000002 11
21 1.4111851471037025 0.8926218576429519 0.05449619999853894
1.0 11
22 1.3631722018401873 0.8159320390793976 0.052450899966061115
1.0000000000000004 11
23 1.320171786084242 0.7795353539745199 0.052882100048009306
0.9999999999999983 11
24 1.2711182243546197 0.7037820389990959 0.050905700016301125
0.9999999999999996 11
25 1.2323046461640639 0.6754363477521192 0.04987420001998544
1.0 11
26 1.2014412770262424 0.6223514034424238 0.06411519995890558
1.000000000000001 11
27 1.1736137990799238 0.6019135781429765 0.06379080004990101
1.0000000000000002 11
28 1.1489696719760205 0.5608450536020675 0.06808210001327097
1.0000000000000002 11
29 1.126186776744875 0.5436113438483734 0.062364600016735494
0.9999999999999992 11
30 1.1041863139820443 0.5095197012185471 0.05487859999993816
1.0000000000000002 11
31 1.0837264361584862 0.49213560421667607 0.0513440000358969
1.0000000000000002 11
32 1.0658449974643083 0.4669563282454551 0.05343440000433475
0.9999999999999997 11
33 1.04923047449298 0.4505671332771336 0.05498680000891909
0.9999999999999988 11
34 1.0331953081060703 0.42924236170639324 0.04715630004648119
0.9999999999999996 11
35 1.018155079567836 0.41450705249427683 0.04941839998355135
0.9999999999999994 11
36 1.0041193464293534 0.3955122821054878 0.04909480002243072
0.9999999999999989 11
37 0.9907784412428822 0.3832406867589486 0.051977000024635345
0.9999999999999998 11
38 0.9781886083319863 0.3676309749989516 0.04797720001079142
0.9999999999999993 11
39 0.9666287128328414 0.3565430943885451 0.04772719996981323
1.000000000000001 11
40 0.9570768541950169 0.3437809462764482 0.046688799979165196
0.9999999999999996 11
41 0.9478084747959401 0.3365844268303193 0.05488440004410222
0.9999999999999996 11
42 0.9388853147433787 0.32525247493908055 0.05294560000766069
0.9999999999999992 11
43 0.9302690632188504 0.3182603830876948 0.0526961000286974
1.0 11
44 0.9215498940562403 0.30837603624070237 0.051839100022334605
0.9999999999999999 11
45 0.9130844548217175 0.3010001028766532 0.07129679998615757
0.9999999999999993 11
46 0.9041206884545061 0.2927452550153291 0.04939669999293983
0.9999999999999997 11
47 0.8955654381700114 0.2845226723199875 0.05510290001984686
1.0000000000000002 11
48 0.8885709172237272 0.2773072730423036 0.06820899999001995
0.9999999999999997 11
49 0.8815617417181838 0.2711629356597887 0.05498059996170923
0.9999999999999982 11
50 0.8754050846046252 0.2653985857603829 0.06307310005649924
1.0000000000000002 11
51 0.8691046059555836 0.26042680088277553 0.052335400017909706
1.0 11
52 0.8645847455483269 0.2547028372140505 0.050744200008921325
53 0.053697722648788804
-------------------------------------------------END------------------------------------------------------
34
------------------------------------Randomized only---------------------------------------------------
409.1215147550535 403.12609236170744
0.9880684108587247 10
0.9995652378575997 40
0 375.25231762114464 371.2635511459241 0.05865239998092875
0.9898949907342907 10
0.9996486802040044 40
1 326.98928972608064 326.6578525081189 0.056365300028119236
0.9924190652553797 10
2 276.9510833008233 283.2517882691619 0.02924260002328083
0.9902098446497192 10
3 238.08864806060726 250.3018157117207 0.034139900002628565
0.9532713154403266 10
0.9976529915612524 40
4 198.9911295363096 211.17833382855244 0.058864800026640296
0.934187627807943 10
0.9889686216327946 40
0.9972866249652441 70
5 81.31718393029288 86.83486789248283 0.11085050000110641
0.8200153563537744 10
0.9824839199162214 40
0.9937734487844276 70
6 31.263652058231003 33.54982340220904 0.10987520002527162
0.6032953795769546 10
0.882663444238518 40
0.9297006716663953 70
0.9695591564918524 100
0.9999999999999998 103
7 16.41212699247307 17.589407620679747 0.1671074999612756
0.4189749132629929 10
0.8266161911516313 40
0.9104380436910772 70
0.9587094804476228 100
0.9999999999999997 103
8 10.528762602912757 11.00377093149965 0.17229459999362007
0.7881260823359753 10
0.9641526018699068 40
0.9838878366143149 70
0.9910911541967241 100
9 8.51352345476861 9.029109746545945 0.1537374999606982
0.4868013455495074 10
0.6712640098826314 40
0.740094688541816 70
0.776957627984698 100
1.0000000000000002 103
10 6.014878648848639 6.213584663972198 0.17042169999331236
0.7894008730508557 10
0.931267453969824 40
0.9624471504319421 70
0.9714452267200147 100
1.0000000000000002 103
11 4.692024665359482 4.785043013459981 0.17373309994582087
0.9485474194360584 10
0.9918461790929157 40
12 4.490991875250354 4.577158753920968 0.05245340004330501
0.0916192536025258 10
0.1116254065820728 40
0.4094494090045083 70
0.5144386463221343 100
0.9999999999999999 103
13 3.676210373944005 3.457206310226726 0.18502640002407134
0.9408423497123265 10
0.9893672888635243 40
0.991192698281246 70
14 3.5356781187227027 3.3422476124987486 0.11453239998081699
0.31423523983413854 10
0.3406935985905037 40
0.35333622162122486 70
0.4582502152197118 100
0.9999999999999998 103
15 3.054042915834071 2.8182702894014833 0.16326419997494668
0.8113475555064019 10
0.9158848286413459 40
0.9333203808197665 70
0.9481501971298854 100
1.0 103
16 2.7376065595070553 2.4731907916699267 0.1679489000234753
0.8617240188112225 10
0.9150587299145198 40
0.9231970519433405 70
0.929635382613537 100
0.9999999999999998 103
17 2.54061817850289 2.2022352370093277 0.1744149000151083
0.8859249653182176 10
0.9259841424533968 40
0.9369095009274934 70
0.9437973843438817 100
0.9999999999999994 103
18 2.391095047700731 2.015581362187181 0.1724646000075154
0.9372100752020006 10
0.9631674431449097 40
0.9673840110809986 70
0.9700453581046058 100
0.9999999999999999 103
19 2.2633103763288664 1.8484140338461816 0.16034549998585135
0.9057651125762457 10
0.9394037581546774 40
0.9463395154524967 70
0.9508361552519723 100
1.0 103
20 2.158787530484248 1.7217824054969584 0.16964720003306866
0.9568691429205372 10
0.981317272684013 40
0.9834798249653144 70
0.9845616269852556 100
0.9999999999999998 103
21 2.0453332071945884 1.5689848772692099 0.1697017999831587
0.8766209333653603 10
0.9169052958030166 40
0.923501245095678 70
0.9283139416668513 100
1.0 103
22 1.9525886414174565 1.4801319978659717 0.17256050003925338
0.9648475345987065 10
0.9809169302474546 40
0.9821212699456346 70
0.9829358278363196 100
0.9999999999999998 103
23 1.8483323396152591 1.3497186106864856 0.1703603999922052
0.6478238664304984 10
0.7464780240541624 40
0.7734128431865183 70
0.7843730443891483 100
0.9999999999999999 103
24 1.7584199067267472 1.2702149475342717 0.17268820002209395
0.9745993379562811 10
0.984114945458842 40
0.9854981052672485 70
0.9860181365039073 100
0.9999999999999996 103
25 1.6539448382368385 1.1483259932093508 0.17009510000934824
0.8350626013380152 10
0.9258446510034034 40
0.9441179737042914 70
0.9467214463428795 100
1.0 103
26 1.5699128960869868 1.0674316635612686 0.16255289997207
0.9859136807831779 10
0.9935413295975871 40
27 1.5604221371320948 1.0656247005902169 0.06014610000420362
0.004183708205873042 10
0.0048963523516557025 40
0.13371380087901372 70
0.1780650497726606 100
0.9999999999999992 103
28 1.490530217105366 0.9924398759808014 0.1694128999952227
0.9578851462048942 10
0.9750536041126067 40
0.9794596508043067 70
0.9804153407383193 100
0.9999999999999996 103
29 1.4276535753498352 0.9171100269362424 0.17551209998782724
0.9817777618612741 10
0.9904858013216615 40
30 1.4233702405090343 0.9164365947889719 0.05921500001568347
31 0.13347185806619125
-------------------------------------------------END------------------------------------------------------
------------------------------------Krylov only---------------------------------------------------
409.1215147550535 403.12609236170744
0.9999999999999994 11
0 373.5803271770541 369.63141740516943 0.050151800038293004
0.9999999999999993 11
1 317.6943528627932 318.9581306638144 0.04550409998046234
1.0000000000000002 11
2 221.8326972791014 231.3652502315017 0.05331119999755174
1.0000000000000007 11
3 179.56977680500032 190.60301859678938 0.0701326999696903
0.9999999999999999 11
4 93.12057105548209 101.74712700046268 0.052409700001589954
1.0 11
5 27.717365847857575 30.491668004120672 0.04827840003417805
1.0000000000000002 11
6 10.805224213284632 11.823569308886514 0.0557484999881126
0.9999999999999994 11
7 6.834445995858076 6.805662103304763 0.046702099964022636
1.0000000000000002 11
8 5.333269915295046 5.211725489342773 0.05009579996112734
1.0 11
9 4.476559309939951 4.211478986394511 0.04949910001596436
0.999999999999999 11
10 3.9472626158983752 3.7807271523768033 0.04909839999163523
0.9999999999999997 11
11 3.480576611445661 3.1105819112848905 0.05436360003659502
1.0000000000000009 11
12 3.1683419802522343 2.945984167546036 0.049034700030460954
1.0000000000000002 11
13 2.876901041275541 2.423808770212217 0.05100750003475696
0.9999999999999996 11
14 2.633067552895047 2.323281100114745 0.05415089998859912
1.0000000000000004 11
15 2.4246073486327244 1.908719966523055 0.18355960003100336
1.0000000000000002 11
16 2.232582199274552 1.8320406070469926 0.05516059999354184
1.0000000000000002 11
17 2.0828170674720763 1.5314107357429996 0.062173400016035885
1.000000000000001 11
18 1.938325905503596 1.4616140140390095 0.06639729999005795
1.0000000000000002 11
19 1.8330917674239295 1.271214418548729 0.05232310004066676
0.9999999999999996 11
20 1.7249793654382044 1.1928091648678205 0.05377599998610094
0.9999999999999994 11
21 1.6356490522631852 1.05491014347081 0.052430099982302636
0.9999999999999999 11
22 1.5792950429793666 1.025066533806236 0.054132599965669215
0.9999999999999999 11
23 1.5307595671441676 0.9416972802171945 0.051763400027994066
1.0000000000000013 11
24 1.4904306842572395 0.9192361873864721 0.18982769997091964
0.9999999999999993 11
25 1.4547271454661876 0.8606436246489237 0.06367599999066442
1.0000000000000009 11
26 1.4241280130844864 0.8432919175704437 0.049489199998788536
0.9999999999999996 11
27 1.396499508303945 0.7996560013690489 0.051711800042539835
0.9999999999999998 11
28 1.3721279583346537 0.7865232486442764 0.0513123000273481
0.9999999999999994 11
29 1.3497596755536347 0.7517977015857125 0.0521922999760136
0.9999999999999994 11
30 1.329546266467747 0.7421954231162053 0.049883700034115463
1.0000000000000002 11
31 1.3107184710153308 0.713200556712432 0.048296599998138845
1.0 11
32 1.293378782327403 0.7062637164278677 0.047723299998324364
1.0000000000000007 11
33 1.2770650347898682 0.6811407986533438 0.0470985000138171
1.0 11
34 1.2618091390294344 0.675914125829702 0.05009109998354688
1.0000000000000013 11
35 1.2473108439131373 0.6533417004914251 0.05198980000568554
0.9999999999999994 11
36 1.2335694828107462 0.6493056857646295 0.05034379998687655
1.0000000000000007 11
37 1.2189310409656928 0.6261185204202482 0.05528169998433441
1.000000000000001 11
38 1.2049753235519394 0.6222805922011161 0.05618420004611835
0.9999999999999998 11
39 1.1930581147306405 0.6040831055540552 0.04958919994533062
0.9999999999999998 11
40 1.1814846452947096 0.6006095799205377 0.05026039999211207
0.9999999999999996 11
41 1.1688785280444507 0.5813356426198638 0.05389030004153028
1.0000000000000016 11
42 1.1568404754433375 0.5780893296823804 0.05296729999827221
0.9999999999999998 11
43 1.146634192478169 0.5634262188215616 0.05456119996961206
0.9999999999999989 11
44 1.1367734187672835 0.5595412255665954 0.051852600008714944
1.0000000000000004 11
45 1.1221133656154478 0.5453914069806545 0.047889199981000274
1.0000000000000009 11
46 1.109567440197012 0.5364361226343489 0.04854079999495298
0.9999999999999999 11
47 1.101369851726781 0.5257915672585344 0.04861759999766946
1.0000000000000004 11
48 1.0936441104413575 0.5223352919152763 0.05738880002172664
1.0000000000000007 11
49 1.0862164779661176 0.5125673017529748 0.056123799993656576
0.9999999999999997 11
50 1.079051194329148 0.5092157021957984 0.07154050003737211
1.0000000000000004 11
51 1.072042951934839 0.5002576814830562 0.050579900038428605
1.0000000000000009 11
52 1.0652211376943943 0.49677066436984785 0.04812829999718815
0.9999999999999996 11
53 1.0585106298812579 0.48851205037134254 0.05460720002884045
1.0000000000000013 11
54 1.051952512009507 0.4847688379162971 0.05242490000091493
0.9999999999999996 11
55 1.0454778916607004 0.47719460827982324 0.05498419998912141
1.0000000000000009 11
56 1.0391404634435362 0.4731066285542023 0.054590199957601726
0.9999999999999994 11
57 1.0328683536893772 0.4662031759357267 0.052918999979738146
1.0000000000000009 11
58 1.0267312193147653 0.4617245808826815 0.050421099993400276
0.9999999999999997 11
59 1.0206464731632896 0.4554638392557795 0.050717500038444996
0.9999999999999999 11
60 1.0147015222091682 0.45060237715179924 0.04871080000884831
0.999999999999999 11
61 1.0087982600150418 0.44494179090092045 0.055257299973163754
0.9999999999999996 11
62 1.0030394362387691 0.439744373342976 0.05566820001695305
1.0000000000000002 11
63 0.9973110662539608 0.4346108787184279 0.04805859999032691
1.0000000000000002 11
64 0.9917268310426732 0.42916126130590515 0.0508595000137575
1.0000000000000007 11
65 0.9861587644006049 0.4244750538998696 0.04931510001188144
0.9999999999999999 11
66 0.9807277000556934 0.4187387403698501 0.055026100017130375
0.9999999999999999 11
67 0.9752971437394481 0.4145074537690092 0.051692600012756884
0.9999999999999992 11
68 0.9699970176471372 0.4086656972393471 0.052285199984908104
1.0000000000000002 11
69 0.9646789709649678 0.4046440777859153 0.05739700002595782
1.0000000000000009 11
70 0.9594822751843592 0.3988408815839522 0.04940739995799959
0.9999999999999994 11
71 0.9542547166465407 0.39476512640271 0.05456409999169409
0.9999999999999998 11
72 0.9491627851989424 0.3894257285794634 0.053528400021605194
1.0000000000000007 11
73 0.9440880479588916 0.385147051837464 0.05558779998682439
1.0000000000000007 11
74 0.9391550228065345 0.38003804568487765 0.04943559999810532
75 0.05634259066854914
-------------------------------------------------END------------------------------------------------------
35
------------------------------------Randomized only---------------------------------------------------
371.5793385096331 367.7283695118612
0.990455420514503 10
0 345.8949166620044 344.42987610549704 0.02745580003829673
0.9871196491065578 10
0.9997904017784491 40
1 307.56320988825286 309.7495441268701 0.0691944999853149
0.9667578225763559 10
0.9997204280533709 40
2 265.7638663545064 273.5957361312299 0.061140700010582805
0.9080091373809568 10
0.9973101806659368 40
3 210.50215657049077 222.41857419800087 0.05575980001594871
0.9179361917731214 10
0.9937572095995709 40
4 107.0313457089958 116.35616783771448 0.05622410000069067
0.7046280353200807 10
0.9768606137195122 40
0.9920123885432944 70
5 52.39449388792563 55.045541343313765 0.11426180001581088
0.54321008315769 10
0.9454591828864326 40
0.9762270673404647 70
0.988764751712889 100
0.9999999999999998 103
6 28.318828155711326 29.633852751546712 0.172143200004939
0.6022572543925515 10
0.915433096090536 40
0.9749543047003488 70
0.9869489094296088 100
0.9999999999999996 103
7 12.705603082381337 13.838645420990378 0.1757276999996975
0.8167772367128514 10
0.9606056389743729 40
0.9855814572916591 70
0.9918942924464741 100
8 8.349779598770809 8.663698801832995 0.15550910000456497
0.5616990535726673 10
0.8236245897661828 40
0.8590221450398163 70
0.8973769362233116 100
1.0 103
9 5.170192195234116 4.833252826644026 0.17175620002672076
0.7744453353575742 10
0.9562912370718958 40
0.9697477028818996 70
0.9831537416838947 100
0.9999999999999996 103
10 3.5806166316512726 3.2562870329206914 0.1681209999951534
0.9477918088589716 10
0.9880853476095021 40
0.9920348871555441 70
11 3.329436843187729 2.956033843725253 0.10430429998086765
0.02825809254893563 10
0.056702783091067875 40
0.0694210972792569 70
0.32211311093465356 100
1.0000000000000009 103
12 2.830368016783049 2.314216211402761 0.16832170000998303
0.7787066693194582 10
0.9108634704307897 40
0.9276716666158037 70
0.9369906913388479 100
1.0000000000000004 103
13 2.4873118429517134 2.0749285848544115 0.17581300000892952
0.6603551309593777 10
0.744595626738559 40
0.7665127114018896 70
0.7872315070304505 100
1.0 103
14 2.2800764433884657 1.8163410428217204 0.1674580000108108
0.5231111560282425 10
0.6621937533508279 40
0.6970140411393263 70
0.7128707532705959 100
1.0000000000000007 103
15 2.114107674812732 1.6584974091691052 0.16658650001045316
0.19453195700513082 10
0.4431087659640372 40
0.47381652667165225 70
0.5156778429960674 100
0.9999999999999996 103
16 1.9844397061680228 1.5350856319421893 0.1592427000286989
0.28442779259222556 10
0.39443860847475404 40
0.42894305728828686 70
0.45280594579071165 100
1.0 103
17 1.8761623170283928 1.405574307049413 0.1712586999638006
0.29109489864473437 10
0.49235933497339274 40
0.5119906562608101 70
0.5276847209406595 100
1.0000000000000007 103
18 1.7842287092010483 1.3294344793043733 0.1670598000055179
0.2853137092045548 10
0.4074653249154494 40
0.43216842655126336 70
0.4520601856510738 100
1.0000000000000004 103
19 1.7009096473103564 1.2238240437217673 0.1665690999943763
0.5567536304784867 10
0.6826763511871163 40
0.6939293963660464 70
0.7012340988426846 100
1.0000000000000002 103
20 1.6277175970492483 1.167021086116359 0.16312209999887273
0.5522337425193861 10
0.6456146081070651 40
0.66250475424236 70
0.6722861176540696 100
0.9999999999999997 103
21 1.554714478329712 1.0750879654043062 0.18039850000059232
0.7459167592695555 10
0.8238047023764374 40
0.8312982217926317 70
0.8354305161707205 100
1.0000000000000002 103
22 1.4910731009805005 1.0244145462053231 0.18586540000978857
0.6307994164585284 10
0.7172650286137273 40
0.7339220590969673 70
0.7416918008865426 100
1.0000000000000002 103
23 1.429254667291397 0.9479019780340003 0.1768158000195399
0.7558125512137123 10
0.8291259717425721 40
0.8389206505983633 70
0.8434883346473381 100
1.0000000000000002 103
24 1.376984630669516 0.8962608315760652 0.17032219999236986
0.5318776037701357 10
0.6988339184909103 40
0.7131375300055413 70
0.7203815296791145 100
1.0000000000000002 103
25 1.3323369528676547 0.8471690686173504 0.16592130000935867
0.5445704740694434 10
0.6338994242444838 40
0.6482365283660624 70
0.656349347331185 100
1.0 103
26 1.293946320586111 0.7990901895270328 0.16367139999056235
0.5221927037180122 10
0.7122186722686272 40
0.7239614213230487 70
0.7314843893469505 100
1.0 103
27 1.2594428056615827 0.7638417121766273 0.17613420000998303
0.2678722453015794 10
0.35585593647939673 40
0.37150875539610745 70
0.3834566541408034 100
1.0000000000000004 103
28 1.2293449931990423 0.7224011512181646 0.1641115000238642
0.5121646206222429 10
0.6685287580854233 40
0.6796260206922317 70
0.6866909547418877 100
1.0000000000000004 103
29 1.2010230733928244 0.6930416805269759 0.17411070002708584
0.2499984302941066 10
0.31040604983739234 40
0.3227944790009864 70
0.3349004977219465 100
0.9999999999999999 103
30 1.1758893673383366 0.6580478639112507 0.17714119999436662
0.49160045806434116 10
0.6143248189205586 40
0.6242143803480067 70
0.6308730190683612 100
1.0 103
31 1.1517961843873847 0.6320514941099125 0.1633657999918796
0.35077804775162325 10
0.40725002610668665 40
0.4161874994962971 70
0.42686068771182983 100
0.9999999999999994 103
32 1.1299242399211697 0.6021242601693391 0.17429819999961182
0.4622454522517387 10
0.5616388891432138 40
0.5706887129732537 70
0.5771688786601581 100
1.0000000000000004 103
33 1.1087044633315783 0.5781021502551987 0.16341659997124225
0.42563245215113854 10
0.4909546580050877 40
0.4978153826698731 70
0.5071172633564235 100
0.9999999999999998 103
34 1.0889798126894865 0.5519728472793244 0.1597454000147991
0.4646633690147784 10
0.5435288201917469 40
0.551565243605919 70
0.5575389751503341 100
0.9999999999999994 103
35 1.0696118276753863 0.5291540119150263 0.1677196000237018
0.4747707049484889 10
0.5518919045025157 40
0.5575108983052546 70
0.5655902397319317 100
0.9999999999999998 103
36 1.0511673042356484 0.5057406662359947 0.17384790000505745
0.507715772537129 10
0.566684017586239 40
0.5734051427669781 70
0.5787753206435144 100
0.9999999999999998 103
37 1.03286755342605 0.48370061241915374 0.17752010002732277
0.477331700726158 10
0.5682462852687994 40
0.5735486252100489 70
0.580921854289572 100
0.9999999999999998 103
38 1.0150286971867604 0.46227169517986016 0.1810579000157304
0.5782793058661017 10
0.621292030477368 40
0.6266505712493214 70
0.6316046197160647 100
1.0000000000000004 103
39 0.9972204030922989 0.4409908660069452 0.17646519996924326
0.41678647037335675 10
0.525665997305146 40
0.5319608447220068 70
0.5393606531113468 100
1.0000000000000002 103
40 0.9796047611794222 0.4212612167757469 0.1796115000033751
0.6649141488222247 10
0.7017341203108726 40
0.7059948362576338 70
0.7103312626663532 100
0.9999999999999994 103
41 0.9621247387368407 0.4015097652678257 0.18298530002357438
0.3411707773023077 10
0.4637689812097405 40
0.4722416230896781 70
0.47982801381044465 100
1.0 103
42 0.9449747184336679 0.38353553059893086 0.16763380001066253
0.749658952617272 10
0.786909700064993 40
0.7905888016330591 70
0.793952155876306 100
1.0000000000000002 103
43 0.9284419242670041 0.36684685585230636 0.18158740003127605
0.38725186287922697 10
0.4963089994868428 40
0.505925373676409 70
0.5125496493319858 100
1.0000000000000002 103
44 0.912699274759342 0.35070266094710506 0.16842080000787973
0.8194176649032988 10
0.8515523002820905 40
0.8546846827688931 70
0.8571704296009757 100
0.9999999999999992 103
45 0.8980631324340534 0.337751801625525 0.17172810004558414
0.579518120545041 10
0.6463747520221994 40
0.6535654716990446 70
0.6579508860653381 100
0.9999999999999999 103
46 0.8843091320615771 0.32342415893099735 0.16855320002650842
0.8655810452367475 10
0.8879588875453606 40
0.8902075182894345 70
0.8920919933959661 100
1.0 103
47 0.8716642499645922 0.3130161295456364 0.18303070002002642
0.71488501425416 10
0.7526502251104068 40
0.7573425138569934 70
0.7602614053128119 100
1.0 103
48 0.8596678720173372 0.3002872335412433 0.16687790001742542
0.8879942504289023 10
0.9041713568164064 40
0.9056549519898842 70
0.9071674864725697 100
1.0 103
49 0.8486761280314248 0.2911995210061285 0.16756490000989288
0.7893637831780175 10
0.8124955242762579 40
0.8156601542161643 70
0.8177684195302523 100
0.9999999999999997 103
50 0.8382773233043744 0.279850724721375 0.17341109999688342
0.8999587165939771 10
0.9135879211543785 40
0.9145325169210882 70
0.9156464041458942 100
1.0000000000000004 103
51 0.8287858454075143 0.27170592653114395 0.16809759999159724
0.8377261439464604 10
0.8524741604958203 40
0.8545434090869524 70
0.8558941971400001 100
1.0 103
52 0.8200761504655034 0.26204956005051233 0.17102770000929013
0.8896070998533748 10
0.9028171755323746 40
0.9035222637819494 70
0.9043027176291577 100
1.0 103
53 0.8120596929843225 0.2546226599632289 0.1661900000181049
0.8222419730539148 10
0.8332152251222444 40
0.8347839222603022 70
0.8356360666233855 100
0.9999999999999999 103
54 0.8048989855281724 0.24695485633230926 0.1700937999994494
0.8129732964409884 10
0.8284013055051654 40
0.8292269990621837 70
0.8300010588983864 100
1.0000000000000002 103
55 0.7981591943718275 0.23993077491171516 0.17221089999657124
0.6736538191737726 10
0.6851373207258906 40
0.6869345048735797 70
0.687663332265055 100
1.0000000000000004 103
56 0.7920519339362668 0.23369389065059523 0.1663641999475658
0.6722393680588574 10
0.6923070717819152 40
0.693456197687261 70
0.6944157023369177 100
0.9999999999999997 103
57 0.7862255173611069 0.22710127242938452 0.16765299998223782
0.4401618486653855 10
0.4553178763156644 40
0.4577782044213409 70
0.4586306611175176 100
0.9999999999999999 103
58 0.7808805038436794 0.22171057945447661 0.1583589999936521
0.5621643589952785 10
0.585533629116424 40
0.5868735606339343 70
0.5879631035523988 100
0.9999999999999994 103
59 0.7757463484994858 0.21573642474302193 0.1668797000311315
0.2754207983148461 10
0.29454169195992813 40
0.29743583301990795 70
0.29851945492873094 100
1.0 103
60 0.771005489007197 0.21087897480848394 0.17091380001511425
61 0.15898611639973662
-------------------------------------------------END------------------------------------------------------
------------------------------------Krylov only---------------------------------------------------
371.5793385096331 367.7283695118612
0.9999999999999994 11
0 344.59739789169896 342.85552168601447 0.053372399997897446
0.9999999999999998 11
1 303.1222091193578 306.45644393067386 0.055212799983564764
1.0000000000000004 11
2 220.19740743311556 231.39313387734077 0.05542129999957979
1.000000000000001 11
3 173.42809455152587 181.98853933724655 0.04985189996659756
1.0000000000000009 11
4 65.04221502151711 69.48569925541162 0.05428589996881783
1.0000000000000007 11
5 21.795714155598073 22.319126218505158 0.05252590001327917
1.0000000000000004 11
6 9.791477056277438 10.506113802219929 0.04995950002921745
1.0 11
7 6.467703000425316 6.455001517887247 0.05101029999786988
1.0000000000000004 11
8 4.713548210513803 4.514220511591098 0.04972740000812337
0.9999999999999998 11
9 3.910840578360846 3.7377137652868444 0.05503550003049895
1.0000000000000002 11
10 3.4091755656530753 3.137405164934443 0.05548750003799796
1.0 11
11 3.069023677917456 2.8343155400992504 0.05161049996968359
0.9999999999999999 11
12 2.8402622454940945 2.5628141193867 0.049474700004793704
0.9999999999999996 11
13 2.6716307647008906 2.4159456983339167 0.05413780000526458
1.0000000000000002 11
14 2.5293926095917296 2.2391796965696678 0.05273729999316856
1.0000000000000013 11
15 2.409740648725563 2.1355870879398764 0.05135670001618564
1.0000000000000013 11
16 2.3014873840749877 1.9971534849222763 0.06233089999295771
0.9999999999999999 11
17 2.206448321934402 1.9200625521682246 0.07354790001409128
1.000000000000001 11
18 2.115896425008773 1.8011785388074841 0.05300449999049306
0.9999999999999997 11
19 2.038229614086362 1.741530008773634 0.05243789998348802
1.0000000000000004 11
20 1.9604766145777242 1.632392422053253 0.05282769998302683
1.0000000000000002 11
21 1.8940729467880315 1.5839831633095365 0.05004610004834831
0.9999999999999999 11
22 1.8276992685767102 1.4846211800916982 0.04791979998117313
1.0000000000000004 11
23 1.7714851211212546 1.4461038386306018 0.04926770000020042
1.0000000000000002 11
24 1.7182752969154091 1.35884068990173 0.05167590000201017
1.0000000000000002 11
25 1.6719229161988864 1.331686090554777 0.053298199956770986
1.0000000000000002 11
26 1.6302494772141767 1.261664047488969 0.05085739999776706
1.000000000000001 11
27 1.5935001494208472 1.2314308165679722 0.046825400029774755
1.0000000000000002 11
28 1.5595246773988085 1.1706425047341757 0.04817000002367422
1.000000000000002 11
29 1.5277951459434373 1.1471929088859334 0.04988430003868416
0.9999999999999998 11
30 1.4976005486938468 1.091736433132257 0.05181119998451322
0.9999999999999994 11
31 1.4688900590614524 1.069319926966127 0.06326339999213815
0.9999999999999994 11
32 1.4409311973243593 1.018328962728627 0.07300469995243475
0.9999999999999989 11
33 1.4144609143973526 0.9972806789349552 0.05237339995801449
0.9999999999999999 11
34 1.3876988690241578 0.9490213964391732 0.05299410002771765
0.9999999999999998 11
35 1.3619340075000899 0.9252916640110259 0.05010620004031807
0.9999999999999983 11
36 1.336924561229316 0.8814865465048187 0.04813260002993047
1.0000000000000004 11
37 1.312638507003634 0.8577950384526887 0.04949000000488013
1.0 11
38 1.288368385364957 0.81694372924746 0.05360330000985414
1.0000000000000009 11
39 1.2647526895435317 0.7921104415696281 0.05039070005295798
1.0 11
40 1.2412020388899523 0.7558630070111639 0.05431259999750182
1.0 11
41 1.2183964716904234 0.7303568401238779 0.05173150001792237
1.0000000000000002 11
42 1.195735945220458 0.697379515766376 0.05126529996050522
1.0000000000000007 11
43 1.1739999582054637 0.6725832175195342 0.052846500009763986
1.0000000000000007 11
44 1.15244918126177 0.6442273043186153 0.051926299987826496
1.0000000000000002 11
45 1.1320364437796537 0.620689394524021 0.05455970001639798
0.9999999999999997 11
46 1.1120442965454376 0.5931742738038444 0.05617680004797876
1.0 11
47 1.0931859189777886 0.5723481983562249 0.05278909998014569
0.9999999999999993 11
48 1.0748344714334424 0.5483718167604192 0.05144130002008751
0.9999999999999986 11
49 1.057535257142245 0.5289988571266272 0.05207400000654161
1.0000000000000007 11
50 1.0407065238591215 0.505923760690522 0.17558310000458732
1.0 11
51 1.0248357268311785 0.4890607826507845 0.057571300014387816
1.0000000000000002 11
52 1.009531531371198 0.4695068571959567 0.055496999993920326
1.0000000000000007 11
53 0.9951326177390009 0.45397518755104793 0.055682500009424984
0.9999999999999991 11
54 0.981580330471701 0.43490156246398814 0.04995389998657629
1.0000000000000007 11
55 0.9687963689751726 0.4225008456490074 0.053772600018419325
1.0000000000000004 11
56 0.9569195539074501 0.4078590499299448 0.05075370002305135
1.0000000000000013 11
57 0.9457089317047134 0.395969080016119 0.061905300011858344
1.0 11
58 0.9351113419042005 0.382313076782744 0.05506689997855574
1.0000000000000007 11
59 0.925102780921002 0.37212481864283425 0.055489799997303635
0.9999999999999974 11
60 0.9155675272782965 0.36152575883506244 0.05086690001189709
1.0000000000000004 11
61 0.9065909235345327 0.3516767646926726 0.047852299991063774
1.000000000000001 11
62 0.8983925662831324 0.34149538848017813 0.04927810002118349
0.9999999999999987 11
63 0.8906838826249226 0.33379232955719135 0.04983040003571659
1.0000000000000004 11
64 0.8834249987502906 0.3265547284777127 0.05070349999004975
0.9999999999999999 11
65 0.8765606517957458 0.3184104977346999 0.05831290001515299
1.0 11
66 0.8699423990616658 0.3127316786443861 0.056993900041561574
1.0000000000000002 11
67 0.8636813236157251 0.30469520799378086 0.0780945000005886
0.9999999999999998 11
68 0.8576243079317148 0.3001597400260293 0.06244270002935082
0.9999999999999999 11
69 0.8518878149792632 0.2922815920505615 0.05480039998656139
1.0000000000000007 11
70 0.8464390038446276 0.2893429172081151 0.05505660001654178
1.0000000000000004 11
71 0.8413114813128585 0.28169820337086887 0.05263249995186925
0.9999999999999991 11
72 0.8366305907242426 0.27846753790883755 0.0478560000192374
73 0.05539165205905877
-------------------------------------------------END------------------------------------------------------
36
------------------------------------Randomized only---------------------------------------------------
384.6925013804556 389.05581472268653
0.9931040730948252 10
0 356.96085172089937 361.1901328258258 0.025603999965824187
0.9928979409734928 10
1 316.63887061264677 321.3641451121478 0.027505300007760525
0.9924728940944118 10
2 269.7520181867026 279.7555927182636 0.03379509999649599
0.9689051172194212 10
0.997708056439785 40
3 224.71413534554867 239.59080833104008 0.059433699992951006
0.9687107581532766 10
0.9953591032108291 40
4 171.2939483968089 182.62420538352768 0.05544010002631694
0.9401837666721633 10
0.9898379880892962 40
0.995649907536194 70
5 118.5571679154988 127.27690246716256 0.24198160000378266
0.6329628074303074 10
0.9375948443956461 40
0.9742629160594167 70
0.986126967739921 100
1.0000000000000002 103
6 52.14061582600289 54.44190244403294 0.19844969996483997
0.6473334097041977 10
0.9650470452132944 40
0.9889107237405267 70
0.9917162439748611 100
7 27.724130339040784 29.44513496343384 0.17340869997860864
0.65315903663759 10
0.8703655607710773 40
0.9411281714752453 70
0.9582560542042018 100
1.0000000000000004 103
8 18.07143019931395 19.5782307600284 0.16373299999395385
0.7796589357173812 10
0.9665954922369581 40
0.9825658773770887 70
0.9909911932264466 100
9 13.085067037792138 14.267504650320776 0.30346929997904226
0.7183393971417619 10
0.8619639305354869 40
0.890329719670768 70
0.9094837666232667 100
1.0000000000000002 103
10 11.453096641419533 11.737291639372165 0.16132329998072237
0.8287538462618671 10
0.9899973170341383 40
0.9950471968390094 70
11 7.567224104869203 7.806339722161995 0.1160571999498643
0.6889977137119536 10
0.8671551894621663 40
0.8985316336245128 70
0.9219939583705401 100
0.9999999999999993 103
12 5.239032671232969 5.083023806980608 0.16315719997510314
0.5983345475512533 10
0.9157954906079038 40
0.9523135921996057 70
0.9631790188754267 100
1.0000000000000002 103
13 4.086327640544719 3.6046380556607502 0.16443840001011267
0.9804474302977296 10
0.9965944234399788 40
14 3.8354293515666273 3.3888427936625702 0.055531200021505356
0.08020419261609368 10
0.10401759389845798 40
0.341012359225721 70
0.44177929805155297 100
0.9999999999999998 103
15 3.276633586946173 2.9409226855811905 0.1800533999921754
0.5051950468061552 10
0.8444600490443493 40
0.8942911305928563 70
0.9084047342096369 100
1.0000000000000002 103
16 2.9019235306035562 2.452181817823093 0.16417060000821948
0.9353506668676537 10
0.9781052432832307 40
0.9835000943024483 70
0.9844110838965664 100
1.0 103
17 2.660891093777529 2.267576988732973 0.17175530001986772
0.8432545628362584 10
0.9327303099100898 40
0.9494860263348005 70
0.9558751544010904 100
1.0000000000000002 103
18 2.4850945211311455 2.0889407619097424 0.16990420001093298
0.853832204745148 10
0.9472550964052506 40
0.9619332416113634 70
0.9662049654650727 100
0.9999999999999997 103
19 2.351007666293913 1.9056329972364991 0.16804150003008544
0.7791262827337344 10
0.8955620332171623 40
0.9158493334275075 70
0.9269599426802934 100
0.9999999999999997 103
20 2.2316931933193933 1.8231327565398556 0.17398940003477037
0.6496615247587343 10
0.8208100830535459 40
0.8683006904255995 70
0.8838317273756365 100
0.9999999999999999 103
21 2.127323525922071 1.6661176790546377 0.16352960001677275
0.6944854879215887 10
0.8325747528983297 40
0.8551656329477298 70
0.8699636977134889 100
0.9999999999999993 103
22 2.02920909481274 1.5981525970046586 0.16494459996465594
0.6611434697627797 10
0.7764590925242001 40
0.8207151434773051 70
0.8345352577309133 100
1.0 103
23 1.9396992698826019 1.4562382941538794 0.1636246000416577
0.6353833269164219 10
0.7598845691775231 40
0.7764717303815146 70
0.7928100917650077 100
0.9999999999999996 103
24 1.8556091891404234 1.3969471044381627 0.1739147999905981
0.7253079290756754 10
0.7725565720155034 40
0.8016397588956651 70
0.8098463826656235 100
0.999999999999999 103
25 1.7788773972293515 1.2692885713049786 0.161014300014358
0.5486057027052733 10
0.6617013493391316 40
0.6794156860943407 70
0.697253003840693 100
1.0000000000000002 103
26 1.7066681128829937 1.2195463802466149 0.16505330003565177
0.7525123255389258 10
0.7735313898424134 40
0.796197150141948 70
0.8033125678181422 100
0.9999999999999998 103
27 1.642184996750032 1.1101886514915635 0.18979750003200024
0.49118964498663614 10
0.5771678264762965 40
0.6020180847142775 70
0.6200830886818273 100
1.0000000000000004 103
28 1.5831329731280341 1.070027162053218 0.165985899977386
0.8001228446650239 10
0.8248456187282571 40
0.8376397451969593 70
0.841993101509646 100
0.9999999999999998 103
29 1.5307425073166263 0.9834242087938927 0.16194969997741282
0.5025609224034998 10
0.5471098115257265 40
0.5675119803480695 70
0.5796405038928346 100
1.0000000000000002 103
30 1.481387363188822 0.946814231369282 0.1656596000539139
0.7587466030479554 10
0.7916642250679583 40
0.8006258547509858 70
0.804748811840137 100
1.0000000000000004 103
31 1.435788976502182 0.8763218469563878 0.17163100000470877
0.662034976665045 10
0.6877938701142191 40
0.6962829264386843 70
0.7004187919846367 100
0.9999999999999996 103
32 1.3898894803734285 0.8386340983588864 0.17434120003599674
0.5472811074629285 10
0.6142073737293349 40
0.6259085782628224 70
0.6321375252099514 100
0.9999999999999996 103
33 1.347445425584031 0.7777405366262887 0.16482209996320307
0.6570363479883077 10
0.6894904675700383 40
0.6951401148450524 70
0.6975726874075825 100
1.0000000000000004 103
34 1.3026527745897996 0.7406149661024899 0.16791279998142272
0.46012887030936317 10
0.5463615205616634 40
0.5593665963339977 70
0.5660895816335014 100
1.0000000000000002 103
35 1.2621688020865636 0.6856206783625051 0.16978489997563884
0.6208995003097152 10
0.6663409897745398 40
0.6725091219286183 70
0.6751756095343721 100
0.9999999999999998 103
36 1.2199800356333164 0.6529112120686561 0.17375809996156022
0.6068133628794848 10
0.6713200003848175 40
0.6810460529433546 70
0.6858092472279356 100
1.0000000000000004 103
37 1.1828852458154038 0.6036183003570214 0.16880719998152927
0.5992286779170625 10
0.6552086410663701 40
0.6608855302093282 70
0.6635548360179875 100
0.9999999999999998 103
38 1.1467792418119636 0.578262153901845 0.16694009996717796
0.5566724410214499 10
0.6139542990732462 40
0.6246226364887568 70
0.630466994837132 100
1.0000000000000004 103
39 1.1151285440589105 0.536567078131604 0.16328119998797774
0.6492136202853004 10
0.7001391569513503 40
0.7044459701831687 70
0.7068487355517649 100
1.0000000000000007 103
40 1.0854365447047765 0.5178243421798814 0.15892350004287437
0.5977991945385182 10
0.6421833456852042 40
0.6502609730401312 70
0.6576537620606144 100
0.9999999999999997 103
41 1.0589713811762023 0.4831529298406688 0.16305740003008395
0.7358365051810564 10
0.7795001695404682 40
0.7841313872608957 70
0.7869083657788504 100
1.0 103
42 1.0347904891349495 0.46883142488476726 0.16920820000814274
0.7767169201437001 10
0.8076463373428137 40
0.8112926305480604 70
0.8161619738176957 100
1.0000000000000002 103
43 1.0128935610386234 0.44055697764594476 0.16150470002321526
0.7634530983699886 10
0.8122418543145539 40
0.8171162335578651 70
0.8203536851934738 100
1.0000000000000002 103
44 0.9932521047062808 0.4289221706126397 0.16349569999147207
0.8499993114070116 10
0.876354768766664 40
0.8786218915524365 70
0.8818103910244347 100
1.0000000000000002 103
45 0.9751587806916905 0.4060609838404336 0.17897819995414466
0.7495097876725195 10
0.8096365894290037 40
0.814701166445213 70
0.8183620452710125 100
1.0000000000000002 103
46 0.9589965498967175 0.39631469483447496 0.16768600000068545
0.8809716042349867 10
0.9043446603012794 40
0.9061562549622623 70
0.9084136791352404 100
1.0000000000000004 103
47 0.9438687331294991 0.37708491281500306 0.16229100001510233
0.7280775222966347 10
0.7966666972567424 40
0.8016104863462771 70
0.8053308887540667 100
1.0 103
48 0.9303688833480009 0.3693232625230223 0.16803930001333356
0.8975904605189617 10
0.917721813262344 40
0.9191916884688749 70
0.920771370277565 100
1.0000000000000004 103
49 0.9176746727961063 0.3518586420456096 0.16722000000299886
0.709176051528142 10
0.7739151220009917 40
0.7781695726490302 70
0.7813256997779907 100
1.0000000000000002 103
50 0.9065071147483613 0.3469715079019349 0.17702050000661984
0.8902074933663691 10
0.9062846874966403 40
0.907400709854538 70
0.9084091758535277 100
1.0 103
51 0.8963240454985578 0.33052196892318125 0.16129939997335896
0.6163228309472207 10
0.6556467331115386 40
0.6587245102972402 70
0.6609561728397801 100
1.0 103
52 0.8874813986630026 0.32868366317907144 0.17012679995968938
0.7223236560470859 10
0.733587873326767 40
0.7348246174161877 70
0.7356613880191999 100
0.9999999999999996 103
53 0.8794445294454883 0.3141514354374372 0.18391080002766103
0.3238269818177518 10
0.3385586590906936 40
0.3410466089885289 70
0.3427465404323575 100
0.9999999999999996 103
54 0.8721149535543536 0.31332985557687276 0.1706578999874182
0.17831987003972402 10
0.18654603405578798 40
0.18933083776679285 70
0.19081257106573649 100
0.9999999999999994 103
55 0.865148255700789 0.30047681427003137 0.16165920003550127
0.20142171795371522 10
0.21158905467795738 40
0.2140994032216469 70
0.21572665718615439 100
1.0000000000000007 103
56 0.8586464498110323 0.2996312388177898 0.17878750001545995
0.07615794488533524 10
0.08471789351419708 40
0.08797149530933474 70
0.08960085400472066 100
1.000000000000001 103
57 0.8523911906138748 0.28815260154808514 0.17905079998308793
0.19728770329072046 10
0.2061659437502088 40
0.20847616079695838 70
0.2100783611562998 100
1.0 103
58 0.8465189544894812 0.28713008073912555 0.18669549998594448
0.0752942943005152 10
0.08396301081128525 40
0.08719799581065153 70
0.08875729127968814 100
0.9999999999999988 103
59 0.8408395817713419 0.2768635175192244 0.20294170000124723
0.21108377056576783 10
0.21916431508705522 40
0.22123840006262135 70
0.22280012913005154 100
1.0000000000000007 103
60 0.8354888163462936 0.2756443081191311 0.17512020003050566
0.07213669124949455 10
0.08074474097963712 40
0.08393156915960895 70
0.08541005877801373 100
0.9999999999999999 103
61 0.8302910073962988 0.26645113801641895 0.18919150001602247
0.22569018569566693 10
0.23330260602592595 40
0.23519776677249968 70
0.23672294240161548 100
0.9999999999999989 103
62 0.825379061157801 0.26503716398107213 0.18509139999514446
63 0.16111034761914717
-------------------------------------------------END------------------------------------------------------
------------------------------------Krylov only---------------------------------------------------
384.6925013804556 389.05581472268653
1.0000000000000009 11
0 354.56548916433934 359.20334206258923 0.07439939997857437
1.0 11
1 308.70649861880105 314.4603072825208 0.05580339999869466
1.0000000000000004 11
2 232.1485414563427 244.03022288842456 0.05977260001236573
0.9999999999999999 11
3 134.45081816655878 141.44504276174632 0.07360209996113554
0.9999999999999997 11
4 53.94420864380561 58.02633713973106 0.052154700038954616
1.0000000000000002 11
5 20.64380864028754 21.80357516020336 0.047933600028045475
1.0000000000000002 11
6 9.387970024036592 9.831584496039207 0.055225999967660755
1.0000000000000007 11
7 5.9831097550419825 6.1263441638980005 0.047963200020603836
0.9999999999999994 11
8 4.7870432439902535 4.625217795238388 0.0491522999946028
1.0000000000000009 11
9 3.9825019353483744 3.842983389048821 0.04829720000270754
0.9999999999999996 11
10 3.579459636477298 3.284049876881789 0.04873300000326708
1.0000000000000004 11
11 3.1944201354365918 2.85906029750159 0.05028269998729229
0.9999999999999993 11
12 2.947241407368697 2.552570118353261 0.05161460000090301
0.9999999999999992 11
13 2.789217494548436 2.3988014983240213 0.048747199994977564
0.9999999999999993 11
14 2.648147533637718 2.209583364128493 0.0530490999808535
1.0000000000000002 11
15 2.5298048757903207 2.1047869642071926 0.04766889999154955
0.999999999999999 11
16 2.4231855624315246 1.966241867249815 0.047754300001543015
1.0000000000000007 11
17 2.3280330602954256 1.8840826834893423 0.051464299962390214
0.9999999999999999 11
18 2.2435866983764523 1.780112412490767 0.057320999971125275
1.0000000000000018 11
19 2.1621641764240174 1.7086924259618645 0.0508955999976024
1.0000000000000007 11
20 2.0888407670704106 1.6243854179253878 0.052144200017210096
1.0000000000000002 11
21 2.016046856775001 1.5560821732385992 0.05618420004611835
1.0000000000000004 11
22 1.9494418735832708 1.491667425359583 0.05053120001684874
1.000000000000001 11
23 1.8851678631450086 1.4231519796104288 0.05495560000417754
0.9999999999999981 11
24 1.8256956441713825 1.3757701963898954 0.05108589999144897
1.0 11
25 1.7708496993164073 1.307861578075394 0.05216630001086742
1.0000000000000004 11
26 1.7285021227452961 1.2758874779002953 0.058260399964638054
0.9999999999999999 11
27 1.689831745758024 1.224520504069285 0.050101400003768504
0.9999999999999988 11
28 1.655185979749754 1.2027070579624397 0.05777949996991083
1.0 11
29 1.6232534618811552 1.154708238872529 0.05146389995934442
1.0 11
30 1.5939056325769325 1.138837330032994 0.04927339998539537
1.0 11
31 1.5669332601130987 1.093111829674274 0.05229279998457059
0.9999999999999986 11
32 1.541724509622521 1.0818122340741665 0.05163100000936538
1.000000000000001 11
33 1.5186851937445531 1.0391502772066283 0.05068759998539463
0.9999999999999999 11
34 1.4965739193987329 1.0298717066225698 0.05423960002372041
1.0000000000000002 11
35 1.476404298544329 0.9908308490088319 0.05220410000765696
1.0000000000000004 11
36 1.456231820232857 0.9816994978775642 0.0517274999874644
1.0000000000000009 11
37 1.437746654782672 0.9469982224643301 0.05218910000985488
1.0000000000000007 11
38 1.4116705963785874 0.9263657789029648 0.05074899998726323
1.000000000000001 11
39 1.3890360769088765 0.8999788092273838 0.05167250003432855
1.0000000000000004 11
40 1.3738629763817372 0.87506500982176 0.052456800010986626
0.9999999999999984 11
41 1.358050115600353 0.8596405589161987 0.056008499988820404
0.9999999999999987 11
42 1.3448996245423932 0.837437957286626 0.055407700012438
1.000000000000001 11
43 1.3311293550274892 0.8255278924291097 0.051761899958364666
0.9999999999999996 11
44 1.3185510965537408 0.8034271475955457 0.04939949995605275
1.0000000000000013 11
45 1.3054997803830817 0.7957259385898446 0.05224240000825375
0.9999999999999996 11
46 1.2938656191736844 0.7742070505553902 0.05782819999149069
1.0000000000000002 11
47 1.2820793009491462 0.7692491223103581 0.0534967000130564
0.9999999999999992 11
48 1.2715815307078968 0.7472279226349526 0.047523099987301975
0.9999999999999993 11
49 1.2610289744449952 0.7446122308120526 0.05021010001655668
1.0000000000000002 11
50 1.251502586548277 0.723410048171073 0.05192769999848679
0.9999999999999998 11
51 1.241940180675724 0.7223479447881855 0.053443700016941875
1.0 11
52 1.2332009076903607 0.7019952956056752 0.05864369997289032
1.0000000000000002 11
53 1.2241355259354545 0.7013344895876892 0.046398399979807436
1.0000000000000013 11
54 1.2158341274575164 0.6822986211385302 0.053048200032208115
1.0000000000000004 11
55 1.2077673080116063 0.6827010706274359 0.05311499995877966
1.0 11
56 1.2002619285843656 0.6650365532326065 0.04793389997212216
0.9999999999999998 11
57 1.192600889062201 0.6645229307441036 0.050529400003142655
0.9999999999999997 11
58 1.1854486970661344 0.6492152077591061 0.0483636999852024
1.0000000000000002 11
59 1.1784457599712959 0.6492994285974157 0.05089420004514977
1.0000000000000004 11
60 1.1717659318176465 0.6343065712848218 0.056890600011684
1.0000000000000007 11
61 1.1650952061449935 0.6344096241198823 0.05027780000818893
0.9999999999999997 11
62 1.1586795189603105 0.6202096304335634 0.05446079996181652
1.0000000000000002 11
63 1.152271523869462 0.620376953061893 0.05205579998437315
1.0000000000000004 11
64 1.146075104691605 0.6066340703867279 0.051861500018276274
1.0000000000000002 11
65 1.1398834711166057 0.606931195241074 0.049347099964506924
0.9999999999999989 11
66 1.1338678830853919 0.5934862525017597 0.05539679998764768
0.9999999999999999 11
67 1.1278440434831702 0.5938671448585068 0.05385750002460554
1.000000000000001 11
68 1.1219527343683373 0.5808628961916372 0.05341019999468699
1.0000000000000007 11
69 1.1160298999693627 0.5808493569013737 0.055538800021167845
1.000000000000001 11
70 1.1103834588131438 0.5686971495330126 0.0537744999746792
0.9999999999999999 11
71 1.1047498826927258 0.5682619193356231 0.07298090000404045
1.0000000000000007 11
72 1.0996161360591952 0.5587924407559949 0.05156480002915487
1.0000000000000002 11
73 1.0945294569880826 0.556976821669444 0.0479419999755919
0.9999999999999996 11
74 1.0895749392577094 0.5478163732310611 0.05632289999630302
75 0.05305985599678631
-------------------------------------------------END------------------------------------------------------
37
------------------------------------Randomized only---------------------------------------------------
385.1236251303968 387.51110734134596
0.9937137017312458 10
0 356.95754067092764 360.18345638220273 0.028408999962266535
0.9899891659157507 10
0.9995528548128747 40
1 313.46796347102895 318.268546207392 0.05156570003600791
0.9872996383963325 10
0.9995078173324905 40
2 265.6954401977837 274.7336722878327 0.04820830002427101
0.9035199551149962 10
0.9976571250028398 40
3 206.68446206530066 219.29614800665755 0.056750799994915724
0.9249134924487715 10
0.9953200960246813 40
4 120.85573405077581 130.34861991475904 0.05944240000098944
0.7717354903761534 10
0.979455577006178 40
0.9896070563029216 70
0.9952429081270895 100
5 73.48152284014972 78.72055336928626 0.17355129995848984
0.8601713477396334 10
0.9750959592564054 40
0.9927631336910844 70
6 34.91017946800188 37.30849038018163 0.11353120004059747
0.9516646087580177 10
0.9831963978607131 40
0.9923927848833973 70
7 23.9061474057484 25.358352840443768 0.11000819999026135
0.612617742283512 10
0.8423593403956852 40
0.9008675951745804 70
0.9681902407866937 100
1.0000000000000002 103
8 14.639044114214418 15.960177315536024 0.1863770000054501
0.9236473801810058 10
0.9881108297498055 40
0.9938507875588081 70
9 11.136360560234417 12.496291263828953 0.09958119998918846
0.5593607345424798 10
0.7005182230432231 40
0.7543477523276592 70
0.8934648685445625 100
1.0000000000000002 103
10 8.62427066064756 8.987218225162103 0.17759890004526824
0.9467565416147554 10
0.9964792500969873 40
11 6.239970378919536 6.437707717984619 0.06063289998564869
0.7278707485382534 10
0.7760607865044166 40
0.8690698887059028 70
0.9280325789319442 100
0.9999999999999993 103
12 4.851898336198753 4.570063140844343 0.17525269999168813
0.9826485388892002 10
0.99588007034001 40
13 4.478273834040636 4.186059625999341 0.06563359999563545
0.1229220669514491 10
0.15010562832432808 40
0.4766929631344195 70
0.6413505251668331 100
0.9999999999999999 103
14 3.733395966969007 3.2299934167292412 0.16754070000024512
0.9493183342429744 10
0.9927897658439317 40
15 3.5052947871634084 3.0683540330187267 0.06812050001462922
0.24914116381350573 10
0.2934598362006734 40
0.4822510343745498 70
0.5849981998189744 100
1.0000000000000007 103
16 2.922928142273542 2.2676025293353743 0.17269009997835383
0.8742975150300751 10
0.977141493256654 40
0.9835158261820374 70
0.9868225433637242 100
0.9999999999999989 103
17 2.4257639292373168 1.7808417006410322 0.17929020000156015
0.9513514280413671 10
0.989656575810236 40
0.992186982271252 70
18 2.3226298803086247 1.7038076191436253 0.11477410001680255
0.5694994776975761 10
0.5807736297546822 40
0.5856404296595609 70
0.6308051614312982 100
1.0000000000000002 103
19 2.0030066081593847 1.337843956579396 0.1844588000094518
0.9331927049585466 10
0.9783573449100199 40
0.9839174047543748 70
0.9856793823672931 100
1.0 103
20 1.7801929235280587 1.1816082696848877 0.16624610003782436
0.9434955290997791 10
0.9835997312366168 40
0.9885528733226258 70
0.9895059494826365 100
1.0000000000000002 103
21 1.603640735306819 1.0047800036559955 0.17101569997612387
0.9177662337266608 10
0.9604444458710306 40
0.9682985980885462 70
0.9711438445243007 100
1.0000000000000004 103
22 1.48179666160606 0.9014398079085969 0.18515199999092147
0.8319353173834342 10
0.9027267605757437 40
0.9220604935509042 70
0.9284020313176888 100
1.0000000000000009 103
23 1.380616529727548 0.8017045313001336 0.18917060003150254
0.8784334055682105 10
0.9361474381581703 40
0.9448222479255429 70
0.9482314605609996 100
0.9999999999999998 103
24 1.2938791334810231 0.7225305562334788 0.19468829996185377
0.8100295212738284 10
0.8671173100885652 40
0.8835715465798468 70
0.8926902308483738 100
0.9999999999999997 103
25 1.2242811955766129 0.6559087476202253 0.18535740004153922
0.9281072082461759 10
0.9530464557061288 40
0.957545041580583 70
0.9587586465466199 100
1.0000000000000007 103
26 1.1644406946112413 0.5915792823873925 0.20105490001151338
0.9381443976747461 10
0.9572828147471586 40
0.9608509672096767 70
0.9634598450391997 100
0.9999999999999997 103
27 1.114560395487916 0.5504970279214594 0.1904165000305511
0.9067039637388944 10
0.927089820721867 40
0.9316198901867513 70
0.9328903418053781 100
0.9999999999999998 103
28 1.0741580204053376 0.5007104524780811 0.20093670004280284
0.9287232761219504 10
0.948956479444294 40
0.9517424005388159 70
0.9536690013319638 100
0.9999999999999998 103
29 1.039716315398138 0.4766646449257167 0.17516430001705885
0.9097024901276349 10
0.9263979812106288 40
0.9296487336319073 70
0.9304518166579991 100
1.0000000000000004 103
30 1.0103537300119978 0.4357223113283689 0.1763869000133127
0.9223529406384195 10
0.9364674857548025 40
0.9393599175477718 70
0.9407352943463511 100
0.9999999999999992 103
31 0.984400953555544 0.42231586211902916 0.18652129999827594
0.7752094120963453 10
0.8265660576394248 40
0.8320030880686592 70
0.8339674257906924 100
0.9999999999999994 103
32 0.9612122308291655 0.3849007145628389 0.1871905000298284
0.8436973800491394 10
0.8625193974613652 40
0.8686981207365119 70
0.8704052131812238 100
0.9999999999999994 103
33 0.9401297090347464 0.3773516985979834 0.20410339999943972
0.6243723469205225 10
0.7142597746615494 40
0.7224834555967299 70
0.7258036239892538 100
0.9999999999999993 103
34 0.9208416235592591 0.34345065043389195 0.16494039999088272
0.6927065927225894 10
0.7228933900107158 40
0.7348695272460559 70
0.7376432953873462 100
1.0000000000000002 103
35 0.9029627016218966 0.33814784362502265 0.19645519996993244
0.7105973495851557 10
0.7742591456800828 40
0.7812081770376785 70
0.7837368497941525 100
1.0000000000000002 103
36 0.8864446324750456 0.30876786115349514 0.21760380000341684
0.7788364967536524 10
0.7980933905845724 40
0.8063950314017273 70
0.8086669535393832 100
0.999999999999999 103
37 0.8709878379556283 0.3036434828939124 0.18729869998060167
0.7425747987372948 10
0.7951338618529886 40
0.8025638928451005 70
0.8050312872164261 100
1.0000000000000002 103
38 0.8568792768795702 0.27960913200697396 0.2003436000086367
0.8315788115770282 10
0.8445932179728333 40
0.8501388103837848 70
0.852221741414145 100
0.9999999999999996 103
39 0.8436173012154718 0.27367835322391043 0.1953378999605775
0.7619531421460808 10
0.808068140423968 40
0.8162115405248014 70
0.8187154826272869 100
1.0000000000000002 103
40 0.8317914198054895 0.2555896377596204 0.1945743000251241
0.8121770528661754 10
0.8249190559513355 40
0.8293238445310634 70
0.8316582020921736 100
1.0000000000000004 103
41 0.8207016500812404 0.2482904185767457 0.1909676999785006
0.7462917816576307 10
0.785404098182488 40
0.7937707053557467 70
0.7963230711989598 100
1.0 103
42 0.8109582391975904 0.2361557165067997 0.19771680003032088
0.7035140447439315 10
0.724969510319288 40
0.7289795066159837 70
0.7317250898132228 100
1.0000000000000004 103
43 0.8018745912099592 0.2274609447639426 0.17856719996780157
0.6108625341909113 10
0.6464338149722907 40
0.6549993070556563 70
0.6579887656500536 100
0.9999999999999999 103
44 0.7937079217908746 0.21987101068456263 0.18099939997773618
0.568720277693372 10
0.6014183809910423 40
0.6051152649133872 70
0.6077268149887781 100
0.9999999999999993 103
45 0.7860640053670405 0.21049236245666217 0.17583600000943989
0.390766382253219 10
0.42345746994911376 40
0.4314548028606638 70
0.43476152601928336 100
1.0 103
46 0.7789500922495374 0.2054736450172217 0.17881089996080846
0.44964199261024484 10
0.48583642042978264 40
0.48967819832753673 70
0.49224658655061226 100
1.0000000000000004 103
47 0.772242981453569 0.19618413943588606 0.1678129000356421
0.2804458621109462 10
0.3093990995922845 40
0.31671115270718975 70
0.3199307004544501 100
0.9999999999999997 103
48 0.7659039278211265 0.19245260337033437 0.1733457000227645
0.29531994044995286 10
0.3320699677710255 40
0.3365578194581217 70
0.3395937885736627 100
0.9999999999999998 103
49 0.7598950809902383 0.183708345783805 0.1762433999683708
0.24899710106406991 10
0.2738013230776043 40
0.28086082497071807 70
0.2839583436647374 100
0.9999999999999994 103
50 0.7541993576789324 0.18059459513058143 0.1762810000218451
0.22209089707998617 10
0.25563320540737405 40
0.26033759171331305 70
0.26360765203103653 100
0.9999999999999994 103
51 0.7487880274245042 0.17264099819707132 0.17154630000004545
0.24776900284800266 10
0.2678026043788479 40
0.2745768265768249 70
0.27748744523774277 100
1.0000000000000004 103
52 0.7436791183051733 0.16980891559404518 0.17026499996427447
0.2256734790860835 10
0.2560480100304323 40
0.26053470413236696 70
0.2635803761540791 100
1.0 103
53 0.7388325524030255 0.16280262811120905 0.1856809000018984
54 0.15902683889079425
-------------------------------------------------END------------------------------------------------------
------------------------------------Krylov only---------------------------------------------------
385.1236251303968 387.51110734134596
0.9999999999999999 11
0 354.7459587941813 358.160327016562 0.05268139997497201
1.0000000000000002 11
1 309.47126557594925 314.5497911793237 0.05413760000374168
1.0000000000000002 11
2 231.4961869286583 243.10834910070548 0.04844450001837686
0.9999999999999997 11
3 230.53913175864807 240.9695676153958 0.06113849999383092
0.999999999999999 11
4 137.93854273016618 147.72406647716684 0.056220200029201806
1.0000000000000002 11
5 41.47808898487976 42.745895241155274 0.04773829999612644
1.0 11
6 12.11786132636034 12.842162172899574 0.050902799994219095
1.0000000000000004 11
7 6.666555951165108 6.76830986641996 0.05202609999105334
1.0000000000000009 11
8 4.607505530806982 4.196245159281599 0.05589839996537194
0.9999999999999996 11
9 3.421362851635347 2.969184670523578 0.05705529998522252
0.9999999999999996 11
10 2.9959721185173183 2.512909716191369 0.06476460001431406
0.9999999999999994 11
11 2.6843605419803223 2.142559393457887 0.05505540000740439
1.0000000000000002 11
12 2.4550297768799982 1.8867997338196458 0.05333590001100674
0.9999999999999999 11
13 2.2644931546726177 1.6774743088147115 0.05193499999586493
0.9999999999999998 11
14 2.1000276691265163 1.469350274742801 0.047875999996904284
1.0000000000000002 11
15 1.957686211086488 1.323060824649014 0.05082879995461553
0.9999999999999999 11
16 1.826029270194161 1.1510256279887936 0.05229449999751523
1.0000000000000009 11
17 1.7223499939316986 1.054733812434927 0.04893620003713295
1.0000000000000002 11
18 1.642100315855736 0.9536725854073625 0.054774199961684644
1.0000000000000007 11
19 1.5741949358804566 0.893701724738234 0.05318370001623407
1.0000000000000013 11
20 1.5173463384879358 0.8286347083625495 0.04836870002327487
1.000000000000001 11
21 1.4672049869598587 0.788559337505972 0.05249169998569414
1.0000000000000009 11
22 1.4227183589531 0.7432666129175068 0.051217000000178814
0.9999999999999989 11
23 1.3819325128107889 0.7110163789352687 0.050507000007200986
1.0000000000000007 11
24 1.339106458362912 0.6747006740924489 0.047453699982725084
1.0 11
25 1.3008452512198139 0.6400004846163283 0.04917150002438575
1.0000000000000004 11
26 1.270728791029704 0.613530094566747 0.05453000002307817
1.0000000000000009 11
27 1.2427895736383956 0.5919689914847861 0.05524489999515936
1.0000000000000002 11
28 1.217988231963895 0.5722737423687408 0.05236989998957142
0.9999999999999998 11
29 1.194481576251182 0.5536919403256283 0.04896809998899698
1.0000000000000004 11
30 1.1731497627513134 0.5376384372902079 0.05023649998474866
1.0000000000000004 11
31 1.1525604135424763 0.520011987331269 0.048286399978678674
0.9999999999999991 11
32 1.1336690207631415 0.5063641574865695 0.05085579998558387
0.9999999999999998 11
33 1.1155495645637044 0.4911641734715917 0.050345600000582635
1.0000000000000004 11
34 1.0988573569058848 0.47881243977008875 0.050293499953113496
0.9999999999999997 11
35 1.082750644555363 0.46482446884021106 0.05721539998194203
0.9999999999999989 11
36 1.067948336552249 0.4537165865393121 0.049169500009156764
0.9999999999999999 11
37 1.0539542139690576 0.44199308155084943 0.05810219998238608
1.0000000000000002 11
38 1.04116301269203 0.4316902155052898 0.057352400035597384
1.0 11
39 1.0289058253741536 0.4212898319966606 0.049741099996026605
0.9999999999999996 11
40 1.017650976053219 0.4121690956412077 0.047774899983778596
1.0000000000000013 11
41 1.006771020464038 0.40243367907239835 0.055550299992319196
0.9999999999999993 11
42 0.9966793533480046 0.3943354890774613 0.04860969999572262
1.0000000000000016 11
43 0.9868784113326463 0.38521170911240465 0.05291510000824928
1.0000000000000004 11
44 0.9756873309159957 0.375508573826845 0.057066100009251386
1.0000000000000024 11
45 0.9651208705058496 0.36617752571664164 0.056577099952846766
1.0 11
46 0.9546613616105784 0.3577979432030682 0.05228870001155883
1.0 11
47 0.9449033415304042 0.34739393145398517 0.05538730003172532
1.0000000000000002 11
48 0.9373801915342359 0.34300993147900566 0.0540047999820672
1.0000000000000002 11
49 0.930078038967236 0.3337063991320226 0.0497482999926433
0.9999999999999999 11
50 0.9234405401658663 0.3295626188120252 0.05456890002824366
0.9999999999999994 11
51 0.9169209107868843 0.32141226351978286 0.051074800023343414
1.0000000000000002 11
52 0.9107582872951622 0.31759737998531584 0.05343570001423359
0.9999999999999998 11
53 0.9046728577838521 0.3098664343274021 0.05246390000684187
1.0000000000000007 11
54 0.8989163424355675 0.3063558122178802 0.053708799998275936
0.9999999999999992 11
55 0.8932122014854016 0.2989883515049215 0.05484040000010282
1.0000000000000004 11
56 0.8878182698884479 0.2957585929734596 0.049262599961366504
0.9999999999999998 11
57 0.8824592020585931 0.28873917694366696 0.05241790000582114
1.0000000000000007 11
58 0.8773961816547974 0.2857524310811354 0.05806989996926859
1.0000000000000004 11
59 0.8723515643430372 0.27909043192541194 0.05407069995999336
1.0000000000000004 11
60 0.8675910798967136 0.276293475543437 0.05250200000591576
61 0.05274567540666302
-------------------------------------------------END------------------------------------------------------
38
------------------------------------Randomized only---------------------------------------------------
364.14410690143905 371.78635423947765
0.9963060329872352 10
0 339.6536681017358 347.475823294481 0.024679900030605495
0.9966637877845139 10
1 304.87270276481 313.2495917108657 0.031382599961943924
0.9962379697765783 10
2 267.18679393342546 277.76399493257935 0.024831400020048022
0.989076795322576 10
0.9991358103348229 40
3 207.5152705681954 221.72987543175876 0.06595850002486259
0.7439971734070576 10
0.9880819509342803 40
0.9936508779645021 70
4 123.75204096982496 134.68023165252558 0.1070791999809444
0.67139892848412 10
0.9580244655559205 40
0.9877192347679506 70
0.9926267355020564 100
5 64.79767802676845 71.24355538938352 0.16304850002052262
0.8263013712558847 10
0.9741422257171801 40
0.9886666871500891 70
0.99438728112132 100
6 31.615799279464007 33.92761094691806 0.1649984999676235
0.21550568253948493 10
0.7920437083004468 40
0.8630667402732898 70
0.9111825088884135 100
1.0000000000000002 103
7 20.933231055002878 23.439424146825555 0.19317410001531243
0.9517058877503753 10
0.9906131537365515 40
8 16.467015256030187 18.675539718196386 0.18969549995381385
0.7511271189793878 10
0.8337162593215829 40
0.9086020813292505 70
0.952338707945051 100
1.0 103
9 10.535462009505203 11.550848083364214 0.1731854000245221
0.597281727309395 10
0.8914279623555758 40
0.9470278301943258 70
0.9771260389107572 100
1.0 103
10 6.766900918679481 6.982791146913776 0.172174500010442
0.8587123141957164 10
0.9627062563204608 40
0.9732992308876676 70
0.9810669729254288 100
0.9999999999999996 103
11 5.1173436714569345 5.473900622165335 0.1688780999975279
0.9051894825673071 10
0.9576048352808882 40
0.9671516846348894 70
0.974550978291629 100
1.0000000000000004 103
12 4.0638428749633455 4.0517022190234915 0.16856770002050325
0.9150305963983622 10
0.9625161424552037 40
0.9689520590799031 70
0.9755662673639732 100
1.0 103
13 3.5235314112791674 3.475906858652207 0.17042599996784702
0.8843341300563925 10
0.9156021469067134 40
0.9227542431816697 70
0.9283911146507526 100
1.0000000000000002 103
14 3.16373394388129 3.0295376126971068 0.1653043000260368
0.7289164848711989 10
0.8705311523535149 40
0.8877326148498653 70
0.9031024846760604 100
0.9999999999999993 103
15 2.8914174023132984 2.7252403953999105 0.16414160002022982
0.8219275957994094 10
0.88459333180143 40
0.8908300469068532 70
0.8973862196702368 100
1.0 103
16 2.6763464025168853 2.4677707356783323 0.17526019999058917
0.8230432475454595 10
0.9109700691646394 40
0.919114389719265 70
0.9253450965651038 100
1.0000000000000004 103
17 2.4938813155647206 2.2437961639917656 0.16301860002567992
0.8925575846688599 10
0.9335628959076147 40
0.9391496375131707 70
0.9426809728823639 100
1.0000000000000002 103
18 2.3383912634093096 2.052595700779204 0.159980500000529
0.7451485929190096 10
0.8295340570432335 40
0.841232884413347 70
0.849025955451651 100
1.0000000000000002 103
19 2.2009494853013507 1.887270353009528 0.1592551000067033
0.8558417235345586 10
0.9134935286458435 40
0.9186219166481266 70
0.9228075579954562 100
0.9999999999999999 103
20 2.070203891353969 1.7435069795262157 0.1713533999864012
0.8063034440188512 10
0.8957349674524414 40
0.9060806729467498 70
0.9134613212205931 100
0.9999999999999997 103
21 1.9590128806342655 1.6050972577125142 0.1713210999732837
0.9462306769940081 10
0.9650893441577172 40
0.9670509825581987 70
0.9689557476677035 100
0.9999999999999999 103
22 1.8597510549450254 1.5202811695039982 0.1675866000005044
0.913100577982465 10
0.9515032489702026 40
0.9572874519612028 70
0.9597859646166579 100
0.9999999999999997 103
23 1.779227666464519 1.4025973816445256 0.16158810001797974
0.8986174315791934 10
0.9277314420740669 40
0.9316062414478687 70
0.9351117695525717 100
1.0 103
24 1.7083957637634652 1.3464327446992443 0.160009799990803
0.9170598400875652 10
0.9442464481670721 40
0.9493840693184004 70
0.9510294771391191 100
1.0000000000000002 103
25 1.6501980290454226 1.2540732742286276 0.16610740002943203
0.8700718888018092 10
0.9003429467459856 40
0.9050325789567786 70
0.9085293063627281 100
0.9999999999999998 103
26 1.597720622751801 1.200944922241756 0.16646129998844117
0.6833041895537114 10
0.7690995013247358 40
0.7793728967363258 70
0.7830283756377889 100
0.9999999999999998 103
27 1.5536763965026323 1.139262055658141 0.16655640001408756
0.7124721447014862 10
0.7610840969518221 40
0.768366697552988 70
0.773250086292662 100
0.9999999999999997 103
28 1.514808967568715 1.0901470279496612 0.16356299998005852
0.7069003771586136 10
0.7747624540336028 40
0.7833805075378516 70
0.7858154314281214 100
1.0000000000000007 103
29 1.4804137222584435 1.0511506810401863 0.16223519999766722
0.4628711296044404 10
0.5510386510278913 40
0.5604814080929376 70
0.5687588934982882 100
0.9999999999999994 103
30 1.44930380219489 1.0076449288673792 0.1685048000072129
0.8085451602163531 10
0.8467941770621047 40
0.8535988584983444 70
0.8559422444663947 100
1.0000000000000002 103
31 1.4209085993559027 0.9794642374637047 0.17034399998374283
0.4964049140559257 10
0.5664731954928404 40
0.5765854600761667 70
0.5845084095780088 100
1.0 103
32 1.3934116198969733 0.9389904089724411 0.16200690000550821
0.8439212712530991 10
0.8746392216954122 40
0.8797221213950217 70
0.8824320423120227 100
0.9999999999999999 103
33 1.3682148084598087 0.9167928436941032 0.16090879996772856
0.42944976235435733 10
0.49275902243633907 40
0.504939933869112 70
0.5145110703675795 100
0.9999999999999999 103
34 1.342694251537772 0.8771377751272766 0.17244950000895187
0.8397851425415752 10
0.8703408622414118 40
0.874378898720535 70
0.8776335521102977 100
1.0000000000000002 103
35 1.319364422294709 0.8594598568230046 0.1693673999980092
0.35666397917525716 10
0.42228147298237145 40
0.4362334679731773 70
0.4482265812116815 100
1.0 103
36 1.2948279603141337 0.8187155319238336 0.17153019999386743
0.8150246735520018 10
0.8510180783203387 40
0.8545057140777924 70
0.8585289182100166 100
1.0 103
37 1.2725058020074635 0.8039219263574543 0.16538700001547113
0.37068758652008743 10
0.4388562515835292 40
0.4532930144600844 70
0.46557672961774205 100
1.0000000000000002 103
38 1.2485108159925433 0.7617119605663581 0.16445580002618954
0.7966583507136578 10
0.8391618421677176 40
0.8422371963084808 70
0.8466907662385846 100
0.9999999999999992 103
39 1.2267731681180893 0.7479424053560483 0.1672159000299871
0.43605349880705374 10
0.5044846044467254 40
0.5184908900515588 70
0.5287828560674327 100
1.0000000000000002 103
40 1.2035347556698224 0.7060021859534052 0.1730528000043705
0.799326697454535 10
0.8415984257730124 40
0.84428297813674 70
0.8484515675969394 100
0.9999999999999996 103
41 1.1824551885838464 0.6913102512303304 0.18565389997093007
0.5002169027314233 10
0.5612030477895859 40
0.574623694383158 70
0.5820790562166984 100
1.0 103
42 1.1608426201186797 0.6536146956963629 0.17845120001584291
0.7878317818154246 10
0.8287569319277236 40
0.8314803743654894 70
0.8353377913819854 100
1.0000000000000002 103
43 1.141012895085529 0.635860368809977 0.31199720001313835
0.5520370692816391 10
0.5896901682253762 40
0.6012382486487629 70
0.6054216806449472 100
0.9999999999999996 103
44 1.1223625774857542 0.6081129916717136 0.1710419000010006
0.7342033781737248 10
0.7707465593625076 40
0.7741151209226574 70
0.7777508923239187 100
1.0 103
45 1.104812130099938 0.5853997076519342 0.16868150001391768
0.4332462127439428 10
0.4521254235025625 40
0.46051427602506695 70
0.46359254808819406 100
1.0000000000000004 103
46 1.0887009107130983 0.568000118333283 0.1724809999577701
0.804229347643139 10
0.831814793994133 40
0.834276291695739 70
0.8364565220953332 100
0.9999999999999994 103
47 1.0729648118703263 0.5406112030883469 0.17503310000756755
0.5298291913286278 10
0.5510021146245588 40
0.5546955947391166 70
0.5579428052536894 100
1.0000000000000004 103
48 1.0576591177351515 0.5281436320191392 0.16976960003376007
0.854301539697626 10
0.8772443504158148 40
0.8791386106168274 70
0.8806942068815584 100
1.0000000000000002 103
49 1.0425989937679492 0.498850637147654 0.1730593999964185
0.5856910915627419 10
0.6070574098633238 40
0.6100752363756604 70
0.6131318646733065 100
1.0000000000000002 103
50 1.027769671328846 0.4887708593329908 0.1792637999751605
0.8767632771371985 10
0.8944692244081422 40
0.8959972514437161 70
0.89726610614231 100
1.0 103
51 1.0132891710499954 0.4597611825087094 0.16625609999755397
0.4888594155791168 10
0.509715812352397 40
0.5139739609501764 70
0.5175695729517347 100
0.9999999999999999 103
52 0.9989674565575116 0.45138218177034867 0.16267460002563894
0.8841940879099977 10
0.8979695534792209 40
0.8992707050017519 70
0.9004051971984397 100
0.9999999999999996 103
53 0.9851345314394324 0.4233626872791887 0.16725409997161478
0.32865461409311547 10
0.3480190075318766 40
0.3546345946879811 70
0.35927891409495966 100
0.9999999999999999 103
54 0.971396434928244 0.41701704998697586 0.16447679995326325
0.8791883498435029 10
0.8912167228761119 40
0.8924253270089892 70
0.8935455461059174 100
0.9999999999999996 103
55 0.9582940521332859 0.3897727112358115 0.17514180002035573
0.31247674231232275 10
0.331011630170698 40
0.3386312658186216 70
0.3434829642051529 100
1.0000000000000002 103
56 0.9453256461096786 0.3861974539435114 0.1604014000040479
0.8615449944594705 10
0.873709550059629 40
0.8749497206249732 70
0.8761526583518627 100
1.0 103
57 0.9331309914044971 0.35964357001090946 0.1688214000314474
0.4209849572291593 10
0.43881430660881526 40
0.44563921392257494 70
0.44973873109644785 100
0.9999999999999997 103
58 0.9212455897204878 0.3589680791482087 0.1687646000063978
0.8321155894799477 10
0.8455233527528072 40
0.8469017127250448 70
0.8481732865838743 100
1.0000000000000004 103
59 0.9102020146357561 0.334000951101633 0.1583169000223279
0.4864943691711916 10
0.5015843555957238 40
0.5077795902933043 70
0.5112760025412253 100
0.9999999999999996 103
60 0.8996666837180819 0.3350658234647583 0.1691269000293687
0.7991901253206805 10
0.8141128044593221 40
0.8156449040807948 70
0.8168339997855566 100
1.0000000000000002 103
61 0.8899137636665752 0.3131604208490834 0.1643530000001192
0.518569463126378 10
0.5309222088879041 40
0.5366419142155308 70
0.539624279675816 100
1.0 103
62 0.8807390959321201 0.3144796600760053 0.17447849997552112
0.7567485124559661 10
0.7744315253717927 40
0.776126907206999 70
0.7772380671187261 100
1.0000000000000002 103
63 0.872213876968697 0.29628514246195875 0.16742660000454634
0.5293938180668021 10
0.5411076986893105 40
0.5464987604893211 70
0.5490990692808665 100
1.0000000000000007 103
64 0.8642066787580943 0.29736649099960816 0.1678956999676302
0.6886359091753028 10
0.71093793142387 40
0.7129472982667265 70
0.7141500778515051 100
0.9999999999999996 103
65 0.8567359312562407 0.2822956626901905 0.17005269997753203
0.530365714659036 10
0.542171524706816 40
0.547318976955443 70
0.5496631148130293 100
1.0000000000000007 103
66 0.8496883998616926 0.2834458607355897 0.1660785999847576
0.60821331863313 10
0.6338994495564955 40
0.6363503562557801 70
0.6377381896565114 100
0.9999999999999991 103
67 0.8431022273323037 0.2704744712215551 0.16669699997873977
0.5460559658631119 10
0.5570043519552057 40
0.5617664316726348 70
0.5638211288767793 100
1.0000000000000002 103
68 0.836863941427188 0.2720722394432848 0.17881640000268817
0.5685848888499601 10
0.5929810638220643 40
0.595695474172548 70
0.5971364980723544 100
0.9999999999999998 103
69 0.8310309648997116 0.26038504930450757 0.17239670001436025
0.5710353463950906 10
0.5804815645717232 40
0.5848190271529301 70
0.5865540384211344 100
1.0 103
70 0.8255078969051328 0.2625561447872949 0.17234089999692515
0.6207790524182999 10
0.6400462234593061 40
0.6424661666165868 70
0.6436545979408926 100
0.9999999999999997 103
71 0.8203382158592242 0.25173398709178674 0.1744444000069052
0.5848554614202006 10
0.5931375003599292 40
0.5972083365737391 70
0.5986751816586882 100
1.0 103
72 0.8154786892079996 0.25432422794068393 0.16714320000028238
73 0.16295666438415773
-------------------------------------------------END------------------------------------------------------
------------------------------------Krylov only---------------------------------------------------
364.14410690143905 371.78635423947765
0.9999999999999999 11
0 337.9002105423353 345.7218401754282 0.054338600020855665
1.0000000000000007 11
1 287.137179865394 297.4290656411948 0.05257359996903688
1.0 11
2 184.51567964531785 192.02881631569164 0.05326679995050654
0.9999999999999994 11
3 91.24938184681758 96.37156954974841 0.05212760000722483
0.9999999999999999 11
4 30.284321533820673 32.01452495070447 0.05253429996082559
0.9999999999999998 11
5 13.838125574094656 14.51020452280696 0.05616169999120757
1.0000000000000004 11
6 8.037009768113867 8.142003958389262 0.05610550002893433
0.999999999999999 11
7 5.909784610469381 5.785353128238325 0.048437500023283064
0.9999999999999998 11
8 5.141278870621975 4.9071433082348594 0.04875560000073165
1.0 11
9 4.522723393823889 4.2702560563823715 0.04936830000951886
0.9999999999999996 11
10 4.148375640812163 3.8352639697389534 0.05182149994652718
0.9999999999999982 11
11 3.8482109033600143 3.576806498608894 0.053005099995061755
1.0000000000000004 11
12 3.593481728798177 3.239991108217103 0.05137050000485033
0.9999999999999996 11
13 3.3915701555827678 3.1173942918467956 0.05450119997840375
1.0000000000000007 11
14 3.221421128773934 2.859898105620777 0.04851699998835102
0.9999999999999996 11
15 3.074514768132291 2.7742669473197528 0.053589400020428
0.9999999999999991 11
16 2.9434238753024804 2.5791320315650457 0.05583889997797087
0.9999999999999996 11
17 2.793976517405996 2.45228960179636 0.05519569996977225
1.0000000000000009 11
18 2.6757924617839532 2.2961322165728446 0.04731049999827519
0.9999999999999999 11
19 2.570724275095848 2.20298278884526 0.051094100053887814
1.0000000000000002 11
20 2.4808651911573665 2.0933773002251197 0.0499718000064604
0.9999999999999997 11
21 2.405294170727653 2.0105467596824984 0.05228830000851303
1.0 11
22 2.332068914183489 1.9263524810047534 0.05346080003073439
1.0000000000000016 11
23 2.267166279818151 1.840372089345604 0.05390689999330789
0.9999999999999987 11
24 2.2077056812307476 1.7777577058019622 0.048153000010643154
1.0000000000000004 11
25 2.150065921836057 1.6845040023900224 0.05080570001155138
1.0000000000000004 11
26 2.09602740348056 1.6406271917686868 0.05290969996713102
0.9999999999999981 11
27 2.0424081315842284 1.5420874631903472 0.049748599994927645
0.9999999999999998 11
28 1.9933276048360866 1.5113416336436836 0.04829919995972887
1.0000000000000002 11
29 1.9448335263928325 1.4147119833108601 0.05265049997251481
1.0000000000000009 11
30 1.899949412490199 1.392653415422501 0.052756200020667166
1.0000000000000009 11
31 1.854173444147725 1.3003401498435243 0.04556709999451414
0.9999999999999994 11
32 1.8149629828248297 1.282066863029123 0.052317699999548495
1.0000000000000004 11
33 1.775789244117371 1.204919733353831 0.04516109998803586
0.9999999999999996 11
34 1.7402777074427642 1.1880647151453734 0.053538599982857704
1.0 11
35 1.70292995587587 1.1193419474742194 0.05582870001671836
1.0000000000000004 11
36 1.6692300659575503 1.1019048362236525 0.04949280002620071
1.0000000000000002 11
37 1.6368798974655878 1.047893757547873 0.0580997999641113
1.0000000000000013 11
38 1.6080494379645143 1.03139124288468 0.05864910001400858
0.9999999999999998 11
39 1.580992173696931 0.9884978118070857 0.0743195999530144
1.0000000000000004 11
40 1.554336852845718 0.9709208839912048 0.04938319994835183
1.0000000000000004 11
41 1.5289946843863098 0.9359221136078228 0.051616800017654896
1.0000000000000007 11
42 1.5037758224682076 0.9169197429793089 0.054155000019818544
0.9999999999999996 11
43 1.4798517219226865 0.8885154776087222 0.049419799994211644
0.9999999999999997 11
44 1.4561588548430298 0.8682608524528239 0.049671599990688264
1.0000000000000007 11
45 1.4336327647479197 0.846183497243825 0.04928440001094714
1.000000000000001 11
46 1.4108235207681383 0.82401777857395 0.051894000032916665
1.0000000000000002 11
47 1.389024032898751 0.8071697000292516 0.054900299990549684
1.0000000000000004 11
48 1.3678522072066666 0.7812775584457975 0.04733839997788891
0.999999999999999 11
49 1.3474381722418165 0.7690810074225597 0.05089269997552037
0.9999999999999994 11
50 1.3281695287648234 0.7440162245877782 0.05194159998791292
1.0000000000000016 11
51 1.3082271123415297 0.7317785772856048 0.05192150000948459
1.0000000000000007 11
52 1.2898960140551496 0.7081695529727954 0.052907600009348243
0.9999999999999994 11
53 1.2724790887346342 0.6982523400031073 0.04818729998078197
1.0000000000000004 11
54 1.2556385441569842 0.6771351949607256 0.04983999999240041
0.9999999999999987 11
55 1.239306482021458 0.6667459306786736 0.04894459998467937
0.9999999999999988 11
56 1.2230360428994587 0.6462544790634649 0.05152389995055273
1.0000000000000004 11
57 1.2059203612878453 0.6350455572273782 0.04703040001913905
1.0 11
58 1.1890207514768574 0.6141956395239547 0.05292320001171902
1.0000000000000016 11
59 1.173410193564183 0.6028503034820626 0.04780830000527203
1.000000000000001 11
60 1.157674447574414 0.5843576777193267 0.04632419999688864
1.0000000000000004 11
61 1.1397599160484106 0.570646007255843 0.04930349998176098
1.0000000000000002 11
62 1.1219602063175713 0.5482383384022085 0.0507149999612011
0.9999999999999997 11
63 1.107910931755945 0.5401575402352845 0.052969600015785545
0.9999999999999992 11
64 1.094303138542449 0.5229783474323114 0.04814510000869632
1.0000000000000007 11
65 1.0814409959162568 0.5137453020647131 0.05714889999944717
1.0000000000000009 11
66 1.0688096225022141 0.4975416069761828 0.05154179997043684
0.9999999999999992 11
67 1.0568104560821698 0.48825395366480984 0.0519507999997586
0.9999999999999993 11
68 1.0449453878895598 0.4744142359545616 0.048121800005901605
1.0000000000000009 11
69 1.033636847393548 0.4644546862254539 0.05102240003179759
1.0000000000000002 11
70 1.022424933942539 0.4519350468546618 0.0488294999813661
0.9999999999999993 11
71 1.0117829167545804 0.44177035237496853 0.05082439997931942
0.9999999999999999 11
72 1.0011800022735053 0.4308989914484176 0.053048099973239005
1.0000000000000009 11
73 0.9911731794789659 0.42077251558645534 0.0472287000156939
0.9999999999999989 11
74 0.98121543986215 0.4103996638481821 0.048444699961692095
0.9999999999999994 11
75 0.971864695647392 0.40099910923787296 0.04933579999487847
1.0000000000000022 11
76 0.962575383191843 0.39185538523216645 0.05129869998199865
0.9999999999999991 11
77 0.9539045718824078 0.382408637001402 0.05434700002660975
1.0000000000000007 11
78 0.9452814872865954 0.3737331535252092 0.05187859997386113
1.0 11
79 0.9372577548128149 0.36550105432224067 0.0505785999703221
1.0000000000000007 11
80 0.9292745172718351 0.3577557387571061 0.0502146000508219
1.0000000000000007 11
81 0.9217833740877953 0.34982791316585443 0.0498410000000149
0.9999999999999993 11
82 0.9142531557375445 0.34181812569062925 0.04664430004777387
0.9999999999999993 11
83 0.9072263336730195 0.3351500522962067 0.05464709998341277
0.9999999999999997 11
84 0.9000821624697001 0.3275080529213459 0.05149460001848638
1.0000000000000002 11
85 0.8907427484589867 0.3193703379989769 0.054975799983367324
1.0000000000000004 11
86 0.8827323677417093 0.30884557911661037 0.05063040001550689
0.9999999999999996 11
87 0.8773850649792357 0.3053919416120179 0.050096599967218935
1.000000000000001 11
88 0.8721468242376926 0.2990552358277191 0.0489590999786742
0.9999999999999994 11
89 0.8672733568815544 0.294813357294648 0.053688300016801804
90 0.05155191332903794
-------------------------------------------------END------------------------------------------------------
39
------------------------------------Randomized only---------------------------------------------------
402.5909433696502 401.4607414403573
0.9775347890656672 10
0.9997127998341202 40
0 369.202256736839 369.72176791743857 0.06144630000926554
0.9819116820254947 10
0.9996555276181237 40
1 321.7256245346517 323.82112795243563 0.05878860002849251
0.9848913107931668 10
0.9993276739486842 40
2 266.0292373942712 274.7703838492053 0.06410519999917597
0.9203884754875735 10
0.9984495099950653 40
3 195.40617813078515 209.08499960816397 0.06613809999544173
0.9352744869941377 10
0.9936856096736724 40
4 118.421397660202 129.70210812981585 0.05633350001880899
0.7632523398305632 10
0.9595136908439965 40
0.9927565014490072 70
5 55.39553161925485 56.98886362669666 0.1059497999958694
0.7409592730094985 10
0.9542406922871791 40
0.9751360318368291 70
0.9911426596124316 100
6 33.641703147839614 34.86263166721034 0.15798879996873438
0.8273154076965807 10
0.9653751117930545 40
0.9823199929789852 70
0.9892716553151277 100
0.9999999999999989 103
7 24.76281337291289 25.259202249615832 0.18162590003339574
0.9882122023088089 10
0.9986528017829783 40
8 13.800122833473177 14.178041629378061 0.06274719996144995
0.9212095798647789 10
0.95429966525094 40
0.9806469963711865 70
0.9890243820390368 100
1.0000000000000004 103
9 11.120217457698969 11.869531490388953 0.1714598999824375
0.9407176873090017 10
0.9969259014807875 40
10 7.348780713335936 8.137732037295388 0.05608009995194152
0.7435733552690479 10
0.8433527671750997 40
0.9230385481197997 70
0.9704260280115508 100
1.0000000000000004 103
11 5.453758669986429 5.821555448474274 0.18864560005022213
0.984734226621138 10
0.9932637031795433 40
12 5.2009880727713576 5.619689126316529 0.0570527000236325
0.165386532575921 10
0.2020598204284861 40
0.507599537133185 70
0.7318584723253605 100
1.0000000000000002 103
13 4.108954490389824 3.9282052328632338 0.19002129998989403
0.9562099712476849 10
0.9980782276596778 40
14 3.225722197769801 3.0022127980903677 0.061032600002363324
0.6788594684745316 10
0.7134716333254958 40
0.8268830321526104 70
0.8808595732805246 100
1.0000000000000002 103
15 2.6678119653169756 2.279558556539773 0.18451069999719039
0.9753043676456566 10
0.9964359818649311 40
16 2.5045711991246864 2.1054055682932225 0.06732249999186024
0.07605575684954291 10
0.09261443472806385 40
0.3382507883931961 70
0.4302356269771889 100
0.9999999999999991 103
17 2.102625763708233 1.6610661993115463 0.1877027999726124
0.9239973993322257 10
0.9833213673427704 40
0.988329612383115 70
0.9894564518340357 100
0.9999999999999996 103
18 1.787672964307462 1.2815911098434367 0.1747612999752164
0.9408053469177289 10
0.9856883396601426 40
0.9875392383403424 70
0.9881818397827992 100
1.0000000000000009 103
19 1.5811876849394766 1.0961406523159378 0.16752140002790838
0.9710121335465406 10
0.9830380829047215 40
0.9855834413121292 70
0.9864234594709578 100
0.9999999999999998 103
20 1.454716757487034 0.9155381376686205 0.17456600000150502
0.9462034939300973 10
0.9670794701004956 40
0.9701190005082765 70
0.9716837796644907 100
1.0 103
21 1.3653585217315825 0.8624667269614915 0.18285619997186586
0.8231187543802019 10
0.8877986150254485 40
0.8968691001134699 70
0.8994331214980059 100
0.9999999999999997 103
22 1.2942149376271772 0.7610747373024801 0.1781473999726586
0.9272993113631702 10
0.9446450104000121 40
0.947926121066834 70
0.9496418006058405 100
0.9999999999999999 103
23 1.2354397312070182 0.7314277766591547 0.17914880003081635
0.8071385385224024 10
0.875930029712888 40
0.8809363661996122 70
0.8832707842759886 100
0.9999999999999991 103
24 1.1874783597958103 0.6697517979053144 0.1822311000432819
0.9045602000812439 10
0.9184621953213881 40
0.9218949063389941 70
0.9232995520653035 100
0.9999999999999999 103
25 1.1462475803103422 0.6404351346023653 0.17804359999718145
0.8715069195496056 10
0.9033631784631846 40
0.9046742429722492 70
0.9057603138106021 100
1.0000000000000002 103
26 1.1112207280156996 0.5999956091321824 0.1712112000095658
0.875998940035516 10
0.8894358739451622 40
0.8930664357488225 70
0.8944185660198278 100
1.0000000000000009 103
27 1.0785595135090957 0.5669029044059685 0.1771739999530837
0.8815420073856675 10
0.9053093561457767 40
0.906329246570084 70
0.907159908369457 100
1.0000000000000009 103
28 1.0503189072422479 0.5370835804112396 0.17341119999764487
0.8569104774994053 10
0.8725628748024996 40
0.8763575971051256 70
0.8777477568805928 100
1.0000000000000004 103
29 1.0227945899056612 0.5040429581609454 0.17302710004150867
0.8453027636094629 10
0.8731120686018349 40
0.8745359347130433 70
0.875649142838546 100
1.0000000000000002 103
30 0.9991788173290194 0.4798059499172241 0.16924369998741895
0.846475450423311 10
0.8690359652341749 40
0.8724468745891545 70
0.8736646376274894 100
0.9999999999999999 103
31 0.9758702614529928 0.4504483521734673 0.17233759997179732
0.7395127203699244 10
0.7808416707345287 40
0.7830905672174636 70
0.7849851508804027 100
0.9999999999999999 103
32 0.9559918846746416 0.42861516602574945 0.17478729999857023
0.8233600250134154 10
0.8563839223529637 40
0.859212752356607 70
0.8601865674364421 100
1.0000000000000004 103
33 0.9364915141769472 0.4055044392272215 0.17497950000688434
0.49876984268089997 10
0.5644701395263563 40
0.5682826155606554 70
0.5719744694781955 100
0.9999999999999994 103
34 0.9197085762827317 0.3842361636985415 0.17315609997604042
0.7742708314909428 10
0.816297862233919 40
0.8188273573992212 70
0.8196863628928395 100
1.0 103
35 0.9033481555357661 0.3673111957705254 0.1736259000026621
0.3561357587868277 10
0.42883800439666997 40
0.4339138408476136 70
0.4392747690129555 100
1.0000000000000004 103
36 0.8890199852504709 0.34642911647382546 0.1693053999915719
0.7120686107766124 10
0.7593913717039603 40
0.7623458258639702 70
0.7634387277592803 100
0.9999999999999996 103
37 0.8750341216695763 0.33367575780928466 0.1989367000060156
0.36823731306823676 10
0.43711133641990796 40
0.4434055840174643 70
0.4490311130789542 100
1.0000000000000002 103
38 0.8626018603070051 0.31390710558507956 0.17472680000355467
0.6777317458297724 10
0.7276551035737351 40
0.7316348645336542 70
0.7332762316483805 100
1.0000000000000004 103
39 0.8504421928010506 0.3038042024441156 0.17127370001981035
0.37167379387885363 10
0.43657035661171667 40
0.44425252854346203 70
0.4499171887781391 100
1.0000000000000007 103
40 0.8395111847133679 0.2855979757578379 0.17107179999584332
0.7059774055117042 10
0.7493750465561384 40
0.7537596484918672 70
0.7556745238807882 100
0.9999999999999998 103
41 0.8288740290153208 0.2774095354056905 0.17624549998436123
0.3762357436985344 10
0.4334321583307006 40
0.44209674805186 70
0.44771901198032504 100
0.9999999999999996 103
42 0.8192144751272828 0.26095805186140625 0.17343199998140335
0.7643542456285544 10
0.7958390826521254 40
0.7997287363308105 70
0.8014822272500718 100
1.0000000000000002 103
43 0.8098965514426896 0.25416995942939463 0.19085690000792965
0.4162107558926341 10
0.4629027466757177 40
0.4716212440123126 70
0.47676188905704814 100
1.0000000000000002 103
44 0.8013483266523195 0.2395928410143926 0.17142129997955635
0.8049727729291843 10
0.828013380694453 40
0.8313005556003802 70
0.8328216278264493 100
0.9999999999999997 103
45 0.7931923329438342 0.23382478096981837 0.17880580003838986
0.46861867945471547 10
0.5061888177686826 40
0.5142416907023445 70
0.5186529903762527 100
0.9999999999999998 103
46 0.7856395681229263 0.2211573759082136 0.1761374000343494
0.8168273267466 10
0.8360992590858679 40
0.8390312103475166 70
0.8404289637595481 100
0.9999999999999987 103
47 0.7785261718098153 0.216185726413187 0.1765484000206925
0.48963260693141997 10
0.5212291529340695 40
0.5285643094478268 70
0.5323890776828181 100
1.0000000000000004 103
48 0.7718876824930395 0.20536863340253864 0.17515670001739636
0.8027455577764314 10
0.8212131946691272 40
0.824007494848209 70
0.8253967648655381 100
1.000000000000001 103
49 0.7657118659059455 0.20104331411636714 0.17737489996943623
0.4611818406385787 10
0.4893633187292582 40
0.4962346609181409 70
0.499715234821042 100
1.0000000000000002 103
50 0.7599147060478344 0.19196178069927441 0.17380060005234554
0.7625203820527288 10
0.7818652377112995 40
0.7846575887122303 70
0.7861249139427129 100
1.0000000000000002 103
51 0.7545677670807868 0.18813468391473337 0.17576219997135922
0.3824328254705685 10
0.408681472572712 40
0.4152768138943833 70
0.41857097659429676 100
0.9999999999999998 103
52 0.7495281270275101 0.18064393827907535 0.1770736000034958
0.6923663219693805 10
0.7133723279773909 40
0.716242403798259 70
0.7178354083737484 100
0.9999999999999998 103
53 0.7448930881533669 0.17717181359590484 0.18350759998429567
54 0.15408552407407788
-------------------------------------------------END------------------------------------------------------
------------------------------------Krylov only---------------------------------------------------
402.5909433696502 401.4607414403573
1.0000000000000002 11
0 368.3947994938822 368.777387197551 0.05329080001683906
1.0 11
1 319.17681392214035 322.0598640249643 0.05088739999337122
1.0000000000000004 11
2 242.884988088917 253.20223467788523 0.05892759998096153
1.0000000000000002 11
3 216.30622114799274 226.99610185217665 0.08503289998043329
0.9999999999999997 11
4 208.88087833325474 223.59651159511301 0.07574990001739934
0.9999999999999986 11
5 107.44570049482859 113.66673202464153 0.05231719999574125
0.9999999999999989 11
6 63.350438946961916 66.36377244326115 0.05317619995912537
0.9999999999999991 11
7 19.47216037784779 20.652801120227085 0.05437900003744289
0.9999999999999992 11
8 12.986339512282358 12.710405546066358 0.05767890001880005
1.0000000000000009 11
9 8.57438713207559 8.577975845949473 0.06548160000238568
1.0000000000000002 11
10 6.612742611552926 6.652713454202716 0.05618820001836866
1.0000000000000007 11
11 5.573478977553815 5.550537714163054 0.05309180001495406
1.0000000000000016 11
12 4.955124879870703 4.928136293671588 0.06551059999037534
0.9999999999999997 11
13 4.5046802190912665 4.425769418817923 0.07276449998607859
0.9999999999999998 11
14 4.1269205811992 3.992748622209262 0.057169899984728545
0.9999999999999996 11
15 3.8119743601735454 3.638122152601003 0.06054119998589158
1.0000000000000009 11
16 3.532206483421958 3.29595553971883 0.05398270004661754
1.0000000000000002 11
17 3.2836157377218553 2.976076364900331 0.05643450003117323
1.0000000000000004 11
18 3.0837902804483117 2.7782045918050837 0.0565873000305146
1.0000000000000016 11
19 2.910713833250902 2.515681408810392 0.05446790001587942
0.9999999999999994 11
20 2.76432491694569 2.372430006714637 0.054981599969323725
1.0000000000000004 11
21 2.629641585659458 2.1551540091020804 0.05620029999408871
1.0000000000000022 11
22 2.51246741386086 2.0558132689475155 0.05627180001465604
0.9999999999999996 11
23 2.40356919573942 1.8772827843300601 0.052080699999351054
1.0 11
24 2.306980977856322 1.801796086076996 0.053523600043263286
1.000000000000001 11
25 2.2164580828910845 1.6571996849225055 0.05268020002404228
0.9999999999999996 11
26 2.134262682540637 1.5933840849513425 0.054782799968961626
0.9999999999999993 11
27 2.0538081428576964 1.4724099319949537 0.05523900000844151
1.0 11
28 1.9816323740549757 1.4149423662777445 0.05230499996105209
0.9999999999999991 11
29 1.903152930951242 1.2968096225601866 0.05512319999979809
0.999999999999999 11
30 1.8375411668785193 1.2636067350513467 0.05403749999823049
1.0000000000000002 11
31 1.782570679526628 1.1666810182880072 0.05273180000949651
0.9999999999999998 11
32 1.7327286601325607 1.146229602189888 0.053685099992435426
0.9999999999999998 11
33 1.6832945695547263 1.0611606103994802 0.05461079999804497
1.0000000000000004 11
34 1.6373745959076846 1.0434171889032582 0.05447109998203814
1.0000000000000007 11
35 1.5916682696433837 0.9658968606017493 0.05617339996388182
1.0000000000000007 11
36 1.5487535835719002 0.951669037162337 0.049775300023611635
0.9999999999999992 11
37 1.5073673597175439 0.8800689817900127 0.05440899997483939
1.000000000000001 11
38 1.468248466465803 0.8697170086600975 0.0631271000020206
0.9999999999999992 11
39 1.4316449683575803 0.8056998953136032 0.05612159997690469
0.9999999999999996 11
40 1.3962392809707818 0.7965893449080849 0.053797899978235364
0.9999999999999996 11
41 1.3617465496153445 0.7392360002619189 0.05226690002018586
1.0000000000000002 11
42 1.329028100581999 0.7284252819144932 0.05350989999715239
1.0000000000000009 11
43 1.2984823381550537 0.6793084969902027 0.04998969996813685
1.0 11
44 1.2694526895410991 0.6691685466713571 0.049549799994565547
1.0000000000000004 11
45 1.242170189464697 0.627971092144545 0.05677020002622157
1.0000000000000007 11
46 1.2162483950558516 0.6165210945092308 0.056244000035803765
1.000000000000002 11
47 1.1924612924391305 0.5834763508446127 0.05291430000215769
0.9999999999999984 11
48 1.1699353573542224 0.5702157756851755 0.05755470000440255
0.9999999999999997 11
49 1.1491719820054673 0.5451080395114727 0.04950300004566088
1.0 11
50 1.1298123627820968 0.5295948046285183 0.054894300003070384
1.0000000000000004 11
51 1.1124193827860385 0.512215388102913 0.0527019000146538
1.000000000000001 11
52 1.0953777176817399 0.49421979642322067 0.05186099995626137
0.9999999999999992 11
53 1.079933627678293 0.48229725569928644 0.060093100008089095
0.9999999999999993 11
54 1.065810661049336 0.4668970921509095 0.06638650002423674
1.0000000000000018 11
55 1.0531922191407321 0.4584832135196413 0.055946099979337305
1.0000000000000004 11
56 1.0413851939563723 0.4432850976238716 0.05261429998790845
0.9999999999999992 11
57 1.0304955427168165 0.4368552480088365 0.049191500002052635
1.0000000000000002 11
58 1.0200874070060706 0.4234835297121389 0.05780579999554902
1.0000000000000009 11
59 1.0103009391475632 0.4182511449144135 0.05587710003601387
1.0 11
60 1.0007247795219756 0.40643880705181457 0.05044540000380948
0.9999999999999998 11
61 0.9916237413754152 0.4010637129487184 0.05139979999512434
0.9999999999999992 11
62 0.9829259863981701 0.38796636150498376 0.05533299996750429
0.9999999999999996 11
63 0.9745806646722375 0.3853127531327503 0.052525200007949024
1.0000000000000007 11
64 0.966665836597604 0.37350493345548624 0.05340560001786798
1.0000000000000002 11
65 0.9590068907833095 0.37085022804868756 0.05429520003963262
1.000000000000001 11
66 0.9516342982389735 0.3595103994814944 0.05110909999348223
1.0 11
67 0.9444540512782414 0.3572794297701871 0.05600020004203543
0.9999999999999987 11
68 0.9374632458060107 0.3459407028581804 0.054415500024333596
1.0 11
69 0.9306254040331238 0.34434253977220064 0.05471100000431761
0.9999999999999984 11
70 0.9238642209777302 0.33527221894798065 0.05688729998655617
1.0000000000000007 11
71 0.9172716443311437 0.3318588926277468 0.05754990002606064
0.9999999999999997 11
72 0.9111625527323602 0.3223429186537516 0.05742580001242459
0.9999999999999994 11
73 0.9051589360281472 0.3203492905316004 0.055411399982403964
1.000000000000001 11
74 0.8993704986851326 0.3113600621892272 0.05733519996283576
0.9999999999999993 11
75 0.8936767930582455 0.30935011285790526 0.05730069999117404
0.9999999999999991 11
76 0.8881816611598451 0.30098131800195643 0.05514230002881959
1.0000000000000002 11
77 0.8827829191902224 0.2989022552424631 0.051834599988069385
0.999999999999998 11
78 0.8775715824563473 0.29121145446643376 0.055694300041068345
1.0000000000000004 11
79 0.8724542951055977 0.2889782105455387 0.04972670000279322
0.9999999999999996 11
80 0.8675188017043601 0.2820320255091769 0.05663010000716895
81 0.05580297901502086
-------------------------------------------------END------------------------------------------------------
40
------------------------------------Randomized only---------------------------------------------------
352.27426866487775 355.86384515836784
0.9955106195822963 10
0 330.2634962402289 334.99970703955313 0.03172110003652051
0.9960592629923423 10
1 298.88768566024663 306.0102401982404 0.04177189996698871
0.9950806393551079 10
2 265.07478011994056 274.9711058226317 0.03482930001337081
0.9811123254869075 10
0.9990447855055777 40
3 241.20094734309384 252.21882770564977 0.07212139997864142
0.8438410504936611 10
0.9932969093570239 40
4 179.89587563381752 190.5216459873225 0.054456999991089106
0.7044247978058967 10
0.9777691393291909 40
0.9869050113256729 70
0.9927675422415871 100
5 110.92370476400829 116.86821804847536 0.16696229996159673
0.6426931879814144 10
0.9274490010035075 40
0.9671979400742743 70
0.9862854310753136 100
0.9999999999999996 103
6 47.70426106377759 47.7938078075159 0.18087999999988824
0.619237408038637 10
0.9545751317428796 40
0.9735697291590836 70
0.9850935248042096 100
1.0 103
7 24.08294524213945 23.24471215036122 0.20443679997697473
0.5760001086573753 10
0.8700329894151215 40
0.9271323745683201 70
0.95229915612755 100
1.0000000000000004 103
8 14.039174889777527 14.333385043099913 0.21279070002492517
0.6104495859772057 10
0.8902194580246077 40
0.9462995039435373 70
0.967532239887451 100
1.0000000000000002 103
9 8.958300343722241 9.216737938942734 0.19050159998005256
0.7603514415819851 10
0.8754848266295913 40
0.918535497050345 70
0.9473668546729718 100
1.0000000000000004 103
10 6.542939585131132 6.722389116286784 0.1884233999880962
0.5351033693539942 10
0.8251036979520804 40
0.8664138050367582 70
0.8869420265810061 100
1.0000000000000002 103
11 5.31097756564294 5.256264081323394 0.18442500004312024
0.6149031871203714 10
0.7603873044398975 40
0.822533323017891 70
0.8493286242098622 100
0.9999999999999993 103
12 4.582363591597748 4.5213081141618 0.19228499999735504
0.20551968895519235 10
0.36814415896605074 40
0.4880563728647899 70
0.5304906408512707 100
0.9999999999999998 103
13 3.9591642411288834 3.829294496537936 0.18836349999764934
0.5439970583070463 10
0.6501563961220443 40
0.7015517919400928 70
0.7256610181679265 100
1.0000000000000002 103
14 3.5395802816560753 3.5053065511972363 0.16860360000282526
0.22328215284502242 10
0.3126110915780446 40
0.3858449555899259 70
0.4309717006702667 100
1.0000000000000009 103
15 3.2099501046915067 3.1082754157146577 0.1842051999992691
0.28057594434503896 10
0.4451363783188174 40
0.49099556944399453 70
0.5158136716061993 100
0.9999999999999998 103
16 2.979627121722446 2.911289503458158 0.18146810005418956
0.0837284488162832 10
0.18861836035918364 40
0.24364614262363316 70
0.2931274113009223 100
1.0000000000000004 103
17 2.7933120819958677 2.627041036854327 0.17030220001470298
0.16153590609173935 10
0.30238323769273306 40
0.3431213349184266 70
0.36706403449275926 100
1.0000000000000002 103
18 2.6511430190312537 2.5289339878370254 0.1765929000102915
0.08480178972437519 10
0.20226423301840032 40
0.2434550541461518 70
0.2731954170666405 100
0.9999999999999991 103
19 2.5211092184468136 2.296151893389495 0.179767899971921
0.1865000368073268 10
0.25490474347360426 40
0.28470191460138294 70
0.3104339915767691 100
1.0000000000000004 103
20 2.417888588377477 2.2475028468543896 0.17689679999602959
0.13842362397401006 10
0.23948921806720472 40
0.27145730858649814 70
0.2940413977741929 100
1.0000000000000004 103
21 2.316117679915528 2.0592239621803694 0.18044230004306883
0.2554453503405039 10
0.2970664738250259 40
0.32274007708448055 70
0.3488583329854229 100
1.0000000000000004 103
22 2.2346407583096894 2.0219542436264915 0.18762569996761158
0.21378129780845628 10
0.3149837644352242 40
0.3427528399624851 70
0.36279826973082163 100
0.9999999999999999 103
23 2.1527262460405567 1.8785690750791397 0.18130629998631775
0.38104663794750193 10
0.43314436054811456 40
0.45291048387474264 70
0.4740460768567367 100
1.0000000000000002 103
24 2.087593759427558 1.8422987608832435 0.17053100001066923
0.30304029221587425 10
0.40456895064072007 40
0.4254367961997233 70
0.4415530664442985 100
1.0 103
25 2.0191502992546586 1.7215561417457586 0.1730731999850832
0.5699575418791968 10
0.623030325728902 40
0.635663471160052 70
0.648825384539522 100
0.9999999999999998 103
26 1.964714352427773 1.691568118286417 0.17292250000173226
0.28258772522137204 10
0.37257325357710086 40
0.39097980104047014 70
0.4078500835080412 100
1.0000000000000009 103
27 1.9060276448408724 1.579777589736816 0.17287670000223443
0.6597677524544284 10
0.7023523421270351 40
0.7114417654074301 70
0.7191808974376221 100
0.9999999999999994 103
28 1.858417687870469 1.5565924346400133 0.18412210000678897
0.19900334814864465 10
0.2670649663517677 40
0.28692033811467377 70
0.3038491808990156 100
0.9999999999999997 103
29 1.8078563486641157 1.4584557740888295 0.16875589999835938
0.6100491361493526 10
0.6502812117581407 40
0.6588649124065561 70
0.6644391215001643 100
1.0000000000000002 103
30 1.7658711036326713 1.435511398436948 0.16412360005779192
0.27013079501223186 10
0.32734983997568906 40
0.34693484558694954 70
0.3574914394318504 100
1.0000000000000002 103
31 1.7253327990762162 1.3660171868061024 0.18057450000196695
0.507123072853172 10
0.5402508190993003 40
0.5501969982638135 70
0.5552097680565411 100
0.9999999999999998 103
32 1.690498459219786 1.3378611212537976 0.17575350002152845
0.5282607439748215 10
0.5781407917494448 40
0.5919286687514385 70
0.5973266169041593 100
1.0000000000000002 103
33 1.6568072210270992 1.2898632501437028 0.17083730001468211
0.4242928094872037 10
0.4538735597090795 40
0.4654276541856849 70
0.4716648482115563 100
1.0000000000000004 103
34 1.6269763358771918 1.2605666198311682 0.17335920000914484
0.6732361473657267 10
0.7185585006393768 40
0.7275213921824861 70
0.7311473034027078 100
0.9999999999999999 103
35 1.5977559400656915 1.2230271414995817 0.16363690001890063
0.32077033189924503 10
0.3533312899010828 40
0.3653984868772527 70
0.37399839725571216 100
0.9999999999999993 103
36 1.571400065405512 1.1960609222813587 0.1739780000061728
0.6854486991476569 10
0.735625190095102 40
0.7440479133744226 70
0.7472085971048384 100
0.9999999999999996 103
37 1.5458965096540946 1.1665280683167822 0.1949536000029184
0.30467263733682476 10
0.34164833157748875 40
0.35294830425425694 70
0.3628515310906651 100
0.9999999999999998 103
38 1.522342753853742 1.1410881125487733 0.18190490000415593
0.6211606651847608 10
0.6793570273208974 40
0.6894166090464406 70
0.6929450162808143 100
1.0 103
39 1.49933911389719 1.1173926750293057 0.17946310003753752
0.36038753311010846 10
0.39562093988954994 40
0.4059371721853253 70
0.4155925740904759 100
0.9999999999999998 103
40 1.4776896796932812 1.092107484508449 0.17576229997212067
0.5582643213338234 10
0.6214364662220709 40
0.6326480926627139 70
0.6365528903765354 100
0.9999999999999998 103
41 1.4562776142348202 1.0721725613303192 0.17995359998894855
0.4042484173687965 10
0.4375979587555658 40
0.4469973370435944 70
0.45585029619664424 100
0.9999999999999998 103
42 1.4359781457790914 1.0467628448832333 0.17576990002999082
0.5639314013562977 10
0.6275280066395481 40
0.637790285579303 70
0.6414489660936625 100
1.0000000000000009 103
43 1.4157733149393157 1.0291076062991145 0.1667992000002414
0.42837710641889476 10
0.46165208647641215 40
0.4700766737640793 70
0.47781627459573095 100
0.9999999999999998 103
44 1.3966213195461794 1.0041001190489252 0.16950219997670501
0.614938903006221 10
0.6772146837973838 40
0.6853546203947648 70
0.6884001881889593 100
0.9999999999999994 103
45 1.3774529735516625 0.9875242933017114 0.1715202999766916
0.429450960574568 10
0.46196524805871303 40
0.46959803735019895 70
0.47606726725652854 100
0.9999999999999993 103
46 1.359322495335508 0.9635580610750468 0.1742445999989286
0.6665011902937295 10
0.7272446669363573 40
0.7332682923358296 70
0.7356598725402106 100
0.9999999999999998 103
47 1.3410936060766112 0.9473089890602424 0.17675559996860102
0.4006603677492475 10
0.4292342661731844 40
0.4366000345275715 70
0.44199773819877497 100
0.9999999999999993 103
48 1.323864630474169 0.9246678577280181 0.172123099968303
0.6992593299860664 10
0.7581293388353375 40
0.7625566510168847 70
0.764445575228579 100
1.0000000000000002 103
49 1.306512821322156 0.9085570961426495 0.17598020000150427
0.35208237947226584 10
0.37411196588817486 40
0.3816279576930599 70
0.38638134754412123 100
1.0000000000000009 103
50 1.2900965821846906 0.8871280215520945 0.18583730002865195
0.7118610273004548 10
0.7684015683615076 40
0.7718045893002091 70
0.7734368126560388 100
0.9999999999999999 103
51 1.273547351863598 0.8712527533252997 0.17636430001584813
0.3193034128562555 10
0.3353312320479401 40
0.3428771115564122 70
0.3472886552233921 100
1.000000000000001 103
52 1.2578801998041198 0.8507592930793312 0.16689760005101562
0.7108580686418077 10
0.7648943303737258 40
0.7676957150839936 70
0.7692641545954376 100
0.9999999999999993 103
53 1.242064350985555 0.8352004711145823 0.17699089995585382
0.3320029774314269 10
0.344721831029891 40
0.35180030733281276 70
0.3558931843357292 100
1.0 103
54 1.2271142177912326 0.815500372790511 0.16926759999478236
0.7030335979868828 10
0.7546392676071437 40
0.7570968344711566 70
0.7586787704584923 100
1.0000000000000002 103
55 1.212017762188483 0.80024553935917 0.18082000000867993
0.38894648676240723 10
0.40056744851984727 40
0.40666460661159576 70
0.4102934784861459 100
1.0000000000000002 103
56 1.1977923469947527 0.7814331738358788 0.18305220000911504
0.6915350698990044 10
0.7407395710519179 40
0.7429905836519293 70
0.744586218071196 100
0.9999999999999996 103
57 1.1834400323620249 0.7664102033745678 0.1730484000290744
0.46702009940674144 10
0.4784525088903223 40
0.4832920198630315 70
0.4863353190829641 100
0.9999999999999996 103
58 1.1699549375494838 0.7486975669823603 0.18217759998515248
0.6779319492279928 10
0.7245472570769813 40
0.7266598605137576 70
0.7282343016613311 100
0.9999999999999999 103
59 1.1563593070879794 0.7338191822096812 0.3396299000014551
0.5410144590679915 10
0.5523476680333205 40
0.5560311740244446 70
0.5584972208594335 100
0.9999999999999998 103
60 1.143600940250538 0.7173852703552893 0.17915169999469072
0.6633165501297515 10
0.7070857858873193 40
0.7091087936836125 70
0.7106246203296278 100
0.9999999999999994 103
61 1.1307350598054353 0.7025786518039017 0.17534170002909377
0.6002193571441854 10
0.6111398422627263 40
0.6139920234296061 70
0.6159623248804715 100
0.9999999999999996 103
62 1.118655044155217 0.6874984748329951 0.18178189999889582
0.6471613832485817 10
0.6880799005317961 40
0.6900683347832445 70
0.6915115234549832 100
1.0000000000000004 103
63 1.1064630061864458 0.672731838795036 0.17647910001687706
0.6480165769382304 10
0.6579951540207767 40
0.6603019304011678 70
0.6618463420085011 100
0.9999999999999997 103
64 1.0949979769611649 0.6589793717093333 0.16538700001547113
0.626879693291482 10
0.6654271252816487 40
0.6674403078453293 70
0.668821063345747 100
0.9999999999999994 103
65 1.083417724240433 0.6442790743704834 0.18679929996142164
0.6913429202598576 10
0.6999210387295722 40
0.7018300256578761 70
0.7030021314931463 100
1.0000000000000002 103
66 1.0725062094464268 0.6317506412316143 0.16833700001006946
0.5999203324890122 10
0.6369704565545385 40
0.6390531623875113 70
0.6403894143943466 100
1.0 103
67 1.0614841332189386 0.6172026524986782 0.1727676999871619
0.7324648132071109 10
0.7395865334079905 40
0.741163947709486 70
0.7420342726493716 100
1.0 103
68 1.0510732634933124 0.6057365952820956 0.17482059996109456
0.5669107622143629 10
0.6032905356740418 40
0.6054551489088746 70
0.6067650358879011 100
1.0 103
69 1.0405721693079397 0.5914737249965738 0.17513859999598935
0.768679769867508 10
0.7746989915607123 40
0.7760033593371293 70
0.7766585188389219 100
1.0000000000000009 103
70 1.0306238838801747 0.5808806976340883 0.17680469999322668
0.5331946825031766 10
0.569165984894036 40
0.5713930251467433 70
0.5727006399255637 100
1.0000000000000002 103
71 1.0206272779088295 0.5670527613173956 0.16596180002670735
0.7965749953316373 10
0.8019938157673938 40
0.8030969219651664 70
0.8036138891812312 100
0.9999999999999998 103
72 1.0111247619833763 0.5571611859687454 0.17213849996915087
0.5068451382987121 10
0.541967359555306 40
0.5442218151202147 70
0.545561008556258 100
1.0000000000000002 103
73 1.0016351030568136 0.5438978016673424 0.1726693999953568
0.8145097859183916 10
0.8197876711587745 40
0.8207652626553789 70
0.8212002751415598 100
1.0000000000000002 103
74 0.9925829458956849 0.5345938329874547 0.1823322999989614
0.49363355529573616 10
0.5271909113351917 40
0.5294383941399464 70
0.5308459861882658 100
1.0000000000000002 103
75 0.983612945240629 0.5219774512098924 0.18312899995362386
0.8222779177755386 10
0.8277872903236027 40
0.8287088305376806 70
0.8291033738002185 100
1.0000000000000007 103
76 0.975028720969746 0.5132180649637362 0.18539009999949485
0.49294554413070385 10
0.5245305414136224 40
0.5267451958273528 70
0.5282498102028622 100
1.0 103
77 0.9665895529648721 0.5012758847950907 0.1853461999562569
0.8200697516267368 10
0.8260983342788825 40
0.8270225194434244 70
0.8274117452209193 100
1.0000000000000002 103
78 0.9584912057119065 0.4930720142363021 0.19822850002674386
0.49823136931589684 10
0.5279453813125465 40
0.5301132599790679 70
0.5317298933524531 100
1.0 103
79 0.9505836928478523 0.48178538651259073 0.20362039998872206
0.8078661010739423 10
0.8146101009645854 40
0.8155843238065487 70
0.8160013321401818 100
1.0000000000000002 103
80 0.9429794810919316 0.47416888748415875 0.19703400001162663
0.5012221085169171 10
0.5294702854341523 40
0.531590746423689 70
0.5333229967522857 100
0.9999999999999999 103
81 0.9355915897705342 0.46349361597540956 0.2018404999980703
0.7853327758448034 10
0.7928835986698317 40
0.7939449051013743 70
0.7944215971847648 100
0.9999999999999998 103
82 0.9284763319058044 0.4564868732259792 0.18028160004178062
0.4960756580397591 10
0.5233039464340826 40
0.5253862339811053 70
0.5272302884361535 100
1.0000000000000007 103
83 0.9215855557229261 0.44637421011515505 0.1748216000269167
0.7521225297632238 10
0.7604639733822095 40
0.7616390820037795 70
0.7622055107112149 100
1.0000000000000004 103
84 0.9149421117687038 0.4399746324610448 0.17903459997614846
0.4809414742551019 10
0.507512375344732 40
0.5095670666492229 70
0.5115127081819576 100
1.0000000000000007 103
85 0.9085193068639484 0.43038310600047486 0.17996059998404235
0.7085483357947846 10
0.7175752271906425 40
0.7188777382745274 70
0.7195604572714921 100
1.0000000000000002 103
86 0.9023221334187288 0.4245639853728294 0.19518650003010407
0.4574282311565193 10
0.48359485687181164 40
0.4856249877439454 70
0.48765444276270153 100
1.0 103
87 0.8963346928126653 0.415459083239923 0.2203258000081405
0.6564216767584187 10
0.6659811175830438 40
0.6674063879208572 70
0.6682253921685269 100
0.9999999999999998 103
88 0.8905533318378613 0.41018066342526904 0.2074556999723427
0.42921932878700464 10
0.455119376878555 40
0.45711650323965997 70
0.4592045337485398 100
0.9999999999999994 103
89 0.8849673961247605 0.40152734268270085 0.3446185000357218
0.5994822770057657 10
0.6094259928964789 40
0.6109477327716276 70
0.6119124798055275 100
0.9999999999999998 103
90 0.8795692991943285 0.39674991322144326 0.18495780002558604
0.40047028782137595 10
0.4261207110590379 40
0.42806762665107995 70
0.4301845389316904 100
1.0000000000000002 103
91 0.8743513509876065 0.3885052697862874 0.1980469999834895
0.542824398047233 10
0.5530506794221409 40
0.5546243673266288 70
0.5557309529534112 100
1.0000000000000002 103
92 0.8693040442210629 0.38419855244270346 0.197931399976369
0.3744968612696492 10
0.39980339591792374 40
0.40168084620059596 70
0.40379686373361273 100
0.9999999999999999 103
93 0.8644221075240052 0.37630882262868964 0.19873329997062683
94 0.17708933191557236
-------------------------------------------------END------------------------------------------------------
------------------------------------Krylov only---------------------------------------------------
352.27426866487775 355.86384515836784
1.0000000000000002 11
0 327.68284216187834 333.2853780965026 0.05929120001383126
1.0000000000000002 11
1 279.3090688408015 290.2978860029045 0.05288289999589324
0.9999999999999993 11
2 224.2419885115554 237.7792651509278 0.055519299989100546
0.9999999999999997 11
3 166.096293474098 181.3687386570969 0.054681999958120286
1.0000000000000004 11
4 73.28951895562382 76.14952446174857 0.05004239996196702
1.0000000000000007 11
5 21.43251824563238 21.610521348376594 0.05708950001280755
0.9999999999999991 11
6 9.397152572497456 9.387771679674755 0.049082000041380525
1.0000000000000002 11
7 5.955736168792912 5.828792391850568 0.05760920001193881
1.0000000000000007 11
8 4.686855520693767 4.286348885469213 0.050526499981060624
0.9999999999999984 11
9 4.073540917499741 3.6163565657328665 0.053387199994176626
1.0000000000000002 11
10 3.632791255711466 3.062259795458464 0.05316640000091866
1.0000000000000007 11
11 3.2818259302756982 2.755868524613271 0.05168229999253526
0.9999999999999992 11
12 3.0274210523928757 2.464794751481007 0.055029200040735304
1.0 11
13 2.806837965343496 2.2722434221252015 0.05006900004809722
1.0000000000000002 11
14 2.6381374450406625 2.0812508337384448 0.04974739998579025
1.0000000000000016 11
15 2.4876993240686405 1.9654200629605973 0.06324950000271201
1.0000000000000002 11
16 2.366007489557705 1.8128598733783943 0.06839680002303794
1.0000000000000004 11
17 2.2560752471228707 1.742345610802034 0.0749167000176385
1.0000000000000018 11
18 2.1627744184497275 1.611970470949041 0.06182770000305027
0.9999999999999998 11
19 2.075863123464507 1.5573220694088128 0.054969699995126575
1.0000000000000002 11
20 1.9990681446893102 1.4480705129794151 0.051634700037539005
1.0000000000000007 11
21 1.9289275035872684 1.410995859931373 0.05449970002518967
0.9999999999999998 11
22 1.8668890572571353 1.3141746820197242 0.05446529999608174
1.0000000000000004 11
23 1.809178426868745 1.2819944163449175 0.05076389998430386
1.0 11
24 1.756941957496219 1.2025414663211569 0.05477020004764199
1.0 11
25 1.6616199951147297 1.129127535457335 0.05642639996949583
0.9999999999999988 11
26 1.5932829606119092 1.0336563706832158 0.05022629996528849
1.0000000000000007 11
27 1.542820164631855 1.017520599713466 0.056326800025999546
0.9999999999999996 11
28 1.5013329099728925 0.9461828539033693 0.07439129997510463
0.9999999999999991 11
29 1.4306449827612515 0.9019972536939992 0.06000820000190288
0.9999999999999999 11
30 1.3858139485429373 0.8419897526987971 0.051711799984332174
0.9999999999999991 11
31 1.3603362813281652 0.8289636749067575 0.0530795999802649
1.0000000000000002 11
32 1.3372527083058772 0.7965875072941724 0.05242820002604276
1.0000000000000007 11
33 1.317004322965883 0.7836672117995924 0.05197330005466938
0.9999999999999996 11
34 1.2979005910703043 0.7593628426364107 0.05542979994788766
0.9999999999999996 11
35 1.280109045919386 0.7465177365405936 0.052865900041069835
1.0000000000000007 11
36 1.2632030708514514 0.7259655839295851 0.050873100000899285
1.0000000000000007 11
37 1.2469586993611497 0.7134030540615189 0.057275099970865995
1.0000000000000004 11
38 1.2314939747406937 0.6952109889758733 0.051520499982871115
0.9999999999999987 11
39 1.2162637171404131 0.6829082591661557 0.05627290002303198
1.0 11
40 1.2017601955041268 0.6662735546881572 0.04832670005271211
1.0000000000000009 11
41 1.1869027006886816 0.6539792452182314 0.05375600000843406
1.0000000000000002 11
42 1.1728499344955072 0.6377700395400046 0.057279700005892664
0.9999999999999999 11
43 1.1542174931429359 0.623182581260096 0.049803500005509704
0.9999999999999987 11
44 1.137532938032152 0.6027325422029921 0.052476099983323365
0.9999999999999998 11
45 1.122684382796537 0.5896913285196115 0.054832099995110184
1.0000000000000007 11
46 1.1083158865005782 0.5737032233346633 0.05714589997660369
1.0 11
47 1.0966570518034404 0.5642266225340643 0.05714869999792427
0.9999999999999972 11
48 1.0851030949852396 0.5504419236617091 0.04958310001529753
1.0000000000000009 11
49 1.0744259244897827 0.5417187140765792 0.05354330001864582
1.0000000000000002 11
50 1.0641936377697259 0.5289720141249493 0.05575459997635335
1.0000000000000007 11
51 1.054495122714276 0.5216065922864921 0.05655470001511276
1.0000000000000007 11
52 1.045048009996325 0.5093106296061788 0.05568789999233559
0.9999999999999996 11
53 1.0360265579806662 0.5027894913791762 0.05479840002954006
1.0000000000000002 11
54 1.027246437856241 0.490926234451629 0.049994400003924966
1.0000000000000002 11
55 1.0188051944948426 0.48524113623317966 0.05274930002633482
1.0000000000000009 11
56 1.0105955033973546 0.47361060091044227 0.05460119998315349
1.0000000000000007 11
57 1.0026318706982635 0.4686941771745703 0.05607330001657829
1.0000000000000009 11
58 0.9948910543154398 0.4572013743405505 0.05871620000107214
0.9999999999999986 11
59 0.9873723155639389 0.45325810146047607 0.051289600029122084
1.0000000000000004 11
60 0.9800541647175136 0.4416356948720178 0.05363440001383424
0.9999999999999999 11
61 0.9730192375157792 0.43842087906898913 0.05028750002384186
1.0000000000000002 11
62 0.9661671100217307 0.42703988343365346 0.05192229995736852
1.0000000000000002 11
63 0.959618626467068 0.42448284595959784 0.057468999992124736
1.0000000000000007 11
64 0.953233872997467 0.4134487085662439 0.053264199988916516
0.9999999999999997 11
65 0.9471370839169462 0.41143020962449894 0.050187000015284866
1.0000000000000013 11
66 0.9411864971610019 0.4008089891773225 0.054955100000370294
1.0 11
67 0.9354950313789429 0.39922546602232817 0.05314370000269264
1.0000000000000013 11
68 0.9299342368589109 0.3890213375526341 0.0590434999903664
1.0 11
69 0.9246009084548946 0.3877892505007875 0.06183179997606203
1.0 11
70 0.919384734951914 0.37798916853572817 0.06615080003393814
1.0 11
71 0.9143694772669594 0.3770455496634335 0.057763899967540056
1.0000000000000002 11
72 0.9094594028811677 0.3676251920863959 0.04814169998280704
73 0.05504136301628123
-------------------------------------------------END------------------------------------------------------
41
------------------------------------Randomized only---------------------------------------------------
381.61766799920207 381.5435175474066
0.9951109398690691 10
0 354.4217150151685 355.45431473652974 0.023439600015990436
0.9955305081833868 10
1 315.3276770109822 318.62155522444823 0.03049279999686405
0.9943165199221763 10
2 272.464694565536 279.94394845763384 0.02780370000982657
0.9816249264823295 10
0.9990858880993663 40
3 238.63051557799224 250.46830950666404 0.0572696000454016
0.8945353685771295 10
0.9956206353291406 40
4 161.37029135852137 173.13418604600506 0.06299199996283278
0.79762111243874 10
0.9854155795006978 40
0.9952450569873686 70
5 85.452632237104 88.92937305197489 0.10626249999040738
0.6886595656010659 10
0.9469594914103725 40
0.9844299262678999 70
0.9909060011478434 100
6 45.45570368064688 46.573571745487904 0.15907649998553097
0.4173236569853698 10
0.8918764228470043 40
0.9608659143752849 70
0.9801526446554919 100
0.9999999999999997 103
7 25.419491401676165 24.48474967005836 0.17740689998026937
0.6494409703405228 10
0.8558464906608462 40
0.9240554850907787 70
0.9752950706161476 100
0.9999999999999999 103
8 15.939505581200407 16.235649432660825 0.18038370000431314
0.9412972311043768 10
0.9865448618792341 40
0.9945910224347275 70
9 11.25098648764341 11.249322326198966 0.11064140003873035
0.6458268149352725 10
0.7709394424971795 40
0.8136676397327358 70
0.8960188729413497 100
1.0000000000000002 103
10 7.616779359720927 7.884564887296361 0.18293930002255365
0.9572379379176913 10
0.9930759143333369 40
11 6.607845568054704 6.626579030490391 0.06340719998115674
0.3010140072327928 10
0.39089680327241394 40
0.6542318329626798 70
0.7478749288477764 100
0.9999999999999998 103
12 4.52039746323212 4.5009503183426505 0.17686339997453615
0.8467300862403254 10
0.9602036567523444 40
0.9766280111233787 70
0.9835620917147275 100
0.9999999999999996 103
13 3.5423194043536075 3.371668218800105 0.18279430002439767
0.9805979789943831 10
0.9965242147309225 40
14 3.218544853405604 2.958198494290434 0.0509835000266321
0.19474428551457562 10
0.2153967561282201 40
0.5082937081221236 70
0.6533397715220833 100
1.0000000000000004 103
15 2.6562757300535353 2.325166195266854 0.1751714000129141
0.8942400306699213 10
0.9485393290259291 40
0.9589713243289344 70
0.9648540884651827 100
0.9999999999999999 103
16 2.267841103841477 1.8533086003048234 0.18661449995124713
0.7296055762073884 10
0.9242405675149117 40
0.9434424338937397 70
0.9532879803574721 100
0.9999999999999994 103
17 1.9810358584246992 1.5761060329023948 0.16717079997761175
0.6483753534317522 10
0.8212651062950282 40
0.8497693339804527 70
0.860261409554311 100
0.9999999999999998 103
18 1.8006942381522428 1.3924909543564186 0.18183060002047569
0.7064312120069841 10
0.8197635955532652 40
0.8431132519633634 70
0.8580177367749919 100
1.0000000000000007 103
19 1.6552482518942835 1.205361723341111 0.17368260002695024
0.47423372425442484 10
0.7603375886212685 40
0.7933392737691589 70
0.8062286708766313 100
0.9999999999999996 103
20 1.5380214169067847 1.088686208030179 0.17826610000338405
0.7860265865416852 10
0.8706180066090157 40
0.8825376305552103 70
0.8934772829447856 100
0.9999999999999996 103
21 1.4419459400772057 0.9580255585462298 0.17913980002049357
0.8650210046729677 10
0.9223535747589499 40
0.9292387473981704 70
0.9322758300814741 100
0.9999999999999996 103
22 1.3664274238177003 0.8772445539655754 0.17887270002393052
0.67828333861812 10
0.7718515012266769 40
0.7843138150046982 70
0.7929462087376912 100
1.0000000000000002 103
23 1.3066255483631246 0.7871425903574902 0.17346980003640056
0.6087872239245212 10
0.6937491112766783 40
0.7093820614445362 70
0.7167501059113528 100
1.0000000000000002 103
24 1.2583232828186233 0.7473175730392654 0.1732645999873057
0.5665726687380711 10
0.6377992810806627 40
0.6482794080045128 70
0.6541930204981558 100
1.0 103
25 1.2162315250537743 0.6774832819294996 0.18040399998426437
0.29926400559652444 10
0.37289700289806404 40
0.39085692764636293 70
0.40050921141629814 100
0.9999999999999994 103
26 1.1805134744591188 0.6523737734445795 0.1704223999986425
0.48092214040639025 10
0.5491089667642032 40
0.5587259199992394 70
0.5625730186422724 100
1.0000000000000002 103
27 1.1483513778196615 0.5978917260777084 0.1728805000311695
0.22867799135869837 10
0.2845307354046343 40
0.29914004896004315 70
0.3074074546143535 100
0.9999999999999994 103
28 1.1199258672555474 0.5788945059169387 0.17584120004903525
0.42490959596130573 10
0.5027989577314714 40
0.5106494007170761 70
0.5138019148112677 100
1.0000000000000002 103
29 1.093913267032919 0.5339593056874228 0.17278999998234212
0.3927814868478911 10
0.4403308086609272 40
0.4507290417749133 70
0.4564557217106639 100
0.9999999999999998 103
30 1.0700643582448506 0.5195551828018088 0.18032250000396743
0.4578347843886058 10
0.5354994478285722 40
0.5414609458279573 70
0.5445370812780919 100
0.9999999999999999 103
31 1.0479512647024078 0.48016460762745405 0.19061729998793453
0.5459852084729088 10
0.5883662952817136 40
0.5961767772297099 70
0.6000619592792117 100
1.0 103
32 1.0271449421992445 0.4691793898022677 0.19585839996580034
0.49113929035573145 10
0.5567423651075754 40
0.5619376807647705 70
0.5648486235187995 100
1.0 103
33 1.0077934227403766 0.43420615660245143 0.17396330001065508
0.6182196032414833 10
0.6565203880722914 40
0.6627571237058818 70
0.6655230658198328 100
1.0000000000000009 103
34 0.9893663225141074 0.4252388020051582 0.17371750000165775
0.4864525250372687 10
0.5404227977309902 40
0.5459475471234577 70
0.548798080429461 100
0.9999999999999999 103
35 0.9722977743128606 0.39489822340888564 0.17081579996738583
0.6628358213027213 10
0.696006715966156 40
0.7007422439693644 70
0.7029015198191586 100
1.0000000000000004 103
36 0.955955306230807 0.38690917337301606 0.17912419995991513
0.4581965686317896 10
0.5087676475559967 40
0.5150001139250133 70
0.5182144176567984 100
1.0000000000000004 103
37 0.9408881729109815 0.3613323914148602 0.1848889000248164
0.6976161823602136 10
0.7250415979645997 40
0.7283023433583633 70
0.7303212437715282 100
1.0000000000000004 103
38 0.9263954624003725 0.35378811007534 0.1752958000288345
0.4411004499911559 10
0.4942348301256667 40
0.5006738321094341 70
0.5044914530690635 100
0.9999999999999997 103
39 0.9130576747990883 0.33263928780142166 0.1671271999948658
0.7067527090110335 10
0.7310109818351633 40
0.7332144078261174 70
0.7353746269210559 100
1.0000000000000004 103
40 0.9002111905721566 0.3253976111172993 0.3456089000101201
0.45345185589561277 10
0.5061860257850277 40
0.512387350314795 70
0.5164417919428806 100
0.9999999999999996 103
41 0.8883893690353035 0.30800887957067924 0.18922709999606013
0.6755090451636467 10
0.7011267291245107 40
0.7030687949968787 70
0.7055504050603458 100
0.9999999999999994 103
42 0.877053499748647 0.3012008866571231 0.1788745999801904
0.45484984965249575 10
0.5049395049288362 40
0.5110790593916018 70
0.5150284702220518 100
1.0000000000000002 103
43 0.866611582172411 0.28678489903367566 0.17807129997527227
0.6044500304578574 10
0.6353962409934106 40
0.6377878296980667 70
0.6407027708376462 100
0.9999999999999998 103
44 0.856667811042261 0.28062122815114726 0.1807915000244975
0.4236528901264603 10
0.47154290099193147 40
0.4777993350013746 70
0.48153671788179536 100
0.9999999999999993 103
45 0.8474818516269602 0.26845866438889354 0.18588329997146502
0.5122222963251695 10
0.549336774092515 40
0.5523858414564599 70
0.5556892997153008 100
1.0 103
46 0.8387742102676539 0.26304375574391986 0.17757990001700819
0.3784003251939878 10
0.4239345641143517 40
0.4301703371557092 70
0.4336224328955562 100
0.9999999999999997 103
47 0.830685194934594 0.25258048801008 0.17268300004070625
0.42278711822179543 10
0.464124056665402 40
0.46761070446952085 70
0.4711474960118521 100
1.0000000000000002 103
48 0.8230208914160654 0.24786441999632394 0.190168300003279
0.34058661891520187 10
0.38392926479726763 40
0.39004857306248686 70
0.39319955597974676 100
1.0000000000000002 103
49 0.8158470063234269 0.23870586373135597 0.18660299998009577
0.3486936412631392 10
0.3926643326176963 40
0.39639633603206853 70
0.4000558282696897 100
0.9999999999999994 103
50 0.809036458043536 0.23456722940319708 0.1756992000155151
0.31583235058438885 10
0.3585039690133374 40
0.3646653265122145 70
0.3675853443007369 100
0.9999999999999996 103
51 0.8026126616638345 0.2264325131263508 0.18111099995439872
0.2931424041093256 10
0.339407836369887 40
0.3433380390903007 70
0.3470970454813086 100
0.9999999999999998 103
52 0.7965002262385295 0.22276179368380064 0.1741281999857165
0.30313274600784473 10
0.3468848226480677 40
0.3532980802657555 70
0.35607832767273173 100
0.9999999999999997 103
53 0.7906962295849049 0.2154427325120638 0.18011070002103224
0.25574788817766975 10
0.30419158883975417 40
0.30829531369564983 70
0.3121682227838226 100
1.0 103
54 0.785163761579307 0.21216462418325216 0.17468890000600368
0.3050158293806876 10
0.3507403615604737 40
0.3574594217123751 70
0.3601453623055247 100
1.0 103
55 0.779881189771278 0.2055030798785326 0.17802940000547096
0.24009779179292137 10
0.28981363658338755 40
0.29398903080207645 70
0.2979465367461104 100
1.0 103
56 0.774841014710508 0.2025661725659673 0.18293310003355145
0.3324693153296462 10
0.37935133975702556 40
0.38612110102426617 70
0.3886624727326752 100
1.0000000000000002 103
57 0.7700077620622128 0.19644985234389525 0.18193379999138415
58 0.16273161207108983
-------------------------------------------------END------------------------------------------------------
------------------------------------Krylov only---------------------------------------------------
381.61766799920207 381.5435175474066
1.0000000000000004 11
0 350.82153771793287 352.0752459135795 0.05521670001326129
0.9999999999999998 11
1 298.78337276476066 304.32494066972237 0.05408889998216182
0.9999999999999998 11
2 204.47859906003222 214.07080675918772 0.05177719995845109
1.0000000000000004 11
3 178.95834432655144 188.56946289336886 0.0872718999744393
0.9999999999999996 11
4 174.80569011032568 187.1542258917999 0.04916590003995225
0.9999999999999999 11
5 35.87523735717468 34.79663429491442 0.05675560003146529
0.9999999999999994 11
6 14.709633563967715 15.240878682927582 0.055950400012079626
1.0000000000000002 11
7 8.438676080435057 8.677135371768946 0.05475999996997416
0.9999999999999993 11
8 5.672305970143203 5.254455942502477 0.053881000028923154
1.0000000000000004 11
9 4.33828993596437 3.7552807071263907 0.057042700005695224
0.9999999999999996 11
10 3.7981581509585363 3.2357975847310962 0.04979820002336055
1.0000000000000002 11
11 3.34718630184761 2.7459312463108825 0.06089959997916594
0.9999999999999998 11
12 3.027137840588891 2.4318071439672506 0.06690979999257252
1.0 11
13 2.7647422507000505 2.1473726275915865 0.05528430000413209
1.0000000000000007 11
14 2.560105444564423 1.9309503323739956 0.05350099998759106
1.0 11
15 2.391955296763243 1.766842900954412 0.05577029997948557
0.9999999999999997 11
16 2.270692678294878 1.6444125985382925 0.05586979998042807
1.0 11
17 2.155382006521708 1.5405741267150839 0.0525523999822326
0.9999999999999996 11
18 2.060053999056025 1.4357310023487053 0.058368299971334636
1.0000000000000002 11
19 1.9278944482407643 1.3132789394479343 0.05173810000997037
0.9999999999999991 11
20 1.8287518188178649 1.2105757553690357 0.05425049999030307
0.9999999999999994 11
21 1.7605659274216778 1.1542365598746183 0.05670440004905686
1.0000000000000007 11
22 1.6942953068300979 1.0821234810335787 0.05369159998372197
1.0000000000000002 11
23 1.6362634855509435 1.036806555539546 0.04960709996521473
1.0000000000000007 11
24 1.5800296364395476 0.9689570132229776 0.054271799977868795
1.0000000000000009 11
25 1.5321348060989108 0.9395450125148956 0.056618700036779046
1.0000000000000009 11
26 1.485740956269563 0.8744786539494123 0.06287439999869093
1.0000000000000002 11
27 1.4451291072418946 0.8539995687604395 0.07144530001096427
1.0000000000000002 11
28 1.4058681265237454 0.794158150170814 0.05580919998465106
1.0000000000000002 11
29 1.3711752142579545 0.7794924961270367 0.05695130000822246
1.0000000000000009 11
30 1.3379909454583918 0.7266907800846111 0.058445399976335466
1.0000000000000002 11
31 1.3083721091596183 0.715421960604225 0.05092429998330772
1.0000000000000004 11
32 1.2804927138797833 0.6712910382607876 0.053371199988760054
0.9999999999999998 11
33 1.2554658876881848 0.6617379853837133 0.0492595000541769
0.9999999999999998 11
34 1.2320390070627756 0.6258925113020415 0.05565400002524257
0.9999999999999999 11
35 1.2109463293906053 0.617145466386289 0.05703399999765679
0.9999999999999999 11
36 1.191208830031054 0.5887440642939283 0.0502386000007391
0.9999999999999997 11
37 1.173322000005515 0.5801261228849743 0.054898799979127944
1.0 11
38 1.1565064498308097 0.5578432943465113 0.05397209996590391
0.9999999999999998 11
39 1.1411043940353887 0.5491758277860923 0.05297020002035424
1.0000000000000004 11
40 1.1265056364017256 0.5313983923513176 0.051476099994033575
1.0 11
41 1.1129675420031941 0.522900660639143 0.05470560002140701
1.0000000000000007 11
42 1.1000287139938372 0.5081622268470211 0.05473510001320392
1.0000000000000007 11
43 1.0878900126378281 0.500106182221272 0.04983639996498823
1.000000000000001 11
44 1.0762176813081537 0.48739307095431944 0.059442800004035234
0.9999999999999998 11
45 1.0651591224701402 0.47991843228511516 0.04984550003428012
0.9999999999999992 11
46 1.0544807261835847 0.4685939335133448 0.055521000002045184
1.0000000000000004 11
47 1.0442776969161571 0.4617452857958121 0.05212330003269017
1.0000000000000007 11
48 1.0343907790732607 0.45136266181042445 0.06450190005125478
0.9999999999999994 11
49 1.0248703508054884 0.4451599745810615 0.0854290000279434
0.9999999999999998 11
50 1.0156075529637025 0.435338299974391 0.05432170000858605
1.0000000000000002 11
51 1.0066274990312345 0.4297690210080734 0.05718390003312379
0.9999999999999997 11
52 0.9978612364939398 0.42024427975059386 0.048095200036186725
0.9999999999999994 11
53 0.9893198312802765 0.41521262706872314 0.0512993999873288
0.9999999999999994 11
54 0.9810092302398109 0.4060240911066107 0.05223959998693317
0.9999999999999998 11
55 0.9729058674001076 0.40121273481373626 0.05645169998751953
0.9999999999999992 11
56 0.9650608955373198 0.3926925380141466 0.05546830000821501
0.9999999999999996 11
57 0.9574439619409776 0.38752319469445434 0.04937459999928251
1.0000000000000016 11
58 0.9500493632058257 0.38017106041549653 0.05542990000685677
1.0000000000000004 11
59 0.9427468536604552 0.37493584737393376 0.054922099981922656
1.0000000000000007 11
60 0.9356306801974184 0.36786695377689055 0.05684430000837892
0.9999999999999986 11
61 0.9285484849134784 0.3630156157694842 0.05477940000128001
1.0000000000000009 11
62 0.9216189549530256 0.3559179657846519 0.0554623999632895
1.0000000000000002 11
63 0.9151276889876979 0.35120628935234655 0.05304480000631884
0.9999999999999983 11
64 0.9089718954062816 0.34438596528251647 0.06859959999565035
0.9999999999999998 11
65 0.9036319225979969 0.3398036613157325 0.07051250000949949
0.9999999999999998 11
66 0.8984794613568514 0.33546898367275274 0.05506689997855574
1.0000000000000009 11
67 0.8935063624082661 0.3307300898520955 0.05477200000314042
68 0.05628058088340742
-------------------------------------------------END------------------------------------------------------
42
------------------------------------Randomized only---------------------------------------------------
392.0684041083305 393.9332614738261
0.9920824740594713 10
0 361.96214595935356 364.9664262439676 0.029244199977256358
0.9943038147608235 10
1 318.67903416458887 323.0716712561719 0.026321200013626367
0.9949128199629282 10
2 270.79868652619945 279.5056920100164 0.030592399998568
0.985170465196671 10
0.9988337140325756 40
3 209.8302257794535 224.5320619683909 0.07122509996406734
0.8166442648210446 10
0.9936040645628434 40
4 129.63300687486782 140.1816735128968 0.07871800003340468
0.788748519933446 10
0.9598440210516236 40
0.9828850999186592 70
0.9914288877045191 100
5 75.96377473927784 78.36483352413698 0.1746737999492325
0.41267895451166436 10
0.9197893379644855 40
0.9570042852046644 70
0.9812080115829527 100
0.9999999999999998 103
6 49.83216888649428 52.24838554796549 0.19678479997674003
0.7499563835821864 10
0.9328981482490221 40
0.9659482494768437 70
0.9872933712519539 100
1.0000000000000002 103
7 33.79145712836851 32.93671868560315 0.18416980002075434
0.9331175424610907 10
0.9915047014187227 40
8 18.997970050082646 18.997170631700616 0.06401470000855625
0.8329143604296221 10
0.8914722838291016 40
0.9494845378204639 70
0.9770090240097424 100
1.0000000000000002 103
9 13.433199865213181 14.028423762559095 0.1753939000191167
0.9725322804051957 10
0.9963816269730854 40
10 10.02234908209484 10.315164696983931 0.05587420001393184
0.8985858957732 10
0.9333922344537626 40
0.9662873616900721 70
0.9821965436104511 100
1.0 103
11 7.6302299118241965 7.66119744539549 0.16914189996896312
0.9483912080406711 10
0.9912422095476483 40
12 6.639377940008434 6.545129424120154 0.06441069999709725
0.29821839521419735 10
0.3359531662026998 40
0.6952579510845698 70
0.7977804159374577 100
1.0000000000000002 103
13 5.188156507712803 5.093144119727594 0.17554819997167215
0.9107580135704052 10
0.9881250063357716 40
0.993614671435271 70
14 4.570098621516543 4.4017529937101525 0.12422150000929832
0.5347521369209877 10
0.5560303561783072 40
0.5672397262260165 70
0.7147482184237067 100
0.9999999999999998 103
15 3.8114561678022723 3.5641903357009532 0.1773115000105463
0.9341958570455062 10
0.9816265714171674 40
0.9912237948828735 70
16 3.5915637970809344 3.297169438893305 0.11155600001802668
0.5921604064782683 10
0.6085915621397013 40
0.6278195070824434 70
0.7383386977354389 100
1.0000000000000004 103
17 3.070838556100011 2.841734157003138 0.17134350002743304
0.9645459600874647 10
0.9894968934083925 40
0.9916853145698581 70
18 3.002754804248181 2.721190988714703 0.11686120001832023
0.08768784229201076 10
0.10575455465188442 40
0.1130001495928072 70
0.2959575794243847 100
1.0 103
19 2.6990871193209345 2.375331353456697 0.1783104999922216
0.9656796709709315 10
0.987883698531334 40
0.9925208077548329 70
20 2.6207264750885595 2.335563351948401 0.10504929994931445
0.10683662600935692 10
0.1202055960396804 40
0.13970768707622264 70
0.3350904120377841 100
1.0 103
21 2.433935839976555 2.174996794053653 0.17570989998057485
0.7461172244143512 10
0.8641678108960491 40
0.8771764805483916 70
0.8900096618351517 100
0.9999999999999993 103
22 2.290183310186035 2.011806041430834 0.16907780000474304
0.9624127520953536 10
0.9797051930022654 40
0.9828218907934125 70
0.98388254180705 100
1.0000000000000007 103
23 2.1803241007303744 1.928775079667596 0.17868630000157282
0.8699230889793217 10
0.9140204469265594 40
0.9241079500184137 70
0.9302131645380125 100
0.9999999999999999 103
24 2.091231065861378 1.8566932077467648 0.17464089998975396
0.8928300854207425 10
0.9449027423472887 40
0.9494480241614116 70
0.9519045548975712 100
1.0000000000000004 103
25 2.0141741988721487 1.7610957841704 0.18249060004018247
0.8525093991031207 10
0.8979833162691457 40
0.9060660952308967 70
0.9103067650645039 100
1.0000000000000002 103
26 1.941394587741329 1.7113260137752533 0.17450129997450858
0.677778144076918 10
0.8074468223246882 40
0.8189942730009379 70
0.8278762216093161 100
1.0000000000000002 103
27 1.8738264526590294 1.6080307716912787 0.19207309995545074
0.7360988079176422 10
0.8487638464428655 40
0.8585843208127871 70
0.8633356184816345 100
1.0000000000000002 103
28 1.806993596110701 1.5570137856841624 0.17586249997839332
0.656088901409747 10
0.8236790063100398 40
0.8359436066307844 70
0.8438934812682555 100
1.0 103
29 1.7447435973812147 1.457479604371913 0.169580300047528
0.6815865564830634 10
0.8261275483240221 40
0.8341437925083669 70
0.8384333212919651 100
1.0 103
30 1.6844412282402852 1.3982194066043294 0.16891990002477542
0.7215802761894384 10
0.8737357904757208 40
0.8830133107597428 70
0.8874289881094364 100
0.9999999999999998 103
31 1.628469290750381 1.314884439437188 0.176629800000228
0.7174577890997147 10
0.8083324758576194 40
0.8158899238700906 70
0.818545574933789 100
0.9999999999999999 103
32 1.5718224099037996 1.2474056879269702 0.17529039998771623
0.6398368688450928 10
0.8602211624377748 40
0.8690809503238114 70
0.8733663206092477 100
0.9999999999999998 103
33 1.5164794960570471 1.1699211811556574 0.16329430002951995
0.7196287657894306 10
0.8073228110803331 40
0.8174998074239456 70
0.8207636636364546 100
1.0000000000000004 103
34 1.461157181109477 1.0991608238356478 0.1757237000274472
0.7271045702367533 10
0.8880714183314851 40
0.8942223266347092 70
0.8979652656480747 100
1.0000000000000002 103
35 1.4083938346299132 1.0284422921243987 0.17461289995117113
0.524360964081255 10
0.6567043050367012 40
0.6798001341216855 70
0.6871229919199018 100
1.0000000000000002 103
36 1.359793095775407 0.9589831737114877 0.17017529997974634
0.7531857846579392 10
0.8380510294319973 40
0.8454496625021686 70
0.8496326621217956 100
1.0000000000000007 103
37 1.3157263985202785 0.9019564734764451 0.16650839999783784
0.2967553545874373 10
0.4626341612410819 40
0.4989574261351651 70
0.5074461824492738 100
1.0 103
38 1.2770833012582066 0.8425293112296461 0.1755600000033155
0.8278966887254844 10
0.8538334069146993 40
0.8585478178356508 70
0.8610178406905221 100
0.9999999999999997 103
39 1.2438888019676353 0.801973345218661 0.1676340999547392
0.37454602304788287 10
0.467070731032576 40
0.4904548328858512 70
0.4968684970460451 100
0.9999999999999998 103
40 1.2147505537547958 0.7590606245700935 0.17487620003521442
0.7836360139288897 10
0.8193020415508786 40
0.8238823541507306 70
0.8259532490628098 100
1.0 103
41 1.1887111679018667 0.7289647378837383 0.1703937000129372
0.5932728400024254 10
0.6387042761212295 40
0.6484887731951473 70
0.6536429607847526 100
1.0000000000000002 103
42 1.1652534086253887 0.6968735783779443 0.1787517000338994
0.6712167087493566 10
0.7098756356973142 40
0.7172737369436111 70
0.720425907494749 100
1.0 103
43 1.1430626512281696 0.6717963118041504 0.18138060002820566
0.5471478890485334 10
0.5906935821083004 40
0.5989517638760105 70
0.6049277649506353 100
1.0000000000000004 103
44 1.1228955304732609 0.646784542309236 0.17366450000554323
0.5765611016485391 10
0.6167803999806027 40
0.626340382737343 70
0.630175483175651 100
1.0000000000000002 103
45 1.103490635978786 0.6233074949736456 0.17661759996553883
0.30966996546607295 10
0.3700911352695319 40
0.38062325900950056 70
0.38869986001639173 100
0.9999999999999998 103
46 1.0857623749243708 0.6049134434007981 0.16487069998402148
0.46418943360726506 10
0.5100316603536026 40
0.5202740966425412 70
0.5241255896632343 100
1.0000000000000004 103
47 1.0688311014039853 0.5810800496851262 0.1627794000087306
0.06730360471094883 10
0.15204085416590218 40
0.16448136351241374 70
0.1726662152104487 100
0.9999999999999997 103
48 1.0532974576917484 0.568952802374207 0.1927548999665305
0.28573848926041295 10
0.3385610929169781 40
0.34897356201241064 70
0.35286019490110343 100
1.0000000000000002 103
49 1.0385634321202248 0.5451769856008967 0.16998539998894557
0.3299781559471646 10
0.3999684325024966 40
0.4080587665687264 70
0.4122160574590637 100
0.9999999999999996 103
50 1.0249935327192603 0.5372039524531881 0.17956040002172813
0.16274474604047046 10
0.21339836488690542 40
0.2232998190603251 70
0.22770168685737355 100
0.9999999999999998 103
51 1.0119090932502668 0.5152136224309191 0.16906639997614548
0.5466638849403012 10
0.5998272340482546 40
0.6049114325214209 70
0.6070719085125647 100
1.0000000000000004 103
52 0.9998535172184319 0.5085620725296632 0.17280090000713244
0.22418043045027264 10
0.2654360051833532 40
0.27329508305681055 70
0.2777884158216111 100
0.9999999999999998 103
53 0.9880160206254437 0.4895204103669972 0.17338620004011318
0.6312613286523113 10
0.6749758813387439 40
0.678901074869042 70
0.6803570201593393 100
1.0 103
54 0.9771315081525445 0.48260346940401067 0.18977149995043874
0.3354296984846913 10
0.36800818365989985 40
0.37376179083086397 70
0.37777423883467925 100
0.9999999999999997 103
55 0.9663226100441942 0.46662244163764977 0.17614060000050813
0.6655128334541015 10
0.7018102453912349 40
0.7052303870697277 70
0.7063753454338544 100
1.0000000000000002 103
56 0.9563998000084235 0.45904195184777835 0.17306389997247607
0.42478821564157737 10
0.4502840019245631 40
0.4546016947414595 70
0.45806179243232403 100
1.0000000000000002 103
57 0.9464939609989366 0.44574276463484147 0.18143090000376105
0.6794230599672385 10
0.7085035575528943 40
0.7116080274067969 70
0.712606273841934 100
0.9999999999999999 103
58 0.9373987090910614 0.4375863591186841 0.16933950001839548
0.48010959308911805 10
0.5003905449337926 40
0.5038780996822171 70
0.5069805321328984 100
1.0 103
59 0.9283371088912372 0.42654591501851935 0.16701739997370169
0.6784064535441258 10
0.7009876757962279 40
0.7038086896787216 70
0.7047974343567633 100
0.9999999999999997 103
60 0.9199996831975054 0.41803004403894367 0.18339969997759908
0.49042719969305326 10
0.5081669152275664 40
0.5113307715317764 70
0.5143642561389912 100
0.9999999999999997 103
61 0.9117690283592428 0.40889613620535725 0.18150129995774478
0.661516726911823 10
0.6792921037772026 40
0.6818183906904715 70
0.6829628101146965 100
1.0 103
62 0.9041679334818811 0.40028394131848705 0.17721850000089034
0.4390921108742828 10
0.45808860053828027 40
0.4614875692157286 70
0.46477603231227166 100
1.0000000000000002 103
63 0.8967347393708973 0.3927084611247981 0.17644419998396188
0.6319200433625266 10
0.6468183336828506 40
0.6490387965248 70
0.650464385556246 100
1.0000000000000002 103
64 0.8898360210136117 0.3842537658209138 0.1687606000341475
0.3324539117101973 10
0.3569300169150891 40
0.3611302307000836 70
0.3648605815890487 100
1.0 103
65 0.8830822198513484 0.3778377515360232 0.1840484999702312
0.5971510297308215 10
0.610792975995347 40
0.6127389743662723 70
0.6144177093171952 100
1.0000000000000007 103
66 0.8767860314926412 0.3696779387429947 0.16911010001786053
0.25208821418720484 10
0.2832075052885101 40
0.288174569514989 70
0.29204477845577564 100
1.0000000000000002 103
67 0.8705624909864155 0.36408771815410296 0.18157160002738237
0.5576033643126266 10
0.5713129765208388 40
0.5730758374416298 70
0.5748976600797112 100
1.0000000000000002 103
68 0.8647497536057123 0.35622908886145593 0.1769703000318259
0.2626520375764103 10
0.2977693957784349 40
0.3028407995665261 70
0.30631211965734356 100
1.0 103
69 0.8589673340601457 0.35129007243968086 0.16043369995895773
0.504877129222071 10
0.5196174734206082 40
0.5213288049196841 70
0.5232015682397483 100
0.9999999999999991 103
70 0.8535692806457764 0.3437155812954631 0.1761957000126131
0.32611336978786565 10
0.3624172558119705 40
0.3671090691842649 70
0.36994487324141 100
0.9999999999999994 103
71 0.8482091544023986 0.3393538513312981 0.17499879997922108
0.43083266731749853 10
0.44697167660333903 40
0.4487618086984919 70
0.4506047052155746 100
0.9999999999999994 103
72 0.8432111401683687 0.33210087318409537 0.18155430001206696
73 0.15859722739487428
-------------------------------------------------END------------------------------------------------------
------------------------------------Krylov only---------------------------------------------------
392.0684041083305 393.9332614738261
0.9999999999999992 11
0 359.0412268696032 362.9186310388794 0.05467300000600517
1.0000000000000004 11
1 295.5136381200863 303.0490362165667 0.04845770000247285
1.0000000000000004 11
2 254.92556341676544 261.79282589846343 0.06598790001589805
1.0000000000000007 11
3 205.75039230527986 213.6900917279999 0.06577839999226853
1.0000000000000004 11
4 203.92074040583861 204.99502039882117 0.05279300000984222
1.0000000000000004 11
5 78.44629499001266 83.05102221822645 0.057768500002566725
0.9999999999999998 11
6 34.1614435652603 35.75629904011753 0.052520600031130016
1.0000000000000007 11
7 25.092712620746862 25.614957995861108 0.06412410002667457
1.0 11
8 14.198303691943153 13.93629805402588 0.07269870000891387
1.0 11
9 9.848655361592185 9.328356166289494 0.05057960003614426
1.0000000000000009 11
10 7.84480442517729 7.611206471452223 0.057150500011630356
1.0000000000000002 11
11 6.751319127445424 6.446039681010485 0.05575170001247898
1.0000000000000007 11
12 6.134869125045674 5.955276139730428 0.05739619996165857
1.0000000000000007 11
13 5.689298479024908 5.377535564101014 0.050580999988596886
1.0000000000000004 11
14 5.140797106467338 4.882443925332683 0.05531269998755306
0.9999999999999994 11
15 4.758435822519043 4.365674380873258 0.055812700011301786
0.9999999999999996 11
16 4.497989889114338 4.120353924602645 0.05631710001034662
1.0000000000000004 11
17 4.266667115023792 3.808926985131281 0.04859619995113462
0.999999999999999 11
18 4.047691839959278 3.6429600999973144 0.05142769997473806
1.0 11
19 3.85317099806356 3.401764405098391 0.05419539997819811
1.0000000000000004 11
20 3.6793596957541697 3.2994411591467228 0.05012600001646206
0.9999999999999994 11
21 3.5366718665340655 3.121100347033986 0.05628810002235696
1.0000000000000002 11
22 3.410045151398063 3.061672162134748 0.05127809999976307
1.0000000000000009 11
23 3.301524296289622 2.918281888782343 0.05928819999098778
1.0000000000000007 11
24 3.2025891531294706 2.8725305395751595 0.05049590003909543
0.9999999999999994 11
25 3.116211714631474 2.752617465265726 0.056437999999616295
1.0000000000000016 11
26 3.037180322255447 2.71231080276131 0.05765099998097867
1.0000000000000013 11
27 2.9673196520570757 2.6111500641346153 0.05012229998828843
1.0000000000000002 11
28 2.9031704087253316 2.574276358721634 0.05657780001638457
0.9999999999999991 11
29 2.8455035685759396 2.4880128581097742 0.05623749998630956
1.0000000000000002 11
30 2.792110224252195 2.4545314920015424 0.056639599963091314
1.0000000000000004 11
31 2.743215862341375 2.379942010929618 0.056217400007881224
1.0000000000000002 11
32 2.6974811947079593 2.3498024805990183 0.05101570003898814
1.0000000000000004 11
33 2.654901069511541 2.284218385721307 0.050373799982480705
0.9999999999999997 11
34 2.614716823935898 2.257072118893694 0.04750659997807816
1.0000000000000002 11
35 2.576817860468474 2.198446815051713 0.0560348000144586
1.0000000000000004 11
36 2.54081653048528 2.1738800982199047 0.05076830001780763
0.999999999999999 11
37 2.506531187649164 2.1207036192730016 0.05890249996446073
1.0000000000000002 11
38 2.4737805867886733 2.098404983207749 0.056719499989412725
1.0000000000000009 11
39 2.4423433200276348 2.0494339277040843 0.05289300001459196
0.9999999999999993 11
40 2.4120783106620163 2.027704897050024 0.05234019999625161
1.0000000000000013 11
41 2.3829361937364273 1.9833115748714234 0.057489899976644665
0.9999999999999988 11
42 2.3551068147426206 1.9636865020936198 0.05339989997446537
0.9999999999999994 11
43 2.32810374495679 1.9222083116902997 0.052154900040477514
1.0000000000000002 11
44 2.3021459578129333 1.903734482197472 0.04954729997552931
0.9999999999999999 11
45 2.276826802600429 1.8652820937240624 0.056073599960654974
0.999999999999999 11
46 2.252468543421408 1.847337636174636 0.0567598000052385
1.0 11
47 2.2286138756934872 1.8119626953250871 0.056153299985453486
0.9999999999999996 11
48 2.2056646870565437 1.7943759502440348 0.05994580005062744
1.000000000000001 11
49 2.1829804748541006 1.7623881193306266 0.06729520001681522
1.0000000000000013 11
50 2.161074177859967 1.7439982866028965 0.07478160003665835
1.000000000000001 11
51 2.1397830399469173 1.71487589135487 0.05465170001843944
1.0000000000000004 11
52 2.119251561339596 1.6981471060279831 0.06280219997279346
1.0000000000000007 11
53 2.099033850218793 1.6710687260483055 0.06921069999225438
0.999999999999999 11
54 2.0796931835586743 1.6543019252525686 0.055609699978958815
1.0000000000000002 11
55 2.0606660452409944 1.6297786427246774 0.053221300011500716
1.0000000000000004 11
56 2.04236171127828 1.61458183552758 0.05305069999303669
0.9999999999999991 11
57 2.0242908550927483 1.5916646424899787 0.053304300003219396
0.9999999999999994 11
58 2.006795126183021 1.5766955562496776 0.05656470003305003
1.0000000000000007 11
59 1.9893535204749568 1.5555635417048268 0.05331580003257841
1.0000000000000002 11
60 1.9727470796534354 1.542412807722937 0.056753299955744296
1.0000000000000013 11
61 1.956913872891738 1.5222050923419639 0.05389360000845045
0.9999999999999998 11
62 1.9417400044952202 1.5090525567187532 0.057740400021430105
1.0000000000000002 11
63 1.927093534882128 1.489580367866239 0.05492040002718568
1.0000000000000002 11
64 1.9131147282721308 1.481763022003111 0.053314799966756254
1.0000000000000002 11
65 1.8996165544836032 1.4634235690767095 0.049298099998850375
0.9999999999999984 11
66 1.8865870188137102 1.4532761896496063 0.0577163000125438
0.9999999999999999 11
67 1.87382189350116 1.4352664188882418 0.05261670000618324
1.0 11
68 1.8614155884301287 1.4285075329028452 0.05262510001193732
0.9999999999999992 11
69 1.849331286163263 1.4117085948908372 0.052687999967020005
1.0000000000000004 11
70 1.8375094870959754 1.4037315193676332 0.05053320003207773
1.0000000000000009 11
71 1.8259080070981022 1.3873638917230893 0.05426400003489107
0.9999999999999999 11
72 1.8145195103969625 1.3804189402157625 0.057185999990906566
1.0000000000000009 11
73 1.803293276340265 1.3644451193911022 0.049958900024648756
1.0000000000000002 11
74 1.792281465982509 1.3579752827175013 0.05137900001136586
1.0 11
75 1.781416564309605 1.3419356843771817 0.055842300003860146
1.0 11
76 1.7707009554273172 1.3360105467316234 0.05366209999192506
0.9999999999999996 11
77 1.7600862086186007 1.3198674411468538 0.050034299958497286
0.9999999999999988 11
78 1.7495955461552672 1.3142555683889992 0.051050999958533794
1.0000000000000002 11
79 1.73924904046507 1.2986130657528392 0.055409799970220774
0.9999999999999988 11
80 1.7289925208430463 1.2928355451162643 0.056343300035223365
1.0000000000000004 11
81 1.718859931690396 1.277157050704023 0.054365399992093444
0.9999999999999997 11
82 1.7087956343284867 1.2714694944381353 0.0567715999786742
0.9999999999999994 11
83 1.698845849004373 1.2557630053315398 0.05420289997709915
1.0 11
84 1.6889024898401535 1.2498353856744848 0.05602509999880567
1.0000000000000004 11
85 1.6790713641348516 1.2342340901619255 0.05489490000763908
1.0000000000000013 11
86 1.6693381634407765 1.2285988952025255 0.054911699960939586
1.0 11
87 1.659714069399003 1.2126576819014017 0.05430860002525151
1.0000000000000009 11
88 1.6501381955582477 1.206977563750601 0.05701059999410063
1.0000000000000002 11
89 1.6406661151242443 1.1909382968607152 0.04900729999644682
0.9999999999999998 11
90 1.6312415556302555 1.1851784929345492 0.05489470000611618
0.9999999999999991 11
91 1.62190590346733 1.168964616516182 0.04983060003723949
0.999999999999999 11
92 1.6126185413604266 1.1631887759777144 0.05422970000654459
1.0000000000000002 11
93 1.6033964433774932 1.147095605084031 0.049687999999150634
0.9999999999999996 11
94 1.5942269896575827 1.1409682197262982 0.05642959999386221
0.9999999999999997 11
95 1.5851429255518794 1.1247476851032197 0.0516537000075914
1.0000000000000002 11
96 1.576105180586683 1.1186430997275176 0.051565100031439215
0.9999999999999994 11
97 1.5671036882674012 1.1023396398857364 0.05146539997076616
1.0000000000000004 11
98 1.5581409110818336 1.0961386423064277 0.057568499993067235
0.9999999999999997 11
99 1.5491743676058558 1.0797541447830536 0.054788899957202375
1.0 11
100 1.5402304490600984 1.0733896415978528 0.051157700014300644
0.9999999999999999 11
101 1.5312290921027085 1.056901072578432 0.056303200020920485
1.0000000000000002 11
102 1.5222337316460763 1.0504468890913814 0.05495369998971
1.0000000000000004 11
103 1.5131040244723974 1.0336009175768421 0.052499899989925325
1.0000000000000004 11
104 1.5039702383525462 1.0269405382315275 0.05375550000462681
1.0000000000000002 11
105 1.49458319985398 1.0096295675417701 0.051591900002676994
1.0 11
106 1.485151903163556 1.0027338048776129 0.05161129997577518
1.0000000000000009 11
107 1.4752667503727872 0.9844509238668713 0.053842099965550005
0.9999999999999998 11
108 1.4648539628851078 0.9782052122687603 0.054153299948666245
0.9999999999999999 11
109 1.4536415657276247 0.9577953544687648 0.062205800029914826
0.9999999999999997 11
110 1.442771243869821 0.9486562557840309 0.052277799986768514
0.9999999999999998 11
111 1.4311098527077204 0.9285821889811389 0.05865570000605658
1.0 11
112 1.4193780435939116 0.9189433691595884 0.05743010004516691
1.0000000000000022 11
113 1.4052141188600118 0.897096511490442 0.055316700018011034
1.0000000000000002 11
114 1.391208059424196 0.8835356101062214 0.06315399997401983
1.0 11
115 1.364483937350924 0.8424565006212333 0.05662649997975677
1.0000000000000004 11
116 1.3394708324347429 0.8177153396519177 0.04975710000144318
1.0000000000000009 11
117 1.3194178052820005 0.7975081841914983 0.05539150000549853
1.0000000000000004 11
118 1.2988619875252643 0.767960447159931 0.053600699990056455
0.999999999999999 11
119 1.2827827597348016 0.7555155293979438 0.05332259996794164
1.0000000000000018 11
120 1.266755752076439 0.72958905157628 0.05176569998729974
1.0000000000000009 11
121 1.2518922017988667 0.719915584609273 0.05949419998796657
0.9999999999999998 11
122 1.2370022765177568 0.6940513827433338 0.07201770000392571
0.9999999999999992 11
123 1.2228659849886456 0.6865623508720814 0.05725899996468797
0.9999999999999989 11
124 1.2089262602798325 0.6612642301737567 0.05870960000902414
0.9999999999999993 11
125 1.1954593933936999 0.6545139557027708 0.06212109996704385
1.0000000000000002 11
126 1.182355161899168 0.6305316788495142 0.05304839997552335
0.9999999999999992 11
127 1.1695574556255512 0.6232038431830037 0.05340129998512566
1.0000000000000002 11
128 1.1571660905517354 0.6014993551494456 0.04975100001320243
0.9999999999999993 11
129 1.1451361309830674 0.5936458869230462 0.053235900006257
0.9999999999999993 11
130 1.1335330095457978 0.574390050576251 0.052994900033809245
1.0000000000000002 11
131 1.1223290219349256 0.566274827807809 0.05678539996733889
0.9999999999999987 11
132 1.111554751260464 0.549290274609895 0.05484850000357255
0.9999999999999997 11
133 1.1011924978040495 0.5411106031783816 0.05671129998518154
1.0 11
134 1.091253126085859 0.5261523657444751 0.05516039999201894
0.9999999999999981 11
135 1.0817224617715044 0.5181113385824487 0.05382119998103008
1.0000000000000002 11
136 1.0725993564981229 0.5049468552304935 0.056519399979151785
0.9999999999999996 11
137 1.0638705368416326 0.49716041312899467 0.04979060002369806
0.9999999999999996 11
138 1.0555263843374538 0.48558903373226475 0.05360750004183501
1.0000000000000004 11
139 1.0475550849223538 0.4781047337053486 0.060934499953873456
0.9999999999999989 11
140 1.0399397427343036 0.46796816213310766 0.08311980002326891
1.0000000000000002 11
141 1.0326736205153468 0.46077216833322543 0.0570441999589093
1.0000000000000013 11
142 1.0257314463813407 0.45196048537950884 0.05840150004951283
0.9999999999999986 11
143 1.0191161997765092 0.4450057276048277 0.05411959998309612
0.9999999999999988 11
144 1.0127919011221573 0.4374366366513427 0.05565480003133416
1.0000000000000004 11
145 1.0067733820388822 0.43068396252197655 0.051720499992370605
1.0000000000000016 11
146 1.001013153708466 0.424261011281913 0.0510581000125967
1.0000000000000009 11
147 0.9955339918755853 0.41770687810465473 0.053483600029721856
1.0000000000000007 11
148 0.9902815178825302 0.4122877134865142 0.054956500011030585
0.9999999999999997 11
149 0.9852782876646677 0.405956897927177 0.050943999958690256
0.9999999999999994 11
150 0.9804723071787943 0.40136240865075234 0.055846599978394806
151 0.05532414701864407
-------------------------------------------------END------------------------------------------------------
43
------------------------------------Randomized only---------------------------------------------------
400.27401028950396 397.69844211508996
0.9922598053305666 10
0 369.60192050126744 369.6136330702423 0.03176099999109283
0.9977770340432538 10
1 325.6951657533858 328.87500006176344 0.028834700002335012
0.9986723209710385 10
2 278.469565209739 284.5975870626288 0.025178699987009168
0.998470998271808 10
3 245.11415899402442 255.78069555217792 0.030941299977712333
0.9816050555026463 10
0.9981563293873604 40
4 222.83475724132563 233.57380015572852 0.08989220001967624
0.7586381622631755 10
0.9775781510211216 40
0.9929035773485894 70
5 125.48865525198784 133.8292794480462 0.118782400037162
0.875844859850914 10
0.9727116850217465 40
0.9908532101102921 70
6 67.92231054922478 68.61966153320411 0.12473229999886826
0.7301900121615872 10
0.9559174443126898 40
0.9717924405173083 70
0.9859534697723625 100
0.9999999999999999 103
7 41.54987500137209 41.69982976523414 0.18776130001060665
0.958589954918083 10
0.9911621484032296 40
8 22.03554315678137 21.228583186397845 0.06979789998149499
0.60376236584788 10
0.7575177071952208 40
0.9022851305332272 70
0.9388570448288983 100
1.0 103
9 12.870774809385692 12.049020978893614 0.19588579999981448
0.7585393817173215 10
0.9294621074837014 40
0.9623556281826536 70
0.9758511276387567 100
1.0000000000000002 103
10 7.795794792764593 7.450558451281301 0.21039269998436794
0.7843785283121927 10
0.9308173690615785 40
0.9617744251852748 70
0.9758134571669028 100
0.9999999999999998 103
11 5.28172122473647 5.091252057926331 0.20116409996990114
0.5206892350081151 10
0.7819737963180172 40
0.8359655496910579 70
0.8846961921009738 100
1.0000000000000007 103
12 4.240831070310666 3.9434098579555847 0.20904010004596785
0.7509388183428873 10
0.873987115187659 40
0.9111087884131507 70
0.9242173068028317 100
1.0000000000000002 103
13 3.7113304200681165 3.3906098040296526 0.19432180002331734
0.5036979004828288 10
0.8291144246949285 40
0.8601985997871419 70
0.8879393561387536 100
1.0 103
14 3.2324684225323526 2.815077350590472 0.20361379999667406
0.2650445580077996 10
0.6041913067772465 40
0.6746762890595651 70
0.7208856283619643 100
0.9999999999999994 103
15 2.9402127963575233 2.6139753796199643 0.2042069000308402
0.664871867059611 10
0.8379850366855881 40
0.8700250479480566 70
0.8945456801783677 100
0.9999999999999998 103
16 2.688054162286245 2.2773322084052015 0.21171439997851849
0.9089205094141293 10
0.9395710038260251 40
0.9458054635187788 70
0.9513717780959349 100
1.0000000000000004 103
17 2.4879614470218785 2.1196573619672554 0.196399400010705
0.8631275707114477 10
0.8976761840997398 40
0.9122259262732372 70
0.9244396945632634 100
0.9999999999999991 103
18 2.313596951707013 1.8905009918013784 0.2011553999618627
0.9298915387995931 10
0.9629792799632536 40
0.9672179140333588 70
0.9714719284980278 100
0.9999999999999998 103
19 2.154729628864485 1.738177310567059 0.20594079996226355
0.5232964240090441 10
0.6050642459935155 40
0.6563133904103745 70
0.6939400782466167 100
1.0000000000000002 103
20 2.0318973838839507 1.5881516048254265 0.1925281000440009
0.91810128841311 10
0.9630532659611876 40
0.9670733256697713 70
0.9711360148700162 100
1.0000000000000004 103
21 1.9237452564955093 1.4801420670692402 0.2086789999739267
0.3732778876033397 10
0.5150590939798825 40
0.5732972229315528 70
0.6046780044053799 100
1.0 103
22 1.8395528119103102 1.3712536835985598 0.2016101999906823
0.9017057782774267 10
0.9504805795409859 40
0.9551095862234246 70
0.9597435467400426 100
1.0000000000000002 103
23 1.7633237179038723 1.2994181365636177 0.2011348000378348
0.717580300058432 10
0.7930537264460631 40
0.81281808787245 70
0.8214988890395205 100
1.0000000000000007 103
24 1.7005136958847251 1.219557278237262 0.2106105000129901
0.8128295484752873 10
0.8708617761889024 40
0.8788073275466902 70
0.8871931878518965 100
0.9999999999999991 103
25 1.6438041576414641 1.1673576373047958 0.1734617999754846
0.6702056717075273 10
0.7139895788625227 40
0.7289852039286371 70
0.7363498948362768 100
1.0000000000000002 103
26 1.5936244263097916 1.1057900862967243 0.19996299996273592
0.27817298356983045 10
0.4045751680287382 40
0.4306348969383594 70
0.4476377637831838 100
0.9999999999999999 103
27 1.5484556278683177 1.0608751657927056 0.1918256999924779
0.1388095419612282 10
0.18794003000019277 40
0.21714160938581903 70
0.23576838493207236 100
0.9999999999999992 103
28 1.5070110891558928 1.0141638411397567 0.18974750000052154
0.7464837089942915 10
0.8070661720843284 40
0.8191845096550344 70
0.8239968166665549 100
0.9999999999999994 103
29 1.4680603993493224 0.9707879011215977 0.1779260999755934
0.5591391577053244 10
0.6305276947238635 40
0.6491704211951211 70
0.6612978276626952 100
1.0000000000000004 103
30 1.4316126404615006 0.9349679114766819 0.17670599999837577
0.8545627327781429 10
0.8990858707343602 40
0.90813576269624 70
0.9114230426123409 100
0.9999999999999996 103
31 1.3960351149805377 0.8928016139731899 0.18066860001999885
0.7594259149062142 10
0.8178484630678178 40
0.8296188515420619 70
0.8365135055437003 100
1.0000000000000002 103
32 1.362477109881352 0.8627926829390326 0.1820341999991797
0.867359896933402 10
0.9084848916682127 40
0.9175187515553577 70
0.9207057963306681 100
1.0000000000000007 103
33 1.330071154913835 0.8237498223942998 0.17755889997351915
0.779073923862147 10
0.8339809002117261 40
0.8450827546297714 70
0.8511567529352404 100
0.9999999999999999 103
34 1.3000581804864046 0.7973534900098421 0.1671599000110291
0.8486342337738985 10
0.8882507070605522 40
0.8979961250318297 70
0.9015812931167507 100
1.0000000000000004 103
35 1.2719855964143687 0.7624758043380397 0.17695460002869368
0.6976518288668335 10
0.7600092000447455 40
0.7740051049265376 70
0.7812224364453823 100
1.0 103
36 1.246331941243029 0.7397212575269386 0.17091689998051152
0.8005877275943215 10
0.8370075397915794 40
0.8475241561038525 70
0.8517647225574798 100
0.9999999999999999 103
37 1.2226896893128754 0.7088337914797394 0.18035420001251623
0.4941836203816703 10
0.5683597052283591 40
0.5869587920559834 70
0.5960219341637571 100
1.0000000000000004 103
38 1.200795197562423 0.6894684061638684 0.17492530000163242
0.7384970788869465 10
0.7683077578374217 40
0.778677010765318 70
0.7831060862357814 100
1.0000000000000002 103
39 1.1806311068091693 0.6620502134179604 0.1796063999645412
0.2836486075630898 10
0.35477752471793 40
0.3731584706008165 70
0.381915246698649 100
0.9999999999999996 103
40 1.1615770372726653 0.6448511213500977 0.19149159995140508
0.6827972538307941 10
0.7057075564939264 40
0.7149406182266793 70
0.7188957078611176 100
1.0 103
41 1.1440064350352768 0.6208118581279899 0.17676269996445626
0.18641351605870557 10
0.24164881323003395 40
0.2550749517900394 70
0.2619381234625096 100
1.0000000000000007 103
42 1.1272743196557329 0.6046580136912442 0.1778185999719426
0.6049694021578026 10
0.6236683511820851 40
0.6317483633356772 70
0.6352438397467823 100
0.9999999999999996 103
43 1.1118204895877188 0.58431833812771 0.17332549998536706
0.13040724493494815 10
0.16932304859442415 40
0.17797843140439054 70
0.18353936639656193 100
1.0000000000000004 103
44 1.0972176374646896 0.5687744119715351 0.17534979997435585
0.4640909804257674 10
0.48038268419228325 40
0.4877548485968238 70
0.49116943952460496 100
1.0000000000000004 103
45 1.083636379808136 0.5523246910093038 0.17519209999591112
0.08178233109211233 10
0.11252832649572139 40
0.11978090107476648 70
0.12506420699701765 100
0.9999999999999996 103
46 1.0708856251180319 0.537477224474879 0.17846990004181862
0.3039097034572015 10
0.32129894843881296 40
0.3285607096208828 70
0.3323402627400399 100
0.9999999999999998 103
47 1.0588474975660676 0.5243046938588475 0.1684174999827519
0.09031445803806244 10
0.12414495024228867 40
0.1324222694537209 70
0.13782821967340886 100
1.0000000000000002 103
48 1.0474610042252228 0.5102070682127019 0.17357849999098107
0.20206431442315548 10
0.22409174615909586 40
0.2313249049654571 70
0.2356639426326593 100
0.9999999999999996 103
49 1.0365648530815235 0.4992604048068636 0.1849670999799855
0.13745078359728088 10
0.17334357200779565 40
0.18145209498788972 70
0.18670241069616608 100
1.0000000000000004 103
50 1.0261620818923853 0.48588028146004325 0.17361260001780465
0.14386719015501798 10
0.1689735817080538 40
0.17586937923864857 70
0.1804973598885037 100
1.0 103
51 1.0161323798571558 0.4764190269596443 0.17828469997039065
0.17061609176082276 10
0.20409375214643508 40
0.21104836964486948 70
0.21592677190931797 100
0.9999999999999998 103
52 1.0065049840595026 0.46376140897838536 0.17569889995502308
0.1039129722262505 10
0.12906215252702594 40
0.1354391941360928 70
0.139971381473413 100
0.9999999999999996 103
53 0.9971838589021758 0.4553633602611395 0.17727790004573762
0.1844829899538903 10
0.21377018019868282 40
0.21943114100002215 70
0.22383255067773503 100
0.9999999999999996 103
54 0.9882081971341297 0.4434541383974056 0.17920220002997667
0.07746579120673655 10
0.10075699528922269 40
0.10655281418885519 70
0.11070095304192845 100
0.9999999999999996 103
55 0.9794929626969929 0.43583840817820013 0.17425480001838878
0.1880000592017759 10
0.21318890741946817 40
0.21771538069199534 70
0.2215893806830003 100
0.9999999999999997 103
56 0.9710817900482746 0.42469735779612894 0.16956249997019768
0.06430852570561431 10
0.0851175444117235 40
0.090332503577876 70
0.09396298600883135 100
1.0000000000000009 103
57 0.962895432303782 0.4176509667685592 0.1765103999641724
0.18629228190425412 10
0.20824965445601468 40
0.21188124525471727 70
0.21524737378768555 100
1.0000000000000004 103
58 0.9549808423072629 0.40727766874365645 0.1691881000297144
0.061041183345516004 10
0.07954702605090169 40
0.08422212814767592 70
0.08735579733082048 100
1.0000000000000007 103
59 0.9472617559416215 0.4006395840342225 0.19171840004855767
0.18111869030368255 10
0.2008728734086097 40
0.20384349022775178 70
0.2067832560261924 100
0.9999999999999992 103
60 0.9397888628386379 0.3910090585969601 0.18976659997133538
0.06264288236197015 10
0.07935978582183183 40
0.08355560184976657 70
0.08630939360266442 100
1.0000000000000007 103
61 0.9324871331175966 0.3846652461177267 0.175925699993968
0.17326629993169942 10
0.1917141533398566 40
0.19421663120685714 70
0.19684242675848784 100
0.9999999999999996 103
62 0.925411306497458 0.3757337076075922 0.1756675000069663
0.06529883200008951 10
0.08077681321510338 40
0.08455477310621824 70
0.08706769873196982 100
0.9999999999999994 103
63 0.91848690999959 0.3696078041819554 0.19303810002747923
0.1633144914374194 10
0.18111552969359332 40
0.18329690464058476 70
0.18572215729213704 100
1.0 103
64 0.9117722347862176 0.3613255132831569 0.18301209999481216
0.06707267667765243 10
0.08176527184561595 40
0.0851776180950493 70
0.08756263305554483 100
0.9999999999999999 103
65 0.9051937106454104 0.3553647057421847 0.1758896000101231
0.15146442858664552 10
0.1690321666521788 40
0.17100283489677243 70
0.17332349621482232 100
0.9999999999999994 103
66 0.8988119368304855 0.34769074188844473 0.1846468999865465
0.0671578910506351 10
0.08139282920127516 40
0.08448002587246531 70
0.08680853725212907 100
0.9999999999999997 103
67 0.8925552903689772 0.34185105066753285 0.22109810000983998
0.13742342375671046 10
0.15496034807648465 40
0.15680448690759213 70
0.15909028989198065 100
1.0000000000000002 103
68 0.886485166546831 0.3347655514667445 0.17650800000410527
0.06500540840094855 10
0.07899732592405759 40
0.08178940242311214 70
0.08409561203699188 100
0.9999999999999996 103
69 0.8805331005612538 0.3290007534623682 0.18376520002493635
0.12075898631136188 10
0.13830353182214788 40
0.1400835854275491 70
0.14237405285901483 100
0.9999999999999993 103
70 0.8747599930324126 0.32251127600903395 0.17604869999922812
0.059925663025317995 10
0.07379458826602925 40
0.07631447631724751 70
0.07860557007930603 100
0.9999999999999993 103
71 0.8691013346973767 0.3167686236050943 0.17787410004530102
0.10171991789707888 10
0.11918908792403106 40
0.1209418638785128 70
0.12324331124148032 100
0.9999999999999997 103
72 0.8636166631159161 0.3109074844911811 0.17649769998388365
0.05137231135682159 10
0.06515515985391489 40
0.06742357535562608 70
0.06968708263902551 100
0.9999999999999998 103
73 0.8582453888329221 0.3051321780140445 0.17398690001573414
0.08212354012363901 10
0.09934829535409957 40
0.10107619524340249 70
0.1033599313383848 100
0.9999999999999997 103
74 0.8530450772753054 0.2999423320662402 0.16899809997994453
0.03985055136146076 10
0.05350771987817086 40
0.05554860715540831 70
0.05775468289682753 100
1.0000000000000007 103
75 0.8479581561575971 0.2940903018087041 0.18405639997217804
0.0651914155937622 10
0.08195222869498207 40
0.08362104056246393 70
0.08582875179941157 100
0.9999999999999992 103
76 0.8430396202083142 0.2896016545612115 0.176422199991066
77 0.1725944727251016
-------------------------------------------------END------------------------------------------------------
------------------------------------Krylov only---------------------------------------------------
400.27401028950396 397.69844211508996
1.0000000000000002 11
0 366.82879008359674 366.4343061375091 0.05816750001395121
1.0 11
1 314.0575873121009 318.97377054165446 0.050810799992177635
1.0000000000000009 11
2 214.86793193463376 226.7184338736765 0.05568439996568486
0.9999999999999997 11
3 160.88727402010247 167.72146521147812 0.05688869999721646
1.0 11
4 87.78707753481237 90.01211544196453 0.05442549998406321
1.0000000000000004 11
5 35.90460057998072 38.214594436905344 0.05723390000639483
1.0 11
6 12.32926735282296 13.448513408249044 0.052402100001927465
1.0000000000000002 11
7 7.050007373884626 7.062042487094388 0.05513520003296435
0.9999999999999998 11
8 5.229214868772858 5.085210673954569 0.04990949999773875
1.0000000000000007 11
9 4.07183553845104 3.7753720996327194 0.05751679994864389
0.9999999999999999 11
10 3.4205943154988656 3.2108171836641897 0.052735499979462475
1.0000000000000002 11
11 3.0362004154753537 2.737330365638383 0.055937299970537424
1.0000000000000002 11
12 2.77640230427581 2.5287253715498035 0.05637410003691912
1.0 11
13 2.5694044079889693 2.264259943780229 0.05262560001574457
0.9999999999999994 11
14 2.3992158314941223 2.1312019055665106 0.0550958999665454
0.9999999999999996 11
15 2.254884660301363 1.9373237772562897 0.05676319997292012
0.9999999999999993 11
16 2.1281576027700853 1.8259324536563761 0.055008099996484816
0.9999999999999974 11
17 2.0120477728432524 1.684645919581323 0.05090230004861951
1.0000000000000002 11
18 1.915130057956036 1.5807834064199129 0.04970139998476952
0.9999999999999997 11
19 1.8359479292605196 1.4819841960414193 0.05327549995854497
0.9999999999999999 11
20 1.7644914879393196 1.4006207843418954 0.05026600003475323
1.0000000000000004 11
21 1.7037463670440636 1.3280644479665002 0.05144140002084896
1.0000000000000009 11
22 1.6414452338338723 1.2496628078634167 0.05660609999904409
0.9999999999999994 11
23 1.587097546262218 1.192074504542988 0.05907259997911751
1.0000000000000002 11
24 1.5451756005977029 1.1289739714139286 0.05616140004713088
0.9999999999999997 11
25 1.5074843568262228 1.096105423165533 0.05584029998863116
1.0000000000000002 11
26 1.4731609187221977 1.038455177320236 0.054901700001209974
1.0000000000000002 11
27 1.4403615146378512 1.014127955554425 0.05788519995985553
1.0000000000000002 11
28 1.4017364848948928 0.9465197695440006 0.05775310000171885
1.0 11
29 1.368568897989114 0.9188679195142756 0.057570000004488975
1.0000000000000004 11
30 1.3421914110638056 0.8746847953545428 0.05178500001784414
1.0000000000000002 11
31 1.3168790705574986 0.854017807695632 0.05640280002262443
1.0000000000000009 11
32 1.2943089464803363 0.8139441595110466 0.053980200027581304
0.9999999999999998 11
33 1.2728389519720058 0.801811017436953 0.051665699982549995
0.9999999999999991 11
34 1.2531840521795343 0.7634457253807901 0.05406529997708276
0.9999999999999994 11
35 1.2345071075095966 0.754654645452791 0.05003230000147596
1.0000000000000004 11
36 1.2170908304996362 0.7195475599082845 0.05168099998263642
1.000000000000001 11
37 1.2004084190382132 0.7127166033514558 0.05674130003899336
0.9999999999999999 11
38 1.1843267112296296 0.6789636089262715 0.054777099983766675
0.9999999999999998 11
39 1.1688780638504062 0.6741082439018343 0.051799000008031726
1.0000000000000002 11
40 1.15416146869232 0.6437855845909832 0.05160099995555356
1.0000000000000002 11
41 1.1396662921327825 0.6385227437680696 0.04630810004891828
1.0000000000000007 11
42 1.125695392140008 0.6103276697476384 0.04827359999762848
1.0000000000000002 11
43 1.1091905675824567 0.5998096081887387 0.05576010001823306
0.9999999999999989 11
44 1.0941247629857833 0.5740214986960457 0.07160530000692233
0.9999999999999996 11
45 1.0825542653194158 0.5696691045205154 0.06475869996938854
1.0000000000000009 11
46 1.0713717791932296 0.547106635068138 0.05719029996544123
1.0000000000000002 11
47 1.0607816504077185 0.5431448856833573 0.04985920002218336
1.0000000000000009 11
48 1.0505659653879746 0.521910658704072 0.05003659997601062
1.0000000000000002 11
49 1.0409094362751417 0.5182684730824474 0.0478187000262551
0.9999999999999994 11
50 1.0316524506902114 0.5003573947836665 0.05225419998168945
1.0000000000000002 11
51 1.0228398429317602 0.49648920227247123 0.05372870003338903
0.9999999999999993 11
52 1.0144080476672377 0.47960090881394424 0.05521629995200783
1.0000000000000009 11
53 1.006345798197131 0.4756302651616014 0.055069099995307624
0.9999999999999996 11
54 0.9986334160304988 0.4616168543987101 0.05732189997797832
1.0000000000000004 11
55 0.9788513377017906 0.43677166660514605 0.053563900000881404
0.9999999999999989 11
56 0.9631804565954822 0.4229309315446327 0.05514120002044365
1.0000000000000007 11
57 0.9556034450461102 0.4144860133991982 0.04952139995293692
0.9999999999999998 11
58 0.9484125829545239 0.4047629071115083 0.0501016000052914
1.0 11
59 0.9415716297041598 0.397151824692678 0.0645286999642849
1.0000000000000002 11
60 0.9350539556911975 0.3885431010856753 0.08047330001136288
1.0000000000000009 11
61 0.9287637283013777 0.3813210909092153 0.053202199982479215
0.9999999999999997 11
62 0.9227440271193096 0.3738072607989286 0.05015989998355508
0.9999999999999992 11
63 0.9169334196423475 0.3666729949728963 0.05660140002146363
0.999999999999999 11
64 0.9113503726882997 0.36035880270842646 0.05749510001624003
0.9999999999999993 11
65 0.9059371750261466 0.35360582218559244 0.05322489998070523
1.0 11
66 0.9005423488140095 0.3461257064757445 0.05584899999666959
1.000000000000001 11
67 0.8953273012722089 0.3409362842857759 0.05558999994536862
0.9999999999999997 11
68 0.8903804541573176 0.33472169753073966 0.058717899955809116
69 0.054898450720508626
-------------------------------------------------END------------------------------------------------------
44
------------------------------------Randomized only---------------------------------------------------
386.1504500036247 382.45130274148926
0.986910132074484 10
0.999685175480187 40
0 356.6316425391837 354.3922237588444 0.07467290002387017
0.9880729574533431 10
0.9996681644369098 40
1 313.6964968332921 315.44787244984707 0.06587089999811724
0.9796202988952569 10
0.9994350665204842 40
2 253.87047034326176 262.90784487422746 0.057070699986070395
0.8209890013577401 10
0.9961516268463854 40
3 188.46291314320155 200.97607144042482 0.06627249997109175
0.8580714200381517 10
0.9921858973812555 40
4 127.40112354165328 138.03104246613722 0.07898890000069514
0.9155612419754166 10
0.9692583822881992 40
0.9933637178844278 70
5 74.09344238987157 78.42253136957551 0.1243856999790296
0.862757156762827 10
0.9489835220094769 40
0.9819693710391371 70
0.9920520543605208 100
6 62.17742750809726 66.36099641244782 0.1633674000040628
0.9813094744028921 10
0.9982252910185583 40
7 35.81608591843579 37.79213853178385 0.07853900000918657
0.7287012449057497 10
0.8630891547190941 40
0.9218015067629751 70
0.9554787272947156 100
0.9999999999999999 103
8 25.00957514643962 27.111799481905248 0.21246619999874383
0.9613360854640088 10
0.9945575925744559 40
9 17.277319891233823 18.60200243692236 0.0712111999746412
0.8585805638174494 10
0.9425793751901081 40
0.9653251667295358 70
0.978664965745117 100
0.9999999999999994 103
10 12.26053401430808 12.925368867893702 0.20133409998379648
0.9106570998403959 10
0.9840193757093658 40
0.9917302239593362 70
11 10.451038909754619 10.733361500162632 0.12010109995026141
0.6044987458704469 10
0.7296457134741736 40
0.7767169878240955 70
0.8891955709600421 100
1.0000000000000002 103
12 9.659282005833674 10.240269939478118 0.32577699999092147
0.9188158902169506 10
0.9961050841499434 40
13 6.313718222827682 6.5942347968539075 0.0728573999949731
0.7357780651070002 10
0.8177997098149246 40
0.909592755151252 70
0.9446027875386379 100
0.9999999999999993 103
14 5.115483451730911 5.285601122445851 0.18462389998603612
0.9892831584317724 10
0.9983723600399994 40
15 4.468303895486011 4.459482247928842 0.07200960000045598
0.49299598753272644 10
0.512272252776059 40
0.6830669327273224 70
0.7645624736464517 100
1.0000000000000004 103
16 3.513254448532933 3.2252437992816985 0.33626680000452325
0.8355983030156313 10
0.9779725556654143 40
0.9869461829917112 70
0.9908535507880329 100
17 3.1679600282963247 2.771857552452323 0.18007389997364953
0.8855281093148576 10
0.9237235290198206 40
0.9282320381030219 70
0.9325013251656805 100
1.0000000000000002 103
18 2.782956332949816 2.2961304252639074 0.2095846000011079
0.9760805498217593 10
0.9979215434039942 40
19 2.4395959018860545 1.9692429686922426 0.08373830001801252
0.51517666541363 10
0.5237530290138994 40
0.6720529259732216 70
0.7780648806457092 100
1.0000000000000002 103
20 2.0341069242316876 1.5227942557053489 0.20723699999507517
0.9302677704417299 10
0.9894345805141442 40
0.992239745785375 70
21 1.9753711737972037 1.4670368503935283 0.13097479997668415
0.18717311282615196 10
0.22045454413162993 40
0.2315427097447975 70
0.3603371732765557 100
1.0000000000000002 103
22 1.69111655427328 1.1661727184683581 0.1869678000221029
0.9712774027902027 10
0.9913586335210178 40
23 1.6583972929712851 1.1506596250196892 0.06036810000659898
0.1381153219238309 10
0.1411410758379506 40
0.28067002024447646 70
0.3844663923139394 100
1.0 103
24 1.468803112437094 0.9416676539265914 0.19344780000392348
0.977695789304329 10
0.9903966428310342 40
25 1.4604962066845137 0.9258994263590636 0.0571751999668777
0.008820927710953812 10
0.009691792751294805 40
0.12734596961683958 70
0.18339637750655502 100
0.9999999999999988 103
26 1.3334600538097787 0.7872550689744742 0.18036060000304133
0.9129966248589848 10
0.9888600283440063 40
0.9926981271047004 70
27 1.307033682052358 0.761876459010718 0.10766449995571747
0.47248557407793496 10
0.4789241170255914 40
0.4823143302575277 70
0.5245333826525841 100
0.9999999999999999 103
28 1.2214600508382532 0.6833558128732343 0.17662470001960173
0.8425246527637699 10
0.9136568170667262 40
0.924968478383345 70
0.9278695534867635 100
0.9999999999999999 103
29 1.1650805309195424 0.6082670873850771 0.17147569998633116
0.9459664314996433 10
0.9721706129243614 40
0.9739772132540268 70
0.9751377265523736 100
0.9999999999999998 103
30 1.124259815477622 0.574327663266883 0.16997180000180379
0.779741030536831 10
0.8533676162645576 40
0.8616875331618853 70
0.8641386264611657 100
1.0000000000000002 103
31 1.089968403287298 0.5277085022134856 0.18436320003820583
0.8660444713527786 10
0.9257519945382294 40
0.9278712266884737 70
0.9298938973116085 100
1.0000000000000007 103
32 1.0611935023490306 0.5037554756993791 0.17098140000598505
0.8492383901850955 10
0.8961278517230464 40
0.8999657954012774 70
0.901323109297196 100
1.0000000000000002 103
33 1.0360902418080948 0.4705757531580882 0.17604500002926216
0.8713064190082914 10
0.9275790172122264 40
0.9288827041454295 70
0.9300543767939803 100
1.0000000000000002 103
34 1.0131907651914096 0.45152368339368126 0.17680440004915
0.9077410578705764 10
0.9301606788478857 40
0.931913056222145 70
0.9326847944485479 100
1.0 103
35 0.9927715900657076 0.42682259008715334 0.183404499955941
0.9197542899423327 10
0.9511794209665148 40
0.9518493621314079 70
0.9523922208460706 100
1.0000000000000002 103
36 0.9732697771169394 0.41122097259607626 0.17508730001281947
0.9137482385157469 10
0.9308347071739792 40
0.9322291186394612 70
0.9329419353216205 100
1.0000000000000004 103
37 0.9560646768287341 0.3923319220709309 0.17207349999807775
0.9477370152944846 10
0.9642671283737078 40
0.9647044644355679 70
0.9650249870974997 100
1.0000000000000002 103
38 0.9395596373603615 0.37957851624379274 0.17483199998969212
0.8870040033738608 10
0.9084433339626219 40
0.9100700602316149 70
0.9108928468802937 100
1.0000000000000007 103
39 0.925112037230701 0.3638427445242435 0.1674133999622427
0.9501087123222659 10
0.9624363888327873 40
0.9628476687123105 70
0.9631600786505813 100
1.0000000000000004 103
40 0.9111377863642556 0.3524633049638849 0.1775175000075251
0.812978710859315 10
0.8538454997557592 40
0.8564298988511363 70
0.8576639504366573 100
1.0000000000000002 103
41 0.8986544265384582 0.33808066823654204 0.18226159998448566
0.9325789771296685 10
0.94541964864698 40
0.9459488730479545 70
0.9463762964677329 100
1.0000000000000004 103
42 0.8863074238311675 0.32708979945579825 0.17310830001952127
0.6621640580536533 10
0.7545332464019663 40
0.759397016448572 70
0.7616058210211227 100
1.0000000000000002 103
43 0.8750486915660578 0.31365692959439134 0.18118590000085533
0.8984515352013309 10
0.9137980933641657 40
0.9145691142756167 70
0.9152030411194002 100
0.9999999999999999 103
44 0.8637882989395513 0.30291020012523445 0.1788638000143692
0.4660707697600834 10
0.6424848134219642 40
0.6509992560100037 70
0.6545861530527997 100
0.9999999999999998 103
45 0.8534617204075926 0.290578966315225 0.19596149999415502
0.8585808153302376 10
0.8774604079909923 40
0.8785410518009659 70
0.8793717613637548 100
1.0000000000000004 103
46 0.8432096297986138 0.28028011423050075 0.20950190001167357
0.47872176240857606 10
0.6690694896085845 40
0.678232780619398 70
0.681673879913142 100
1.0000000000000004 103
47 0.8338813429659642 0.2694252310420313 0.20247620000736788
0.8341937290099625 10
0.8563588132100501 40
0.8578465122712196 70
0.8587077771779218 100
0.9999999999999997 103
48 0.8249408574934488 0.2598016268864077 0.20833290001610294
0.5653041924332227 10
0.7166127645540497 40
0.7240864352021699 70
0.7264093835885762 100
1.0000000000000002 103
49 0.8169258205376504 0.2510847348057592 0.1872274000197649
0.824522093718739 10
0.8517404257495599 40
0.8535029478926085 70
0.8541468226950137 100
0.9999999999999998 103
50 0.8096294737855898 0.24230567644326623 0.1803751999977976
0.6587203644201981 10
0.7426672948332933 40
0.7476983126451134 70
0.7494854223210067 100
0.9999999999999998 103
51 0.8030054104898671 0.23601350005433624 0.19736910000210628
0.8520292196452719 10
0.8808668455158972 40
0.8826866580427821 70
0.8831609214722285 100
0.9999999999999993 103
52 0.796747748387094 0.22773824397795137 0.1951388999586925
0.7887721704568492 10
0.8235818544771022 40
0.8267860464464813 70
0.8284521285552094 100
1.0 103
53 0.7909793008266081 0.22300249261269556 0.1930844999733381
0.8915650818613556 10
0.9156623611738207 40
0.9174256889703597 70
0.9179298212392567 100
0.9999999999999992 103
54 0.7854948447259861 0.21518883072114858 0.18680480000330135
0.8288563360783918 10
0.8514216203304139 40
0.8539400091975289 70
0.8554601069625932 100
1.0000000000000004 103
55 0.7804138943144466 0.21151858751406366 0.19212369999149814
0.9007024550999307 10
0.9231449302741778 40
0.9249272283656067 70
0.9255045892411374 100
1.0000000000000009 103
56 0.7756135393865363 0.2042674768384397 0.1960311000002548
57 0.1621026157865121
-------------------------------------------------END------------------------------------------------------
------------------------------------Krylov only---------------------------------------------------
386.1504500036247 382.45130274148926
1.0000000000000009 11
0 355.43458139078774 353.43707031057556 0.05453379999380559
0.9999999999999997 11
1 305.55213821505953 309.11593677839267 0.05716630001552403
0.999999999999999 11
2 219.43796706560104 229.58416585374007 0.05601180001394823
1.0000000000000007 11
3 168.95730103540038 179.61933706601448 0.06394550000550225
1.0 11
4 140.85436439518946 156.07072927639504 0.056488300033379346
1.0000000000000002 11
5 54.706112595863644 57.045030624975276 0.05553350003901869
0.9999999999999996 11
6 16.775532755621867 17.568533711013806 0.05404429999180138
1.0 11
7 9.029303298970595 9.806711630413089 0.05624770000576973
1.0 11
8 6.617298117552619 6.883937071583316 0.05801390000851825
0.9999999999999998 11
9 5.356440091722077 5.42891536494603 0.05237140000099316
1.0000000000000009 11
10 4.741929419327767 4.781754315483298 0.17163649998838082
1.0000000000000007 11
11 4.3435539723579915 4.227487384488804 0.055048100010026246
0.9999999999999998 11
12 4.031108101032488 3.9473787396401567 0.047859700047411025
0.999999999999999 11
13 3.780869040011164 3.542275781130169 0.04883019998669624
1.0000000000000007 11
14 3.5712309142003695 3.3955645022218546 0.044481599994469434
1.0000000000000002 11
15 3.3559945310267483 3.0465179292110287 0.07152309996308759
1.0000000000000002 11
16 3.198614300849972 2.970496216245031 0.05389690003357828
1.0 11
17 3.093751755470204 2.7689336124112773 0.04971390002174303
0.9999999999999993 11
18 3.0003301088667755 2.7283460104285706 0.055238000000827014
1.0000000000000007 11
19 2.904529332547247 2.562357472272198 0.06389829999534413
1.0000000000000004 11
20 2.8209033979398948 2.504728685933 0.05616590002318844
1.0000000000000002 11
21 2.698364000237243 2.3330142108487286 0.048026799981016666
1.0000000000000009 11
22 2.6078663026423303 2.2290092504405137 0.0570212000166066
0.9999999999999999 11
23 2.5512619734060435 2.1230007861047553 0.04977389995474368
0.9999999999999999 11
24 2.496076366635038 2.078865652100527 0.053673400019761175
0.9999999999999994 11
25 2.45480784989361 2.0153620100326806 0.04849920002743602
1.0000000000000004 11
26 2.4131901616425107 1.967416941876779 0.053341499995440245
0.9999999999999991 11
27 2.3752931297619035 1.913378372589628 0.053122400015126914
0.9999999999999994 11
28 2.3338017877588535 1.8701278010501292 0.05334939999738708
0.9999999999999988 11
29 2.294809485008186 1.8161916414834454 0.04707799997413531
1.0 11
30 2.260421073830957 1.7717596878996305 0.04828339995583519
1.0000000000000002 11
31 2.226212054848164 1.7325638620913613 0.05633980000857264
0.9999999999999997 11
32 2.1860766680952204 1.680871678862738 0.0487186000100337
0.9999999999999981 11
33 2.145834083576584 1.6396669109236273 0.0541543000144884
1.0000000000000002 11
34 2.110790616186099 1.588813817582104 0.04955540003720671
1.0000000000000002 11
35 2.07381785300472 1.552458347105046 0.0502206000383012
0.9999999999999998 11
36 2.0357115341069996 1.4997407883304121 0.17946110002230853
1.0000000000000004 11
37 1.9948942688872755 1.457103106655799 0.046486200008075684
1.0000000000000004 11
38 1.9465388620802688 1.3948004136111463 0.05045049998443574
1.0000000000000002 11
39 1.8960396691500547 1.3379525870921685 0.04961859999457374
1.000000000000001 11
40 1.8493442491578571 1.2886858431825385 0.05226380005478859
1.0000000000000009 11
41 1.799982813616148 1.2244742479531148 0.05607759999111295
0.9999999999999998 11
42 1.7560465386371944 1.1935745788215186 0.0502326000132598
1.0000000000000004 11
43 1.7105069512211273 1.124390337345902 0.045207599992863834
0.9999999999999994 11
44 1.6695644567913719 1.100010305701387 0.05194620002293959
1.000000000000001 11
45 1.6268968763653298 1.0351333264623785 0.055350600043311715
0.9999999999999991 11
46 1.5893372140507511 1.0139963788409374 0.051520699984394014
0.9999999999999992 11
47 1.5512487371333634 0.9526868352462987 0.052907600009348243
0.9999999999999997 11
48 1.5183397817321511 0.9377716055773637 0.05371659999946132
0.9999999999999983 11
49 1.4853695779653304 0.885270308570598 0.0499098000000231
0.9999999999999997 11
50 1.4564635484988544 0.871501991042522 0.05487440002616495
1.0 11
51 1.4273597228732418 0.8264293975820243 0.05198410002049059
1.000000000000001 11
52 1.4012294219736363 0.8121062919480421 0.055045099987182766
0.999999999999999 11
53 1.374918286790109 0.7735860809396211 0.0487491000094451
1.0000000000000004 11
54 1.3499719846215326 0.7600084092902325 0.05574729997897521
0.9999999999999993 11
55 1.3245045642745952 0.7234820491928078 0.05115809995913878
1.0000000000000002 11
56 1.3028581359291598 0.7082940469512805 0.05211979994783178
0.9999999999999997 11
57 1.2809926376870753 0.6800050509183503 0.05108669999754056
1.0 11
58 1.2610628462792086 0.6646225606420673 0.05314029997680336
0.9999999999999999 11
59 1.2408042636561691 0.6400317032353188 0.052021299954503775
0.9999999999999991 11
60 1.2223116957391955 0.625014864825435 0.0658205000218004
0.9999999999999996 11
61 1.203657536917226 0.6032527136527136 0.05071390001103282
0.9999999999999999 11
62 1.1865821245641746 0.588149216570752 0.05641459999606013
0.9999999999999997 11
63 1.1701268794961233 0.5705957949933457 0.05141039995942265
0.9999999999999999 11
64 1.1550983631200984 0.5565972857881217 0.05245640000794083
1.0000000000000002 11
65 1.1404963882748282 0.5416666363050255 0.18475180002860725
1.0000000000000004 11
66 1.1271896645992454 0.5277715754773734 0.05262800003401935
1.0000000000000007 11
67 1.1144108749555732 0.5171696339505478 0.07823580002877861
1.0000000000000007 11
68 1.1030013723777468 0.5058524961910312 0.07614689995534718
1.0000000000000004 11
69 1.0921009772662118 0.4955789117845898 0.05130340001778677
0.9999999999999996 11
70 1.082563298135739 0.48412342575680123 0.05330510000931099
0.9999999999999999 11
71 1.0734547715400684 0.4788560179513282 0.04645319998962805
0.9999999999999993 11
72 1.0654195866686205 0.4703081563426719 0.048407900030724704
1.0000000000000016 11
73 1.0577026289079798 0.4640305088152932 0.05493169999681413
1.0000000000000002 11
74 1.0505376147203542 0.4555177686124571 0.05801249999785796
1.0000000000000004 11
75 1.0436367699037994 0.45159892007976055 0.055150499974843115
1.0 11
76 1.0371765028861757 0.4436414856223637 0.05233709997264668
1.0000000000000004 11
77 1.0309446244752265 0.44027743795391844 0.05364479997660965
0.9999999999999993 11
78 1.0250608150646559 0.43215013273302677 0.05229050002526492
1.0000000000000002 11
79 1.0193659825965973 0.43005113419834734 0.05050230002962053
1.0000000000000002 11
80 1.0139755587768973 0.422141418694249 0.05572930001653731
1.0 11
81 1.0087429561447032 0.42028455294816947 0.05209419998573139
1.0000000000000007 11
82 1.0037671607573984 0.4124192146158269 0.05501879996154457
83 0.05822460120754227
-------------------------------------------------END------------------------------------------------------
45
------------------------------------Randomized only---------------------------------------------------
389.4274905878547 389.65003681151734
0.9941154458664513 10
0 359.5137176167623 361.6681778915531 0.025417800003197044
0.9958160485839527 10
1 316.9856246026242 321.9815131688741 0.029358400031924248
0.9957555656833516 10
2 270.57320066973847 280.1937095315687 0.030462399998214096
0.983006127500673 10
0.9985343924886222 40
3 235.4577122224328 246.99878830359816 0.05618710000999272
0.9352902408426399 10
0.9977707849094236 40
4 178.6433015297683 188.41809544148353 0.054468699963763356
0.8953924805068115 10
0.995706794238065 40
5 101.87853606892493 106.82377397729844 0.055486899975221604
0.8370042283254052 10
0.9803672679277738 40
0.9922741672273254 70
6 47.75887540311691 49.78200524557504 0.10723070002859458
0.4348627915009389 10
0.9034827598198811 40
0.9598432045315833 70
0.9805993508824021 100
1.0 103
7 25.47835973849365 26.07383834370822 0.16397729999152943
0.7974557539979623 10
0.9359974742835689 40
0.9736244461685456 70
0.9859851341100135 100
0.9999999999999997 103
8 15.717813896750798 15.62200206802032 0.16391829994972795
0.9789461359067667 10
0.9937803771284512 40
9 12.102050951994269 12.542360599087928 0.050565000041387975
0.677012181684395 10
0.7285589339284895 40
0.8846607444217472 70
0.9160781334941412 100
1.0000000000000002 103
10 8.1239845879741 7.901316777960058 0.1706973999971524
0.6010013365948808 10
0.9429234082416531 40
0.9767576937133173 70
0.9875177406076535 100
0.9999999999999998 103
11 5.372268822871144 5.206373211550615 0.1675993999815546
0.9736562732841794 10
0.9878278792852111 40
0.9932112312532998 70
12 4.8339476922740445 4.787286685959054 0.10846880002645776
0.31928154853094814 10
0.3732447845034134 40
0.39592168033228786 70
0.5340828349584007 100
1.0000000000000002 103
13 3.6705790866827184 3.5662889040841375 0.1731521000037901
0.9748112864774064 10
0.9930508935046684 40
14 3.3976644046610955 3.1878004022826163 0.061317100015003234
0.18494954222894866 10
0.20351246289658004 40
0.5234305225341822 70
0.6578725832631185 100
1.0000000000000007 103
15 2.922765390979172 2.615189296299807 0.16211820003809407
0.9854711026726277 10
0.9950572340164987 40
16 2.786105598856958 2.5036406563598774 0.06011419999413192
0.17825621981742593 10
0.1875108839496423 40
0.38611958149205544 70
0.49459171003633223 100
1.0000000000000002 103
17 2.4660970286556148 2.1212260908776406 0.160396600025706
0.8565089255759479 10
0.9415415632948744 40
0.95497305887814 70
0.962562651016952 100
0.9999999999999999 103
18 2.2500735999239967 1.8294985820679266 0.16694309999002144
0.96675670886884 10
0.9873441518223958 40
0.990862974260889 70
19 2.2089535127297526 1.8056376215063794 0.10950650001177564
0.08793624915719686 10
0.10302838969515568 40
0.11019108345735787 70
0.238107261712716 100
1.0000000000000004 103
20 2.0277654625849455 1.557445794732465 0.1643721999716945
0.9797806850668801 10
0.9917500448232788 40
21 2.0162456546893286 1.5569380570857856 0.06488439999520779
0.0016006186411146547 10
0.0038039392894147167 40
0.09699355793923913 70
0.21923864117330238 100
0.9999999999999998 103
22 1.8654611262048515 1.3915949330845352 0.1720175999798812
0.9692121358772542 10
0.9868863189537055 40
0.988904071016782 70
0.9899417965338554 100
1.0000000000000002 103
23 1.7351668374752698 1.236703078923355 0.15985490003367886
0.9535229086408548 10
0.974042338523332 40
0.9763428265517864 70
0.9779324481640214 100
1.0 103
24 1.6325993742313443 1.0962946650501966 0.17008539999369532
0.9784694688593943 10
0.987237469303586 40
0.9886200350400736 70
0.9893719276922763 100
1.0 103
25 1.5462862066011196 1.0179976540133988 0.16053049999754876
0.9530074905443564 10
0.9636322494337509 40
0.9664859525497456 70
0.967799355738365 100
1.0000000000000002 103
26 1.4752352675292624 0.9198751846372234 0.16781369998352602
0.9833220146778041 10
0.989803119482773 40
0.9908687691453244 70
27 1.4689785706618226 0.914178598113321 0.11130509997019544
0.007073755955784792 10
0.008303505268264523 40
0.009333116179122547 70
0.07035015590555832 100
0.9999999999999998 103
28 1.412495345234313 0.8659421675378496 0.17043220001505688
0.9585539506898881 10
0.9703403217856618 40
0.9724472530939031 70
0.97332292772563 100
0.9999999999999996 103
29 1.3617746928702095 0.8059436476448215 0.16068959998665377
0.9862222950963699 10
0.9895082680052547 40
0.9901545945669441 70
30 1.3583702651459229 0.8019643306502922 0.11063750000903383
31 0.11903255161333588
-------------------------------------------------END------------------------------------------------------
------------------------------------Krylov only---------------------------------------------------
389.4274905878547 389.65003681151734
0.9999999999999992 11
0 356.1093784975405 358.26443873616284 0.049111599975731224
1.0000000000000004 11
1 305.80052189029016 311.6854208324153 0.04778329998953268
1.0 11
2 224.00289984464246 235.6896510915617 0.049389899999368936
1.0 11
3 187.7305958094567 202.3294332937276 0.05002460000105202
1.0 11
4 80.02920126012704 87.53071526872988 0.0546743999584578
0.9999999999999997 11
5 46.1037648405114 49.18917103197951 0.05094550002831966
0.9999999999999991 11
6 11.988808512722425 12.07721054004992 0.04857440001796931
0.9999999999999996 11
7 7.445733690943767 7.501084923461058 0.05172989994753152
1.0000000000000009 11
8 5.38171091541739 5.069179962200987 0.08049929997650906
0.9999999999999998 11
9 4.545084806038183 4.3329944293453995 0.05152620002627373
0.9999999999999997 11
10 4.100222114476412 3.6228129459282976 0.05986079998547211
0.9999999999999996 11
11 3.7212668572804106 3.437870820849367 0.05654660001164302
0.9999999999999991 11
12 3.450027645478338 2.955470356587392 0.06827419996261597
1.0 11
13 3.2167986945803344 2.9028856985430456 0.053581300016958266
1.0000000000000007 11
14 3.03016868825243 2.532471927006706 0.04788810003083199
0.9999999999999994 11
15 2.8517441769346874 2.5145629910180087 0.054260000004433095
0.9999999999999991 11
16 2.683884999420184 2.1650753756312806 0.052391799981705844
1.0000000000000002 11
17 2.53175998303749 2.1538070355641015 0.05068169999867678
1.0 11
18 2.3910629569659183 1.8567315097179833 0.049966400023549795
1.0000000000000007 11
19 2.2571770543091305 1.8323127954850935 0.04580419999547303
0.9999999999999993 11
20 2.1458438050741497 1.5900197642919252 0.05023719999007881
1.0000000000000002 11
21 2.0332766948412675 1.5698696198330286 0.052538199990522116
0.9999999999999996 11
22 1.938575064935344 1.3763847290890008 0.04799400002229959
1.0000000000000007 11
23 1.8448931759488034 1.3637369555778187 0.05062480003107339
0.9999999999999998 11
24 1.7609023394376948 1.2060026886197177 0.053262999979779124
1.0000000000000004 11
25 1.6877656625303135 1.1963901814733455 0.04648279998218641
0.9999999999999998 11
26 1.6214467905566494 1.0846340981052927 0.0549293999793008
1.0 11
27 1.557557306344207 1.0633485228568902 0.05346490000374615
1.0000000000000002 11
28 1.5060930456558572 0.9815476173373997 0.05120099999476224
1.0000000000000004 11
29 1.4562048717959097 0.9623082085802016 0.05219969997415319
1.000000000000001 11
30 1.4114451334340707 0.8973688816519422 0.05492210004013032
1.0000000000000002 11
31 1.3699046889148254 0.8735443785025113 0.04792550002457574
0.9999999999999996 11
32 1.332730374765182 0.825054229516048 0.04807960003381595
0.9999999999999996 11
33 1.2989277534719854 0.799866786346618 0.05275150004308671
1.0 11
34 1.2683350802835212 0.7630154450958915 0.04887500003678724
1.0000000000000009 11
35 1.2413598378192308 0.7389970927717153 0.04642360005527735
1.0000000000000007 11
36 1.2174223622432112 0.7147346406576398 0.04895169998053461
1.0000000000000002 11
37 1.1961424930646376 0.6921561029026218 0.051507399999536574
0.9999999999999997 11
38 1.1774980788095621 0.6775979971017013 0.051124799996614456
0.9999999999999989 11
39 1.1602142781510647 0.6553006911119111 0.05158319999463856
0.9999999999999997 11
40 1.145717410003632 0.6429886007519661 0.04778139997506514
0.9999999999999998 11
41 1.1328441887065557 0.6267439658783776 0.048719100013840944
1.0000000000000002 11
42 1.121495694562658 0.6171766775905078 0.05115429998841137
0.9999999999999997 11
43 1.1112450430770824 0.6043935708376336 0.049643600010313094
0.9999999999999992 11
44 1.1016845876834995 0.5967516081150059 0.057549199962522835
1.0000000000000002 11
45 1.092719138429733 0.5857777270305647 0.05493159999605268
0.9999999999999989 11
46 1.084228067406598 0.5787520127719491 0.04740099998889491
1.0000000000000004 11
47 1.0761681777056418 0.5692484005441684 0.04656200000317767
0.9999999999999997 11
48 1.0684478474032517 0.5626245464701716 0.053824700007680804
1.0000000000000007 11
49 1.0610242581832496 0.5541634721949158 0.049492300022393465
0.9999999999999987 11
50 1.0538589185082663 0.5478960690213631 0.04866150004090741
1.0000000000000007 11
51 1.0468879866290133 0.5401214431124741 0.05181050003739074
1.0000000000000009 11
52 1.040142502606616 0.5341706869776779 0.053290899959392846
0.9999999999999997 11
53 1.0335088193136732 0.5267201261603992 0.04752419999567792
1.0000000000000002 11
54 1.0270663367991362 0.5208709373921475 0.056192200048826635
1.000000000000001 11
55 1.0206030103403518 0.5133087396797962 0.05113059998257086
0.9999999999999996 11
56 1.0142380052384656 0.5076138116222023 0.05266320001101121
0.9999999999999996 11
57 1.0071890214961607 0.4995925439725494 0.05313929996918887
1.0000000000000002 11
58 1.0002239357284675 0.49324684452861606 0.047192899975925684
0.9999999999999999 11
59 0.9936475605810309 0.4848704553791098 0.04800370003795251
1.0000000000000004 11
60 0.9873342328560513 0.47891723681558024 0.05407080001896247
1.0 11
61 0.9814807175827489 0.47181675308450055 0.048342299996875226
1.0000000000000002 11
62 0.9755402419436389 0.4665509544425397 0.04923850001068786
0.9999999999999998 11
63 0.9700088563754121 0.45876169581203946 0.0505979000008665
1.0 11
64 0.9649839817449136 0.4554977850496273 0.04840889998013154
1.0000000000000009 11
65 0.9601002071202762 0.44713830947298533 0.054809599998407066
66 0.05167772424421414
-------------------------------------------------END------------------------------------------------------
46
------------------------------------Randomized only---------------------------------------------------
382.30642041124 380.5413932860619
0.9771842106420512 10
0.9997510832371604 40
0 353.27234294715345 353.09992806230156 0.057786400022450835
0.9751016619971185 10
0.9997074503956279 40
1 311.63468516537773 314.5842847307288 0.05602189997443929
0.9814619417084517 10
0.9994159337108766 40
2 260.2145600033685 268.7379082542645 0.05518520000623539
0.8977002767441691 10
0.9940949966110932 40
3 175.96642664236302 187.52961263192537 0.052627400029450655
0.8008583790009336 10
0.9921556000968057 40
4 95.4246818198529 101.79555259748228 0.0651497999788262
0.599656893160752 10
0.9303660999914093 40
0.9883502952991807 70
0.9948597989468192 100
5 46.40232771490539 47.82332980315189 0.14779359998647124
0.6809273578398888 10
0.9153841290186119 40
0.9760868104926134 70
0.9920495939479733 100
6 22.752347544356542 22.84206647471677 0.15003530000103638
0.6973013902465194 10
0.9151244195207051 40
0.959550190880275 70
0.9786226308388645 100
1.0000000000000002 103
7 12.928707519725178 13.055903555044221 0.1653392000007443
0.9736871178375256 10
0.9945638305511529 40
8 10.410793607902235 10.552817418554655 0.06138889997964725
0.7692146589218191 10
0.8083512771896829 40
0.9037529525515737 70
0.9371908894298974 100
1.0 103
9 7.725904798675379 7.702778329572739 0.18239780003204942
0.7508205717976723 10
0.9735947940950626 40
0.9891315046049145 70
0.9940465549722715 100
10 5.811169667985275 5.70030718307158 0.1452854000381194
0.6589035035213123 10
0.8052273831221249 40
0.8559369477469341 70
0.872676729987033 100
0.9999999999999996 103
11 4.297162246529162 3.9900254455076287 0.1680625999579206
0.8008324384685732 10
0.9846635460819494 40
0.9930140879298864 70
12 3.755905045008504 3.6002988765775124 0.11122400005115196
0.44122816880396015 10
0.55304460042207 40
0.57758738020592 70
0.7020002031524063 100
1.0 103
13 3.1355839768131757 2.836696081023814 0.17442940000910312
0.9552263735875542 10
0.9926002399826642 40
14 3.0168765272860854 2.6593036569102635 0.05590510001638904
0.05610046015943421 10
0.061520468778189716 40
0.3823424896507295 70
0.48458235466923916 100
1.0 103
15 2.62750667876051 2.196352999294238 0.16804050002247095
0.8173137493592342 10
0.9568906991376439 40
0.967175157568271 70
0.9736413391172708 100
0.9999999999999996 103
16 2.3379218991301327 1.8744829789655268 0.16327090002596378
0.9633814493127755 10
0.9725718646749567 40
0.9758150739660586 70
0.9786890445948204 100
1.0000000000000009 103
17 2.1557557097812854 1.638616713340768 0.16575709998141974
0.9326817680432171 10
0.9561671568256491 40
0.9592645772339944 70
0.9646461932729984 100
1.0000000000000004 103
18 2.0197104718851757 1.4666545427461335 0.16317289997823536
0.8258222609293526 10
0.892001149944982 40
0.8952645181482569 70
0.9003443679222346 100
0.9999999999999991 103
19 1.9102162705596613 1.3400014025864704 0.19009839999489486
0.6199700881181334 10
0.8192588892464396 40
0.8394597074392479 70
0.8576905872556686 100
1.0000000000000002 103
20 1.814640848793114 1.2211097309844328 0.1649813000112772
0.8071380954834465 10
0.8925417789762033 40
0.8976226654903311 70
0.9015857462693397 100
1.0000000000000007 103
21 1.7237700227758717 1.1512416405162103 0.1656269999803044
0.8096439703259044 10
0.9288239360989285 40
0.9344145890534826 70
0.9417840375922257 100
1.0000000000000002 103
22 1.6448652237224917 1.0449298711909287 0.17446820001350716
0.7179698844697123 10
0.8040935643354465 40
0.8144942558289759 70
0.8215426615230932 100
0.9999999999999996 103
23 1.584605859600903 1.0182558793740264 0.1649617000366561
0.5736458818072399 10
0.7723307866372572 40
0.7823104822809444 70
0.7948053534610151 100
0.9999999999999998 103
24 1.5355811284567853 0.9420534491511298 0.15933479997329414
0.9036450388143463 10
0.9218144249436718 40
0.9257069635376148 70
0.928189952631965 100
1.0 103
25 1.4919876739333984 0.9295703295327281 0.16682199999922886
0.5684237284502716 10
0.7309596453422189 40
0.7424350656913941 70
0.7526586011349236 100
1.0000000000000002 103
26 1.451519975413908 0.8638589987461507 0.17137960001127794
0.9090539292472765 10
0.9363075610532511 40
0.9390516061937039 70
0.940203802276941 100
1.0000000000000002 103
27 1.412947697174846 0.8533653808161376 0.15732050000224262
0.5927713404310149 10
0.7016379584333664 40
0.7114478284454383 70
0.7196795295086469 100
1.0 103
28 1.3758959987905242 0.7935525964181108 0.1561879999935627
0.8871062065642427 10
0.9250576073780657 40
0.928289013164814 70
0.9293822626946535 100
1.0 103
29 1.3390260887174994 0.7810776309250069 0.1646327000344172
0.5989346054412791 10
0.6866367827144997 40
0.6957172473126935 70
0.7023556162988887 100
0.9999999999999999 103
30 1.3036050936296513 0.7273899091917234 0.16351749998284504
0.794113417306122 10
0.8599651523891292 40
0.8656041791341913 70
0.8672320772191222 100
1.0000000000000002 103
31 1.2666035305882095 0.710632590039741 0.1696413000463508
0.7564049535412937 10
0.80998352639659 40
0.8158574075172039 70
0.8196840361211275 100
1.0000000000000007 103
32 1.2290298066503984 0.6596358359897574 0.16472940001403913
0.68593195201086 10
0.8037483635954622 40
0.8140048527596105 70
0.8164025785373643 100
1.0000000000000002 103
33 1.1866981886185386 0.6328367458686335 0.16550599999027327
0.8563382907514145 10
0.9035246853309156 40
0.9073850615188567 70
0.9099434055945697 100
0.9999999999999997 103
34 1.1425395477341516 0.5825494381085712 0.15802730002906173
0.7779250542374032 10
0.8897660953631422 40
0.8996203391769935 70
0.9013580950443331 100
0.9999999999999997 103
35 1.0927621480353598 0.5342204125429437 0.1744318000273779
0.8592425564217187 10
0.9351172362295757 40
0.9380117167499125 70
0.9401235471443574 100
1.000000000000001 103
36 1.0456622475125739 0.4938742380845662 0.16147049999563023
0.8135679043901737 10
0.91248260756549 40
0.9223638049620978 70
0.9239608277070628 100
1.0000000000000002 103
37 1.0009048475723332 0.432949693495852 0.1577693999861367
0.8283513091014867 10
0.9340377763357027 40
0.9365930049445623 70
0.938489215088026 100
0.9999999999999996 103
38 0.964210496169022 0.41116515226358114 0.1686053000157699
0.8904622210117645 10
0.9291316967485925 40
0.9333312692144375 70
0.9345195712843523 100
0.9999999999999993 103
39 0.9341480016672609 0.36535303638417965 0.16461780003737658
0.7478551456101579 10
0.882234687911632 40
0.8860930001456214 70
0.8886786541501026 100
0.9999999999999996 103
40 0.9095865795078211 0.35303701993160336 0.16016660002060235
0.9190785999822079 10
0.9372904308676968 40
0.9393864221907547 70
0.9402415625046611 100
1.0 103
41 0.8894140857536761 0.3220591707496003 0.16421359998639673
0.6956269153179867 10
0.8240244964402516 40
0.8283776847910295 70
0.8314535475248613 100
1.0 103
42 0.8721291881749039 0.3137651953018011 0.17025399999693036
0.8804717529789767 10
0.8942802461080591 40
0.8972139327248817 70
0.8984997973073778 100
1.0000000000000002 103
43 0.8573365825652262 0.29100922394617895 0.16521770000690594
0.7010282297287819 10
0.7983747063251129 40
0.8013474952096109 70
0.8040496198579422 100
1.0000000000000004 103
44 0.8442318478846164 0.28493477718646554 0.1670291000045836
0.7476849783522558 10
0.7718584551250124 40
0.7773773565417504 70
0.7797888871171627 100
1.0000000000000004 103
45 0.8325859544843836 0.2666132759929266 0.1595210999948904
0.5200950761137879 10
0.6398663759489185 40
0.6436094050700196 70
0.6472132664064432 100
1.0000000000000002 103
46 0.822056831623419 0.2622942210443932 0.16462490003323182
0.555695420499484 10
0.6005809990845834 40
0.6086171067479198 70
0.6117142724279074 100
0.9999999999999996 103
47 0.8124249990547112 0.24632161454984913 0.16235930001130328
0.25789126285784936 10
0.398012736330583 40
0.40317767582801184 70
0.4077471540246386 100
1.0000000000000007 103
48 0.8035655202439304 0.24326547369937124 0.1620470000198111
0.47639269480883173 10
0.5301269257401612 40
0.5379396121465849 70
0.540646983825031 100
0.9999999999999998 103
49 0.7953065496653122 0.22885538365015 0.16652989998692647
0.16227136587576416 10
0.28768079009823555 40
0.293149385714598 70
0.29746316317996097 100
1.0000000000000002 103
50 0.7876450905124167 0.22654868103140754 0.1773057000245899
0.49601549183719745 10
0.5471994398334629 40
0.5535329116895685 70
0.5556710547096785 100
0.9999999999999998 103
51 0.7804406830957047 0.21355187928029082 0.16433380002854392
0.14218758040460147 10
0.2488293441938316 40
0.2541228565040777 70
0.25798089938942753 100
1.0000000000000002 103
52 0.773739081953863 0.21169305524422868 0.17077309999149293
0.5306321840874625 10
0.5748932958808365 40
0.5798274028845891 70
0.581547353207472 100
1.0000000000000007 103
53 0.7674236894934596 0.2000925492677045 0.16280019999248907
0.13898044056091524 10
0.22673983332998104 40
0.23161827975594107 70
0.2350849375697266 100
0.9999999999999996 103
54 0.7615457272221094 0.198502902530114 0.16853560000890866
0.5430011233730352 10
0.5797376945830754 40
0.5836234120382402 70
0.585081686026941 100
1.0000000000000002 103
55 0.7560142672898561 0.18830985449599313 0.1787431999691762
0.13873010996631147 10
0.2069052289822366 40
0.2112465931554953 70
0.21434569774143453 100
0.9999999999999999 103
56 0.750873997907158 0.1868283327413798 0.15923960000509396
0.5120687423821996 10
0.5424460394016282 40
0.5456326922557125 70
0.5469587978596754 100
1.0 103
57 0.7460545927701598 0.17810524099694255 0.15727899997727945
58 0.15127547069528974
-------------------------------------------------END------------------------------------------------------
------------------------------------Krylov only---------------------------------------------------
382.30642041124 380.5413932860619
0.9999999999999994 11
0 353.2959410130891 353.20668873385483 0.05502959998557344
0.9999999999999998 11
1 311.37322523003223 314.73584358400336 0.052874799992423505
1.0 11
2 245.71544641770572 255.28986082110026 0.053960799996275455
1.0 11
3 192.84951799874617 202.92503701711632 0.06805750000057742
0.9999999999999997 11
4 172.59303839016104 183.0702453314921 0.07252550002885982
1.0000000000000002 11
5 63.88245630826307 65.73331505676047 0.04917910002404824
1.0000000000000004 11
6 24.524458162023517 25.384158790486392 0.05013160000089556
1.0000000000000016 11
7 9.448914738654825 9.528292633240662 0.05092539999168366
0.9999999999999999 11
8 6.168459004149721 6.264789915262712 0.053952000045683235
1.000000000000001 11
9 4.50332094258999 4.356733748190042 0.0541605000034906
1.0000000000000002 11
10 3.790254826272865 3.5941148611808074 0.04888600000413135
1.0000000000000002 11
11 3.4492321462526654 3.202799190072481 0.049730799975804985
1.0 11
12 3.1740042109490267 2.8499584939182494 0.05237520002992824
1.0000000000000013 11
13 2.987838145607965 2.6785126957637226 0.049446099961642176
0.9999999999999999 11
14 2.6452187923494543 2.282648905519342 0.047703699965495616
1.0 11
15 2.478048242867669 2.1295114893194484 0.05771760002244264
1.0000000000000007 11
16 2.381412481756757 2.032115051213582 0.04807479999726638
0.9999999999999991 11
17 2.3001789752378774 1.934540484305301 0.047903899976518005
0.9999999999999986 11
18 2.2291458123925962 1.8721841559536387 0.054067599994596094
0.9999999999999991 11
19 2.1661809373613345 1.787005151689577 0.0486440000240691
1.0000000000000007 11
20 2.1066730716293143 1.7338708753709953 0.05345150001812726
0.9999999999999996 11
21 2.0525187584888944 1.6535801049629644 0.05347710003843531
1.000000000000002 11
22 1.9997659971192214 1.6031991075643932 0.05519550002645701
1.0000000000000002 11
23 1.950221342679926 1.526409634762645 0.05182529997546226
1.0000000000000004 11
24 1.8993442686049016 1.473898483406796 0.05239999998593703
1.0000000000000004 11
25 1.8501968473565107 1.3953389088110966 0.05063919996609911
1.0000000000000002 11
26 1.7984629446930456 1.3365060461069074 0.05930030002491549
1.0000000000000013 11
27 1.7484228167020353 1.255177375898963 0.07250099995872006
1.0 11
28 1.6978274609764186 1.1975393191916064 0.05431440001120791
1.0000000000000007 11
29 1.6497986364825563 1.1204587317078871 0.046668399998452514
1.0 11
30 1.6024614166697622 1.0638486402527534 0.047011999995447695
0.9999999999999999 11
31 1.5593985333361486 1.0018301456289185 0.04851330001838505
0.9999999999999998 11
32 1.5201360232337697 0.9605178762449847 0.05276170000433922
1.0 11
33 1.4839869804920793 0.9096084645219653 0.04757449997123331
0.9999999999999997 11
34 1.4498502457516758 0.8769376353358119 0.05052559997420758
0.9999999999999997 11
35 1.4187073028740462 0.8364946529309368 0.05307700001867488
0.9999999999999998 11
36 1.389238791845126 0.8093661480181982 0.047886400017887354
0.9999999999999989 11
37 1.3622887195617222 0.7783329991979843 0.06555030000163242
1.0000000000000002 11
38 1.3355850370434352 0.7548094687718617 0.046342499961610883
0.9999999999999982 11
39 1.310582004961841 0.7258341277098903 0.04735360003542155
0.9999999999999998 11
40 1.2807990996017626 0.6983402464442694 0.04945410002255812
1.0000000000000009 11
41 1.254471125610423 0.6708546733594775 0.05013439996400848
0.9999999999999998 11
42 1.233723704797294 0.6553890470960829 0.05429679999360815
1.0000000000000002 11
43 1.2141639607467198 0.6307961793652719 0.050379599968437105
0.9999999999999993 11
44 1.195060741345703 0.6178866461965482 0.05807579995598644
0.9999999999999996 11
45 1.176879266564095 0.5939182280094708 0.05479129997547716
1.0000000000000007 11
46 1.1591242785202973 0.5824132175104697 0.044500700023490936
1.0 11
47 1.1421058265444606 0.5596301387497051 0.051391699991654605
1.0 11
48 1.1252779637893167 0.548117114075654 0.049748399993404746
1.000000000000001 11
49 1.1091201369660653 0.5274912685241484 0.045241600018925965
1.0000000000000007 11
50 1.0939945219460734 0.5169251601984579 0.04787810001289472
0.9999999999999996 11
51 1.0794560634985053 0.49837874144691907 0.06115640001371503
1.000000000000001 11
52 1.065630436794685 0.4885106762962654 0.07738269999390468
1.0000000000000009 11
53 1.0522048696404582 0.4713308832851364 0.07364179997239262
1.0000000000000004 11
54 1.0398512430352953 0.4626893919344944 0.04871480003930628
0.9999999999999998 11
55 1.0281279716068332 0.44808181145929316 0.05457030003890395
0.9999999999999983 11
56 1.0169788350364044 0.439605241220644 0.04817700001876801
1.0 11
57 1.006298683965505 0.42644847444212924 0.055384800012689084
0.9999999999999993 11
58 0.9961328515660435 0.41857027490258625 0.046892000013031065
1.0000000000000007 11
59 0.9863791736359726 0.4068337190369941 0.051353199989534914
1.0 11
60 0.9770670259706369 0.399291349436896 0.048038700013421476
1.0000000000000007 11
61 0.9681186997639823 0.38889120601359733 0.05159520002780482
1.0000000000000002 11
62 0.9581533804195799 0.38034777298375766 0.052058600005693734
1.0000000000000002 11
63 0.9488206674865002 0.37012132611026216 0.05531679996056482
1.0000000000000004 11
64 0.9411841166237571 0.3635543592165007 0.04806360002839938
1.0000000000000002 11
65 0.9338846382631484 0.35534648814657216 0.054892699990887195
1.0 11
66 0.9269326603867492 0.34931137908040527 0.05022360000293702
1.0000000000000002 11
67 0.9202732788111778 0.34197094950372164 0.05293050000909716
0.9999999999999992 11
68 0.9139217115113093 0.3363333447459955 0.04870889999438077
0.9999999999999994 11
69 0.9078180527995185 0.3297801974787031 0.04723749996628612
1.0000000000000004 11
70 0.9019924995163863 0.3244758381460983 0.04878499999176711
0.9999999999999997 11
71 0.8941017471150208 0.3151018166487303 0.046376599988434464
0.9999999999999997 11
72 0.8868847465996595 0.30921710790025536 0.05453379999380559
1.0000000000000002 11
73 0.8817010120456198 0.304194920175315 0.04885249998187646
1.0000000000000004 11
74 0.8768125401740715 0.2991101761772263 0.05175999994389713
75 0.05272340799914673
-------------------------------------------------END------------------------------------------------------
47
------------------------------------Randomized only---------------------------------------------------
361.8983409266679 361.3521790383591
0.992579663466653 10
0 338.228516894732 339.36303680211677 0.029966000001877546
0.9908135483356201 10
1 303.2651917039152 307.33015733552 0.03158180002355948
0.9844455484539558 10
0.9992521177175604 40
2 258.29549448355493 268.035393113654 0.05683770001633093
0.9693382967172955 10
0.9961836123779743 40
3 218.5539955403924 229.5962231604681 0.055919400008860976
0.9752299134330502 10
0.9974011451419864 40
4 119.61322248607557 128.27595495919593 0.05657760001486167
0.7407470286652966 10
0.9818516397383213 40
0.9935577587644676 70
5 62.775365146335844 66.10487270887435 0.10599499999079853
0.6035658691639492 10
0.9241393624590304 40
0.9763605919710577 70
0.9853556380042165 100
1.0 103
6 35.2054124976689 36.697677253164144 0.17137580004055053
0.7612710116867962 10
0.9821288802478235 40
0.9929787445024822 70
7 17.10229733533357 18.085836129608783 0.1155614000163041
0.6203811056153564 10
0.8450226764119517 40
0.9123425479045931 70
0.95206772275605 100
1.0 103
8 10.183330481718247 10.893811675361833 0.16936649999115616
0.4542158311519167 10
0.8569641017134355 40
0.9211768055347822 70
0.9479885236267493 100
1.0 103
9 6.6697657687981105 6.546298413339024 0.16232760000275448
0.8363924595370644 10
0.9595372513926336 40
0.9808528540675284 70
0.9874469317694816 100
0.9999999999999994 103
10 4.470032153823313 4.064780881759769 0.16767529997741804
0.546623931503085 10
0.7830209380518501 40
0.8443215463943038 70
0.8832011296527436 100
1.0000000000000002 103
11 3.585611394281015 3.038818492357157 0.19070000003557652
0.7045031709313179 10
0.9178601724903868 40
0.9462778979705176 70
0.9566331037588178 100
0.9999999999999996 103
12 3.065569585255189 2.5132709664640207 0.1775643999571912
0.4717349283799367 10
0.6980172994684619 40
0.7346750018223949 70
0.7526650089057714 100
1.0000000000000004 103
13 2.710353572130839 2.1903469421250295 0.1606237000087276
0.6246279441784822 10
0.7454115725220951 40
0.7724809320429682 70
0.7921961901846599 100
0.9999999999999998 103
14 2.4758536253025363 1.9037856738317962 0.17103169998154044
0.5969646110558253 10
0.7226161450774528 40
0.749154859697633 70
0.7610697942289573 100
0.9999999999999996 103
15 2.280789496251026 1.7661724673633719 0.17291480000130832
0.5813144257133955 10
0.7071419054736139 40
0.7292537511452521 70
0.7422716828155095 100
1.0 103
16 2.1298006530713134 1.5823238079618995 0.18176250002579764
0.5540288673448034 10
0.6684438304006063 40
0.6928189173445876 70
0.7040788359105675 100
0.9999999999999998 103
17 2.0007659044287514 1.4874303575649173 0.16346249997150153
0.6558166181900942 10
0.7695565070178328 40
0.7846319065376174 70
0.7914926095611456 100
0.9999999999999998 103
18 1.888068210184061 1.3683999285929813 0.16032670001732185
0.6146743072724179 10
0.6865111944276434 40
0.7020206903132321 70
0.7109937789130689 100
0.9999999999999996 103
19 1.7845405931779628 1.2702191035225117 0.16320660000201315
0.8107228760311832 10
0.869434828426066 40
0.8762873283387901 70
0.879727619903678 100
1.0000000000000002 103
20 1.6874636049103229 1.1766572329310179 0.15943040000274777
0.4381637342230788 10
0.5508509606522917 40
0.5720497194142562 70
0.5849793151396095 100
1.0000000000000002 103
21 1.604136100621483 1.079108022671572 0.1632056999951601
0.7841447592057413 10
0.8490896055004242 40
0.8564528981792289 70
0.8614720981755465 100
0.9999999999999993 103
22 1.5353534411616159 1.0174764640754812 0.16595929994946346
0.5113585925978391 10
0.5675431455524331 40
0.586263685420215 70
0.5956258902068035 100
0.9999999999999996 103
23 1.4795157164460768 0.9418228408430966 0.163337700010743
0.5797274712548341 10
0.6628423373078101 40
0.6760319742177341 70
0.6886327834442854 100
1.0 103
24 1.431904527532212 0.9011784830166546 0.16237600002205
0.7242360777031353 10
0.7416157440212034 40
0.7503975775571878 70
0.7572395793551994 100
1.0000000000000002 103
25 1.3879287641856524 0.8474377714747363 0.16461650002747774
0.3978788506341133 10
0.5084681631195246 40
0.5325020982374624 70
0.5515757169054608 100
1.0000000000000002 103
26 1.346686400385447 0.8050742599394399 0.16057579999323934
0.687762632207539 10
0.7161706228137652 40
0.7245600085508891 70
0.7299049635297512 100
1.0000000000000002 103
27 1.307397897998628 0.7674047603865579 0.15957290004007518
0.335875184806284 10
0.45259291639369326 40
0.4734338608963005 70
0.4886705767305031 100
0.9999999999999992 103
28 1.2698117158428595 0.7234066297244515 0.16268029995262623
0.5835324151772574 10
0.6324430404770106 40
0.6427056106095478 70
0.6463279403668134 100
0.9999999999999997 103
29 1.2332535497350494 0.6936655568312003 0.1664994999882765
0.4539983154948547 10
0.5324659706509256 40
0.5423603192114098 70
0.5502549324335132 100
0.9999999999999999 103
30 1.1987437030222678 0.6525003406530118 0.16931669996120036
0.4949465852551002 10
0.5560033511551826 40
0.5671719658035125 70
0.5718116204916417 100
0.9999999999999998 103
31 1.16554247227518 0.6264818847290712 0.1590036999550648
0.5170846723158412 10
0.5689792211816523 40
0.576346453408369 70
0.5821602115218047 100
1.0 103
32 1.1350414597612788 0.5909028461118774 0.1781730999937281
0.4943176483131739 10
0.5467041867252859 40
0.5550011561456963 70
0.5609504717725203 100
1.0 103
33 1.1067002455811785 0.5677607792457887 0.18731790001038462
0.3448370782878474 10
0.38714207179106813 40
0.3978698182360013 70
0.404326304881617 100
1.0000000000000002 103
34 1.0813599467215171 0.5386419619946594 0.1452154999715276
0.5601443347809258 10
0.5971924342492358 40
0.6032252589918352 70
0.6094487622889555 100
1.0000000000000002 103
35 1.058379479665512 0.5191041083252596 0.17223130003549159
0.19916771427650906 10
0.2352735939418457 40
0.2463641474513418 70
0.25182633207981453 100
1.0 103
36 1.0384193926703646 0.49644761846637825 0.16952160000801086
0.5786667886053909 10
0.6097699987205674 40
0.6157160495284775 70
0.6221106499975503 100
0.9999999999999996 103
37 1.0203176431441556 0.47998500800211513 0.16745419998187572
0.24465639214552518 10
0.2879085931034723 40
0.29721904704595004 70
0.3016669640893901 100
1.0000000000000004 103
38 1.0045802086597497 0.46308224744033405 0.16384120000293478
0.5140742578355311 10
0.5432636082347166 40
0.5499223831258204 70
0.5565422170844118 100
0.9999999999999996 103
39 0.9899722935505917 0.44802832082461086 0.17237679997924715
0.24650300477769127 10
0.29253882820203925 40
0.30188966365072734 70
0.30685471980219936 100
0.9999999999999991 103
40 0.9768291275047309 0.4346715827388511 0.16627330001210794
0.4309327624345147 10
0.4579349345569689 40
0.46482991080628433 70
0.47163897208922123 100
1.0000000000000002 103
41 0.9643858846999156 0.4206783837803533 0.16876810003304854
0.21458316029311905 10
0.2591502208271994 40
0.2687951458159063 70
0.2739905312160246 100
0.9999999999999992 103
42 0.952997183134426 0.40940527421173273 0.16222960001323372
0.36834199036675597 10
0.3930810391881151 40
0.39974018742051526 70
0.40656605152090874 100
1.0000000000000004 103
43 0.9421029797885094 0.39664911355673954 0.17343670001719147
0.1722951944212425 10
0.21437314898316903 40
0.2239594855423105 70
0.22901814663312028 100
1.0000000000000004 103
44 0.9320305240168005 0.38684666670065704 0.16547330003231764
0.3201397695835184 10
0.342935984742467 40
0.34912197386436966 70
0.3558270953989356 100
1.0000000000000002 103
45 0.922343794681807 0.3752520815746664 0.16375949996290728
0.13231549645424043 10
0.17169965273417362 40
0.1808869388416039 70
0.18564544320738335 100
0.9999999999999992 103
46 0.9133089461335745 0.36662162189944775 0.16966289997799322
0.27647406799858326 10
0.29798652502793854 40
0.30367611677700335 70
0.31019858670857237 100
1.0 103
47 0.9045937690391411 0.3560166566960446 0.15506630000891164
0.09999841609262751 10
0.13695313614300014 40
0.1455771005416339 70
0.150006653760791 100
1.0 103
48 0.8963996954751867 0.34835612843888214 0.16575210000155494
0.23445440581541527 10
0.25540411418362335 40
0.26066908710008074 70
0.2669807634368609 100
1.0000000000000004 103
49 0.8884794362247987 0.33858002989271013 0.17729000002145767
0.07674301875004202 10
0.11168277888315832 40
0.11970671652267406 70
0.1238417861109265 100
1.0000000000000009 103
50 0.8809779994056691 0.33172864456055984 0.1596748000010848
0.1948665273560568 10
0.21580769072932587 40
0.22073997231003653 70
0.22681634193613687 100
1.0000000000000004 103
51 0.8737156537775534 0.3226516386632005 0.16437009995570406
0.06166493854398123 10
0.09503070254650951 40
0.10247428840977182 70
0.10636817778781311 100
0.9999999999999999 103
52 0.8667904873753499 0.3164741645593117 0.17000390001339838
0.1591136624822686 10
0.18036757990994481 40
0.1850434455281033 70
0.19085270960545692 100
0.9999999999999994 103
53 0.8600772731050196 0.30799585526433626 0.16268639999907464
0.052990465736019364 10
0.08520617610463715 40
0.09210249117670077 70
0.09580522478122817 100
1.0000000000000002 103
54 0.853634264342067 0.30237448536716954 0.17351090000011027
0.1281329213265452 10
0.149813179831994 40
0.15428116828850935 70
0.15978684086204864 100
1.0000000000000007 103
55 0.8473821719300569 0.29441976730304226 0.16937250003684312
0.04901650738367492 10
0.08046358071376535 40
0.08684327632174488 70
0.09039089383176117 100
1.0000000000000002 103
56 0.8413437358056463 0.2892490578628757 0.15775670000584796
0.10227553407390393 10
0.12434104478488421 40
0.12862280933576983 70
0.13379130664459166 100
0.9999999999999999 103
57 0.8354804923861506 0.28176368887744246 0.16211390000535175
0.048537943992641046 10
0.07955019190855797 40
0.08543940192288565 70
0.08884929713559214 100
1.0000000000000002 103
58 0.8297818373257669 0.2769479070550586 0.1625211999635212
0.08145728833916671 10
0.10377096561171748 40
0.1078680169090812 70
0.11267544662366515 100
1.0 103
59 0.8242473888643668 0.2698937853502491 0.17124200001126155
0.05097559372855144 10
0.08185554987259251 40
0.0872781214054627 70
0.09054906703665955 100
0.9999999999999997 103
60 0.8188339209037562 0.26534604246282806 0.16892669996013865
0.06532383223260685 10
0.08771200402385165 40
0.09161433912531228 70
0.09605048563239182 100
0.9999999999999996 103
61 0.8135779328103139 0.25869643883027943 0.16747539996868
0.05639411522712873 10
0.08744172769826425 40
0.09242154182091068 70
0.0955377171901286 100
0.9999999999999992 103
62 0.8084034580246476 0.2543391243052687 0.166655000008177
0.05337669377409327 10
0.07568563984364898 40
0.07938003664640345 70
0.08344958008987927 100
0.9999999999999997 103
63 0.8033836028892526 0.24807416855320216 0.16155439999420196
0.06547519381298043 10
0.09701658884414258 40
0.10157866786617994 70
0.10451658177393586 100
1.0000000000000007 103
64 0.7984092181691688 0.24384040279699462 0.1636896000127308
65 0.15579612923051733
-------------------------------------------------END------------------------------------------------------
------------------------------------Krylov only---------------------------------------------------
361.8983409266679 361.3521790383591
0.9999999999999992 11
0 335.4757450313651 336.91641681198024 0.04616189998341724
0.9999999999999997 11
1 295.1370560750387 300.9965200388087 0.04900110000744462
1.0 11
2 202.94743359114824 213.87992221365042 0.05133320001186803
1.0000000000000002 11
3 155.0335098547502 165.11084755504504 0.05717970000114292
1.0000000000000002 11
4 129.01868457373473 134.89825649229135 0.0665269999881275
0.9999999999999984 11
5 46.611391587480405 50.60174935789101 0.047719000023789704
0.9999999999999991 11
6 36.842255752931095 38.596988379316535 0.04987839999375865
1.0000000000000004 11
7 12.758265359207403 13.583513310008595 0.048766300023999065
1.0000000000000007 11
8 7.667749585103016 7.889735498910685 0.05304109997814521
1.0000000000000004 11
9 5.799672280615726 5.901987579994613 0.052059900015592575
0.9999999999999994 11
10 4.9560214730128616 4.984343601185258 0.053694200003519654
0.9999999999999997 11
11 4.38601445260508 4.278104559473308 0.0553819999913685
1.0 11
12 3.950225318850843 3.882206198652962 0.05165300000226125
1.0000000000000002 11
13 3.5934974666356285 3.369888018196334 0.05548049998469651
0.9999999999999988 11
14 3.3089523865604242 3.170476005743888 0.055125500017311424
1.000000000000001 11
15 3.0734289104451724 2.8100582417443998 0.05206810001982376
0.9999999999999992 11
16 2.8764088203914087 2.7053873281447482 0.06323909998172894
0.9999999999999998 11
17 2.708532908199783 2.4463323304846787 0.056273400026839226
1.0 11
18 2.5666054736386688 2.3720591745534083 0.07131020002998412
1.0000000000000002 11
19 2.4414320866761337 2.1665337687219837 0.05131549999350682
1.0000000000000002 11
20 2.3397746599300326 2.127955807212795 0.04898640001192689
1.0000000000000002 11
21 2.2513654873076345 1.9706614211107143 0.052199299971107394
1.0 11
22 2.1731916311666444 1.9373641355254307 0.056482700048945844
0.9999999999999992 11
23 2.103589172698914 1.8118137098741431 0.04782649996923283
1.0000000000000007 11
24 2.039431364059208 1.7777145356586894 0.04790170001797378
0.9999999999999983 11
25 1.9806019796895664 1.67546532020205 0.06307910004397854
1.0000000000000002 11
26 1.9255325653596322 1.638476293025809 0.048816700000315905
0.9999999999999999 11
27 1.8743756132930023 1.5546575741054174 0.05035090004093945
0.9999999999999999 11
28 1.826030175985948 1.513914219164382 0.15404399996623397
1.0000000000000002 11
29 1.780482786780195 1.445157658779681 0.08997460000682622
1.0000000000000009 11
30 1.736783970623396 1.400773249819425 0.05180409998865798
0.9999999999999996 11
31 1.6948008574595748 1.3398388770451024 0.05617789999814704
1.0000000000000002 11
32 1.6537081947933285 1.2936446686031087 0.05884670000523329
1.0000000000000002 11
33 1.6128606096866356 1.2360665826813797 0.05466709996107966
1.0000000000000004 11
34 1.5557005003886015 1.1620858997553833 0.05947479995666072
0.999999999999999 11
35 1.502393415561145 1.0993729724883707 0.06235950003610924
1.0000000000000004 11
36 1.4637912348666178 1.0463241308783988 0.050253699999302626
1.0000000000000009 11
37 1.4260659934171125 0.994486053239064 0.04689009999856353
0.9999999999999997 11
38 1.3878358930226886 0.943482280249271 0.0530117999878712
0.9999999999999999 11
39 1.3488140762575314 0.8910947321873557 0.05351880000671372
1.0000000000000009 11
40 1.313543529118439 0.848031316447194 0.0582983999629505
1.0000000000000007 11
41 1.2805216710116796 0.8031487818879741 0.06399220001185313
1.000000000000001 11
42 1.2507295360736084 0.7645389135266624 0.055473599990364164
1.0000000000000009 11
43 1.222520772813183 0.727903561480998 0.05010940000647679
1.000000000000001 11
44 1.1970585832928609 0.6966710734089819 0.056325300014577806
1.0000000000000009 11
45 1.1729477198185174 0.6600811207609035 0.06957940000575036
1.0000000000000022 11
46 1.1510278426649132 0.6370278721741985 0.04831800004467368
1.0000000000000004 11
47 1.1300618600756156 0.6052086679813993 0.04888729995582253
1.0000000000000007 11
48 1.1111044266666998 0.5855889290786986 0.049714400025550276
0.9999999999999987 11
49 1.0931063972474873 0.5567537305422579 0.04949770000530407
1.0 11
50 1.076808756363709 0.5412503919524088 0.05023130000336096
0.9999999999999997 11
51 1.0613241919229162 0.5163561714974597 0.05616450001252815
1.0000000000000002 11
52 1.0472573954379512 0.5034738707946034 0.05021939997095615
0.9999999999999997 11
53 1.0339205902023965 0.481254022715264 0.05239690002053976
0.9999999999999999 11
54 1.021771403172639 0.4706427626154355 0.04872080002678558
1.0 11
55 1.0103757534115794 0.45155596114608965 0.04823960002977401
1.0000000000000009 11
56 0.9998897894803127 0.4434238760736283 0.048069799959193915
0.9999999999999994 11
57 0.9902810374590209 0.4258965604540582 0.05116390000330284
0.9999999999999987 11
58 0.9813545394059568 0.41993906041783485 0.05052749998867512
1.000000000000001 11
59 0.9730653018359476 0.4047169155012224 0.04773570003453642
0.9999999999999998 11
60 0.965269928187321 0.40055936589698304 0.056014200032223016
1.0000000000000013 11
61 0.9581252947253288 0.3872787501514986 0.048425700049847364
0.9999999999999979 11
62 0.951336037809658 0.3837640756509546 0.05198910000035539
1.0000000000000002 11
63 0.9449446671994894 0.3720935227936094 0.05382759997155517
0.9999999999999998 11
64 0.9388471713098501 0.36882647898777987 0.05211450002389029
1.0000000000000007 11
65 0.9330785842761937 0.3584999977523146 0.05235860001994297
0.9999999999999991 11
66 0.9275453145976958 0.35564447047091685 0.05463990004500374
1.0000000000000013 11
67 0.9222733909733745 0.3464541656351312 0.05109199997968972
0.9999999999999996 11
68 0.9171927950863441 0.3437682081256943 0.05761840002378449
1.0 11
69 0.9123578045674235 0.335204633862546 0.060260600002948195
70 0.05551258857594803
-------------------------------------------------END------------------------------------------------------
48
------------------------------------Randomized only---------------------------------------------------
385.7902692903445 382.6090313870008
0.9962954954814393 10
0 357.5055155817445 356.7401236040024 0.02559029997792095
0.9968122600898016 10
1 316.8715405122907 319.0517986316419 0.027648600051179528
0.9970855517270747 10
2 272.49222479158436 279.06603789328597 0.023054799996316433
0.9680047691453129 10
0.9993752337957352 40
3 237.83362314615752 249.80237487451012 0.055347399960737675
0.9484628547344748 10
0.9957650309137087 40
4 182.79195320562218 194.8475430168423 0.05566260003251955
0.8503517249849141 10
0.9881240803821838 40
0.996376150593905 70
5 99.18714479137306 103.41110852918727 0.10954939998919144
0.5464277662658826 10
0.9506326617326387 40
0.9871035344077059 70
0.9940031665735074 100
6 58.378410879891554 59.57806467968039 0.15261739998823032
0.3546777846162307 10
0.9146469486217906 40
0.959439134905468 70
0.9712925208254449 100
0.9999999999999996 103
7 37.69993211020034 39.75362122842003 0.17680610000388697
0.6614531285665712 10
0.9416177056176344 40
0.9751548507923382 70
0.981423138801498 100
1.0000000000000004 103
8 25.352507710444286 27.252992537612005 0.16978529997868463
0.904393194338974 10
0.9708878140734618 40
0.9848216461930861 70
0.9901887638052134 100
9 17.254015049447045 18.92353896362008 0.1499943000380881
0.8047430655290075 10
0.9104872076851223 40
0.9418199399389474 70
0.9629524624399693 100
1.0000000000000002 103
10 10.546775042998098 11.543194311693124 0.17719299998134375
0.6582982908877831 10
0.8587342906251249 40
0.9002960302074986 70
0.9354615987339037 100
1.0000000000000002 103
11 6.984234194692748 7.639684052510602 0.1571078000124544
0.5669421582774686 10
0.832323870490535 40
0.877488092618803 70
0.9039643832968541 100
1.0000000000000002 103
12 5.05510615902124 5.217493008569779 0.1630678999936208
0.8522109472003077 10
0.9224408167561339 40
0.9402150298441908 70
0.9556464231353002 100
0.9999999999999996 103
13 3.955344890740153 4.109161885105415 0.16592800000216812
0.7324862526819877 10
0.8833035276850794 40
0.905990391508401 70
0.9257944108969645 100
0.9999999999999999 103
14 3.359976963166121 3.344843479439325 0.1626232999842614
0.798454384161845 10
0.8814512247857433 40
0.8965723444151364 70
0.9062428830520838 100
1.0000000000000004 103
15 2.988826366206727 2.9818502273382466 0.16387180000310764
0.4073312563200081 10
0.5895405888477324 40
0.6212744530006912 70
0.6467507700894499 100
1.0 103
16 2.7263729202317593 2.614486155593195 0.16874449996976182
0.8354059520031893 10
0.878404630620038 40
0.887310399402093 70
0.8925975797843747 100
1.0000000000000004 103
17 2.5095373764053557 2.363921903554866 0.22194000001763925
0.3301625449192298 10
0.40683758956815785 40
0.4430151409879385 70
0.46759700165347956 100
1.0000000000000004 103
18 2.349612388215523 2.1327551999164416 0.1984276999719441
0.7876465625344077 10
0.8472470536137893 40
0.8570509389907865 70
0.8613088411245634 100
0.9999999999999997 103
19 2.213782225080461 1.9535600052004403 0.16602080001030117
0.5500313775353223 10
0.6005295871598898 40
0.6174631726413918 70
0.6317901778154199 100
1.0000000000000004 103
20 2.1003110276939396 1.7780573553726076 0.16586710000410676
0.8492345411400202 10
0.8863381889816843 40
0.8911154063899257 70
0.8945852838482721 100
1.0 103
21 2.002545253056632 1.6475103375046387 0.16503360000206158
0.7481668725664425 10
0.7735677421934223 40
0.7817600634399465 70
0.7886805927952308 100
0.9999999999999997 103
22 1.91477241221855 1.5083656972065085 0.17659739998634905
0.8668828527528625 10
0.8941062890532441 40
0.8991610702726196 70
0.9019877462648904 100
1.0 103
23 1.8400714280755026 1.4110946621995148 0.16321219998644665
0.8311999274394942 10
0.8489695347636594 40
0.8544202855731734 70
0.859167602390041 100
1.0000000000000004 103
24 1.7709727369659631 1.3036609258204144 0.1650002999813296
0.8200009855656119 10
0.8511540344224532 40
0.860792773450576 70
0.864717110769961 100
1.0 103
25 1.710356184940034 1.2324669886072248 0.1655468000099063
0.8549339518419311 10
0.8754409601841494 40
0.8799453533536866 70
0.8849382312086093 100
1.0 103
26 1.6555526579537219 1.1501466606266975 0.17362680000951514
0.7437216438254552 10
0.7764930088667163 40
0.7916195108296806 70
0.7970774399475397 100
1.0000000000000004 103
27 1.6064993390443243 1.0968962995884903 0.16396600002190098
0.7654240596760236 10
0.8002449088666536 40
0.8058952971424523 70
0.8132555871650047 100
0.9999999999999999 103
28 1.5637762524077625 1.0394050980771468 0.17271870002150536
0.6602571401631643 10
0.6861821185378842 40
0.7030234065523369 70
0.7098170694561915 100
0.9999999999999999 103
29 1.5239724687892973 0.9954034271474231 0.16770300001371652
0.6513764238792726 10
0.6884917261051442 40
0.6949409835013559 70
0.7032387528685528 100
1.0 103
30 1.4877567584070293 0.952031713811134 0.16304180002771318
0.5917663792966896 10
0.6274818264397397 40
0.6442874949836421 70
0.6521026793820609 100
0.9999999999999991 103
31 1.452293705995414 0.9120262446357664 0.17033059999812394
0.6067694132181184 10
0.6458048489089463 40
0.6525838986598738 70
0.6613158515490458 100
0.9999999999999998 103
32 1.4187418051629799 0.8747080239149909 0.16122369997901842
0.5735392004249831 10
0.6282811220847511 40
0.6446830300271302 70
0.6534641354998256 100
1.0000000000000004 103
33 1.3846662899210673 0.8362649299823013 0.16899799997918308
0.6056227337655066 10
0.6465010056015019 40
0.6537242832056028 70
0.6633996940758364 100
0.9999999999999997 103
34 1.3519850819444672 0.802007993334192 0.16345980000915006
0.6087705786628769 10
0.6687503515145667 40
0.6849469218083786 70
0.6949433649355098 100
1.0 103
35 1.3182829791809767 0.7630633729081536 0.16761269996641204
0.6316728325343725 10
0.6760727947489659 40
0.6837512580477972 70
0.6940728034749726 100
1.0 103
36 1.2864284268607233 0.7312056635471282 0.1617790999589488
0.6727926137440214 10
0.7224082497781598 40
0.7405467540758002 70
0.751713641045156 100
1.0 103
37 1.2537031150385616 0.6913145291084996 0.17057570000179112
0.6606760929971774 10
0.713991297600236 40
0.7222689862078028 70
0.73264839441471 100
0.9999999999999994 103
38 1.22399466307816 0.6618399718018564 0.16479189996607602
0.7281484659391124 10
0.7726915001800644 40
0.7924476395758799 70
0.8039796298880976 100
1.0000000000000004 103
39 1.1937228761263379 0.6242107011483546 0.1714333000127226
0.6794334175027674 10
0.7414234502719101 40
0.7498985377230732 70
0.7595753670443437 100
0.9999999999999997 103
40 1.1671681435418269 0.597448436533487 0.15731749997939914
0.7464138179906078 10
0.7942606204585053 40
0.8135814412213869 70
0.8248827676751576 100
0.9999999999999998 103
41 1.1402900246499204 0.5651404129309969 0.1611832000198774
0.6558467837364884 10
0.7190623281127502 40
0.7278021715022742 70
0.7370488750875647 100
1.0 103
42 1.116649050500244 0.5414156438569631 0.15655859996331856
0.7257910217662699 10
0.7752976983164739 40
0.792967058685473 70
0.8035969738046489 100
0.9999999999999994 103
43 1.0931220110461923 0.5144215063759275 0.1707868999801576
0.5607676072121507 10
0.6172623338218987 40
0.6263927324082935 70
0.6359622085379388 100
1.0 103
44 1.0718659830718942 0.49405945649330285 0.16844079998554662
0.6751299775253684 10
0.7190884416178821 40
0.7341531149436886 70
0.7434377528460919 100
1.0 103
45 1.0511220758616489 0.47089008871282373 0.15903480001725256
0.41501099026425964 10
0.46103795278468157 40
0.46978333372479775 70
0.47967063590973613 100
0.9999999999999994 103
46 1.031900076789387 0.4540151764558085 0.15859839995391667
0.6144121149011817 10
0.646808316573831 40
0.6586301658153964 70
0.66600174335701 100
1.0000000000000007 103
47 1.0133919582023263 0.43327328790691844 0.16580860002432019
0.31176823813427207 10
0.3497365876755942 40
0.3567930463952593 70
0.36624350258872307 100
0.9999999999999999 103
48 0.9960136589468064 0.419796238498586 0.17014410003321245
0.5659129042498607 10
0.5871000147785796 40
0.5958531178686729 70
0.6014711905025628 100
0.999999999999999 103
49 0.9794425365002797 0.4005944372893631 0.16344989999197423
0.28850997104553794 10
0.31916959725866445 40
0.3244158542710501 70
0.3329099107378286 100
0.9999999999999991 103
50 0.9638083349701234 0.390278273413304 0.1674382000346668
0.5263752914251065 10
0.5408160167699916 40
0.5471954018371471 70
0.5516840937885932 100
0.9999999999999999 103
51 0.9490418402342573 0.37219291503498697 0.16382419998990372
0.30620047530071365 10
0.32931285602584726 40
0.3335910279224227 70
0.34086395456225393 100
0.9999999999999998 103
52 0.9350905965951546 0.3646308403477751 0.16586790001019835
0.4694680908437575 10
0.4818410575889988 40
0.48652809326600416 70
0.4904365531555022 100
1.0000000000000002 103
53 0.9220468048396053 0.34765235781908344 0.15835809998679906
0.32634731279818346 10
0.3434866696565499 40
0.347466413502359 70
0.35346832269463285 100
1.0000000000000002 103
54 0.909699726739954 0.3422136752664174 0.15076049999333918
0.3877619901234973 10
0.4016555455336618 40
0.4051867940275932 70
0.4089278850080299 100
0.9999999999999998 103
55 0.8982141086989129 0.3265367745532983 0.18105880002258345
0.33803648833393635 10
0.3515061002175389 40
0.355382182589082 70
0.3603695202013722 100
0.9999999999999993 103
56 0.8872924184957487 0.3224838957329292 0.16332849999889731
0.31558595142336615 10
0.3321581747176254 40
0.3349916105112283 70
0.3387595776042285 100
0.9999999999999994 103
57 0.8771042764552763 0.30816061451138227 0.16064119996735826
0.3441843275382159 10
0.35661506604029924 40
0.3603476768502947 70
0.364676026097059 100
1.0000000000000004 103
58 0.8673762321973292 0.30495167929756695 0.15594809997128323
0.2752443000397779 10
0.29372011114084995 40
0.29621603258549517 70
0.29992411155392873 100
0.9999999999999997 103
59 0.8582553338566822 0.2918677335939561 0.1693919999524951
0.34192223086697915 10
0.3549035530510547 40
0.3584757511449253 70
0.36241266363481917 100
0.9999999999999998 103
60 0.8495279577622503 0.28921013201273355 0.17761969997081906
0.2559038996683158 10
0.27564778963227177 40
0.27800145398512915 70
0.28149838345791395 100
1.0000000000000007 103
61 0.8413110220013019 0.2772475872185138 0.1706636999733746
0.32914626644354383 10
0.34302458063635083 40
0.3464640473657018 70
0.3501538410850181 100
1.0000000000000009 103
62 0.8334407002090695 0.2749463466961905 0.1624926999793388
0.24485248509376226 10
0.26580098416976056 40
0.26808315760590085 70
0.2712772670014819 100
1.0 103
63 0.8260063586193439 0.26404799230039416 0.16679579997435212
0.3075160936016127 10
0.32212296950872354 40
0.32546435835266235 70
0.3289647307983033 100
1.0000000000000004 103
64 0.8188823547699634 0.2619292145941398 0.16605689999414608
0.23651598142041433 10
0.2588303833464343 40
0.26105858926512077 70
0.26391499730309415 100
1.0000000000000002 103
65 0.8121347084498848 0.2520824548657403 0.17157020000740886
0.2803729393166615 10
0.29538805382611444 40
0.29865927483984966 70
0.3019816244889867 100
1.0 103
66 0.8056682680805795 0.24999148901853233 0.17270880000432953
0.229199087604252 10
0.2530444096503028 40
0.25521783716044344 70
0.257738834682714 100
0.9999999999999999 103
67 0.7995294310734049 0.24120009921518346 0.17671289999270812
0.2516103069710121 10
0.26669486571658557 40
0.269912672720167 70
0.2730483864050753 100
1.0000000000000002 103
68 0.7936475710038435 0.23901057615778826 0.1702318000025116
0.2229063183557853 10
0.24836751457263914 40
0.2504788497825181 70
0.25268973977847525 100
0.9999999999999997 103
69 0.7880529919408036 0.23127661671561997 0.17258150002453476
0.2249242687048507 10
0.23982820527391163 40
0.24299582267672554 70
0.2459335635895192 100
0.9999999999999993 103
70 0.7826943287004878 0.22889313348652976 0.16349530004663393
0.2184584005581747 10
0.24550476916257413 40
0.24754529035250922 70
0.24948382865296573 100
1.0000000000000004 103
71 0.7775892984552 0.22220779245354985 0.166797999991104
0.20315589879116586 10
0.21780349570982516 40
0.22091086870899443 70
0.22364734859851831 100
1.0000000000000002 103
72 0.7727010477685994 0.21956452515585356 0.17196200002217665
73 0.15768669999670237
-------------------------------------------------END------------------------------------------------------
------------------------------------Krylov only---------------------------------------------------
385.7902692903445 382.6090313870008
0.9999999999999999 11
0 354.63093615481665 353.96309458587996 0.04722929996205494
1.0 11
1 309.2164386755461 313.50216507765754 0.05317150003975257
1.0000000000000009 11
2 234.78477918373943 247.39272115307628 0.05506380001315847
1.0000000000000002 11
3 186.58396066677375 200.74117695636872 0.06568389997119084
1.0000000000000004 11
4 82.04941010282484 88.19101431765131 0.05836959998123348
1.0000000000000007 11
5 66.44177275236835 67.52208625613058 0.05195590003859252
0.9999999999999997 11
6 26.57695211098251 27.549669996027085 0.05872650002129376
1.0000000000000002 11
7 11.099199537160834 11.309539573449623 0.07293740002205595
0.9999999999999996 11
8 7.348649496121123 7.538463745774173 0.05488200002582744
0.9999999999999986 11
9 5.147232473950219 4.865567295939067 0.04895219998434186
1.0000000000000004 11
10 4.241388965749963 4.176470097678847 0.05277959996601567
1.0000000000000004 11
11 3.748366203038687 3.312028263320866 0.056898699956946075
0.9999999999999999 11
12 3.4344208977702553 3.1744731055619178 0.05451310001080856
1.0000000000000013 11
13 3.1298942451639817 2.6339709583613056 0.04876829998102039
1.0000000000000007 11
14 2.914155310446325 2.542281348853614 0.05553049995796755
1.0000000000000007 11
15 2.7461512391546035 2.230890157914148 0.05737860000226647
1.0000000000000002 11
16 2.6011281537147974 2.169193506635155 0.05482820002362132
0.9999999999999988 11
17 2.442969842389307 1.9287774820078551 0.0550597999827005
1.0000000000000002 11
18 2.299689940517406 1.8448672193971152 0.05253779998747632
1.0000000000000009 11
19 2.170737404214173 1.6388477205376657 0.04683820001082495
0.9999999999999994 11
20 2.045909618578297 1.5776539285131574 0.05466630001319572
1.0000000000000007 11
21 1.9343402025169592 1.401693301527278 0.048570700048003346
1.0000000000000007 11
22 1.830328412187752 1.3431616460054483 0.05502570001408458
0.9999999999999999 11
23 1.741073752128378 1.1968661318108438 0.05224089999683201
1.0 11
24 1.6623123714683006 1.1562086670571456 0.055827700009103864
0.9999999999999998 11
25 1.5931009147660171 1.0417407639478302 0.056919499998912215
1.0000000000000007 11
26 1.520162354518878 0.9922030251458759 0.04805790004320443
0.9999999999999994 11
27 1.4613153082256676 0.9070345642333716 0.05255289998603985
0.9999999999999984 11
28 1.4147996344533271 0.8721641857044503 0.058909500017762184
1.0 11
29 1.3737463243126709 0.8116822747591584 0.053918999969027936
1.0000000000000002 11
30 1.3366768962092561 0.7842400050533659 0.054291200009174645
0.9999999999999999 11
31 1.3031759112901193 0.7349354176190203 0.04984270001295954
1.0000000000000002 11
32 1.2726214812405503 0.7079340420180589 0.05456270003924146
0.9999999999999994 11
33 1.2452190227477697 0.6728462763917749 0.051568200055044144
1.000000000000001 11
34 1.2208418699297967 0.6496810266945858 0.05045629997039214
1.0000000000000002 11
35 1.1983691442406395 0.6235332970461768 0.050733599986415356
0.9999999999999997 11
36 1.177916658258318 0.6002886505559423 0.05626799998572096
0.9999999999999998 11
37 1.1589333387361347 0.5825685378003408 0.0534336999990046
1.0000000000000009 11
38 1.1413586609798714 0.5585669753763264 0.05263839999679476
0.9999999999999997 11
39 1.1249957074169612 0.5457727380620571 0.05426380003336817
0.9999999999999992 11
40 1.1094145180643513 0.5226662926698984 0.052805199986323714
0.9999999999999999 11
41 1.0948487098352602 0.5123980394210459 0.05122309998841956
1.0000000000000004 11
42 1.0790246694681638 0.49170290693073265 0.05257599998731166
1.0000000000000002 11
43 1.0651228426468942 0.47986300596234444 0.050788599997758865
0.9999999999999998 11
44 1.0547935551117988 0.4633723345428898 0.04742050002096221
1.0 11
45 1.0449652366810744 0.4574462293425317 0.04898180003510788
0.9999999999999994 11
46 1.0358686996093152 0.44412413695646047 0.05287840001983568
0.9999999999999998 11
47 1.0271648968876201 0.4391606354435719 0.054437599959783256
1.0000000000000007 11
48 1.019030032669328 0.42549106415951093 0.05022829998051748
0.9999999999999984 11
49 1.0111219376725522 0.422685133706608 0.055030699993949383
0.9999999999999996 11
50 1.003639507823341 0.40985948203844214 0.05339250003453344
0.9999999999999994 11
51 0.9927754423809069 0.40246603005900894 0.07936859998153523
1.0000000000000007 11
52 0.9833192055735434 0.388967822577576 0.0542725000414066
1.0000000000000004 11
53 0.9768916181483597 0.38693834945666444 0.04575470002600923
0.9999999999999993 11
54 0.9707401764769047 0.3760110570925057 0.053536799969151616
1.0000000000000002 11
55 0.9650239291629626 0.3750620289260837 0.050586899975314736
0.9999999999999997 11
56 0.9595699241146325 0.36444081863589894 0.05079950002254918
0.9999999999999998 11
57 0.9543044386527847 0.36445017515081807 0.04718439996941015
0.999999999999999 11
58 0.9492244719553646 0.354110374921819 0.056575700000394136
0.9999999999999996 11
59 0.9442800097285905 0.3545072858638788 0.04855020000832155
60 0.05372076000203378
-------------------------------------------------END------------------------------------------------------
49
------------------------------------Randomized only---------------------------------------------------
407.79816365740214 403.98042445847597
0.9964004049422596 10
0 376.04430694523194 374.15684451170824 0.03048570000100881
0.9968686889859693 10
1 330.0440384245397 331.51694439623293 0.025477299990598112
0.9962083045438554 10
2 279.1044794142989 285.7269095409028 0.024604699981864542
0.9769982429756282 10
0.9994769875967423 40
3 236.55168611493315 248.63606445620738 0.05859590001637116
0.89850312493155 10
0.9962046434078696 40
4 205.19920548270773 215.44764657954622 0.05029639997519553
0.9342085863809431 10
0.9891219486137677 40
0.9963862683885137 70
5 109.612796432212 116.40966686035173 0.10368270002072677
0.7417287099509763 10
0.9501200127611585 40
0.9811238920256745 70
0.9889924159551299 100
1.0 103
6 62.862329247579225 66.51818027231927 0.17152590001933277
0.3979971202377505 10
0.9069809203857297 40
0.9685575552331441 70
0.97734290677363 100
0.9999999999999996 103
7 26.82297652105999 29.19006324276149 0.15887179999845102
0.49766157765156344 10
0.853107384374612 40
0.9407051456506014 70
0.9695427126390933 100
0.9999999999999998 103
8 13.794611749785314 14.802809394813947 0.16620109998621047
0.5738732696046274 10
0.8394416149690337 40
0.9165963246092216 70
0.94239651682314 100
1.0000000000000009 103
9 9.064482659693562 9.758580926898958 0.16834400000516325
0.4536913420966035 10
0.8911767791752637 40
0.940489123835277 70
0.9625337347777496 100
1.0 103
10 6.013367728949007 6.355191482938912 0.1664209999726154
0.6491828886947986 10
0.8550105680329664 40
0.9174877992413448 70
0.9422457268635318 100
1.0000000000000002 103
11 4.447648520285303 4.253216994768222 0.16770180000457913
0.86090462035505 10
0.9646251897069558 40
0.9714944669694346 70
0.9776656879209106 100
0.9999999999999999 103
12 3.5206819265259313 3.3216654916690174 0.1623239999753423
0.4603735235884292 10
0.6021890353222286 40
0.6867513901414396 70
0.7256967931515147 100
0.9999999999999994 103
13 3.012525218204791 2.684905771574669 0.18117789999814704
0.5409031896524853 10
0.768605109468234 40
0.7850968659523742 70
0.802924893962498 100
1.0000000000000002 103
14 2.6428467245227423 2.3176257112184984 0.1533593999920413
0.405583446169829 10
0.5226650031051965 40
0.6093225674214561 70
0.6417614859494382 100
0.9999999999999997 103
15 2.392445476018633 1.9899818936944111 0.16422510001575574
0.3580031493556841 10
0.5218986889379734 40
0.563660900179817 70
0.587461630379344 100
0.9999999999999997 103
16 2.185263004617522 1.813124138803575 0.17361329996492714
0.3822950618934785 10
0.46879497848099966 40
0.5207571441080454 70
0.5485403797979904 100
1.0000000000000002 103
17 2.0374349001778187 1.6048190368888955 0.1741223999997601
0.5117237646687569 10
0.5857392654738267 40
0.6104820024143984 70
0.626854035964714 100
1.0000000000000002 103
18 1.9083694187948284 1.498322142076997 0.17241140000987798
0.30988375883749614 10
0.403473156717725 40
0.4300017225485603 70
0.4571688358278989 100
1.0000000000000002 103
19 1.8000805643149553 1.3485283068795713 0.16384799999650568
0.5890271916541738 10
0.6396691535611436 40
0.6568451924923562 70
0.6661656533573289 100
1.0000000000000002 103
20 1.7007931738958655 1.2547052271873236 0.16892969998298213
0.40953625248285386 10
0.5347027058026123 40
0.550619808998446 70
0.5690486812387731 100
1.0 103
21 1.6114656759625123 1.148549819236935 0.1693444999982603
0.5896838207307197 10
0.6373055128310161 40
0.6521405498499621 70
0.659839148675935 100
0.9999999999999996 103
22 1.5291490239895127 1.052841871555473 0.1788817999768071
0.47150905634658474 10
0.5889352090157138 40
0.5982320836651562 70
0.611471770491034 100
0.9999999999999996 103
23 1.4560476017550703 0.9837772388201653 0.1644951999769546
0.43212514005176816 10
0.49514491301526864 40
0.5149749187684636 70
0.5245398306279636 100
0.9999999999999997 103
24 1.3868664411817864 0.8950325106168688 0.16592379997018725
0.5604133686962571 10
0.6336347645604062 40
0.6407061063311046 70
0.6509813689866648 100
1.0 103
25 1.3266708718645588 0.8485436452818531 0.1591603999841027
0.35342644449949495 10
0.4306989399970208 40
0.45504456293119644 70
0.4647480198857629 100
1.0000000000000004 103
26 1.2681036665489385 0.7735793103931659 0.16643509996356443
0.6764140923453862 10
0.7199847840173409 40
0.72662139309973 70
0.7346374489829716 100
1.0000000000000009 103
27 1.2183648740875095 0.7378865958831559 0.16402610001387075
0.3559544699699399 10
0.4311515515696086 40
0.45980207899471515 70
0.4681304742709465 100
1.0000000000000007 103
28 1.170146505050601 0.675901884609023 0.16370730003109202
0.7089562598681437 10
0.7498068231105168 40
0.757890960600601 70
0.7648296999848933 100
0.9999999999999998 103
29 1.1295898667338702 0.6477552074264764 0.16250110004330054
0.42450255328747716 10
0.5055042130017817 40
0.5348368165369074 70
0.5419645881101943 100
0.9999999999999996 103
30 1.0906474506441841 0.5985402761668306 0.1634104000404477
0.6874801829635748 10
0.7395848977864399 40
0.7490728443344317 70
0.7548447289870459 100
1.0000000000000002 103
31 1.0584565870824363 0.5762982416710958 0.15902349998941645
0.5575439429491879 10
0.6443796779225713 40
0.6634404849826461 70
0.6683521012657565 100
0.9999999999999999 103
32 1.0279003275857863 0.5413063916652213 0.16737070004455745
0.6602360043255266 10
0.7191385883521951 40
0.7288798192005466 70
0.7334046424698134 100
0.9999999999999997 103
33 1.002763318594049 0.5204203790777959 0.1686836999724619
0.6594986593030305 10
0.7344022452294154 40
0.7452905708955948 70
0.7485942743855816 100
1.0000000000000002 103
34 0.9787171550075665 0.49733894032961085 0.16058289998909459
0.6688829071053283 10
0.724741718518413 40
0.7340672471539 70
0.7378266165358124 100
1.0 103
35 0.958645399110166 0.4764479641753669 0.15799179999157786
0.7202918974776132 10
0.7848304752878307 40
0.7927296357771355 70
0.795640930080844 100
1.0 103
36 0.9391572820897034 0.45990683148072753 0.15812710003228858
0.6997929317732916 10
0.7479599685017426 40
0.7563174046185116 70
0.759819248480255 100
0.9999999999999998 103
37 0.9225501284647643 0.44060755802984736 0.15964300004998222
0.7543137713088777 10
0.8137817951607548 40
0.82081596235197 70
0.8235903454865358 100
1.0000000000000002 103
38 0.9061561922495148 0.4260226583152193 0.16019809996942058
0.7357536980996556 10
0.775809028211336 40
0.7829885186441814 70
0.786265735584268 100
1.0 103
39 0.8919409000595678 0.4096895326605518 0.1670165999676101
0.7738442252548833 10
0.8314436513196938 40
0.8380019092498918 70
0.8405441135455582 100
0.9999999999999999 103
40 0.8776314417311045 0.3945706957170171 0.16538030002266169
0.7662739316561377 10
0.7995175236938259 40
0.8055992504113002 70
0.8085491897553702 100
0.9999999999999994 103
41 0.8650838094088449 0.38143369732386545 0.16101289994549006
0.785642809936435 10
0.8426327898017032 40
0.8486348181798186 70
0.8508774267337955 100
1.0 103
42 0.8522405806033235 0.3650347185101696 0.16780719999223948
0.78740647291851 10
0.8152399033690495 40
0.8203108984543124 70
0.8228634544918073 100
1.0 103
43 0.8409092350117237 0.35451140426144656 0.1569205999840051
0.7872820896877613 10
0.8435897845682044 40
0.8489709281071437 70
0.8509634059733202 100
1.0000000000000002 103
44 0.8293599079343786 0.3375278021656259 0.16721729998243973
0.793182185435571 10
0.816690312828002 40
0.8208638396100576 70
0.823013107362614 100
1.0000000000000002 103
45 0.8191215391190457 0.3287040060123959 0.1558667999925092
0.7636281994911286 10
0.818721507414721 40
0.8237836800511118 70
0.8256791914054362 100
0.9999999999999997 103
46 0.8091297994012968 0.3129110241821381 0.16371779999462888
0.7742269060827985 10
0.7942373277597938 40
0.79778181621433 70
0.7994876746390707 100
0.9999999999999999 103
47 0.8001985165700879 0.30497065035772425 0.18141099996864796
0.6796507198083739 10
0.7343879769139305 40
0.7406660651708125 70
0.742716936238264 100
1.0 103
48 0.7921596078477184 0.2922126457005553 0.16879429999971762
0.7178237801493308 10
0.7352187637311318 40
0.738252016022148 70
0.7395966560636741 100
0.9999999999999996 103
49 0.7848538065614324 0.28486230712386135 0.1688509999657981
0.5138727681292918 10
0.5693025213838019 40
0.5793245111328162 70
0.5817697628789356 100
1.0000000000000002 103
50 0.7784815628984858 0.27493382395125876 0.1747249000472948
0.6485538477305948 10
0.6644659968272432 40
0.6669818087977953 70
0.6685253585058324 100
0.9999999999999997 103
51 0.7725694477665201 0.2682534916655959 0.16332460002740845
0.43530850325416254 10
0.48051680859072343 40
0.4916077741588736 70
0.4941562438865091 100
1.0000000000000007 103
52 0.7671128486989592 0.25955124202938046 0.15837660001125187
0.6113409824893792 10
0.6264916614142151 40
0.6287969840564873 70
0.6306613598181001 100
1.0 103
53 0.7619992068125592 0.2535059723214362 0.1756102999788709
0.434673520354787 10
0.47366481077856176 40
0.48415980680386644 70
0.486580516399728 100
1.0000000000000004 103
54 0.7571680748513895 0.24554995054426848 0.16976650001015514
55 0.1531186309061013
-------------------------------------------------END------------------------------------------------------
------------------------------------Krylov only---------------------------------------------------
407.79816365740214 403.98042445847597
1.0 11
0 372.74236753330024 371.2928300842523 0.050572299980558455
1.0000000000000004 11
1 320.732641375898 322.9196881032084 0.046533299959264696
1.0 11
2 235.2853663577575 245.00104883258103 0.047017999982926995
1.0000000000000013 11
3 183.3049782568285 194.36874465272658 0.06588639999972656
1.0 11
4 135.29483198379128 146.2594382462461 0.0582118000020273
1.000000000000001 11
5 77.1566345876906 82.09579503689672 0.04600349999964237
1.0000000000000007 11
6 24.585349366367545 27.8841002795941 0.05628509999951348
1.0000000000000007 11
7 11.357440283349874 11.784125426302882 0.04803479998372495
0.9999999999999979 11
8 6.752701686839937 6.697262965397425 0.05379649996757507
1.0 11
9 4.982112745995499 4.899251215424858 0.05447580001782626
1.0000000000000004 11
10 4.044865133822032 3.9199810789970893 0.04721229994902387
1.0000000000000002 11
11 3.4837350143266392 3.288293512182591 0.04728679999243468
1.0000000000000013 11
12 3.122183030760408 2.866487651018868 0.05228890001308173
1.000000000000001 11
13 2.848776396587361 2.60930224567171 0.05519719998119399
0.9999999999999994 11
14 2.6237299450330887 2.2965242426382964 0.055586200032848865
1.000000000000001 11
15 2.435569367613741 2.151354402104475 0.05444039998110384
1.0000000000000004 11
16 2.275849324943189 1.9113001818177127 0.06137229996966198
0.9999999999999996 11
17 2.1504517936849137 1.840141794831647 0.04914810002082959
1.0000000000000004 11
18 2.045820310461936 1.6500938591715615 0.05343359999824315
1.0000000000000009 11
19 1.9592008813148611 1.6054327593404727 0.0561763999867253
1.0000000000000004 11
20 1.883019813732335 1.4643577017943548 0.06844049994833767
1.0000000000000007 11
21 1.8191555449495587 1.4304550785172645 0.061822100018616766
0.9999999999999997 11
22 1.759497476346039 1.3216004086057378 0.051114600035361946
1.0 11
23 1.708210244801538 1.293819436520438 0.05616799998097122
0.9999999999999994 11
24 1.660138261339414 1.2093719672883902 0.05418539996026084
1.0000000000000013 11
25 1.6173517269903757 1.1851112853157653 0.055500300019048154
1.0000000000000007 11
26 1.5776344534180713 1.119668805789458 0.05104879999998957
1.0000000000000002 11
27 1.5439090879726896 1.10206043906271 0.0507344999932684
0.9999999999999993 11
28 1.5124946022423442 1.049955440199471 0.04733589995885268
0.9999999999999998 11
29 1.484465132329566 1.0356509667805327 0.05515110003761947
1.0000000000000004 11
30 1.458250577264994 0.9929416823732332 0.06541410001227632
0.9999999999999997 11
31 1.4333096527090914 0.9814448916212587 0.04782889998750761
0.9999999999999993 11
32 1.4100809404934866 0.9434209743408497 0.07240639999508858
1.0000000000000002 11
33 1.3902360147509856 0.9330073005445699 0.05514640000183135
1.0000000000000004 11
34 1.371273917314021 0.9030689618684824 0.05428729997947812
1.0000000000000002 11
35 1.3539284986939677 0.8934397320212675 0.1805064999498427
0.9999999999999998 11
36 1.33725086099436 0.8673027752535262 0.05738129996461794
1.0 11
37 1.321859486961761 0.8579811285315865 0.06504279997898266
0.9999999999999996 11
38 1.3069963947927117 0.8348950555259441 0.056867599952965975
1.0 11
39 1.293189444557324 0.8259093067915523 0.05371890001697466
0.9999999999999991 11
40 1.2798241840635334 0.8052305893588262 0.04966899997089058
0.9999999999999997 11
41 1.267340122973653 0.7964857100166189 0.053335500007960945
1.0000000000000009 11
42 1.2552341030065286 0.7778590964247368 0.05165209999540821
0.9999999999999996 11
43 1.243874142436102 0.7693858259518015 0.04915979999350384
1.0000000000000004 11
44 1.2328358763911873 0.7525072479224125 0.05385889997705817
0.9999999999999998 11
45 1.2224326763885969 0.7441843726551636 0.04929029999766499
1.0000000000000004 11
46 1.2123000689226704 0.7288935627948947 0.06420630001230165
1.0000000000000009 11
47 1.202709295421029 0.7206647104703622 0.05058899999130517
0.9999999999999996 11
48 1.193349482982739 0.7067475219228305 0.054964000009931624
1.0000000000000013 11
49 1.1844555562799721 0.6985640835007985 0.04634190001524985
0.9999999999999996 11
50 1.1757622817198423 0.6858293598759976 0.054003900033421814
0.9999999999999999 11
51 1.167473475051313 0.6776797967897781 0.04908560001058504
1.000000000000001 11
52 1.1593605112092653 0.6659657725997233 0.050695499987341464
0.9999999999999988 11
53 1.151600692973633 0.6578417845869291 0.05307069997070357
1.000000000000002 11
54 1.1439955932323125 0.6470312181073137 0.04910800000652671
0.9999999999999993 11
55 1.1367009736196236 0.6388986179664898 0.05196890002116561
0.9999999999999987 11
56 1.129542718296566 0.6289405473048898 0.10308520001126453
1.0000000000000004 11
57 1.1226711074274256 0.6206477007465994 0.05467600002884865
0.9999999999999998 11
58 1.1159209895345736 0.611694739879148 0.057184799981769174
0.9999999999999997 11
59 1.10950448291026 0.6029525780605796 0.05826959997648373
1.0000000000000009 11
60 1.103194221324056 0.5954137388702875 0.07499509997433051
0.9999999999999998 11
61 1.0971902910918188 0.5864328594760334 0.06008739996468648
1.0000000000000009 11
62 1.091271708755419 0.5798510041845353 0.0513982999837026
1.0000000000000004 11
63 1.0855548645034052 0.5709802380675082 0.051531000004615635
1.0000000000000002 11
64 1.079912092936245 0.5648731348890674 0.0484260999946855
1.0000000000000013 11
65 1.074449603808242 0.5561211298729875 0.052935399988200516
1.0000000000000002 11
66 1.069049859962752 0.5504274840515049 0.05449350003618747
0.9999999999999994 11
67 1.0638122588247074 0.5418134691354612 0.0509695999789983
0.9999999999999992 11
68 1.05859625478427 0.5363966385617105 0.06030880002072081
0.9999999999999989 11
69 1.0535273249194417 0.5279662330951131 0.0624995999969542
1.0000000000000009 11
70 1.0485365368092712 0.5229196883226389 0.056403999973554164
71 0.05700457604965982
-------------------------------------------------END------------------------------------------------------
50
------------------------------------Randomized only---------------------------------------------------
372.9379523288089 372.0193978487563
0.9956892115100562 10
0 347.2763621934178 348.5791552922516 0.033984600042458624
0.9937430189476699 10
1 310.0987838360739 314.63199607297906 0.028521900007035583
0.9861494481387408 10
0.9993943668242933 40
2 263.19152271618333 273.1776561314168 0.05873670004075393
0.9579207392358892 10
0.9960667403869015 40
3 216.10324696636917 229.32350595735264 0.0574919999926351
0.973582433498058 10
0.9982535417635052 40
4 151.8129916496214 160.91654052049142 0.05820500000845641
0.9550562789307342 10
0.9913446106327859 40
5 84.4604707000144 90.4935141181316 0.05970869999146089
0.7903239589252602 10
0.9462505701551288 40
0.9768237355174008 70
0.9905030262640138 100
6 42.39952855549849 45.82512020996431 0.16124450002098456
0.4646233201854416 10
0.8820767815196447 40
0.9364258007585671 70
0.9576363366489223 100
1.0000000000000002 103
7 19.881887266246352 21.796456545040396 0.1662396999890916
0.6300931759101837 10
0.9185429241445827 40
0.969316172866651 70
0.9874623951597369 100
1.0000000000000007 103
8 9.564017889326461 10.376636975774094 0.17746980005176738
0.822265660278548 10
0.949747367909867 40
0.9766888578628984 70
0.9885905731657526 100
0.9999999999999999 103
9 5.843198804176893 5.781652808381283 0.16022010002052411
0.8293437604504934 10
0.9168650275910613 40
0.9598746712442865 70
0.9767718450850466 100
1.0 103
10 4.178786744224929 3.989854566831229 0.16554690001066774
0.5992411386427724 10
0.7879262088803968 40
0.8681932315155575 70
0.9096442266790944 100
1.0 103
11 3.3310145419260575 3.0543127456577794 0.16755380004178733
0.39326094458097144 10
0.6339761146784041 40
0.7017453458444411 70
0.7623027940662069 100
0.9999999999999997 103
12 2.8590050196917254 2.467587826954574 0.16775379999307916
0.5857212562257883 10
0.7699166224518871 40
0.8172809024869999 70
0.8497794696728336 100
0.9999999999999997 103
13 2.507197414570361 2.167113730387837 0.16058369999518618
0.5595034162468528 10
0.7359112412275038 40
0.799013645845574 70
0.8197465707247648 100
0.9999999999999997 103
14 2.2795616998792028 1.8290951412540049 0.16458679997595027
0.8223710330766292 10
0.8833558760399108 40
0.8971570143818667 70
0.9099725612321788 100
1.0000000000000002 103
15 2.0739822708281905 1.6530986391467954 0.16436290001729503
0.6100615320733971 10
0.7360245332424945 40
0.7712339034083111 70
0.7853806617962499 100
0.9999999999999999 103
16 1.9145943848582447 1.4424555762640625 0.16948310000589117
0.7843272287105634 10
0.8505738289870489 40
0.8614324030894109 70
0.8709806988971269 100
0.9999999999999998 103
17 1.75674967497093 1.2683368782169273 0.1668412999715656
0.4906822958233242 10
0.638808402735186 40
0.6714295152632307 70
0.6870740475917265 100
0.9999999999999994 103
18 1.6406331686450386 1.143232217544929 0.15789189998758957
0.5416497295351115 10
0.6653027581158389 40
0.6871193154165685 70
0.6986611018414428 100
1.0000000000000002 103
19 1.5303951570360104 1.0228837112830145 0.1647205000044778
0.6919556621865839 10
0.7626434607805941 40
0.7720308020915178 70
0.781923345208904 100
1.0 103
20 1.4445723402572686 0.9435166392553147 0.15394459996605292
0.33801668199913637 10
0.47074476736201404 40
0.49415988932895555 70
0.5073985623091569 100
1.0000000000000002 103
21 1.365761645061256 0.8599226106938326 0.16368850000435486
0.38146097256772027 10
0.4685324315545829 40
0.4870665191557933 70
0.5041076877913572 100
0.9999999999999997 103
22 1.2978959261747343 0.8025575826356832 0.16313429997535422
0.41224005273676184 10
0.5324915284398505 40
0.5529173562255778 70
0.5611888268414515 100
0.9999999999999996 103
23 1.230390538912182 0.7367621180154262 0.16202980000525713
0.8743483204581687 10
0.9017871829348008 40
0.9069403505959531 70
0.9103004035512481 100
0.9999999999999997 103
24 1.169250940076152 0.677969176548972 0.16175420000217855
0.6730350390376658 10
0.7528990220738838 40
0.7671855468556653 70
0.7726815624346055 100
1.0000000000000004 103
25 1.1129812270892074 0.6282912570888317 0.16801880003185943
0.9456728183714921 10
0.9647779520229034 40
0.9666360443370102 70
0.9676463342726597 100
1.0 103
26 1.0624433525397592 0.5730255839442139 0.16000450000865385
0.806865397086714 10
0.8529439217383455 40
0.8628775981527871 70
0.8677020353180372 100
0.9999999999999998 103
27 1.0213171452023082 0.5317674055253374 0.17480730003444478
0.8410993873103019 10
0.8691101716025299 40
0.8744710367061957 70
0.8758628720992483 100
0.9999999999999997 103
28 0.9869307245133612 0.495052834997533 0.16128459997707978
0.8459559967915804 10
0.8815829936015377 40
0.8891546560592576 70
0.8932511847715097 100
0.9999999999999996 103
29 0.9575973552259613 0.4608090700237117 0.16971109999576584
0.5847496264298198 10
0.6280563659609738 40
0.6446377916197662 70
0.6478916504764367 100
1.0000000000000002 103
30 0.9322329586493677 0.4351638082116164 0.1729918000055477
0.8574217277348484 10
0.8960526596305152 40
0.9030888478843854 70
0.9065623447397394 100
1.0000000000000002 103
31 0.9098747854317575 0.4078133124904423 0.16412659996422008
0.6635827573362111 10
0.7065656135845862 40
0.7181862227443938 70
0.7218812318616769 100
1.0 103
32 0.8901830387466838 0.3870772067695234 0.1615505000227131
0.8434606133628406 10
0.8760782373007278 40
0.8816459162159853 70
0.8842695827419834 100
1.0000000000000002 103
33 0.8723443358487464 0.3664485085418774 0.16446190001443028
0.639303047315594 10
0.6820152472021398 40
0.6899605528605202 70
0.6937293582737665 100
1.0 103
34 0.856398726976006 0.3476987709882109 0.15537330001825467
0.8304722588307903 10
0.8526955108152618 40
0.855797569239409 70
0.8572836970927382 100
0.9999999999999994 103
35 0.841813280892331 0.33304198840029203 0.16309159999946132
0.46804436311812975 10
0.5139412944814803 40
0.5198885498259541 70
0.5239533659850822 100
1.0 103
36 0.828606777364996 0.31527470171258265 0.1770463000284508
0.8246473369500421 10
0.842517217540673 40
0.8444701648263527 70
0.8453906767397437 100
1.0000000000000004 103
37 0.8166464336271342 0.30496681132462733 0.17127359996084124
0.25739403390000654 10
0.2980299746676989 40
0.30324949143345753 70
0.308052720074834 100
1.0000000000000009 103
38 0.8057829614101516 0.28887460640316215 0.16492080001626164
0.7818343675477578 10
0.7994800051017817 40
0.8012858292536291 70
0.8021447477335081 100
1.0 103
39 0.7959702087437459 0.2810147644933742 0.16358290001517162
0.3911825173747688 10
0.4235254916804271 40
0.42803730952455477 70
0.43144923547108993 100
1.0000000000000004 103
40 0.7870349089147276 0.2673789985274041 0.15378579997923225
0.7431440167634221 10
0.7597704092940023 40
0.7614074610599428 70
0.7622640259700529 100
1.0000000000000004 103
41 0.7788526709636165 0.2607939775259258 0.1628286999766715
0.5825797233538017 10
0.6137962665540441 40
0.6172487160100155 70
0.6191361194924884 100
0.9999999999999997 103
42 0.7713545429082924 0.2494009729113058 0.15916410001227632
0.7690478044019969 10
0.7822066211816305 40
0.7836167673294392 70
0.784342010744367 100
1.0000000000000004 103
43 0.7643853378084816 0.24375418058978152 0.16992689995095134
0.7223164838234115 10
0.74786002920371 40
0.7501443760268226 70
0.7512122033310275 100
1.0000000000000004 103
44 0.7579569760510269 0.23390628523344065 0.1799923999933526
0.8154997603430916 10
0.825098285691017 40
0.826321313348892 70
0.8268646180192193 100
1.0000000000000002 103
45 0.7519306643467134 0.22916003363841503 0.18079559999750927
0.8033350519096291 10
0.8223618576512282 40
0.8238397405897228 70
0.8245835147301959 100
1.0000000000000004 103
46 0.7463469253328812 0.2203234455362164 0.1573684000177309
0.8459861003059755 10
0.8533479713702454 40
0.8544595733545992 70
0.8548942498673031 100
0.9999999999999999 103
47 0.7410825448150044 0.2163997843840972 0.1696702999761328
0.8409955539025876 10
0.855662690095416 40
0.8567270281833494 70
0.8573843113620846 100
1.0000000000000002 103
48 0.7361870035246684 0.20829527637293685 0.1688352000201121
49 0.1512308591865098
-------------------------------------------------END------------------------------------------------------
------------------------------------Krylov only---------------------------------------------------
372.9379523288089 372.0193978487563
0.9999999999999991 11
0 344.09097307197993 345.66982499378184 0.04908259998774156
0.9999999999999999 11
1 302.5647358983415 308.47705476987164 0.051954800030216575
0.9999999999999997 11
2 221.10148643615645 233.64012311977467 0.05165859998669475
0.9999999999999999 11
3 178.67306059978853 188.7252077875996 0.06408270000247285
1.0000000000000009 11
4 71.0764269671631 74.09635099317931 0.052453899988904595
1.0000000000000004 11
5 27.272714029704915 29.284488878577726 0.05073150002863258
0.9999999999999993 11
6 9.912323015988095 10.309771676905623 0.05517769994912669
1.0000000000000007 11
7 6.450096593041791 6.613208114026069 0.04727659997297451
1.0000000000000009 11
8 4.826368177278651 4.6209093898346785 0.05367409996688366
1.0000000000000004 11
9 4.084915402017159 3.831167421374842 0.05001890001585707
1.0000000000000009 11
10 3.60811390406192 3.312365298781345 0.04833119997056201
1.0000000000000004 11
11 3.2785817983738843 2.9981808817050624 0.056364000018220395
1.0000000000000002 11
12 3.0206331025786217 2.737792768292619 0.059050200041383505
1.0 11
13 2.825162140304867 2.5374782530088926 0.06982080003945157
0.9999999999999999 11
14 2.6643115996853712 2.3632264631173814 0.0582185999955982
1.0000000000000009 11
15 2.5323750299920538 2.229804388679588 0.0554388000164181
0.9999999999999999 11
16 2.4142403579485334 2.1051318207548597 0.051914100011345
0.9999999999999999 11
17 2.3197337194134446 2.0014873493507896 0.05040020000888035
0.9999999999999996 11
18 2.2311300070419557 1.9129731241124754 0.10213330003898591
0.9999999999999993 11
19 2.1611769424028404 1.822957947151504 0.05851770000299439
0.9999999999999999 11
20 2.0907083316259305 1.7623666212542672 0.05401490000076592
0.9999999999999989 11
21 2.0352333052658507 1.6839339124935184 0.0808371999883093
0.9999999999999993 11
22 1.9602896865270114 1.6084861450454504 0.057092799979727715
1.0000000000000013 11
23 1.9036904757174997 1.5465403661909325 0.054140200023539364
1.0000000000000009 11
24 1.8552899031360357 1.4899637036510676 0.05450530000962317
1.0 11
25 1.8122699282015753 1.4414746259051083 0.05540520005160943
1.000000000000001 11
26 1.7706449441097145 1.3943695304904813 0.05486179998842999
1.0000000000000004 11
27 1.7324763298925907 1.3515357164908002 0.0498836999759078
0.9999999999999999 11
28 1.693272090947727 1.3023070752463914 0.048410699993837625
1.0000000000000004 11
29 1.6571050249648691 1.2652449099046696 0.051547299954108894
0.9999999999999999 11
30 1.6184966683270576 1.2131977899601931 0.05132260004756972
0.9999999999999999 11
31 1.5831562153900798 1.183224163585359 0.0524897999712266
0.9999999999999996 11
32 1.5353097778138318 1.1051571836269778 0.05563139996957034
1.000000000000001 11
33 1.4956688862468068 1.0828065316148927 0.05372730002272874
0.9999999999999992 11
34 1.4686530207757875 1.0379575521668984 0.05460259999381378
1.0000000000000004 11
35 1.4434921273065184 1.0256048783763776 0.05466419999720529
1.0000000000000018 11
36 1.420148189798031 0.9843761133783996 0.05255070002749562
0.9999999999999998 11
37 1.3982541811871982 0.9753971884662397 0.04926669999258593
0.9999999999999999 11
38 1.3777168184323643 0.9373448918550896 0.055270600016228855
1.0000000000000013 11
39 1.3584006763270469 0.9312064220831274 0.05166100000496954
1.000000000000001 11
40 1.3401714332904626 0.8958680523934941 0.05733359995065257
1.0000000000000002 11
41 1.3230011305061553 0.892101706838905 0.04873320000478998
0.999999999999999 11
42 1.3066975197337123 0.8589406696921712 0.050953000027220696
0.9999999999999997 11
43 1.2913344499790704 0.8570764391680245 0.05197440000483766
0.9999999999999997 11
44 1.276612483811855 0.8257790559971047 0.04844129999401048
1.0000000000000002 11
45 1.2627307564250247 0.8250104952551408 0.06014149996917695
1.0000000000000004 11
46 1.2491145539116506 0.7955040328922445 0.060060599993448704
0.9999999999999999 11
47 1.2362854212861876 0.7946014685591472 0.07305050001014024
0.9999999999999999 11
48 1.2177405969352273 0.7649002394844969 0.05024389998288825
0.9999999999999998 11
49 1.2020360842796092 0.7499075325551714 0.04911239998182282
1.0000000000000004 11
50 1.1873394255288254 0.7242308890188021 0.05381830001715571
0.9999999999999989 11
51 1.1739928278447305 0.7180242093736859 0.0519623999716714
1.0000000000000013 11
52 1.1638198014046517 0.6978708560761202 0.04668510000919923
1.0 11
53 1.154076280045457 0.6931636407530591 0.0571434999583289
1.0000000000000013 11
54 1.1447121871914416 0.673999501536045 0.05294030002551153
0.9999999999999994 11
55 1.1357034342586452 0.6695462256219835 0.04898820002563298
1.0000000000000013 11
56 1.1272366162357776 0.652917606450651 0.0473212999640964
1.0 11
57 1.1189958449918187 0.6481178701434582 0.05090589995961636
1.0000000000000007 11
58 1.111050803105872 0.6325629556294128 0.05229220003820956
0.9999999999999993 11
59 1.1032843799332614 0.6276396540873244 0.051995999994687736
1.0000000000000004 11
60 1.0957440535596579 0.6126442444042899 0.05235729995183647
1.0000000000000002 11
61 1.088360701081893 0.6081194514893614 0.049590000009629875
0.9999999999999998 11
62 1.0811585705213034 0.5935016369319103 0.049270200019236654
1.0000000000000002 11
63 1.0740980744374113 0.5892773173191838 0.049182599992491305
0.9999999999999988 11
64 1.0671879554995218 0.574987225936929 0.04847239999799058
1.0000000000000004 11
65 1.0604107524772752 0.5711215563966318 0.052797600044868886
1.0000000000000018 11
66 1.053759820749939 0.5571474493241322 0.052840599964838475
1.000000000000001 11
67 1.0472355645802078 0.5535620251119064 0.04668540001148358
1.000000000000001 11
68 1.040819124564108 0.5399230384293547 0.05436790001112968
0.9999999999999996 11
69 1.0345260125507074 0.5365855815108029 0.052845199999865144
1.0000000000000002 11
70 1.0283239473903345 0.5233187910937867 0.053197800007183105
0.9999999999999994 11
71 1.022242743022821 0.5201540979356719 0.05575749999843538
0.9999999999999996 11
72 1.0162362221063228 0.5073186041276058 0.04879999998956919
1.0000000000000002 11
73 1.0103473605026345 0.5042437073032873 0.053612700023222715
0.9999999999999998 11
74 1.0045147094540978 0.49190134365944715 0.05222180002601817
1.0000000000000002 11
75 0.9987915680453021 0.48883588239052195 0.05378849996486679
1.000000000000002 11
76 0.9930980505094318 0.4769899557472702 0.05065580003429204
0.9999999999999999 11
77 0.9874915002629842 0.4738616677052882 0.05317930004093796
0.999999999999999 11
78 0.9818855327481193 0.46238073676899805 0.057285699993371964
0.9999999999999993 11
79 0.9763494249011819 0.45864737213159623 0.05298499995842576
1.0000000000000013 11
80 0.9708882310745565 0.448356340420617 0.051563600020017475
0.9999999999999996 11
81 0.965349856509856 0.4446545335632144 0.05847299995366484
0.9999999999999998 11
82 0.9598961090671028 0.43395073473544643 0.057313500030431896
1.0000000000000002 11
83 0.9546172983386606 0.4291836589418391 0.05675129999872297
1.0000000000000007 11
84 0.9498762994106251 0.41798219114142887 0.05018329998711124
85 0.05419366941170986
-------------------------------------------------END------------------------------------------------------