0
-------------------------------------------Classical LM---------------------------------------------------
665.8008237605645 711.6386827956673
0 665.8008237605645 711.6386827956673 12.661574300000211
1 273.80024320780944 280.46520028146074 23.144265099999757
2 273.80024320780944 280.46520028146074 20.567070400000375
3 160.7908405155992 153.58724532690138 25.46534619999875
4 102.53374947975534 98.60545830589778 18.09347500000149
5 102.53374947975534 98.60545830589778 19.449578100000508
6 102.53374947975534 98.60545830589778 12.689184700000624
7 34.56767493455273 32.2706224408324 26.07019770000079
8 34.56767493455273 32.2706224408324 12.493249900000592
9 11.223410556506618 10.266861918539732 26.602550300000075
10 8.58596157813622 7.661522958625001 12.317548400000305
11 8.058466254467294 7.249765699813191 19.602745300000606
12 8.058466254467294 7.249765699813191 16.51745909999954
13 2.0824959702570855 1.6231046966019855 19.756054699999368
14 2.0824959702570855 1.6231046966019855 17.07980889999999
15 1.3937347360044512 0.8793691025356061 25.402852999999595
16 1.1991781779554815 0.6345727581000405 31.59492229999887
17 0.9945943481556943 0.4164062869320434 18.99113419999958
18 0.8830184646035235 0.3037422425865891 14.720306000001074
19 0.8564388956549236 0.27508765461559526 12.52079120000053
20 0.8564388956549236 0.27508765461559526 12.539603600000191
21 0.6943531121615224 0.11360879204598302 12.398033100000248
22 0.6874675702110578 0.10362229517821496 12.394580599999244
23 0.6797836949458155 0.09125409993275123 12.20277680000072
24 0.6629896698189139 0.07476295548155808 12.550683400000707
25 0.6629896698189139 0.07476295548155808 12.183174399999189
26 0.6192757707457321 0.03661612368369412 12.415905300000304
27 0.6190375833739783 0.037643080564772925 12.423515000000407
28 0.6190375833739783 0.037643080564772925 12.45364359999985
29 0.6133704729607204 0.03379662149481269 12.344484699999157
30 0.6119720055049607 0.03360602026536451 12.387854900000093
31 16.839818393548477
-------------------------------------------------END------------------------------------------------------
-------------------------------------------Krylov LM---------------------------------------------------
665.8008237605645 711.6386827956673
392
0 665.8008237605645 711.6386827956673 16.384870600000795
1 273.8002432031877 280.4652002767305 0.11848809999901277
392
2 273.8002432031877 280.4652002767305 16.526512399999774
3 160.79084054435748 153.58724535605128 0.15383210000072722
392
4 102.53130418107573 98.60294099494902 16.498994999999923
392
5 102.53130418107573 98.60294099494902 16.447226999998747
6 102.53130418107573 98.60294099494902 0.11970180000025721
7 34.56827691087794 32.27159003531902 0.10810710000077961
392
8 34.56827691087794 32.27159003531902 16.46248000000014
9 11.224393893175929 10.267946853301703 0.1457166000000143
392
10 8.586516970907537 7.662090543780134 16.467067300000053
392
11 8.058884173037956 7.250390763246492 16.400740900000528
392
12 8.058884173037956 7.250390763246492 16.50618089999989
13 2.0822138247962902 1.6228451756815083 0.13998739999988175
392
14 2.0822138247962902 1.6228451756815083 16.50079949999963
15 1.3936703597755429 0.8792972103520349 0.15114179999909538
392
16 1.1990710410717103 0.6344730252730876 16.52755860000252
392
17 0.9945662084864707 0.41638917549264776 16.489472400000523
392
18 0.8830490383852982 0.3037777447995527 16.522348299997248
392
19 0.8562196732449353 0.27475721018143706 16.554591699998127
392
20 0.8562196732449353 0.27475721018143706 16.43650400000115
21 0.694326465689894 0.11349835195823013 0.10581789999923785
392
22 0.6874397984271317 0.10334202666263594 16.555481300001702
392
23 0.6808787336204123 0.09120665700267759 16.473350199998094
392
24 0.6524687774249165 0.0636715095609439 16.43760679999832
392
25 0.6447688765133013 0.06123044065067769 16.395205900000292
392
26 0.6447688765133013 0.06123044065067769 16.35832450000089
27 0.6147230557301288 0.034226347576236604 0.11947090000103344
392
28 0.6147230557301288 0.034226347576236604 16.349330199998803
29 0.6118411392314609 0.03253625251837416 0.11844810000184225
392
30 0.6107416733122129 0.0325777025186337 16.428017499998532
31 11.193657316128954
-------------------------------------------------END------------------------------------------------------
------------------------------------Reduced subspace LM---------------------------------------------------
665.8008237605645 711.6386827956673
0.9997889279850556 39
0 590.2645579977752 629.7997789465905 0.6134984999989683
0.9998255079284455 39
1 480.8317453816561 510.47157323580456 1.5165331999996852
0.9998204284572868 39
2 360.4298285784223 378.38278074243095 1.0339187999998103
0.9998330463895699 39
3 274.7018306301298 281.4098896813975 0.46409570000105305
0.999788824457149 39
4 237.0476216767192 241.36476970666607 0.4652626999995846
0.9709845282611773 39
0.9999997703690019 156
5 232.7167521674855 236.30964976351876 5.538911399999051
0.983631789436393 39
0.999999127381908 156
6 210.7935745411159 212.76664259305159 5.481113899997581
0.9761330810044184 39
0.9999736733649378 156
7 169.37861531691374 170.39932122741635 5.332784800000809
0.9890963906292757 39
0.9999952112973345 156
8 124.78230845630965 126.36498888211173 5.40638620000027
0.9896139300493645 39
0.9999958658061369 156
9 109.71405749351129 110.81014565647016 5.389402900000277
0.9966813880062431 39
10 38.10754248621911 37.1978759527723 0.4666173000005074
0.9598368317890272 39
0.9999926762645406 156
11 27.8528013760845 26.921674466184882 6.733407899999293
0.9820585218710277 39
0.9999975046269515 156
12 27.662764216948165 26.82653636202484 10.88645059999908
0.9980001676572601 39
13 10.902617155857056 9.739138145004913 0.4684467000006407
0.9448352647760268 39
0.9999997414903004 156
14 8.427217963533549 7.562332195009225 5.269868100000167
0.9922683385888739 39
15 6.880992333515614 5.947590363982024 0.4760502999997698
0.5870268902304827 39
0.9999998530452581 156
16 6.569035935910733 5.752514500236301 5.194940200002748
0.9953339329874467 39
17 4.801192950348346 3.9168073477549603 0.5020174999990559
0.5985038937487187 39
0.999999935809114 156
18 4.254995912011105 3.448140447569149 5.402863999999681
0.9931586993797067 39
19 3.959682581544896 3.1397654751818553 0.457488200001535
0.3694164854653089 39
0.9999997142796191 156
20 3.5023234007502877 2.7481890402190348 5.496020899998257
0.9927519800245423 39
21 3.2848869895047224 2.500567900768391 0.4972167999985686
0.12665706575990635 39
0.999999751575971 156
22 3.0077438189132435 2.332053420479288 5.565185100000235
0.998335254075495 39
23 2.3366799207269797 1.6017054177185854 1.062216599999374
0.2035781851502788 39
0.9999993062601187 156
24 1.8546096028192656 1.1639246795709437 5.679930299997068
0.9706722747151276 39
0.9999999066555441 156
25 1.4837371178791157 0.8398243270292884 5.334747699998843
0.9953347795864619 39
26 1.3361722525590292 0.6710792452533498 0.4950021000004199
0.1263648864160552 39
0.9999998999477876 156
27 1.3066903743481055 0.6952448668067461 5.233299700001226
0.9993596626472627 39
28 0.9391262335488811 0.31404408739887035 0.49617310000030557
0.06650234098467404 39
0.9999994944620249 156
29 0.9304766460778212 0.3394423762030185 5.084955199999968
0.9996173055449197 39
30 0.7840616641834285 0.18054165167160482 0.5049985999976343
0.06251395608617143 39
0.9999997187238115 156
31 0.7751190608201459 0.1818467374253217 5.369365500002459
0.9996935730146875 39
32 0.7239540625946982 0.1298967798679589 0.4586085000009916
0.009754824787595168 39
0.9999974115274715 156
33 0.7065626176104998 0.11742773621474518 5.2330704999985755
0.9992316892337199 39
34 0.6942896800914935 0.10555730222971202 0.48818069999833824
0.0017490758209059865 39
0.999986581490379 156
35 0.6823352966028725 0.0974082166753228 5.266736999998102
0.997435676133901 39
36 0.6753927906922181 0.09162279087574562 0.5174315000003844
0.013285947846146713 39
0.999998765330019 156
37 0.6722617938003791 0.08916844769259294 5.360923700001877
38 3.2958979578945313
-------------------------------------------------END------------------------------------------------------
1
-------------------------------------------Classical LM---------------------------------------------------
651.7788103753413 687.3947663742861
0 257.2299803604598 261.4634226031473 12.38191899999947
1 257.2299803604598 261.4634226031473 12.700608099999954
2 164.20349084483846 166.74028886329668 12.882724700000836
3 164.20349084483846 166.74028886329668 12.878325500001665
4 164.20349084483846 166.74028886329668 12.622534000001906
5 39.02783107038858 36.380364550100595 19.820462899999256
6 39.02783107038858 36.380364550100595 12.79057979999925
7 14.857963742837331 13.440871307782144 16.721269099998608
8 13.73986874905949 12.495791878510119 12.63426360000085
9 13.73986874905949 12.495791878510119 16.145186899997498
10 5.047799911386538 4.642566003941013 12.685943399999815
11 5.047799911386538 4.642566003941013 13.207813400000305
12 3.194333413560125 2.528195430359162 21.18515479999769
13 2.368517320524362 1.8143359190303592 19.93170690000261
14 2.368517320524362 1.8143359190303592 22.154940800002805
15 1.9820973483124187 1.4137080597127185 27.031242299999576
16 1.8579020731126468 1.2805454197561308 24.838629999998375
17 1.7553043703673037 1.1896933756023569 27.009902099998726
18 1.241751198035725 0.6800982126146669 19.91156090000004
19 1.241751198035725 0.6800982126146669 12.532510700002604
20 0.9046505724569708 0.32147636744561314 26.688797100003285
21 0.8277843156954444 0.2447232758294943 27.269702899997355
22 0.8034545322920434 0.21220988663092666 27.537937900000543
23 0.8034545322920434 0.21220988663092666 12.71253550000256
24 0.6929387374778447 0.10325553639400813 26.95606609999959
25 0.6765170660761769 0.08595006075175607 19.83887130000221
26 0.6755701073457462 0.08288972433606404 12.606390000000829
27 0.6755701073457462 0.08288972433606404 12.638561499999923
28 0.6385080728228595 0.04843779754079255 27.096766800001205
29 0.6312400600562639 0.041368493733789126 19.9734712999998
30 0.6312400600562639 0.041368493733789126 20.034961099998327
31 0.6240705837232506 0.03468404629527798 26.938462800000707
32 0.6215856646840738 0.03271764341267746 19.96347070000047
33 18.85828102727299
-------------------------------------------------END------------------------------------------------------
-------------------------------------------Krylov LM---------------------------------------------------
651.7788103753413 687.3947663742861
392
0 257.22967087832524 261.4629764276129 29.813832899999397
392
1 257.22967087832524 261.4629764276129 32.31207859999995
2 164.47797909006175 167.08731653744778 0.2064840999992157
392
3 164.47797909006175 167.08731653744778 27.474312499998632
4 164.47797909006175 167.08731653744778 0.18447749999904772
5 39.12791168212585 36.41001243372145 0.1901428000019223
392
6 39.12791168212585 36.41001243372145 27.442033700001048
7 14.943600913773686 13.558154112515782 0.29629060000297613
392
8 13.934320543170388 12.626054640420197 26.132509499999287
392
9 13.934320543170388 12.626054640420197 26.71680439999909
10 5.031419791452549 4.615859914178924 0.18673239999770885
392
11 5.031419791452549 4.615859914178924 28.84513280000101
12 3.193398193580637 2.521370239902469 0.12776990000202204
392
13 2.408117138790057 1.8473246898821025 28.409510400000727
392
14 2.408117138790057 1.8473246898821025 31.643463500000507
15 1.973441857734877 1.403710101706809 0.18414320000010775
392
16 1.8156975152029562 1.2354339362687166 33.02622909999991
392
17 1.7067621079522899 1.136142795906398 35.66758280000067
392
18 1.235618050572757 0.6746416926687637 34.21157229999881
392
19 1.235618050572757 0.6746416926687637 35.88507860000027
20 0.9075189668413379 0.322060744297996 0.1758430000008957
392
21 0.8256546147753652 0.24063610645072317 35.518029099999694
392
22 0.8156142095073993 0.22269039609189503 32.27866939999876
392
23 0.8156142095073993 0.22269039609189503 31.45288100000107
24 0.6922262557953679 0.1000925245908537 0.17828720000034082
392
25 0.680059742341744 0.08821207118756383 30.1328745000028
392
26 0.680059742341744 0.08821207118756383 28.004909499999485
27 0.6540759807690792 0.06289404513530646 0.1762635000013688
392
28 0.6466758286887824 0.05577181613388659 28.37826209999912
392
29 0.6365218149271379 0.04657408239088457 27.722558800000115
392
30 0.6365218149271379 0.04657408239088457 28.299858200000017
31 0.6282518365659407 0.03759165590126277 0.1875413000016124
392
32 0.6248956888805393 0.03474669484721358 29.160538699998142
33 20.32189993636381
-------------------------------------------------END------------------------------------------------------
------------------------------------Reduced subspace LM---------------------------------------------------
651.7788103753413 687.3947663742861
0.9990487740482621 39
0 579.3430822154564 610.5292137481431 0.44995360000029905
0.9991899850890491 39
1 473.87562232425677 498.13832799396425 0.45279170000139857
0.9994790456816047 39
2 356.39502048430614 371.382762687498 0.4567855999994208
0.9997467382948184 39
3 273.61654353805056 279.2291783271728 0.47869770000033895
0.999410858711283 39
4 227.27551382079102 232.28972958575008 1.0846798999991734
0.9532879309350041 39
0.9999987918186997 156
5 220.56261106345164 225.32919841399183 5.680078499997762
0.9653213759294572 39
0.9999927270220259 156
6 220.56261106345164 225.32919841399183 5.685218099999474
0.9653213759294572 39
0.9999927270220259 156
7 208.85882460112495 212.76579428986125 5.542371899999125
0.9908442805387769 39
8 165.9221824148418 168.1757285472137 0.48009880000245175
0.927069290783871 39
0.9999325631290503 156
9 143.73099638572432 144.04833552180773 5.5962117000017315
0.9838916911005839 39
0.9999966292960009 156
10 107.54545417287859 107.50241069971844 5.460999899998569
0.9918806752055014 39
11 57.52100573930845 57.32402945339131 0.4858472999985679
0.9756579807427248 39
0.9999973595198789 156
12 50.80008099267027 50.99944421653897 5.310694100000546
0.9966497216233573 39
13 23.154960697798984 21.601574445413245 0.4327090999977372
0.9528873545048753 39
0.9999997053503681 156
14 18.609501834096008 17.264565638268984 5.376730199997837
0.9742146664578207 39
0.9999996582403315 156
15 17.253214868138574 16.24415259519879 5.297148399997241
0.9924962855866083 39
16 10.187306748898374 9.067346003647025 0.5427916000007826
0.9908955911198425 39
17 7.692650495068197 6.564690452467735 1.0852718999994977
0.8912013613894257 39
0.999999963280837 156
18 6.996927726693185 5.918862197349285 5.340559500000381
0.9857268121608663 39
0.9999999673808878 156
19 5.710519101991522 4.913597778533449 5.340459299997747
0.9962954743327904 39
20 3.1234508378046497 2.368010510562606 0.5209527999977581
0.7593824111957408 39
0.9999999545778074 156
21 2.5881193577860597 1.8888496299044153 5.321998999999778
0.9947625789335356 39
22 2.216778996693478 1.5061910826172498 0.4270759999999427
0.10125934163669784 39
0.9999998487920365 156
23 1.996779461660365 1.3417974918168056 5.348303299997497
0.9985013405789319 39
24 1.6866782138289091 1.0262461451538407 0.4699493000007351
0.04256752049247967 39
0.9999998339568607 156
25 1.570562495655928 0.9294542142445393 5.43861889999971
0.9987001323420919 39
26 1.3287750597563008 0.6911722161194962 0.4444881000017631
0.0044544902254314645 39
0.9999955353659611 156
27 1.2152425914524776 0.5887052859791897 5.54297779999979
0.9875493582462818 39
0.999999995127206 156
28 1.172482075389554 0.5552074461670493 5.368924300000799
0.9974509492492977 39
29 1.085549593979389 0.46191907654570613 0.4413163000026543
0.0033394842087536747 39
0.9999978286680885 156
30 1.0210245077238462 0.40678012140392766 5.526945400000841
0.9917242158777739 39
31 0.999531445398269 0.38083399373195426 0.4748729999992065
0.0003408670523247978 39
0.99997056326672 156
32 0.9429293315498742 0.3319929377299677 5.554405599999882
0.987906438595347 39
0.999999995891786 156
33 0.9047496559303889 0.2991593315853264 5.465904399999999
0.9957619772549873 39
34 0.8745925380542656 0.2642977063900307 0.4745390000025509
0.0011118572894680484 39
0.9999903295697337 156
35 0.8307187762377777 0.2306567603204614 5.2629307999995945
0.9975375142119343 39
36 0.7944376607285025 0.1914317466138267 0.4529294000021764
0.001299845998111727 39
0.9999929798565944 156
37 0.7503779088150525 0.15379787204581793 9.131968899997446
0.9931000599729004 39
38 0.7419468431160869 0.14414564331086213 0.4705073999975866
0.00015074629829104995 39
0.9999624028952486 156
39 0.7411033816452249 0.1538458519849741 5.264831000000413
40 3.199613487499755
-------------------------------------------------END------------------------------------------------------
2
-------------------------------------------Classical LM---------------------------------------------------
599.3325241199411 638.4397171122417
0 179.9169305233625 181.5943042760947 12.5709629999983
1 179.9169305233625 181.5943042760947 15.945504899998923
2 179.9169305233625 181.5943042760947 12.654119700000592
3 56.56567042494202 58.6287624226155 12.56306720000066
4 56.56567042494202 58.6287624226155 12.532296699999279
5 56.56567042494202 58.6287624226155 12.611632399999507
6 27.589877141381532 27.75500446846024 12.639476000000286
7 27.589877141381532 27.75500446846024 12.689641500001017
8 22.27192562152479 22.041828129613997 12.628561300000001
9 15.226122952828185 14.864833736289498 12.74901139999929
10 15.226122952828185 14.864833736289498 13.060160399996676
11 10.509918773609975 9.767562403099387 19.738108599998668
12 5.5058214030085075 4.623728639391928 12.729625899999519
13 3.9927675969999306 3.246010835485057 12.634349299998576
14 3.4873131639458093 2.75086677967369 14.303639800000383
15 3.4873131639458093 2.75086677967369 12.72550720000072
16 2.1631182663935293 1.490201386854208 19.8456342999998
17 2.035680585549925 1.455377501323135 12.652385499997763
18 2.035680585549925 1.455377501323135 12.64197029999923
19 1.6173549529159719 1.049156029624009 19.22211420000167
20 1.170050229781236 0.5830852942269581 19.847111799997947
21 1.0318187294952135 0.44131138374230444 12.695972499997879
22 1.0318187294952135 0.44131138374230444 12.819575100002112
23 0.8585335180512788 0.2637350661202978 18.897582800000237
24 0.8270795157452591 0.2322213775418628 12.583450299996912
25 0.8270795157452591 0.2322213775418628 12.546807899998385
26 0.7778783288404852 0.1821192788081464 19.854646399999183
27 0.7565190785831503 0.1578758027864998 25.075164800000493
28 0.7546210501054579 0.1519959322713505 24.931196600002295
29 0.7546210501054579 0.1519959322713505 22.96543990000282
30 0.7111321880703546 0.11722173034805103 12.5076756999988
31 0.7000450632803519 0.10483018895464696 12.522571599998628
32 0.6886620359001677 0.09166907745377403 14.893641500002559
33 0.6886620359001677 0.09166907745377403 15.349608000000444
34 0.6744365407114552 0.08019800084139596 12.510936499998934
35 0.6744365407114552 0.08019800084139596 12.560905899998033
36 0.6703918165847854 0.07608552445222053 12.568516400002409
37 14.98023171081051
-------------------------------------------------END------------------------------------------------------
-------------------------------------------Krylov LM---------------------------------------------------
599.3325241199411 638.4397171122417
392
0 179.91704743794884 181.59491025363673 16.56628609999825
392
1 179.91704743794884 181.59491025363673 16.683490899999015
2 179.91704743794884 181.59491025363673 0.1485766000005242
3 56.569369637501126 58.631727987374575 0.09857980000015232
392
4 56.569369637501126 58.631727987374575 16.674855199999
5 56.569369637501126 58.631727987374575 0.15349589999823365
6 27.58983842999727 27.75545547327993 0.1084980000014184
392
7 27.58983842999727 27.75545547327993 16.70560249999835
8 22.271504126172587 22.041423657247904 0.1086503000005905
392
9 15.228805198643627 14.8678786397564 16.654353099998843
392
10 15.228805198643627 14.8678786397564 16.594434600003297
11 10.511161633162805 9.768728629671116 0.14892320000217296
392
12 5.506124966181083 4.624134064893773 16.62356759999966
392
13 3.9936943811003482 3.246884155800328 16.599894699997094
392
14 3.4860189333300005 2.7494429152652557 16.55834120000145
392
15 3.4860189333300005 2.7494429152652557 16.626117600000725
16 2.1635446619509016 1.4904405900275577 0.11720339999737917
392
17 2.035558922418463 1.4551024641479728 16.60091349999857
392
18 2.035558922418463 1.4551024641479728 16.662498499998037
19 1.616848990797768 1.0485814288581217 0.11530789999960689
392
20 1.1696925780203054 0.5826695149410624 16.54403209999873
392
21 1.0295033903341269 0.43921097273761417 16.645439399999304
392
22 1.0295033903341269 0.43921097273761417 16.649319700001797
23 0.8585679366524981 0.26391359696237715 0.09951830000136397
392
24 0.8267535022974649 0.2319741636148432 16.614023899997846
392
25 0.8267535022974649 0.2319741636148432 16.693852700002026
26 0.777833302670906 0.18205421933593727 0.13875259999986156
392
27 0.7566522826547978 0.1579197060611054 16.73992350000117
392
28 0.7554342234358261 0.15251632381860122 16.63274789999923
392
29 0.7551253507263528 0.15131745508060318 18.234121000001323
392
30 0.6953415172777293 0.09635591649416939 22.820901800001593
392
31 0.6953415172777293 0.09635591649416939 17.33507070000269
32 0.6953415172777293 0.09635591649416939 0.11832809999759775
33 0.6668054958437472 0.07110873674675516 0.14348030000110157
392
34 0.6663962507182201 0.070671137656028 16.721496200003457
35 11.219445680000042
-------------------------------------------------END------------------------------------------------------
------------------------------------Reduced subspace LM---------------------------------------------------
599.3325241199411 638.4397171122417
0.9996107554738866 39
0 535.3926336851425 569.0266085324797 0.46300590000100783
0.9996842373296593 39
1 442.96918826951145 468.23842924214154 1.074632500000007
0.9996860116589971 39
2 341.5157263251788 357.32836045925245 0.4888167999997677
0.9997345040977108 39
3 268.7780097884 275.90275907509056 0.46084869999685907
0.9994846116770144 39
4 225.30533744295883 229.28408486851498 1.0623059999998077
0.9764093093601898 39
0.9999987369444855 156
5 222.08878150172663 223.92756211463913 6.807234300002165
0.9695263968718734 39
0.9999828980571508 156
6 213.2881711278636 214.38645097695164 7.720534799998859
0.876108904968788 39
0.9993555946554861 156
7 129.1979859968923 129.83022866524055 9.231675799997902
0.8576469995182785 39
0.9978675243464572 156
8 119.905242693991 120.45748948820008 6.539505400000053
0.9572959186608169 39
0.9996766294759777 156
9 54.476278481821154 54.217481064133054 5.717026899998018
0.983922147312488 39
0.999928618944096 156
10 29.176972033159075 29.633906457150164 5.994993699998304
0.9891246435656738 39
0.9999625782807369 156
11 12.618715710068178 12.723769155352231 5.881405000000086
0.9973758416910883 39
12 5.7698608122724675 5.340914591534933 0.5031201999991026
0.7100572496906737 39
0.9999990554509196 156
13 4.488724764798779 4.070683883833448 6.451569000004383
0.976801112003013 39
0.9999995200478834 156
14 3.762215248051037 3.297289191788872 6.316189800003485
0.9955484087782344 39
15 3.119222787392049 2.6449797005558695 0.570029099995736
0.42936946145398597 39
0.9999998045629185 156
16 2.5453094161738394 2.0590167040545886 6.2550001999989036
0.9836000387075133 39
0.999999980937083 156
17 2.1660834838295386 1.6559981258651038 6.265577099999064
0.9959654502540215 39
18 1.9044550041284514 1.3645829203071926 0.537311399995815
0.31528687988651 39
0.9999998480886241 156
19 1.6159406890103913 1.072088611797778 6.993953400000464
0.994395199301977 39
20 1.5665495377563365 1.0254890498843499 0.5936004999966826
0.015983083691767416 39
0.9999893720463311 156
21 1.3769746659362383 0.8245915881828735 6.077392999999574
0.9973432931087433 39
22 1.3241296471447452 0.7802736154037093 0.535890200000722
0.022561314517626732 39
0.9999891585181736 156
23 1.1717739488265044 0.6275024450973824 6.002933499999926
0.9953528388486582 39
24 1.1429838113350141 0.594964877016666 0.6528031999987434
0.005198928736443299 39
0.9999447242747488 156
25 1.1419394975738166 0.604693494584517 5.913426699997217
0.9979785055257836 39
26 0.9163494999441311 0.35282515816160753 0.8766251999986707
0.05463557435905699 39
0.9999991747623633 156
27 0.8478174626154512 0.27107650264292055 6.057621500003734
0.997348381467875 39
28 0.7819199105595924 0.20361443388088865 1.2142239999957383
0.005752387802566092 39
0.9999958573755268 156
29 0.7361908923374998 0.14866820042675044 6.300531299995782
0.9988520042653429 39
30 0.7154284155859353 0.12515929663440872 1.107460599996557
0.0013303706316056126 39
0.9999832604222976 156
31 0.7022067714630881 0.109064080178718 6.3471829000045545
0.999644418376461 39
32 0.6808592607688475 0.08456904818912808 0.9871147999947425
0.005893542273490724 39
0.9999972919272672 156
33 0.6669873824362854 0.06924069793831689 6.286750899998879
0.9974566158104222 39
34 0.660703330060815 0.06285664688142793 1.7820472000021255
0.0017294821437238393 39
0.999972110986306 156
35 0.6548222461651189 0.06091316896014601 6.039584600002854
0.9992663975975732 39
36 0.6479109549221397 0.05230490224136711 1.0945084999984829
0.0017717096872100436 39
0.9999920598646858 156
37 0.6431541016855884 0.047702976748931605 7.445407899998827
38 3.9644695394729896
-------------------------------------------------END------------------------------------------------------
3
-------------------------------------------Classical LM---------------------------------------------------
606.7482737017061 642.3595592715828
0 606.7482737017061 642.3595592715828 23.706458599999678
1 305.36967881021087 305.9872662853282 23.14030610000009
2 305.36967881021087 305.9872662853282 26.92714630000046
3 305.36967881021087 305.9872662853282 17.968047600001228
4 279.96248647631955 285.23354146223517 14.259654900000896
5 140.02251983423204 148.86163490422504 16.52143849999993
6 140.02251983423204 148.86163490422504 23.7647735999999
7 42.13458749589885 41.67313063357112 16.653591199999937
8 42.13458749589885 41.67313063357112 23.036304899998868
9 40.29593285381301 41.04019166099535 18.102987800000847
10 20.2967780097667 20.20629641248705 18.870066600000428
11 20.2967780097667 20.20629641248705 15.13487239999995
12 8.136357303377121 7.186136842751509 17.948538999999073
13 8.136357303377121 7.186136842751509 21.305151799999294
14 3.733519900393655 2.9265394226731742 12.718258500000957
15 2.7900262147709283 2.0975992175041465 13.216212199999063
16 2.7900262147709283 2.0975992175041465 29.179820599998493
17 2.1678253783016634 1.4355096399305378 14.276816899999176
18 2.0143295766702964 1.2817423090588769 21.72401919999902
19 1.8516080912116093 1.1408082880356343 25.76467909999883
20 1.8516080912116093 1.1408082880356343 25.59864809999999
21 1.2532889724247605 0.5665271198743705 20.66045739999936
22 1.1868348196489096 0.5007614527161501 25.73335220000081
23 1.079518823522675 0.417561667757206 23.969382999999652
24 0.9523227036699323 0.32654532594873253 16.588499800000136
25 0.9523227036699323 0.32654532594873253 12.54744859999846
26 0.8319971726689358 0.20418279327547378 17.183537900000374
27 0.8072555351475048 0.1894728910811691 18.916839299999992
28 0.7806195630879308 0.17396569072746712 12.537667900000088
29 0.7806195630879308 0.17396569072746712 12.489210399999138
30 0.7311365881795702 0.12452285206337502 19.441535199999635
31 0.7311365881795702 0.12452285206337502 15.206265200000416
32 0.7123269931276294 0.10538136736514973 16.78236459999971
33 0.7056993447078681 0.1012686244152547 21.023939099999552
34 0.6983461311873593 0.09615895196354199 20.611742299999605
35 0.6941545323271836 0.09321738928172572 22.464308399999936
36 19.332620699999804
-------------------------------------------------END------------------------------------------------------
-------------------------------------------Krylov LM---------------------------------------------------
606.7482737017061 642.3595592715828
392
0 606.7482737017061 642.3595592715828 26.437587500000518
1 305.36967881281674 305.98726628763274 0.18455510000057984
392
2 305.36967881281674 305.98726628763274 28.19769289999931
3 305.36967881281674 305.98726628763274 0.17752069999914966
4 279.9624864878902 285.2335414769352 0.17252899999948568
392
5 140.02251985837725 148.86163493494038 32.84482829999979
392
6 140.02251985837725 148.86163493494038 33.07985800000097
7 42.13458746930504 41.673130612807626 0.2732533999987936
392
8 42.13458746930504 41.673130612807626 32.592882900000404
9 40.2959328235493 41.040191622555405 0.2566002000003209
392
10 20.296778038279175 20.20629650332204 29.432281100002
392
11 20.296778038279175 20.20629650332204 29.860184999997728
12 8.136357599656593 7.186137158297069 0.24221920000127284
392
13 8.136357599656593 7.186137158297069 27.16905560000305
14 3.733519856341256 2.9265393858218833 0.25151659999755793
392
15 2.790026187178165 2.097599170789521 27.923993000000337
392
16 2.790026187178165 2.097599170789521 25.645875199999864
17 2.167825387654171 1.435509647502268 0.2771372999995947
392
18 2.014329538465992 1.281742276402058 23.298758600001747
392
19 1.8516064135972687 1.1408067427346313 21.05270489999748
392
20 1.8516064135972687 1.1408067427346313 20.312946699999884
21 1.2532889896199528 0.5665271362005218 0.26860600000145496
392
22 1.1868347501036733 0.5007613690748799 22.72742339999968
392
23 1.0795053960072916 0.4175481122209047 21.34353589999955
392
24 0.9523431106464774 0.3265726489921918 18.338219400000526
392
25 0.9523431106464774 0.3265726489921918 19.72168800000145
26 0.831998652960618 0.2041770928892946 0.2875090999987151
392
27 0.8072837303906272 0.18950405783261243 18.647111800000857
392
28 0.7821010235035953 0.17557731683622432 19.006771200001822
392
29 0.7821010235035953 0.17557731683622432 19.89934959999664
30 0.7312086757656416 0.12462487632239719 0.1782634999981383
392
31 0.7312086757656416 0.12462487632239719 20.96152230000007
32 0.7123435091805909 0.10542907328065004 0.18158699999912642
392
33 0.7057199365837776 0.10130532510682017 20.761862499999552
392
34 0.6984258845871514 0.0962364559567035 19.638776099996903
392
35 0.6944215003967258 0.09349258766690624 21.724945399997523
36 16.204754233333105
-------------------------------------------------END------------------------------------------------------
------------------------------------Reduced subspace LM---------------------------------------------------
606.7482737017061 642.3595592715828
0.9998161332803772 39
0 541.8252140123246 573.7401196943093 0.5164224000000104
0.9998540045508403 39
1 447.6654472389141 473.45915438829223 0.4500597000005655
0.9998785024067712 39
2 343.64259258283516 360.99581667864345 0.46055730000080075
0.9998641320904398 39
3 262.2737525605216 270.1186633106338 0.48392149999926914
0.9991823471932143 39
4 184.39498171766846 187.6117406201242 0.5612891000018863
0.9609746340164566 39
0.9999905662689476 156
5 163.32940870903414 164.84490143825963 10.496845999998186
0.9491384870748338 39
0.999992230046475 156
6 152.8004020371148 152.96398891199368 5.438548499998433
0.985922898655598 39
0.9999970698788344 156
7 151.58748528910183 154.9577006000008 5.751603600001545
0.9958547292141184 39
8 64.17800462629997 61.62724963641535 0.8248745999990206
0.96266962591727 39
0.9999962392453362 156
9 52.13785338863146 50.53969284166777 11.970049100000324
0.9663138130960773 39
0.9999926003301051 156
10 43.78627953831563 42.28283513258256 5.624027000001661
0.9959670664645612 39
11 25.1180796842815 24.873140453711997 0.7455174999995506
0.9878340337978325 39
0.9999992981364444 156
12 18.352240062384958 18.086148470510423 5.630961099999695
0.9942130664037987 39
13 9.824783785833175 9.105082770040216 0.7708679999996093
0.9917983783772397 39
14 7.938343829513251 7.0703397398014145 0.4559143000005861
0.8943199327627487 39
0.9999997722546154 156
15 6.839399799062989 6.048629568638885 5.338773300001776
0.9863866504752576 39
0.9999994291186877 156
16 6.403749508272502 5.792352186232092 5.318601800001488
0.9963875993220971 39
17 3.3121981900105384 2.5153367795004025 1.1060164000009536
0.7340141063833553 39
0.9999999432534428 156
18 2.693484891735317 2.0152656225000753 5.387326299998676
0.9929376575225654 39
19 2.29267159601697 1.548307750154648 0.49444059999950696
0.18617394592390837 39
0.9999998894609753 156
20 1.7781056509873192 1.1033657411519642 5.223516800000652
0.9858111241224836 39
0.9999999784599589 156
21 1.562162204117883 0.9327594405425745 5.305478199999925
0.9978235842583899 39
22 1.2832362554582912 0.6294841689541706 0.4474210000007588
0.15153312884450781 39
0.999999945192479 156
23 1.1564196560291908 0.5318335999217295 5.364277199998469
0.9982231694100873 39
24 1.0540759616502928 0.4176611155660911 0.46071519999895827
0.01665057118079044 39
0.999999021652641 156
25 1.0113505216098988 0.38627878975187363 5.260290100002749
0.9990224464259567 39
26 0.9160265345413391 0.29110466472016044 0.4717357000008633
0.014812194412266376 39
0.9999990111024404 156
27 0.883490795935046 0.26339310904627716 5.392946299998584
0.9989884965522869 39
28 0.8300482320624837 0.2139874429950716 0.42657020000115153
0.009061219291792579 39
0.9999988093685942 156
29 0.8186632397853053 0.20432359073258022 5.5032036999982665
0.9992436882017462 39
30 0.7737022085721754 0.16431003984753142 0.4830971999981557
0.010381384659239526 39
0.9999990564652804 156
31 0.7557075097427002 0.14710758889575096 5.463886599998659
0.998753163930365 39
32 0.7354479276237226 0.13015990774721564 0.7723609999993641
0.006800434806056217 39
0.9999988326049113 156
33 0.7134715204869361 0.10885931508686456 5.490559900001244
0.9945811460023322 39
34 0.7078025932797558 0.10469569893609716 0.4900108000001637
0.0011301695882060358 39
0.9999927625287944 156
35 0.6900291854152154 0.08682029802255889 5.272923000000446
0.986039280991318 39
0.9999999870671895 156
36 0.6783130999930783 0.07585847996821296 5.315843399999721
0.9944535159656345 39
37 0.6722337538546123 0.0702305473213824 0.7908669999997073
0.0005668801414522339 39
0.9999834478496705 156
38 0.6701820445257507 0.06945651125136199 8.564992999999959
39 3.444290112820547
-------------------------------------------------END------------------------------------------------------
4
-------------------------------------------Classical LM---------------------------------------------------
593.2992005392146 630.6006441625367
0 593.2992005392146 630.6006441625367 16.969950800001243
1 249.32805746217804 253.2184727997337 17.574446999999054
2 249.32805746217804 253.2184727997337 26.02619290000075
3 188.61465696598484 191.4295497040593 22.489698000001226
4 188.61465696598484 191.4295497040593 23.418817499998113
5 36.228728092351844 34.88276747699179 13.552233300000808
6 36.228728092351844 34.88276747699179 14.923198199998296
7 17.424748414832177 16.444999643129005 12.574345100001665
8 13.506180479247856 12.008935733798427 16.482148300001427
9 10.784105490420075 10.336742035830516 21.055225600000995
10 9.534875696748799 9.244151365624324 23.8734500999999
11 9.534875696748799 9.244151365624324 27.00239579999834
12 2.78679982228343 2.1512636833410523 19.972188100000494
13 1.4565695535334735 0.8568876526789434 25.354891800001496
14 1.4565695535334735 0.8568876526789434 19.909354399998847
15 0.7546128482849178 0.15391050816760304 19.823318700000527
16 0.7491334984113389 0.15762702054121186 19.751156499998615
17 0.7491334984113389 0.15762702054121186 26.300464799998736
18 0.6430458960326341 0.0495247832137094 16.511281800001598
19 0.6380940429724795 0.045306915435182865 12.58134080000309
20 0.6380940429724795 0.045306915435182865 27.496512099998654
21 0.6293389870744733 0.03580374006805198 12.595210699997551
22 0.6269158418981908 0.03433377689887022 12.926798899999994
23 0.6256718717808035 0.0347866810804815 19.906075599999895
24 0.6256718717808035 0.0347866810804815 26.876610899998923
25 0.6207448115618884 0.030581436069211945 12.87905469999896
26 0.6191939317321913 0.030439225894723698 12.509072100001504
27 0.6185337630049634 0.031908995389440226 15.755898100000195
28 0.6185337630049634 0.031908995389440226 18.56121180000264
29 0.615002185194139 0.0294108819969692 12.551648900000146
30 0.61374800971402 0.029771703808899184 12.466851499997574
31 18.731324025806494
-------------------------------------------------END------------------------------------------------------
-------------------------------------------Krylov LM---------------------------------------------------
593.2992005392146 630.6006441625367
392
0 593.2992005392146 630.6006441625367 16.377831299996615
1 249.32805746469748 253.2184728024504 0.13984209999762243
392
2 249.32805746469748 253.2184728024504 16.847920199998043
3 188.61465693643467 191.4295496749499 0.11594619999959832
392
4 188.61465693643467 191.4295496749499 23.22675900000104
5 36.228728088229786 34.88276747205129 0.10848339999938617
392
6 36.228728088229786 34.88276747205129 27.006273200000578
7 17.42474841951685 16.444999649609006 0.1348863999992318
392
8 13.50617253224024 12.008929911343603 29.920010800000455
392
9 10.767072258996953 10.32086162357853 28.813362400000187
392
10 8.720972240675103 8.396600794513496 32.20933829999922
392
11 5.895761366931767 5.1158423341803 32.437623099998746
392
12 4.631132899347617 3.953328920122639 28.143624699998327
392
13 1.594861839530903 1.0110623546641198 27.340705599999637
392
14 1.574318854645833 0.9834606460452 27.5792720999998
392
15 1.2511069208495162 0.6153892166536868 27.57189080000171
392
16 0.9391407629220452 0.33446379055788916 28.544064800000342
392
17 0.8111401636400455 0.20557059198345637 27.84296119999999
392
18 0.6387743542932872 0.04611915152546993 28.308579200001986
392
19 0.6387743542932872 0.04611915152546993 29.01870710000003
20 0.6387743542932872 0.04611915152546993 0.17829210000127205
21 0.6387743542932872 0.04611915152546993 0.17570279999927152
22 0.6347952893930899 0.043713688790366745 0.13721049999730894
392
23 0.6170517715976493 0.03051984757010965 16.988833200000954
392
24 0.6170517715976493 0.03051984757010965 16.928629800000635
25 0.6165189286417875 0.030140498942355903 0.1478190000016184
392
26 0.6134573870744604 0.029044874736598572 16.871416999998473
392
27 0.6134573870744604 0.029044874736598572 16.88465609999912
28 0.612683152172478 0.029098919487262804 0.13711260000127368
392
29 0.6112545804592975 0.029065224653930494 16.843876700000692
392
30 0.6112545804592975 0.029065224653930494 20.599073899997165
31 0.610576333399983 0.029258740526586592 0.12114500000097905
32 16.80318283124973
-------------------------------------------------END------------------------------------------------------
------------------------------------Reduced subspace LM---------------------------------------------------
593.2992005392146 630.6006441625367
0.9998297270791752 39
0 530.6860847324213 564.0123112156244 1.0445032999996329
0.9998448873559694 39
1 439.93967712725913 466.85757912785175 0.8772042999989935
0.9998663832133902 39
2 340.0288049823972 358.32770204317717 0.470807199999399
0.9998772042189563 39
3 265.13653926981897 274.14444790512897 0.4615209999974468
0.9993296153691648 39
4 199.90353552967485 202.96919555591825 1.0670156000014686
0.9523724957604764 39
0.9999970808722273 156
5 177.6545736705841 181.36927177731985 5.676275600002555
0.9381570963120005 39
0.9999704814075001 156
6 176.43474514653738 176.98975240268447 5.44412100000045
0.9921438524503092 39
7 88.96084317140713 88.84531890895065 0.44087969999964116
0.9483001879467576 39
0.9999873005990917 156
8 74.42835033296214 74.1518413797763 5.630444999998872
0.976739493445513 39
0.9999920251657154 156
9 61.77456640900229 61.94665519095419 5.370235099999263
0.9949189201878617 39
10 39.20913153452809 38.69328646231093 0.4789497999990999
0.9862904777257913 39
0.9999932405603238 156
11 28.655413067703332 27.80735715124722 5.442443500000081
0.9951307768489478 39
12 17.48083780908899 16.540152526189488 0.45562449999852106
0.8592148457737325 39
0.9999996959243203 156
13 14.168277074128488 13.377188336670631 5.309476200000063
0.9734143969612573 39
0.9999992663912697 156
14 12.697913134254469 12.146052922455201 5.296907799998735
0.9946818743521408 39
15 6.519021859683661 5.681962432531234 0.4814355999988038
0.9351253822981078 39
0.9999998728491982 156
16 6.137539287304196 5.583928497703393 5.480514999999286
0.9963666552849042 39
17 4.129949892796734 3.2976806663253067 0.4745026000018697
0.7011711093513995 39
0.9999999657282151 156
18 3.071853632762434 2.399658685019578 5.3946658999993815
0.9858789849565325 39
0.9999999606366486 156
19 2.555734382232627 2.041244644161722 5.386599499997828
0.9995979717750574 39
20 1.3489212684106284 0.7101558143602278 0.44997700000021723
0.6570291187609046 39
0.9999999751151241 156
21 1.3360394539182703 0.7194939964600748 5.018542300000263
0.9957652335240907 39
22 0.956202072632881 0.33136336835815494 0.5019732000000658
0.32801401195373825 39
0.999999962306305 156
23 0.8659700529837739 0.2537714755727349 5.247303500000271
0.9369571815669818 39
0.9999999807687884 156
24 0.8099901265919172 0.20568514204202912 5.410151199997927
0.9959830783677116 39
25 0.7850790815575931 0.17748608427492932 0.48639559999719495
0.01498371410051128 39
0.9999992274060163 156
26 0.7668569348173144 0.16548095832116133 5.24863170000026
0.9988413978655186 39
27 0.7394215159688894 0.13537975622452134 0.45153519999803393
0.0011935588193057478 39
0.9999483614867363 156
28 0.7245083104974536 0.12245950517956714 5.587182899998879
0.9908489419371803 39
29 0.7219714882513183 0.11900598041007121 0.5027316000014252
4.113426155316731e-05 39
0.9987906179726569 156
30 0.7092611820427587 0.10782861057185797 5.640801899997314
0.9895253894042964 39
0.9999999942172721 156
31 0.7083559852359974 0.1095417488559469 5.412748200000351
32 3.1450657031244873
-------------------------------------------------END------------------------------------------------------
5
-------------------------------------------Classical LM---------------------------------------------------
603.5460341652632 645.4336322207994
0 539.2491828026324 539.6115914110704 12.540279299999384
1 539.2491828026324 539.6115914110704 12.586360799999966
2 242.17925416063568 244.03871132173833 12.693287199999759
3 242.17925416063568 244.03871132173833 12.664496000001236
4 238.43275480334518 244.6591782480025 12.952737999999954
5 54.387550667776445 56.08633407855584 13.327298899999732
6 54.387550667776445 56.08633407855584 12.582181699999637
7 54.387550667776445 56.08633407855584 12.580692399998952
8 19.45382268780196 19.00390043101587 12.580367700000352
9 19.45382268780196 19.00390043101587 12.694701800002804
10 8.176594896320116 7.774087259750978 12.707991200000833
11 8.126239699256281 7.9198949180557285 12.846043199999258
12 7.0833745244535224 6.199702402117136 12.683716799998365
13 7.0833745244535224 6.199702402117136 13.086513700000069
14 3.4223655150071033 2.8233097825349702 16.29370910000216
15 2.45405981724828 1.75128619690236 12.721737400002894
16 2.45405981724828 1.75128619690236 12.667614900001354
17 1.1272894048869682 0.5654531159519773 12.658953300000576
18 1.0762399690714832 0.513468186727805 12.669692399998894
19 0.8157983259606791 0.23706255613675 19.411280799999076
20 0.7940124484330962 0.20697459814968977 19.839499400000932
21 0.7847409762814891 0.1940463111729287 13.42461899999762
22 0.7352699654843247 0.14504260226362783 12.569124800000282
23 0.7352699654843247 0.14504260226362783 12.415786099998513
24 0.6258216412747554 0.04048453345066674 13.066777000000002
25 0.6258216412747554 0.04048453345066674 12.654281699997227
26 0.6194823031741163 0.03520364556565265 12.730777999997372
27 0.6181878619771906 0.035226392201982135 12.625675400002365
28 0.6181878619771906 0.035226392201982135 12.515472999999474
29 0.6163948634866394 0.034214454993181334 17.893557399998826
30 0.6152299860008771 0.034151961227867116 19.687542499999836
31 13.68944422258057
-------------------------------------------------END------------------------------------------------------
-------------------------------------------Krylov LM---------------------------------------------------
603.5460341652632 645.4336322207994
392
0 539.2511703824042 539.6130796327393 19.34217020000142
392
1 539.2511703824042 539.6130796327393 20.062167399999453
2 242.2547375008258 244.1723467297986 0.152791000000434
392
3 242.2547375008258 244.1723467297986 16.86626460000116
4 234.47950004804918 240.4258838641409 0.11948689999917406
392
5 61.864742316580816 63.71659393835826 16.830707000000984
392
6 61.864742316580816 63.71659393835826 17.19522439999855
7 61.864742316580816 63.71659393835826 0.1156684999987192
8 18.676952774781483 18.36094860431785 0.13617410000006203
392
9 18.676952774781483 18.36094860431785 16.876348199999484
10 7.855742465980712 7.522356577908162 0.13202740000269841
392
11 6.860983968751156 6.577201413574505 16.868244299999787
392
12 6.860983968751156 6.577201413574505 16.881569100001798
13 3.0631012876438244 2.418340026242803 0.14997159999984433
392
14 3.0178605574063497 2.551959878729595 17.208480299999792
392
15 3.0178605574063497 2.551959878729595 17.033021900002495
16 1.6101150237982502 1.076332857556471 0.09670130000085919
392
17 1.3598859792834879 0.8153346149758199 16.89086529999986
392
18 1.1256307284260227 0.5810972612066369 16.850922500001616
392
19 1.1214911328157753 0.5559896346869488 16.83719790000032
392
20 1.1214911328157753 0.5559896346869488 17.120852000000014
21 0.7510434850333266 0.17751149741986524 0.14841809999779798
392
22 0.7510434850333266 0.17751149741986524 17.307853900001646
23 0.723257858937439 0.1453730270235202 0.13942530000349507
392
24 0.7063940852765401 0.12518957757793436 16.819050099999004
392
25 0.6898194986271783 0.10454830771269 16.886412799998652
392
26 0.6880617922777036 0.09814043441631509 16.822758700000122
392
27 0.6880617922777036 0.09814043441631509 16.838109799999074
28 0.6546569825064728 0.07097797564375277 0.1468049000031897
392
29 0.6501039818741893 0.0658206964820208 17.007018099997367
392
30 0.6501039818741893 0.0658206964820208 17.198585100002674
31 0.6405980357468203 0.05795630009335097 0.10098529999959283
392
32 0.6369647794773188 0.05391726290215567 16.898126399999455
33 11.517588012121534
-------------------------------------------------END------------------------------------------------------
------------------------------------Reduced subspace LM---------------------------------------------------
603.5460341652632 645.4336322207994
0.9997879559757217 39
0 538.6157024887199 574.6443508841666 0.49328109999987646
0.9998321571975132 39
1 444.32008546659443 471.3436808385425 0.4823526000000129
0.9998938486174078 39
2 340.35122111336545 357.2969151740327 0.5856416000024183
0.9998486575107461 39
3 261.60847406631837 268.0552590500801 1.0840977000007115
0.9989947513109317 39
4 200.27933411900605 204.1887501930792 1.0639077000014368
0.970105216099151 39
0.9999942243279633 156
5 176.4829033010438 178.7934025306015 6.009447699998418
0.9790453120158871 39
0.999972349804463 156
6 160.45510589165613 162.5731901846503 9.898348099999566
0.9613883727326589 39
0.999996474742484 156
7 151.34883180161086 153.8796203046566 8.244259499999316
0.9804784785805207 39
0.9999980796816713 156
8 135.7796699108893 137.3928855379121 5.508229499999288
0.9888861683651531 39
0.9999980356630219 156
9 115.03656324999551 116.1243996138045 5.605394000001979
0.9967982312913964 39
10 57.90044553190989 57.316867663531475 1.231937199998356
0.9845004738390032 39
0.9999998604402579 156
11 46.07649274413334 45.461896596001125 9.364582900001551
0.9722053527911287 39
0.9999994930816947 156
12 34.78747899371919 34.90607369468741 10.191619500001252
0.9940216597754755 39
13 16.81010196576329 16.39993673669693 0.5785742000007303
0.9763127852662769 39
0.999999876715394 156
14 14.053058212594065 13.494547110937882 6.0903971000007004
0.9985181205439065 39
15 9.026742526072177 8.221665777700057 0.619969300001685
0.873431954038993 39
0.9999999506418872 156
16 7.195419421272906 6.335590720271459 6.8786655999974755
0.9897011271893994 39
0.9999999587853206 156
17 6.558023583773564 5.866801190967642 5.985105799998564
0.9979655414192647 39
18 3.7763467611206814 2.9305807474511902 0.6145999000000302
0.837606902949335 39
0.9999999904331965 156
19 2.893543364892339 2.14580155272566 7.380955799999356
0.9915656314522376 39
20 2.6240512646440215 1.8149286272196383 0.71811510000407
0.18807515329916655 39
0.9999999691278587 156
21 2.347248315144212 1.6370311269805966 6.162289300002158
0.9989773995285107 39
22 1.8673336085432317 1.1162903787700253 0.6062340999997105
0.26902038761185915 39
0.9999999828493332 156
23 1.6833111680646646 0.9670000773487446 6.2516354999970645
0.9951376065078564 39
24 1.6221180117286522 0.8949006727777683 0.7912471000017831
0.0031874722033836756 39
0.9999980294853643 156
25 1.571461566720766 0.8973706958777627 6.658098699997936
0.9992362687381382 39
26 1.2639182169991443 0.5769211114638984 0.5442699999985052
0.08752533284961386 39
0.9999999421263622 156
27 1.1107763701239812 0.45400826286879986 5.8138324999963515
0.9976942055865222 39
28 1.0453312758712956 0.38664859511686733 0.5292295000035665
0.004003531562329249 39
0.9999977717931202 156
29 0.9337717775473008 0.2933969216996934 6.006965000000491
0.9961897822319689 39
30 0.9104134891623026 0.27071828108762713 0.6952238000012585
0.0004354091506648862 39
0.9999738348899154 156
31 0.8381325375470687 0.2087423258391725 6.136125700002594
0.9953192719427155 39
32 0.8261910800413736 0.19746686546069772 1.1591676000025473
0.00012231063723707651 39
0.999787299710589 156
33 0.780482494666257 0.15764225852764735 8.700295800001186
0.9956859887367652 39
34 0.772490468347668 0.1506318410942334 1.1742167999982485
6.623274910666156e-05 39
0.9994265291925317 156
35 0.7436091584658026 0.12546519272688295 6.250602100000833
0.9969154040392495 39
36 0.7368986517752764 0.11988819630193484 0.7603630000012345
6.787165753224823e-05 39
0.9996389571916994 156
37 0.719564026159501 0.10501398445330372 6.135792199995194
0.998185452003362 39
38 0.7119182763265413 0.09865530021232215 0.8968064000000595
0.00013449482135884986 39
0.9998221836172643 156
39 0.7022516229793128 0.09026820657070328 9.472199499999988
0.9986407650938232 39
40 0.6935495315260354 0.08313194625071302 0.8513692999986233
0.00027072520287458576 39
0.9999388810686233 156
41 0.6865716780499039 0.07675655246678889 6.164059499998984
0.9982236739553482 39
42 0.6797340757609772 0.07119184771090453 0.8856152000007569
0.00029377587226576095 39
0.9999318365743552 156
43 0.6727022019251592 0.06520481403621174 9.6848400999952
0.9951274494161636 39
44 0.6693122106056445 0.06214989627427887 0.5671825000026729
45 4.033936513333416
-------------------------------------------------END------------------------------------------------------
6
-------------------------------------------Classical LM---------------------------------------------------
598.0743021761541 634.7882883798769
0 317.3889453744474 328.7137367794112 25.650636000000304
1 317.3889453744474 328.7137367794112 28.740538600000946
2 317.3889453744474 328.7137367794112 19.241402599998764
3 312.89049220546644 321.8714619845155 17.821156199999677
4 158.05422644931312 163.3370861892402 18.779784099999233
5 158.05422644931312 163.3370861892402 26.31298919999972
6 57.45289592546596 61.03676330598184 19.688213100000212
7 57.45289592546596 61.03676330598184 25.499564600000667
8 45.53596315020143 46.12359460715641 19.835396200000105
9 45.53596315020143 46.12359460715641 19.308833400000367
10 33.53901469592939 30.943730992805236 12.647169799998665
11 28.781631053567864 28.378784622596545 19.729530099999465
12 27.43031116228894 24.95257324287932 22.085787599999094
13 23.937461522161023 23.793690524780484 25.43563879999965
14 23.937461522161023 23.793690524780484 29.51351269999941
15 22.15053062021939 22.849024419180793 26.11995410000054
16 22.15053062021939 22.849024419180793 24.92012319999958
17 11.036649312251816 10.908584332971346 14.098529699998835
18 3.800794018181059 2.969579370345341 22.84740000000056
19 3.800794018181059 2.969579370345341 25.242779399999563
20 3.069944070820866 2.5495913481185437 19.731363599999895
21 1.8263058214024677 1.0807755434408706 26.74803729999985
22 1.8263058214024677 1.0807755434408706 23.31352980000156
23 1.8263058214024677 1.0807755434408706 15.671721299999263
24 1.8263058214024677 1.0807755434408706 12.310373700000127
25 1.5067373522971643 1.0092556093998037 12.267361599999276
26 1.2048090929849946 0.6276123535334628 12.307773800001087
27 1.2048090929849946 0.6276123535334628 12.38478159999977
28 1.1447793932479329 0.5977745288268889 12.32742320000034
29 1.0718275223070366 0.49714930289667164 12.355900499998825
30 1.0460688124986117 0.4821379568218333 12.466227699998853
31 1.0460688124986117 0.4821379568218333 18.394215500000428
32 1.0154532917081855 0.43507409995508534 12.251968299999135
33 0.9922538395029238 0.42021370873367947 12.426082399999359
34 0.9790176635944785 0.40000292446211194 18.16813430000002
35 0.9667768732600456 0.38434537688836135 19.15575170000011
36 0.9667768732600456 0.38434537688836135 18.438651599999503
37 0.9323625984456637 0.33863742982944456 12.262395599998854
38 0.9167211471868136 0.32492016843419 12.263567300000432
39 0.9119744711658486 0.31631539731747005 13.74020980000023
40 18.812610249999807
-------------------------------------------------END------------------------------------------------------
-------------------------------------------Krylov LM---------------------------------------------------
598.0743021761541 634.7882883798769
392
0 317.3896776995741 328.71455149443284 26.85650119999991
392
1 317.3896776995741 328.71455149443284 34.690436099999715
2 317.3896776995741 328.71455149443284 0.11799600000085775
3 312.89063761350457 321.87365870746993 0.11447690000022703
392
4 158.0687582363011 163.347353133426 36.16528300000027
392
5 158.0687582363011 163.347353133426 34.523668499998166
6 57.455252579672845 61.0352532857609 0.18337959999917075
392
7 57.455252579672845 61.0352532857609 33.395124300001044
8 45.47940737356403 46.06742100106501 0.19125649999841698
392
9 45.47940737356403 46.06742100106501 33.11482960000285
10 33.53335949523101 30.942796274195427 0.18217430000004242
392
11 28.764545561982732 28.363124868934968 32.741625899998326
392
12 27.472373600348448 25.014378224559614 32.34628630000225
392
13 25.975185773350592 25.942356782010226 31.64011059999757
392
14 25.975185773350592 25.942356782010226 30.314215300000797
15 25.975185773350592 25.942356782010226 0.16508910000266042
16 15.398990849033021 15.64654155496076 0.1845805000011751
392
17 5.9044672871187895 5.603089564391031 30.149819899997965
392
18 2.9688610477944026 2.3567635030098253 30.571592399999645
392
19 2.9688610477944026 2.3567635030098253 30.87463040000148
20 2.521538802373974 2.039293351848224 0.2078832000006514
392
21 1.9131481623615654 1.2018972790518818 28.62692440000319
392
22 1.9131481623615654 1.2018972790518818 29.669055300000764
23 1.9131481623615654 1.2018972790518818 0.1788215999986278
24 1.9131481623615654 1.2018972790518818 0.1860521000016888
25 1.4471457231332092 0.9496152818717559 0.16483310000330675
392
26 1.1539931920222997 0.5848417289703283 29.378551199999492
392
27 1.1174272433402803 0.5709114025345337 27.712097299998277
392
28 1.0935645972652637 0.5106800690671682 27.690616500000033
392
29 1.0935645972652637 0.5106800690671682 28.332699999999022
30 1.0561516408468266 0.510204889631945 0.1981658000004245
392
31 0.9854076617573381 0.40007884579737935 25.193195700001525
392
32 0.9854076617573381 0.40007884579737935 19.844147099996917
33 0.9488079427914549 0.38224317250078377 0.15310189999945578
392
34 0.9190883772816218 0.3325823905699174 21.6269366000015
392
35 0.9094338678492714 0.3259658582961516 16.42076839999936
392
36 0.9094338678492714 0.3259658582961516 16.53215960000307
37 0.8841546403204891 0.28979164968948273 0.11413299999912851
392
38 0.8694081568004183 0.2799650231460623 16.528708200003166
392
39 0.8586339962068712 0.2603748232752107 17.909879399998317
392
40 0.8586339962068712 0.2603748232752107 19.969518699999753
41 0.8430693083418636 0.25674528839849947 0.10976759999903152
392
42 0.8229058789076739 0.2245516234374901 16.835260899999412
392
43 0.8229058789076739 0.2245516234374901 16.6940340000001
44 0.8110526426290356 0.21937343132840875 0.16153730000223732
392
45 0.79843250547718 0.2000895494263242 19.634248900001694
392
46 0.7920987395051712 0.19856570386815622 20.85323470000003
392
47 0.7861605001321125 0.17916659486576275 16.741815500001394
392
48 0.7861605001321125 0.17916659486576275 16.77042269999947
49 0.7684496797607966 0.17783470652115374 0.1330292000020563
392
50 0.7440592936211423 0.14176697981884734 16.682025900001463
392
51 0.7440592936211423 0.14176697981884734 16.715275099999417
52 0.7287990058010132 0.1340826063903024 0.13573299999916344
392
53 0.7151123460081554 0.11684556941617075 16.72038489999977
392
54 0.712046251609569 0.11501311054687938 17.11366099999941
55 16.735668294545725
-------------------------------------------------END------------------------------------------------------
------------------------------------Reduced subspace LM---------------------------------------------------
598.0743021761541 634.7882883798769
0.9998106170025315 39
0 534.5875690071064 567.1480883722871 1.105999499999598
0.999868858835013 39
1 442.52666854152835 468.3995679279463 0.4614971000009973
0.9998872291142948 39
2 340.8212275162923 357.6277231662348 0.4776907999985269
0.9998892841361696 39
3 267.4940570620111 274.9163246669058 0.4796444999992673
0.999518588410866 39
4 193.5943444560718 196.12314454574943 0.49228260000018054
0.965909675261828 39
0.9999651988653696 156
5 182.65936034934825 185.60527591223337 5.358045499997388
0.9882353778684531 39
0.999991803313228 156
6 165.54671132858965 168.62486636058264 5.495959500000026
0.9940959655154981 39
7 114.65800000905564 115.2750816176579 0.48294849999729195
0.9730326642352035 39
0.9999956598359652 156
8 100.07795260082408 100.95282453221554 5.432627800000773
0.9820443976071611 39
0.9999944944386356 156
9 80.0357082717229 80.45797788401129 5.479979100000492
0.9840428118335501 39
0.9999951287363747 156
10 55.56802947571785 56.43583658472054 5.475583799998276
0.9947219837235649 39
11 19.842713716172888 18.409258955527285 0.489810099999886
0.8029074272751953 39
0.9999995367111628 156
12 15.490502973902567 14.569926405009435 5.451543199997104
0.9916301625803239 39
13 11.027389214540465 9.614501767727754 0.48457820000112406
0.6543602105907044 39
0.9999997686164973 156
14 9.024824061262589 8.050870455134314 5.266633899998851
0.9788028742617657 39
0.9999995282689943 156
15 6.520990453957544 5.67818565343562 5.3186311999998
0.990285497669582 39
16 4.383034001753878 3.5261753569106205 0.4786157999988063
0.6139705168483083 39
0.9999996243297348 156
17 3.3211906538982743 2.524757542360068 5.291897699997207
0.9828231359218644 39
0.9999999762149414 156
18 2.528612903117307 1.920969972026684 7.923200399996858
0.9939764725730128 39
19 1.39078045303358 0.7212084004414712 0.4910487000015564
0.7403745224996602 39
0.9999999673422079 156
20 1.1023624257215405 0.48777723550971447 8.364397299999837
0.9982823334607612 39
21 0.9262145180207776 0.31918010798794255 0.5153414999986126
0.004688592793068393 39
0.9999639767976085 156
22 0.8055290265990759 0.20452627134737378 5.388147199999366
0.9923165932441884 39
23 0.7794064492432331 0.18300248271979774 0.48135159999947064
0.012157359946892354 39
0.9999990916093209 156
24 0.7414373750943456 0.14845880730490363 5.2162931999992
0.9950266935699831 39
25 0.7214863039242017 0.12994994959943176 1.0914812999981223
0.00562098386863683 39
0.9999982918743626 156
26 0.701852299461879 0.11177280249561182 9.530565500001103
0.9953320083979246 39
27 0.6924748077076006 0.10392546902429149 0.4864871999998286
0.00046473149993243493 39
0.9999288444728704 156
28 0.6839953718031877 0.09410631878918377 5.273311299999477
0.9968985409237329 39
29 0.6735575186954 0.08706606393574876 0.455777199997101
0.0010096033815160529 39
0.9999820043713513 156
30 0.6690422828289533 0.08217467532121392 5.161946200001694
31 3.351719916128317
-------------------------------------------------END------------------------------------------------------
7
-------------------------------------------Classical LM---------------------------------------------------
666.487176186392 707.1423725721296
0 666.487176186392 707.1423725721296 13.12215500000093
1 330.4164021610494 332.51474939804757 12.560591599998588
2 207.65768521879124 213.40603313101747 12.709753200000705
3 93.41902526839897 92.91614722521379 12.579740799999854
4 70.52401720097147 71.47789246807105 12.581111800001963
5 70.52401720097147 71.47789246807105 13.464528299999074
6 70.52401720097147 71.47789246807105 12.528824000000895
7 37.392135481995645 37.005773752893774 12.57630099999733
8 37.392135481995645 37.005773752893774 12.673540899999352
9 21.48803340767973 21.070557957624626 12.669591099998797
10 21.48803340767973 21.070557957624626 12.657864300002984
11 10.231552367125854 9.549189990802715 12.929776400000264
12 9.559417063033143 8.98516167653794 12.624799400000484
13 9.559417063033143 8.98516167653794 12.62247760000173
14 9.559417063033143 8.98516167653794 12.601225700000214
15 4.869328896948646 4.312557040765845 12.640870699997322
16 3.5494919510018983 2.9622306835484475 12.665148100000806
17 3.1899159634708 2.52299483251297 12.715497900000628
18 2.5438724311239826 1.9768850638895417 12.625831900000776
19 2.5438724311239826 1.9768850638895417 12.682826699998259
20 1.8134987161166518 1.2193291636136834 12.74428650000118
21 1.5111037890676433 0.8634546756026205 12.639079199998378
22 1.5111037890676433 0.8634546756026205 12.691466699998273
23 1.1897151585244767 0.5604043399716885 12.633062000000791
24 1.1302516066875732 0.4890538570732366 12.660159800001566
25 1.1302516066875732 0.4890538570732366 12.731279899999208
26 0.9942189072443492 0.37630487679905095 12.643363499999396
27 0.9105549486217417 0.3072641224142619 12.699944299998606
28 0.9105549486217417 0.3072641224142619 12.705448000000615
29 0.8434854463696869 0.2471410796728631 12.629865700000664
30 0.7963172315863399 0.2082367536629741 12.600408500002231
31 0.7703508489074036 0.17937238692676669 12.486797300000035
32 0.7332558797659176 0.14052201980074386 12.672414500000741
33 0.7332558797659176 0.14052201980074386 12.59215640000184
34 0.686149613495817 0.09893712657624643 12.572642400002223
35 0.6812235562030752 0.09074842187495662 12.650440500001423
36 12.682924211111336
-------------------------------------------------END------------------------------------------------------
-------------------------------------------Krylov LM---------------------------------------------------
666.487176186392 707.1423725721296
392
0 666.487176186392 707.1423725721296 16.645673899998656
1 330.4164021616961 332.514749398558 0.10075510000024224
392
2 207.65787594927633 213.4074140446671 16.831738799999584
392
3 93.7286330474138 93.2741938930548 16.856404599999223
392
4 67.19477770495831 68.55873077169099 16.79857289999927
392
5 67.19477770495831 68.55873077169099 16.805607299997064
6 67.19477770495831 68.55873077169099 0.1332247999998799
7 34.69334665398965 33.960056531592485 0.14156370000273455
392
8 34.69334665398965 33.960056531592485 16.93302810000023
9 17.967221286041568 17.690649572855087 0.14218659999824013
392
10 12.017187819489603 11.901431832745992 17.378060099999857
392
11 12.017187819489603 11.901431832745992 16.795250600000145
12 10.200953066288292 10.05499940095754 0.1159373999980744
392
13 10.200953066288292 10.05499940095754 16.78503769999952
14 5.774584639845475 5.209409626848737 0.1520172000018647
392
15 4.982610262446936 4.550594196060256 17.10969439999826
392
16 4.982610262446936 4.550594196060256 17.584667300001456
17 2.899193151905413 2.4052842233968423 0.1521044000000984
392
18 2.851462951631142 2.205525164278224 16.75680879999709
392
19 2.851462951631142 2.205525164278224 16.998067499996978
20 1.5752080141936808 0.9879951169041976 0.10465599999952246
392
21 1.4390848995470746 0.7801102470708077 16.941925600000104
392
22 1.4390848995470746 0.7801102470708077 16.907514000002266
23 1.1031969064847198 0.47462290700764287 0.13164899999901536
392
24 1.0227919651953932 0.38620894146389334 18.104055900003004
392
25 0.9838119658908978 0.36796889255075865 17.116308100001334
392
26 0.9175589195790155 0.31193996775594385 16.84042010000121
392
27 0.9175589195790155 0.31193996775594385 16.90627179999865
28 0.7161563858960102 0.10951856324688122 0.10080560000278638
392
29 0.6964169465694792 0.09754335821457223 16.813133799998468
392
30 0.6964169465694792 0.09754335821457223 17.28205860000162
31 0.6535162899232401 0.05472504821263598 0.1524435999999696
392
32 0.649524955832508 0.053666698230817 16.726710699997057
33 11.374071333333136
-------------------------------------------------END------------------------------------------------------
------------------------------------Reduced subspace LM---------------------------------------------------
666.487176186392 707.1423725721296
0.9996835837892275 39
0 591.2119081457678 627.6493448882335 0.5095410999965679
0.9997647824458562 39
1 481.92032868505083 511.72523986960005 0.460899600002449
0.9998312667314586 39
2 361.92775232832247 382.8147350555989 0.4853480000019772
0.9998763458651653 39
3 276.94799682961497 288.2233401819719 0.4383775999995123
0.9996897383558775 39
4 227.6499400449304 231.86360516978908 0.47321369999917806
0.9232707705587396 39
0.999976672947175 156
5 223.30488120118454 227.6781366709746 5.681466500001989
0.9511883005543101 39
0.9999646865414104 156
6 211.20850045341234 214.7823671024326 5.356161699997756
0.9822219426137094 39
0.9999949142101797 156
7 192.80854202052907 196.5515170564793 5.536576300000888
0.9815854496059357 39
0.999997189750683 156
8 163.23713777010593 167.48227444747292 5.374061200000142
0.9901069941550001 39
9 67.19348549088852 67.14543604437195 0.49408479999692645
0.9215917702164769 39
0.999994220383337 156
10 56.262696779780704 55.94171208262299 5.3983103999999
0.9752627586997269 39
0.9999972156728952 156
11 38.20515930419215 37.13640778350607 5.333179799999925
0.9796034744845553 39
0.9999926633415777 156
12 19.994001418669253 18.992832761904072 5.247770899997704
0.9980549286871476 39
13 4.033187803931911 3.0579183801056615 0.4932849999968312
0.9599116103540987 39
0.9999999386155766 156
14 2.956639205395423 2.122739817535925 5.39286920000086
0.9872814749536395 39
0.9999999651706407 156
15 2.3494990706746717 1.623622224150778 5.506565899999259
0.9964420300325828 39
16 1.749986602068173 1.0057449369761962 0.4597587000025669
0.09228893939711877 39
0.9999997377716133 156
17 1.3876547245886866 0.7088215144305646 5.490066000002116
0.9825094693571805 39
0.9999999822762179 156
18 1.1462735874259127 0.5564552881106458 5.187673500000528
0.9987008269354825 39
19 0.9298372480075741 0.3209631308605617 0.7957702999992762
0.06640249454844663 39
0.9999996687362728 156
20 0.8717498113350138 0.29488204337152363 5.214063899999019
0.9953839892713487 39
21 0.7820785706097043 0.19952432785674598 0.49001879999923403
0.009168643004225596 39
0.9999979212595833 156
22 0.7588572396013035 0.17051584227392064 8.515128999999433
0.9964719277463839 39
23 0.7386080010383109 0.15419133389677858 0.7408144000000902
0.0010112226296513634 39
0.9999817031402892 156
24 0.7161770436606586 0.1253109556358433 7.027263600000879
0.9965966872848939 39
25 0.7060342864458077 0.11804373757757143 0.4632058999995934
0.00037650717453708036 39
0.9999318096531048 156
26 0.6946437427477223 0.1017081058351962 8.348059200001444
0.9979119001502003 39
27 0.6816643238817629 0.09090915898469183 0.6983112000016263
0.0006822297593844685 39
0.9999659158022837 156
28 0.6706965211533177 0.07781518323702906 5.571854599998915
0.9971121475150536 39
29 0.6646289287849318 0.07283378541886865 0.47646139999778825
0.00022007420765179486 39
0.9997849708012885 156
30 0.6539489925019077 0.06212862179790594 7.05743910000092
0.9914891641025143 39
31 0.6524620605228237 0.06095217102745039 0.5053203999996185
32 3.413216303124841
-------------------------------------------------END------------------------------------------------------
8
-------------------------------------------Classical LM---------------------------------------------------
593.6090942143439 627.4277869540301
0 243.9577610881797 244.27742458134966 12.622472299997753
1 243.9577610881797 244.27742458134966 12.59275880000132
2 160.32001321758415 161.16726226914537 12.593563099999301
3 160.32001321758415 161.16726226914537 12.563637199997174
4 70.24521680135626 69.6530993867735 19.84066349999921
5 70.24521680135626 69.6530993867735 19.020812800001295
6 26.637396562238212 24.58542998350093 12.60316210000019
7 26.637396562238212 24.58542998350093 12.863777900001878
8 26.637396562238212 24.58542998350093 12.697276200000488
9 15.69380824522123 14.307982233206726 13.965140600001178
10 9.35438297458985 8.041621781617161 12.611507300000085
11 9.23184887564184 8.580218823582916 12.614767700000812
12 9.23184887564184 8.580218823582916 12.599484900001698
13 3.704156243285358 2.9873675308129606 12.638470300000336
14 3.3275466373786666 2.7510716821303993 12.682640299997729
15 3.267318440884676 2.6076014660070297 14.924168800000189
16 3.267318440884676 2.6076014660070297 18.1583799
17 1.1720165808635512 0.6369365453048748 12.560728000000381
18 0.9432967709582066 0.3889208817238044 15.753635199998826
19 0.9432967709582066 0.3889208817238044 17.269929900001443
20 0.78822727709097 0.21901900210484798 12.505096600001707
21 0.7717544663069579 0.199511112748237 12.526358700000856
22 0.7717544663069579 0.199511112748237 12.438249899998482
23 0.7088013614837475 0.12841562989754396 12.750469200000225
24 0.7074799869260009 0.1245871542002792 12.57874240000092
25 0.6993882730163689 0.11143666394729786 12.540735700000369
26 0.6884784401639731 0.10404119766255522 12.503640499999165
27 0.6884784401639731 0.10404119766255522 12.433746599999722
28 0.6541273494148256 0.06806261668171305 24.064614499999152
29 0.6541273494148256 0.06806261668171305 25.5577349999985
30 0.6430208947045885 0.057980099221697265 12.572265000002517
31 0.6409171243629821 0.05501479249788003 13.53874630000064
32 14.34960553750011
-------------------------------------------------END------------------------------------------------------
-------------------------------------------Krylov LM---------------------------------------------------
593.6090942143439 627.4277869540301
392
0 243.9562656071609 244.27570923367088 18.55952669999897
392
1 243.9562656071609 244.27570923367088 18.516162500000064
2 160.35699049280672 161.21452362701424 0.13323529999979655
392
3 160.35699049280672 161.21452362701424 17.01314949999869
4 65.75094956267415 65.0782690347136 0.12342639999769744
392
5 65.75094956267415 65.0782690347136 16.896635900000547
6 25.59735053754988 23.845698089051574 0.15834449999965727
392
7 25.59735053754988 23.845698089051574 18.102070199998707
8 25.59735053754988 23.845698089051574 0.12027459999808343
9 14.151700800872122 12.666793290733958 0.1262615999985428
392
10 10.525989558182912 9.167992920547555 18.40125049999915
392
11 6.727159791100188 6.013586443381923 16.957274600001256
392
12 6.727159791100188 6.013586443381923 16.860908599999675
13 4.077858429333875 3.2670176398976976 0.1374458999998751
392
14 2.2481183947906107 1.666396390391657 16.84963599999901
392
15 2.2481183947906107 1.666396390391657 16.929845699996804
16 1.2459213976372627 0.629645594213227 0.13850989999991725
392
17 0.9843359679275987 0.3866978711797822 16.862804000000324
392
18 0.9843359679275987 0.3866978711797822 16.889824300000328
19 0.8633170498020268 0.27399340791154214 0.1405983999975433
392
20 0.818673022723959 0.23283233946356552 17.097596700001304
392
21 0.7695729764167601 0.18753235488567102 17.37967209999988
392
22 0.7695729764167601 0.18753235488567102 16.923874200001592
23 0.7288695650577197 0.14764146731014602 0.13425179999831016
392
24 0.7194707934981991 0.13542854543559785 20.766176000000996
392
25 0.7194707934981991 0.13542854543559785 16.90253120000125
26 0.6922684404344358 0.11036733140123746 0.13269470000159345
392
27 0.6827283093119577 0.09943062165159518 17.04901389999941
392
28 0.6787290161688682 0.09199830498613132 16.82237129999703
392
29 0.6787290161688682 0.09199830498613132 16.86741070000062
30 0.6610258095581599 0.07677601023694426 0.13115290000132518
392
31 0.6572725409724554 0.07073972334230008 17.686937300000864
32 11.49408962187465
-------------------------------------------------END------------------------------------------------------
------------------------------------Reduced subspace LM---------------------------------------------------
593.6090942143439 627.4277869540301
0.9997619825031726 39
0 530.9891756209419 561.0591262081274 0.5557516000008036
0.9998276771023298 39
1 440.09321426545057 464.1737645931234 0.4912326999983634
0.9998738145479861 39
2 339.39317289977316 355.7748285403326 0.4698836999996274
0.9998576273154022 39
3 267.3901522720732 276.66895655604674 0.5921997000004922
0.999522214615639 39
4 225.1518678535262 229.202204989489 0.5124514999988605
0.9473226225514564 39
0.9999921042156626 156
5 217.68141679911182 221.79939505034864 6.20493709999937
0.9729651785353037 39
0.9999767643135675 156
6 217.68141679911182 221.79939505034864 6.083359700001893
0.9729651785353037 39
0.9999767643135675 156
7 208.1781640982125 213.65402058811353 6.201753299999837
0.9889599145697237 39
0.9999961583996008 156
8 180.41071862364075 183.2352729151622 6.145698500000435
0.9751197449596117 39
0.9999891383258988 156
9 169.508624308332 177.74656784806066 6.266010799998185
0.9852983237395895 39
0.9999963852576841 156
10 145.17741594866598 151.2411173810129 7.432251800004451
0.9932036094937866 39
11 59.054906230895035 57.038019841552654 0.5580417000019224
0.9100869345801174 39
0.9999971229983805 156
12 49.69896080184875 47.774259877667205 6.28610579999804
0.9518943254671566 39
0.9999990237755338 156
13 48.03243715234465 46.6633841064128 6.421738400000322
0.9974283593320953 39
14 17.73808915601245 15.90308399208241 0.5497429999959422
0.976018716946529 39
0.9999998963757436 156
15 15.487838230199035 14.02421229576669 6.555275900005654
0.9926397892458808 39
16 10.356662367408905 8.85418687961578 0.5748198000001139
0.9679169064301956 39
0.9999998702989743 156
17 10.205650543370261 9.020076723053874 6.3532454000014695
0.9954115663607151 39
18 6.415368018130068 5.219377475750193 0.5165778000009595
0.9483676432552549 39
0.9999996806860737 156
19 5.17537883342172 4.136129154485463 5.871861400002672
0.9964444612998559 39
20 4.091306122750394 3.032875111832921 0.49084900000161724
0.8412506216096576 39
0.9999997492698312 156
21 3.008297251109856 2.094025449661287 5.533710099996824
0.9932301512767805 39
22 2.737212573132232 1.8748670871660107 0.5183392000035383
0.40830594663803427 39
0.9999999382286326 156
23 2.1359834832218128 1.4227965811092027 5.841557300002023
0.9958276508612257 39
24 1.5776014890743968 0.8629208067805765 0.49708490000193706
0.30036321116195674 39
0.9999999708548089 156
25 1.274929265065109 0.5921042550622156 5.768941800000903
0.9883032836214046 39
0.9999999447371624 156
26 1.1427725561092321 0.4858220058033092 8.786655900003097
0.9963218076273999 39
27 0.9850904269410555 0.32683145452531365 0.5527789000043413
0.04986249203592933 39
0.9999998503749626 156
28 0.8726462055240032 0.23012020438067549 5.969328699997277
0.988453796551152 39
0.9999999891727451 156
29 0.8172115248796865 0.19905692972404074 6.208840499995858
0.998201813530216 39
30 0.7167757466883317 0.10113107119975914 0.47836130000359844
0.05945436471904247 39
0.9999998558376068 156
31 0.6955539455201643 0.08600781382043829 5.73144539999339
0.9991035338817933 39
32 0.6681727121199383 0.062279721935724994 0.5522028000050341
0.04225131227428734 39
0.9999998110538504 156
33 0.6565315263057896 0.05242468190219094 9.518970800003444
0.9940515964996757 39
34 0.6545424642654005 0.0512781750653019 0.5882703000024776
35 3.7622936142864223
-------------------------------------------------END------------------------------------------------------
9
-------------------------------------------Classical LM---------------------------------------------------
680.0331270173224 721.0411058668677
0 645.135031656372 690.1170399335451 27.250563600000532
1 440.74876494744905 453.4832444471119 28.841910199998892
2 230.15049788219054 236.8294652662632 18.598685799999657
3 152.64870567685958 150.31386903631739 19.538998800000627
4 152.64870567685958 150.31386903631739 12.43790689999878
5 70.80667580522511 68.96371207685077 12.405081200000495
6 70.80667580522511 68.96371207685077 12.545718299999862
7 34.02582125997592 32.89480156387567 12.45413969999936
8 34.02582125997592 32.89480156387567 12.570318100000804
9 34.02582125997592 32.89480156387567 17.37633470000037
10 28.394509086365304 27.266426657697362 18.6532442000007
11 28.394509086365304 27.266426657697362 19.506475500000306
12 10.621877599912937 9.379429796897998 24.64370929999859
13 10.616577367211463 10.70939099356086 27.121742299999823
14 10.616577367211463 10.70939099356086 29.805958400000236
15 4.806686029471624 4.2054531492855345 27.121850700001232
16 2.7171466959584416 2.2052301388196374 25.282184900001084
17 2.7171466959584416 2.2052301388196374 22.126839999998992
18 2.173634246700576 1.611610158690402 17.23281600000155
19 1.2588532783240374 0.6545721333189696 27.619007900000724
20 1.2588532783240374 0.6545721333189696 24.80232629999955
21 1.0808293964307265 0.5104510874603277 14.255944000000454
22 0.8627028448461224 0.27401413367314864 21.2915981999995
23 0.8627028448461224 0.27401413367314864 13.651809500001036
24 0.8605662590948628 0.2933193723850362 12.317920499999673
25 0.7609868376798912 0.18321697122645844 14.649274699999296
26 0.7609868376798912 0.18321697122645844 16.180494299998827
27 0.7282154715073824 0.15659879712721572 12.399278799999593
28 0.6850825864845176 0.10610860543087429 12.300274799999897
29 0.6850825864845176 0.10610860543087429 19.461180099999183
30 0.6633523231814321 0.08768650931737026 19.365496200000052
31 0.6464054849758353 0.06730636952536793 19.657526700000744
32 0.6464054849758353 0.06730636952536793 19.21296280000024
33 0.6392513783516032 0.061671654304861774 19.726711200000864
34 0.633600117779498 0.05469132931995495 20.605525999999372
35 0.6299433060105117 0.051484042822278524 21.483737200000178
36 19.291542994444473
-------------------------------------------------END------------------------------------------------------
-------------------------------------------Krylov LM---------------------------------------------------
680.0331270173224 721.0411058668677
392
0 645.1294192301871 690.1112387795272 26.52673970000069
392
1 417.8520798369017 428.9267290310679 26.884226599999238
392
2 68.14462855049071 67.43572529756254 33.66923080000015
392
3 68.14462855049071 67.43572529756254 36.11670579999918
4 64.77204331572571 60.867619263308576 0.18064460000096005
392
5 64.77204331572571 60.867619263308576 35.14938589999838
6 64.77204331572571 60.867619263308576 0.11557370000082301
7 45.52053870059777 46.23088552635523 0.10509979999915231
392
8 45.52053870059777 46.23088552635523 33.33200299999953
9 19.08679739963485 18.136088092379524 0.1225334999980987
392
10 19.08679739963485 18.136088092379524 29.376837600000727
11 9.310726978591338 9.14016843437903 0.13132840000253054
392
12 8.826568523285019 7.5253661978788875 31.398259199999302
392
13 8.826568523285019 7.5253661978788875 29.634739800003445
14 4.787636017136068 4.160417013490033 0.15270040000177687
392
15 4.090041335146282 3.66300226834758 29.723242600000958
392
16 4.090041335146282 3.66300226834758 30.499582499996905
17 2.34062434236347 1.7250833775828731 0.1560427999975218
392
18 2.327129289827632 1.782120527425555 29.00991950000025
392
19 2.327129289827632 1.782120527425555 28.640562299999146
20 1.2701911084076423 0.7249501938728861 0.13295520000247052
392
21 1.2116500790626956 0.6711511305963332 28.045710400001553
392
22 1.2116500790626956 0.6711511305963332 30.28566960000171
23 0.9346059008934884 0.38985138988692697 0.130507599998964
392
24 0.8829047971243028 0.3361545981113339 27.030062799996813
392
25 0.8829047971243028 0.3361545981113339 29.003736599999684
26 0.8001892253510082 0.23700791129309579 0.14447579999978188
392
27 0.7779796369733867 0.20879185565221264 28.612803700001677
392
28 0.7779796369733867 0.20879185565221264 25.44391390000237
29 0.7368405425690129 0.15895877723315596 0.10025709999899846
392
30 0.720821248469002 0.14038768842457433 24.873557099999744
392
31 0.7110371129388654 0.12728180265220868 24.127476900001056
392
32 0.7091004081450772 0.1207020922625529 20.909105900002032
33 19.386836093939564
-------------------------------------------------END------------------------------------------------------
------------------------------------Reduced subspace LM---------------------------------------------------
680.0331270173224 721.0411058668677
0.9997483466244105 39
0 602.336755086126 639.0547084264106 1.0977595999975165
0.9997977376605345 39
1 489.68387301866693 519.446348863902 1.0749321000002965
0.9998327512215321 39
2 365.3754134857563 385.4263866565078 0.4753872000001138
0.9998492427003486 39
3 276.2211030824476 286.36254135084585 0.4615818999991461
0.9997026236866556 39
4 219.56762084509032 227.2720617592468 0.48503899999923306
0.9471584737956537 39
0.9999976449263553 156
5 205.4622141535492 212.70649222079774 5.543086500001664
0.9809248418231477 39
0.9999875898779196 156
6 189.38186167912184 195.8366077410715 5.5564548000002105
0.9751950810739085 39
0.9999882291499806 156
7 151.05180229921356 153.83526975425337 10.133228400001826
0.9937787303767427 39
8 59.79886246208445 60.14169167435817 0.6178610999995726
0.9127322255683588 39
0.9999965988466064 156
9 49.39974709940085 49.41259171201948 5.778005700001813
0.9341335871510277 39
0.9999906533732335 156
10 43.86857920184473 44.64334239609284 8.81829039999866
0.9934824522100315 39
11 21.094562025031102 20.110863818024598 1.5192341000001761
0.9737702864256224 39
0.9999978755125585 156
12 16.697452982171697 16.158816403317484 6.403200199998537
0.9797388829297784 39
0.9999985416679693 156
13 14.708635037340311 14.078197080856572 5.780315399999381
0.9942648969796034 39
14 6.825937456993928 5.818522315027521 0.8563132999988738
0.8711442853764627 39
0.9999996994989108 156
15 5.855652878643998 4.9547887839158795 5.817964800000482
0.8862320560507103 39
0.9999996989945829 156
16 5.014286650310736 4.299018187559196 5.448159899999155
0.9771216910125247 39
0.9999995229094079 156
17 3.7963721467337885 3.0436747333787872 5.456796100002975
0.9922549983606256 39
18 2.347448954335212 1.7354324891208384 0.5266194999967411
0.44962197565542467 39
0.9999998454903758 156
19 2.0527608579353984 1.4476296399797566 5.996235500002513
0.9790195311247972 39
0.9999999344868441 156
20 1.659114566189248 1.0317913497564788 5.435498899998493
0.9924673671536958 39
21 1.353051087224807 0.7567295881482191 0.45634419999987585
0.03444932774690503 39
0.999994751321046 156
22 1.0785738413601742 0.4758958042874404 5.4908550000000105
0.99513986099827 39
23 0.9317072472107446 0.3337412098385869 0.46077819999845815
0.007493654917205182 39
0.9999902480788792 156
24 0.8121761928775588 0.21948380556483812 5.0782536000006075
0.9938023034866634 39
25 0.7743011827220214 0.17613598910773948 0.48267180000038934
0.0016943895353693683 39
0.9999801591507588 156
26 0.7534762155062384 0.1658434336455524 5.395352200001071
0.9979243894138474 39
27 0.7095156217377689 0.11861685266367115 0.46463479999874835
0.011449872966296596 39
0.9999947920604328 156
28 0.6906343852400015 0.10096770947747474 5.351141999999527
0.9869181287911538 39
0.9999999748773428 156
29 0.678513969335156 0.08895564225891937 5.30499399999826
0.9957351592196195 39
30 0.672723109220709 0.08152036279648076 0.44040839999797754
0.00035979372391566544 39
0.9999548307331495 156
31 0.6627508467095171 0.07185075757096501 5.311693899999227
0.9845866485974403 39
0.9999999430229404 156
32 0.655984520766194 0.0651633050097158 5.538765400000557
0.9936294625131179 39
33 0.6521877354496226 0.060725720785790874 0.4713878000002296
34 3.6332131088233033
-------------------------------------------------END------------------------------------------------------
10
-------------------------------------------Classical LM---------------------------------------------------
631.3294425767958 668.7601358513923
0 415.55905624618373 419.6433617869529 12.440424699998403
1 415.55905624618373 419.6433617869529 19.417442499998288
2 415.55905624618373 419.6433617869529 12.713026699999318
3 108.93158390871649 111.34190005072728 12.617025100000319
4 108.93158390871649 111.34190005072728 13.633545400000003
5 40.60849427824281 41.311269182035886 15.77602200000183
6 40.60849427824281 41.311269182035886 12.642502499998955
7 12.997013541596 12.790440779540964 12.989721399997507
8 8.096596616304097 7.627751428791703 12.8866225999991
9 8.096596616304097 7.627751428791703 15.793776999998954
10 4.277236183841769 3.618540517967874 12.596795699999348
11 3.2706943184985997 2.5641042486601813 12.986461899999995
12 3.2706943184985997 2.5641042486601813 27.100976000001538
13 2.1376191149565877 1.5125435757229388 16.388624999999593
14 1.7756037554571795 1.2285256001362708 23.00293160000001
15 1.645484640111006 1.1607654741511992 25.170756399998936
16 1.645484640111006 1.1607654741511992 19.67807360000006
17 0.9531190223169604 0.3579703304784388 19.09194260000004
18 0.948730616462387 0.4171079029178267 26.675480699999753
19 0.9361850510739008 0.37083874089460084 25.746049200002744
20 0.9361850510739008 0.37083874089460084 25.501835000002757
21 0.691498605214255 0.11739328244974699 19.54888139999821
22 0.691498605214255 0.11739328244974699 27.204652200001874
23 0.6690979556782614 0.0921832094818147 12.790229400001408
24 0.6571913986403137 0.07748451196899055 19.319960599998012
25 0.6502456464996039 0.06919779050555949 17.942121100000804
26 0.645721736346217 0.06285899382052697 24.15488919999916
27 0.6441098939491441 0.05929640546304708 19.6600643999991
28 0.6441098939491441 0.05929640546304708 20.696667100000923
29 0.620210760575641 0.03489952328931535 26.276922300003207
30 0.6187918450388354 0.03432868679236371 20.28400640000109
31 18.79769134516133
-------------------------------------------------END------------------------------------------------------
-------------------------------------------Krylov LM---------------------------------------------------
631.3294425767958 668.7601358513923
392
0 415.55566893764427 419.63901885901544 30.727346899999247
392
1 415.55566893764427 419.63901885901544 32.84666339999967
2 415.55566893764427 419.63901885901544 0.16247649999786518
3 108.93925336855864 111.34965048249465 0.15877529999852413
392
4 108.93925336855864 111.34965048249465 27.67803819999972
5 40.62079441655032 41.31952023431208 0.15790479999850504
392
6 40.62079441655032 41.31952023431208 29.186967599998752
7 12.99996832215582 12.794864301768804 0.18352990000130376
392
8 8.100807801526175 7.633136192588307 28.56981319999977
392
9 8.100807801526175 7.633136192588307 26.908849100000225
10 4.277233443765178 3.618724880739609 0.10856760000024224
392
11 3.2705851563495316 2.5638296689034124 28.789438200001314
392
12 3.2705851563495316 2.5638296689034124 28.056553700000222
13 2.1377918725595935 1.5130891982742432 0.17893410000033327
392
14 1.775379134811526 1.228064000425864 29.149248899997474
392
15 1.6393648663390843 1.1556478769390188 29.726360799999384
392
16 1.6393648663390843 1.1556478769390188 34.44264689999909
17 0.9541191662066473 0.3584249427293419 0.3007653999993636
392
18 0.9489176604497663 0.41672379197625187 31.59466969999994
392
19 0.9324282714437672 0.365965083730542 33.20766140000342
392
20 0.9324282714437672 0.365965083730542 31.748740000002726
21 0.6938216009367588 0.11978787795555558 0.2702248999994481
392
22 0.6938216009367588 0.11978787795555558 26.957620600001974
23 0.6698505970504756 0.09299772546805138 0.25590489999740385
392
24 0.6576973069748844 0.07799861226994168 24.981649199999083
392
25 0.6510295365370575 0.07006113158129205 20.886141200000566
392
26 0.6473591660841405 0.06473942694445801 17.10345519999828
392
27 0.6470229683911292 0.06308852511771404 16.785847499999363
392
28 0.6470229683911292 0.06308852511771404 17.19256189999942
29 0.6205347289924361 0.035003127347001436 0.1423584000003757
392
30 0.6197216642484505 0.0352602707981977 16.7158980000022
31 18.231471399999844
-------------------------------------------------END------------------------------------------------------
------------------------------------Reduced subspace LM---------------------------------------------------
631.3294425767958 668.7601358513923
0.99972305561655 39
0 561.8458983717235 593.8389167438643 0.4715591999993194
0.9998320989177767 39
1 460.6426144819412 485.33947660888765 0.4502958999983093
0.9999062128623603 39
2 348.35281112363054 364.13397588645955 1.0765785000003234
0.9998764865849362 39
3 262.30093825312997 268.95423929679197 0.5078748000014457
0.9987839319914124 39
4 194.78661866715657 195.70568424898636 0.4731838000006974
0.9758712082497496 39
0.9999978250755129 156
5 193.86079715544034 192.5902510672855 5.2057501999988745
0.8966934564453282 39
0.9997960164683026 156
6 105.61335954351183 103.78666627043806 5.211702099997638
0.9710401674879005 39
0.9996003238290703 156
7 53.963124559737835 53.55872833204602 10.75613069999963
0.9695904340224338 39
0.999750468494505 156
8 25.332150561272986 24.761423350883028 5.534727300000668
0.9746050662271594 39
0.9999087442898008 156
9 19.725317798091616 19.17898001575131 5.607237000000168
0.9916881974404509 39
10 8.495422655678468 7.989082813781716 0.5332282000017585
0.8316942099295541 39
0.9999854193924279 156
11 7.116576390434726 6.6796330403682855 5.309015999999247
0.9815732260039977 39
0.9999921144456317 156
12 6.3192772175919005 5.904608001878254 6.456054300000687
0.9906022613641605 39
13 4.9173875592329885 4.282840860561537 1.077175400001579
0.6401631608383614 39
0.9999688666524215 156
14 4.493663050984067 3.9828326988119365 5.524623199999041
0.9953909194694446 39
15 3.6651739086834985 3.0464732105022074 0.4578909999981988
0.24293414921344428 39
0.9999958322900343 156
16 3.280608591847494 2.7457060629440746 5.49365790000229
0.9966682707125946 39
17 2.803518481176174 2.1954550655365175 0.47759319999750005
0.2686198479999466 39
0.9999973907046077 156
18 2.3033284897562987 1.752493236031726 5.543610400000034
0.9851970946245507 39
0.9999996259973298 156
19 1.933301408421166 1.389278793530793 5.1835585000007995
0.9903143387317359 39
20 1.755965201517362 1.1488674667114334 0.454362399999809
0.12302293047376023 39
0.9999973626765846 156
21 1.6238411146033782 1.0872202496227514 5.214535300001444
0.996875133191525 39
22 1.2512502123201388 0.6346752678588011 0.49997609999991255
0.14887243514098475 39
0.9999987240390756 156
23 1.060100830440004 0.4453688301967045 5.410743799999182
0.9930158656685333 39
24 0.9967600054892278 0.3767548022323049 0.5061265000003914
0.005752778900644356 39
0.9999687235711503 156
25 0.905970635893333 0.29540672153069114 5.061806999998225
0.9927282355331164 39
26 0.8614669568573309 0.24218634733356836 0.5068885000000591
0.00466177886253369 39
0.9999007530418167 156
27 0.8189439383331248 0.20588990188688364 5.400500799998554
0.9876799190840335 39
0.9999999466034859 156
28 0.78948803309707 0.18204631157442508 5.408601800001634
0.9956487542542088 39
29 0.77651113964682 0.16632237721605064 0.45307079999838606
0.0012545541991666523 39
0.9999523927254168 156
30 0.7645309536473709 0.16245638851517588 5.211769699999422
0.9959325380106359 39
31 0.7266485107206098 0.12369279943741299 0.45399859999815817
0.014892069030788309 39
0.9999951921072563 156
32 0.7056768900828205 0.10962538124155943 5.361727200001042
0.9958888833134912 39
33 0.6951097091323098 0.10002030913003454 0.5138971999986097
0.0016457948247971049 39
0.999972815412192 156
34 0.6783378981544125 0.08613483539144397 5.2979785000025
0.9967884271987819 39
35 0.6745836688237595 0.08294913837229725 0.46891469999900437
36 3.2660096249998483
-------------------------------------------------END------------------------------------------------------
11
-------------------------------------------Classical LM---------------------------------------------------
634.3070027899192 678.181830749033
0 634.3070027899192 678.181830749033 12.535015100002056
1 272.5611370058692 275.35854191545735 12.511471400001028
2 272.5611370058692 275.35854191545735 13.996323800001846
3 247.33227352513057 253.1710667924206 14.827999600001931
4 182.5385189720222 187.30460158276517 13.119794500002172
5 182.5385189720222 187.30460158276517 12.639949100001104
6 85.984029998717 81.64262094222326 12.73882290000256
7 85.984029998717 81.64262094222326 12.715629500002251
8 40.12653591546966 37.35980783440816 12.62456839999868
9 40.12653591546966 37.35980783440816 12.623791999998502
10 15.791930842388107 15.726931391256251 12.657171800001379
11 15.791930842388107 15.726931391256251 12.681233000002976
12 6.002649974630263 5.371516552302646 12.64742479999768
13 4.6901685320481485 4.127479639446866 12.679633499999909
14 1.9648376174081459 1.3091101996859948 16.201963499999692
15 1.9648376174081459 1.3091101996859948 17.645398500000738
16 1.3500340833511864 0.7296585460882339 12.684509999999136
17 1.1086563537842473 0.49681078802422735 12.761482399997476
18 0.9564758575997298 0.365816035005309 12.618763999998919
19 0.8119713454296308 0.23181287387657715 13.002762200001598
20 0.8119713454296308 0.23181287387657715 19.95400410000002
21 0.7531395844368605 0.1717032541363563 12.70865810000032
22 0.7198801361149545 0.14036857349239035 12.482384899998578
23 0.6943164952029122 0.11120385880395267 16.626093700000638
24 0.6943164952029122 0.11120385880395267 18.36227869999857
25 0.6783490092103642 0.09615116700672173 12.532299599999533
26 0.6708105380619305 0.08383589300489591 12.635221900000033
27 0.6708105380619305 0.08383589300489591 16.066126999998232
28 0.6448988409847528 0.05865435938141852 12.483408399999462
29 0.6431720643427478 0.05753119879750158 13.091079499998159
30 0.640338337333403 0.05564109430485306 19.57838599999741
31 13.949472641935568
-------------------------------------------------END------------------------------------------------------
-------------------------------------------Krylov LM---------------------------------------------------
634.3070027899192 678.181830749033
392
0 634.3070027899192 678.181830749033 22.389103199999226
1 272.56113700452886 275.3585419143075 0.14440040000044974
392
2 272.56113700452886 275.3585419143075 22.67765440000221
3 247.33227352773434 253.17106679490374 0.14448829999673762
392
4 182.54038347619786 187.30611222168633 22.089593000000605
392
5 182.54038347619786 187.30611222168633 16.754858099997364
6 85.98888648702136 81.6470167853194 0.13682429999971646
392
7 85.98888648702136 81.6470167853194 18.78910530000212
8 40.12330009595686 37.35633187748685 0.17700150000018766
392
9 40.12330009595686 37.35633187748685 19.15002910000112
10 15.788869448128045 15.723110610584442 0.18510450000030687
392
11 15.788869448128045 15.723110610584442 16.68505279999954
12 6.00095339278172 5.3699808114644565 0.13315209999927902
392
13 4.688817079316334 4.125919670026762 16.858927799999947
392
14 1.9647897761214168 1.3088264963918341 16.724536899997474
392
15 1.9647897761214168 1.3088264963918341 16.717945299998973
16 1.350061302010169 0.7296559202700161 0.11450119999790331
392
17 1.1087393522635678 0.4968580823236962 16.692665799997485
392
18 0.9563891126389302 0.36579375178340984 20.66086920000089
392
19 0.8144656676329228 0.23490696708193531 22.42366789999869
392
20 0.8144656676329228 0.23490696708193531 17.609958899996855
21 0.7534805495595227 0.17190933679045642 0.17498490000070888
392
22 0.7203188527548708 0.14081968256089886 18.759032199999638
392
23 0.6939658316280134 0.11077917114697071 18.68275050000011
392
24 0.6939658316280134 0.11077917114697071 16.873019699996803
25 0.6813168500494181 0.09890172614783808 0.1546574000021792
392
26 0.6701312342194782 0.08330276261349405 16.998615600001358
392
27 0.6701312342194782 0.08330276261349405 18.167804599997908
28 0.6457799740397919 0.058920411246953 0.18239080000057584
392
29 0.6444088230602332 0.058343429046494776 18.495905100000527
392
30 0.6434112124445388 0.05864431881464632 17.0181341000025
31 12.669894674193205
-------------------------------------------------END------------------------------------------------------
------------------------------------Reduced subspace LM---------------------------------------------------
634.3070027899192 678.181830749033
0.9997260903218605 39
0 564.1236915473011 603.1227978925926 0.4733137000002898
0.9998171526127285 39
1 462.3219009858281 493.50303986225356 0.4849093000011635
0.9998724197845311 39
2 350.5300486183646 371.3109993819975 0.47428299999955925
0.9998641495926577 39
3 272.2371705427043 281.21985932932205 1.0673590000005788
0.9997363999282229 39
4 226.2955514830755 232.22239282845638 0.4572468999976991
0.9749953817402062 39
0.9999997218759058 156
5 209.43610393831008 217.6441163845176 5.578997500000696
0.9621843644825294 39
0.9999938974958312 156
6 194.4796619442152 201.76479381468158 6.918991000002279
0.9719004947015107 39
0.999993980830541 156
7 194.4796619442152 201.76479381468158 11.483789199999592
0.9719004947015107 39
0.999993980830541 156
8 189.3324824209919 195.9840363794892 7.832010300000547
0.9908492419022416 39
9 164.81977768928618 168.3558201255942 1.0656617999993614
0.9768325699550074 39
0.9999875832457027 156
10 151.66258865688675 154.11848810853473 10.958284299998923
0.9919204956884747 39
11 93.86981752027991 94.89845375368392 1.0844712000034633
0.9182118982924764 39
0.9999539835286798 156
12 71.27313734412117 73.34223054693943 9.859582400000363
0.984905965178904 39
0.9999825683900252 156
13 42.978144310844165 43.32992849354788 8.528392399999575
0.9920529910828005 39
14 25.345715872250615 24.998929015683935 0.4854257000006328
0.9805133386588664 39
0.99999923132072 156
15 21.252298132059206 20.689162051230294 5.447484500000428
0.9870893886060014 39
0.9999993261012102 156
16 18.216155630888277 17.662162092833164 6.253072100000281
0.9957695255462777 39
17 8.21004047387809 7.408133938859586 0.5213168000009318
0.968814188155875 39
0.9999999461364444 156
18 6.678751628568637 5.950483788336599 5.758228300001065
0.9889070295349327 39
0.9999999621654655 156
19 5.433675043911066 4.724603081627155 5.747628299999633
0.9910703914538153 39
20 3.199223054614944 2.3956227495707103 0.5290875999999116
0.9704202439678248 39
0.999999983691058 156
21 2.594300350256576 1.8079950260333983 5.806756399997539
0.9954603060299895 39
22 2.193303238613706 1.43472282406066 0.5300151999981608
0.37092802403219427 39
0.9999999810836325 156
23 1.742630430721929 1.020249718158111 6.634580199999618
0.9935009535315932 39
24 1.608167665210936 0.9002480392752209 0.6554867000013473
0.06239769718856226 39
0.9999998926135135 156
25 1.2980042966537204 0.6186137849489999 6.155676900001708
0.9865050846783446 39
0.9999999913060387 156
26 1.2298751776062111 0.5932491486130131 6.225715499997023
0.9988596327844433 39
27 0.8941487364649443 0.2725862986208475 0.5076760999945691
0.19411995827474277 39
0.9999996497856128 156
28 0.8180585198554944 0.21254026679353383 6.606824399998004
0.9953123704519602 39
29 0.7985755868931119 0.1866458533267394 0.525627799994254
0.0031398351715976403 39
0.9999945649492391 156
30 0.7444117535716058 0.14200093576493658 7.254952700001013
0.9913746343743891 39
31 0.736937639277552 0.13160486946547093 0.5817380000007688
0.0005668552689196821 39
0.9999412492265782 156
32 0.700573116025133 0.10743880451387841 7.2702866999970865
0.9971376633877667 39
33 0.6719272181193997 0.07446530140337301 0.5212514000013471
0.002533046972897981 39
0.9999905108056757 156
34 0.6527810643317069 0.057536895217698086 5.819163700005447
0.9966147824020559 39
35 0.6459646456147453 0.05163871249787048 0.4782425000012154
0.0006194050838835062 39
0.9998910292904373 156
36 0.6386903825518558 0.04536423932241505 5.809327399998438
0.9933120180695222 39
37 0.6373341607897097 0.04424925729222266 0.8048015000022133
38 4.031517326315703
-------------------------------------------------END------------------------------------------------------
12
-------------------------------------------Classical LM---------------------------------------------------
557.5183306626433 595.8825943851785
0 503.12389725936055 525.2859598115704 20.391357999999997
1 257.5140004535189 266.56225093406266 27.944614
2 205.12185386159268 212.18933065221168 31.399094100000013
3 170.68715384541795 166.64618306201803 30.718752600000016
4 170.68715384541795 166.64618306201803 33.96605169999998
5 86.3259775676172 89.40997147397653 34.683884600000056
6 86.3259775676172 89.40997147397653 33.29007550000006
7 59.787560888476555 59.96804090893309 33.86591120000003
8 59.787560888476555 59.96804090893309 24.848477600000024
9 41.166538346200305 39.858805576956385 29.405978599999912
10 41.166538346200305 39.858805576956385 23.517189499999972
11 41.166538346200305 39.858805576956385 31.852566999999908
12 16.558584586514897 15.793681729634532 24.952741999999944
13 14.711968632106517 15.101734297849651 26.088559000000032
14 14.711968632106517 15.101734297849651 24.106143400000065
15 7.723191747191784 7.05426991793354 19.481994800000166
16 7.723191747191784 7.05426991793354 25.163790699999936
17 3.1214014505634475 2.5601149663068115 12.589361000000054
18 2.3867716512959176 1.685364160384599 12.696422200000143
19 2.3867716512959176 1.685364160384599 19.9685692999999
20 1.4324961397231921 0.8227638841452715 12.720755000000054
21 1.0494560811507623 0.44486252809439014 12.69335870000009
22 0.8999524768661724 0.2817494254880525 27.566380600000002
23 0.7925849554885228 0.20346582813986366 27.048762299999908
24 0.7925849554885228 0.20346582813986366 32.76106970000001
25 0.6970068949692104 0.10031286732270253 27.77354369999989
26 0.6688314890486357 0.07269589902997356 26.85407669999995
27 0.6688314890486357 0.07269589902997356 30.806575900000098
28 0.6486401262054844 0.057792001936791376 19.768165599999975
29 0.642260963652054 0.0503517323141862 20.487966900000174
30 0.6375183426810065 0.04552707128466069 25.542643899999803
31 25.321123735483877
-------------------------------------------------END------------------------------------------------------
-------------------------------------------Krylov LM---------------------------------------------------
557.5183306626433 595.8825943851785
392
0 503.1202872530299 525.2817899735375 27.543766400000095
392
1 272.5497141255824 278.9846119173454 23.69692219999979
392
2 233.93159751908988 238.53144062091272 17.99531500000012
392
3 50.67162865654672 48.1007233420984 18.860373299999992
392
4 50.67162865654672 48.1007233420984 18.53252199999997
5 50.67162865654672 48.1007233420984 0.18631699999968987
6 26.24010868973995 25.91473069413827 0.18860510000013164
392
7 26.24010868973995 25.91473069413827 17.734096300000147
8 26.24010868973995 25.91473069413827 0.18682209999997212
9 26.24010868973995 25.91473069413827 0.17055149999987407
10 10.668966241554815 10.160489460488167 0.1807304000003569
392
11 6.874860673427389 6.411119068917889 17.276013000000148
392
12 6.874860673427389 6.411119068917889 17.616611100000227
13 3.857097491447242 3.164494854176651 0.18538489999991725
392
14 2.706809649641265 2.123857270502139 18.932742800000142
392
15 1.927018938971903 1.3197693425966495 18.808587100000295
392
16 1.927018938971903 1.3197693425966495 19.368254700000307
17 1.4092172617405303 0.8274639431876134 0.18202890000020489
392
18 1.2112412274745707 0.598775936653163 19.200172900000325
392
19 1.2112412274745707 0.598775936653163 20.86259969999992
20 0.9976357596138682 0.3849377384148014 0.19909790000019711
392
21 0.9419719076505484 0.3292622417130858 21.119053299999905
392
22 0.9419719076505484 0.3292622417130858 20.27588330000026
23 0.7955492370794677 0.20184546382359303 0.18686060000027283
392
24 0.7601228777894758 0.16947696932665388 21.313856700000088
392
25 0.7279110550436685 0.1361431967055541 21.593146400000023
392
26 0.703011138629593 0.10848856622855935 21.966799699999683
392
27 0.6805024211558223 0.08886004746178168 21.249066800000037
392
28 0.6692308030995446 0.0752237477999098 21.934126600000127
392
29 0.6647052508156709 0.07427391928481511 21.150083399999858
392
30 0.644028223819897 0.05545775783463274 20.82001080000009
392
31 0.6252818828401009 0.03977594595930435 19.999887699999817
392
32 0.6252818828401009 0.03977594595930435 21.301405400000476
33 0.6252818828401009 0.03977594595930435 0.179411699999946
34 0.6208075773324075 0.03710536233175675 0.17423999999937223
35 14.03346704857148
-------------------------------------------------END------------------------------------------------------
------------------------------------Reduced subspace LM---------------------------------------------------
557.5183306626433 595.8825943851785
0.9997405206417406 39
0 500.98201851527 534.5261962783636 0.5065788000001703
0.9997920329126221 39
1 419.08067350800343 445.2224164984256 0.4488769000008688
0.9998003872705242 39
2 328.1307727235794 344.9312468343902 0.4753467999998975
0.9998151127760727 39
3 254.99772284592544 262.8954718473053 0.4641818999998577
0.9984177302471654 39
4 199.03513091328833 202.60878743041 0.4989697000000888
0.979331881804742 39
0.9999981809432641 156
5 198.27680023528814 201.14339532060222 5.642438300000322
0.9848125163504247 39
0.9999919429550802 156
6 198.27680023528814 201.14339532060222 5.43184409999958
0.9848125163504247 39
0.9999919429550802 156
7 190.41342582424932 194.17899998324575 5.5824741000005815
0.9946288337854894 39
8 121.30414438812677 122.60123295360836 0.4690491999999722
0.9737766449708942 39
0.9999948744439436 156
9 120.95473047915027 121.48447931069289 11.40616030000001
0.9929511666066487 39
10 74.28449898924934 73.65376965645903 0.4889941999999792
0.8998137009457557 39
0.9999969876939349 156
11 62.30966526348635 61.48794648352754 5.725482399999237
0.8886814482184892 39
0.9999919818073026 156
12 50.48403739974927 49.83888635257238 5.534243300000526
0.9802357560370331 39
0.9999991276175884 156
13 42.811958477544806 42.222968210602936 5.494338200000129
0.9896785423968534 39
0.9999994091847653 156
14 39.414077678328 39.08600911462301 5.419971899999837
0.9963851699258154 39
15 20.021841962752923 19.425472922981935 0.4775036999999429
0.9972290781862162 39
16 12.603572543816354 12.110897394587214 0.4667386000000988
0.9788844468921022 39
0.9999998422729098 156
17 12.252227444525065 11.733333591317104 5.3572690999999395
0.9935149814336397 39
18 6.998564521477264 6.392584081766376 0.4587172000001374
0.910230874224979 39
0.9999995332032019 156
19 6.456091709998186 5.913436319981986 5.466806600000382
0.9962118516587035 39
20 4.308799869354639 3.669887879386788 0.49347130000023753
0.7237028402675928 39
0.999999966079357 156
21 3.4589264142653295 2.7934374886747095 5.511413499999435
0.9930162242170201 39
22 2.8708208903506605 2.1828827150874077 0.4667621999997209
0.15459873405270563 39
0.999999850559654 156
23 2.2666492897166886 1.5829595544605892 5.312791499999548
0.9910584703184966 39
24 2.001497822000596 1.3102853295815835 0.48526790000050823
0.030334339786799423 39
0.9999994862596342 156
25 1.5551981301975157 0.87093517034579 5.271797299999889
0.9880876111989716 39
0.999999986688848 156
26 1.5227302778505998 0.8399022392467521 5.323571899999479
0.9992857806900853 39
27 0.9359766965075098 0.31065990533220283 0.4844094000000041
0.2103227591466925 39
0.9999999253228266 156
28 0.9167293056349612 0.30957756241327117 5.099454199999855
0.9996019161597 39
29 0.7639888559706496 0.15164617258014346 0.4403486999999586
0.13003355925646698 39
0.9999998969274482 156
30 0.729161743471569 0.1238030639222973 5.417722900000626
0.9943185489769027 39
31 0.7222381642537257 0.11412986802032742 0.45460520000051474
0.0010212200162676886 39
0.999984468890662 156
32 0.7014336955211009 0.09812821376016392 7.487627800000155
0.9905820756733905 39
33 0.6944439325158145 0.08932682547692147 0.4935168000001795
0.0014541198250271204 39
0.9999900986003161 156
34 0.6848847780778508 0.08343682556670189 5.353894699999728
0.996031210367821 39
35 0.6755356424384339 0.07322595033751561 0.49668990000009217
0.0016950651265224923 39
0.9999932599974887 156
36 0.6720006534060613 0.07238542588956841 5.41494640000019
37 3.2384939702703157
-------------------------------------------------END------------------------------------------------------
13
-------------------------------------------Classical LM---------------------------------------------------
505.81295039221646 532.1609972935548
0 426.5032215897357 435.420382778368 12.508446300000287
1 283.6994663042625 290.8570002767284 12.517545300000165
2 283.6994663042625 290.8570002767284 12.576270100000329
3 277.79869406806887 283.33527668782347 12.645816399999603
4 168.5315283022884 171.80082844359623 12.491530500000408
5 93.49991513121292 92.31257935073054 12.581205700000282
6 93.49991513121292 92.31257935073054 21.17790950000017
7 93.49991513121292 92.31257935073054 13.016013100000237
8 26.332102243709173 25.607519728244394 12.489523799999915
9 26.332102243709173 25.607519728244394 12.509232200000042
10 26.332102243709173 25.607519728244394 12.61113639999985
11 14.024153363289573 13.725374704875373 12.616912499999671
12 11.923518264143475 11.575235432272686 12.731903699999748
13 11.923518264143475 11.575235432272686 12.52111960000002
14 5.089894537545743 4.2987885585157235 12.62203479999971
15 5.089894537545743 4.2987885585157235 12.552347900000314
16 3.7540519769721943 3.138808786627875 12.934850699999515
17 2.8883242466532355 2.248550495826145 15.833808200000021
18 2.490155918356765 1.8326005922492956 12.594137000000046
19 2.490155918356765 1.8326005922492956 12.558535599999232
20 1.7719922442266627 1.2087633428025915 12.560755999998946
21 1.6590405747992063 1.0665431965764587 12.635720100000981
22 1.6403621087692721 1.0580321187082449 12.548509299998841
23 1.6403621087692721 1.0580321187082449 18.65469160000066
24 0.9564708992232444 0.40228636249343047 12.489492299999256
25 0.9564708992232444 0.40228636249343047 19.850405900000624
26 0.9046456751290658 0.3489826207709558 12.602870700000494
27 0.8849471037836789 0.32862638466800137 12.75212029999966
28 0.8849471037836789 0.32862638466800137 19.86870309999904
29 0.8378995484231029 0.27751321451408273 19.88025330000164
30 0.823669687298166 0.2633980565243835 19.576725499999156
31 0.8196808180488031 0.2565995429506121 19.56081710000035
32 14.283479515624975
-------------------------------------------------END------------------------------------------------------
-------------------------------------------Krylov LM---------------------------------------------------
505.81295039221646 532.1609972935548
392
0 426.5033794148186 435.4205412151867 18.06150720000005
392
1 285.88180580432993 292.7373767098687 16.780600099998992
392
2 285.88180580432993 292.7373767098687 16.711412599999676
3 275.83944778070617 279.9285218594349 0.14079089999904681
392
4 90.35716664799943 93.92577200750576 16.727418799999214
392
5 90.35716664799943 93.92577200750576 16.66378640000039
6 43.95850127243381 42.760099291313786 0.13941049999993993
392
7 43.95850127243381 42.760099291313786 16.67126769999959
8 43.95850127243381 42.760099291313786 0.11226460000034422
9 17.198052532788676 16.30285106195411 0.09692750000067463
392
10 17.198052532788676 16.30285106195411 16.761683299999277
11 14.068149770640023 13.651596158073874 0.11586959999840474
392
12 14.068149770640023 13.651596158073874 16.738532399998803
13 8.690758733721106 8.215692939885855 0.12483439999959955
392
14 6.594225142837489 6.034071896766464 16.783353899998474
392
15 3.7326926932721967 3.0768066685919404 16.73265480000009
392
16 3.7326926932721967 3.0768066685919404 16.72338359999958
17 2.1271651029513743 1.497372441347924 0.11568889999944076
392
18 1.8325490140079372 1.3493395561162347 16.797008400000777
392
19 1.8325490140079372 1.3493395561162347 16.736211800000092
20 1.5482503061443063 1.0337816366666372 0.10873699999865494
392
21 1.5482503061443063 1.0337816366666372 16.797877799999696
22 1.0718849242302497 0.5454028688407568 0.13098060000083933
392
23 0.9543688271844669 0.40593414711695236 16.84494959999938
392
24 0.9543688271844669 0.40593414711695236 16.80659680000099
25 0.8964636666862498 0.34832646306900905 0.1928807999993296
392
26 0.8880801840703092 0.33274200867874243 16.716445199999725
392
27 0.8880801840703092 0.33274200867874243 16.811757299999954
28 0.841977848420159 0.2872468725493724 0.12542880000000878
392
29 0.8269507583737157 0.266436403265286 16.723777899998822
392
30 0.8134691563151664 0.24628427510378498 16.78892689999884
392
31 0.7793419656528063 0.20751136060734027 16.713894900000014
392
32 0.736853928178839 0.14991215680175246 16.800065999999788
392
33 0.736853928178839 0.14991215680175246 17.767171999999846
34 0.6897782062039736 0.0953777125732087 0.16281630000048608
392
35 0.681037181278056 0.08444413415918849 16.76933160000044
392
36 0.681037181278056 0.08444413415918849 17.01073389999874
37 0.6699505840420988 0.07285310063137768 0.12437929999941844
392
38 0.6644453272266817 0.0663774908924078 18.999041700000816
392
39 0.6644453272266817 0.0663774908924078 16.718589000000065
40 0.6596047093973493 0.0605424984319956 0.1401495000009163
41 11.194857080487543
-------------------------------------------------END------------------------------------------------------
------------------------------------Reduced subspace LM---------------------------------------------------
505.81295039221646 532.1609972935548
0.9997794769123832 39
0 457.9902908844734 480.90231676660704 0.4821384000006219
0.9997850185464429 39
1 388.9845808331133 406.8141869529108 0.4493164000014076
0.9997609141961584 39
2 310.90488689141597 322.66797068303 1.0806210999999166
0.9997152109884434 39
3 243.2099060214212 251.35306077658112 0.48819819999880565
0.9969892450601929 39
4 187.20404869832083 187.31001547557116 0.49507679999987886
0.9701178494627402 39
0.9999984100502844 156
5 184.47333894939268 183.60877265321363 7.969098100000338
0.982309813456249 39
0.9999975054461557 156
6 150.7638780952816 149.27506625542355 13.791979999999967
0.9887548773525761 39
0.9999947231411457 156
7 119.28960303725563 121.81081676870531 8.441262799999095
0.9863184467698067 39
0.9999922785498053 156
8 68.85027885949087 69.71374477510993 5.4703341000004
0.9915254325475913 39
9 27.173902533743163 24.297308340836928 0.5732227999997122
0.8084727790418588 39
0.999993221854809 156
10 22.43381173194155 20.245105899544054 5.46803010000076
0.9910306621146722 39
11 16.876013652058322 14.675033025274118 0.5099300999991101
0.8193736911598243 39
0.9999953815821738 156
12 13.122146788878984 11.586154651828728 5.544060899999749
0.9771606345375651 39
0.9999997960248368 156
13 10.58210115415698 9.317812576981119 5.4464724999998
0.9967563680240532 39
14 6.823962820414103 5.660742290372679 0.46730659999957425
0.945548456764166 39
0.9999997268257887 156
15 6.299651281330521 5.328997304219565 5.376729800000248
0.9924234112332676 39
16 4.459468940337166 3.477204315219877 0.5049719999988156
0.9637589009674641 39
0.9999999365829093 156
17 3.8540349573733126 2.9990980141414374 5.333623499998794
0.9915676703453452 39
18 3.015402458646038 2.1570989877622675 0.5004105000007257
0.7187336463415699 39
0.9999999074471263 156
19 2.6288233997308907 1.817844348182125 5.45519940000122
0.9619514813985086 39
0.9999999852227784 156
20 2.526531604474788 1.7733548896139437 5.391671399998813
0.9980058014107833 39
21 1.8912992027019762 1.1524556217080917 0.47686679999969783
0.11350597189300787 39
0.9999998625313552 156
22 1.532989145155565 0.8366342827359086 5.534264600000824
0.9939425776730977 39
23 1.4498865581215556 0.7466360558105896 0.5389402999990125
0.011047303637514279 39
0.9999884912746213 156
24 1.2137321794416653 0.5421640942648768 5.463371800000459
0.992662531216599 39
25 1.169195150518334 0.4961031016441485 0.47093759999916074
0.010314013409168895 39
0.9999968250162687 156
26 1.0731405415494253 0.4251941032410774 5.502790200000163
0.9960041616882451 39
27 0.886425814147804 0.2438632590340714 0.5056344999993598
0.44959254317276115 39
0.9999999774034626 156
28 0.85584230192313 0.22020416424838488 5.301124000001437
0.9976826496910317 39
29 0.8115466471646284 0.18263821387129195 0.4751348000008875
0.006819406875049793 39
0.9999985890476097 156
30 0.8050581369380628 0.18072214799330147 5.379816099999516
0.9985139552992832 39
31 0.7605579299988773 0.1404255663376219 0.4774256000000605
0.005976311041852507 39
0.9999987458720183 156
32 0.7544883389817091 0.13920858880185563 5.41618169999856
0.9983479523519668 39
33 0.7242673530808807 0.11041381259298953 0.5023158000003605
0.0014580985285341992 39
0.9999943069226515 156
34 0.7155329248327567 0.10621741483356562 7.20518919999995
0.9974623582790296 39
35 0.698117040430286 0.08912169867611594 0.6387920999986818
0.0004651926942263766 39
0.9999831641107493 156
36 0.6852052383647389 0.08049568802298963 5.298724799999036
0.9923217038692155 39
37 0.6786874009861619 0.07358037862976545 0.44995570000173757
0.00015046240647618132 39
0.9999345200930161 156
38 0.6656086708898603 0.06470471437858398 5.33900039999935
0.9495472085357963 39
0.9999999942330419 156
39 0.6555642938383351 0.05768992468266942 5.219957799999975
0.9715242860300902 39
0.9999999852663913 156
40 0.6522445036401622 0.05820036804976182 5.706540300001507
41 3.5400638926828654
-------------------------------------------------END------------------------------------------------------
14
-------------------------------------------Classical LM---------------------------------------------------
610.3836189281084 646.3780104667339
0 311.8174995387928 315.6317424017048 13.132361899999523
1 311.8174995387928 315.6317424017048 20.083895100000518
2 311.8174995387928 315.6317424017048 18.123004299999593
3 208.6837428496427 205.4311318990565 12.81690189999972
4 208.6837428496427 205.4311318990565 15.696630099999311
5 67.68201007374176 68.04107439336632 12.647122200000013
6 67.68201007374176 68.04107439336632 12.639667699999336
7 34.03701728917578 30.572221514857155 12.64981120000084
8 34.03701728917578 30.572221514857155 12.651365100000476
9 18.097341806891542 16.795995491763527 12.539767399999619
10 11.744067137879464 10.808140482376059 12.617165300000124
11 7.395266981473929 7.029602946809926 12.608289499999955
12 7.395266981473929 7.029602946809926 12.531525299998975
13 2.9729555630411135 2.404330588167966 12.596013599999424
14 2.350643911634658 1.6703548029211868 12.593830300000263
15 2.345741966612558 1.8388508570700328 12.57211610000013
16 2.345741966612558 1.8388508570700328 13.135448600000018
17 1.6366905271268442 0.9847895078752724 12.551501399999324
18 1.6366905271268442 0.9847895078752724 17.286053699999684
19 1.2027770358434842 0.571640352663601 12.500532400001248
20 1.0428116828438245 0.43177592238746787 19.168443300000945
21 0.928115937417305 0.31685248422612006 17.859046200001103
22 0.9128838487933663 0.3150845436225802 19.451140200000737
23 0.9128838487933663 0.3150845436225802 19.429032500000176
24 0.7152519039370294 0.10938610051617852 12.487938100000974
25 0.7062977193933527 0.108708874077307 19.784416300000885
26 0.7062977193933527 0.108708874077307 19.65293549999842
27 0.6613727876906865 0.057836822992564714 12.498608500000046
28 0.6555306540974487 0.053380334268211996 19.821494099998745
29 0.6555306540974487 0.053380334268211996 21.501677599997493
30 0.6455755255903739 0.04432263443343821 13.511760699999286
31 0.6438977534661895 0.042771221893111576 12.567033499999525
32 15.053329049999888
-------------------------------------------------END------------------------------------------------------
-------------------------------------------Krylov LM---------------------------------------------------
610.3836189281084 646.3780104667339
392
0 311.81733709492806 315.6322004921363 22.534244799997396
392
1 311.81733709492806 315.6322004921363 21.66037739999956
2 311.81733709492806 315.6322004921363 0.15043650000006892
3 208.68839917054294 205.43771354280202 0.1512825999998313
392
4 208.68839917054294 205.43771354280202 21.128742499997315
5 67.69097113783495 68.04910104860974 0.15504849999706494
392
6 67.69097113783495 68.04910104860974 21.721691799997643
7 34.0364764311102 30.56957977352144 0.15066429999933462
392
8 34.0364764311102 30.56957977352144 16.732287499999074
9 18.099658330001745 16.797317325471784 0.15330799999719602
392
10 11.73813988744581 10.803258310974895 17.207559900001797
392
11 7.397438834066354 7.031768514512822 16.74377430000095
392
12 7.397438834066354 7.031768514512822 16.718308999999863
13 2.973511421787839 2.404845402430285 0.12292340000203694
392
14 2.352086283783816 1.671642843882111 18.394686399999046
392
15 2.340098879421351 1.8349680230964474 18.865187100000185
392
16 2.340098879421351 1.8349680230964474 24.763740399997914
17 1.637027223157236 0.9840392131852518 0.14447060000020429
392
18 1.637027223157236 0.9840392131852518 24.38203860000067
19 1.2031156409356485 0.5720947333682314 0.1299126999983855
392
20 1.0421366788304538 0.4310060117779341 24.155326299998706
392
21 0.9234002443897518 0.3122015541237883 26.360612199998286
392
22 0.908240629494028 0.3099067729705075 26.52674660000048
392
23 0.908240629494028 0.3099067729705075 26.899214500001108
24 0.718420738015696 0.11225686739749678 0.09986930000013672
392
25 0.7128883011359562 0.11578214087518433 26.960646200001065
392
26 0.7128883011359562 0.11578214087518433 28.34856260000015
27 0.6623094064191392 0.05852269884563049 0.1981378999989829
392
28 0.6560867347486126 0.05368650080986104 30.4817944000024
392
29 0.6560867347486126 0.05368650080986104 30.65658639999674
30 0.6460891794069846 0.04456058539520829 0.1845595000013418
392
31 0.6442756970075023 0.04285526864487576 31.172118300000875
32 15.439214390624556
-------------------------------------------------END------------------------------------------------------
------------------------------------Reduced subspace LM---------------------------------------------------
610.3836189281084 646.3780104667339
0.9997504048387214 39
0 544.5005847500951 575.6605151335493 1.07594749999771
0.9997901623513836 39
1 448.6447513790842 472.4913280062531 0.4765194999999949
0.9998454736507519 39
2 341.72646790927314 357.7035807302949 0.4531792999987374
0.9998084612448046 39
3 253.72701203114613 261.8401667058338 0.45485069999995176
0.9992954090222529 39
4 203.07205560593638 206.69395035047032 0.47894610000003013
0.9864850370098972 39
0.9999995104338207 156
5 187.85426630579943 188.31211019987683 5.552776500000618
0.9731467105308984 39
0.9999982708500893 156
6 181.22182639928016 183.2119451485204 5.418819099999382
0.9770807296586074 39
0.9999931112530015 156
7 153.95186878982395 156.36362585901148 5.235394799998176
0.9824587216045169 39
0.9999947741417071 156
8 99.74379230124357 99.10455417733257 5.376655600000959
0.9949561846128662 39
9 32.627786477715205 28.978730604355782 1.083639199998288
0.9820786123378856 39
0.9999984457075359 156
10 28.45903014061977 28.243631906216965 10.600766799998382
0.9952602265921753 39
11 10.631120421144852 9.45915706990272 0.48329000000012456
0.9622965363310502 39
0.999999427161351 156
12 7.598355659143207 6.528172938675365 5.672408900001756
0.9819500836374774 39
0.9999996934175476 156
13 5.79323673028203 4.884390206140121 5.317574699998659
0.9916148479624878 39
14 3.776990760291429 3.0078065818640924 0.5004773999971803
0.7695509357403532 39
0.9999999224443789 156
15 2.8528686637119884 2.142605576283382 5.367040100001759
0.9666691447282402 39
0.9999998979539707 156
16 2.338487321484351 1.7425340564056242 5.271642800002155
0.9965946872441019 39
17 1.502021868218263 0.873306875429781 0.4596865000021353
0.1984633604658777 39
0.9999996752162658 156
18 1.2398099570441954 0.6308676049553265 5.333744999999908
0.9873017641354158 39
0.9999999708622351 156
19 1.1070327661429857 0.505716217590558 5.301068700002361
0.9975816736301664 39
20 1.0217229290360694 0.4066730749609049 1.0680068000001484
0.001415814265212918 39
0.9996586297871735 156
21 0.925805112872152 0.320330206478863 5.2645291000008
0.9947035580001937 39
22 0.9021635525870457 0.29223233682154 0.48596189999807393
0.0004286978495756936 39
0.9997584451807486 156
23 0.8363570814831852 0.2334156917760041 5.6922602000013285
0.9938645582473787 39
24 0.8233912933448726 0.21735558718620246 0.47462129999985336
0.00024115876192257657 39
0.9997017391492184 156
25 0.7745902258698365 0.17248833879568026 5.321621900002356
0.985120632550891 39
0.9999999817315208 156
26 0.771196068120994 0.16648344703156256 5.342270099998132
0.9960313794311842 39
27 0.7135971164010528 0.11463991966312356 0.5532579999999143
0.04012939591464961 39
0.999998560565121 156
28 0.696918752179629 0.09898308639404939 8.593257500000618
0.9954514061161397 39
29 0.6768809239046195 0.07872090423281014 0.8622709000010218
0.003708625336308754 39
0.9999944061963951 156
30 0.6622211300520955 0.06536865369962286 8.58054170000105
0.9939275617334935 39
31 0.6544152932794939 0.056516647471978994 0.4714045000000624
0.00114394620011384 39
0.9999789440807287 156
32 0.6473440388203775 0.049857925356594834 5.686454900001991
0.9941090457958687 39
33 0.6460769668558618 0.048194398728613044 0.5045660999967367
34 3.494572179411775
-------------------------------------------------END------------------------------------------------------
15
-------------------------------------------Classical LM---------------------------------------------------
593.8345763942026 633.6057772458585
0 593.8345763942026 633.6057772458585 15.891997900002025
1 317.0825637160149 326.5640619780873 12.448561100001825
2 148.0636150851778 131.53525833038398 12.560998900000413
3 148.0636150851778 131.53525833038398 12.580223199998727
4 71.93269740546653 68.71038191670188 12.61868069999764
5 22.599854459043026 21.946322287642996 12.680828399999882
6 22.599854459043026 21.946322287642996 16.365552399998705
7 22.599854459043026 21.946322287642996 12.569889599999442
8 11.860390483842627 10.292007495002661 12.720613800000137
9 11.860390483842627 10.292007495002661 12.731540500000847
10 8.909291258915916 7.404895437051945 16.111350200000743
11 8.909291258915916 7.404895437051945 12.89123500000278
12 6.265477581764759 5.077458813443238 12.77613299999939
13 4.48203646337288 3.5321076858129157 12.750394800001231
14 3.3597794620504575 2.5491117031587276 12.862641699997766
15 2.7121142759138994 2.1320436432492404 16.015022299998236
16 2.7121142759138994 2.1320436432492404 13.161413900001207
17 2.0277611657269468 1.4355510816194483 12.663787299999967
18 1.1720748949732323 0.5669612284491513 12.695728500002588
19 1.1720748949732323 0.5669612284491513 12.784639200002857
20 0.9870409985146226 0.3978150379635238 16.19152220000251
21 0.9086010421766479 0.32738338991272353 12.773913699998957
22 0.8892980819597075 0.3006985216343166 12.654237700000522
23 0.8145582550270529 0.23004429232035659 12.616960399998788
24 0.8145582550270529 0.23004429232035659 12.592849699998624
25 0.7082225712143804 0.1194044092446892 12.649438199998258
26 0.7082225712143804 0.1194044092446892 12.775347399998282
27 0.6926841960661599 0.10305559524198807 12.687930800002505
28 0.6859120502831645 0.09679061392005896 12.680602199998248
29 0.6816289576641908 0.0958370074221891 12.749713499997597
30 0.6816289576641908 0.0958370074221891 16.914948699999513
31 0.6673742728786936 0.0786848008509661 12.82150680000268
32 0.6633775628989297 0.0770913119419277 19.218309500000032
33 13.551773127272815
-------------------------------------------------END------------------------------------------------------
-------------------------------------------Krylov LM---------------------------------------------------
593.8345763942026 633.6057772458585
392
0 593.8345763942026 633.6057772458585 22.727033399998618
1 317.08256371392395 326.56406197595965 0.15086339999834308
392
2 148.06366569621713 131.53524777483614 16.7611848000015
392
3 148.06366569621713 131.53524777483614 17.042952499999956
4 71.93628820746424 68.71409080017416 0.1276051999993797
392
5 22.613012204596984 21.962396792572747 16.75577649999832
392
6 22.613012204596984 21.962396792572747 16.839929799996753
7 22.613012204596984 21.962396792572747 0.15411289999974542
8 11.851380150586062 10.284154265593417 0.13811050000003888
392
9 11.851380150586062 10.284154265593417 16.75588190000053
10 8.909143422207423 7.405767719823853 0.12922989999788115
392
11 8.909143422207423 7.405767719823853 16.76892229999794
12 6.262587219368152 5.074538496611285 0.12725589999899967
392
13 4.48247767532264 3.5325318303542685 16.828853800001525
392
14 3.3603980081936897 2.5492644649669662 16.731264799997007
392
15 2.708605693311663 2.1293558409616598 16.80627690000256
392
16 2.708605693311663 2.1293558409616598 16.795037500000035
17 2.055883736486123 1.4649227691139617 0.1241846999982954
392
18 1.1682773126189323 0.5626943738848609 16.731580199997552
392
19 1.1682773126189323 0.5626943738848609 16.724820800001908
20 0.9894077366037214 0.40051631143393307 0.12632080000184942
392
21 0.9097610068444308 0.3288875929096687 16.847507400001632
392
22 0.8917266731136438 0.3021929118567434 16.716906999998173
392
23 0.8039282116763649 0.21412512562218142 21.133883999998943
392
24 0.8039282116763649 0.21412512562218142 22.843059700000595
25 0.7123785394549701 0.12335113540340197 0.15718960000231164
392
26 0.7123785394549701 0.12335113540340197 22.592900999999983
27 0.6938876979823495 0.1036008051781483 0.1595688000015798
392
28 0.6869973109989419 0.0971411973370827 16.825343399999838
392
29 0.6833948894113422 0.09717072637269496 17.741123799998604
392
30 0.6833948894113422 0.09717072637269496 16.82610769999883
31 0.6685778642662649 0.07933299170731987 0.10714590000134194
392
32 0.6646379307938685 0.07791075865538255 16.955110399998375
33 11.9470620363633
-------------------------------------------------END------------------------------------------------------
------------------------------------Reduced subspace LM---------------------------------------------------
593.8345763942026 633.6057772458585
0.9996969800697539 39
0 530.9134905254268 565.0472389717871 0.517888900001708
0.9997907074159798 39
1 439.7703252925585 465.5551018767165 0.5001542999998492
0.9998936729868723 39
2 339.40851057620534 355.0761507590261 0.5017747999991116
0.9999012981203971 39
3 268.593399846932 275.37151101836224 0.47548949999691104
0.99958372396537 39
4 217.06235486912783 219.54393069162586 0.5432138999967719
0.9772113828636858 39
0.9999995013575922 156
5 199.4385046345268 202.69137398454743 6.684173599998758
0.9354944416370927 39
0.9999875176766363 156
6 193.78742469924458 192.27397512666286 11.00724959999934
0.9769250250443506 39
0.9999820230614769 156
7 167.46012613998948 166.38233229341958 13.072822300000553
0.9885583265500094 39
0.9999962902502657 156
8 140.21047768984698 145.32844759578805 11.307093700001133
0.9958924737953622 39
9 35.25932381641608 36.5283084893833 0.4769812999984424
0.9542748768114662 39
0.9999980940646613 156
10 26.954879586606275 27.286252343970858 5.341499699999986
0.9851853598224883 39
0.9999995241502256 156
11 19.103156316328274 19.25902486456415 5.411186699999234
0.9907955401008375 39
12 8.158004920302803 7.615823094336741 0.4768394000020635
0.8382308054475827 39
0.9999991782501075 156
13 6.232044114076072 5.825088378682418 5.526437900000019
0.9520064519033403 39
0.999999686647245 156
14 4.699905609496667 4.278213622103616 5.4142323000014585
0.9874210912365269 39
0.9999998467201945 156
15 3.2227262085392874 2.683466299866215 5.363164399997913
0.9980849587397376 39
16 1.4860986565647685 0.817135209475613 0.4664671000027738
0.41007760674942606 39
0.9999999010839559 156
17 1.1369597923688717 0.501552902104568 5.3894016000012925
0.9891913783537344 39
0.9999999749466262 156
18 0.9194083029865647 0.30041761222476054 7.2870571999992535
0.995815306343913 39
19 0.8047879712410203 0.18629837088098278 1.0809699999990698
0.04088042914360442 39
0.99999912057481 156
20 0.7598275558902113 0.14725050213693164 5.3938254000022425
0.979815336316861 39
0.9999999529115421 156
21 0.7325354163969654 0.12444372362775227 5.320638699999108
0.9956363154991593 39
22 0.7179160337251392 0.10797496363977196 0.48252420000062557
0.0016285868627041844 39
0.9999793612712382 156
23 0.6957717206379259 0.09069951757881047 5.338128499999584
0.9918236482683048 39
24 0.6924933408517989 0.08652538153421278 0.46742429999721935
8.131610935674921e-05 39
0.998322211419161 156
25 0.6762133614019739 0.07408531423483448 5.662725999998656
0.9911007053491356 39
26 0.6743352607735211 0.07148239621134858 0.466856099999859
4.754550542056333e-05 39
0.9991373658642532 156
27 0.6678376534562218 0.07213655181694661 5.450145399998291
0.9991998033340865 39
28 0.653070460466186 0.05445847845145173 0.4836323999988963
0.0031023558601206615 39
0.9999892570820395 156
29 0.6522786172326067 0.05803408253212889 5.2859659000023385
0.9995400533142229 39
30 0.640032721350996 0.043745066068926135 0.48492909999913536
0.001344365894572482 39
0.9999545518414655 156
31 0.6357703262183825 0.04091717696293536 5.333697599999141
32 3.9692059937497106
-------------------------------------------------END------------------------------------------------------
16
-------------------------------------------Classical LM---------------------------------------------------
601.7266086673325 639.4928903911831
0 408.0863855874974 406.8221742428831 12.651007599997683
1 408.0863855874974 406.8221742428831 12.653554199998325
2 279.8422384969258 277.81779023474684 12.6238986999997
3 279.8422384969258 277.81779023474684 13.043572700000368
4 207.4545138736129 208.7214297233382 12.613355499997851
5 207.4545138736129 208.7214297233382 12.58288679999896
6 76.64527022136309 73.76358872009583 12.628348299997015
7 76.64527022136309 73.76358872009583 12.596376299999974
8 76.64527022136309 73.76358872009583 16.42465269999957
9 45.32201479391099 46.35407304141335 12.632929200000945
10 15.234494065412495 15.219546351789628 12.725870999998733
11 9.922910551740397 9.510218021785882 12.660010200001125
12 7.917435575444385 7.44930274306076 12.737260300000344
13 7.085351958491964 5.890751024658258 12.807581299999583
14 5.995529630498655 5.417087649131027 15.815599600002315
15 4.638404190559072 4.022765095314426 12.534961199999088
16 4.638404190559072 4.022765095314426 12.595589500000642
17 1.1283275950940752 0.527847092119168 12.475438099998428
18 1.1283275950940752 0.527847092119168 12.445741999999882
19 0.6678859385791968 0.08283838963816822 12.839326299999811
20 0.6442686016173238 0.0568779403944665 12.733128799998667
21 0.6442686016173238 0.0568779403944665 12.619104099998367
22 0.6303636286061887 0.04355510756870535 12.633756600000197
23 0.6278733128113496 0.04167958665408299 12.561266400000022
24 0.6278733128113496 0.04167958665408299 16.01323709999997
25 0.6248343138177811 0.04026493920872713 12.611511399998562
26 0.6236256573620913 0.04016613614149774 12.677277999999205
27 0.6236256573620913 0.04016613614149774 12.629604599998856
28 0.6216239210933221 0.03873375068989429 12.665530300000682
29 0.6203245141611842 0.038353878337022654 12.599561999999423
30 0.6190647332861475 0.038897750077730504 12.597767999999633
31 12.981603509676901
-------------------------------------------------END------------------------------------------------------
-------------------------------------------Krylov LM---------------------------------------------------
601.7266086673325 639.4928903911831
392
0 408.0876115967055 406.8226877654812 16.668238700000074
392
1 408.0876115967055 406.8226877654812 16.825467099999514
2 284.61361564830486 283.11612891261996 0.13535810000030324
392
3 284.61361564830486 283.11612891261996 20.412601100000757
4 213.65555519566513 214.40802210172603 0.253244800001994
392
5 213.65555519566513 214.40802210172603 16.8086747999987
6 72.33970559363071 68.93117343368458 0.1545970999977726
392
7 72.33970559363071 68.93117343368458 16.879463500001293
8 72.33970559363071 68.93117343368458 0.17124949999924866
9 39.87360237013113 40.334138497912775 0.12489740000091842
392
10 13.728657359355184 13.722380186060839 16.72660629999882
392
11 8.277852182615051 7.586135014038593 16.702654499997152
392
12 6.83529294869093 6.490452374275065 16.785613000000012
392
13 6.83529294869093 6.490452374275065 17.32977369999935
14 2.0233140451778726 1.4499665422007393 0.12390329999834648
392
15 1.3033817721464733 0.6990048315327142 17.872147300000506
392
16 1.3033817721464733 0.6990048315327142 21.988545899999735
17 0.8245034491663847 0.21461143708342223 0.16108949999761535
392
18 0.7926589365970919 0.19840913885639871 20.484607700000197
392
19 0.7926589365970919 0.19840913885639871 16.848597399999562
20 0.7132668075309893 0.1159846373277615 0.12614309999844409
392
21 0.7044804345628496 0.11490390471383967 16.637751100002788
392
22 0.6998298477331532 0.10736242998926945 19.13106440000047
392
23 0.6998298477331532 0.10736242998926945 20.40261140000075
24 0.6630848852310973 0.07281284706226945 0.1424005999979272
392
25 0.6564207604683108 0.06416356104054256 21.767584400000487
392
26 0.6564207604683108 0.06416356104054256 16.86648829999831
27 0.6484201829820933 0.05689126860792217 0.12550860000192188
392
28 0.6443091421151556 0.05205157173477089 16.787320700001146
392
29 0.6424437783634959 0.04971618684291831 16.850011700000323
392
30 0.6424437783634959 0.04971618684291831 16.850097700000333
31 0.6348440616695478 0.041748288345462604 0.12902140000005602
392
32 0.6328260085686132 0.03918517863777856 16.857763500000146
33 12.003972654545302
-------------------------------------------------END------------------------------------------------------
------------------------------------Reduced subspace LM---------------------------------------------------
601.7266086673325 639.4928903911831
0.9997945282740944 39
0 537.2587833685783 570.7376132169607 0.4734649000019999
0.999853224245717 39
1 443.8807552416513 470.5189229814654 0.47264820000054897
0.9998794634674334 39
2 340.7112094370515 357.3723780996176 0.47922810000090976
0.9998994721677178 39
3 266.74973871435344 274.2393220048942 0.4901600999983202
0.9977410701115841 39
4 183.21676056889194 185.53662686048128 0.7193143000004056
0.9425020171125255 39
0.9999948898290159 156
5 174.40857969017515 174.63978537302995 5.36289360000228
0.9739575830343739 39
0.9999871909091472 156
6 162.8899625761195 163.432190058415 9.154702299998462
0.9801194308119483 39
0.9999803683363987 156
7 149.06539137016904 148.68586321253304 11.30861449999793
0.9889665445179681 39
0.999996410950845 156
8 125.47777342860219 123.86224578459954 5.485068099998898
0.9925123071856383 39
9 67.98107034046855 66.63953633521233 0.45434469999963767
0.943604806961481 39
0.9999969050509625 156
10 54.766049769070534 53.62741916599276 7.229702600001474
0.9452696635024792 39
0.9999989524182474 156
11 43.23487598088337 41.61748049017541 5.339169499999116
0.9888485986059311 39
0.9999997667445297 156
12 29.982847449422984 29.308879669427835 5.339251299999887
0.991913280242915 39
13 9.513217336729367 7.906571471589518 0.47411859999920125
0.9420041719972208 39
0.9999999699183963 156
14 8.18062363863221 7.00965516201961 5.347341400000005
0.99117248892532 39
15 5.658669316251954 4.636982255914063 0.47896120000223164
0.4449517319182013 39
0.9999999289201007 156
16 4.973561973260807 4.221598908197902 7.910469099999318
0.9861292903872344 39
0.9999999900705161 156
17 3.611984394567285 2.8115342766329308 10.67099049999888
0.9977703538537032 39
18 2.4948389757825296 1.72178168693107 1.0818043999970541
0.1335377607858507 39
0.999999141600421 156
19 1.8612962139807008 1.1435482477689976 8.572069900001225
0.9799517479962396 39
0.9999999951562712 156
20 1.7106331348117474 1.0578922389285157 5.349949399998877
0.9994597642636979 39
21 1.0800783489209682 0.4302608657307755 0.4537293999965186
0.06006141015878225 39
0.9999997565509667 156
22 0.9566205033389859 0.3300892678800433 5.285593000000517
0.991850836404688 39
23 0.9397863015568513 0.3116119767774232 0.4833324999999604
0.0008309794413171348 39
0.9999941387422895 156
24 0.8744815507985025 0.2615554089576752 5.507057800001348
0.9965333335186184 39
25 0.8488149777256639 0.234776126004085 0.5087592999989283
0.0020135924282077733 39
0.9999975448221698 156
26 0.827245137005043 0.22138107287727446 5.299665400001686
0.9981483698990683 39
27 0.7864768620542029 0.180772825181323 0.4927988999988884
0.004751834366605579 39
0.9999988555577936 156
28 0.7615142631017093 0.1587270375430442 11.010664500005078
0.9927028957052799 39
29 0.742278261950253 0.14051757934342732 0.49409440000454197
0.0033230391962264546 39
0.9999985818359846 156
30 0.7211219555466734 0.12101952737574038 5.367122499999823
0.9917209653256602 39
31 0.7113629642886679 0.11186408714466355 0.4733470999999554
0.0025809209635764933 39
0.9999979964956268 156
32 0.6942211999892117 0.09634640235729501 5.331334900001821
0.9896020775011137 39
0.999999991432134 156
33 0.6849069307034397 0.08904128141745163 5.380314100002579
0.9978652002055276 39
34 0.6731911490675698 0.07775562920076291 0.4807701999961864
0.0014799284342830578 39
0.9999967297275293 156
35 0.6649083527572623 0.07051503663795473 5.235021799999231
0.9972291117988585 39
36 0.6605669729344746 0.06711123634455697 0.7954429000019445
37 3.913332848648802
-------------------------------------------------END------------------------------------------------------
17
-------------------------------------------Classical LM---------------------------------------------------
505.4912036900053 539.7728609425866
0 505.4912036900053 539.7728609425866 17.89431920000061
1 314.42279707098805 318.0113481254025 22.960837900005572
2 314.42279707098805 318.0113481254025 22.8367844999957
3 283.7259007509631 284.9302079863995 24.618084900001122
4 283.7259007509631 284.9302079863995 18.127312199998414
5 132.15996800067228 138.6626399693485 19.90403789999982
6 99.6691631846949 95.83246380812655 19.241125499996997
7 99.6691631846949 95.83246380812655 12.71472150000045
8 32.693296661559096 32.149052663298384 19.486950800004706
9 32.693296661559096 32.149052663298384 12.64688689999457
10 32.693296661559096 32.149052663298384 12.600762900001428
11 13.964870232769183 12.724383680881562 19.75547459999507
12 8.319925836237376 8.095271013162026 23.569419899999048
13 4.466963337984815 3.6418159989415946 12.737936000004993
14 4.466963337984815 3.6418159989415946 12.580525299999863
15 2.7365815004264964 1.9693746065128697 12.538626900000963
16 2.215071936854798 1.5019110432480032 12.796760400000494
17 2.0251392388659806 1.358506597595953 12.654076200000418
18 1.3704627966857081 0.7981539849836129 12.650666200002888
19 1.3704627966857081 0.7981539849836129 12.586555100002442
20 0.9547039768809312 0.3743016651460806 12.608569199997874
21 0.8493808466642873 0.2750945252739952 12.610567100004118
22 0.8493808466642873 0.2750945252739952 12.99184210000385
23 0.8117715417030392 0.2284499687813831 16.22048630000063
24 0.8117715417030392 0.2284499687813831 12.755411999998614
25 0.7658800275760368 0.18708854679273265 12.58957460000238
26 0.7578795397330158 0.17464974170974581 12.679901499999687
27 0.7578795397330158 0.17464974170974581 12.768025000004855
28 0.742901408912877 0.16004551966868852 12.610297399995034
29 0.7353307007392521 0.15008226388721277 12.632612599998538
30 0.7353307007392521 0.15008226388721277 12.593783199998143
31 0.7290823483555715 0.14368420566234802 12.575869799999055
32 0.7232184570899175 0.13647733862023262 12.572766099998262
33 0.7175891388954555 0.12917722128951115 13.175143899999966
34 0.7175891388954555 0.12917722128951115 12.979099600001064
35 0.708068643027116 0.11961820349738586 12.568760100002692
36 0.7023111381178536 0.11316191595587549 12.52181940000446
37 0.6979606360707363 0.10835625978376894 12.650994899995567
38 14.921247094737115
-------------------------------------------------END------------------------------------------------------
-------------------------------------------Krylov LM---------------------------------------------------
505.4912036900053 539.7728609425866
392
0 505.4912036900053 539.7728609425866 16.62482420000015
1 314.4227970739391 318.01134812837233 0.15221729999757372
392
2 314.4227970739391 318.01134812837233 16.636516599995957
3 283.72590072149933 284.9302079665801 0.15376839999953518
392
4 283.72590072149933 284.9302079665801 16.70287549999921
5 132.1599679264642 138.6626398745805 0.12242159999732394
392
6 99.66915863523478 95.83246417150853 16.743207899999106
392
7 99.66915863523478 95.83246417150853 20.42111819999991
8 32.69329912593416 32.14905412952444 0.13392079999903217
392
9 32.69329912593416 32.14905412952444 22.3887687000024
10 32.69329912593416 32.14905412952444 0.1404917999971076
11 13.964864354401064 12.724379305353043 0.13136710000253515
392
12 8.319922891344847 8.095266947378985 26.239488100000017
392
13 4.46696285555483 3.641814775923398 25.67260759999772
392
14 4.46696285555483 3.641814775923398 22.66751330000261
15 2.736581238183082 1.9693739104468393 0.1393469000031473
392
16 2.215071535241262 1.5019103066396147 22.24994190000143
392
17 2.0251705982600545 1.358532891944638 21.95708420000301
392
18 1.370767785110921 0.7984508612142329 21.13773989999754
392
19 1.370767785110921 0.7984508612142329 17.083002799998212
20 0.9547866947567704 0.37434829935813607 0.1432111000031
392
21 0.8493383830420044 0.27510569867395473 16.76179019999836
392
22 0.8493383830420044 0.27510569867395473 16.788628399997833
23 0.8117080168833676 0.22840325550232382 0.14088579999952344
392
24 0.8117080168833676 0.22840325550232382 16.88053149999905
25 0.7658820270683286 0.18708754072433817 0.15129870000237133
392
26 0.7578820227441325 0.1746500174683902 16.87730630000442
392
27 0.7578820227441325 0.1746500174683902 16.73302970000077
28 0.7429060137202002 0.16004177598124977 0.12002460000076098
392
29 0.7353368835477199 0.1500819043808932 16.774261400001706
392
30 0.7353368835477199 0.1500819043808932 16.720854099999997
31 0.72908636064193 0.14367861987760325 0.13712730000406737
392
32 0.723222332902296 0.1364729335159902 16.603630599995086
392
33 0.717599521775898 0.12918213818519808 18.40367019999394
392
34 0.717599521775898 0.12918213818519808 19.14222940000036
35 0.7080681148409922 0.11960740136444506 0.15419570000085514
392
36 0.7023093553440992 0.11315092760727812 19.964701600001717
392
37 0.6979673828794551 0.10835227096285789 21.628092500002822
38 12.674307681578954
-------------------------------------------------END------------------------------------------------------
------------------------------------Reduced subspace LM---------------------------------------------------
505.4912036900053 539.7728609425866
0.9996282051824915 39
0 458.1221244900491 487.041806238996 0.45491219999530585
0.9996764049785458 39
1 389.3596951790998 410.4738232145202 0.44768439999461407
0.9997234783665508 39
2 314.0122347386553 327.0304368176245 0.464653900002304
0.9997054268440309 39
3 260.147082639551 266.0735209509761 0.4472131000002264
0.9944389348719243 39
4 198.50609455124825 198.5022436166259 0.49500320000515785
0.9669298483838749 39
0.9999874708990046 156
5 189.47179481182943 186.96591433478403 5.791473600002064
0.9960561260185915 39
6 119.97738903072356 114.18249381818765 1.5252846000003046
0.9678749285225859 39
0.9999923559327516 156
7 92.76744580869891 88.32474413191427 5.4926732999956585
0.942875867595543 39
0.9999881149456465 156
8 83.08273677381511 79.06918560054045 5.584584899996116
0.9643809768868081 39
0.9999966740046946 156
9 75.6559283657733 72.1596413205071 5.531468099994527
0.9875126845426785 39
0.9999987442743242 156
10 69.24093187174766 66.32109235580707 5.460263099994336
0.9965074664083219 39
11 38.90338496480446 37.29975791224666 0.5042533999949228
0.9823800744859976 39
0.9999997118887043 156
12 30.144851205270896 28.182529692319363 5.429189599999518
0.989032628675515 39
0.9999997025382528 156
13 25.67968377254489 24.223947683977734 5.444894699998258
0.9967856413302366 39
14 10.755712905288597 9.405029920894442 0.5049136000016006
0.9724479830137719 39
0.9999998759099128 156
15 9.04287466654776 7.92855581672198 5.460030800000823
0.9931332841909454 39
16 6.177828154763495 4.986578489799206 1.058784699998796
0.8834032892828544 39
0.9999999191151785 156
17 4.995789123010624 4.025738846085026 12.896968100001686
0.9946431328801042 39
18 3.991628714768452 2.9697598091613866 1.0640204999945126
0.7054403075754214 39
0.9999999722725639 156
19 3.181292771984853 2.3172733534742096 5.46763660000579
0.9934280453746033 39
20 2.7786854382923263 1.8877916704054862 0.4880228000038187
0.32751490253592874 39
0.9999999508785192 156
21 2.075660203542903 1.266349766456624 5.335469300000113
0.9788385651571425 39
0.9999999781253327 156
22 1.9555166778463238 1.2320055588279661 5.24933510000119
0.9983526113178701 39
23 1.1322651134585164 0.4740105374813025 0.45664579999720445
0.6938250511439527 39
0.9999999801453157 156
24 1.0408832556547456 0.4030171768070126 5.29656260000047
0.9976716599142939 39
25 0.8244479212049675 0.20328410261275853 0.5000118000025395
0.07157253107897912 39
0.999999819979816 156
26 0.7646979212273982 0.1473198480835726 5.237573999998858
0.9802041872471844 39
0.9999999891685455 156
27 0.7311254675431675 0.11852480030047781 10.939037899996038
0.9947230577993028 39
28 0.7133399202547578 0.10803192166557046 0.790113899995049
0.0018592446434884276 39
0.9999943635199848 156
29 0.689011184736767 0.0862753723457517 5.29201699999976
0.9981473403962234 39
30 0.666681782838772 0.0703685909154244 0.4787186000030488
0.007444278709128598 39
0.9999988869311706 156
31 0.6516775926787739 0.05825509053555947 5.118675999998231
0.996439195204556 39
32 0.6438987999849389 0.05237193738797953 0.600674400004209
0.010422455961796237 39
0.9999992237233701 156
33 0.637660686583511 0.047178504828728665 5.062487399998645
0.9895510674244262 39
0.9999999925234764 156
34 0.6342410258642223 0.04451305261450123 8.311253200001374
35 3.676643034285059
-------------------------------------------------END------------------------------------------------------
18
-------------------------------------------Classical LM---------------------------------------------------
642.7081710964808 682.119811103604
0 453.8994772616393 491.7778973119267 17.838209300003655
1 335.46559453812205 335.8983308365768 19.570325200002117
2 257.5223064168687 263.246202571665 12.664414400001988
3 211.94735763361427 224.0771205631675 12.557991399997263
4 186.83703063242163 185.250883792684 16.341831199999433
5 186.83703063242163 185.250883792684 12.958037699994748
6 121.9833741522658 120.3218336232363 12.515053200004331
7 121.9833741522658 120.3218336232363 12.619421199997305
8 121.9833741522658 120.3218336232363 19.26356260000466
9 91.971222220829 93.36098796209018 13.239175399998203
10 66.607227239094 66.40303798693253 19.91612460000033
11 66.607227239094 66.40303798693253 19.075429099997564
12 32.33789617619696 31.36258611222011 19.78330889999779
13 32.33789617619696 31.36258611222011 20.074243499999284
14 32.33789617619696 31.36258611222011 13.170340299999225
15 22.31454531627226 21.522879452305016 12.615426600001229
16 22.31454531627226 21.522879452305016 14.46122249999462
17 6.915132894607069 5.974430447398279 12.60095320000255
18 6.915132894607069 5.974430447398279 12.584582699993916
19 3.612446977025912 2.8103428144180147 12.585747899996932
20 2.5619106540241754 1.8932223364810765 12.51899129999947
21 2.2521841333248966 1.681350715510213 12.642302100000961
22 1.659992442285498 1.1353318458255461 12.519428999999946
23 1.659992442285498 1.1353318458255461 14.215199999998731
24 1.2703068738443504 0.7520710584951762 14.657249600000796
25 1.2703068738443504 0.7520710584951762 12.451932800002396
26 1.000898024364979 0.41111613875013336 12.582361200002197
27 0.9238182378230092 0.35395989923130855 12.587572899996303
28 0.8692406941357119 0.2774440705445233 12.477810999997018
29 0.8035830688992935 0.2156040920566231 12.547191999998176
30 0.7786934576810453 0.18928511974763843 12.66523249999591
31 0.6852105709870754 0.09341969947381125 12.469496299992898
32 0.6670887119318328 0.07301478628240812 12.358661800004484
33 0.6670887119318328 0.07301478628240812 12.416189100003976
34 0.6343565836331579 0.0434325764767018 12.481871500000125
35 0.6225015368762219 0.03359803443854663 16.232900499999232
36 0.6225015368762219 0.03359803443854663 12.572416999995767
37 0.6167149314131233 0.029022479501908147 12.467631899999105
38 0.6167149314131233 0.029022479501908147 12.374783600003866
39 0.6142037676277984 0.02759060679226991 12.640929399996821
40 14.107888909999383
-------------------------------------------------END------------------------------------------------------
-------------------------------------------Krylov LM---------------------------------------------------
642.7081710964808 682.119811103604
392
0 453.9013832345219 491.7784721654416 16.56191840000247
392
1 316.94079616849035 313.97823404905233 16.858656199998222
392
2 224.2457770664776 228.20791291635345 16.756955300006666
392
3 118.03743145043669 121.29220293618195 16.79565719999664
392
4 41.99790383469082 40.38087136812785 16.630663800002367
392
5 41.99790383469082 40.38087136812785 17.010361199994804
6 41.99790383469082 40.38087136812785 0.13745279999420745
7 41.99790383469082 40.38087136812785 0.13809239999682177
8 18.703912314565823 18.740001689214164 0.12461330000223825
392
9 18.703912314565823 18.740001689214164 16.72577309999906
10 12.314115653117211 11.868102608672512 0.11213380000117468
392
11 12.314115653117211 11.868102608672512 16.64187420000235
12 12.314115653117211 11.868102608672512 0.12281330000405433
13 5.8663564349069235 5.281875176222056 0.12432470000203466
392
14 3.9873120102690067 3.6083161302845688 16.706100700001116
392
15 2.94222153336315 2.462429650421186 16.556667700002436
392
16 2.7931777259672903 2.3479510349184722 19.364230500003032
392
17 2.7931777259672903 2.3479510349184722 20.15723469999648
18 1.6863428177898538 1.0834687910846026 0.13368700000137324
392
19 1.6863428177898538 1.0834687910846026 22.626198300000397
20 1.2580014675095514 0.6977438626435359 0.14456629999767756
392
21 1.1880171892291485 0.5924395687597435 21.9855230999965
392
22 1.057091135030497 0.45950200159155374 16.82657559999643
392
23 1.057091135030497 0.45950200159155374 16.817780299999868
24 0.9608465266693598 0.36080145190145296 0.13854559999890625
392
25 0.8921638732054711 0.27300493775032214 16.802587400001357
392
26 0.8921638732054711 0.27300493775032214 16.8112575999985
27 0.7374830369493771 0.14436558650113926 0.14234700000088196
392
28 0.7141324822507309 0.11565918536562952 16.76975279999897
392
29 0.7132190442704522 0.12034191588129038 16.797035600000527
392
30 0.6948641553854251 0.10306677193504908 20.462368499996956
392
31 0.6948641553854251 0.10306677193504908 16.7606525999945
32 0.6530681202596593 0.05750242585895679 0.13700640000024578
392
33 0.6530681202596593 0.05750242585895679 16.64170860000013
34 0.6437216026033873 0.049784349623025775 0.1360080000013113
392
35 0.6408302682210153 0.0470037174712548 16.736504599997716
36 11.788767461110789
-------------------------------------------------END------------------------------------------------------
------------------------------------Reduced subspace LM---------------------------------------------------
642.7081710964808 682.119811103604
0.999748214281732 39
0 571.6052685316922 607.3165749871823 0.4557293000034406
0.9998353635331783 39
1 468.41655185227785 498.20202330746054 0.5164642999952775
0.9998939274945996 39
2 353.8514337469786 374.32876254962395 0.8738299999968149
0.9998615184896702 39
3 270.9528021505568 280.70664520662626 0.4590050999977393
0.9997471584606623 39
4 218.76142578712674 222.87622895720222 0.46592600000440143
0.9512997526835532 39
0.9999985178930502 156
5 216.8666546205394 223.56647288008983 5.722729699999036
0.9595705308531346 39
0.9998980529127208 156
6 201.63008985842546 205.58735084678744 10.761485399998492
0.956851369932724 39
0.9998524118009292 156
7 178.72764237127157 181.03118682824686 7.2433405999981915
0.9836841110329724 39
0.9998036453264072 156
8 107.60097788938148 109.73269538220822 5.238183800000115
0.9954981660277583 39
9 25.808718786202338 25.563524137606656 0.7434099999954924
0.9084613181133798 39
0.9999765051293175 156
10 17.48728009087982 17.11066399222587 9.005223000000115
0.9537719497212448 39
0.9999766107207678 156
11 12.56567338146712 12.121626034073625 5.3695303999993484
0.9779627956173227 39
0.9999946259498943 156
12 10.040349229470655 9.563955736884582 5.500584599998547
0.9932067696148937 39
13 3.6138707783213664 2.936886410033957 0.44214040000224486
0.9139267774102733 39
0.9999998249523683 156
14 3.195430299337303 2.571304221796948 5.469575600000098
0.9940822369172432 39
15 2.7325208553159164 2.066835435429954 0.4654413999960525
0.018650020518188582 39
0.9999135541452079 156
16 2.354331244097634 1.7056125668362028 5.054233000002569
0.991585991841383 39
17 2.1470633079606474 1.4856859579400075 1.0649392999985139
0.009889260166581126 39
0.9998910019072246 156
18 1.848504430454355 1.2240864945140193 9.62382660000003
0.9918197290822128 39
19 1.7305640066088512 1.093417414226279 0.47308029999840073
0.007924532740902622 39
0.9999837239878722 156
20 1.7090069919342845 1.1730296174717865 10.42750679999881
0.9949344423861023 39
21 1.2470414827103213 0.685295693692992 0.46465510000416543
0.09095899905145387 39
0.9999990852822545 156
22 1.1504775723223286 0.606274073869364 5.029715399999986
0.9962168327136263 39
23 0.9494335180868997 0.38034895930427265 0.5225031000009039
0.04385393906003923 39
0.9999968048978123 156
24 0.8561501927534275 0.26492681973533405 7.802331300001242
0.9973230433408603 39
25 0.7996172048737402 0.2051203807529871 0.5481749000027776
0.009457745758149564 39
0.9999883062366033 156
26 0.7678044860731996 0.1800572694172507 5.146801000002597
0.9981722271527824 39
27 0.7281639721984091 0.13160206220372864 0.46575389999634353
0.010981308252320663 39
0.9999879630136562 156
28 0.7201426170318913 0.12875287205371946 13.966330100003688
0.9981900996891441 39
29 0.6878982594790527 0.09256537991793047 0.46722030000091763
0.006588697964091597 39
0.999995712482482 156
30 0.6777282957481112 0.08429636178617497 10.136050400004024
0.9989269086645386 39
31 0.6635943644712553 0.06692233448513403 0.9904463999992004
0.0007734741508162878 39
0.9996593517165265 156
32 0.655622521235208 0.059928993078122245 5.2839528000040445
0.9936454827342615 39
33 0.6543966639541037 0.057776132553279326 0.5098826000030385
34 4.02088243823549
-------------------------------------------------END------------------------------------------------------
19
-------------------------------------------Classical LM---------------------------------------------------
630.044385489687 672.1180061474213
0 391.6116028135373 404.0197809333595 12.433219999998983
1 222.28354646817297 207.3975797961182 12.63790400000289
2 104.41109645603927 93.63660955061391 12.98250559999724
3 85.5318024120206 84.41070514473299 16.83335629999783
4 85.5318024120206 84.41070514473299 16.35293129999627
5 73.074473587602 79.7504983130077 12.57450780000363
6 73.074473587602 79.7504983130077 12.511790500000643
7 73.074473587602 79.7504983130077 12.614844199997606
8 27.009503892016063 28.74774394507846 20.94257700000162
9 27.009503892016063 28.74774394507846 23.89843230000406
10 27.009503892016063 28.74774394507846 13.93847950000054
11 12.49202479005625 12.355004438899417 12.547761299996637
12 12.49202479005625 12.355004438899417 15.683874399997876
13 8.259714269786667 8.095050062685347 12.549875799995789
14 5.5885988951526056 4.974693546480253 12.6270646999983
15 5.5885988951526056 4.974693546480253 12.746472300001187
16 3.325191497388678 2.6719439483907896 12.553648999994039
17 2.58508750002446 1.943928302499476 12.669473300004029
18 2.0833598240947366 1.501259546668586 12.58973220000189
19 2.0833598240947366 1.501259546668586 16.348236500001804
20 1.99803175220059 1.4814583637498964 12.546180199999071
21 1.5189744062275774 0.996298098018753 13.073659199995745
22 1.5189744062275774 0.996298098018753 16.38861710000492
23 1.42209911451682 0.8752843451764041 12.509195999999065
24 1.1013763063339082 0.5521742268217995 12.497387399998843
25 1.1013763063339082 0.5521742268217995 12.59687059999851
26 0.9646076216520753 0.403483543820834 12.503916599998774
27 0.8710189122670993 0.29218207351198994 12.496225100003358
28 0.8710189122670993 0.29218207351198994 12.528096599999117
29 0.8268100637102666 0.24613123039227436 12.492962100004661
30 0.7989967615042611 0.21863351567179515 12.502904299995862
31 0.7989967615042611 0.21863351567179515 15.957280900001933
32 0.7661447401800727 0.17832305669150827 29.44392119999975
33 0.7475104122626657 0.16134205611685198 25.034192299994174
34 0.7346867932928052 0.14627993591342642 22.019496799999615
35 0.7278538068342738 0.1414106731183935 22.558407199998328
36 0.7278538068342738 0.1414106731183935 21.696112500001618
37 0.6761565680381683 0.08716507256017311 12.452094100000977
38 0.6697073517885169 0.08074113015896964 12.428506399999605
39 0.6676342942820294 0.08009225909436661 12.449063599997316
40 15.105294454999603
-------------------------------------------------END------------------------------------------------------
-------------------------------------------Krylov LM---------------------------------------------------
630.044385489687 672.1180061474213
392
0 391.61026996755794 404.01891508050414 21.261253799995757
392
1 224.0362896628026 207.0402516494175 17.379367499997898
392
2 72.7723474789959 67.20438282210465 16.580854300002102
392
3 60.373145452398795 56.41257648889032 17.867626200000814
392
4 60.373145452398795 56.41257648889032 17.20036309999705
5 60.373145452398795 56.41257648889032 0.1472788999963086
6 38.63179658596869 36.2659004690391 0.11141750000388129
392
7 38.63179658596869 36.2659004690391 18.16805249999743
8 24.73664355800724 24.61426683905503 0.10100190000230214
392
9 24.73664355800724 24.61426683905503 16.59040379999351
10 24.73664355800724 24.61426683905503 0.15567949999967823
11 19.035694765557185 19.34560190592977 0.14762750000227243
392
12 16.891865195593507 15.69329784202597 16.565405400004238
392
13 16.891865195593507 15.69329784202597 16.654699500002607
14 5.165383738271505 4.575821422237183 0.18412529999477556
392
15 3.054975807508736 2.525679416865608 17.53251789999922
392
16 3.054975807508736 2.525679416865608 17.22978509999666
17 1.4928742648276319 0.8330839875087631 0.15489510000043083
392
18 1.4373510342217064 0.8301294140562621 16.56650069999887
392
19 1.3549497362299558 0.8358958619404834 16.682023900000786
392
20 1.3549497362299558 0.8358958619404834 16.56654329999583
21 1.0676511056274445 0.4858686638230187 0.11859110000659712
392
22 0.929241213139191 0.34522599142173316 20.48757079999632
392
23 0.929241213139191 0.34522599142173316 23.0126392999955
24 0.7109542885123139 0.1173965931226891 0.1594381999966572
392
25 0.6824400858236158 0.08413300817746955 20.47685630000342
392
26 0.669138196418671 0.0712170659313504 26.16807279999921
392
27 0.667254966255681 0.06962716627540251 21.901676400004362
392
28 0.6514879485088965 0.060431174358132486 21.31356080000114
392
29 0.6395745750444597 0.04675246878270087 21.232125800001086
392
30 0.6395745750444597 0.04675246878270087 21.18629659999715
31 0.6395745750444597 0.04675246878270087 0.1543623999968986
32 0.6293796173962459 0.04111005877696489 0.15860370000154944
392
33 0.6198794771811164 0.03175561195539574 16.97671360000095
392
34 0.6198794771811164 0.03175561195539574 16.796053400001256
35 0.6187928007768069 0.032169324092887905 0.13206769999669632
36 12.614501433332812
-------------------------------------------------END------------------------------------------------------
------------------------------------Reduced subspace LM---------------------------------------------------
630.044385489687 672.1180061474213
0.9997804543471648 39
0 561.1124580938282 597.7040052660199 0.48171340000408236
0.999858836114952 39
1 461.0545218689612 489.0036722849419 0.4758868999997503
0.999911235987584 39
2 350.3408582607149 367.6333917322426 0.474881699999969
0.9998994041725275 39
3 271.5410131399103 281.0973666586669 0.5039121999943745
0.9989933499635412 39
4 213.50932854143585 217.74425534317572 0.7703769999934593
0.9751135173246023 39
0.9999967136742015 156
5 213.50932854143585 217.74425534317572 5.599867700002505
0.9751135173246023 39
0.9999967136742015 156
6 209.5812161867818 213.42777104649107 5.732259700002032
0.9707182328777905 39
0.9999941802213655 156
7 205.7512139011384 210.01132400946034 5.639728900001501
0.9910041651976594 39
8 166.70138940935541 167.2476814597838 0.4809977999975672
0.9532065013658533 39
0.9999863005039563 156
9 152.89045360888792 154.23889101839904 10.928446799996891
0.9787703185108017 39
0.9999876705147186 156
10 130.0831626404858 134.1858488098978 8.45693449999817
0.9794685653692476 39
0.999989524765978 156
11 104.94969954902204 107.6142156229365 5.4271466999998665
0.9936326157622187 39
12 58.68454243348958 55.878144058817576 0.46145919999980833
0.9884993203303606 39
0.9999967551017022 156
13 39.02499748527183 37.03069029490293 5.3725772999969195
0.9935774191117552 39
14 16.187628960511308 15.250045747623206 0.9188550999970175
0.8989158633508613 39
0.9999993907070085 156
15 15.282572381729464 14.569304930302499 6.407229599994025
0.9921478050121769 39
16 9.727655124652774 8.818891373656975 0.4890187999990303
0.9233287391229273 39
0.9999993586135522 156
17 8.047433834127144 7.240156452581836 5.431198799997219
0.984114984015987 39
0.9999994911608656 156
18 6.331059738037104 5.660579677486953 5.4519828999982565
0.9936183550826349 39
19 4.005097535150628 3.167203060110439 0.5150290000019595
0.7372187210587652 39
0.9999995304104465 156
20 3.171889337099516 2.382633462873692 11.528287699999055
0.9922350482624664 39
21 2.728410006170202 1.9795663503569307 1.085005100001581
0.08293390592275075 39
0.9999996731837104 156
22 2.2625898797736625 1.600510485598712 5.334783199999947
0.9810896422526432 39
0.9999999794689867 156
23 2.043959950304723 1.4020610892034502 5.565373400000681
0.9916485633937651 39
24 1.7146171103850065 1.0184306430664432 0.5303784999996424
0.05082613040143103 39
0.9999996452023139 156
25 1.3999354974453908 0.7534326366912971 11.701507400000992
0.9922200392699542 39
26 1.3132752509052237 0.6448023715015295 0.4940045999974245
0.009277088098319633 39
0.9999985023531378 156
27 1.1053009985676614 0.4682865995226533 5.50574410000263
0.9929690739657064 39
28 1.0662455004639981 0.4233319383945358 0.7299124999990454
0.0032586233091570506 39
0.9999955257724544 156
29 0.9317044442142178 0.3118462845365811 12.661558599997079
0.9903430873244163 39
30 0.913339237559339 0.28858364382259294 0.9755517000012333
0.000781379830145392 39
0.9999562686565874 156
31 0.864561093483336 0.27291926894952634 6.544721699996444
0.9989914860077111 39
32 0.7570083774943955 0.15699456998246494 0.47894880000239937
0.015521157846871034 39
0.9999951782970832 156
33 0.7234914567982178 0.13735007463625779 7.792357499994978
0.996369629502706 39
34 0.6912689901094456 0.10076053666452188 0.46937179999804357
0.05635662617916269 39
0.9999998683438633 156
35 0.6743650597077651 0.08754493668511089 11.708128899997973
0.9917099997513441 39
36 0.6714101293097143 0.08289378001988877 1.0620736999990186
37 4.167221978377367
-------------------------------------------------END------------------------------------------------------
20
-------------------------------------------Classical LM---------------------------------------------------
664.8559464788207 703.1642986041485
0 449.6584227456726 481.19912543745295 19.31282979999378
1 217.9639475837845 210.902718318075 18.753748399998585
2 217.9639475837845 210.902718318075 22.044751900000847
3 122.32649593631741 125.59592546608847 27.43619430000399
4 122.32649593631741 125.59592546608847 32.343869399999676
5 122.32649593631741 125.59592546608847 12.496903999999631
6 46.7082233478104 47.871144860132645 12.613783100001456
7 45.321563438460664 44.4952826970585 12.597195599999395
8 45.321563438460664 44.4952826970585 12.390095399998245
9 28.942739163814636 28.255666758581537 12.89866869999969
10 28.942739163814636 28.255666758581537 14.362900400003127
11 28.942739163814636 28.255666758581537 12.588489499998104
12 11.161247738474257 10.275983902869157 12.50013499999477
13 11.161247738474257 10.275983902869157 12.608821200003149
14 5.931975047881323 5.374317997225785 12.938169900000503
15 4.312561469417034 3.656319819723963 12.749520099998335
16 3.5610167193511284 2.839972503386598 12.604388100000506
17 2.9060624227649523 2.2031029902846013 12.613734500002465
18 2.9060624227649523 2.2031029902846013 12.570496399996046
19 2.2826063187223897 1.6257035783006655 12.931792399998812
20 2.0907110790957675 1.441614550121329 16.41494529999909
21 1.919294339543397 1.2859059307714975 12.609226799999306
22 1.919294339543397 1.2859059307714975 12.48111460000655
23 1.4033803519758865 0.7964302299005074 12.541513999996823
24 1.3460933215943405 0.7468597487200493 12.603287300000375
25 1.3460933215943405 0.7468597487200493 16.30772750000324
26 1.133860351836319 0.5580621583804206 12.594740799999272
27 1.133860351836319 0.5580621583804206 12.713057200002368
28 1.0596371459215628 0.4867653560265172 12.534308199996303
29 1.0439748367462283 0.47122813608934494 12.570632599999954
30 1.0439748367462283 0.47122813608934494 12.603522199999134
31 0.9850820779791584 0.40923652595269333 16.244692200001737
32 0.9531215845298003 0.3745939018251056 15.598273399999016
33 0.9132876816062461 0.33466460959449656 12.957544400000188
34 0.9132876816062461 0.33466460959449656 12.65896399999474
35 0.872341196899807 0.28628890905464077 29.018594599998323
36 0.842259064977128 0.2560922654250393 23.32773260000249
37 0.8146832987824085 0.22389040732956966 20.662155999998504
38 0.8146832987824085 0.22389040732956966 20.325518500001635
39 0.7701330504752621 0.17686509031439934 12.486634000000777
40 0.7507876782747577 0.15528322303478087 12.550618399996893
41 0.7265433126789228 0.13044919333569577 12.561661699997785
42 0.7035326228510898 0.10933220281678672 12.544729299996106
43 0.7035326228510898 0.10933220281678672 12.764920699999493
44 0.6703859945204905 0.07669575354167439 12.588639799992961
45 0.6703859945204905 0.07669575354167439 16.277760500001023
46 0.664530984061671 0.07057083085301442 12.41962319999584
47 0.660600259573921 0.06646960204051047 16.17085390000284
48 15.176864204166122
-------------------------------------------------END------------------------------------------------------
-------------------------------------------Krylov LM---------------------------------------------------
664.8559464788207 703.1642986041485
392
0 449.6544452724857 481.19620799873366 20.256542300005094
392
1 218.58049799969496 213.20616124313364 16.674535600002855
392
2 182.2250043971017 179.84439716007452 16.64979790000507
392
3 132.2534246275232 133.6993463726929 16.70435759999964
392
4 132.2534246275232 133.6993463726929 16.747851599997375
5 123.9201210501252 117.87634107629096 0.14984319999348372
392
6 63.858693900262544 60.14372228105721 16.72057720000157
392
7 63.858693900262544 60.14372228105721 16.71744949999993
8 63.858693900262544 60.14372228105721 0.16912159999628784
9 63.858693900262544 60.14372228105721 0.17038529999990715
10 21.840064899308963 19.968369224558526 0.1692481000063708
392
11 21.840064899308963 19.968369224558526 18.067898500004958
12 16.329003116386268 15.516613833656113 0.17775710000569234
392
13 11.399195598060693 10.077614234561409 18.832616200001212
392
14 11.399195598060693 10.077614234561409 16.960794499995245
15 11.399195598060693 10.077614234561409 0.17717560000164667
16 10.77396803261754 9.70171033447371 0.14071320000221021
392
17 5.001978089031174 4.0960362823608625 20.200362200004747
392
18 5.001978089031174 4.0960362823608625 16.82003409999743
19 4.123136329205085 3.2844420231841305 0.12280720000126166
392
20 3.1954610662074208 2.49359921458413 17.01593860000139
392
21 2.7658775563475198 2.099600465326083 17.094714900005783
392
22 2.6610493359067706 1.999258961913701 17.07314249999763
392
23 2.6610493359067706 1.999258961913701 17.231062999999267
24 1.8472651751086888 1.2351817803532217 0.11745819999487139
392
25 1.635026697686771 0.9913429188822431 17.170733300001302
392
26 1.635026697686771 0.9913429188822431 17.287152199998673
27 1.635026697686771 0.9913429188822431 0.11298600000009174
28 1.4977507876170524 0.8824595914715643 0.11246540000138339
392
29 1.0561099575160087 0.43879680197351345 17.887153699994087
392
30 1.0561099575160087 0.43879680197351345 19.515557300001092
31 1.0228060456917922 0.4177119694342048 0.18386869999812916
392
32 0.9278340698874655 0.3182295189502496 19.50893590000487
392
33 0.9278340698874655 0.3182295189502496 22.244700800001738
34 0.9072114222907989 0.30757070231541617 0.17541809999966063
392
35 0.8572242545885485 0.25817735382695195 20.081120099996042
392
36 0.8572242545885485 0.25817735382695195 19.994188899996516
37 0.84160539826811 0.24719631839943207 0.1592441000029794
392
38 0.8167647410203588 0.2257836958938581 17.209529300002032
392
39 0.7982140062581229 0.2097171567348281 17.10240740000154
392
40 0.7982140062581229 0.2097171567348281 17.105464199994458
41 0.7732244371842937 0.18549340046177598 0.11111689999961527
392
42 0.756693000081548 0.17047405364555004 18.84796319999441
392
43 0.7446218185114251 0.15757304387856635 17.021483600001375
392
44 0.7417099946984379 0.15022867226138764 17.007072899999912
45 12.000016615555797
-------------------------------------------------END------------------------------------------------------
------------------------------------Reduced subspace LM---------------------------------------------------
664.8559464788207 703.1642986041485
0.9997146015861357 39
0 589.8494040244149 623.7413130709218 0.7828338000035728
0.9997969105767321 39
1 480.9588661399616 507.89845477110646 0.470246999997471
0.9998754394313322 39
2 360.7216436020122 378.2666823899303 0.49609110000164947
0.9998891546187119 39
3 276.37362308828574 285.1463716109115 0.4616932999997516
0.9997522479969327 39
4 239.6624829223407 246.5146091115194 0.48790220000228146
0.9819995565814783 39
0.9999997920492648 156
5 235.91319673207124 242.1980610868259 5.7661561999993864
0.9854240828375928 39
0.9999992371916907 156
6 235.91319673207124 242.1980610868259 5.788330999996106
0.9854240828375928 39
0.9999992371916907 156
7 235.8395576961191 242.03287542757025 5.867184899994754
0.9848339720991908 39
0.9999903034687931 156
8 235.8395576961191 242.03287542757025 5.717030599997088
0.9848339720991908 39
0.9999903034687931 156
9 223.88799104579007 229.2548101897089 5.6424594999989495
0.9872141939287089 39
0.9999981835798034 156
10 209.83940456800983 214.79813769856193 5.922283900006732
0.9708086203114237 39
0.9999946316483143 156
11 209.07317460059878 212.63717237131772 12.888828700000886
0.9961775703892323 39
12 61.26325583223037 64.85027183143126 0.48839199999929406
0.9573212227568635 39
0.9999554323350752 156
13 41.9556800846934 42.94749931113177 5.295750800003589
0.9862311320881614 39
0.9999994946305045 156
14 34.21888150460039 34.51518124894895 5.335815699996601
0.9952070046629882 39
15 15.577529403843544 14.878394806797752 0.47153180000168504
0.9755144367697738 39
0.9999980830902299 156
16 13.584785813642549 12.96525326052412 5.492773099998885
0.9931090590227492 39
17 8.301605984950019 7.16369956319431 0.4858310999989044
0.9761074110321323 39
0.999999449572592 156
18 7.997572628673334 7.013662027604165 5.305853500001831
0.9952718796465125 39
19 4.949120488766851 3.9883048884408674 0.49792819999856874
0.9285685039623341 39
0.9999994846297895 156
20 3.846332794288341 2.9802010132732386 7.464933499999461
0.9844661040047509 39
0.9999998642578526 156
21 3.7701473554888785 3.020203705530652 11.499332999999751
0.9984682874305895 39
22 2.267214650013321 1.489866265249579 0.47810829999798443
0.5785888892500053 39
0.9999998150126773 156
23 2.0018519528576952 1.2613850939003401 5.5388190999947255
0.9881103762794079 39
0.9999999901416312 156
24 1.9651120022026651 1.2900457525035636 5.814297400000214
0.998670568679013 39
25 1.4484633800581708 0.7530824961280801 1.0178564000016195
0.43214624853978245 39
0.9999999756998993 156
26 1.2165812064656778 0.5657214189007127 5.974970600000233
0.9957511235564667 39
27 1.1499227987992886 0.49717756666213786 1.0678160000024945
0.006147947619799973 39
0.9999982448184249 156
28 0.9983866026869471 0.37263449625786477 5.906996500001696
0.9948829417690261 39
29 0.9635261699507032 0.33734688818656206 1.032292600000801
0.008166747980167975 39
0.999998559649772 156
30 0.8694430377363227 0.25901845071749124 11.535563999997976
0.9949845994097809 39
31 0.8469161017343438 0.23616388109441105 1.0768462000050931
0.004777332077175333 39
0.9999983511866535 156
32 0.7898584378849398 0.18827384305529193 8.8281216999967
0.9960165073323224 39
33 0.772976925210344 0.17007213456259201 0.458246499998495
0.004959147593133633 39
0.9999983913339966 156
34 0.7364415781347219 0.13892917424374193 5.560400000002119
0.9964058031250221 39
35 0.7252248521774546 0.12659859335625462 0.49151220000203466
0.004969946912452873 39
0.9999981638132289 156
36 0.6995217802856453 0.10360616692061332 5.4828584999995655
0.9953015673921827 39
37 0.6937836066973067 0.0976120331412931 0.4971533999996609
0.0023729364685841584 39
0.9999954923977715 156
38 0.6755585978662865 0.08029705652852084 7.637642099994991
0.9912549857107945 39
39 0.6725432943575642 0.07759856935645663 0.45366229999490315
40 4.037058717499713
-------------------------------------------------END------------------------------------------------------
21
-------------------------------------------Classical LM---------------------------------------------------
615.5042369290273 648.2209821315915
0 352.4609253453223 358.66156546829865 29.761330200000003
1 215.09643700762 213.81255452127436 23.10696779999998
2 215.09643700762 213.81255452127436 13.031401200000005
3 166.25956150114445 169.30283517441796 30.9593519
4 136.74344849210974 134.92160871714165 32.02107749999999
5 136.74344849210974 134.92160871714165 34.37237870000001
6 136.74344849210974 134.92160871714165 34.91373510000005
7 86.61842736775246 83.61217650667164 13.714650900000038
8 86.61842736775246 83.61217650667164 36.910086399999955
9 40.99866405234296 40.74296007811853 21.554359199999908
10 39.743824675874585 40.24261774165122 34.85676680000006
11 39.743824675874585 40.24261774165122 20.326374500000043
12 39.743824675874585 40.24261774165122 35.88261720000003
13 21.979751870681305 21.740935872258568 27.85091369999998
14 20.411893004757818 20.038405306291796 27.3335583999999
15 13.047793936829265 12.283234196282441 25.15489589999993
16 13.047793936829265 12.283234196282441 19.381241799999998
17 5.970149378915895 5.413630797115965 27.31279819999986
18 2.2057761662833855 1.588146010642049 19.794547700000066
19 2.0504849281293174 1.447156358101917 24.96194349999996
20 2.0504849281293174 1.447156358101917 19.837893699999995
21 1.4943915079374321 0.8964351805992182 19.956651299999976
22 1.4943915079374321 0.8964351805992182 27.85615860000007
23 0.9400916158109293 0.3553631485665079 26.166313599999967
24 0.7942596961390033 0.21746614065055164 27.0399539
25 0.7942596961390033 0.21746614065055164 30.829390500000045
26 0.7533223979819199 0.17207200382304838 27.397295100000065
27 0.7127261675171581 0.12824776863673867 27.13243720000014
28 0.7127261675171581 0.12824776863673867 31.84491170000001
29 0.6968987718991849 0.11371098033128561 19.934624399999848
30 0.6883118896831524 0.10375209041704815 22.2018664000002
31 0.6813237382580412 0.0944567669371768 27.402777300000253
32 0.6813237382580412 0.0944567669371768 32.10656000000017
33 0.666256745707405 0.0818281679937038 12.557032900000195
34 0.6592471222402554 0.07353101700835718 21.098363300000074
35 0.655485817247257 0.06934919436780791 20.95950159999984
36 25.76452022500002
-------------------------------------------------END------------------------------------------------------
-------------------------------------------Krylov LM---------------------------------------------------
615.5042369290273 648.2209821315915
392
0 352.46190993240185 358.6626579440849 24.003485400000045
392
1 220.3195364173978 217.0844352848021 23.60203249999995
392
2 220.3195364173978 217.0844352848021 17.72751870000002
3 138.8860016245547 142.59669119254767 0.12333859999989727
392
4 128.56772549829333 127.61541937778016 17.297416700000213
392
5 107.01393987576151 107.76111703189014 17.550083000000086
392
6 107.01393987576151 107.76111703189014 19.9680515
7 107.01393987576151 107.76111703189014 0.17799990000003163
8 107.01393987576151 107.76111703189014 0.1968627999999626
9 39.956219709167854 37.5833337179044 0.1815695999998752
392
10 39.956219709167854 37.5833337179044 20.640493500000048
11 20.75714429550391 19.904578262810187 0.18880869999975403
392
12 20.75714429550391 19.904578262810187 21.014993700000105
13 10.359143869539933 9.297776406495585 0.1808083999999326
392
14 4.224193411701651 3.341857645966483 20.35330299999987
392
15 4.224193411701651 3.341857645966483 21.39874920000011
16 3.4403629348180274 2.703206110524679 0.19210580000026312
392
17 2.7670770767171615 2.043126684098211 21.07708859999957
392
18 2.7670770767171615 2.043126684098211 21.64616019999994
19 1.5098548435237489 0.8588005034219099 0.1974092999998902
392
20 1.4633197033864374 0.8648316397376093 22.319625500000257
392
21 1.0539366999108029 0.45334297077216423 22.951675400000113
392
22 0.9570815413066275 0.3656074504703696 24.694377899999836
392
23 0.9570815413066275 0.3656074504703696 24.94514799999979
24 0.7939091804929842 0.20999774737772112 0.20122619999983726
392
25 0.7814185603125696 0.1873597901656686 25.05297160000009
392
26 0.7814185603125696 0.1873597901656686 25.570136499999535
27 0.6974631538030753 0.10205713525333368 0.19665029999941908
392
28 0.6835575998331004 0.08666543744692408 25.514277100000072
392
29 0.6709482009487568 0.07751897858801456 26.22306479999952
392
30 0.6529562301639041 0.056379625246847795 26.355841099999452
392
31 0.6529562301639041 0.056379625246847795 22.38878890000069
32 0.6368432676238851 0.04262885405927806 0.17572269999982382
392
33 0.63526831371922 0.04109164631234035 23.253669900000205
34 15.222395735294064
-------------------------------------------------END------------------------------------------------------
------------------------------------Reduced subspace LM---------------------------------------------------
615.5042369290273 648.2209821315915
0.9996561132748325 39
0 549.2655319299123 577.4429499962974 0.5102082000003065
0.9997532633272991 39
1 453.0019529262632 474.04415692863824 0.45097509999959584
0.9998419455888237 39
2 345.98611633451947 358.3610388052071 0.510259199999382
0.9998270260129397 39
3 264.8702943429087 272.1378381898483 0.4542375999999422
0.9994225596266623 39
4 209.4551535470997 215.51020235910278 0.46886090000043623
0.975920457236216 39
0.9999900490700407 156
5 191.9531477469476 200.1776150766164 5.342513900000085
0.9584706805014436 39
0.9998692397272968 156
6 159.5814211661472 166.45198411735117 5.546599600000263
0.9708335726514394 39
0.9999335507611323 156
7 135.05516016465313 140.73882891782884 5.545079000000442
0.985508333000632 39
0.9999854974948948 156
8 111.04139155615768 115.1313831262446 5.339547799999309
0.9966165419275355 39
9 48.39398971267363 48.369719633564024 1.081594700000096
0.9757433364962033 39
0.9999968849237343 156
10 39.11998503139397 38.78085282446808 5.373146799999631
0.9927958307913495 39
11 19.71341616251558 18.15521187688355 0.4617043999996895
0.8840327378882736 39
0.9999984518003209 156
12 18.408291369347502 17.46958255581499 5.458568600000035
0.9892427939674331 39
0.9999998028855694 156
13 17.261441217847704 16.871040710802127 5.493284399999538
0.9978959115762018 39
14 5.990294800610172 4.85087842889441 0.4604084000002331
0.7338188785589427 39
0.9999999353234146 156
15 5.072043723704078 4.246534759364129 5.428821599999537
0.9874127242667974 39
0.9999998542030804 156
16 4.196217676231535 3.5092481880364463 5.427827800000159
0.9951806772728786 39
17 2.643753188410717 1.9254679759873383 0.48207650000040303
0.5699774908403863 39
0.9999999771206659 156
18 2.1066332001673493 1.444831130354053 5.3159255999999
0.9753820579632344 39
0.9999999663063046 156
19 1.851797216439957 1.310925565891549 5.340234799999962
0.9972502943111755 39
20 1.1574288285154968 0.5741534982840112 0.49907989999974234
0.17677431822741235 39
0.9999996672687942 156
21 1.0382057308615764 0.4574078993262732 5.270477199999732
0.9929718830995258 39
22 0.8863108135642542 0.3028645605936547 0.4563170000001264
0.01919767833321433 39
0.9999993689275275 156
23 0.8405679201082658 0.24680002464579803 5.187223699999777
0.9990477776626576 39
24 0.7611586307300551 0.16828015307533514 0.47819090000029973
0.02031846418826491 39
0.9999996634634725 156
25 0.7200136196757636 0.12831668368226776 5.284478200000194
0.9935196545617575 39
26 0.7071957628152099 0.1167304839624131 0.49431769999955577
0.0035647817826555124 39
0.9999978117154499 156
27 0.7070140020038541 0.10895229845279 5.288568699999814
0.9992289924410385 39
28 0.6772168702104595 0.0867030782709848 0.46745950000058656
0.0033846439739157316 39
0.9999882384947718 156
29 0.668052744517678 0.07570460983293874 5.342876200000319
0.9922535659270398 39
30 0.66608799280347 0.07525482195654988 0.717934399999649
31 3.031574138709637
-------------------------------------------------END------------------------------------------------------
22
-------------------------------------------Classical LM---------------------------------------------------
565.7496734318148 606.6968848082256
0 382.75200735620496 401.7557314819749 12.552718099999765
1 217.29281089763768 218.23839681872238 12.704798899999332
2 217.29281089763768 218.23839681872238 12.729481000000305
3 217.29281089763768 218.23839681872238 12.960915399999976
4 172.10070069925217 180.58666502215746 23.242082400000072
5 172.10070069925217 180.58666502215746 22.269744700000047
6 50.38725673417698 53.07909599223582 20.46351649999997
7 50.38725673417698 53.07909599223582 19.924136999999973
8 44.16303518186156 45.09433454021867 12.71792970000024
9 44.16303518186156 45.09433454021867 20.058411800000613
10 18.62346544620878 17.98899968265003 12.63685649999934
11 14.152774108542845 13.924609787862922 13.156544199999189
12 14.152774108542845 13.924609787862922 21.789375600000312
13 5.359267213813066 4.891612039449003 20.03969280000001
14 4.470191767650831 3.68215409613424 16.503580800000236
15 3.1953401794841367 2.6936313331617048 15.414335299999948
16 3.1953401794841367 2.6936313331617048 20.84658959999979
17 2.287920523052623 1.5931976991162227 16.03398829999969
18 2.287920523052623 1.5931976991162227 17.650085000000217
19 1.6954361061787153 1.013251777348285 12.719638199999281
20 1.6198712002887246 0.9325966413979937 12.730805799999871
21 1.6198712002887246 0.9325966413979937 19.698863800000254
22 1.3486680142429037 0.6621578481924139 12.691625499999645
23 1.2598403586519482 0.5941342846758603 12.650564900000973
24 1.24310701416695 0.5822582781153256 12.653264700000364
25 1.24310701416695 0.5822582781153256 20.026617600000463
26 1.0826826339409272 0.4397188323855915 19.855472299999747
27 1.0609389967159564 0.425816181212051 13.058612499999072
28 1.0609389967159564 0.425816181212051 19.921439399999144
29 0.9888617765456765 0.3718691612248173 12.658200599998963
30 0.9440390122393366 0.3250210368168049 12.717850299999554
31 0.9440390122393366 0.3250210368168049 19.209443300000203
32 0.8442138325419414 0.24460931765239 12.61637730000075
33 0.7959159471009413 0.1984124299012953 12.651080300000103
34 0.7959159471009413 0.1984124299012953 13.671816100000797
35 0.7638497038065921 0.16832835936941473 12.570532199999434
36 0.7471137786726484 0.1513367241543361 12.521524100000534
37 0.7433229575874569 0.14775850492722303 12.537458299999344
38 15.811999231578882
-------------------------------------------------END------------------------------------------------------
-------------------------------------------Krylov LM---------------------------------------------------
565.7496734318148 606.6968848082256
392
0 382.7511497518448 401.75538646536523 16.44896890000018
392
1 218.5334049276653 221.08155132904696 16.679775500000687
392
2 218.5334049276653 221.08155132904696 16.6546787999996
3 218.5334049276653 221.08155132904696 0.13192929999968328
4 176.83286479160213 187.61289634765086 0.1438826000012341
392
5 176.83286479160213 187.61289634765086 16.680839700000433
6 42.8889152373577 43.79722099211057 0.12172170000121696
392
7 42.8889152373577 43.79722099211057 16.66139690000091
8 36.53618782188714 35.361475211335154 0.12345900000036636
392
9 36.53618782188714 35.361475211335154 16.66082290000122
10 25.38247773685855 24.58931076607351 0.11062129999845638
392
11 13.567449011433467 12.740353796637555 16.697123299998566
392
12 13.567449011433467 12.740353796637555 16.674932899999476
13 11.350314528229845 10.304028056186697 0.1532069999993837
392
14 4.6564541538247095 3.7699252823932357 16.72887029999947
392
15 4.6564541538247095 3.7699252823932357 16.67172070000015
16 3.660726603936894 2.9326579197354774 0.11913049999930081
392
17 2.993548618341097 2.3470270991118123 16.700066399998832
392
18 2.795635546587408 2.121598644242306 16.67220979999911
392
19 2.795635546587408 2.121598644242306 16.63385930000004
20 1.7843896304195026 1.1380159617802574 0.15302840000003926
392
21 1.7843896304195026 1.1380159617802574 16.673450099999172
22 1.4521461237542888 0.8279976133687628 0.1330904999995255
392
23 1.4521461237542888 0.8279976133687628 16.68359369999962
24 1.3000041852911335 0.6607082673975144 0.15433870000015304
392
25 1.2275555081472835 0.6063536843640395 17.236798500000077
392
26 1.2275555081472835 0.6063536843640395 16.939149099998758
27 1.138583947681063 0.508480806451813 0.12002070000016829
392
28 1.0742629958165597 0.4524816122859032 17.05337320000035
392
29 1.0157862365460408 0.3988046573383003 16.74368510000022
392
30 0.9513042238701364 0.3448842995416674 16.818074799999522
392
31 0.9513042238701364 0.3448842995416674 17.908553199999005
32 0.8634381079693288 0.26360382038896446 0.13916299999982584
392
33 0.8322218336813821 0.23991508619918311 16.874820400000317
392
34 0.8195493281051186 0.23596100882709817 16.86846239999977
392
35 0.8195493281051186 0.23596100882709817 16.750604700000622
36 0.7676526462652437 0.18278186092673093 0.13414229999943927
392
37 0.7476657285879789 0.1648076400012932 16.821785799998906
392
38 0.7257990292422329 0.1424874969309454 16.808682300001237
392
39 0.7257990292422329 0.1424874969309454 19.544294199999058
40 0.6974188018327268 0.11143876093074777 0.16035469999951601
392
41 0.6877279501001285 0.09752738488947997 20.921153100000083
392
42 0.6780412304702828 0.08583013448555851 16.8477512999998
392
43 0.6780412304702828 0.08583013448555851 16.782535399999688
44 0.6473080473967145 0.05866395119057398 0.10148970000045665
392
45 0.6421935143696205 0.05298124280422165 16.826732499999707
392
46 0.6421935143696205 0.05298124280422165 16.919737999998688
47 0.6374895508052565 0.04876747564453831 0.15188300000045274
48 11.390415949999843
-------------------------------------------------END------------------------------------------------------
------------------------------------Reduced subspace LM---------------------------------------------------
565.7496734318148 606.6968848082256
0.9997243914266795 39
0 507.8088386320119 543.7574707578389 0.49039749999974447
0.9997976345679818 39
1 424.0330786870604 451.9690837104343 0.4590846999999485
0.9998757404673654 39
2 331.81722536901924 349.56192582978065 0.5098165999988851
0.9998835104580132 39
3 263.735947763678 270.78119739937046 1.1953440999986924
0.9981277192636507 39
4 211.12633229387683 215.35116243028727 0.4626929000005475
0.9481647387354133 39
0.9999776986306944 156
5 192.49900721988212 193.4796364469984 5.521627399999488
0.9727815839479029 39
0.9999876853314409 156
6 175.08994122889004 176.32152271590985 5.592282999999952
0.9801993948104236 39
0.999976107951723 156
7 137.77197279409404 139.77841151484037 5.607940900001267
0.9931554175503801 39
8 57.43935369221538 55.74026175660579 0.5172598000008293
0.9124578954902409 39
0.9999937143878767 156
9 51.43633234761069 50.17913917077384 5.710902400000123
0.9674137294175313 39
0.9999975983917884 156
10 42.766882543709876 39.69561264692121 5.399761299999227
0.9943166050006486 39
11 21.035272052190255 19.047448132526462 0.46138150000115274
0.9341982570133123 39
0.9999995243590118 156
12 17.870438301027175 16.525971166212095 5.443979699999545
0.986458465558718 39
0.9999997325286923 156
13 16.31311563040625 15.077935723030508 5.45367989999977
0.9962718995285283 39
14 7.827105236026333 6.714728321860889 0.4884928999999829
0.9795429547261522 39
0.9999996777683726 156
15 6.949514381659811 6.169440229118945 5.426974100000734
0.9955366140441667 39
16 4.347062734770084 3.610158070599222 0.47956279999925755
0.9287881584042591 39
0.9999999184080544 156
17 3.4775190571567336 2.8234656788985886 5.342395800000304
0.9879124923565031 39
0.9999999313253812 156
18 2.588876835926056 2.0074652331845044 5.327902399998493
0.9985845086734552 39
19 1.4401687804628125 0.8237409614592495 0.492457899999863
0.7027895737635896 39
0.9999999739375587 156
20 1.20793227453223 0.595592446717678 5.4731423000012
0.9922963368535416 39
21 1.1497167394330743 0.545929052975424 0.4571264999995037
0.01427292326644102 39
0.9999808613897655 156
22 1.1270495625056436 0.5222829897377799 5.264354300001287
0.9990755082767319 39
23 0.8816299829126925 0.29262921362431693 0.5385474000013346
0.10871739829160025 39
0.9999998254940692 156
24 0.8095535994166893 0.21507699586607482 5.344831099999283
0.9847278173801571 39
0.9999999885977489 156
25 0.7765930242729279 0.17973993266700086 5.353134599999976
0.9946119060963254 39
26 0.7455193076028667 0.15563464060964058 0.45674200000030396
0.004706055631484905 39
0.9999967501302162 156
27 0.7290901837390006 0.133706000357125 5.346352900000056
0.9963751047543357 39
28 0.7080089307366259 0.11670161960392986 0.44457169999986945
0.002875135716702238 39
0.9999948543138666 156
29 0.69088272807045 0.09725551230526963 6.070730199999161
0.9923911655147218 39
30 0.6828559017671816 0.0905117313847976 0.9742039000011573
0.0013139338425027993 39
0.9999909206897901 156
31 0.6687984539351995 0.0763553536660556 5.358332900001187
0.9898945421260992 39
0.9999999867699662 156
32 0.6611479599540117 0.06937740050700403 5.496702899999946
0.9963096862819547 39
33 0.6510647079029349 0.05833594330920059 0.48174610000023677
0.0007811017959869275 39
0.9999560197080818 156
34 0.6429429155957718 0.050730389855679736 5.3447040999999444
0.9850806628886546 39
0.9999999534690741 156
35 0.6373094668595076 0.046047519124621475 6.454481799999485
0.9944487587461356 39
36 0.6336918341600954 0.04144909442184424 0.7937059000014415
37 3.24425265405414
-------------------------------------------------END------------------------------------------------------
23
-------------------------------------------Classical LM---------------------------------------------------
731.6299919568739 781.5168632353427
0 480.57244544406797 495.1236737443837 12.500987099998383
1 418.69833225169486 429.1866965241702 12.61501490000046
2 356.9531717263328 357.9459667950774 12.935114500000054
3 288.2498474109128 296.49654076785185 12.700734099998954
4 105.84186903749583 102.01215531334694 12.691106799999034
5 105.84186903749583 102.01215531334694 14.798834200000783
6 65.66129674044531 67.23802822925533 12.686587599999257
7 65.66129674044531 67.23802822925533 16.308377800000017
8 65.66129674044531 67.23802822925533 12.866724800000156
9 65.66129674044531 67.23802822925533 17.37676459999966
10 32.60786837517126 34.74960492417442 15.15280299999904
11 31.547460050650116 29.418766623479634 20.244725700000345
12 31.547460050650116 29.418766623479634 18.550056199999744
13 31.547460050650116 29.418766623479634 16.723945200001253
14 15.135490368811361 14.733000264511226 19.576786300000094
15 15.135490368811361 14.733000264511226 16.341382700000395
16 5.414104539100576 4.635735624748181 19.798136900000827
17 2.7078341119336993 2.012797492438366 19.68073320000076
18 2.45999272821981 1.7945047754626136 20.03165489999992
19 2.1642024317230404 1.5641048295850988 19.766885299999558
20 2.1642024317230404 1.5641048295850988 12.618760499999553
21 1.9239232304802063 1.2839936881576939 19.639925499999663
22 1.476541037867267 0.8082884979379512 19.80855909999991
23 1.476541037867267 0.8082884979379512 12.61642049999864
24 1.4579262537292041 0.7811402306898992 19.907982199998514
25 0.9776849006388849 0.3548103317072461 21.52207879999696
26 0.9125175353762637 0.3254952352068556 12.568188099998224
27 0.9125175353762637 0.3254952352068556 12.528421299997717
28 0.8068174853102055 0.1925762628515655 24.753541400001268
29 0.7583322813565506 0.1588931346959592 21.803022600000986
30 0.7167887489788969 0.11174710719039598 20.387498599997343
31 0.7167887489788969 0.11174710719039598 21.741108399997756
32 0.6698098527433367 0.06317416275142558 12.54018929999802
33 0.646188297068948 0.04570873939329656 12.487165800001094
34 0.646188297068948 0.04570873939329656 13.214646600001288
35 0.6366990663546629 0.03682870387793073 12.500519199998962
36 0.6328675347828537 0.03606066802463659 12.441191800000524
37 16.389907445945543
-------------------------------------------------END------------------------------------------------------
-------------------------------------------Krylov LM---------------------------------------------------
731.6299919568739 781.5168632353427
392
0 480.59182536837886 495.1431552681763 16.496074199996656
392
1 422.6641365988357 435.0888938788724 16.60662349999984
392
2 306.5230710271053 308.46314890121135 16.625146399997902
392
3 48.23107444856209 47.5494969353169 16.606245899998612
392
4 48.23107444856209 47.5494969353169 16.695201300000917
5 48.23107444856209 47.5494969353169 0.1424312999988615
6 48.23107444856209 47.5494969353169 0.12996779999957653
7 17.51458559589418 16.47675440984327 0.12348529999871971
392
8 17.51458559589418 16.47675440984327 16.571473899999546
9 10.94378832160116 10.202325763819113 0.14179539999895496
392
10 10.94378832160116 10.202325763819113 16.60761839999759
11 8.596682027236799 8.257798576255817 0.12552810000124737
392
12 6.150586258233316 6.015409415952778 16.607664999999542
392
13 6.150586258233316 6.015409415952778 17.270642999999836
14 4.786853205454991 4.574819450553351 0.12571260000186157
392
15 3.904206909303402 3.6718748206378287 18.55656640000234
392
16 3.643826153907363 3.2148483365644926 19.620775799998228
392
17 3.643826153907363 3.2148483365644926 23.251939099998708
18 2.545757747711859 2.0564100935244185 0.11634419999973034
392
19 2.545757747711859 2.0564100935244185 24.85115080000105
20 1.9693242986151658 1.5515571606033474 0.12759320000259322
392
21 1.9693242986151658 1.5515571606033474 26.83767330000046
22 1.5645558997045685 1.0939706554894861 0.13548230000014883
392
23 1.4025018858488163 0.8874637136203293 18.882852200000343
392
24 1.3102873998694078 0.7609169201131623 20.160308099999384
392
25 1.3102873998694078 0.7609169201131623 20.875646100001177
26 1.1046910786112836 0.5497550064233114 0.12574060000042664
392
27 1.0370489393116622 0.4886804650588749 21.89732090000325
392
28 1.0370489393116622 0.4886804650588749 22.0886408999977
29 0.9213695446468829 0.35998917907907274 0.12162919999900623
392
30 0.9213695446468829 0.35998917907907274 22.759590200003004
31 0.884745878233066 0.3164947533384558 0.1895105000003241
392
32 0.8586245981328248 0.2801406119084544 23.054527899999812
392
33 0.819787756763236 0.23355726355357978 27.584726000000956
392
34 0.7740045199703696 0.18568880052715483 24.056569299998955
392
35 0.757414048008504 0.17256369736628824 23.158766499997
392
36 0.757414048008504 0.17256369736628824 24.253814300001977
37 0.7039351799934682 0.1133350947866702 0.11532959999749437
392
38 0.7039351799934682 0.1133350947866702 23.530163999999786
39 0.6941532245609912 0.10305105097944976 0.12679899999784539
392
40 0.685647431927148 0.09469593055387526 24.125697100000252
392
41 0.6783063083121561 0.08701529668769362 23.72941489999721
392
42 0.6752729000482285 0.08404482052296637 24.37917379999999
43 14.176496704650903
-------------------------------------------------END------------------------------------------------------
------------------------------------Reduced subspace LM---------------------------------------------------
731.6299919568739 781.5168632353427
0.9997944636371221 39
0 645.1531603579411 689.5397926861461 1.0842327999998815
0.9998491968187125 39
1 519.6918141726159 555.0368235221905 0.47428369999761344
0.9998977783511347 39
2 380.78677324706126 404.1854924337141 0.4931226999979117
0.9998846741961919 39
3 281.4301078686361 291.9086872347287 0.46329310000146506
0.9996084270195679 39
4 227.97176892700045 234.7204263249039 0.46803189999991446
0.9827368966410535 39
0.9999993252241139 156
5 224.72100673861019 229.55733924069395 5.597262499999488
0.9771205713099119 39
0.999993919784867 156
6 223.08084451373293 224.60945614691994 5.455168000000413
0.9688468959332349 39
0.999972395603316 156
7 190.6671875691874 190.61616228245452 5.727219699998386
0.9912101619926812 39
8 81.86918294149113 81.2432842856724 0.5111959000023489
0.9157559827153563 39
0.9999805847699965 156
9 67.27371931797526 66.38142235319151 5.563148000001092
0.9543413912063308 39
0.9999930596554193 156
10 55.46620907907258 54.09762857024399 5.498295900000812
0.981273187082513 39
0.9999917996496696 156
11 46.78369298131794 45.04142341738223 5.420825099998183
0.9907352518008763 39
12 28.409782398724637 27.99881728295642 0.4989380999977584
0.9886579961079094 39
0.9999989758453259 156
13 26.927804892935207 26.81028663379539 5.439591800000926
0.9966338830474653 39
14 10.886922321100057 9.805322339431033 0.48109300000214716
0.9431773983798518 39
0.9999977391942552 156
15 9.295926697640613 8.29780010848213 5.461392699999124
0.9659367411359514 39
0.999998704990977 156
16 8.087455462918474 7.183706616688351 8.910475600001519
0.9788026846991029 39
0.9999991370986027 156
17 7.626053854035193 6.935183420286313 5.5002142999983334
0.9927443611828982 39
18 3.864001197009829 3.020739736268798 0.4642941999991308
0.8632133301594872 39
0.9999999563595423 156
19 2.985389227572905 2.2416456464110572 5.362035599999217
0.9755796149891345 39
0.999999958124862 156
20 2.6077095771035967 2.0232779162706787 5.37329200000022
0.9984444492615883 39
21 1.3127909119142367 0.6728503160718846 0.47585609999805456
0.45939551652101296 39
0.9999999454392944 156
22 1.222816171362763 0.6325159285166368 7.518467599998985
0.9971733171136563 39
23 0.9198100947512213 0.31518494443819656 0.4472368999995524
0.18204559317533692 39
0.9999999051362264 156
24 0.8422946283865109 0.24019260560015981 7.40973170000143
0.9982384825840773 39
25 0.7532078906028059 0.14856037735725858 0.4792593999991368
0.011726215883696309 39
0.9999851495589334 156
26 0.7223849705420287 0.1209636323154975 5.478806999999506
0.9943059727966664 39
27 0.7118580793136274 0.11001217847541571 0.4648711000008916
0.001197812763827459 39
0.9999817784109457 156
28 0.6889460682114236 0.08892707744901697 6.213614100000996
0.9939417777590672 39
29 0.6835991040121542 0.08352495958155154 1.0205798000024515
6.108472200919442e-05 39
0.9986356985333539 156
30 0.6666796677868877 0.06815081349570122 5.174498300002597
0.9904116106724022 39
31 0.6640231014490259 0.0657574126235111 0.5476120999992418
32 3.42118564687496
-------------------------------------------------END------------------------------------------------------
24
-------------------------------------------Classical LM---------------------------------------------------
485.90300896606743 517.0757591268424
0 478.2864372001981 505.81569551787663 19.920667200000025
1 448.52158748611697 449.43017328940954 15.819065499999851
2 223.94613827503704 223.08792451735096 17.449640899998485
3 211.9666648838948 219.1701043720109 12.724521000000095
4 211.9666648838948 219.1701043720109 16.33496069999819
5 144.91322680410155 151.4943689662955 18.810163300000568
6 78.17165591761595 79.96143817316623 12.780328199998621
7 78.17165591761595 79.96143817316623 12.623024799999257
8 61.810516258458605 61.39459447826313 19.821575800000574
9 61.810516258458605 61.39459447826313 24.964577899998403
10 61.810516258458605 61.39459447826313 12.681837699998141
11 61.810516258458605 61.39459447826313 12.638061699999525
12 26.17926057867163 24.684385426518375 19.51344429999881
13 26.17926057867163 24.684385426518375 12.721997600001487
14 11.422347174484246 10.713456374255083 19.851992799998698
15 11.422347174484246 10.713456374255083 25.203661999999895
16 4.77613858465435 3.8721133417308575 16.118332900001406
17 3.9223631777315253 3.1561906419227244 17.87531669999953
18 2.0914679472549635 1.36570546555887 12.627175699999498
19 2.0914679472549635 1.36570546555887 12.63262819999727
20 1.688169195604562 0.9718705825955507 12.602556599998934
21 1.4145211069807373 0.7938468879758268 12.867501900000207
22 1.3815130445767057 0.8107834457133788 12.599243599997862
23 1.3815130445767057 0.8107834457133788 12.445004500001232
24 0.9164992038661938 0.30011403575706347 12.496802700003173
25 0.8333191399588806 0.22760573498641348 12.677162799998769
26 0.8333191399588806 0.22760573498641348 12.531926999999996
27 0.7365110499340275 0.13299199575973922 12.60805419999815
28 0.7229556356335005 0.12186606578283642 12.509158100001514
29 0.7042199826801154 0.10393432503188677 12.699037599999428
30 0.7042199826801154 0.10393432503188677 12.502101399997628
31 0.6599165256385384 0.061901182229524655 12.532061500001873
32 0.6563927257249956 0.05849929450658572 12.574489800001174
33 15.053275048484494
-------------------------------------------------END------------------------------------------------------
-------------------------------------------Krylov LM---------------------------------------------------
485.90300896606743 517.0757591268424
392
0 478.28616567821837 505.8153440600961 16.591484100001253
392
1 444.8228022176543 445.23146770592825 16.723656900001515
392
2 217.41265013315092 215.56550474365457 16.753368699999555
392
3 160.61106593770876 160.8806915082789 16.73209290000159
392
4 88.86075750932409 91.36622632109336 16.64944959999775
392
5 88.86075750932409 91.36622632109336 16.67428199999995
6 88.86075750932409 91.36622632109336 0.10008870000092429
7 88.86075750932409 91.36622632109336 0.11833009999827482
8 77.5361813541055 80.55298260337243 0.12517899999875226
392
9 21.81463429707524 20.959199100915868 16.64677870000014
392
10 21.81463429707524 20.959199100915868 16.63694100000066
11 16.64602845581979 16.117110744856507 0.1312595000017609
392
12 16.64602845581979 16.117110744856507 16.667085499997484
13 16.64602845581979 16.117110744856507 0.1465518000004522
14 9.19402955111038 8.495500504151828 0.125953999999183
392
15 3.9445987423756335 3.392061122442499 17.490021099998557
392
16 3.9445987423756335 3.392061122442499 16.719021300003078
17 2.9403680110188857 2.426895897578043 0.2280654999995022
392
18 1.8181285262500124 1.1370843144265845 16.75588549999884
392
19 1.8181285262500124 1.1370843144265845 16.718644700002187
20 1.3629113212049992 0.7819633125552128 0.14642800000001444
392
21 1.1863897166340296 0.6340421244043112 18.872290199997224
392
22 0.979909026330867 0.4171146695169689 22.131859299999633
392
23 0.8909102935132535 0.3125695771799411 19.550723899999866
392
24 0.8909102935132535 0.3125695771799411 18.093932199997653
25 0.7303629413694664 0.15203708725460216 0.14817109999785316
392
26 0.7303629413694664 0.15203708725460216 18.19233720000193
27 0.6961120725692482 0.11058514715627664 0.11645660000067437
392
28 0.683886938728726 0.09924890400557969 22.18577809999988
392
29 0.683886938728726 0.09924890400557969 19.84078999999838
30 0.6708742489677048 0.08382913113996426 0.11673279999740771
392
31 0.6634934876272347 0.07717658698531693 18.826031699998566
392
32 0.6582869357948072 0.07271593253072126 19.819796800002223
392
33 0.6582869357948072 0.07271593253072126 18.97297559999788
34 0.6477145616726475 0.06039667407897727 0.15295360000163782
392
35 0.6437418891828675 0.05688478087341744 20.345911000000342
36 12.117980797222016
-------------------------------------------------END------------------------------------------------------
------------------------------------Reduced subspace LM---------------------------------------------------
485.90300896606743 517.0757591268424
0.9996022993145283 39
0 442.28690325587075 469.11293983419796 1.0576750000000175
0.9996788538755876 39
1 378.8561381125407 398.44088862985757 0.479410399999324
0.9997922471574868 39
2 308.16597092305364 318.85928810103655 0.44831690000137314
0.9996344423263624 39
3 243.57200766234337 247.61613716564227 0.503349899998284
0.9919256434596337 39
4 180.99884864687456 180.86325298774597 0.4910834000002069
0.9658017837342922 39
0.9999951849795523 156
5 175.44499648327556 175.0445128461383 5.45787730000302
0.9778280169199045 39
0.9999933932163423 156
6 151.7710217915877 151.15474937409584 5.393839899999875
0.9867920726026161 39
0.9999925532856563 156
7 106.40629203545602 109.2740747793203 5.6358302000007825
0.9796373605871762 39
0.9999917903423784 156
8 75.37025087686209 76.24670526666048 5.307414800001425
0.9941149228132655 39
9 25.048479674283712 25.206508189417544 0.46573589999752585
0.8921493987872782 39
0.999996608587868 156
10 20.662339288068083 20.25482801523851 5.333825400000933
0.9861422889451847 39
0.9999989488725469 156
11 16.404916273570997 16.074919167120576 5.426216600000771
0.9963626010604513 39
12 7.440337991247815 6.792753698266416 0.49707390000185114
0.9445982147803287 39
0.9999998464036645 156
13 5.757982067192818 5.2820964813273505 5.380659500002366
0.9757683723811654 39
0.9999997748485514 156
14 5.5108106023580925 5.128368387307155 5.40776360000018
0.9948470223897188 39
15 3.271964543679016 2.6032440707222113 0.4745264000011957
0.71542848417289 39
0.9999999488592719 156
16 2.9603910669647546 2.3496515137366667 6.963676100000157
0.9891866422955725 39
0.999999745239037 156
17 2.5758928888582786 2.0702776276653 8.365448900000047
0.9944807151340387 39
18 1.8261593947288783 1.2446319487466762 0.47150840000176686
0.11891171197518607 39
0.9999997321459082 156
19 1.5166480596934668 0.96915413655417 5.365308899999945
0.9683399592358658 39
0.9999999330720891 156
20 1.341876694954849 0.7826093273268557 7.300080000000889
0.9894254576440638 39
0.9999999076877377 156
21 1.2042731296595088 0.6358928228436277 5.552709800002049
0.9932733175563774 39
22 1.0393121711627649 0.4806474443544522 0.4891745999993873
0.061410913803211585 39
0.9999995446518456 156
23 0.9482555821311623 0.391771642385517 5.898361199997453
0.9665977045675572 39
0.9999999711918429 156
24 0.9021967250271711 0.34252349314310077 8.515268399998604
0.989710634274402 39
0.9999999803292621 156
25 0.8636427465637476 0.2977858241151372 5.386055799997848
0.9945760225698568 39
26 0.7962757153416021 0.22984553547590422 0.47192720000020927
0.010410820048774295 39
0.9999975937771731 156
27 0.7596561170678319 0.18626487066945202 5.366980999999214
0.9685666836506653 39
0.9999999343273543 156
28 0.7385454809289399 0.15662867156277435 5.360098500001186
0.9911307185059431 39
29 0.7181940745664765 0.14063639103994025 0.778860700000223
0.0024195286227331058 39
0.9999942464825305 156
30 0.7023082145719814 0.1159557478013653 5.478034600000683
0.9950343268933308 39
31 0.6931995952881989 0.11088064034127355 0.7331846000015503
0.0005891946603512734 39
0.999970193792977 156
32 0.6823494615552081 0.09371768596044963 5.3967200000006414
0.9965627897330114 39
33 0.6744886831255326 0.0889089828194517 0.502842599998985
0.00042167704744065223 39
0.9999451997530632 156
34 0.6652724806131585 0.07588548908273819 5.344538600002124
0.9959592273414724 39
35 0.6606452053666874 0.07298386703556607 0.4823733000011998
36 3.6662153416670358
-------------------------------------------------END------------------------------------------------------
25
-------------------------------------------Classical LM---------------------------------------------------
674.4945389891707 714.746335178511
0 354.02881495891893 357.9990428747605 12.560881899997185
1 354.02881495891893 357.9990428747605 12.642915699998412
2 330.23109704079434 329.0287929103647 12.589784100000543
3 157.4056594131714 160.11185712193725 12.589534400001867
4 157.4056594131714 160.11185712193725 16.345822400002362
5 43.260617511369205 46.069424067220446 12.611847000000125
6 43.260617511369205 46.069424067220446 12.726135099997919
7 16.353301300749877 16.340985555292896 12.651618799998687
8 16.353301300749877 16.340985555292896 12.640980000000127
9 11.750444904841812 10.57940109041522 12.647268299999268
10 11.750444904841812 10.57940109041522 12.573334400000022
11 9.974181345945638 10.405681437377138 25.599177600000985
12 8.870068221639146 7.829153746459602 25.21810430000187
13 6.953873156980226 6.902921419254363 23.681578400002763
14 6.718438029472904 6.638475468070342 21.375902399999177
15 6.718438029472904 6.638475468070342 19.92312630000015
16 2.562064103570085 2.021384916888508 12.57184899999993
17 2.562064103570085 2.021384916888508 16.70910560000266
18 1.2323583378764214 0.6387485994916456 17.225766299998213
19 1.2323583378764214 0.6387485994916456 18.809008000000176
20 0.8240511961062291 0.22818713012760344 18.438609499997256
21 0.8240511961062291 0.22818713012760344 18.699861400000373
22 0.7592504725790565 0.17139825241189435 12.551472700000886
23 0.7406382784192663 0.1618441241028999 12.570298300001014
24 0.7012025637724429 0.11394865491147947 13.209567999998399
25 0.7012025637724429 0.11394865491147947 12.611661700000695
26 0.6777091810801691 0.09546150512925115 12.699412800000573
27 0.6649148306785011 0.07998800897419259 12.544254599997657
28 0.6575167887681194 0.07274899558538982 15.808309899999585
29 0.6575167887681194 0.07274899558538982 16.692431499999657
30 0.64611014242018 0.05918153701239574 12.481869300001563
31 0.6413797868822977 0.05449214309544419 18.490750000000844
32 15.64038249062503
-------------------------------------------------END------------------------------------------------------
-------------------------------------------Krylov LM---------------------------------------------------
674.4945389891707 714.746335178511
392
0 354.02537109345707 357.99596852475526 21.786615699998947
392
1 354.02537109345707 357.99596852475526 22.198453200002405
2 330.10664068193734 328.9440861279959 0.15214639999976498
392
3 165.27158705436963 170.44438172626155 22.266925700001593
392
4 94.05440318406546 99.29265921282357 21.814919599997666
392
5 94.05440318406546 99.29265921282357 17.085705000001326
6 92.65759305855366 91.00950846258775 0.15497139999934006
392
7 92.65759305855366 91.00950846258775 17.18771410000045
8 82.57495536627437 81.89648410362156 0.1207816999994975
392
9 82.57495536627437 81.89648410362156 17.596939300001395
10 43.84752221181536 44.645400503135065 0.17773730000044452
392
11 30.941361812409433 28.879439056437416 16.817866600002162
392
12 30.941361812409433 28.879439056437416 19.846877299998596
13 30.941361812409433 28.879439056437416 0.1713086999989173
14 14.747495828574937 14.532469195914418 0.14325100000132807
392
15 3.842256130236212 3.332547121492448 20.68188939999891
392
16 3.842256130236212 3.332547121492448 16.750683899997966
17 1.6361546705417571 1.0249484393368102 0.1318079000011494
392
18 1.3587404759557493 0.7772911613849466 16.862487899998087
392
19 1.3587404759557493 0.7772911613849466 17.946337800000038
20 0.9877893636615336 0.3925775825293191 0.15072800000052666
392
21 0.8596769304399186 0.27099543509686663 16.770125400002144
392
22 0.8596769304399186 0.27099543509686663 17.36248639999758
23 0.7866216248148048 0.2004234489872387 0.18123729999933857
392
24 0.7348091292309429 0.14491236041963573 20.562351699998544
392
25 0.7348091292309429 0.14491236041963573 16.96673329999976
26 0.7110390348901386 0.12117952240342 0.09876660000008997
392
27 0.6921381545219072 0.10060703779086828 16.736023299999943
392
28 0.6812968607584967 0.09039745350904675 17.06683559999874
392
29 0.6616987776601576 0.07195535452889268 17.264538100003847
392
30 0.6616987776601576 0.07195535452889268 18.002682500002265
31 0.6486779141219744 0.05616901178803031 0.16006120000383817
392
32 0.6422309751051704 0.052114158376817224 16.744246300004306
392
33 0.6422309751051704 0.052114158376817224 16.873728399994434
34 0.6367444326351904 0.04615812357478856 0.11406080000597285
392
35 0.6318458819103495 0.04321311271984477 16.798500400000194
36 12.270792366666987
-------------------------------------------------END------------------------------------------------------
------------------------------------Reduced subspace LM---------------------------------------------------
674.4945389891707 714.746335178511
0.9995670456094446 39
0 597.9613161288928 632.7625085103242 0.45349879999412224
0.999753094192736 39
1 486.58487372039684 513.4212327000402 0.570015000004787
0.9998954229429694 39
2 362.91816996924916 380.2358712862031 0.5015826000017114
0.9999327168671467 39
3 274.3683665800126 284.266103962474 0.4902626999974018
0.9991746749388786 39
4 212.8180559963996 214.9974299393251 0.4586490000001504
0.9229262173469894 39
0.999993154111376 156
5 206.84315298340638 208.87700802534476 5.532543099994655
0.9432547592420635 39
0.9999809226368811 156
6 203.7579248775661 205.80237081970378 5.3666315999944345
0.9684641796520201 39
0.9999707056272343 156
7 189.03666211794706 189.06341480252402 5.462896099998034
0.9821620273369231 39
0.9999863576917161 156
8 173.09168365500517 179.48226654688207 11.490832700001192
0.9884265376393301 39
0.9999884135735612 156
9 138.89754107267842 142.1451523274026 5.961954400001559
0.9937258605277031 39
10 66.92710206334154 66.62661068106436 0.4782868000038434
0.9533110392916316 39
0.9999976022345903 156
11 44.98908592344012 43.759095313181895 5.4712830999997095
0.9846182124650864 39
0.9999978548363009 156
12 28.684076402702555 27.864265206019255 5.393020099996647
0.9918721712464377 39
13 11.45332662126984 11.002694712632234 0.4736257000040496
0.8769733860367177 39
0.9999969631618637 156
14 9.264826599608845 8.92802384507456 5.290474699999322
0.9635189747324974 39
0.9999995157601493 156
15 7.096153898611186 6.758340781988027 11.492247300004237
0.9845677668297651 39
0.9999994360686766 156
16 5.8423233715833325 5.3474510964798645 8.612401599995792
0.9975421502796566 39
17 1.6354922099156053 0.9347530743197933 1.0641001999974833
0.9428439834873316 39
0.999999978370807 156
18 1.3108496633662075 0.6376274341058381 5.627871699995012
0.9746548852767638 39
0.9999999832098562 156
19 1.1781199185040947 0.5207892370637305 7.741512700005842
0.9973804871408835 39
20 1.0454358564893025 0.39933564781450026 0.6280983000033302
0.008058491038805628 39
0.9999900611908246 156
21 0.9327447300889439 0.3000730208764851 11.838927500000864
0.9915684893315376 39
22 0.9128253672750465 0.2857099339364195 0.5405924000006053
0.00070735804297782 39
0.9999589092071556 156
23 0.8775899956706368 0.2640472516665326 5.261693499996909
0.9985818729622807 39
24 0.7777239940776639 0.1706764152409191 0.47112700000434415
0.025809463133726396 39
0.9999992378497805 156
25 0.7728455258788809 0.17046765121446505 5.287416400002257
0.9983542696782468 39
26 0.712843986918883 0.11356396904444259 0.4675457000048482
0.0011586917385092517 39
0.9996343775261798 156
27 0.6977684038506676 0.09757537520272268 7.57419139999547
0.992543094846439 39
28 0.6920587304048581 0.09384591061666628 0.4567641999965417
6.726463384373062e-05 39
0.9992177006618814 156
29 0.6820782113005672 0.08262344874333231 5.409812999998394
0.9929272877795827 39
30 0.6756207182774359 0.07839186030388604 0.802731900002982
0.00010230533135749613 39
0.9983060316831774 156
31 0.6632796100851698 0.06624571047226387 5.336662900001102
0.9574653593451622 39
0.9999998664893771 156
32 0.6538377715825675 0.05758360237358765 5.4469014999995125
0.9916507571335654 39
33 0.6501790951408531 0.053865102059561666 0.4787417999978061
34 4.056908747058675
-------------------------------------------------END------------------------------------------------------
26
-------------------------------------------Classical LM---------------------------------------------------
590.2254458160855 620.3705176598851
0 452.770624677757 453.0428818659715 12.440138699996169
1 182.4208990485597 183.7263016503652 16.38093800000206
2 182.4208990485597 183.7263016503652 14.953303199996299
3 136.7126254254964 143.22948799016726 12.510612600002787
4 114.6008683822644 118.01893322406207 12.587456200002634
5 114.6008683822644 118.01893322406207 12.676866999994672
6 114.6008683822644 118.01893322406207 12.691566900000907
7 37.408339631928285 35.79140366242176 12.782103800003824
8 37.408339631928285 35.79140366242176 12.598468800002593
9 20.81859213918376 19.211580302091743 12.562515099998564
10 20.81859213918376 19.211580302091743 12.810852800001157
11 20.81859213918376 19.211580302091743 13.20018980000168
12 11.374357615832553 10.2670889086622 12.890229099997669
13 8.535198410500133 7.34553539866344 12.756917699996848
14 6.174703077978907 5.2705363910814045 12.612852999998722
15 6.174703077978907 5.2705363910814045 12.633642199994938
16 4.25116351764423 3.462788518902857 12.74539250000089
17 3.6935987197473588 2.969757418924462 12.64588360000198
18 3.6935987197473588 2.969757418924462 12.638723399999435
19 2.6442583726799826 1.9674364386848684 24.557580699998653
20 2.38463327912612 1.7530817072280018 25.38361260000238
21 2.1901071608670364 1.5514801348250835 28.27280520000204
22 2.1901071608670364 1.5514801348250835 24.976481200006674
23 2.1901071608670364 1.5514801348250835 22.705060100000992
24 1.531743284948109 0.9398429895083207 14.871236499995575
25 1.4047718358217394 0.7924867050967979 15.932523800001945
26 1.2107651919646665 0.6041254633836366 17.31371400000353
27 1.100718614926759 0.5072240500564634 17.80343189999985
28 1.100718614926759 0.5072240500564634 20.48979379999946
29 0.9266197723873689 0.3374000219747949 12.50503440000466
30 0.9007941672443237 0.30613546789460544 12.509518399994704
31 0.8960023715550011 0.29780383094384516 19.755147600000782
32 15.756081081250159
-------------------------------------------------END------------------------------------------------------
-------------------------------------------Krylov LM---------------------------------------------------
590.2254458160855 620.3705176598851
392
0 452.76904646908883 453.0412588271264 21.963443799999368
392
1 184.4208542776771 186.51209671845385 22.080321400004323
392
2 184.4208542776771 186.51209671845385 16.48444730000483
3 143.74065613228467 140.30669331918975 0.1460631000009016
392
4 143.74065613228467 140.30669331918975 16.509021400001075
5 115.95123409076918 116.88871443606814 0.14618199999677017
392
6 115.95123409076918 116.88871443606814 16.472907300005318
7 25.897650383189305 24.490514267640393 0.148269800003618
392
8 25.897650383189305 24.490514267640393 16.44385499999771
9 19.00477059424181 19.45024376195306 0.1315286999961245
392
10 19.00477059424181 19.45024376195306 16.541149600001518
11 19.00477059424181 19.45024376195306 0.13468579999607755
12 16.798499495551667 16.066921330639214 0.1120978000035393
392
13 9.157370291185524 8.491041619878281 16.594004099999438
392
14 9.157370291185524 8.491041619878281 16.684973300005367
15 6.2581966675006315 5.6249808241889605 0.1216874999954598
392
16 4.464176426606377 3.8532998352010073 16.666219999999157
392
17 4.464176426606377 3.8532998352010073 16.733464700002514
18 3.790850968886299 3.296969293832849 0.12608020000334363
392
19 3.790850968886299 3.296969293832849 16.625831899997138
20 3.498164143807154 2.975239567161904 0.1450503000014578
392
21 3.29683822376428 2.832622939450343 16.608638699995936
392
22 3.2518062498221063 2.8392340811082835 16.546176900003047
392
23 2.848127246609319 2.4293912383012315 24.891736099998525
392
24 2.7077601144363275 2.2804603779426498 25.897786800000176
392
25 2.532776516083941 2.1236683147698834 21.64435080000112
392
26 2.532776516083941 2.1236683147698834 16.613461599998118
27 1.3309761252415384 0.7972937183561072 0.15019219999521738
392
28 1.3309761252415384 0.7972937183561072 16.708904999999504
29 1.1540327889919206 0.6029912619507336 0.1271508999998332
392
30 1.1198400833712399 0.5691732046912524 16.732358599998406
392
31 1.1198400833712399 0.5691732046912524 17.50229959999706
32 1.0321470806535413 0.465037642580597 0.19556089999969117
392
33 1.0091431720811432 0.4434467881390899 18.021309299998393
392
34 1.0091431720811432 0.4434467881390899 17.851301800001238
35 0.9573880930516694 0.3805871392336768 0.18622500000492437
392
36 0.9350108730655585 0.35804982461135526 18.58129459999327
392
37 0.9350108730655585 0.35804982461135526 19.921428800000285
38 0.8981127270162835 0.3161834715894143 0.3576614000048721
392
39 0.8748233340125368 0.2936951950186375 21.214625200002047
392
40 0.8545601375517841 0.2784895182733945 21.821338599998853
392
41 0.8545601375517841 0.2784895182733945 19.011826900001324
42 0.8107561944633244 0.23150639733949704 0.20787330000166548
392
43 0.795785969895468 0.21241692378950358 19.23932899999636
392
44 0.7776655023454944 0.18996493850028529 19.112511399995128
392
45 0.7738947189341184 0.18320588008378877 19.58098710000195
46 12.60299164130439
-------------------------------------------------END------------------------------------------------------
------------------------------------Reduced subspace LM---------------------------------------------------
590.2254458160855 620.3705176598851
0.9997862469855652 39
0 527.9952680589727 555.4850339814665 0.48578619999898365
0.9998525908125244 39
1 437.86405918926187 461.2253054823206 0.4796372999990126
0.9999150647859434 39
2 338.77479869471046 356.02671438176327 0.46442519999982323
0.999907256506481 39
3 268.94131179439404 278.66120436300685 0.45150070000090636
0.9997468545309639 39
4 225.28141960000443 230.9108016165669 0.45950119999906747
0.9699272169101824 39
0.9999989025311974 156
5 215.4153113058279 220.47153198883427 5.660395900005824
0.9589450431673157 39
0.9999930761647585 156
6 215.4153113058279 220.47153198883427 5.627484500000719
0.9589450431673157 39
0.9999930761647585 156
7 205.34437288468325 211.5612053238057 5.5538967000029515
0.9795641172462528 39
0.999993655422724 156
8 198.8160906256404 206.07713045349377 5.596948499995051
0.9866638494809503 39
0.9999962673085583 156
9 164.32601970141414 169.785601443731 7.1301257999948575
0.9902840197825664 39
10 120.28223373367284 120.7372539517068 1.0782898999968893
0.9756567886462986 39
0.9999961206763314 156
11 92.64950137789732 92.78852257104445 8.629537499997241
0.9768751852059484 39
0.9999982848478315 156
12 75.8610382185171 75.97820878054891 5.524038799994742
0.984455570467527 39
0.9999990441881661 156
13 64.46852727271062 64.47758950762181 5.476651400000264
0.9912571665590384 39
14 33.10414176227177 31.886545084563743 0.4745370999953593
0.9343690721669368 39
0.9999993921958928 156
15 25.513432097439907 24.377261648625158 5.161704500002088
0.9743715886979613 39
0.9999997375727905 156
16 23.508052864669157 22.630256777626666 6.1702525000000605
0.9951747264391725 39
17 10.92793009000943 9.506264596377017 0.9050886999975774
0.8130049360321852 39
0.9999999054220531 156
18 8.925895038726933 7.759691465140695 7.57052929999918
0.9877495309514904 39
0.999999967800886 156
19 6.7636379573063286 5.8585342722255715 6.1678028000023915
0.9952921342655194 39
20 3.861466451175003 2.951376301715454 0.48952640000061365
0.8440657186820201 39
0.9999999323254866 156
21 3.8305438935053586 3.087837004988426 9.649691399994481
0.9985047018232863 39
22 1.8059112958371661 1.0587168961283324 0.8425290999948629
0.3546996899767259 39
0.9999999754439179 156
23 1.2380834551213153 0.5882098891575345 6.651169999997364
0.9919698830596653 39
24 1.0651391313824294 0.4200095317595184 1.4780167999997502
0.027865818201608654 39
0.9999996692759414 156
25 0.9352572617970621 0.3086579370732553 5.32857089999743
0.9939544793375401 39
26 0.8232992193950158 0.20971360399635267 0.4739532000021427
0.08239320704092408 39
0.9999999267763431 156
27 0.7738217484660123 0.16420926874881747 5.255979699999443
0.9900795418285595 39
28 0.7602297831112799 0.15224763713359574 0.6652962000007392
0.0007345493627614333 39
0.999988646939924 156
29 0.728084596173381 0.12403125612506685 5.426376100003836
0.9814363620960186 39
0.9999999759007572 156
30 0.714318684100376 0.11292637706031015 5.265949900000123
0.9944110949333821 39
31 0.6900444514299893 0.08825521738116354 0.817918799999461
0.0036598575263961258 39
0.9999982047315304 156
32 0.6775316834773886 0.0779043068268644 10.813761000004888
0.9946716784887453 39
33 0.6707875217530813 0.07093034940215551 0.6725135000015143
0.00029770133449084793 39
0.9999817993748831 156
34 0.662262677708099 0.06405190537912654 5.397703599999659
0.9963201037011988 39
35 0.6569739074557587 0.058713048210007286 0.47047599999496015
0.0002737061724654277 39
0.9999793861253272 156
36 0.6506147820372542 0.0537528387502675 5.497098400002869
0.9964143611394712 39
37 0.6468197822437581 0.05002208774458416 0.44312450000143144
38 3.808099736841541
-------------------------------------------------END------------------------------------------------------
27
-------------------------------------------Classical LM---------------------------------------------------
670.533945147312 718.1804734693326
0 670.533945147312 718.1804734693326 12.499094400001923
1 324.64943476954465 328.4424059375817 16.165687099994102
2 214.10280765192425 222.30972047726522 13.75987460000033
3 157.49965173224436 167.06877050155924 12.647788399997808
4 84.92131923282724 82.41479464474423 12.67626670000027
5 84.92131923282724 82.41479464474423 12.454445999996096
6 38.98047793459005 39.25531912155569 12.575194400000328
7 38.98047793459005 39.25531912155569 12.49826629999734
8 18.32610702522832 18.213230232287138 12.499046599994472
9 18.32610702522832 18.213230232287138 12.575486299996555
10 18.32610702522832 18.213230232287138 12.702900200005388
11 10.44908492765879 10.433120926214734 29.655377800001588
12 10.44908492765879 10.433120926214734 25.108212499995716
13 6.831559325192665 6.567000177854854 12.581992100000207
14 4.870899524926486 4.534137596455767 12.660787100001471
15 4.870899524926486 4.534137596455767 13.707088099996326
16 3.32437844916502 2.89395454999663 12.531153800002357
17 2.5751608367465764 2.0607999423199383 12.547511800003122
18 1.9783422233743506 1.4232534071233751 12.596087699996133
19 1.7871356716308893 1.1961941588702525 12.600182700000005
20 1.7871356716308893 1.1961941588702525 12.553539800006547
21 1.4785439105348024 0.9014688650906155 12.980907899996964
22 1.4785439105348024 0.9014688650906155 12.448614900000393
23 1.272669970503736 0.653778847440203 12.56294329999946
24 1.272669970503736 0.653778847440203 12.649423100003332
25 0.9159544860881104 0.3161226078477748 21.058284900005674
26 0.8364487335467433 0.235536819411107 23.623295700002927
27 0.8172532737429319 0.2123600987912296 24.667625300004147
28 0.8172532737429319 0.2123600987912296 22.576902199994947
29 0.7533068669960846 0.15028392635889928 16.290053600001556
30 0.7334332812479605 0.1312831720860878 20.016833900001075
31 0.7172851692437578 0.11720911411581593 17.590817700001935
32 0.7172851692437578 0.11720911411581593 18.34029339999688
33 0.6867320555469989 0.08944681119540286 13.840762700005143
34 0.6777846140204229 0.08192823563731404 23.781495199997153
35 0.6716400414144429 0.07631041085738133 18.51844799999526
36 0.6716400414144429 0.07631041085738133 12.475011700000323
37 0.6540218386969197 0.06055411211585018 19.129748899998958
38 0.652546702834196 0.059027421638567876 12.47591580000153
39 15.75957339999989
-------------------------------------------------END------------------------------------------------------
-------------------------------------------Krylov LM---------------------------------------------------
670.533945147312 718.1804734693326
392
0 670.533945147312 718.1804734693326 16.59794939999847
1 324.6494347638483 328.44240593297536 0.12809269999706885
392
2 214.09070425198982 222.29181906175646 16.669096899997385
392
3 159.81823936259173 170.43156060042097 16.760577200002444
392
4 75.17884806117942 70.53520181883991 16.711405400004878
392
5 75.17884806117942 70.53520181883991 16.656795000002603
6 30.671128287769015 30.121899479485784 0.15061029999924358
392
7 30.671128287769015 30.121899479485784 16.989421499994933
8 15.482324006616 15.665148809123595 0.11528790000011213
392
9 15.482324006616 15.665148809123595 16.678265399998054
10 15.482324006616 15.665148809123595 0.21197220000613015
11 11.924317140437212 10.855573474472816 0.10607119999622228
392
12 11.924317140437212 10.855573474472816 16.851027899996552
13 6.6706756533890355 6.226638600897404 0.18263470000238158
392
14 5.483660568046508 4.889572989501069 20.196899599999597
392
15 4.809170835616562 4.471790835265125 17.522713500002283
392
16 4.809170835616562 4.471790835265125 16.655366600003617
17 3.7122947541117917 3.1514077032512153 0.14950550000503426
392
18 2.35381470087353 1.8058217934533964 16.655546300004062
392
19 2.35381470087353 1.8058217934533964 16.718583499998203
20 2.35381470087353 1.8058217934533964 0.11390740000206279
21 1.499624524425072 0.8913230070230295 0.12369800000305986
392
22 1.317618339256296 0.7124927502399134 16.81561569999758
392
23 1.317618339256296 0.7124927502399134 16.64680490000319
24 1.2026900490378425 0.5812482382439014 0.12596879999910016
392
25 1.1215649508827314 0.5041754682993782 20.26103200000216
392
26 1.0657465156141626 0.44989736195089913 16.608616100005747
392
27 0.972700667296909 0.3661995177371773 16.60859669999627
392
28 0.9428379117381533 0.3462435341616391 16.96097120000195
392
29 0.9428379117381533 0.3462435341616391 19.36862100000144
30 0.936799569551077 0.3314061545873204 0.11791249999805586
392
31 0.936799569551077 0.3314061545873204 16.62220150000212
32 0.8290654394269285 0.2215393520269839 0.20235949999914737
392
33 0.8290654394269285 0.2215393520269839 16.532111100001202
34 0.8037441680881652 0.1963569634015977 0.11782390000007581
392
35 0.7901331126755416 0.18475452369218254 16.682503100004396
392
36 0.7901331126755416 0.18475452369218254 16.556136799998058
37 0.7740042909633383 0.16828571257763453 0.11636659999930998
392
38 0.762354794190368 0.15860077376271245 16.715262300000177
392
39 0.7521330460565183 0.1493299546842134 18.060057800001232
392
40 0.7353146375348736 0.13126112976580556 16.58968620000087
392
41 0.7078428523671962 0.10412577280880543 18.208549199996924
392
42 0.6930422396399092 0.09074378469503623 25.17414860000281
392
43 0.6930422396399092 0.09074378469503623 20.492432999999437
44 0.667414906877246 0.06409481665671828 0.15325250000023516
392
45 0.667414906877246 0.06409481665671828 16.853264500001387
46 0.6594953042081352 0.05522861866143336 0.11812459999782732
392
47 0.6560190371455816 0.05187059575312712 16.576407300002757
48 11.713130322917246
-------------------------------------------------END------------------------------------------------------
------------------------------------Reduced subspace LM---------------------------------------------------
670.533945147312 718.1804734693326
0.9996880258930307 39
0 594.3853627069172 635.9496587870317 0.5142373999988195
0.9996941171639938 39
1 484.01795936078184 515.5637419998706 1.0541445999988355
0.9997491303296628 39
2 361.9916906361661 380.7720168213205 0.47251929999765707
0.9998200392646727 39
3 275.29754926551647 283.72339035107393 0.4566874000011012
0.9994076672800248 39
4 227.48813032884988 233.2704369247908 0.8707338999956846
0.9489512649970372 39
0.9999936070435353 156
5 222.98467269172045 228.1152805013253 11.65313160000369
0.9614920381397905 39
0.9999832281518966 156
6 212.87808950008693 217.93958071395534 5.7217947999961325
0.9737954179795321 39
0.9999810534087707 156
7 191.93430759493688 196.383091355131 5.589527800002543
0.9828416179162984 39
0.999998397143017 156
8 186.66858300256004 190.9209614311236 5.611684099996637
0.9959442702311145 39
9 173.64913579439357 179.97152752947738 0.6187368999962928
0.9899031608214935 39
0.9999899264628235 156
10 138.8538812141575 142.82350799118612 8.588007300000754
0.9886598404841389 39
0.999994352524842 156
11 120.27234895938435 124.35238398971298 5.567100899999787
0.9952458827359736 39
12 44.86966005444529 43.11050747875015 0.4462948000000324
0.9375468218445878 39
0.9999886421573768 156
13 42.870102397184596 41.33663529313465 5.51009619999968
0.9889855488718431 39
0.9999995228707826 156
14 29.375608123862406 28.233874425481343 7.480307499994524
0.9914364482441743 39
15 11.958671166739713 11.21917485103018 0.4864859000008437
0.9975441626011197 39
16 7.782213808319124 6.72203907511795 0.4666438999993261
0.9176181426077583 39
0.9999996730302304 156
17 6.078683761161319 5.106714130815918 5.473323799997161
0.9849769634971618 39
0.9999996756714407 156
18 4.816893079516005 3.942634891857727 7.809566099997028
0.9938864254923808 39
19 3.1705786682341177 2.2670928405231776 0.47889240000222344
0.5638528961500685 39
0.9999999562842291 156
20 2.502601683210177 1.7180114873059529 5.3280092000059085
0.9865991737448924 39
0.9999999713710845 156
21 1.970991842139417 1.248711566673792 5.409682400000747
0.9937082671368288 39
22 1.6349992083247384 0.8819532602208583 0.47954789999494096
0.10321533466067148 39
0.9999998471846271 156
23 1.407191285215352 0.7647397600487336 5.214608700000099
0.9977034130935268 39
24 1.0657807065864093 0.40151785941525425 0.5115998999972362
0.11682831003889345 39
0.9999996806853474 156
25 1.0256522187868307 0.4054332720899812 13.083194200000435
0.9994148544923156 39
26 0.8350447294990321 0.21389974143291515 0.44569290000072215
0.025048770216600545 39
0.9999973578894125 156
27 0.789654686573245 0.1799108901587715 5.458731899998384
0.9921558215797064 39
28 0.7814704590728135 0.17124627941319942 0.451994700000796
5.244688575363078e-05 39
0.9995386142327697 156
29 0.7590462980126369 0.1577007035520182 5.468325400004687
0.9976093410231427 39
30 0.744886228934791 0.14145034779655954 0.47673180000128923
0.00019698099736595775 39
0.9998177314661916 156
31 0.7402985867615048 0.1419027032864233 5.378900800002157
32 3.8305292624995673
-------------------------------------------------END------------------------------------------------------
28
-------------------------------------------Classical LM---------------------------------------------------
594.9889628550754 638.9057285923916
0 269.27756268722965 276.53063483545344 12.525884400005452
1 269.27756268722965 276.53063483545344 12.568428600003244
2 269.27756268722965 276.53063483545344 12.588667299998633
3 176.36700823218786 175.1069529577291 12.651216899997962
4 131.16038147115023 129.15916766557092 12.602714900000137
5 131.16038147115023 129.15916766557092 12.64251769999828
6 64.14922842012972 65.14214298914222 12.580929800002195
7 64.14922842012972 65.14214298914222 12.944089800002985
8 48.153713479740084 48.52487767565282 16.360839799999667
9 48.153713479740084 48.52487767565282 12.801728500002355
10 29.457122130860895 28.534192155648803 12.718685799998639
11 26.10485030733939 26.273157485897176 12.657652599998983
12 23.511051357588887 23.318989779374874 12.640984800003935
13 21.9639115918171 21.418110936384874 12.598689300000842
14 12.021193093697649 12.306369069312822 12.626933599996846
15 12.021193093697649 12.306369069312822 12.581158599998162
16 10.715291704482132 9.944907453620061 13.013742799994361
17 10.715291704482132 9.944907453620061 12.547106500001973
18 1.1226419994408092 0.54914647140327 12.55837739999697
19 0.7971263312907073 0.19848141375943465 12.857050700004038
20 0.7658455132756797 0.1722857441514492 19.800815999995393
21 0.7384093808524718 0.15007014314124142 19.567249900006573
22 0.7384093808524718 0.15007014314124142 12.642291000003752
23 0.6242390025344785 0.03792175274102609 20.52535440000065
24 0.618309060497081 0.034581936458175304 15.974357800005237
25 0.618309060497081 0.034581936458175304 13.247440999999526
26 0.6092310908604497 0.025830959051039392 27.688874899999064
27 0.6077186413528692 0.02610295421936766 22.354604899999686
28 0.6069851634003202 0.027689823084438684 21.020972100006475
29 0.6039379301639337 0.027456311128160677 20.38392400000157
30 0.6039379301639337 0.027456311128160677 20.628509699999995
31 0.6002407342553597 0.026383282176147632 12.495457400000305
32 15.106164153125746
-------------------------------------------------END------------------------------------------------------
-------------------------------------------Krylov LM---------------------------------------------------
594.9889628550754 638.9057285923916
392
0 269.2780690731959 276.5315708252189 16.35580040000059
392
1 269.2780690731959 276.5315708252189 16.579108999998425
2 269.2780690731959 276.5315708252189 0.14744639999844367
3 176.36739955892622 175.1066864739127 0.12230170000111684
392
4 131.17931705620225 129.18370241259157 16.738715200001025
392
5 131.17931705620225 129.18370241259157 17.184052599994175
6 64.14601260829538 65.13614052212468 0.10243369999807328
392
7 64.14601260829538 65.13614052212468 16.722163200000068
8 48.089095180420905 48.456901670800804 0.15227610000147251
392
9 48.089095180420905 48.456901670800804 16.76267640000151
10 29.418324453059434 28.492675939573406 0.15540499999769963
392
11 26.129776166244056 26.29475227466658 16.888176899999962
392
12 23.47371126420825 23.28017629292167 16.88267530000303
392
13 20.75678755707277 20.28680087596986 16.856682799996634
392
14 13.252035866354898 13.217558137801191 20.360851400000683
392
15 13.252035866354898 13.217558137801191 18.454387400000996
16 9.808970460903955 9.069642257672964 0.21924229999422096
392
17 6.263586927881881 5.9053111685806385 16.731945300001826
392
18 1.5713337147173427 0.9388789981756467 16.8879192999957
392
19 1.5713337147173427 0.9388789981756467 17.277159299999767
20 1.4803493078802166 0.9142245118866279 0.10865069999999832
392
21 0.7003519436630535 0.110171317090754 17.985647399997106
392
22 0.7003519436630535 0.110171317090754 16.8805382999999
23 0.6672725150513242 0.08224630859850075 0.1372672999932547
392
24 0.6286207011890833 0.043512353756883254 16.618364400004793
392
25 0.6286207011890833 0.043512353756883254 21.51231739999639
26 0.6165372451205525 0.0313895472521992 0.18786070000351174
392
27 0.613916002045681 0.030072916804346927 19.4605573000008
392
28 0.613916002045681 0.030072916804346927 23.03111329999956
29 0.610065905766296 0.0265655222718897 0.17539390000456478
392
30 0.608690194114037 0.026653240255851883 17.098350599997502
31 12.089596161289768
-------------------------------------------------END------------------------------------------------------
------------------------------------Reduced subspace LM---------------------------------------------------
594.9889628550754 638.9057285923916
0.9996912047170551 39
0 531.622331935465 569.6397595405958 0.4861213999975007
0.9997536299773558 39
1 439.99231452535884 468.8886804882826 0.5042879999964498
0.9998018835780134 39
2 339.30495181055477 356.4333526215558 0.5884441999951378
0.9997956977053937 39
3 266.73697632418776 274.111399680086 1.4888958000010462
0.9988180977985219 39
4 217.60964845733588 219.46978197790705 0.5375981999968644
0.9640698429718617 39
0.9999989004757641 156
5 213.32131163915662 212.52829650037265 5.3238055000038
0.9370529606550178 39
0.9999875674900444 156
6 206.18582845404836 206.5699871455616 7.261437499997555
0.9759859985940161 39
0.9999431734303007 156
7 138.12275029269574 141.60987252365 11.749575599998934
0.9579481163066481 39
0.9999539435956956 156
8 89.8881941139834 91.77089464696168 5.573120599998219
0.98015805075293 39
0.9999711471340663 156
9 39.70561732920989 40.36602836673975 5.618815800000448
0.9959699044269857 39
10 13.78699389436146 12.338558235468692 0.49710229999618605
0.9512621046617035 39
0.9999986273990364 156
11 13.523008970414324 12.841420243554461 6.079343700002937
0.9939379366564791 39
12 6.114755792487549 4.872146853385317 0.5273368999987724
0.7137563647010742 39
0.9999996014149881 156
13 5.0103723468177135 4.031952628509767 8.513918199998443
0.9803357981695558 39
0.9999998420665035 156
14 4.448647706980165 3.598853145939946 10.628716600003827
0.9917470723105731 39
15 3.349352031732889 2.434674960113606 0.97804979999637
0.5309963852458474 39
0.9999997248840572 156
16 2.815632004387253 2.054481070588438 9.057054799995967
0.9730653409452187 39
0.9999999234901881 156
17 2.362978335506712 1.6818224761112588 5.292134299997997
0.9874500790716388 39
0.9999999436280862 156
18 2.1215439969292547 1.48335281102112 5.369387899998401
0.9949265789212416 39
19 1.3596395221380329 0.7231370920517917 0.4876977000021725
0.4656379439484061 39
0.9999997460710602 156
20 1.2227988596486887 0.6260147939377271 5.3449906000023475
0.9977630451837473 39
21 1.0581971102555898 0.456745361382359 0.7362923000036972
0.23237213291578288 39
0.9999997695930026 156
22 0.9671410130082113 0.3748944882897976 8.459389299998293
0.9869890621324953 39
0.999999939859932 156
23 0.8993073834434566 0.2998246806420036 5.278330900000583
0.9930906959979029 39
24 0.8054580179196481 0.1998791164576803 1.0549790000004577
0.1953148414106118 39
0.9999998275943437 156
25 0.7799583033394473 0.17839245176564872 8.656674500001827
0.9963526402854155 39
26 0.73279503414343 0.12864617723753374 0.5036438000024646
0.020720210582648457 39
0.9999980738774679 156
27 0.6989367872148993 0.09945125245658125 5.212222800000745
0.9877164365709136 39
0.9999999780164864 156
28 0.6768646733616634 0.07679735767058765 5.137923000002047
0.9856667694641753 39
0.9999999101576234 156
29 0.6645642296480064 0.06398850767400754 7.387581800001499
0.9922546847346244 39
30 0.6480317847325713 0.047819615395534164 0.4669161999991047
0.056667404213131496 39
0.9999996583761341 156
31 0.6421676968125889 0.04144858110789147 5.327495799996541
0.9950839469809057 39
32 0.6385719716666242 0.0377753559662861 0.48761150000063935
33 4.261118069696584
-------------------------------------------------END------------------------------------------------------
29
-------------------------------------------Classical LM---------------------------------------------------
611.9549979342511 657.0180961654407
0 417.96840420299316 419.6238996266429 12.47960890000104
1 295.24942312469204 289.76655191342905 12.574218100002327
2 127.33858525209013 128.55327898446492 12.537027500002296
3 127.33858525209013 128.55327898446492 12.781882499999483
4 53.09069487933384 52.73331932668894 12.752493200001481
5 53.09069487933384 52.73331932668894 12.586721800005762
6 39.72021216113461 37.023859221193646 12.972781299999042
7 39.72021216113461 37.023859221193646 12.565549200000532
8 24.153003339124314 24.01164577722289 12.779891800004407
9 24.153003339124314 24.01164577722289 12.651383199998236
10 19.188754682232833 18.333623173136488 12.822648600005778
11 19.188754682232833 18.333623173136488 12.612893899997289
12 16.594494868274875 16.35760280431177 12.675825099999201
13 9.010486566032002 8.794141106220108 12.829989900004875
14 9.010486566032002 8.794141106220108 12.609470900002634
15 3.3787364547913414 3.019197975308579 12.566332299997157
16 2.756652105856393 2.243468431000403 13.305633800002397
17 2.1675448226044765 1.6440477118313384 12.566645799997787
18 0.8579765100591485 0.253707558331534 12.502094499999657
19 0.8579765100591485 0.253707558331534 12.807064100001298
20 0.7253911907986474 0.13869507020143138 12.601589600002626
21 0.6475034147084318 0.05694856202544395 12.463072099999408
22 0.6475034147084318 0.05694856202544395 12.478840999996464
23 0.6160114171914804 0.029166554395831087 12.51289949999773
24 0.6132088453202481 0.02902522213297572 12.526259199999913
25 0.6132088453202481 0.02902522213297572 12.470494399996824
26 0.6081515051882137 0.024347736534699845 12.512580700000399
27 0.6081515051882137 0.024347736534699845 12.932482700001856
28 0.6071181176916267 0.025085278767992186 12.499218099997961
29 0.606191912178251 0.024832115073034903 12.524229399998148
30 0.6059464615075919 0.026357573742528256 13.174142900003062
31 12.66696664516184
-------------------------------------------------END------------------------------------------------------
-------------------------------------------Krylov LM---------------------------------------------------
611.9549979342511 657.0180961654407
392
0 417.97238870047585 419.62776069309274 16.952172899997095
392
1 275.45127370593343 267.4026950338375 16.78598729999794
392
2 117.49003121568863 119.41525079268746 16.75509769999917
392
3 117.49003121568863 119.41525079268746 16.893103099995642
4 81.69008679719181 84.95231711024287 0.14322830000310205
392
5 81.69008679719181 84.95231711024287 16.902978500002064
6 61.119882879636926 62.544319555253885 0.11387359999935143
392
7 61.119882879636926 62.544319555253885 16.790954699994472
8 61.119882879636926 62.544319555253885 0.13997399999789195
9 17.18049049335701 16.88210400101534 0.1424741000009817
392
10 17.18049049335701 16.88210400101534 16.821317900001304
11 11.109338987937416 10.476077161417438 0.1337169000034919
392
12 7.692539575421444 6.889793621656767 18.004520499998762
392
13 7.692539575421444 6.889793621656767 23.565220899996348
14 4.417465193747311 3.7296000043283013 0.14378140000189887
392
15 3.2666333549260376 2.690042945470931 22.77469569999812
392
16 3.2666333549260376 2.690042945470931 17.8936543000018
17 1.50984064916749 0.9261365905318201 0.20494980000512442
392
18 1.477612167057401 0.9529451293926041 17.126828700005717
392
19 1.477612167057401 0.9529451293926041 17.234525500003656
20 1.1938042697013662 0.6556964279486529 0.0996621000012965
392
21 0.8913812590936067 0.3152856319867773 17.196429700001318
392
22 0.8913812590936067 0.3152856319867773 17.284510199999204
23 0.8175244969321166 0.24519253690724138 0.11768570000276668
392
24 0.7801052465464252 0.20254309988656954 17.295837600002415
392
25 0.7801052465464252 0.20254309988656954 17.247385900001973
26 0.7454115633442674 0.16585528622787424 0.2186987000022782
392
27 0.7269351848548656 0.1457996049126205 17.284963199999765
392
28 0.7119145294517297 0.1327888867941914 18.911608700000215
392
29 0.7067648506786196 0.1251305167709587 17.588374499995552
392
30 0.7067648506786196 0.1251305167709587 17.14318970000022
31 0.6616210230339353 0.07330242732616062 0.15416710000135936
392
32 0.6599222679681341 0.0727603081211469 17.06497279999894
33 11.913046718182159
-------------------------------------------------END------------------------------------------------------
------------------------------------Reduced subspace LM---------------------------------------------------
611.9549979342511 657.0180961654407
0.9995356754957789 39
0 545.8356832810666 585.4188974307377 0.8649119999972754
0.9997137283411215 39
1 449.856894307255 480.96593559381586 0.5026287000000593
0.9998072008689702 39
2 344.075656759962 363.7003242302031 0.48822549999749754
0.9998319824766165 39
3 264.4658657088781 274.179051504693 0.7598666999983834
0.9990469942483778 39
4 194.7474414768313 198.76277359172062 0.48490180000226246
0.9687409937656578 39
0.999996726707189 156
5 173.5899627278962 175.39940537793046 5.7636813999997685
0.9820599939443846 39
0.9999827147634779 156
6 154.93430658605172 156.93418098023926 7.877133600006346
0.9767131692981521 39
0.9999855136476673 156
7 142.20338404934208 143.8285454850809 7.65291299999808
0.9729226691957265 39
0.9999959997765147 156
8 141.03881578711088 143.12309019156737 5.676152300002286
0.991809975518562 39
9 81.43771886834584 79.9203372236125 0.4843875000005937
0.9241384457993893 39
0.9999823902931518 156
10 80.85887165110537 79.86392355251078 5.532690300002287
0.989753228733914 39
0.9999987442039918 156
11 68.63408117747434 68.52967752795718 5.69065430000046
0.9910481122224812 39
12 34.83569736081675 33.33832775369197 0.49279679999744985
0.9643716909954048 39
0.9999975821104319 156
13 26.899374819104317 25.959037815016288 5.309104200001457
0.9826248745068012 39
0.9999996506003063 156
14 21.00087704215342 20.1619556529244 11.409134500005166
0.9912653252068105 39
15 8.556893127330842 6.980491681094276 0.5086708000017097
0.8491541999495184 39
0.9999997079375295 156
16 7.611922353289303 6.240114722329245 5.61412470000505
0.9914850853223615 39
17 5.9398991049595145 4.6743473093945305 0.4874861999996938
0.9868456244656634 39
0.9999999269383122 156
18 5.346327029572225 4.2832515832948985 5.395954799998435
0.9985983437476897 39
19 3.4016138576475123 2.381605138484634 0.48370710000017425
0.9402684551559377 39
0.9999999639775944 156
20 2.67115579699897 1.7445592041454046 5.52970269999787
0.9949593744393713 39
21 2.3008804077131404 1.4298999044575127 0.4844807000044966
0.0654664732697408 39
0.9999976199261287 156
22 1.7441218496709745 0.9501405659393494 5.607905600001686
0.979678867856604 39
0.9999999772710123 156
23 1.5317418766265878 0.8412601475586032 7.9514226999963284
0.9980205543087093 39
24 1.0215037806565137 0.34764853593077555 1.0755721000023186
0.5289540318768954 39
0.9999999526042345 156
25 1.0028564596689515 0.3688554533969598 5.222864899995329
0.9987162165547881 39
26 0.7998052938591077 0.1672714943096628 0.578117500001099
0.18500140244423305 39
0.999999936767228 156
27 0.7709373366701024 0.1609860956074667 5.711506699997699
0.9988580372678109 39
28 0.7051142620508772 0.0943857644191958 0.861360999995668
0.02055649196162941 39
0.9999996215354311 156
29 0.6883332670106704 0.08999735120040667 5.993283600000723
0.9986667347157531 39
30 0.6613836530214976 0.05989596927089224 0.8729206999996677
0.0049093857374183664 39
0.9999981140079952 156
31 0.6489552477002823 0.05156601618308524 5.702035899994371
0.9983343594511676 39
32 0.6376989924640613 0.041590257766688565 1.4515937000032864
0.0013315832075285836 39
0.9999915263632944 156
33 0.634995801538615 0.04089627251399821 5.795359299998381
34 3.656389802941275
-------------------------------------------------END------------------------------------------------------
30
-------------------------------------------Classical LM---------------------------------------------------
673.9496099299898 712.7745310759964
0 673.9496099299898 712.7745310759964 27.914836000000008
1 263.93022388382497 272.0890914075803 19.902965800000004
2 263.93022388382497 272.0890914075803 27.43347650000004
3 243.87901084451624 245.99741635962593 12.736894100000029
4 233.00666698041948 230.3920363085485 16.197337600000026
5 120.37061541063676 118.36955571886037 19.297150699999975
6 120.37061541063676 118.36955571886037 35.31465549999996
7 72.05284048505453 70.8597984024521 28.301189300000033
8 72.05284048505453 70.8597984024521 34.3649537
9 72.05284048505453 70.8597984024521 29.06309490000001
10 24.965572555999064 23.35816517812552 15.230690900000013
11 24.965572555999064 23.35816517812552 31.233808400000044
12 10.632201263293522 10.342797106759908 20.0690922
13 8.470386755930962 7.915665687323654 34.3049833
14 5.155127728150526 4.695249341526819 12.668859399999974
15 5.155127728150526 4.695249341526819 12.65807760000007
16 2.2398388742809874 1.6172984084683326 27.205441000000064
17 1.6662500337954553 1.0759699668049802 19.898467400000072
18 1.4675584248836222 0.9348322853865411 12.677094200000056
19 1.4675584248836222 0.9348322853865411 12.74371589999987
20 1.0862369587350127 0.5037206544209952 26.902140500000087
21 0.9621343275428675 0.3973174685310155 19.903039099999887
22 0.9621343275428675 0.3973174685310155 13.859111700000085
23 0.9073087505596065 0.3448304258738532 29.614834599999995
24 0.8518077470231991 0.29049645395612783 12.659572099999878
25 0.8518077470231991 0.29049645395612783 13.196074400000043
26 0.8208518403215305 0.26023023969667836 34.44730699999991
27 0.8004220196491107 0.2401169990941793 12.664491300000009
28 0.8004220196491107 0.2401169990941793 12.638290300000335
29 0.7808379851686544 0.2191732151450711 33.91675410000016
30 0.7686695965337537 0.20475367975849115 21.330836399999953
31 0.7686695965337537 0.20475367975849115 19.010152899999866
32 0.7526330011157475 0.1863471755362231 26.898460800000066
33 0.7453103596527294 0.17584983285335948 32.83372650000001
34 0.7453103596527294 0.17584983285335948 29.03164169999991
35 0.7334455427849338 0.1628762955394008 15.629903200000172
36 0.7267751308802567 0.15461499370941367 17.09202039999991
37 0.7216383068604831 0.1478870898766961 23.47315179999987
38 0.7216383068604831 0.1478870898766961 21.625296400000025
39 0.7071282664722697 0.13252301807503084 12.591940899999827
40 0.7004655843215234 0.12462055950596845 12.53517920000013
41 0.6937799238092959 0.11604232863893302 12.484740800000054
42 0.692585496896677 0.11284464659850721 12.68805969999994
43 21.307988609302335
-------------------------------------------------END------------------------------------------------------
-------------------------------------------Krylov LM---------------------------------------------------
673.9496099299898 712.7745310759964
392
0 673.9496099299898 712.7745310759964 17.637678999999935
1 263.9302238838886 272.08909140709557 0.10634170000002996
392
2 263.9302238838886 272.08909140709557 18.578082500000164
3 243.87901082701492 245.9974163483026 0.13695590000043012
392
4 233.00701278488756 230.39217718592525 18.335145499999726
392
5 119.79210322192385 117.90520344497457 17.869819200000165
392
6 119.79210322192385 117.90520344497457 17.011129099999835
7 71.92048868299453 70.5499019276546 0.14275669999960883
392
8 71.92048868299453 70.5499019276546 17.84457960000009
9 71.92048868299453 70.5499019276546 0.12981549999994968
10 24.865472438445057 23.343246541608206 0.1099064999998518
392
11 24.865472438445057 23.343246541608206 18.141801100000066
12 10.509743647249325 10.263289100455784 0.13541850000001432
392
13 8.466122725501691 7.919425881415002 17.633309299999837
392
14 5.0710973808573545 4.583937463125879 17.961455600000136
392
15 5.0710973808573545 4.583937463125879 19.469955500000196
16 2.2208196767856805 1.5918351943054254 0.11810040000000299
392
17 1.704447542811633 1.1490344882670889 20.23530850000043
392
18 1.4078361426707833 0.8880107790024394 19.888068100000055
392
19 1.4078361426707833 0.8880107790024394 21.140136700000767
20 1.0752968641768632 0.5032756534518074 0.15086460000020452
392
21 0.960004906561886 0.4061463298650858 21.47741640000004
392
22 0.960004906561886 0.4061463298650858 22.919512499999655
23 0.8982631429313671 0.35078069579293264 0.11617779999960476
392
24 0.8611380982328887 0.31786318096657135 21.737888399999974
392
25 0.8611380982328887 0.31786318096657135 22.434620500000165
26 0.8221684890337084 0.27791900315287094 0.10019699999975273
392
27 0.8035085150622076 0.2593792090067301 26.253469999999652
392
28 0.8035085150622076 0.2593792090067301 19.37702739999986
29 0.7860120351851736 0.24017796459554216 0.15528040000026522
392
30 0.7745126340818546 0.22668005159173477 16.73583260000032
392
31 0.7745126340818546 0.22668005159173477 16.822966499999893
32 0.7640073881120303 0.2144113037271727 0.15110210000057123
392
33 0.755858611756653 0.20377892557435776 16.90501310000036
392
34 0.755858611756653 0.20377892557435776 16.863072800000737
35 0.748824570037982 0.19531465088232733 0.14060819999940577
392
36 0.742210124803614 0.1865374085651063 20.542745699999614
392
37 0.7362824019778059 0.17709697018551868 16.898997000000236
392
38 0.7362824019778059 0.17709697018551868 16.79804630000035
39 0.723328100381706 0.16247607181854865 0.11712379999971745
392
40 0.7157777013529248 0.15178346040224192 17.327259499999855
392
41 0.7089185093880104 0.13947133278033386 17.126885100000436
392
42 0.7089185093880104 0.13947133278033386 19.86561410000013
43 0.6935506733310589 0.12245259828405092 0.12511649999942165
392
44 0.6864331526939658 0.11221367056298663 16.89314419999937
392
45 0.6825240434186236 0.10606610650088719 16.813851500000055
46 12.771208671739151
-------------------------------------------------END------------------------------------------------------
------------------------------------Reduced subspace LM---------------------------------------------------
673.9496099299898 712.7745310759964
0.9996830417765085 39
0 596.9984443969296 631.4941026501705 0.5314010000001872
0.9998088040377064 39
1 485.0373595612483 512.8855305589153 0.48749690000022383
0.999874909310746 39
2 361.0014162329207 379.85716470440104 0.5046554000000469
0.9998603358850007 39
3 270.19725777206656 278.0006244287758 0.4433173000006718
0.9991528296031071 39
4 210.3554495210211 213.53956904762364 0.47694159999991825
0.9754572447640828 39
0.9999931484688936 156
5 206.20753285444124 209.13267911386714 5.725977199999761
0.9660789876778704 39
0.9999908363092106 156
6 202.5251435969387 206.32459169389523 5.543503100000635
0.9908159427300962 39
7 125.11879736326041 127.09878236893071 0.4497883999993064
0.9608811781030895 39
0.9999130348299293 156
8 80.99197077438976 83.88486329407428 5.3521411000001535
0.9742143126016772 39
0.9999791014878299 156
9 66.72976149984393 68.90980345117134 5.581741500000135
0.9898136030832334 39
0.9999975731917518 156
10 44.976155433769634 45.704827116477276 5.265291600000637
0.9977043517240219 39
11 21.36516576313708 22.041958271308413 0.5136886000000231
0.9650023515787075 39
0.9999968253978636 156
12 16.633274367611506 16.71049020998585 5.297921999999744
0.9848330987394873 39
0.9999987773330673 156
13 14.232081795610828 14.128650961167056 8.444937100000061
0.9961084761627829 39
14 6.191451928641541 5.438863180800512 0.4748958999998649
0.9625564440456261 39
0.9999998364629318 156
15 5.615339246969271 4.929385491286005 5.329120200000034
0.993212090893948 39
16 3.7000264221223733 3.001505331574256 0.45420819999981177
0.895758987920001 39
0.9999999634096285 156
17 3.3119031295926993 2.613248235369865 5.41963510000005
0.9968367544623714 39
18 2.651692211444378 1.906572899361519 0.4988714999999502
0.5830745481317802 39
0.9999999782701232 156
19 2.1360370873389343 1.3932481948808673 9.543057699999736
0.9602409573467807 39
0.9999997559988494 156
20 1.7520592080474613 1.1111623719462305 10.603428700000222
0.9961039744859163 39
21 1.4170624876902427 0.7619458211513672 0.4602519999998549
0.4115635627353398 39
0.9999999749800317 156
22 1.1937287611166314 0.5745376844618411 5.44642500000009
0.9960383013937123 39
23 1.1144301354655928 0.4801371047771574 0.47319599999991624
0.012605813435474233 39
0.9999987860327831 156
24 1.0168813204432408 0.4154946094906605 5.216324400000303
0.9991082426938132 39
25 0.7996752306983829 0.19079874270163885 0.9185807000003479
0.18360945778949878 39
0.9999999134037081 156
26 0.7169022438210133 0.12121006991563417 10.559722399999373
0.9849191298783593 39
0.9999997434948921 156
27 0.6825375925903481 0.09266982970803565 8.86590840000008
0.9948903528526306 39
28 0.6648426130070946 0.07613462662167751 0.45878670000001875
0.04426660910425251 39
0.9999996782575219 156
29 0.6572737741014838 0.06986289443286377 5.357598700000381
0.9990810923144379 39
30 0.6473792250242468 0.05982498573615085 0.6291533000003255
0.007640047990275389 39
0.99999905025511 156
31 0.6417078650149423 0.05494783432027146 8.62278839999999
0.9899689612809265 39
0.9999999942416034 156
32 0.6388896396463135 0.05351151805852598 5.111560200000895
33 3.910979281818265
-------------------------------------------------END------------------------------------------------------
31
-------------------------------------------Classical LM---------------------------------------------------
576.9998120672594 610.4749798232908
0 338.05301286855973 345.3210077781573 12.462681500001054
1 242.2568866593035 242.59527295930934 12.571738800001185
2 242.2568866593035 242.59527295930934 19.340466899999228
3 132.36218774419103 136.60675146079853 12.594717599999058
4 132.36218774419103 136.60675146079853 12.743845099999817
5 56.85733073396121 60.45398657353195 19.71321639999951
6 56.85733073396121 60.45398657353195 12.662713000001531
7 38.48137056618444 39.350482130293024 20.211119699999472
8 37.25161500384839 37.586446844173096 12.66159669999979
9 37.25161500384839 37.586446844173096 12.66259540000101
10 37.25161500384839 37.586446844173096 19.892399100001057
11 22.51323702977727 21.57193377204085 19.830423900000824
12 7.500526514674746 7.487441648274744 20.14708619999874
13 7.500526514674746 7.487441648274744 20.10410369999954
14 3.5346318380327415 2.930247189563361 12.746434099999533
15 3.5346318380327415 2.930247189563361 14.512311200000113
16 3.075049892522284 2.5331536122001537 12.611101299999063
17 3.0422651114729757 2.43299242102708 12.622629899999083
18 3.0422651114729757 2.43299242102708 12.564334099999542
19 1.9399504473826659 1.3454271063428687 12.565154100000655
20 1.3694818983418806 0.7806743421534728 12.608951099999103
21 1.3595286605396946 0.8025313058591639 12.55786740000076
22 0.8818871043699091 0.2894526582496187 12.544181299999764
23 0.8818871043699091 0.2894526582496187 12.489789600000222
24 0.7507768530730607 0.18611185823694387 12.569398899999214
25 0.6984371105166879 0.11733084968370477 12.601804700001594
26 0.6984371105166879 0.11733084968370477 12.635096500000145
27 0.6763316932801933 0.09844000845998992 12.841401500001666
28 0.6624376424351085 0.08049868298197517 12.573578499999712
29 0.6617838926204549 0.08056759658920655 12.589729200000875
30 0.6507959008673355 0.06629997578667018 12.45761919999859
31 0.6478197571122908 0.0627117821555369 12.436008700000457
32 14.25394047812506
-------------------------------------------------END------------------------------------------------------
-------------------------------------------Krylov LM---------------------------------------------------
576.9998120672594 610.4749798232908
392
0 338.053321719919 345.32153913724096 16.62860879999971
392
1 229.02465278719944 227.65218733446451 16.798032800001238
392
2 185.07235806432138 193.49417372535402 16.81418610000037
392
3 49.76516782518002 47.934449823652145 16.997970200000054
392
4 49.76516782518002 47.934449823652145 16.974770199998602
5 49.76516782518002 47.934449823652145 0.11936790000072506
6 49.76516782518002 47.934449823652145 0.11019329999908223
7 22.483428629262715 23.49217506921694 0.1405033999999432
392
8 22.483428629262715 23.49217506921694 16.971174899999824
9 11.523057200088127 10.926560077133173 0.13233449999825098
392
10 11.523057200088127 10.926560077133173 16.771431300001495
11 10.173861551956085 9.63963712762902 0.1393714000005275
392
12 10.173861551956085 9.63963712762902 16.803702999999587
13 4.7794124223938645 4.563559568107376 0.10989630000040052
392
14 4.690663749999732 4.31489869757169 16.746853499998906
392
15 4.690663749999732 4.31489869757169 17.09094069999992
16 2.722734427830817 2.3052273472071634 0.1512297999997827
392
17 2.722734427830817 2.3052273472071634 16.777652799999487
18 2.2902321015071467 1.8264746924769188 0.15067920000001322
392
19 2.066210947712245 1.5691007334398932 16.80032940000092
392
20 1.8431486277858995 1.2837069052314463 16.77187419999973
392
21 1.5353460337467728 0.9121726467083785 17.202730599999995
392
22 1.5353460337467728 0.9121726467083785 16.83999390000099
23 1.1792889329411596 0.5910231828564366 0.13056540000070527
392
24 1.1792889329411596 0.5910231828564366 16.847121000000698
25 1.0007439546958108 0.4216173579874129 0.09953190000123868
392
26 0.9086622441377862 0.32140363435231445 16.844922999998744
392
27 0.8361464030234736 0.25065744490903297 16.91303440000047
392
28 0.7966111530140989 0.2158151936221381 18.826379199999792
392
29 0.7966111530140989 0.2158151936221381 24.441552800000863
30 0.7344045572416681 0.15196261362104266 0.14998720000039611
392
31 0.7192511922147871 0.13242902373946253 18.166794200000368
392
32 0.7192511922147871 0.13242902373946253 16.711688600000343
33 0.6953274612721463 0.10888641732101226 0.12087609999980486
392
34 0.6843192020249508 0.09564285994024764 16.82718980000027
392
35 0.6843192020249508 0.09564285994024764 17.262855899998613
36 0.6767595201567257 0.08838607171013108 0.13317860000097426
392
37 0.6718552915391225 0.08284352517793232 16.812531800000215
38 11.429790476315869
-------------------------------------------------END------------------------------------------------------
------------------------------------Reduced subspace LM---------------------------------------------------
576.9998120672594 610.4749798232908
0.999807630684076 39
0 517.1342741648652 546.4511829993962 0.47494949999963865
0.9998577797823702 39
1 430.33509450446655 453.30232956861045 0.494024099998569
0.9998708162828952 39
2 335.01279560055434 348.95947244782394 0.47514939999928174
0.9998597452504959 39
3 264.0384639247484 272.06508730801806 0.48406510000131675
0.998606687192389 39
4 194.42461068507015 199.36180138218464 0.4844171999993705
0.9546777581209047 39
0.9999548700945883 156
5 178.65894632924156 180.7701774353375 5.3292314000009355
0.9451737718118 39
0.9999670252740632 156
6 148.54173133506131 148.6957583586315 5.5251735000001645
0.9794061330930068 39
0.9999915909262164 156
7 132.17767312415944 132.56735558058392 5.602597999999489
0.980534995802193 39
0.9999973123227721 156
8 124.74564715334252 125.07690873627334 5.473991099999694
0.9945301928312383 39
9 82.38113755722708 83.18810983568565 0.4447546000010334
0.9741754405998168 39
0.999995954654876 156
10 72.66093656898731 72.90997494656253 5.487294999998994
0.9915114713526574 39
11 35.21635954691311 34.10838135228466 0.4938498999999865
0.8420210063346617 39
0.999995510511522 156
12 31.28604529325082 30.41211032849752 5.351819399998931
0.986791724352882 39
0.9999993714840072 156
13 21.93186968867076 21.122055386224414 5.428490300000703
0.9942010753462385 39
14 10.886371397817527 9.731568585208972 0.4726346999996167
0.9268242474260474 39
0.9999998850222973 156
15 8.866414935250088 7.833298717039179 5.482397199999468
0.9879017088375162 39
0.9999999288268028 156
16 6.899535430231859 6.072617066671264 5.396133300000656
0.9928946050754123 39
17 4.574408774709105 3.6084118191484733 0.4652752000001783
0.8095494963953154 39
0.9999999494899466 156
18 3.518558732650573 2.691719508377949 5.373229200000424
0.9133253704762819 39
0.9999997517812966 156
19 2.754975781405092 1.9805181348392664 5.474495000000388
0.9720961975944225 39
0.9999999248389789 156
20 2.623229111941334 1.911981460113379 5.32968450000044
0.9977236044079356 39
21 1.7129067210061957 1.0038246768996861 0.4789717000003293
0.6696593518504762 39
0.999999964285729 156
22 1.6203860993254213 0.97548424475158 5.581970299999739
0.9987147919980096 39
23 1.3600788206492214 0.696650580104205 0.459552000000258
0.16179304043173146 39
0.9999998855660257 156
24 1.193146893136363 0.5721704389296541 5.411217900000338
0.9963742031687722 39
25 1.118624555041168 0.4861110539339084 0.5381926999998541
0.0367666823476829 39
0.9999995229616057 156
26 1.115001577252765 0.5138882498006094 8.507495899999412
0.9993536048060587 39
27 0.8690185367182145 0.2653684824448045 0.4958403000000544
0.2936716915124514 39
0.9999999421237024 156
28 0.7714283730333846 0.17590979392936817 5.2887444000007235
0.9980124163495755 39
29 0.7391278887154739 0.1412404713017372 0.49355110000033164
0.0048886628657417355 39
0.9999957867198603 156
30 0.7290166137957813 0.14146801341000786 5.3525165999999444
0.9983713327457376 39
31 0.6837347527012047 0.09506259422875304 0.9428556000002573
0.03634688967970867 39
0.9999994036038047 156
32 0.6689385664435049 0.0828025496610268 8.860454399999071
0.9890042560537817 39
0.9999999860503647 156
33 0.6597099422727755 0.07502293670866578 5.402897199999643
0.997434256635094 39
34 0.6537628502335522 0.06700995897555338 0.8089111000008415
0.0013931239732817473 39
0.9999903451015195 156
35 0.6449711310233042 0.05908446689928249 5.519142200000715
0.9875632176111704 39
0.999999987945979 156
36 0.6430619925555087 0.05671496401988584 5.356812300000456
37 3.4876427918919255
-------------------------------------------------END------------------------------------------------------
32
-------------------------------------------Classical LM---------------------------------------------------
545.0608274119109 578.6466059193527
0 545.0608274119109 578.6466059193527 12.473464400000012
1 273.545129951117 281.122902275053 17.517476300001363
2 273.545129951117 281.122902275053 12.720884500000466
3 179.35619780557624 184.06964461058547 18.99455090000083
4 179.35619780557624 184.06964461058547 12.76891330000035
5 72.33299413241367 76.27138305086713 12.631299700000454
6 72.33299413241367 76.27138305086713 12.708627300000444
7 72.33299413241367 76.27138305086713 12.628245300000344
8 21.25374648901086 19.56917551130086 18.20166319999953
9 18.051190360166245 16.23782990609198 12.732927600000039
10 7.848997024672624 7.0566117555447585 12.668458199999804
11 7.848997024672624 7.0566117555447585 12.773007100000541
12 4.732038833391033 3.8370796652152963 12.650166800000079
13 2.99970125029983 2.3314819350718063 12.752915600000051
14 2.99970125029983 2.3314819350718063 12.742127100000289
15 2.335923931903786 1.680333295777537 17.261113300000943
16 2.1280433674029933 1.4659413473837035 17.92019629999959
17 2.1280433674029933 1.4659413473837035 21.599692499999946
18 1.6745553166218647 1.0290569734206736 16.51640850000149
19 1.460841861491853 0.8327689945471383 18.870569599999726
20 1.2499059612605206 0.6545377655058546 20.173112299999048
21 1.2499059612605206 0.6545377655058546 19.22695360000216
22 1.035180853637735 0.4422160876772634 12.645658299999923
23 0.9907201932717944 0.418600655508064 12.53959510000277
24 0.9907201932717944 0.418600655508064 12.57196760000079
25 0.8937174791143516 0.316911451267586 12.585139499999059
26 0.8558872962631867 0.2864093326811222 12.629429399999935
27 0.8166541012598091 0.24977922505925382 12.606095999999525
28 0.778179154437934 0.21177390786194725 12.559371999999712
29 0.775492473898547 0.20556504007533463 12.844488200000342
30 0.775492473898547 0.20556504007533463 12.463434400000551
31 0.6950646212017325 0.12267412491185019 12.511958299997787
32 0.6950646212017325 0.12267412491185019 12.54366530000334
33 0.6828597768522583 0.10792126791336307 18.953700599999138
34 0.6788732604231363 0.10277155856913768 19.981556299997465
35 14.74196669714308
-------------------------------------------------END------------------------------------------------------
-------------------------------------------Krylov LM---------------------------------------------------
545.0608274119109 578.6466059193527
392
0 545.0608274119109 578.6466059193527 24.6410790000009
1 273.5451299512787 281.1229022754278 0.19199590000062017
392
2 273.5451299512787 281.1229022754278 24.25228920000154
3 179.35619780770955 184.0696446162123 0.17990409999765689
392
4 179.35619780770955 184.0696446162123 24.167823800002225
5 72.33299414997543 76.27138306546875 0.18403220000254805
392
6 72.33299414997543 76.27138306546875 26.26007430000027
7 72.33299414997543 76.27138306546875 0.18685549999645445
8 21.253746490246716 19.569175512818052 0.18277519999901415
392
9 18.051190350040137 16.237829894740205 26.330459099997825
392
10 7.848996186607008 7.056610834446579 26.546043099999224
392
11 7.848996186607008 7.056610834446579 25.30258320000212
12 4.732038670761719 3.837079556392651 0.1896749000006821
392
13 2.9997009363624194 2.3314817822928835 25.62750529999903
392
14 2.9997009363624194 2.3314817822928835 25.043128599998454
15 2.3359235947895334 1.6803328965583968 0.2561796999980288
392
16 2.1280386769521424 1.4659368781500657 25.27032660000259
392
17 2.1280386769521424 1.4659368781500657 24.854104500001995
18 1.674555584147264 1.0290568816508776 0.30934179999894695
392
19 1.460840671968509 0.8327679310247635 19.227808300001925
392
20 1.2500117216401898 0.6546420481445118 20.1632088999977
392
21 1.2500117216401898 0.6546420481445118 20.91440710000097
22 1.0351747119912125 0.44220399923656967 0.18777700000282493
392
23 0.9907026062017958 0.4185878140199122 21.899853599999915
392
24 0.9907026062017958 0.4185878140199122 22.14029450000089
25 0.8937089909277758 0.3169040186291302 0.1823733999990509
392
26 0.8558771931536455 0.2863990332153391 22.78418640000018
392
27 0.8166459904045396 0.24978880911983178 23.224214600002597
392
28 0.7790745554959936 0.21283611648917158 26.92241240000294
392
29 0.7790745554959936 0.21283611648917158 24.275563300001522
30 0.7292523518261851 0.1603277636872997 0.2567855999986932
392
31 0.7137257735932562 0.14378027334250376 26.389379899999767
392
32 0.7137257735932562 0.14378027334250376 23.975274600001285
33 0.6998665089084938 0.12742813288821708 0.19401970000035362
392
34 0.6909339053683039 0.11639517602056464 23.546919100001105
392
35 0.6909339053683039 0.11639517602056464 24.035619600002974
36 0.6801651966260948 0.10364118362250357 0.18623510000179522
392
37 0.6751609870416037 0.09759886421472709 23.518314299999474
392
38 0.6751609870416037 0.09759886421472709 24.143923299998278
39 0.6638631330554455 0.08307135052949391 0.19582269999955315
392
40 0.6584260483139568 0.07589579372092589 17.305288100000325
392
41 0.6522749716924616 0.0670552200831069 17.51942389999749
392
42 0.6423494240624255 0.05465091326200867 20.125656000000163
392
43 0.638181700445119 0.049590369638333055 17.14947360000224
44 15.919100250000321
-------------------------------------------------END------------------------------------------------------
------------------------------------Reduced subspace LM---------------------------------------------------
545.0608274119109 578.6466059193527
0.9997147181296039 39
0 490.60426827407105 519.8319578324108 0.5106954000002588
0.99980664747645 39
1 411.9556254854032 434.45738842868496 0.5359136000006401
0.9998386742664339 39
2 324.9817328515229 338.88908495720324 1.0399658999995154
0.9997190905048359 39
3 258.0897816752211 265.66002100292036 0.4718764999997802
0.9990042708131013 39
4 205.69506067266468 209.25719284705968 0.46789519999947515
0.9702735486215112 39
0.9999926536174915 156
5 200.25402366576142 207.2944141649895 5.381973699997616
0.9659967949866417 39
0.9999827563433359 156
6 171.5742078231026 177.90927628123072 5.560859900000651
0.9899631357048007 39
0.9999938896904188 156
7 150.92920532680495 157.03678201019704 9.605976400001964
0.9971421476221628 39
8 107.17049599536607 112.49787651191315 0.9752647999994224
0.9824475312357192 39
0.9999892612678214 156
9 94.39511119085893 99.33023483806514 8.318556600002921
0.9845168552451002 39
0.9999934041252158 156
10 68.43796511855139 70.96598994828203 5.495120399998996
0.9885295642503196 39
0.9999986613324552 156
11 47.275723295944076 45.72887199433834 5.5031733000032546
0.9961382421084912 39
12 9.083608979157978 8.987563937201847 0.5095213000022341
0.9670645035694467 39
0.9999998133417811 156
13 6.368294088782388 5.965772307124325 8.09350859999904
0.9893193490321319 39
0.9999999303920691 156
14 5.134597461248385 4.432238893762351 5.200300299999071
0.9992420554749971 39
15 1.8135090603808268 1.1848372369776692 0.783670600001642
0.530869270341533 39
0.9999999657429611 156
16 1.4551106679042776 0.8352476010647581 5.350754200000665
0.9430044338489898 39
0.999999860620544 156
17 1.2139444748449213 0.5960832745214041 5.394084600000497
0.9965525252088446 39
18 0.9842452551832114 0.3586329882522184 0.47298049999881187
0.02535904768259955 39
0.9999996739548602 156
19 0.9049782357212669 0.29182555567468077 8.4413057999991
0.9949628581927493 39
20 0.879053390322467 0.26724963465137536 0.507077099999151
0.00017148880889560194 39
0.9998769558735605 156
21 0.8619774791863367 0.2621662919128562 5.4846324999998615
0.9989238930629157 39
22 0.811913525073941 0.21039152985298265 0.4653441999980714
0.003163168401090731 39
0.9999973084217357 156
23 0.7941473615283379 0.1993916078246682 6.967058799997176
0.9986297788144521 39
24 0.7672422314569861 0.17299797775305562 0.48514000000068336
0.0009064650574838144 39
0.9999871373938849 156
25 0.7495241002276168 0.15769176548080088 5.350959800001874
0.9977101668411226 39
26 0.7339895692616268 0.14313831400167681 0.470560599998862
0.00017450554708186482 39
0.9995277161976489 156
27 0.7143482899966836 0.12296527920493429 7.885800300002302
0.9934489756462195 39
28 0.7084965841344825 0.11771836807650263 0.5546910999983083
0.00012384660099865595 39
0.9995228371282849 156
29 0.6929231396877491 0.10031825047383043 5.4669622000001254
0.9808633835673428 39
0.9999999865234328 156
30 0.6860164905406444 0.09175699943846996 6.791587300001993
0.9944052021191953 39
31 0.6750465415607017 0.08246961573210922 0.8044281999973464
0.001073747503094036 39
0.9999762858904923 156
32 0.66735748014442 0.07328331698852862 6.830690599999798
0.9940716102902035 39
33 0.6636703409084259 0.07046924153393443 0.4678335999997216
34 3.724887173529436
-------------------------------------------------END------------------------------------------------------
33
-------------------------------------------Classical LM---------------------------------------------------
604.2127028646298 649.0379752485086
0 408.0701857297474 415.24311808123053 12.463788000000932
1 348.09462912799984 353.771745781402 12.597155500003282
2 195.2072814192279 199.55314549757935 13.529854100001103
3 195.2072814192279 199.55314549757935 12.496342800001003
4 175.12855903692773 175.0818975908738 12.5832862999996
5 126.76840663513765 128.68259234356768 13.233155800000532
6 126.76840663513765 128.68259234356768 15.037309699997422
7 60.97517970016209 62.56182997927222 12.548587099998258
8 60.97517970016209 62.56182997927222 12.41798629999903
9 59.56406830432888 59.64908318971588 12.674013899999409
10 59.56406830432888 59.64908318971588 12.554465100001835
11 59.56406830432888 59.64908318971588 25.29898189999949
12 18.9499129687444 17.73381506930354 12.775068099999771
13 18.9499129687444 17.73381506930354 14.656711600000563
14 11.663100721916402 11.401835572626522 12.685947400001169
15 10.361296181981489 9.941390219784559 13.557799400001386
16 9.081790046290127 8.801500848500494 12.754203600001347
17 9.081790046290127 8.801500848500494 12.566240899999684
18 8.32309408655784 8.676556444575933 12.551072199999908
19 4.277947337025104 3.7561931080928765 12.562217599999713
20 4.277947337025104 3.7561931080928765 12.50283760000093
21 1.5077484705879072 0.9842547106443759 12.5636568000009
22 1.1432326418543566 0.5800187225246485 12.62568530000135
23 1.0481168974839115 0.5024445617764559 12.394314700002724
24 1.0481168974839115 0.5024445617764559 12.481398200001422
25 0.7374335214983091 0.1512781877021601 12.571158099999593
26 0.6937517910079203 0.11148298695403677 12.50090779999664
27 0.6937517910079203 0.11148298695403677 12.503826300002402
28 0.6673388994416278 0.0803820768042015 25.5113640999989
29 0.6535548356015107 0.06715145036481268 24.989101799998025
30 0.6535548356015107 0.06715145036481268 24.439991300001566
31 0.6435545975743528 0.05760677217657284 12.49586139999883
32 0.6357421203048925 0.04706650539903182 12.55424629999834
33 0.6357421203048925 0.04706650539903182 13.659008700000413
34 0.6312893007987835 0.0445722628663943 12.504900799998723
35 14.224069900000178
-------------------------------------------------END------------------------------------------------------
-------------------------------------------Krylov LM---------------------------------------------------
604.2127028646298 649.0379752485086
392
0 408.0673626240015 415.2395433040762 16.478315499996825
392
1 363.143390650863 365.6323161524532 16.618277299996407
392
2 156.75296517077638 162.93177882067405 16.686457299998438
392
3 156.75296517077638 162.93177882067405 17.17096070000116
4 148.22477996389185 150.47730905606144 0.1167821000017284
392
5 36.392489515947815 36.330400288256904 16.69353290000072
392
6 36.392489515947815 36.330400288256904 16.835722499999974
7 36.392489515947815 36.330400288256904 0.14257630000065546
8 25.811998151589506 25.83300606796756 0.09181339999850024
392
9 25.811998151589506 25.83300606796756 17.70204499999818
10 25.811998151589506 25.83300606796756 0.18495640000037383
11 17.302169701204523 17.158447005913228 0.17635789999985718
392
12 17.302169701204523 17.158447005913228 18.52882150000005
13 7.405019400736154 7.0689532969556295 0.17886390000057872
392
14 5.194872645188615 4.770968712130504 21.73131409999769
392
15 5.194872645188615 4.770968712130504 21.789830099998653
16 2.9110160937392466 2.4180478593914065 0.1673460999991221
392
17 2.3144911131328243 1.67206961532624 18.152351500000805
392
18 1.8459518039701623 1.2787212163002728 19.252508900000976
392
19 1.8459518039701623 1.2787212163002728 19.8811844999982
20 1.137860734321955 0.5682201807448709 0.18087159999777214
392
21 1.0431453043904673 0.4823292672372913 21.13523129999885
392
22 0.9248019020865222 0.36259809403545223 19.70306150000033
392
23 0.9248019020865222 0.36259809403545223 18.913528299999598
24 0.9101205058795809 0.37019715116004304 0.1684808999998495
392
25 0.8317764544565657 0.2669903158700948 20.41254520000075
392
26 0.7689477827753323 0.2035907708389013 17.434630099996866
392
27 0.7689477827753323 0.2035907708389013 18.47250880000138
28 0.747313136858694 0.17708843398062415 0.17888270000185003
392
29 0.7047447170275359 0.12577946783700683 17.170383700002276
392
30 0.7047447170275359 0.12577946783700683 16.751539000000776
31 0.6933128669535373 0.11697527627118895 0.11412790000031237
392
32 0.6708849620257695 0.0884984031309614 18.399376800000027
392
33 0.6708849620257695 0.0884984031309614 17.156529399999272
34 0.6674575522417948 0.08590935883318049 0.10070790000099805
35 12.139212085713995
-------------------------------------------------END------------------------------------------------------
------------------------------------Reduced subspace LM---------------------------------------------------
604.2127028646298 649.0379752485086
0.9997313707286027 39
0 539.2864215659507 578.4586831831551 0.46811519999755546
0.9997940824513217 39
1 445.1673976023878 475.17729981986514 0.5062657999988005
0.9998338561689264 39
2 341.50225372259615 359.53524161494886 0.6103875000007974
0.9998776582248577 39
3 263.44199362140637 270.92036826673467 0.49550150000141
0.9992180028742427 39
4 207.74810385741395 210.67754089607647 0.4526192000012088
0.9600171699473955 39
0.9999897480963358 156
5 187.4714920501859 179.93957022527013 5.242078899998887
0.8578622669599144 39
0.9972258718626266 156
6 89.6715330296479 93.65724574607877 5.066603600000235
0.9097405558216098 39
0.9993782689710395 156
7 82.863457787992 84.52926017695162 5.095892499997717
0.9164076105223511 39
0.9994478906345194 156
8 68.76407423263721 69.17241232199822 5.391077699998277
0.9910002144905948 39
9 16.290927664653097 15.292361281103146 0.4475559999991674
0.8813255600069645 39
0.9999289695411158 156
10 10.18363018182628 9.355716974271228 5.368334099999629
0.992569658890442 39
11 6.191676372175869 5.320428970328332 0.7675011999999697
0.6510084927574835 39
0.9999954311205478 156
12 4.88800592363302 4.107610246280921 5.269911200000934
0.9493102186461635 39
0.9999973820359056 156
13 4.073781226650314 3.316283703410528 7.166367899997567
0.985880226675888 39
0.9999978399990719 156
14 3.2756695316755664 2.5605990152350118 5.371639799999684
0.9927015951162322 39
15 2.4593679509226263 1.7789304080160429 0.4502444999998261
0.35299254202368313 39
0.9999993912059976 156
16 1.9967877666097595 1.338475190173312 5.433390599999257
0.977676031308356 39
0.9999997907891318 156
17 1.6956169587634784 1.062429145917124 5.256618100000196
0.995274056480468 39
18 1.567809332092828 0.9234158176855022 0.5879173999965133
0.03079014574691364 39
0.9999975467804814 156
19 1.3451701053036293 0.7163108871279141 8.55491389999952
0.9949578348234626 39
20 1.3177026931567428 0.6829937644855631 0.7086567999976978
0.00065498875128326 39
0.9998033709971675 156
21 1.3015669209488672 0.7018032337852169 8.796374199999264
0.9996997365498549 39
22 1.0108494172594231 0.3979993997081449 0.4925126000016462
0.03311758409782554 39
0.9999960069761801 156
23 0.9239817348293251 0.3221862295354551 5.301707399998122
0.9988307487926877 39
24 0.8548659507237538 0.26014012010036924 0.49557220000133384
0.009175616264063012 39
0.9999709743820966 156
25 0.7948715889001688 0.20361516166104793 5.379171900000074
0.9978221477005109 39
26 0.765706960086904 0.17711318495595907 0.5058616999995138
0.01035663044744275 39
0.999989563179331 156
27 0.7373242588801616 0.14618361077625916 8.015236300001561
0.9990992313018842 39
28 0.7131091027028985 0.12539545918838355 0.7198385000010603
0.003948634678488384 39
0.9999869710974264 156
29 0.6926309002890323 0.1015305720658359 7.789697099997284
0.9992927056307236 39
30 0.6807759301876068 0.09163398663821114 0.5154451999987941
0.0019895156170967178 39
0.9999790540168247 156
31 0.6666678747313077 0.07980198252730206 5.255288099997415
0.9977917901056347 39
32 0.6603571780573182 0.07354297155260767 0.45214389999819105
0.0007095288429407115 39
0.9996849823374003 156
33 0.6517780351529942 0.06403870197079309 7.280052500002057
0.9981339411023111 39
34 0.6498344375247429 0.06315603370458876 0.46558359999835375
35 3.4336022457137005
-------------------------------------------------END------------------------------------------------------
34
-------------------------------------------Classical LM---------------------------------------------------
605.7012428309315 638.4600398242479
0 605.7012428309315 638.4600398242479 17.85507929999949
1 246.7993590748324 249.84459892126503 12.432217099998525
2 246.7993590748324 249.84459892126503 12.629029399999126
3 246.7993590748324 249.84459892126503 12.569042499999341
4 211.3476548189633 210.3371545042714 12.6246209000019
5 81.31296185506203 85.10714837522652 13.02236769999945
6 81.31296185506203 85.10714837522652 12.700450699998328
7 81.31296185506203 85.10714837522652 12.589283200002683
8 28.174263722052217 28.348955096169696 19.316825800000515
9 23.163340881124583 22.869880472817734 19.214180099999794
10 17.10157852173169 16.264486246219146 23.342578299998422
11 17.10157852173169 16.264486246219146 24.28796390000207
12 6.012989397864712 5.013981508193672 20.612415200001124
13 4.093096999833992 3.3081007595327603 12.99247060000198
14 2.782119078737837 2.060583377053913 14.219186800000898
15 2.706268937093636 2.195883340803299 15.353252099997917
16 2.706268937093636 2.195883340803299 16.085016100001667
17 1.785002744948054 1.2068421635626418 12.681962999999087
18 1.785002744948054 1.2068421635626418 12.725340199998755
19 1.3570081234466047 0.7587439048605372 21.06664980000278
20 1.18229419337053 0.6258493523403733 23.868242700002156
21 1.18229419337053 0.6258493523403733 25.69069160000072
22 0.9634500174348807 0.39045233516369965 18.769046500001423
23 0.9267965926124009 0.34127434556290737 19.35623839999971
24 0.9267965926124009 0.34127434556290737 12.57607039999857
25 0.854258421006061 0.2701314273147577 19.804629500002193
26 0.828998938011724 0.24425151849889648 25.301357399999688
27 0.805214213801627 0.22423817657331943 23.59116570000333
28 0.7992803029009847 0.22608858529161047 23.935055599999032
29 0.7992803029009847 0.22608858529161047 22.002478800000972
30 0.728600287763741 0.15148340025736506 12.741881300000387
31 0.7143130942022011 0.1430517786348891 12.947131700002501
32 0.707927807705663 0.14401451537149176 12.846498499999143
33 0.707927807705663 0.14401451537149176 13.435633799999778
34 0.6735401677918251 0.10139085815657538 12.872633899998618
35 0.6643040853611858 0.09446794766601402 12.748433199998544
36 0.6557473908386222 0.08576476600687215 14.093926500001544
37 0.653980379971127 0.08148601888751977 12.800420700001268
38 16.781617602631933
-------------------------------------------------END------------------------------------------------------
-------------------------------------------Krylov LM---------------------------------------------------
605.7012428309315 638.4600398242479
392
0 605.7012428309315 638.4600398242479 16.405470599998807
1 246.7993590750238 249.84459892143187 0.14994749999823398
392
2 246.7993590750238 249.84459892143187 17.18320490000042
3 246.7993590750238 249.84459892143187 0.10128759999861359
4 211.34765482283802 210.33715450722084 0.128930599999876
392
5 81.31296185816248 85.10714837771856 16.626869499999884
392
6 81.31296185816248 85.10714837771856 17.01041759999862
7 81.31296185816248 85.10714837771856 0.10519709999789484
8 28.174263720056647 28.348955095713688 0.1480379000022367
392
9 23.163340878294786 22.86988047255224 18.325131300000066
392
10 17.101578329619702 16.264486158122875 16.766270400003123
392
11 17.101578329619702 16.264486158122875 16.697165999998106
12 6.012989486098898 5.013981580442286 0.13818109999920125
392
13 4.093096725164895 3.30810056693442 19.074270199998864
392
14 2.782150943412234 2.0605997944316683 20.14102450000064
392
15 2.697068742454909 2.1850625602765223 16.6472808000035
392
16 2.697068742454909 2.1850625602765223 16.617254799995862
17 1.7868221701667062 1.2078567456474165 0.138844600005541
392
18 1.7868221701667062 1.2078567456474165 16.625573500001337
19 1.3577994834404916 0.7591741982642187 0.11430919999838807
392
20 1.1823471175110327 0.625885585542653 16.64829710000049
392
21 1.1823471175110327 0.625885585542653 17.01518959999521
22 0.9633808218264949 0.3903196000455282 0.14177049999852898
392
23 0.9266929604798341 0.3411154550802395 20.492602700003772
392
24 0.9266929604798341 0.3411154550802395 16.810133300001326
25 0.8542263816322037 0.27007485540466825 0.13167329999851063
392
26 0.8290162311495773 0.2442322361892641 16.81554519999918
392
27 0.8053333739546169 0.22426306764402726 16.90015449999919
392
28 0.8006198501378812 0.2273321568910248 20.42377700000361
392
29 0.8006198501378812 0.2273321568910248 16.912215399999695
30 0.7286580805043925 0.15149640527383476 0.1389811000044574
392
31 0.7146317724911325 0.14354139876498612 16.76619099999516
392
32 0.713227237298604 0.15034418914758477 20.537321600000723
33 11.784197636363608
-------------------------------------------------END------------------------------------------------------
------------------------------------Reduced subspace LM---------------------------------------------------
605.7012428309315 638.4600398242479
0.9996930051970916 39
0 541.2990256599936 571.1085860187309 0.9846155999985058
0.9997929320289749 39
1 447.8351346810937 472.8732487218305 0.4647512000010465
0.9998796708611214 39
2 344.26133594026004 362.0606382664766 0.4539442999957828
0.9998935981246521 39
3 270.59914771473575 278.8058050263126 0.47140399999625515
0.9996466169720196 39
4 228.65788260300826 232.02048795498962 0.4852411999963806
0.9776078667116272 39
0.9999992553769932 156
5 228.65788260300826 232.02048795498962 8.561404699998093
0.9776078667116272 39
0.9999992553769932 156
6 226.92641819981094 230.1693663210583 6.917145400002482
0.9766063540046073 39
0.9999978024376843 156
7 226.92641819981094 230.1693663210583 9.932393999995838
0.9766063540046073 39
0.9999978024376843 156
8 226.01527252846276 228.99468393844893 14.43811370000185
0.9759306385697284 39
0.9999938500199087 156
9 221.27565997001176 224.6632782047676 9.370016300003044
0.9809585864316915 39
0.9999779003561223 156
10 211.63245176682173 215.1025118134361 5.87101370000164
0.9932851564334013 39
11 152.25078462109443 152.11402589461244 1.0450564999991911
0.9662243971598715 39
0.9999888347416689 156
12 149.86597673958647 150.0466873453085 8.507744399998046
0.9792529950278477 39
0.9999734076453842 156
13 106.33605858749344 102.27717475882115 5.429174200005946
0.9902991607298207 39
14 46.47859709102087 44.913209934800335 1.1942067999989376
0.9388396464997214 39
0.9999959086914418 156
15 30.99409863464341 29.729835540542705 5.567404500005068
0.9343424452492878 39
0.9999926733139367 156
16 25.551438924385497 24.291498086854087 5.519421800003329
0.9532399996877128 39
0.9999980190368845 156
17 20.544328951320985 19.614938232150635 5.371793999998772
0.9917783042730426 39
18 8.601931467991689 7.548224623632718 0.5152515000008862
0.8845731549828063 39
0.999999637350278 156
19 6.850738090241955 6.04461773870251 5.334914600003685
0.983160033457722 39
0.9999999511224144 156
20 5.682027276323682 5.024486095692211 5.328197100003308
0.9900359421392049 39
21 3.0696993906986814 2.259715670753995 0.7865388999998686
0.4047938748314863 39
0.9999998983622066 156
22 2.326399741835168 1.6426939621517282 5.0954805000001215
0.955248188270788 39
0.9999999204473788 156
23 2.27355425894805 1.7579723359221235 7.2692461000042385
0.9975608034339868 39
24 1.2373639651415054 0.588022703482096 0.49149469999974826
0.349264095469989 39
0.9999999749586939 156
25 1.1401637079593376 0.5039081851079772 5.463659199995163
0.9771673211334089 39
0.9999999906305811 156
26 1.0804644016719291 0.4553011269464488 5.540052199998172
0.993847780864503 39
27 1.032957511903944 0.4001965686592433 0.48136159999558004
0.009593037801045805 39
0.9999982853310333 156
28 0.9716989507054601 0.35076938262817364 7.885499500000151
0.9773537005825831 39
0.9999999921284985 156
29 0.9321397902949622 0.3208389756098813 8.301692699998966
0.9937989278686192 39
30 0.9042679423767033 0.284431624537523 0.4704373000058695
0.003779158680615662 39
0.999995504125391 156
31 0.8730185304876817 0.2752478760312284 5.340011699998286
0.998127998203666 39
32 0.8199212211494654 0.2105605477184907 0.8208383000019239
0.006259540840100998 39
0.9999977814279734 156
33 0.7726972409503933 0.17443921356447337 5.343035699996108
0.9913854169408356 39
34 0.7642113027852624 0.16213389465350875 0.8002559000015026
0.00039268651243848916 39
0.9999263484667893 156
35 0.7308098560340668 0.13535718170544112 5.374147900001844
0.989006961422935 39
0.9999999909858638 156
36 0.7150713035109284 0.12416149028396198 5.535060399997747
0.9983886780324317 39
37 0.7003856876743688 0.10926826783167436 0.43404459999874234
0.0012613645188058725 39
0.9999624454990156 156
38 0.6887125980660865 0.10179796347109453 5.2371254000026966
0.9983718674971312 39
39 0.6815652797547694 0.0942593497611538 1.1502318999991985
0.00030200552914514057 39
0.9997617872686773 156
40 0.6750098612228345 0.09145965597579751 10.069579900002282
0.9989150638518155 39
41 0.6672259696777672 0.08256074428262687 0.6427228999964427
0.00040512638153833024 39
0.9998668958507408 156
42 0.6637986567448236 0.08204664927183543 14.478025199998228
43 4.62264539534886
-------------------------------------------------END------------------------------------------------------
35
-------------------------------------------Classical LM---------------------------------------------------
681.9807914791248 725.8944830568715
0 379.4770991008903 400.5844063329306 30.843108699998993
1 274.9801150886687 278.91399730550205 25.18734299999778
2 195.06281496932678 195.0628774455152 23.45545090000087
3 168.4318945190304 172.70866282386717 22.63332540000556
4 168.4318945190304 172.70866282386717 20.267575199999555
5 152.95802508340228 147.09218226508418 30.400501500000246
6 102.14830472114772 101.43502539266157 22.364493699999002
7 102.14830472114772 101.43502539266157 23.102238400002534
8 68.70719225746461 66.93976104459135 19.797665399994003
9 64.56714411726324 65.17294750592426 24.858166700003494
10 64.56714411726324 65.17294750592426 23.236292499997944
11 64.56714411726324 65.17294750592426 12.630733700003475
12 16.587888314224777 15.594875682179252 12.576228499994613
13 16.587888314224777 15.594875682179252 12.581260899998597
14 16.587888314224777 15.594875682179252 12.564897799995379
15 8.479756187530368 7.985099350341079 12.554101900001115
16 6.690597438633654 6.392145234748728 12.677508499997202
17 3.9840656677358997 3.678807803360357 12.503287800005637
18 3.9840656677358997 3.678807803360357 12.477016799995909
19 1.7156038395502684 1.1895509276234584 12.617783599998802
20 1.7156038395502684 1.1895509276234584 12.5463579999996
21 1.0646674050994178 0.5136140668076629 18.973105999997642
22 0.9169700676679305 0.36237242820326887 19.797878400000627
23 0.8533080732645208 0.2694562266205309 23.21443729999737
24 0.8533080732645208 0.2694562266205309 25.589596499994514
25 0.7342649210801112 0.15477913441855243 12.668093599997519
26 0.7342649210801112 0.15477913441855243 12.436522399999376
27 0.6642877614977329 0.08940029122299373 13.003907900005288
28 0.6530741454183171 0.07054684126657054 12.423675800004276
29 0.6453131742555414 0.06335088231593322 12.537594000001263
30 0.6453131742555414 0.06335088231593322 12.5660429999989
31 0.637070119062218 0.053658052255244296 28.923044800001662
32 0.6312941155710853 0.047891556047187506 30.570747400000982
33 0.6312941155710853 0.047891556047187506 21.295294299998204
34 0.6277096885191719 0.045185045262513775 12.435028899999452
35 18.52315169142821
-------------------------------------------------END------------------------------------------------------
-------------------------------------------Krylov LM---------------------------------------------------
681.9807914791248 725.8944830568715
392
0 379.47465286882965 400.5823121712333 16.328973199997563
392
1 267.68549376392065 271.66815700809497 16.584286500001326
392
2 258.1782585264243 264.3256808317696 16.759140599999228
392
3 121.65109749935006 118.38400459920133 17.484753900003852
392
4 121.65109749935006 118.38400459920133 17.867922700002964
5 121.65109749935006 118.38400459920133 0.1469312000044738
6 121.65109749935006 118.38400459920133 0.13770739999745274
7 54.34855262049411 52.05220143791464 0.12235250000230735
392
8 54.34855262049411 52.05220143791464 17.80369570000039
9 23.25156834811415 22.37330184811935 0.11081219999323366
392
10 23.25156834811415 22.37330184811935 18.828653799995664
11 15.419632572756903 15.021118401755935 0.10334470000088913
392
12 15.419632572756903 15.021118401755935 22.04300610000064
13 10.712837531004249 10.142788592666493 0.1169990999987931
392
14 9.987823366982507 9.261939615718077 17.84942040000169
392
15 6.365464113410942 6.043642992890599 19.902528099999472
392
16 6.365464113410942 6.043642992890599 18.814866400003666
17 4.660484494174436 4.071873265985345 0.13382260000071255
392
18 4.660484494174436 4.071873265985345 19.291249400004745
19 3.7160507896288646 3.1275611553133857 0.1558779000042705
392
20 3.4419073523823878 2.832845696808201 19.102277699996193
392
21 3.4419073523823878 2.832845696808201 19.64194509999652
22 3.029852509638914 2.4492487238543634 0.12523869999859016
392
23 2.684896073021134 2.1426886882441285 16.711331600003177
392
24 2.684896073021134 2.1426886882441285 16.928735500005132
25 2.3498598777305 1.815733226754359 0.15152150000358233
392
26 2.3498598777305 1.815733226754359 16.895464499997615
27 2.073719081172596 1.5228514606969141 0.15168489999632584
392
28 2.0140761189938536 1.4672812786290022 20.49536960000114
392
29 2.0140761189938536 1.4672812786290022 20.30400739999459
30 1.8216881363028326 1.2436362224653552 0.1388290999966557
392
31 1.7559787087627468 1.1727128018069795 18.790317300001334
392
32 1.7559787087627468 1.1727128018069795 20.8981191999992
33 1.672197929723781 1.0838463066196617 0.15426950000255601
392
34 1.6155061499444612 1.0286747216283163 17.912617599999066
392
35 1.5779022181168112 0.9973799454272234 17.78809049999836
392
36 1.5779022181168112 0.9973799454272234 18.276303600003303
37 1.4291096737849778 0.8571444045415663 0.22590260000288254
392
38 1.339282725743082 0.7732871950982397 16.67405349999899
392
39 1.2422339933366016 0.684480583059916 16.680790200000047
392
40 1.175374817508458 0.5918479200443066 16.852954599999066
392
41 1.011792256673341 0.42928842286527924 16.799435100001574
392
42 0.919797265565593 0.3414682860302306 16.791656100002
392
43 0.8086965986576766 0.24291267149636053 16.765791899997566
392
44 0.8086965986576766 0.24291267149636053 16.9021106999935
45 0.7139307195923122 0.13642105894698994 0.11687170000368496
392
46 0.7139307195923122 0.13642105894698994 16.71309939999628
47 0.6904915777327858 0.11318341707942181 0.11925850000261562
392
48 0.6830542133200578 0.10654936996191922 19.987277499996708
392
49 0.6829540116455959 0.10581875570791141 17.022775600002205
50 12.334088902000076
-------------------------------------------------END------------------------------------------------------
------------------------------------Reduced subspace LM---------------------------------------------------
681.9807914791248 725.8944830568715
0.9995247967712412 39
0 603.7222560992806 642.3202425425413 0.43926319999445695
0.9996551624347831 39
1 489.92176751426626 520.0668006373668 0.741560099995695
0.9997387299297561 39
2 364.1588950392542 382.9431598582979 0.4752139999982319
0.9998264074617805 39
3 274.2433574249586 283.73154694657717 0.4981832999983453
0.999543302012966 39
4 212.3967256177795 215.9638144513706 0.5479863000000478
0.9521801673294051 39
0.9999869827869324 156
5 205.20179298384093 208.280220216342 5.663787999998021
0.9715299545358611 39
0.9999435911741478 156
6 190.7074024614085 195.18599161446804 5.552503999999317
0.9839947421776081 39
0.9999724967452908 156
7 178.92591852889703 181.50821839149313 5.528103300006478
0.9856160897331111 39
0.9999904492053178 156
8 148.46070910866936 155.57411505450494 9.125554699996428
0.9954128970482672 39
9 60.97860824916335 59.26242617403203 0.4669357000020682
0.9345346429104853 39
0.9999885585312395 156
10 39.59067223626358 38.46888025700892 11.510549699996773
0.98598511251541 39
0.9999983216031324 156
11 28.814465952135762 27.93392237805025 7.960518199994112
0.9928191290824951 39
12 13.228045544242969 12.067162131870052 0.47232570000051055
0.9892383964583988 39
0.999999736186133 156
13 10.434317638078422 9.528507307203851 5.477246499998728
0.9803283407808229 39
0.9999998230609292 156
14 8.4652950738945 7.605406659684055 5.6040800999981
0.9805825486371892 39
0.9999997012885732 156
15 6.8244428432764614 5.995260596625832 7.377765199998976
0.98969104349918 39
0.9999997473753341 156
16 5.840317139439186 5.068442362190308 8.368513900000835
0.9969550966810975 39
17 2.1412230260662435 1.3450685709619334 0.47485419999429723
0.6700503774623693 39
0.9999998968067958 156
18 1.8398277589871148 1.0985005835244381 6.991469499997038
0.9949119445566158 39
19 1.6029514658693096 0.8631658147268402 0.5010619000022416
0.012945891637019105 39
0.9999961855093399 156
20 1.374092296762471 0.6715454655043088 5.40016420000029
0.9932399935569435 39
21 1.2661558619442268 0.5744425806830931 0.9113235000040731
0.00568066253032279 39
0.9999952728366793 156
22 1.1055661653649664 0.4325997047937695 12.908277599999565
0.9931261246221509 39
23 1.053880200512676 0.3890814339208783 0.4801707999940845
0.0010508741196582781 39
0.9998975429256088 156
24 0.952052075495657 0.29940203349693195 5.345860999994329
0.994437987598951 39
25 0.9175933781964374 0.27334696914153817 0.4614990999980364
0.0007675104166226652 39
0.9997365001029602 156
26 0.8440748658313638 0.20820898350389055 5.362224300006346
0.9925555737320916 39
27 0.8274967273416578 0.19886046841231275 1.0654712000032305
0.0005006671424126571 39
0.9996548425414818 156
28 0.7754788987989577 0.154281940600844 5.225672100001248
0.9898922784163419 39
0.9999999849858954 156
29 0.7439043064846719 0.13193054348579034 5.285772700000962
0.9968639351848007 39
30 0.7256620995187694 0.11762151048677132 0.9963716999991448
0.0019368407146805988 39
0.9999859594701922 156
31 0.7100735840416398 0.11413023962371344 5.238138499997149
0.9990379245141011 39
32 0.6793933089644068 0.08215563112545032 0.4424979999967036
0.003999518856858447 39
0.9999861618214781 156
33 0.6673873495115975 0.0745353036818051 5.324530899997626
0.9978396122785879 39
34 0.6545177330769341 0.061904502764092144 0.45125280000502244
0.0008770636180300818 39
0.9999658515182912 156
35 0.6466383456046406 0.05545190783712154 5.36638959999982
0.9896976063597159 39
0.9999999908252218 156
36 0.6433638059718658 0.05327276546116059 7.494283800006087
37 4.095604845945255
-------------------------------------------------END------------------------------------------------------
36
-------------------------------------------Classical LM---------------------------------------------------
607.8172377139773 651.1252904616014
0 607.8172377139773 651.1252904616014 19.533331099999486
1 352.50791193589674 367.4677801438391 13.131742500001565
2 302.3851859902187 324.93257640510484 14.996442099996784
3 164.38175697990815 160.28766830858902 20.10245940000459
4 164.38175697990815 160.28766830858902 18.21147639999981
5 99.6200904314782 102.666278385531 17.345000299996173
6 99.6200904314782 102.666278385531 15.845992300004582
7 38.70950059032339 40.08076695531571 12.522556399999303
8 38.70950059032339 40.08076695531571 16.784504100003687
9 38.70950059032339 40.08076695531571 12.557334699995408
10 18.59476532861279 19.754271155868036 12.53133070000331
11 13.547594770447628 12.438252042598121 12.599303700000746
12 13.547594770447628 12.438252042598121 12.542393199997605
13 13.547594770447628 12.438252042598121 12.563814700006333
14 7.753321614886055 7.58338872038906 16.060365899997123
15 4.450884284511316 4.008377557014602 13.060433700004069
16 3.296955217046794 2.8066750074289177 12.595420699995884
17 3.008846001406836 2.5598580836914127 12.63723570000002
18 3.008846001406836 2.5598580836914127 12.996719000002486
19 1.8777465478151734 1.337867164810267 12.558900200005155
20 1.5082938225991127 0.9955646674104234 12.598405599994294
21 1.5082938225991127 0.9955646674104234 12.635511500004213
22 1.1634175603339652 0.577338246418951 12.53727649999928
23 1.0438666661624858 0.45759459551754333 12.58753489999799
24 0.992437022098682 0.4332519798117766 12.507154799997807
25 0.992437022098682 0.4332519798117766 15.745841299998574
26 0.8269205320997723 0.25846932449648147 12.52809569999954
27 0.8269205320997723 0.25846932449648147 12.564530499999819
28 0.7924245588249468 0.2236998395979602 12.969108500001312
29 0.7757676926539915 0.20700115237158792 14.604252999997698
30 0.7757676926539915 0.20700115237158792 12.709117399994284
31 0.7557603918476752 0.18734541505987387 12.59362770000007
32 0.742620061573601 0.17313825407385386 12.502791400002025
33 0.7321654138806676 0.16026213071470227 12.553583199995046
34 0.7320936618674843 0.15639577157501014 12.501387299998896
35 13.86614217428557
-------------------------------------------------END------------------------------------------------------
-------------------------------------------Krylov LM---------------------------------------------------
607.8172377139773 651.1252904616014
392
0 607.8172377139773 651.1252904616014 20.27894760000345
1 352.50791193637457 367.4677801450614 0.1436159000004409
392
2 302.9370449650187 325.3480190880038 17.13029199999437
392
3 161.8365343692374 157.3721195908396 16.60274319999735
392
4 152.7058029361166 158.9182648091269 16.762805000005756
392
5 110.15423356618979 108.71164967141044 20.19464689999586
392
6 110.15423356618979 108.71164967141044 16.742562100000214
7 70.86921329866064 67.83141112960789 0.13541380000242498
392
8 70.86921329866064 67.83141112960789 16.622612799998024
9 44.56489238130208 42.36362577246024 0.13460900000063702
392
10 44.56489238130208 42.36362577246024 17.003995200000645
11 28.902405283439492 26.84041157506743 0.1481525999988662
392
12 28.902405283439492 26.84041157506743 16.666724599999725
13 18.768852539376596 16.879229678165803 0.14936000000307104
392
14 18.768852539376596 16.879229678165803 20.789543999999296
15 6.849822223006848 6.274104504284109 0.13528349999978673
392
16 2.925650315153388 2.542882237192807 22.660452699994494
392
17 2.925650315153388 2.542882237192807 16.846552700000757
18 1.820166902936494 1.2131254637724722 0.12360749999788823
392
19 1.820166902936494 1.2131254637724722 16.864110499998787
20 0.9798792332036901 0.3970714608749007 0.1656857000052696
392
21 0.905609093313032 0.32179801905552785 20.22021980000136
392
22 0.905609093313032 0.32179801905552785 17.1690208
23 0.8190342943637823 0.23274574209264576 0.11140719999821158
392
24 0.7632848142855688 0.18207184871877155 16.744864100000996
392
25 0.7632848142855688 0.18207184871877155 17.099617499996384
26 0.7287765167587109 0.14714679527423255 0.12854430000152206
392
27 0.7011967579435919 0.11813934672089604 17.09062649999396
392
28 0.7011967579435919 0.11813934672089604 16.867918100004317
29 0.6908578731435371 0.10711525109624989 0.12847150000015972
392
30 0.6826867642506373 0.09907475384407662 16.755535999996937
392
31 0.6758720402121177 0.0912164891727923 16.790691599999263
392
32 0.6684392102962132 0.08762838846767906 16.793611299995973
392
33 0.6684392102962132 0.08762838846767906 19.018068800003675
34 0.6555343850381662 0.070739688282609 0.1120362000001478
392
35 0.6460739046508948 0.06049011092532713 21.404188699998485
392
36 0.6460739046508948 0.06049011092532713 16.778267900001083
37 0.6423682520545752 0.055221015356434144 0.12768340000184253
38 11.83269713157872
-------------------------------------------------END------------------------------------------------------
------------------------------------Reduced subspace LM---------------------------------------------------
607.8172377139773 651.1252904616014
0.9995750965727094 39
0 542.400395125271 580.4135394724426 0.4516575000016019
0.9997535510652839 39
1 447.4723951908222 477.2073129117756 0.7614279000044917
0.9998753366895866 39
2 342.84595351590076 361.59375718099716 0.5450541000027442
0.9998687648109287 39
3 264.64840903581796 272.90118474146004 0.473869299996295
0.9990082486237196 39
4 203.3072133421511 205.7866677766769 0.4736914999957662
0.9658116024113013 39
0.9999981166117463 156
5 199.2720787026474 202.32809279513725 7.464289700001245
0.9509847607707308 39
0.9999893017314454 156
6 194.59399078443195 198.5572038526635 5.600332000001799
0.9766008389512119 39
0.9999747442309456 156
7 179.46704201208777 182.94705875605266 5.307208100006392
0.9835920139284728 39
0.999992417364118 156
8 142.33208672507448 145.32415476683482 5.193299599995953
0.9828067075259247 39
0.9999677808571373 156
9 77.77913760932044 79.91306820148932 5.626678799999354
0.9951394862696635 39
10 28.785336244247052 27.494967369571317 0.4848630000051344
0.7836196466200451 39
0.9999784705531641 156
11 22.51075983982968 21.283059825669568 5.4051316999975825
0.955062882400446 39
0.9999993066019982 156
12 17.97011405988846 16.952589870696226 10.775543199997628
0.9949740991880761 39
13 9.081572123589947 7.80212753132445 0.6078544999982114
0.8884581559384455 39
0.9999993914836193 156
14 7.34596994959342 6.207459186865479 8.589312300005986
0.9867256469041614 39
0.9999998189338477 156
15 5.847886230599616 5.040909210548642 5.322910800001409
0.99540962303221 39
16 3.5664984616868125 2.645599370131756 0.49616799999785144
0.642325259484016 39
0.9999999278661427 156
17 2.8003319309659034 1.9909601882906431 5.500582499997108
0.9891898180638649 39
0.9999999382128963 156
18 2.2708096891970695 1.5634597700916166 5.495300099995802
0.9976701512099303 39
19 1.8105918979253943 1.0868593114977707 0.46775029999844264
0.2843151769476185 39
0.9999999008773174 156
20 1.5643169142433446 0.9087982304215555 5.217702699999791
0.9978917129235847 39
21 1.3892490860190398 0.7132515294288037 0.4789161999942735
0.020015793342479857 39
0.9999989917838851 156
22 1.297062682949342 0.664665343170534 10.966497299996263
0.9984193011739131 39
23 1.1211192597548276 0.478376271643753 1.0863202000036836
0.009208714176071489 39
0.9999974748847961 156
24 1.0763799683737167 0.4629584298202931 9.823434699996142
0.9985063989335259 39
25 0.9553645194315333 0.3335467002263528 0.45462090000364697
0.004379463954567656 39
0.9999956230744688 156
26 0.9239274792632972 0.321833945147661 6.683851299996604
0.9984951034197197 39
27 0.8509319468088848 0.24126751750677614 0.49087409999629017
0.0018242426644176847 39
0.9999868715354259 156
28 0.822461146949693 0.2254263652981059 5.5074577999985195
0.998216577503282 39
29 0.7825831661867293 0.17954251770355517 0.5619535000005271
0.0010503156986820478 39
0.9999799390323942 156
30 0.7562979423009712 0.16111482677302572 5.331790800002636
0.9975236256532158 39
31 0.7364261085479984 0.13697383564414584 0.4555169999948703
0.0005382891939838872 39
0.999963061175271 156
32 0.7141564308252845 0.12035426477213074 6.256136099997093
0.9961733653258071 39
33 0.7045637140743801 0.10791302932856564 1.077285800005484
0.00025018479883547257 39
0.9999198372250335 156
34 0.6866571737985553 0.09422523089577217 5.264775600000576
0.9931807520787177 39
35 0.6819470740716274 0.08781288650048902 0.6754282999972929
36 3.7604301999995693
-------------------------------------------------END------------------------------------------------------
37
-------------------------------------------Classical LM---------------------------------------------------
651.6594392161173 693.136811049686
0 651.6594392161173 693.136811049686 17.094821700004104
1 267.4601954352728 274.285338673234 15.30098100000032
2 267.4601954352728 274.285338673234 17.068703099997947
3 139.69250586370887 141.93440751528868 24.975068299994746
4 139.69250586370887 141.93440751528868 26.01308820000122
5 82.33252132544109 81.52907039363639 16.502965099993162
6 82.33252132544109 81.52907039363639 13.59468879999622
7 24.899389769381585 24.51942973630323 12.586483200000657
8 24.899389769381585 24.51942973630323 12.565473199996632
9 10.531300282187146 9.164964473035766 12.635807799997565
10 8.063836948317938 7.191069129648102 12.609570300002815
11 8.063836948317938 7.191069129648102 12.563566699995135
12 3.6145560948596693 2.760037325389488 12.599974900003872
13 2.925494847241959 2.182959159108039 12.55902369999967
14 2.925494847241959 2.182959159108039 12.638493899998139
15 2.0773127877122435 1.4189294743851413 12.572414800000843
16 2.0773127877122435 1.4189294743851413 15.74281300000439
17 1.8641917577116045 1.1893544109448726 12.54547189999721
18 1.6792293962326135 1.0356538977231802 12.676143500000762
19 1.4844274605421355 0.8811683991392398 12.634438499997486
20 1.4361668555181404 0.8439345422925826 12.711099499996635
21 1.3845033483452394 0.7580149724765904 12.621516500003054
22 1.3845033483452394 0.7580149724765904 12.979871200004709
23 0.9592639539040799 0.36092186251789643 12.600554600001487
24 0.9592639539040799 0.36092186251789643 12.618680499996117
25 0.8896283834861283 0.28988360418922127 12.653871000002255
26 0.8505971373948407 0.25210300990605955 12.93242079999618
27 0.8224468399504472 0.21708832251599905 14.741472100002284
28 0.8224468399504472 0.21708832251599905 12.526921000004222
29 0.7690832567925913 0.17411479183982004 12.559987499997078
30 0.7462937233608216 0.14815615108217017 12.575960099995427
31 0.7176744690924072 0.12345240079225087 12.652915300001041
32 0.7071761466911612 0.12342138295367411 12.941695099994831
33 0.7071761466911612 0.12342138295367411 12.669867700002214
34 0.6639496871255008 0.07662696700253108 12.923532599997998
35 0.6601852429647627 0.07426968313536617 12.65416610000102
36 13.967903422221651
-------------------------------------------------END------------------------------------------------------
-------------------------------------------Krylov LM---------------------------------------------------
651.6594392161173 693.136811049686
392
0 651.6594392161173 693.136811049686 16.602407200000016
1 267.46019543593167 274.2853386741753 0.22737919999781298
392
2 267.46019543593167 274.2853386741753 17.03436459999648
3 139.6925058829698 141.93440753904397 0.15772160000051372
392
4 139.6925058829698 141.93440753904397 16.897620499999903
5 82.33252134142386 81.52907040270321 0.1363478999992367
392
6 82.33252134142386 81.52907040270321 16.82335520000197
7 24.899389777580666 24.519429749352202 0.1315826999998535
392
8 24.899389777580666 24.519429749352202 16.79769629999646
9 10.531300279842615 9.16496447140988 0.12030619999859482
392
10 8.063836945326154 7.191069133083258 16.772126600000774
392
11 8.063836945326154 7.191069133083258 16.79989409999689
12 3.6145560921676925 2.7600373230496498 0.14594860000215704
392
13 2.9254947720471858 2.182959181311478 16.80911329999799
392
14 2.9254947720471858 2.182959181311478 20.799589599999308
15 2.0773127585957956 1.4189294368277874 0.15305809999699704
392
16 2.0773127585957956 1.4189294368277874 16.78220760000113
17 1.8641917481418677 1.1893544031517176 0.15095650000148453
392
18 1.6792293806492438 1.0356538802171062 16.775301599998784
392
19 1.484427404136148 0.8811683403235563 16.78151010000147
392
20 1.4361242772431746 0.8438902443923093 16.878507200002787
392
21 1.3821984347821825 0.7558992022831327 16.812967199999548
392
22 1.3821984347821825 0.7558992022831327 16.95989649999683
23 0.958990379516143 0.36068553403078935 0.16200579999713227
392
24 0.958990379516143 0.36068553403078935 16.835657900002843
25 0.8895946728536547 0.2898745901432402 0.1469109000026947
392
26 0.8505710876043268 0.25209131009935265 16.67952779999905
392
27 0.8227559910926666 0.21731202833288754 20.892882899999677
392
28 0.8227559910926666 0.21731202833288754 20.62542720000056
29 0.7690642084249292 0.17409450375469535 0.127540699999372
392
30 0.7463232492735346 0.1481653795920147 17.211687700000766
392
31 0.7188190347603259 0.12428225903589499 16.936081999992894
392
32 0.7048143750699324 0.11936071172426699 27.783204799998202
392
33 0.7048143750699324 0.11936071172426699 30.71227419999923
34 0.6641259349526417 0.07684112628763952 0.22441290000278968
392
35 0.660702599331256 0.07443430495577735 26.512662000001
36 12.566670422221755
-------------------------------------------------END------------------------------------------------------
------------------------------------Reduced subspace LM---------------------------------------------------
651.6594392161173 693.136811049686
0.999599242948551 39
0 578.3741769966907 614.1713063855631 0.5020253999973647
0.9997168936006279 39
1 472.23205547578 499.38882804262005 0.5036473000000115
0.9997988212200747 39
2 355.42639163730814 373.1605379647065 0.44785630000114907
0.999833999593291 39
3 270.04363021145133 278.99346968119744 0.792471699998714
0.9992531497966541 39
4 216.94867081704442 221.3928246043085 0.481092299996817
0.9621612079152317 39
0.9999402410102969 156
5 211.87962549937265 216.36212721998186 5.511449099998572
0.976022198693482 39
0.9999649808321246 156
6 211.87962549937265 216.36212721998186 5.6563299000044935
0.976022198693482 39
0.9999649808321246 156
7 206.96284276682468 211.769921485638 5.577521400002297
0.9837256802416438 39
0.999985975302876 156
8 188.19137285149486 192.3457414747963 5.48139010000159
0.9838616326760744 39
0.9999904184822146 156
9 176.48875572493435 183.0964365354503 5.406261500000255
0.9953305639095307 39
10 92.78795068578587 93.18427489502686 0.5400070000032429
0.9119503156804972 39
0.9999978955342604 156
11 89.38867297393013 89.59320727160748 10.67584429999988
0.9914812505290763 39
12 68.57272593280177 66.36814682065446 0.44686400000500726
0.978823761768865 39
0.9999951189197248 156
13 58.93012584850362 57.239716009419546 5.434505200006242
0.9881363728649063 39
0.9999967749243038 156
14 51.195260243610406 49.82542791265751 6.98208579999482
0.994426823825289 39
15 30.758083370908235 29.11422216409577 0.4514686000038637
0.9576008076693168 39
0.9999990994122243 156
16 24.14979415089162 22.45690895310277 5.344975499996508
0.9844652556144716 39
0.9999997627656216 156
17 22.262598974576523 21.481683795533296 5.55450479999854
0.99674111248128 39
18 10.66784448003544 9.661380004731985 0.787659599998733
0.926506818569436 39
0.9999997127211532 156
19 9.362365288864979 8.620655067460815 5.411069300003874
0.9956515965103994 39
20 5.806588409573618 4.946933939326996 0.4900742000027094
0.93221688764097 39
0.999999913064374 156
21 4.8230560789568555 4.084098465811045 12.705119100006414
0.9951583587001273 39
22 3.709584087707103 2.9502777212328466 0.4908198999983142
0.18187573172584712 39
0.9999998923908624 156
23 2.8871907472303726 2.2222743701738206 5.337867100002768
0.987300870582532 39
0.9999999695414775 156
24 2.736322143274942 2.1171102160957287 5.332349100004649
0.9984076560237994 39
25 1.7839345937659836 1.1227749314817959 0.8116061000037007
0.5253093161688569 39
0.999999982150491 156
26 1.4677202602174062 0.8026995510490463 5.583707699996012
0.9858538653633312 39
0.9999999846239462 156
27 1.2935357013833628 0.6491573360176912 5.2824679000041215
0.9960565677687443 39
28 1.1120116562365792 0.48271858633564524 0.4812768999981927
0.02610727541746877 39
0.9999996663718909 156
29 0.9610540025743296 0.3479430227281531 5.396235899999738
0.9871210715550747 39
0.9999999876687927 156
30 0.9289547603902408 0.3494281699048284 7.2452355999994325
0.9984750239365094 39
31 0.7574216734958971 0.1694516108955027 0.4672480999943218
0.020853189942608534 39
0.9999990604380209 156
32 0.7206119624607557 0.13552597700570637 5.359735700003512
0.9607409761667681 39
0.9999998909616251 156
33 0.7028072749494831 0.11977931943355584 5.328075199999148
0.99399729613216 39
34 0.6875645641630459 0.10098669021843217 0.8184656000012183
0.0004974733787297906 39
0.999964034613396 156
35 0.6738979136887397 0.08884583655831668 5.318077099997026
0.9949841484042716 39
36 0.6683371594584029 0.08202384598595878 0.484390199999325
0.0001342182391646865 39
0.999842496184269 156
37 0.6587316046389025 0.0737123900559676 5.325277099997038
0.9958473861849366 39
38 0.6545737442927674 0.06848804962860083 0.5444248999992851
39 3.7126021153851
-------------------------------------------------END------------------------------------------------------
38
-------------------------------------------Classical LM---------------------------------------------------
542.9904962105121 576.1887073164036
0 342.97381950540966 353.0226611588937 29.486750299999983
1 342.97381950540966 353.0226611588937 23.064347700000013
2 342.8860639579569 330.5026874691268 24.868670299999962
3 241.20743715660106 241.45589442489035 30.203989499999977
4 203.17750556326453 209.64243097127124 30.37588360000001
5 203.17750556326453 209.64243097127124 33.5114317
6 101.24775337160675 97.08325625229216 34.502207800000065
7 101.24775337160675 97.08325625229216 33.20668660000001
8 36.36224718770209 35.319017358473175 33.61699329999999
9 36.36224718770209 35.319017358473175 27.157015800000067
10 36.36224718770209 35.319017358473175 27.62397770000007
11 15.316469704404426 14.401631585037162 19.107082600000012
12 15.316469704404426 14.401631585037162 32.40758129999995
13 7.758183252542952 7.169661766293654 26.1676048999999
14 7.758183252542952 7.169661766293654 27.048254699999916
15 3.4822763297905235 2.7291003517472334 12.675702099999853
16 2.2784571943529075 1.7062415234107187 19.960810400000128
17 1.769593979638003 1.1899481239301026 26.286690500000077
18 1.371642239189921 0.8099131371582462 19.561193300000014
19 1.371642239189921 0.8099131371582462 23.491594100000157
20 1.0940840816705057 0.5093125964799441 19.149059999999963
21 1.005553075517949 0.4624807278095933 20.042485999999826
22 1.005553075517949 0.4624807278095933 30.71174659999997
23 0.883518043860422 0.32498180920169656 21.33664039999985
24 0.794965320517351 0.24702441078458337 24.364162100000158
25 0.794965320517351 0.24702441078458337 30.437177399999882
26 0.7641323038777955 0.19923056238533382 26.596089399999983
27 0.7195409433173121 0.15002575643106353 25.00939870000002
28 0.6956602546125037 0.1225422691756423 30.079022100000202
29 0.6856676304208011 0.10302180818170285 22.057976900000085
30 0.6817476289411128 0.09386740723626116 19.758763000000272
31 25.931193251612918
-------------------------------------------------END------------------------------------------------------
-------------------------------------------Krylov LM---------------------------------------------------
542.9904962105121 576.1887073164036
392
0 342.9736827241575 353.02246969137553 17.582544699999744
392
1 342.9736827241575 353.02246969137553 16.794374399999924
2 342.9736827241575 353.02246969137553 0.13121030000002065
3 180.04759632208814 176.29742735305248 0.11390410000012707
392
4 81.76051121072972 81.987098154796 16.830518900000243
392
5 81.76051121072972 81.987098154796 16.88661009999987
6 78.54875558517584 80.71820577875906 0.14654250000012325
392
7 78.54875558517584 80.71820577875906 17.19725870000002
8 45.28588914284099 44.420427196262025 0.11820590000024822
392
9 38.49939581365204 36.42257852065121 16.869476100000156
392
10 32.22118008532397 33.459660626576806 16.91763949999995
392
11 32.22118008532397 33.459660626576806 16.895242800000233
12 19.903974692209136 19.169291564773296 0.1697463999998945
392
13 19.903974692209136 19.169291564773296 16.88247599999977
14 5.143197302118426 4.6553865622676165 0.1317008999999416
392
15 5.143197302118426 4.6553865622676165 16.81733989999975
16 2.9030341028347384 2.5802165875936387 0.10296740000012505
392
17 1.416708581433995 0.6713387702403679 16.870763000000352
392
18 1.416708581433995 0.6713387702403679 16.89486399999987
19 0.9866763815693216 0.42695730156625783 0.12465380000003279
392
20 0.7951080659794441 0.17768913552727247 16.736498199999915
392
21 0.738145496340472 0.12889191316871462 16.92573390000007
392
22 0.738145496340472 0.12889191316871462 16.913056900000356
23 0.6947158332544313 0.09300297060341231 0.13892669999995633
392
24 0.6799940156385356 0.07683484396501956 16.854009300000143
392
25 0.6787281738370166 0.07710741351363587 16.886865199999647
392
26 0.6787281738370166 0.07710741351363587 16.86001579999993
27 0.6541345094515569 0.05415357760524409 0.1200155999999879
392
28 0.64997904046692 0.05026685726755816 16.873214899999766
392
29 0.64997904046692 0.05026685726755816 16.9549334000003
30 0.6447095316011683 0.04462493402949347 0.12210250000043743
392
31 0.6417330355812477 0.04149346171847961 16.88784940000005
32 11.14847691250003
-------------------------------------------------END------------------------------------------------------
------------------------------------Reduced subspace LM---------------------------------------------------
542.9904962105121 576.1887073164036
0.9997594278209787 39
0 488.98101413491275 518.8484184966197 0.5953199000005043
0.9997786585539385 39
1 410.8791431701045 435.14350389599787 0.47545830000035494
0.9997828350726027 39
2 324.7005972462659 339.7677258125503 0.4600067000001218
0.9998111271018577 39
3 257.3697753410844 263.7856729152217 0.4747463000003336
0.9991325065875127 39
4 209.07690216317397 216.5912622032565 0.4646111000001838
0.9781155298916174 39
0.9999924751420178 156
5 202.3284556858907 208.453617945168 11.832337200000438
0.9680290093348822 39
0.9999915747811534 156
6 192.67972973182455 197.3408383872711 9.842706200000066
0.987580163713393 39
0.9999854982231317 156
7 161.23176644138798 166.18222592944264 5.612653099999989
0.9796845668457141 39
0.9999914023314386 156
8 144.80478933499845 147.81561589039495 5.492748699999538
0.9952606300061699 39
9 88.31222125505887 90.0161384173109 0.4878360000002431
0.9785084646053711 39
0.9999960652805933 156
10 66.63181233492857 67.52620968433448 5.336137499999495
0.9908965735587536 39
11 39.217902853222085 38.197953869901944 0.464467899999363
0.9888540018242596 39
0.9999993660339282 156
12 33.868159788561776 33.723015435274974 5.326365400000213
0.9961058319677363 39
13 22.31792634548746 22.115431167288268 0.47295740000026854
0.9792375523608421 39
0.9999997235925012 156
14 20.355351575571607 20.658483235881366 5.377129299999979
0.9886844548246977 39
0.999999533235853 156
15 15.055793092233326 14.546552622909608 5.286297900000136
0.993999575062219 39
16 7.307018290256613 6.526864341922532 1.0696507000002384
0.922777819741994 39
0.9999997080391263 156
17 6.743753529891171 6.062083093508556 10.186439200000677
0.9934011763850369 39
18 4.5066629427087594 3.709179115033039 0.4598777000001064
0.7978204691665088 39
0.9999995313061296 156
19 3.4602879446811974 2.7531639553580303 5.495696099999805
0.9895998496180626 39
0.9999998135626867 156
20 2.8515840279060587 2.1996855578719368 5.303975299999365
0.9950584218364577 39
21 1.8591155466283487 1.116424910854041 0.45629749999989144
0.7255663266592216 39
0.9999999636140374 156
22 1.4870549503926238 0.7972739665758252 5.231998800000838
0.9681139621126936 39
0.9999999313699596 156
23 1.251255503161882 0.5856820783356729 5.391223600000558
0.9839973788862598 39
0.9999998905315514 156
24 1.0018126452722407 0.3649183567891705 5.3745976000000155
0.9962098031981969 39
25 0.8089161106640913 0.17624947408270766 0.4955887999994957
0.3217002304970863 39
0.9999999462127868 156
26 0.7550669929545817 0.13335187598778117 5.500960299999861
0.991769732279216 39
27 0.7488028171073742 0.12406821528508985 0.4479777999995349
9.74596941025681e-05 39
0.9991883125896087 156
28 0.7164682833708351 0.09937175173188163 5.371046100000058
0.9939993182593891 39
29 0.7110670146174963 0.09151245357646307 0.48087720000057743
0.00011720848735140121 39
0.9996744491687284 156
30 0.6889657462968432 0.0753423130470652 5.431789999999637
0.9933604228974742 39
31 0.6861122422202385 0.07116713508029797 0.45050090000040655
32 3.5984461406250716
-------------------------------------------------END------------------------------------------------------
39
-------------------------------------------Classical LM---------------------------------------------------
558.9651879940465 591.7779095339262
0 307.484118362619 301.7803845445994 12.697482900000068
1 307.484118362619 301.7803845445994 15.734424600000239
2 127.28598056845165 128.96570063577073 13.45322010000018
3 127.28598056845165 128.96570063577073 12.60566259999996
4 127.28598056845165 128.96570063577073 16.018888599999627
5 41.822344525119874 40.584214425307465 13.061629699999685
6 41.822344525119874 40.584214425307465 13.063472199999524
7 21.610461467894556 20.379717140247212 12.747481699999298
8 21.610461467894556 20.379717140247212 12.77188280000064
9 17.22185835772767 16.99402652060352 12.595130300000164
10 10.377213428196491 9.653992764160334 12.593050499999663
11 9.600275640421296 8.912872920172399 23.582385000000613
12 9.600275640421296 8.912872920172399 21.498856799999885
13 5.174897311741592 4.616056449161558 20.086251400000037
14 3.806599055011836 3.184652584250848 19.522340100000292
15 3.806599055011836 3.184652584250848 13.233103100000335
16 2.316370686698083 1.7224486088834545 19.32022429999961
17 2.064288817634673 1.440475939334421 13.9333230000002
18 2.064288817634673 1.440475939334421 15.663940999999795
19 1.624581444346838 1.027643168991329 24.988368700000137
20 1.583911205262726 0.9513348944359739 21.531206100000418
21 1.493861367837584 0.8519984483954434 19.730502699999306
22 1.493861367837584 0.8519984483954434 19.207701899999847
23 1.07153590492305 0.4465906916919992 20.083853099999942
24 0.9697967665348298 0.3488248835797394 19.706325600000127
25 0.9261849544547825 0.3156970956319117 12.703640000000632
26 0.9261849544547825 0.3156970956319117 12.704469000000245
27 0.8233056762168286 0.2176650666141626 19.87217629999941
28 0.8053612634823796 0.2016430699592165 12.69155899999896
29 0.8028566604997217 0.20333188804782396 12.683354200000394
30 0.8028566604997217 0.20333188804782396 12.826248700001088
31 0.6988763656360842 0.10198163139980275 19.76825910000116
32 0.6934675747162495 0.09842217483816325 12.607178600001134
33 0.6934675747162495 0.09842217483816325 12.613999499999409
34 0.6707832495151551 0.07556403983915928 19.91672650000146
35 0.6639210070238023 0.06942045707604431 12.70281260000047
36 0.6639210070238023 0.06942045707604431 12.664600000000064
37 0.6579333088842554 0.0633395573102615 19.8045860000002
38 0.6531180467616136 0.05875415339659403 12.689409899998282
39 16.043069953846217
-------------------------------------------------END------------------------------------------------------
-------------------------------------------Krylov LM---------------------------------------------------
558.9651879940465 591.7779095339262
392
0 307.4846323183445 301.7809083185422 17.468351800000164
392
1 296.2746148653072 301.6161192642003 16.72883229999934
392
2 159.52252164859428 165.97740760516726 16.82762410000032
392
3 159.52252164859428 165.97740760516726 16.771788000000015
4 159.52252164859428 165.97740760516726 0.1381264999999985
5 116.33541913244323 121.24860036690842 0.1258775999995123
392
6 41.19306229747832 42.76563799685509 16.790666499999134
392
7 41.19306229747832 42.76563799685509 16.793539799999053
8 41.19306229747832 42.76563799685509 0.11761909999950149
9 15.863309467417034 15.450833891019116 0.14011030000074243
392
10 15.863309467417034 15.450833891019116 16.78079649999927
11 9.959424238501937 9.267578510493571 0.15344850000110455
392
12 9.959424238501937 9.267578510493571 16.8118357000003
13 6.739619911701852 6.141216426255251 0.15219939999951748
392
14 4.543095309787206 4.0792211562307505 16.74418450000121
392
15 4.089321747835315 3.412238575032148 17.18216079999911
392
16 4.089321747835315 3.412238575032148 16.64677870000014
17 1.984464927296505 1.4614723554369988 0.15532180000082008
392
18 1.984464927296505 1.4614723554369988 16.738336599999457
19 1.6593851866323202 1.1544740473659365 0.1439645999998902
392
20 1.4992777791212166 0.9682078896785247 16.72905829999945
392
21 1.347555950134521 0.7765913914383152 16.741304400000445
392
22 1.1751303678779668 0.6138258740088796 16.816406399999323
392
23 1.0644688464771386 0.44854919027648343 16.740786299998945
392
24 1.0644688464771386 0.44854919027648343 16.79898879999928
25 0.8213170900486196 0.22406204234482352 0.13498400000025867
392
26 0.8134299537547043 0.21640649510178514 16.766140199999427
392
27 0.8134299537547043 0.21640649510178514 16.91365399999995
28 0.6920340260300333 0.09076574178944162 0.15384140000060142
392
29 0.6920340260300333 0.09076574178944162 16.878942899998947
30 0.6751838730523497 0.07359435003410753 0.14295700000002398
392
31 0.6685547170595393 0.06731909220168415 16.862337800001114
392
32 0.6674161426628387 0.0637919159742342 16.774640100000397
33 11.26865468787869
-------------------------------------------------END------------------------------------------------------
------------------------------------Reduced subspace LM---------------------------------------------------
558.9651879940465 591.7779095339262
0.9995533979032148 39
0 501.9951557633942 531.4592218928317 0.4795253000011144
0.9995981394935041 39
1 419.69015549207813 444.0195214827955 0.5870979000010266
0.9996826856561206 39
2 329.0253881081588 344.96133727489814 0.873037999999724
0.9997863770107009 39
3 262.7684581487771 269.5344734772897 0.49677990000054706
0.9989128860166431 39
4 213.63772190429455 218.4000194158437 1.0630600999993476
0.9626144922790311 39
0.9999957960580058 156
5 204.61538760958692 209.08711022049468 9.591230099998938
0.9621139474514644 39
0.9999857026367905 156
6 191.86814802380067 196.0499528239618 5.433591299999534
0.9807282854197074 39
0.9999539054205786 156
7 184.55193012590127 188.7241620521531 5.592168499999389
0.9862049878951415 39
0.9999840295326637 156
8 156.21632667852472 158.85024479588162 8.328368599999521
0.9897170270815765 39
0.9999987229930553 156
9 126.55877870175189 128.79650014153086 11.340062900000703
0.9945888907822744 39
10 67.49405492045811 64.98900485441338 0.5018564000001788
0.9900333248043971 39
11 46.33250340127608 43.72404997841966 0.46792769999956363
0.9708407086360907 39
0.9999993988056627 156
12 43.93014740523774 42.90695210829367 10.287708400001065
0.989913528876617 39
0.9999959694002823 156
13 26.827341102948086 25.98300679603831 15.469861800000217
0.9954697978779906 39
14 16.17517636652916 14.522332954874686 0.4980403000008664
0.9799270148569116 39
0.9999987696978567 156
15 13.980040602836903 12.451341745864685 5.583631699999387
0.9885918281421398 39
0.9999996857447948 156
16 13.065204636009682 11.890741207473825 5.266762199998993
0.9951069055138325 39
17 5.929101166363965 5.027590818396191 0.4558582000008755
0.9869162126908816 39
0.9999999768793532 156
18 4.796766518253224 3.9765366268754456 5.313189800001055
0.9922657053223096 39
19 3.5225157565739065 2.6719584722864855 0.5007717000007688
0.9332837322733295 39
0.9999999793992006 156
20 2.8306039707105732 2.064697264630582 5.454707300001246
0.9917179815608906 39
21 2.4590517470024515 1.6920950335880276 0.46412379999856057
0.4072003941473447 39
0.9999999763655724 156
22 1.9206764754624077 1.2200539258257281 5.485232499999256
0.9726186962159042 39
0.9999999460731871 156
23 1.6359102153054355 0.9728803484948927 5.398329700001341
0.9953534879962164 39
24 1.3717304083872353 0.6844071025436218 0.5066185000014229
0.17755552765823926 39
0.9999999314272786 156
25 1.1804988786079615 0.5344379344030522 5.296771299999818
0.9974348253721431 39
26 1.1005065039256035 0.43231906416591287 0.47061130000111007
0.013591818588177476 39
0.9999990784404902 156
27 0.969164302982997 0.3251515913957652 5.407200999999986
0.9963248770074415 39
28 0.9287567272317694 0.2767311511048068 0.4647566999992705
0.012117071955442952 39
0.9999991949782908 156
29 0.8428433379874745 0.20971009805264146 5.222860500000024
0.9966929071594115 39
30 0.8236595640163829 0.185201817960137 0.4649508999991667
0.002188501089704545 39
0.9999945370102873 156
31 0.7703451759565977 0.14594957763416608 5.601189400000294
0.9967811740657161 39
32 0.7588230182523453 0.13114526222181416 0.45531900000059977
0.00035982982544934265 39
0.9999078761184649 156
33 0.725258217807314 0.107568140046064 5.391578599999775
0.99716342008909 39
34 0.7171115222058309 0.09700426812275693 0.47463040000002366
0.00015056630713872115 39
0.9991174187666774 156
35 0.6960445984940469 0.08311554677136831 5.487049999999726
0.9978884683011415 39
36 0.6895419686785804 0.0745594656570582 0.47450730000127805
7.91697342398188e-05 39
0.998913837477498 156
37 0.6767661670452352 0.06687873275617805 5.568175700000211
0.9985439830516272 39
38 0.6708718078990639 0.059232592201483476 0.4860174999994342
6.976494099276502e-05 39
0.9991336109202118 156
39 0.6622801175234246 0.05435656506397004 5.502538200000345
0.9986641229109985 39
40 0.6577988508181339 0.04852080640782425 0.4690277999998216
41 3.723822639024525
-------------------------------------------------END------------------------------------------------------
40
-------------------------------------------Classical LM---------------------------------------------------
599.3135332411796 631.6533533815655
0 336.28459334663654 347.4590656241708 16.38207329999932
1 298.59034104689437 300.206972669553 12.951327200000378
2 298.59034104689437 300.206972669553 12.643733400000201
3 179.8538490204989 182.01950462198857 15.58464129999993
4 179.8538490204989 182.01950462198857 12.98555160000069
5 141.55925697417752 131.72188041505183 12.639744699999937
6 120.42701329775248 119.98202300799113 15.764782700000069
7 120.42701329775248 119.98202300799113 12.853410100000474
8 51.53420955955882 51.74846174893231 12.668614700000035
9 51.53420955955882 51.74846174893231 12.830489099998886
10 28.72929503223832 28.687432281366192 15.840159600000334
11 28.72929503223832 28.687432281366192 17.809476700000232
12 20.303312028874455 20.485949503039198 19.822101399999156
13 20.303312028874455 20.485949503039198 13.103267399999822
14 9.963299559180808 9.595161397964398 18.656258200000593
15 8.946234382281059 8.061807290705461 14.83076119999896
16 5.439658162701113 4.742515858140138 12.460072899999432
17 5.439658162701113 4.742515858140138 12.511527599999681
18 3.3452028544086176 2.7780204379269793 12.580660100000387
19 1.7265886162541428 1.0445617679475734 12.48467460000029
20 1.7265886162541428 1.0445617679475734 12.46534999999858
21 0.9750590652147668 0.32988289679071015 12.506237200001124
22 0.9144935658121616 0.310830500140618 12.5636568000009
23 0.7979635638836525 0.1719118790644722 19.74372089999997
24 0.7979635638836525 0.1719118790644722 19.23765259999891
25 0.6657325861559324 0.06406361301145867 16.28947539999899
26 0.6575842668320553 0.052019666880453924 19.700564000000668
27 0.6575842668320553 0.052019666880453924 12.451879899999767
28 0.6356438291440912 0.03371010554766319 18.798493400001462
29 0.6318019188088181 0.03152289467673259 12.52242219999971
30 0.629238801908534 0.030565048225903255 12.386807099999714
31 14.711922170967696
-------------------------------------------------END------------------------------------------------------
-------------------------------------------Krylov LM---------------------------------------------------
599.3135332411796 631.6533533815655
392
0 336.28697081572216 347.46226066124325 16.528496000000814
392
1 269.21350243163374 271.5469160790912 17.808600899999874
392
2 212.15086953587652 214.3328265579677 18.078309099999387
392
3 181.2417201362126 178.39843193841529 22.16731400000026
392
4 141.6174037998656 142.9369937586561 20.397028299999874
392
5 105.79233290510625 112.59932794599916 21.09004029999778
392
6 23.76242467922598 23.070695340106163 20.824923500000295
392
7 23.76242467922598 23.070695340106163 17.30085880000115
8 23.76242467922598 23.070695340106163 0.13310009999986505
9 23.76242467922598 23.070695340106163 0.1233338999991247
10 22.77537884775166 22.300287442486123 0.11592980000204989
392
11 22.77537884775166 22.300287442486123 16.83042790000036
12 22.77537884775166 22.300287442486123 0.1509150000019872
13 22.77537884775166 22.300287442486123 0.11312220000036177
14 11.659101442855928 10.931062657758197 0.10304319999704603
392
15 6.742284189103955 6.094770465271479 16.90553739999814
392
16 6.609369593715059 6.032252873329211 17.039201600000524
392
17 4.1141389691584695 3.545583055222941 16.860790599999746
392
18 2.9234255230983703 2.1295632204525075 16.84921359999862
392
19 2.9234255230983703 2.1295632204525075 16.84670389999883
20 2.637460958696901 1.936475058344152 0.10205330000098911
392
21 1.8857439427786864 1.198739030639784 17.05107770000177
392
22 1.4934424138552709 0.8863964516359059 16.78290730000299
392
23 1.2931715399724932 0.7116599304664967 16.82525579999856
392
24 0.7818756312159567 0.16750713224451794 16.868113299999095
392
25 0.7494649033374496 0.1437366694762126 16.853133900000103
392
26 0.7060776283231196 0.09658569346523668 16.913044599998102
392
27 0.688537374944708 0.08275755942096055 16.85366289999729
392
28 0.688537374944708 0.08275755942096055 16.843968299999688
29 0.688537374944708 0.08275755942096055 0.15602159999980358
30 0.688537374944708 0.08275755942096055 0.12320850000105565
31 0.6847392474606809 0.07683201687518325 0.1838501999991422
32 12.244474609374834
-------------------------------------------------END------------------------------------------------------
------------------------------------Reduced subspace LM---------------------------------------------------
599.3135332411796 631.6533533815655
0.999670994363576 39
0 535.7285793318207 564.1117214449632 0.4590295999987575
0.9997090121018238 39
1 443.5840318568963 465.77313256953573 0.5273980999991181
0.9997924936095951 39
2 341.20936268911737 355.43704636437343 0.49892840000029537
0.9998730404038623 39
3 265.1524185142939 272.6562307724058 1.5073835999974108
0.9988264282668383 39
4 213.30717302168384 220.01843650665327 1.076140100001794
0.9847139334378114 39
0.9999996227946161 156
5 206.16260336481398 211.61493967725892 5.36543729999903
0.9667380875906733 39
0.9999895440672624 156
6 200.25151952428698 206.4481581070444 5.696494899999379
0.9719892485621894 39
0.9999781358193462 156
7 194.21367262834738 199.14488383105143 5.553702699999121
0.9823169651358017 39
0.9999819724785434 156
8 138.22012607739674 140.1757046449625 5.4235568000003695
0.9866701808881774 39
0.9999957201761217 156
9 122.9531106797378 123.14243653228469 5.306708199997956
0.9975957942131951 39
10 39.80526823264939 39.48955860657951 0.4464532000019972
0.9863502027429013 39
0.9999972154228829 156
11 25.14002585436044 24.369033712275435 5.563975699998991
0.9838357997552528 39
0.9999977442962626 156
12 18.527166228553376 17.748294645647707 5.321360000001732
0.993623482667604 39
13 10.06299926069237 8.866245783230996 0.512666700000409
0.9885644210852561 39
0.9999998255088839 156
14 8.386314823832247 7.284800637762177 13.965180399998644
0.9962989854052734 39
15 5.035590636922828 3.88860232776035 1.0696170999981405
0.9476495911783981 39
0.9999998239677608 156
16 4.183235989502008 3.1562902822359034 5.345321699998749
0.986268534200061 39
0.999999919243775 156
17 3.2398846444950706 2.380445812235195 5.335152799998468
0.992966726687002 39
18 2.203355119206871 1.3812144478597448 0.48131930000090506
0.5656830932349134 39
0.9999999400699541 156
19 1.9018899891866714 1.2005024984964598 5.364729299999453
0.9969201950905693 39
20 1.591999821974118 0.8492483522032362 0.4837729999999283
0.0628729403087971 39
0.9999986944531576 156
21 1.3323150736390663 0.6597912538515125 5.297372599998198
0.9953573533704432 39
22 1.2350077156713237 0.5463310736935266 0.47997010000108276
0.038217178251257755 39
0.9999991359928958 156
23 1.0721554130105961 0.42913420110238654 5.26591869999902
0.9961889336348141 39
24 1.0201667923387343 0.36852070022525896 1.1880476000005729
0.010799768580491984 39
0.9999975521869945 156
25 0.9196945457129468 0.2955088316562535 10.529549200000474
0.9967200274375964 39
26 0.8882813908099837 0.25953552926084633 0.46303240000270307
0.0018915256804547492 39
0.9999500707754742 156
27 0.8280573327134758 0.21509577840714297 5.362650600000052
0.9970858583786761 39
28 0.8063453281139357 0.18997098344022337 0.48656309999933
0.0008179298126910193 39
0.9997141806411333 156
29 0.7711071061398285 0.1646842606107877 5.429450200001156
0.9974684894391581 39
30 0.754158081694196 0.1453354819997528 0.45540709999841056
0.0006073566343398847 39
0.9997018947576093 156
31 0.7311850643529335 0.12822460656830603 5.32466569999815
0.9969300032966378 39
32 0.7200500953706948 0.11568495762640937 0.4980050000012852
0.0002409855833696517 39
0.9997187306616525 156
33 0.7020646055423447 0.1006872665965498 5.23916090000057
0.9822256027810451 39
0.9999998889192395 156
34 0.6981516008018976 0.09673632767279847 5.428673599999456
35 3.621508448571175
-------------------------------------------------END------------------------------------------------------
41
-------------------------------------------Classical LM---------------------------------------------------
596.1273046271353 627.9252188196706
0 596.1273046271353 627.9252188196706 12.505015200000344
1 297.0144776837604 298.8579268076759 13.191092299999582
2 297.0144776837604 298.8579268076759 12.674687099999574
3 241.45567317935544 237.09208822938987 12.612242600000172
4 151.49551334683244 155.2811533799088 12.617205900001863
5 151.49551334683244 155.2811533799088 12.679741100000683
6 151.49551334683244 155.2811533799088 13.912575499998638
7 35.27236659602108 33.68615200738299 14.664207599998917
8 35.27236659602108 33.68615200738299 12.73636709999846
9 14.569604174577202 13.099893389860448 12.631044999998267
10 8.136734806378236 7.2569059941319285 12.716442200002348
11 4.992240284971731 4.119838170893592 13.109455199999502
12 4.992240284971731 4.119838170893592 12.848002500002622
13 2.7594627858721505 1.970152068810248 13.089381500001764
14 2.6197547537856716 1.9957444280859917 12.683384200001456
15 2.6197547537856716 1.9957444280859917 12.683809899997868
16 1.8686382149902503 1.2309516824835134 12.740480199998274
17 1.4341445341155967 0.8280993353790649 16.294932200002222
18 1.4341445341155967 0.8280993353790649 13.191858400001365
19 1.0602209584480278 0.4439683938648341 12.78240630000073
20 1.0178015852762594 0.42585538342089296 12.65180699999837
21 1.0178015852762594 0.42585538342089296 16.437257400000817
22 0.9066247538750127 0.3204560180630036 12.593285200000537
23 0.891748695479265 0.3102301153251756 12.670927799998026
24 0.891748695479265 0.3102301153251756 12.602328299999499
25 0.8525993841922914 0.2744163086003327 12.691427300000214
26 0.8465091904233796 0.26833929517564853 12.813653799999884
27 0.8465091904233796 0.26833929517564853 20.05319589999999
28 0.8184724431351567 0.24193393624111567 12.67224460000216
29 0.8108783637648415 0.233853695773536 13.771564299997408
30 0.8108783637648415 0.233853695773536 14.571343899999192
31 0.7958408967788277 0.21904333899598533 16.256194899997354
32 0.7879471506256199 0.21056339053390213 12.867492199999106
33 0.7879471506256199 0.21056339053390213 16.13169110000308
34 0.7802755781286953 0.20261695217367337 12.805774199998268
35 0.7734121563413889 0.19511514892831114 12.590198100002453
36 0.7700379775000306 0.19024299117266608 18.538662599999952
37 13.650902178378404
-------------------------------------------------END------------------------------------------------------
-------------------------------------------Krylov LM---------------------------------------------------
596.1273046271353 627.9252188196706
392
0 596.1273046271353 627.9252188196706 22.63094419999834
1 297.01447768765274 298.8579268111668 0.15105409999887343
392
2 297.01447768765274 298.8579268111668 17.165234700001747
3 241.45567316012088 237.09208820862918 0.13392819999717176
392
4 151.48340985426563 155.2681135587125 16.78885089999676
392
5 151.48340985426563 155.2681135587125 16.820191899998463
6 151.48340985426563 155.2681135587125 0.13813870000012685
7 35.28171140263731 33.69618359373064 0.1188741999976628
392
8 35.28171140263731 33.69618359373064 16.721905399997922
9 14.575834534600054 13.10630864095905 0.1167896999977529
392
10 8.142927321562345 7.263008874462386 16.62618300000031
392
11 4.996310611759953 4.1248356655352785 20.96794719999889
392
12 4.996310611759953 4.1248356655352785 18.434570400000666
13 2.7604392498750743 1.9710127699664701 0.1744500999993761
392
14 2.6199206304988487 1.9964397607679338 17.58853889999955
392
15 2.6199206304988487 1.9964397607679338 16.756153400001494
16 1.8689470979925171 1.231521672593267 0.10809679999874788
392
17 1.4332890762413695 0.8272081406420204 16.761761099998694
392
18 1.4332890762413695 0.8272081406420204 16.70810530000017
19 1.0598138513388582 0.44357327379491235 0.16716259999884642
392
20 1.017205305252995 0.4252728238656559 16.922379799998453
392
21 1.017205305252995 0.4252728238656559 16.72875120000026
22 0.906514550444124 0.3203946052656439 0.13372749999689404
392
23 0.891502875591335 0.3100081463263229 16.67761039999823
392
24 0.891502875591335 0.3100081463263229 16.79598580000311
25 0.8525903591314027 0.2744328581858808 0.136271499999566
392
26 0.8463993430586048 0.2682673578000964 16.635687499998312
392
27 0.8463993430586048 0.2682673578000964 16.71155120000185
28 0.8185106156394969 0.24200038690659867 0.12133990000074846
392
29 0.8109067500727586 0.23392229921113147 16.693495699997584
392
30 0.8109067500727586 0.23392229921113147 16.693404100002226
31 0.7958849502178934 0.2191198192775778 0.14745440000115195
392
32 0.7879936098405815 0.21064864101478173 16.68602760000067
392
33 0.7879936098405815 0.21064864101478173 16.73420830000032
34 0.7803143716899623 0.2026922037585327 0.1253487000030873
392
35 0.773450806024247 0.19519347640554907 16.720470000000205
392
36 0.7701228084281855 0.19036728754068463 16.672893799997837
37 11.254472654053568
-------------------------------------------------END------------------------------------------------------
------------------------------------Reduced subspace LM---------------------------------------------------
596.1273046271353 627.9252188196706
0.9997909244733036 39
0 532.7105240339736 560.9312556110997 0.4730941999987408
0.9998058950563016 39
1 441.5488055638943 464.19434484222927 1.0827872000008938
0.9998455063894824 39
2 340.7745025308952 355.37470958856125 1.0674595999989833
0.9998535121295199 39
3 267.3737247484331 274.5978002928615 0.47826770000028773
0.9992424583523285 39
4 222.24281145178009 226.02744829258293 0.47540160000062315
0.9830478556154576 39
0.9999996696332475 156
5 217.65340124542885 223.24219389963935 5.451635999997961
0.9353450121474577 39
0.999935696532665 156
6 200.30378403286926 204.5157753924394 5.382070900002873
0.9742367463710275 39
0.999977348023991 156
7 136.8398732048818 137.47293478375647 5.627183200002037
0.9821541115669716 39
0.9999912451800849 156
8 124.0767301468438 127.83224243369845 5.29663889999938
0.9968436051630956 39
9 33.92805025907506 32.25915590397592 0.4784393000009004
0.9767932389048726 39
0.9999992215221163 156
10 24.385972243645416 23.173481393636095 5.282279199996992
0.9721213483573722 39
0.9999986673128527 156
11 17.570157033815573 16.937236140749345 8.444290800001909
0.9953548382670308 39
12 5.284012152066655 4.3749258740051395 1.6269815000014205
0.9690410401500505 39
0.9999999051417078 156
13 4.148250235956068 3.258433502516 8.758667599999171
0.9759608191837986 39
0.9999999375063918 156
14 3.90671352905886 3.2797951318081173 5.332002200000716
0.9934985606559128 39
15 1.7015355171797906 1.0351342318958883 0.4814797999970324
0.6689747772164365 39
0.999999959447736 156
16 1.6430759329891764 1.0059033023501496 5.18131799999901
0.9980742393376681 39
17 1.0840537671079726 0.4410022133418584 0.5499549999985902
0.2539760751328211 39
0.9999998976038007 156
18 1.0103825638771202 0.3842013332194504 5.3600239000006695
0.9913229863878481 39
19 0.8428697812114196 0.22272269796303543 0.47699639999700594
0.022081516752698545 39
0.9999954302988645 156
20 0.7624852190405631 0.15680895066502717 5.228504700000485
0.996366886757933 39
21 0.7310584075346207 0.12082605874434606 0.486772899999778
0.02800795661692247 39
0.9999994467358637 156
22 0.7310008769399506 0.13148175993230973 7.0328550999984145
0.9983316578780399 39
23 0.6867071515562803 0.08432805976531753 1.1035411000011663
0.04066935262006908 39
0.9999991172009751 156
24 0.6741935344319753 0.07345785799782562 5.30858729999818
0.9836331831784155 39
0.9999999783821951 156
25 0.6662800494595811 0.06625539738355357 5.412985099999787
0.9937607088916477 39
26 0.6617880107847053 0.060320118419471325 0.6637286000004678
0.000256300410496456 39
0.9993025821823515 156
27 0.6548796235868208 0.054204366494920816 5.52941490000012
0.969306665479166 39
0.9999999441521668 156
28 0.6505329306117307 0.05031292945268619 5.316349799999443
0.9908919152334874 39
29 0.6477458784724153 0.0468842726974255 0.48982649999743444
0.00017856342856502854 39
0.9997648903330775 156
30 0.6435111293533358 0.043202541806103556 5.486642799998663
31 3.5279413483867463
-------------------------------------------------END------------------------------------------------------
42
-------------------------------------------Classical LM---------------------------------------------------
545.7745324444605 581.7024173107358
0 362.1126346721419 368.1435589484226 12.51300799999808
1 362.1126346721419 368.1435589484226 12.650286600000982
2 130.10150148836433 133.57282690323515 12.639591299997846
3 130.10150148836433 133.57282690323515 12.70520640000177
4 76.31009003007975 76.94447378231075 16.509529299997666
5 76.31009003007975 76.94447378231075 15.750625299999228
6 34.25533911386108 34.054297258835085 12.633328400002938
7 34.25533911386108 34.054297258835085 12.689717900000687
8 25.504483213419892 24.829667514585672 12.625130899999931
9 25.504483213419892 24.829667514585672 16.422642699999415
10 8.451829271288238 7.83229385115711 12.675456900000427
11 7.713376166342097 7.01408729598758 12.605265199999849
12 7.4949010655625115 6.816073205089375 12.658114300000307
13 7.4949010655625115 6.816073205089375 12.634670399998868
14 3.791774890999923 2.9794076776306846 15.634072600001673
15 3.791774890999923 2.9794076776306846 15.810589799999434
16 1.5975863716261953 0.9335843602108981 12.672091199998249
17 1.4778693622777388 0.8209035996274153 12.625524899998709
18 1.4778693622777388 0.8209035996274153 12.676245200000267
19 1.091127123605405 0.48282768683751326 13.074789999998757
20 0.9747235885774089 0.3925661447677155 15.002178700000513
21 0.9747235885774089 0.3925661447677155 12.647563599999557
22 0.9164502714926329 0.3354813060184166 12.629536000000371
23 0.8786857052673142 0.2995534476081015 12.60372599999755
24 0.8786857052673142 0.2995534476081015 12.59140269999989
25 0.8510469913190727 0.27017894190462355 12.910863199998857
26 0.8306336284923964 0.24585197124079106 12.548198700002104
27 0.8290891158720489 0.23733677061469854 12.96123489999809
28 0.8290891158720489 0.23733677061469854 12.64952379999886
29 0.7801075164542612 0.18666711874562475 12.96380820000195
30 0.7653457312359585 0.16622038871512176 13.737024099998962
31 0.7558745608798221 0.14970659389148702 12.642892899999424
32 0.7522461919161484 0.1427561408710685 12.563531499999954
33 13.292647624242157
-------------------------------------------------END------------------------------------------------------
-------------------------------------------Krylov LM---------------------------------------------------
545.7745324444605 581.7024173107358
392
0 362.1120454686271 368.14310501728534 16.616606199997477
392
1 221.92742859748955 227.5859815061739 16.74062050000066
392
2 179.88276148902509 176.21900230411754 16.724587900000188
392
3 179.88276148902509 176.21900230411754 16.630193100001634
4 179.88276148902509 176.21900230411754 0.14873159999842755
5 84.49804348466688 85.37587360330808 0.13423510000211536
392
6 84.49804348466688 85.37587360330808 21.29836609999984
7 50.87403113646154 49.486584812227456 0.11743890000070678
392
8 50.87403113646154 49.486584812227456 22.79020799999853
9 33.819977628121144 32.97237340418426 0.15395120000175666
392
10 33.819977628121144 32.97237340418426 22.909581299998536
11 11.310330161515026 11.147316427996044 0.15361879999909434
392
12 9.92868458898461 9.60172727778769 22.660883199998352
392
13 9.688896629588204 8.971600343635153 23.018762600000628
392
14 9.688896629588204 8.971600343635153 21.313563100000465
15 8.480777460812899 7.7933722366515035 0.18799329999819747
392
16 7.347150491939028 7.232080832053752 17.070080500001495
392
17 5.4561022792468385 5.117034620402358 18.123411299999134
392
18 5.4561022792468385 5.117034620402358 19.07810850000169
19 3.723640114533878 3.173106538203374 0.18264690000069095
392
20 1.7009003929506035 1.0643987551052783 19.47992780000277
392
21 1.7009003929506035 1.0643987551052783 17.167770299998665
22 1.7009003929506035 1.0643987551052783 0.14871359999960987
23 0.8981540482394368 0.31525394551664715 0.09419920000073034
392
24 0.8090473717274539 0.2128799736197292 16.84684620000189
392
25 0.8090473717274539 0.2128799736197292 16.857328100002633
26 0.7437703410650497 0.1549274970362138 0.14710420000119484
392
27 0.7360430516545567 0.14913730575821507 16.896451500000694
392
28 0.7319043778448392 0.1451705031778019 16.817804600003
392
29 0.727308951148884 0.13867480634551038 16.8581391000007
392
30 0.727308951148884 0.13867480634551038 16.832047200001398
31 0.6760750146978995 0.08956371163424162 0.09785460000057356
392
32 0.6723826945909608 0.08546650910996029 16.831235199999355
33 12.458454839394328
-------------------------------------------------END------------------------------------------------------
------------------------------------Reduced subspace LM---------------------------------------------------
545.7745324444605 581.7024173107358
0.9997439502113337 39
0 491.51651100002954 522.8575301342947 0.47885279999900376
0.9998013116969342 39
1 412.7779054559681 436.45922305558935 0.4909479999987525
0.9998001683483659 39
2 326.3815771121174 339.8294526285708 0.7875390000008338
0.9997526885505755 39
3 264.0720378666508 271.8800247921391 1.0505986999996821
0.9992086422215795 39
4 196.6640769053976 200.18678013669285 0.5008591999976488
0.9378027084577714 39
0.9999886179707397 156
5 183.02245549767343 186.25315521915385 5.492696299999807
0.9796917632704134 39
0.9999692193798579 156
6 172.2394921238 175.17280822636914 5.582865299998957
0.9901636796938135 39
7 93.07919794841693 88.11167292048779 0.4737796999979764
0.9756074831745537 39
0.9999885867331141 156
8 77.09206562737796 73.44598959085853 5.637535300000309
0.9787100693808013 39
0.9999943891811507 156
9 70.08935372182107 68.07602213358344 5.360686700001679
0.9905935265682867 39
10 37.75291220333591 36.60718719522165 0.5385587000018859
0.9831571927194405 39
0.9999870397395523 156
11 29.387884345463092 28.52285197844026 5.2279968000002555
0.9942606552612059 39
12 16.205932297732087 14.81135239413706 1.063840099999652
0.919194094425332 39
0.9999960997474937 156
13 12.521871337372062 11.196068954357761 9.402057300001616
0.982422291764835 39
0.9999996595878898 156
14 9.20908555490614 8.816069952160232 10.911073399998713
0.9929092189866556 39
15 3.7833014692188778 2.985831996794224 0.4952302999990934
0.8097807733047113 39
0.9999997956293051 156
16 2.9078551780691613 2.2028584511072458 5.430753600001481
0.9833888145418963 39
0.9999998104402578 156
17 2.3028326333152407 1.6452822705710974 5.509196700000757
0.9906511090817637 39
18 1.7115389888540584 1.0197270514171568 0.4522778000027756
0.18684390063146475 39
0.9999995171710239 156
19 1.3755253976602437 0.7361425253597806 5.423223700003291
0.966175639086738 39
0.9999999192708532 156
20 1.1589578258246653 0.5395301400055494 5.574607599999581
0.9906684161620009 39
21 1.0638901884089378 0.42805838592444534 0.4668433999977424
0.005454238965459972 39
0.9999575401930983 156
22 0.9328124121776972 0.3159336826564612 5.17533209999965
0.9906455364511032 39
23 0.9071039760728344 0.28667783332202534 1.0863806999986991
0.000955762687496686 39
0.9997303062293224 156
24 0.8210091246693111 0.21354051119850043 11.470360100000107
0.990658208971412 39
25 0.8076981948747672 0.19768157809299045 0.5197674000010011
0.0004053956473690383 39
0.9987042022062891 156
26 0.7857436634754902 0.1907325143206407 5.323876199996448
0.999161527487695 39
27 0.7039975872407974 0.10478421529686743 0.49475920000259066
0.04215362286963085 39
0.999999075040974 156
28 0.6833468702592923 0.08643175614447939 5.332449800000177
0.9791614135206246 39
0.9999999494079161 156
29 0.6784609389502848 0.08265567914813098 5.284543000001577
0.9926638696856016 39
30 0.6631643348074318 0.06877915760950287 0.4879034999976284
0.0022993375673127604 39
0.9999797013227761 156
31 0.6599248775985707 0.06614815087213746 5.242693999993207
32 3.649065199999768
-------------------------------------------------END------------------------------------------------------
43
-------------------------------------------Classical LM---------------------------------------------------
584.8800199106246 627.7155690614421
0 504.9044005560483 518.8540957036545 12.431341199997405
1 242.42723499108072 246.3932363171166 12.624062199996843
2 227.42892146615364 235.28903895677306 12.936543999996502
3 169.56856201753592 157.45668008750036 12.708847900001274
4 156.03414237495528 160.5825253031237 13.005669899997883
5 156.03414237495528 160.5825253031237 19.930331899995508
6 101.587784048158 100.08673931003557 22.202631599997403
7 101.587784048158 100.08673931003557 30.954748800002562
8 68.71306406527115 68.39896632928036 13.842686899995897
9 68.71306406527115 68.39896632928036 20.012408499998855
10 64.74659418005976 64.50655717889131 15.101121300001978
11 64.74659418005976 64.50655717889131 16.551420700001472
12 31.237090598089505 29.14679087363821 12.621546900001704
13 31.237090598089505 29.14679087363821 17.095100400001684
14 31.237090598089505 29.14679087363821 12.492830800001684
15 17.916700674451363 17.803937617033128 12.54366100000334
16 16.781819833372055 16.917337585464256 18.98194519999379
17 16.781819833372055 16.917337585464256 22.858647300003213
18 7.948328268073055 6.825094620385557 12.566009199996188
19 7.948328268073055 6.825094620385557 12.597527500001888
20 4.195533622294545 3.6711644364663885 12.567817099996319
21 4.195533622294545 3.6711644364663885 12.569904800002405
22 2.7980872724961547 2.091193411937372 12.654516100003093
23 2.7980872724961547 2.091193411937372 12.454618600000686
24 2.077234130146628 1.4862872903780278 12.522286999999778
25 1.651252696456722 1.0247736954482223 12.648122799997509
26 1.492970453834337 0.8910488502087505 16.41342540000187
27 1.492970453834337 0.8910488502087505 13.099049000004015
28 1.3476511521270178 0.7344622492862667 12.506118999997852
29 1.1530067334037568 0.5487434641669285 12.531407599999511
30 1.1454866497875769 0.5383828225412866 12.48251419999724
31 1.1454866497875769 0.5383828225412866 12.450745800000732
32 1.0123220276447344 0.41454864330103663 12.481922200000554
33 0.9590521283136415 0.3558184122455888 12.649442300004011
34 0.9590521283136415 0.3558184122455888 12.522597499999392
35 0.8982849018556324 0.3018565588650729 12.496162900002673
36 0.8646462809801109 0.26605800927778456 12.53377900000487
37 0.8646462809801109 0.26605800927778456 12.43174100000033
38 0.8368029841376646 0.24073956059077228 21.063135199998214
39 0.8187508400372077 0.22140005413393735 12.46891649999452
40 0.8184755370804396 0.22407419526158612 12.620005400000082
41 14.639690551219335
-------------------------------------------------END------------------------------------------------------
-------------------------------------------Krylov LM---------------------------------------------------
584.8800199106246 627.7155690614421
392
0 504.9051392315942 518.8546466929279 16.494772599995486
392
1 236.4556958778232 239.71897661889898 16.65469740000117
392
2 175.41084650057252 179.62578779888918 16.899958299996797
392
3 163.7402339891131 157.9643272591391 16.631802800002333
392
4 51.30576626106195 51.83620491011549 16.678199800000584
392
5 20.954124189630683 20.656862417544055 16.59678310000163
392
6 20.954124189630683 20.656862417544055 16.97791380000126
7 20.954124189630683 20.656862417544055 0.12671579999732785
8 20.954124189630683 20.656862417544055 0.1480807999978424
9 16.332534779140516 16.15106906752681 0.12404200000310084
392
10 16.332534779140516 16.15106906752681 19.859902899996086
11 16.332534779140516 16.15106906752681 0.15347299999848474
12 11.152056007353783 10.54951215514016 0.11232200000085868
392
13 11.152056007353783 10.54951215514016 16.651157200001762
14 5.003736101003394 4.491298391839007 0.13076109999383334
392
15 5.003736101003394 4.491298391839007 16.60186610000528
16 2.991542453428518 2.4253840844310015 0.12254179999581538
392
17 2.3917203777706586 1.8571754980403958 21.434910100004345
392
18 2.3917203777706586 1.8571754980403958 19.221190500000375
19 2.0188734451968253 1.4063437364331626 0.14046480000251904
392
20 1.752823680312762 1.126593741636217 19.728345399998943
392
21 1.5427488572611936 0.9282828803590586 19.983253599995805
392
22 1.468578442171471 0.8860121372983156 24.949088800000027
392
23 1.468578442171471 0.8860121372983156 21.70619479999732
24 0.9760757373620409 0.382374716275541 0.15530650000437163
392
25 0.9738291540924684 0.38016106626565377 21.94148739999946
392
26 0.9738291540924684 0.38016106626565377 16.70230029999948
27 0.8268853695239995 0.2308393475980436 0.11904979999962961
392
28 0.7879372806549144 0.19746879180803495 16.93657600000006
392
29 0.7879372806549144 0.19746879180803495 16.87724899999739
30 0.7552635852093744 0.1618630767017329 0.1337139000024763
392
31 0.75018185314414 0.15739892849352952 16.57016100000328
392
32 0.75018185314414 0.15739892849352952 16.62910810000176
33 0.7285305356922531 0.1359379593881647 0.12341890000243438
392
34 0.7193010046296138 0.12489550847060724 16.605503400001908
392
35 0.7157244304734437 0.12242228574567136 16.591537100001005
36 12.153162497222285
-------------------------------------------------END------------------------------------------------------
------------------------------------Reduced subspace LM---------------------------------------------------
584.8800199106246 627.7155690614421
0.9996115937393882 39
0 523.5658401877454 561.7154169818815 0.44484470000315923
0.9997351462749318 39
1 434.7502538111413 465.467456408332 1.1539837000018451
0.9998539298534612 39
2 337.04698356776777 357.0940565012688 0.9141325000018696
0.9998889936250827 39
3 269.2308860149342 278.56859458025747 0.4542460000011488
0.9995506588581294 39
4 214.16751341056678 215.23910318267758 0.43103810000320664
0.9573770777080599 39
0.9999971345612567 156
5 208.03959228615696 208.94159248312647 5.6007371000014246
0.9717970897683964 39
0.9999918561335687 156
6 188.29407477134566 190.19708471454052 5.421631900004286
0.9947363508479561 39
7 123.40273602499224 122.16304093743302 0.49758899999869755
0.972503296236923 39
0.99998528722055 156
8 118.57378897057347 116.59903379221538 12.114940999999817
0.9826134441745068 39
0.9999931033404761 156
9 112.71259004315073 113.05114379738912 13.721881400000711
0.9983180179371092 39
10 53.03348828167606 49.495351956005166 0.5050227999963681
0.9439660609356112 39
0.9999884796969837 156
11 50.66875285035713 48.73359702521938 5.306150500000513
0.9959423019683061 39
12 22.51587721124496 20.237404133862277 0.4633890000040992
0.9797283608226006 39
0.999999680687519 156
13 21.768418623820708 19.960855770979105 5.2984347000019625
0.9782991100428586 39
0.9999997126816711 156
14 19.023061795532925 17.632721234671006 5.289220300001034
0.991306304754182 39
15 7.764883867659432 6.810799786267537 0.45879680000507506
0.9336303876674582 39
0.9999989890673575 156
16 6.795395647065755 5.990451606994302 5.4809020000029705
0.9807478025626601 39
0.9999996360603669 156
17 6.210889379665153 5.499556218998374 5.0372606000019005
0.9972335823774721 39
18 2.0180581284592902 1.2926139740207683 1.0658316999979434
0.8327801533337182 39
0.9999999548750951 156
19 1.5727049365334476 0.8973892573009543 12.83379910000076
0.9899399970119219 39
0.9999999759498072 156
20 1.3792537612737563 0.7372929995204434 10.909242900001118
0.9981274868456281 39
21 1.153643812661374 0.5046011674327707 0.48249940000096103
0.034354662186632835 39
0.9999994380705494 156
22 1.040814211161734 0.4213555813053654 5.483206099997915
0.9973933275613728 39
23 0.9625822673031009 0.33499386932748737 0.4783188000001246
0.0006156288694219312 39
0.9993751061735221 156
24 0.8844182780393285 0.27641974500105765 5.286624899999879
0.9967846701846077 39
25 0.8442886278210096 0.2322480222801396 0.485099600002286
0.0003535177655353467 39
0.9996709000799554 156
26 0.7924501314840682 0.19217391399105077 5.564286200002243
0.9963387294052791 39
27 0.7704097708139157 0.16823882641087007 0.46023309999873163
0.0001675632830954412 39
0.9989320804839245 156
28 0.7344886700847969 0.1381909034865006 5.463845199999923
0.9952954611034824 39
29 0.7239820467861626 0.12709488479519213 0.5112817000044743
5.736193260455527e-05 39
0.9986235054917936 156
30 0.698108590848287 0.10363615531093504 11.55889990000287
0.9911598559879625 39
31 0.6944762391974247 0.09989983153206895 0.47562810000090394
32 4.051656212501257
-------------------------------------------------END------------------------------------------------------
44
-------------------------------------------Classical LM---------------------------------------------------
717.0617149033983 750.5068660876162
0 717.0617149033983 750.5068660876162 12.510980400002154
1 280.2396585807289 284.24451585534075 20.692688700000872
2 280.2396585807289 284.24451585534075 25.609920399998373
3 266.7230114317071 269.0100541804035 12.621177600005467
4 131.02626568822268 130.66393271305677 17.66587179999624
5 131.02626568822268 130.66393271305677 14.691138400005002
6 66.76387290102328 66.83439478721775 13.0798008999991
7 66.76387290102328 66.83439478721775 12.644735699999728
8 30.905049161707726 30.605994846457925 12.6178979000033
9 30.905049161707726 30.605994846457925 12.620274299995799
10 23.131315242796873 22.533293524467005 15.912549500004388
11 19.21592643627469 19.58800457115586 15.145381599999382
12 19.21592643627469 19.58800457115586 17.04705819999799
13 5.909486564203885 4.954917708868094 12.555873900004372
14 3.436521656396796 2.8288994104968173 15.795970799998031
15 2.8220032819680236 2.1853038932901367 12.881892600002175
16 2.8220032819680236 2.1853038932901367 12.61334120000538
17 1.0822986545374345 0.4933441265758937 12.54773039999418
18 1.0047434757675031 0.4180006255104936 12.49668890000612
19 0.9781150104858256 0.3996258007801821 20.036857500002952
20 0.9781150104858256 0.3996258007801821 17.67329630000313
21 0.7109362482203424 0.1135940242283564 14.761297700002615
22 0.7109362482203424 0.1135940242283564 20.25018760000239
23 0.6919157402244809 0.09203559903202262 19.649581199999375
24 0.6845056633087959 0.08423146240705336 20.56006509999861
25 0.6845056633087959 0.08423146240705336 12.76836120000371
26 0.6767285581310493 0.07422565323753938 17.361968600002
27 0.6721284861955416 0.06929008546299062 12.612128399996436
28 0.6721284861955416 0.06929008546299062 12.453832700004568
29 0.6678641531850441 0.06439801479792445 12.505052100001194
30 0.664521548899639 0.06082766935913021 12.603447500005132
31 15.322162874194843
-------------------------------------------------END------------------------------------------------------
-------------------------------------------Krylov LM---------------------------------------------------
717.0617149033983 750.5068660876162
392
0 717.0617149033983 750.5068660876162 16.59604560000298
1 280.23965857884593 284.2445158529703 0.10190260000672424
392
2 280.23965857884593 284.2445158529703 16.71929189999355
3 266.72301141653725 269.0100541571722 0.15207359999476466
392
4 131.02345081058834 130.6604923806634 20.347876200001338
392
5 131.02345081058834 130.6604923806634 20.6111865999992
6 66.76282143386848 66.83237011508216 0.13874970000324538
392
7 66.76282143386848 66.83237011508216 17.628418899999815
8 30.90183051872946 30.6020274280902 0.12944069999502972
392
9 30.90183051872946 30.6020274280902 16.829956499997934
10 23.127018720088696 22.530269954685036 0.13546859999769367
392
11 19.216217559641166 19.588304551757066 16.690461699996376
392
12 19.216217559641166 19.588304551757066 16.823761999999988
13 5.907895302171492 4.9534916931860336 0.13833570000133477
392
14 3.436574659923301 2.8290352227629794 16.78364760000113
392
15 2.8118810100197273 2.1735759231269625 16.800984399997105
392
16 2.8118810100197273 2.1735759231269625 16.758775900001638
17 1.083308059044992 0.49445808323366003 0.11291499999788357
392
18 1.0055249188219184 0.41918413351266415 16.850820500003465
392
19 0.9725113646738166 0.3917795869408005 16.766969700001937
392
20 0.9725113646738166 0.3917795869408005 17.0596074999994
21 0.7108839776805893 0.11330281165334308 0.1250796000022092
392
22 0.7108839776805893 0.11330281165334308 23.950443099995027
23 0.6921926586082106 0.09224710978287083 0.10871320000296691
392
24 0.6846624788041172 0.08426268855364433 22.563511899999867
392
25 0.6846624788041172 0.08426268855364433 16.721096100001887
26 0.6769713276334071 0.07440498690823928 0.11757599999691593
392
27 0.6722759023697703 0.06938510719374616 17.71280580000166
392
28 0.6722759023697703 0.06938510719374616 16.73799699999654
29 0.6680998427613097 0.06458813509321044 0.13604399999894667
392
30 0.6647154581089151 0.06098725739641773 16.7946918000016
31 11.585311270967425
-------------------------------------------------END------------------------------------------------------
------------------------------------Reduced subspace LM---------------------------------------------------
717.0617149033983 750.5068660876162
0.9996990557985682 39
0 633.2927273261803 663.3805631702146 0.4717797999983304
0.9997496801891544 39
1 511.63162433729553 536.629500105489 0.4555512999941129
0.9998319445904683 39
2 376.5382143052737 395.14371788558924 0.491271400002006
0.9998525162679025 39
3 277.1185084061021 287.9023091599419 0.4777615999992122
0.9996351653333948 39
4 209.8523029576064 215.84088438817105 1.1826137000025483
0.9838569725448572 39
0.999997785015122 156
5 203.14253681720496 211.80006613688775 5.207381899999746
0.8140484116952785 39
0.9984017002098482 156
6 174.7253921397567 170.83637366436253 5.186326899995038
0.952294798480395 39
0.9995902694460321 156
7 99.80607774752518 100.88230367749671 5.1386380000039935
0.9430213796366071 39
0.9997019796971328 156
8 47.14899628421585 48.00004337456664 5.575723599999037
0.970968589265091 39
0.9999059878474713 156
9 20.663367459374417 20.43918821147312 5.206128400001035
0.9885024430908028 39
0.999982695325315 156
10 16.98296327726571 17.07574064147126 5.2514343000002555
0.9994292631371308 39
11 5.6783330925245314 5.003393916090979 0.467745100002503
0.967893111283256 39
0.9999995741988507 156
12 4.617936694009508 4.051458283426343 9.733132399996975
0.9911366957693757 39
13 4.100664549852462 3.428777618341466 0.4811639999970794
0.44578864122943423 39
0.9999996514535417 156
14 3.3422963415336833 2.748119315518473 5.2363230000046315
0.9829386666533124 39
0.999999935365406 156
15 3.177515574408272 2.7440500240930668 11.077724100003252
0.9984302884644551 39
16 2.021134633266599 1.4239595489334764 0.4608871999953408
0.8674474907795388 39
0.9999999689385377 156
17 1.5401937060039599 0.9716692585222033 6.4226581000039005
0.9931625903528848 39
18 1.428848728121194 0.8276749317686062 0.9992209999982151
0.17218809988873338 39
0.9999999351590589 156
19 1.1672176857050698 0.561301662517221 5.2225995999979204
0.9967142104921615 39
20 1.108363728341229 0.5006123407855564 0.446857099996123
0.05394086031585119 39
0.999999864070095 156
21 1.051823653761991 0.4398673719074509 5.11174320000282
0.9987291411657794 39
22 0.9296376969638636 0.3277759863600547 1.0538168999992195
0.0871803114787342 39
0.9999998963201091 156
23 0.8988381797569552 0.2973570600109085 5.393582899996545
0.9987966413090801 39
24 0.8672529840960539 0.2682282261241918 0.4991172000009101
0.007375294656676137 39
0.9999991965679678 156
25 0.8529017662504131 0.2537434431827398 5.445991900000081
0.9990837558614643 39
26 0.8194020058065247 0.2225139262903873 0.5207720999969752
0.006184228200639655 39
0.9999991242488087 156
27 0.8002508927105527 0.20151684994573282 8.606968300002336
0.9988522232689917 39
28 0.7814382865540481 0.18490033003863016 0.48902259999886155
0.0017715015744470062 39
0.9999969518582031 156
29 0.756595482911266 0.1585858548140336 5.313975799996115
0.9975598976423905 39
30 0.7509798806491146 0.15451488463509094 0.46444419999897946
0.0003061442430608932 39
0.9999798001509553 156
31 0.7319214965703635 0.1338668118317667 5.403266499997699
0.999529556752649 39
32 0.709797488887979 0.11368380696714198 0.4955444000006537
0.012299282590466276 39
0.9999995692854925 156
33 0.6917377415753312 0.0957565566033523 10.729019099999277
0.9981749403042827 39
34 0.681911867941781 0.0840202256286857 0.463759400001436
0.01177761105707213 39
0.9999995983103391 156
35 0.6750591257465116 0.0746671346864822 11.160103199996229
0.9987809499496354 39
36 0.6645064588952564 0.06579670583824052 0.8769957000040449
0.010905547336318534 39
0.9999996670329203 156
37 0.6569422627244399 0.05673232416904641 5.301060400001006
0.9967306252260977 39
38 0.6528948107076065 0.05325837674514485 0.4676973000023281
39 3.6664052205124813
-------------------------------------------------END------------------------------------------------------
45
-------------------------------------------Classical LM---------------------------------------------------
598.4185175577074 629.5444182554002
0 493.1940064456748 504.4829506833659 12.544439599994803
1 410.8008077810527 434.80366908548 12.65150949999952
2 338.5479596791905 341.4304213977236 12.603329099998518
3 71.30031144262637 68.75984060176448 12.629415499999595
4 71.30031144262637 68.75984060176448 16.086835200003406
5 71.30031144262637 68.75984060176448 12.569191700000374
6 62.52370610253097 61.82788511757142 12.572138800001994
7 62.52370610253097 61.82788511757142 12.572148999999627
8 16.412181434397567 15.80758108766953 25.4727023000014
9 16.412181434397567 15.80758108766953 25.150484600002528
10 9.198814344169627 8.815184609848338 18.33878270000423
11 9.198814344169627 8.815184609848338 24.254418900003657
12 6.518651150537462 6.287383924408617 16.74416259999998
13 6.518651150537462 6.287383924408617 18.956508099996427
14 5.088328443391343 4.705699972687883 12.510096099998918
15 4.15029135617891 3.5510832196906166 12.542430699999386
16 4.15029135617891 3.5510832196906166 12.64066090000415
17 2.6820543536242067 2.022622610367129 12.524220200000855
18 2.6820543536242067 2.022622610367129 12.632391200000711
19 2.211786417320291 1.5831107815226733 12.532013399999414
20 1.9170344896068425 1.3002279799059073 12.611121199995978
21 1.6103037509540612 1.0022748616040609 12.570244900001853
22 1.3138486024897698 0.6954644581035951 12.519843199996103
23 1.3138486024897698 0.6954644581035951 12.4765658000033
24 0.976317435817299 0.37939059587085044 22.408070999998017
25 0.9522616115211459 0.3537113104245739 19.02437729999656
26 0.910937481056363 0.30478232124675664 12.422351599998365
27 0.910937481056363 0.30478232124675664 12.537335000000894
28 0.792875351220244 0.1962739163716189 12.539586400002008
29 0.792875351220244 0.1962739163716189 12.510457899996254
30 0.7121293545353228 0.11002340806564638 12.464247399999294
31 0.6906894862263102 0.08595973051220858 12.53221730000223
32 0.6906894862263102 0.08595973051220858 12.50396620000538
33 0.6763938103286763 0.06730957558596484 12.791753899997275
34 0.6680085080372011 0.057227504103190725 12.780330399997183
35 0.6652274461089402 0.05383184191720375 16.325174799996603
36 14.709597899999912
-------------------------------------------------END------------------------------------------------------
-------------------------------------------Krylov LM---------------------------------------------------
598.4185175577074 629.5444182554002
392
0 493.1976391053183 504.4859313504876 16.646552999998676
392
1 428.02883175796643 450.1756172396474 16.654804999998305
392
2 199.3175366532715 205.90826833435273 16.693085099999735
392
3 57.67855833598501 58.02357861268939 16.706315000003087
392
4 38.76296813025021 38.45785341458764 16.56744780000008
392
5 38.76296813025021 38.45785341458764 16.52817479999794
6 38.76296813025021 38.45785341458764 0.09604810000018915
7 31.95080371410772 29.936167662410817 0.11919520000083139
392
8 23.669134904778375 23.605979751611503 16.618446599997696
392
9 23.669134904778375 23.605979751611503 20.077463000001444
10 18.376208577671356 17.03468123761983 0.21830129999580095
392
11 18.376208577671356 17.03468123761983 16.73731759999646
12 18.376208577671356 17.03468123761983 0.15273180000076536
13 18.376208577671356 17.03468123761983 0.12318909999885364
14 7.004973315208679 6.11555936796833 0.10633589999633841
392
15 7.004973315208679 6.11555936796833 25.32180430000153
16 3.944687651530442 3.403875169712919 0.14682619999803137
392
17 2.618067594122525 2.1520330568481967 22.895337299996754
392
18 2.0575490032123636 1.5911644899639887 21.648815500004275
392
19 2.0575490032123636 1.5911644899639887 21.879279300002963
20 1.620839254261744 1.157034942210406 0.14771679999830667
392
21 1.5066635181999706 0.9963725601782166 21.645973899998353
392
22 1.5066635181999706 0.9963725601782166 16.79186849999678
23 1.1721583289404973 0.6459803808277106 0.149366600002395
392
24 1.1721583289404973 0.6459803808277106 16.879447600003914
25 0.9917849040199322 0.4483714690823993 0.14760199999727774
392
26 0.9772967856894151 0.41478462708891517 18.057749300001888
392
27 0.9246910517065675 0.36019303252359486 18.003164699999616
392
28 0.9246910517065675 0.36019303252359486 19.498395000002347
29 0.7887519786483516 0.21005270627617648 0.13435129999561468
392
30 0.7649026330761982 0.1835746813381223 17.951923600005102
392
31 0.7578741633806447 0.1722595415572622 17.27292970000417
392
32 0.7105726658400809 0.11871485363344488 18.10199410000496
392
33 0.6746301282284467 0.08105137818220667 16.636087099999713
392
34 0.6746301282284467 0.08105137818220667 16.663017899998522
35 0.6599616540790386 0.06333368968496347 0.1369020999991335
392
36 0.6578515929879942 0.06087146330243141 16.733198099995207
37 12.456463789189002
-------------------------------------------------END------------------------------------------------------
------------------------------------Reduced subspace LM---------------------------------------------------
598.4185175577074 629.5444182554002
0.9998296636777319 39
0 534.5726279315573 563.0151903092564 0.4749269000021741
0.9998570945668452 39
1 441.8521085747091 465.78833667438255 0.8945153000022401
0.9998816171666721 39
2 339.15533293141937 356.38693425040117 0.47738270000263583
0.9998871846323915 39
3 260.54569354543924 268.85989884903455 0.4506506999969133
0.9995625528712507 39
4 204.1436699392919 207.7649894046518 0.44918569999572355
0.9836293968398634 39
0.9999985138036348 156
5 200.88750345928045 206.18126490191713 5.356350800000655
0.9704692529272606 39
0.9999852232313239 156
6 198.55245319725188 206.22679458842055 5.44717220000166
0.9733141695573034 39
0.9999899227308888 156
7 192.97593421873515 201.32133740320003 7.761971799998719
0.9834370835071201 39
0.9999803793426125 156
8 141.8400571568712 148.3252307688237 11.793133099999977
0.9854921921623102 39
0.9999850294927398 156
9 93.84168282746843 97.08099599920149 14.118089700001292
0.9964735684276109 39
10 26.37864083212291 26.234238032780105 0.46340950000012526
0.9671786129886838 39
0.9999942003632426 156
11 17.748546868648305 17.417168623829987 5.445662600002834
0.9771963718387396 39
0.9999980406232074 156
12 13.937254773498125 13.516274825893248 5.426505800001905
0.9856959731682474 39
0.999998687971766 156
13 11.993336824827473 11.529819466601932 5.197264400005224
0.9940535329978155 39
14 4.506865753084963 3.898056818082871 0.517127300001448
0.8914859509494554 39
0.9999997838621998 156
15 3.9145159460793852 3.3273755154736353 8.290530300000682
0.9928541717177909 39
16 2.9540763377962684 2.3240533890194355 0.4752946000007796
0.07465540096096082 39
0.9999946710874237 156
17 2.3907221910583343 1.7475300772589222 5.312496200000169
0.9922451565563047 39
18 2.124981994135311 1.5123898275138403 1.0497808000000077
0.030993905117937235 39
0.9999867612913965 156
19 1.6816996242803637 1.0672871238385875 5.339789999998175
0.9824858524644321 39
0.9999999152095107 156
20 1.489785631880011 0.8785917974067265 5.306095700005244
0.9910744897370174 39
21 1.074551590735637 0.48198654974357674 0.45705749999615364
0.03487501851121235 39
0.9999912191308536 156
22 0.955835530743689 0.34916757536194976 5.310740100001567
0.9951287994388541 39
23 0.8324821981070812 0.22899543722629384 0.6641726000016206
0.006267788027331146 39
0.9999870492456506 156
24 0.8154965825738555 0.20544333446494928 8.71018180000101
0.9983799013243128 39
25 0.7351433503782551 0.1334652358310604 0.4883791000029305
0.0030061172717743222 39
0.9999663720321702 156
26 0.7312492225906654 0.122355305345131 5.417930700001307
0.9986620515410927 39
27 0.6864037738488334 0.08274299126723085 0.4649515999990399
0.0036303313634238866 39
0.9999271095725314 156
28 0.683193287191288 0.07558048712410449 5.452197899998282
0.9992534907516328 39
29 0.6615945033110061 0.057798449028402844 1.071762800005672
0.0012872307125264028 39
0.9999733681387398 156
30 0.6539248228019082 0.05005552243150696 6.081395000001066
0.9928344504319613 39
31 0.6528880044628725 0.049934529382274856 0.5121098999952665
32 3.896194221875703
-------------------------------------------------END------------------------------------------------------
46
-------------------------------------------Classical LM---------------------------------------------------
584.1577851800248 626.5735400297516
0 584.1577851800248 626.5735400297516 12.504369299997052
1 252.174741876837 258.48373446982674 12.445234200000414
2 252.174741876837 258.48373446982674 12.775547200006258
3 252.174741876837 258.48373446982674 23.795926300001156
4 197.89842452216624 201.19816926781078 14.341159299998253
5 137.59836686002137 139.2639674535996 15.99216410000372
6 137.59836686002137 139.2639674535996 20.66425490000256
7 28.69379223989633 26.26431943167478 12.634161299996777
8 27.230378729297552 26.281162623071783 12.500040899998567
9 27.230378729297552 26.281162623071783 12.575041700001748
10 10.26513732486021 8.923940054469472 12.822491800005082
11 8.211472067619473 7.4937300149934165 12.657566599998972
12 6.441277269883718 5.523474312456896 12.597598399996059
13 3.7793378577471266 3.0291157401408966 12.622334200001205
14 2.57034177066057 1.949781104580423 12.61625659999845
15 2.57034177066057 1.949781104580423 12.586501900004805
16 1.2963353499294055 0.6870205331728112 16.627045299996098
17 0.7707615363777617 0.16360844172716613 15.525529899998219
18 0.6705603337708964 0.07643938608957823 12.558298999996623
19 0.6705603337708964 0.07643938608957823 12.562117900000885
20 0.6222082381627675 0.02904242854520413 12.49933880000026
21 0.6199062993528345 0.03078497253894732 12.618981599996914
22 0.6199062993528345 0.03078497253894732 12.56748140000127
23 0.6152350400833999 0.02870972602524161 12.692296900000656
24 0.6140793333660505 0.029973349895233183 12.536245899995265
25 0.6140793333660505 0.029973349895233183 12.674095100002887
26 0.6122183293801773 0.02963325349466737 12.705286299998988
27 0.6113010159462802 0.030597601713239896 19.631167899999127
28 0.6111175056828962 0.033239409091139434 21.854409600004146
29 0.6111175056828962 0.033239409091139434 19.490323300000455
30 0.6078387028194017 0.031937145883001165 32.06704020000325
31 14.991622832258262
-------------------------------------------------END------------------------------------------------------
-------------------------------------------Krylov LM---------------------------------------------------
584.1577851800248 626.5735400297516
392
0 584.1577851800248 626.5735400297516 31.649583699996583
1 252.17474187915977 258.48373447239464 0.15178719999676105
392
2 252.17474187915977 258.48373447239464 26.589857799997844
3 252.17474187915977 258.48373447239464 0.13436630000069272
4 197.89842459390397 201.19816935279698 0.1458504999973229
392
5 137.59836688043023 139.26396748258702 16.744882799997868
392
6 137.59836688043023 139.26396748258702 16.783811599998444
7 28.69379261430764 26.264319767289823 0.12857470000017202
392
8 27.23037123065162 26.28115475994227 16.796972200005257
392
9 27.23037123065162 26.28115475994227 17.102289800001017
10 10.265133909531153 8.923936976977547 0.1299116000009235
392
11 8.21109310188995 7.493400874141977 18.4427904999975
392
12 6.443310129625147 5.52572015912544 16.761073699999542
392
13 3.7161874723770154 2.965518442934529 16.778661600001215
392
14 2.1971803854963476 1.5595682348204392 16.804246699997748
392
15 2.0085949066896776 1.4711345315585371 16.802399200001673
392
16 0.9582640035575605 0.36283802519892877 20.476676500002213
392
17 0.6894251538138233 0.09769302040262462 16.811038800005917
392
18 0.6619111487017123 0.06239840596314146 16.752537100001064
392
19 0.6440462724896951 0.052694991733117855 16.755403100003605
392
20 0.6294986155735881 0.04021082155803463 16.582830700004706
392
21 0.623686123433058 0.037290877462260494 16.730485200001567
392
22 0.6224915254518953 0.03782898379315557 17.579474400001345
392
23 0.6180926545734626 0.03608404567653962 17.363826599997992
392
24 0.6152104450101199 0.03424865329765718 16.79180980000092
392
25 0.6118759289353628 0.032919343158239085 25.631965200002014
392
26 0.6114214516658733 0.03363336158632481 22.253449499999988
392
27 0.6091431616971484 0.0327489116745394 21.236020199998165
392
28 0.6091431616971484 0.0327489116745394 21.13763850000396
29 0.6091431616971484 0.0327489116745394 0.26958539999759523
30 0.6091431616971484 0.0327489116745394 0.1400909000003594
31 0.6091391235933392 0.0342159810718124 0.14305679999961285
32 14.331342143750362
-------------------------------------------------END------------------------------------------------------
------------------------------------Reduced subspace LM---------------------------------------------------
584.1577851800248 626.5735400297516
0.9997970300199959 39
0 523.2115934888186 560.2949103773805 0.479263200002606
0.9998578644545566 39
1 434.8854946720885 463.26988022181195 0.4691867000001366
0.9999036762796629 39
2 337.51560973541376 355.1616252515954 0.4763755999956629
0.9998983838194196 39
3 267.79204500095534 274.37902947224563 0.8092506999964826
0.9987540067005675 39
4 211.9547919593666 213.76804559162719 0.4609584999998333
0.9661093142803823 39
0.9999988539319782 156
5 202.97001171510243 202.67403686383798 5.450017899995146
0.962945276060765 39
0.9999845506146566 156
6 198.88672253972186 198.56545236017374 6.822851599994465
0.9864062541895494 39
0.9999888454770433 156
7 170.02342075294197 172.49144977982522 11.308300400000007
0.9945803431164892 39
8 68.69701214717576 65.47783665570816 0.5309294999970007
0.9327381870228638 39
0.999989877087223 156
9 64.47749175026566 61.958990057338234 5.322817000000214
0.9877917190861438 39
0.999998189201195 156
10 50.35673781365302 48.078734843306755 5.288800900001661
0.9966892743362966 39
11 16.40571256470396 14.555550011051675 0.8480220999990706
0.9565436481269844 39
0.9999989505659328 156
12 14.841941580970172 13.475359802431937 6.442748900000879
0.9930475575588931 39
13 9.067320698667418 7.499303828668592 0.47047179999935906
0.952776244303406 39
0.9999995302666965 156
14 8.718064582004407 7.504632862060269 5.287955500003591
0.9950397918431736 39
15 5.799646311665062 4.589777068671437 0.499621399998432
0.969773608853791 39
0.9999995540602974 156
16 5.558591707460504 4.688662311342989 8.914077200002794
0.9982927115403076 39
17 3.432967000362027 2.466249904081238 0.7771465999976499
0.9406748848966224 39
0.9999998018331621 156
18 2.7763531090706675 1.9152108890197863 10.29103639999812
0.9940640136400072 39
19 2.3391187274980836 1.4786608416586027 0.4625767999968957
0.473637321635269 39
0.9999999801310666 156
20 1.80614632321173 1.0446616251226415 5.478123500004585
0.9865701050153431 39
0.9999999818721718 156
21 1.4873581645696783 0.7945389529905558 5.431836299998395
0.9961780756620547 39
22 1.2673869338330674 0.5732569715689249 1.2563029000011738
0.19043607778763375 39
0.9999999782676097 156
23 1.0610425249033488 0.4047653605899335 7.3817102999964845
0.9877464468409546 39
0.9999999923987313 156
24 0.963691185721422 0.33048935995421674 5.489531200000783
0.9977149638303853 39
25 0.8806097367372284 0.24355010872418653 0.5157149999940884
0.0184695332228547 39
0.999999316246479 156
26 0.8057218146185918 0.1825271186693254 5.563855899999908
0.9934040877308565 39
27 0.7904439586831231 0.16328254231821182 0.4486675000007381
0.0022913844908688044 39
0.9999971451743158 156
28 0.7877737934235963 0.1775760410599006 6.607352099999844
0.9996109980403315 39
29 0.6946949354674647 0.0799338205897964 1.1402233999979217
0.01596856884729042 39
0.9999990241982165 156
30 0.6842715715727783 0.07739814325825435 5.482390699995449
0.9993627709583432 39
31 0.6569104723891979 0.05018681633028173 0.4755326999948011
0.0025767676377229263 39
0.999946982176861 156
32 0.6492073614227478 0.045337461457593695 7.112534300002153
0.9983925216985493 39
33 0.6405983943771707 0.037232647745924184 1.1142230000041309
0.0003635455405264383 39
0.9998851901146459 156
34 0.6360181164734202 0.034624923743601786 5.61939789999451
35 3.7294230114275706
-------------------------------------------------END------------------------------------------------------
47
-------------------------------------------Classical LM---------------------------------------------------
621.9140532181382 658.0972750530775
0 207.07169434273428 200.30216568733846 12.739261299997452
1 207.07169434273428 200.30216568733846 12.931710800003202
2 207.07169434273428 200.30216568733846 13.529387800001132
3 207.07169434273428 200.30216568733846 12.91984620000585
4 135.8480630215993 134.98493387271867 13.202455700004066
5 108.26055385163261 106.42995420489729 13.382576099997095
6 108.26055385163261 106.42995420489729 12.818308699999761
7 67.9006258844703 65.68317926718004 12.833673699999053
8 67.9006258844703 65.68317926718004 12.893055799999274
9 18.72281855834739 18.083470495911556 13.237969499998144
10 16.598023498961677 15.751248728073474 12.9792854000043
11 8.628361841905322 7.624288026361834 16.9965874000045
12 8.628361841905322 7.624288026361834 13.692966100003105
13 3.9641016767120965 3.3652472948670686 13.384310399997048
14 1.9649198743488487 1.3532753649596776 12.965099399996689
15 1.9649198743488487 1.3532753649596776 12.911550399992848
16 1.3346307025357627 0.7001495398863141 16.41616900000372
17 1.1766118999779216 0.5907594060513738 15.168473599995195
18 1.1766118999779216 0.5907594060513738 14.66407849999814
19 0.9688236894184603 0.36413423107287113 26.878637400004664
20 0.9036926658515444 0.30363135989493933 26.10843890000251
21 0.9036926658515444 0.30363135989493933 25.113121800000954
22 0.8631976536986476 0.2616926653881653 12.629708699998446
23 0.8341432880752178 0.22581277559307578 12.721517400001176
24 0.8118462355391888 0.1977295173924113 12.97169379999832
25 0.7511161892410165 0.14456668512134832 13.978372699995816
26 0.7511161892410165 0.14456668512134832 17.037365600001067
27 0.7104521190705304 0.11423139925839759 12.66120509999746
28 0.6950161652731369 0.10143971386105946 12.571917100001883
29 0.6816714370639173 0.09015631833693157 12.631022999994457
30 0.6554536016022992 0.06431461525409148 17.522339700000884
31 0.6412922223687666 0.05170495047801615 16.75279269999737
32 0.6412922223687666 0.05170495047801615 14.506933699994988
33 0.6262245412841668 0.03712917797118477 12.678857500002778
34 0.6236043893581437 0.03709084225112692 12.675256700000318
35 14.831598502856963
-------------------------------------------------END------------------------------------------------------
-------------------------------------------Krylov LM---------------------------------------------------
621.9140532181382 658.0972750530775
392
0 207.07065463375548 200.30063331086444 16.6408095999941
392
1 207.07065463375548 200.30063331086444 16.791511499999615
2 207.07065463375548 200.30063331086444 0.11443790000339504
3 207.07065463375548 200.30063331086444 0.11060690000158502
4 135.83296154782542 134.97136632514716 0.14260659999854397
392
5 108.29706599446143 106.4685071997371 16.837171799998032
392
6 108.29706599446143 106.4685071997371 17.0669063000023
7 67.88339526799864 65.66651560111045 0.15372689999639988
392
8 67.88339526799864 65.66651560111045 16.99296869999671
9 18.73151999855689 18.092864053909913 0.14716300000145566
392
10 16.609348422028663 15.761453444214313 21.00261770000361
392
11 8.635700182530309 7.631741567782417 17.001754800003255
392
12 8.635700182530309 7.631741567782417 22.71150800000032
13 3.956837621350071 3.3577374575208143 0.15740949999599252
392
14 1.9646752753981616 1.3530650006094251 22.3431841000056
392
15 1.9646752753981616 1.3530650006094251 25.086356899999373
16 1.335383701288995 0.7007192231522331 0.1572431000022334
392
17 1.177076934754791 0.5912759502431619 22.916163699999743
392
18 1.177076934754791 0.5912759502431619 16.909343300001638
19 0.9687978613139733 0.36405964331617363 0.11179089999495773
392
20 0.9035992600048248 0.30345371873806926 17.051820400003635
392
21 0.9035992600048248 0.30345371873806926 16.977424799995788
22 0.8631317330176819 0.26156939403145135 0.13316950000444194
392
23 0.834186283464705 0.22579359924785244 19.35311340000044
392
24 0.8116256510964548 0.19761239598247227 20.038751600004616
392
25 0.7494275440576135 0.14329759567235376 17.164097900000343
392
26 0.7494275440576135 0.14329759567235376 17.443366599996807
27 0.7105739117155883 0.11434130585285888 0.1065600000001723
392
28 0.6955423742991376 0.10188190315008347 24.19263040000078
392
29 0.6847370180526695 0.09295565939768716 20.607904600001348
392
30 0.6568761302060159 0.06495912922065662 18.383014700004424
392
31 0.6409704727864375 0.05135576679655488 20.141075500003353
392
32 0.6367958768772872 0.04967760194353096 23.835827599999902
33 13.600728430303482
-------------------------------------------------END------------------------------------------------------
------------------------------------Reduced subspace LM---------------------------------------------------
621.9140532181382 658.0972750530775
0.9997344769268899 39
0 554.2113358897853 585.5917009128491 0.832135600001493
0.99975606113479 39
1 456.394830033846 480.2994799135501 0.525313999998616
0.9998191707859327 39
2 348.58765115627153 363.5363540882657 0.5053199999965727
0.9998826474077516 39
3 272.4197140248577 280.21001392808193 0.5030606000000262
0.9997140003210542 39
4 231.04660842839732 236.98205655651674 0.4877097999997204
0.9838301244094712 39
0.9999997860155994 156
5 217.24859131832886 219.35330004615074 5.776745700000902
0.9850962295859045 39
0.999993726963157 156
6 210.38561866258775 211.60062326279717 5.797200900007738
0.976493340307343 39
0.9999908096802892 156
7 191.96614224832035 192.9915653050042 5.777511300009792
0.9969213380773894 39
8 87.13197536841135 85.33834510351778 0.5024048999912338
0.9280817203649219 39
0.9999803622986102 156
9 75.87909065217153 74.22975731128373 6.015685899998061
0.9699936543353467 39
0.999989880535867 156
10 62.25693768267012 60.486103367231834 10.006457700001192
0.9881996594739718 39
0.9999960803119248 156
11 53.83179134041865 52.90244707364286 5.685053900000639
0.9988540620730589 39
12 50.41914157682675 48.98461600941971 0.4430526999931317
0.9980161461888178 39
13 31.476224399663263 30.633022103596005 0.4892634999996517
0.9974052959053268 39
14 30.5597296404871 29.561126379564964 0.5177862999989884
0.9972361131771055 39
15 22.525429788432955 21.265970993384116 0.7848467000003438
0.9938051282874282 39
16 18.465313378979314 17.277947661713135 0.4679502999933902
0.9881781780539397 39
0.9999986908120747 156
17 13.535037416884283 12.628846950454365 5.654187400010414
0.996132037396132 39
18 9.05910287214672 8.016272996020353 0.6136992999963695
0.9016498514164688 39
0.9999994215038068 156
19 7.7759271898939915 6.823228298469123 5.663112099995487
0.9906519080129503 39
20 6.1747622534272315 5.1842294997747125 0.5295795999991242
0.9636850769271806 39
0.9999997884490436 156
21 5.323869233014682 4.382278892777988 5.880071500010672
0.9858390613641254 39
0.9999998985251647 156
22 5.208677848302813 4.336764207460171 5.512074700003723
0.9965515157969287 39
23 3.1233672765499696 2.286415683243677 0.5184289000026183
0.6294826493883584 39
0.9999998165019837 156
24 2.5776637568912624 1.794035268298887 6.59609669999918
0.9950859677179412 39
25 2.186282068502721 1.4335885810520248 0.524406500000623
0.30575078001686895 39
0.9999999456815896 156
26 1.740006875587761 1.0391586643251134 5.792119999998249
0.9863999495062954 39
0.9999999736796984 156
27 1.498843507972343 0.8129650293590339 5.7356296999932965
0.9958889957309547 39
28 1.2068738420859857 0.5316247850382131 0.49066350000794046
0.13734469033520727 39
0.9999998977725744 156
29 1.0908164189085436 0.4252339400543029 5.592814300005557
0.9959729096200854 39
30 0.8455002594827121 0.20582150321799095 0.4908849000057671
0.07261299251115037 39
0.9999995869543457 156
31 0.7637478022946638 0.14136257737667046 9.3881670999981
0.9974188721052435 39
32 0.7173672859192693 0.09553798788535499 0.4727894999959972
0.0027729237056860804 39
0.9999901866506787 156
33 0.696816153624863 0.08249428141313465 5.583629000000656
0.9986525590772929 39
34 0.670240980733561 0.056616013505602934 0.5303538000007393
0.0025592321309969206 39
0.9999826065531662 156
35 0.6616214597791915 0.05019383984504447 5.765331200003857
0.9929299351011562 39
36 0.6577302463581927 0.047336121496777336 0.5512702999985777
37 3.162238102703201
-------------------------------------------------END------------------------------------------------------
48
-------------------------------------------Classical LM---------------------------------------------------
600.5422226246181 643.0095012048563
0 319.20093841475705 330.6282429285605 13.802861799995298
1 319.20093841475705 330.6282429285605 14.86512909999874
2 319.20093841475705 330.6282429285605 13.197503100003814
3 182.04472569324966 179.0044187681696 13.160993900004542
4 182.04472569324966 179.0044187681696 13.40498409999418
5 65.28822632816227 65.59355189231296 13.301648799999384
6 65.28822632816227 65.59355189231296 13.154548999998951
7 34.532432977093094 34.68296343966769 14.014301500006695
8 26.292840447842003 25.365791127320794 13.23349589999998
9 26.292840447842003 25.365791127320794 13.130165399998077
10 7.921523094076119 7.081116940671845 17.443519199994626
11 7.921523094076119 7.081116940671845 15.725222600012785
12 3.4086837787141193 2.675103018344828 13.288030600000639
13 2.527302260932318 1.781244640835917 14.173258299997542
14 2.0339651889539128 1.3273536244162998 13.370041899994249
15 2.0339651889539128 1.3273536244162998 13.977005299995653
16 1.2655241244260338 0.6441593435353216 13.182339199993294
17 1.2655241244260338 0.6441593435353216 13.396303700006683
18 1.1074300339209298 0.4778139935660578 13.628562699988834
19 1.0232094141697679 0.4133609612972524 13.122387700001127
20 0.9396314123395451 0.3388402165347253 12.824262599999201
21 0.8151016590969363 0.20346848508255005 12.738419799992698
22 0.8151016590969363 0.20346848508255005 13.053948399989167
23 0.7632495846735118 0.16352902536004632 12.729019000005792
24 0.7388556246398271 0.13858150569679872 12.726897600005032
25 0.7164065936137084 0.11577705653591033 12.741445000006934
26 0.7064605381664656 0.10406396788306765 12.734656200002064
27 0.7064605381664656 0.10406396788306765 12.805549400000018
28 0.6668418158828177 0.06742830827878732 16.386305599997286
29 0.6614623672617987 0.06239921118841572 16.712861599997268
30 0.6614623672617987 0.06239921118841572 16.326831200000015
31 0.6520569512754546 0.05372131854506742 16.407694900000934
32 0.6474880352505925 0.049869682055789455 16.340719799991348
33 13.972754996968874
-------------------------------------------------END------------------------------------------------------
-------------------------------------------Krylov LM---------------------------------------------------
600.5422226246181 643.0095012048563
392
0 319.1996360791885 330.6266502077904 20.444596899993485
392
1 319.1996360791885 330.6266502077904 20.5956259000086
2 319.1996360791885 330.6266502077904 0.19343430000299122
3 182.0429229022482 179.00266954245092 0.12148469999374356
392
4 182.0429229022482 179.00266954245092 20.57122709999385
5 65.29077480347758 65.59698371559294 0.11066890000074636
392
6 65.29077480347758 65.59698371559294 19.842283200006932
7 34.52961145926587 34.679451166011965 0.11106029999791645
392
8 26.299312517527344 25.373279158761843 20.311733299997286
392
9 26.299312517527344 25.373279158761843 20.82882160000736
10 7.9231214753051535 7.082024783774534 0.11501550000684801
392
11 7.9231214753051535 7.082024783774534 20.270709999997052
12 3.4094073016646167 2.675850513533876 0.18946670000150334
392
13 2.528206059821934 1.7818980384597236 21.778808700008085
392
14 2.0347577500480774 1.327677365491135 18.503997699997853
392
15 2.0347577500480774 1.327677365491135 19.783180300000822
16 1.2653249981389438 0.6440226763053424 0.18749700000626035
392
17 1.2653249981389438 0.6440226763053424 21.644800900001428
18 1.1070246480560064 0.477351359892839 0.1385003999894252
392
19 1.0230978587056372 0.41326454830923354 20.803574300007313
392
20 0.9382770154406266 0.33723987280202666 17.25888410001062
392
21 0.8150765311617326 0.2032994543067736 18.086368600008427
392
22 0.8150765311617326 0.2032994543067736 18.126320499999565
23 0.7631196737247228 0.1634434075789598 0.1040863999951398
392
24 0.7387510238796334 0.13849821625425546 17.075178499988397
392
25 0.7164251880615989 0.11580094015226201 17.01578950000112
392
26 0.7062213739911579 0.10414861583876193 18.244989099999657
392
27 0.7062213739911579 0.10414861583876193 18.242120399998385
28 0.6672901739249995 0.06777699724330324 0.129151200002525
392
29 0.661971833420073 0.062916750448526 18.354648699998506
392
30 0.661971833420073 0.062916750448526 18.147929400001885
31 0.6522487008388511 0.05390664953601664 0.11976260000665206
392
32 0.6476060968542863 0.04995636639557148 18.658817200004705
33 12.912440421213184
-------------------------------------------------END------------------------------------------------------
------------------------------------Reduced subspace LM---------------------------------------------------
600.5422226246181 643.0095012048563
0.999587538075098 39
0 536.5003148855204 573.6638265201312 0.5646369999885792
0.9996925079675109 39
1 443.5982225315761 472.32048459796937 0.5205700999940746
0.9997651198653053 39
2 341.6816748860985 359.65631975396303 0.4850878000142984
0.9998496901808442 39
3 270.45910225143064 279.4289354905501 0.45021490000362974
0.9994544646241547 39
4 222.1264235412499 225.0838365831009 0.48265999999421183
0.9792636459620874 39
0.9999995944491996 156
5 217.51713368580104 220.21905383846786 6.824116799994954
0.9842541853011891 39
0.9999956193053094 156
6 207.73009489541587 212.2400197250969 6.732243799997377
0.9927079249219252 39
7 121.55209677163371 118.3154798367833 0.4878486000088742
0.9670563509410819 39
0.9999883215261581 156
8 93.82207493509914 90.99229483308191 7.050322099996265
0.924148593475434 39
0.9999626652101443 156
9 81.2369262080667 79.4002827402817 5.384434599996894
0.9797803728075841 39
0.999978371086807 156
10 63.92571506312138 62.94922395957921 5.399104199997964
0.9939851573083964 39
11 30.720418711416993 29.99926293401271 0.7310685999982525
0.9714253316830439 39
0.9999919495680548 156
12 21.283414049293484 20.462001550054033 5.482362099995953
0.981841010567004 39
0.9999978498014319 156
13 14.90312264175114 14.084515330158652 5.552699399995618
0.9890336944840059 39
0.9999992783700673 156
14 10.330854686725946 9.505987178409054 6.750411400003941
0.9925706728195653 39
15 3.9110825788017167 2.8539287953860173 0.4880923000018811
0.9227785759224466 39
0.9999999182884377 156
16 2.9825634462200212 2.088638990683405 5.492023700004211
0.9727493963719461 39
0.9999998938292494 156
17 2.349586988833621 1.5323721023814938 8.321117899991805
0.9891363056434134 39
0.999999921183323 156
18 1.8616232627232363 1.0904374319118006 5.52647799999977
0.9935477289171171 39
19 1.3123148794538402 0.5935502997652571 0.5107459999999264
0.34198606545306426 39
0.999999857859481 156
20 1.0867595431699402 0.3905343565738101 9.032801500012283
0.9540535327600432 39
0.999999884012661 156
21 1.0532365506556849 0.3973276853724204 5.389434400000027
0.9985413839274916 39
22 0.819060788876806 0.18442006789057647 0.4543054000096163
0.17320184940668693 39
0.9999997222201286 156
23 0.7698197354837877 0.14366324758476548 8.89232150001044
0.9842867877054096 39
0.9999999797501169 156
24 0.7458277842113438 0.1270946853061911 5.36646699999983
0.9966293558704793 39
25 0.719488712657838 0.10511680559058152 0.48055849999946076
0.0034053506945596113 39
0.9999943263664662 156
26 0.6961677048490935 0.08584505598685187 9.0874102999951
0.9908665957275283 39
27 0.6930317850695968 0.0840054171764844 0.5039147999923443
7.027124521972893e-05 39
0.9995274935090162 156
28 0.678415793511732 0.07102813991921776 5.333379900010186
0.9835105576336929 39
0.9999999649464549 156
29 0.6760467207234652 0.07001536839344606 9.110869399999501
0.9960572359994082 39
30 0.6633749666132946 0.05929270985774639 0.4602454999985639
0.0011027515432250482 39
0.9999830857762948 156
31 0.657739283272449 0.05620154882228574 5.278200600005221
0.9971368181200608 39
32 0.6540422922302268 0.05166241107578064 0.45642770000267774
33 4.0328053272731434
-------------------------------------------------END------------------------------------------------------
49
-------------------------------------------Classical LM---------------------------------------------------
719.296979596381 761.3500899379053
0 719.296979596381 761.3500899379053 12.721808699992835
1 286.24965366275933 295.75510854312324 13.629039500010549
2 286.24965366275933 295.75510854312324 12.936559400011902
3 286.24965366275933 295.75510854312324 12.901851800008444
4 211.78086339394525 213.0162762957221 18.485991300010937
5 211.78086339394525 213.0162762957221 17.40180359999067
6 73.7425656626717 70.76857451720079 13.994654900001478
7 73.7425656626717 70.76857451720079 13.706036300005508
8 32.322229887625355 30.182081724085535 12.859412399993744
9 16.788378318781685 14.881901228324422 12.877408600004856
10 16.788378318781685 14.881901228324422 12.813709900001413
11 8.36885129904459 6.907422434024618 13.069225799990818
12 5.569466352303071 4.4474871780611664 12.911660599987954
13 3.4578946172075304 2.6919879054334555 12.956556400007685
14 3.4578946172075304 2.6919879054334555 12.913828699995065
15 2.6797732136473766 1.894738048962995 12.847613699996145
16 2.6797732136473766 1.894738048962995 12.872145899993484
17 2.2546900240238976 1.5231136828231098 13.001819600001909
18 2.017009208538568 1.3128417183582572 12.934730399996624
19 1.8531670085969236 1.2027293908654955 12.84931069999584
20 1.8531670085969236 1.2027293908654955 12.804905700002564
21 1.5537371390394386 0.8848082951956144 13.974508600003901
22 1.459329437018598 0.806157124245568 13.024772699995083
23 1.416343510151541 0.7815038552192445 12.9749473999982
24 1.416343510151541 0.7815038552192445 12.852542499997071
25 1.1660121209044736 0.5359747239481245 12.856543400004739
26 1.0947287302956104 0.4788826022244689 12.951345800000126
27 1.0107390258907185 0.4039785996787461 12.794624300004216
28 1.0107390258907185 0.4039785996787461 12.802695200007292
29 0.9331464102781827 0.3286252208839726 18.58590789999289
30 0.8858356879880841 0.2802143337043881 14.495712300005835
31 0.8095459328009216 0.19983115795282258 14.440794299996924
32 0.7745867123118464 0.1688798958497357 14.37622070001089
33 0.7745867123118464 0.1688798958497357 14.343015299993567
34 0.6878328495413637 0.08185179836150025 14.386861100007081
35 0.6847750591264972 0.08098892974819466 15.857486100008828
36 13.728001430556308
-------------------------------------------------END------------------------------------------------------
-------------------------------------------Krylov LM---------------------------------------------------
719.296979596381 761.3500899379053
392
0 719.296979596381 761.3500899379053 19.85687190000317
1 286.2496536570488 295.75510853697165 0.10846219999075402
392
2 286.2496536570488 295.75510853697165 21.325790699993377
3 286.2496536570488 295.75510853697165 0.1504261999943992
4 211.78086339563652 213.0162763015109 0.13540920001105405
392
5 211.78086339563652 213.0162763015109 20.861921599993366
6 73.74256566183693 70.76857452093596 0.15490890000364743
392
7 73.74256566183693 70.76857452093596 19.446532000001753
8 32.322229884369925 30.182081720803705 0.24779799999669194
392
9 16.788378319598195 14.881901230563681 19.764960600004997
392
10 16.788378319598195 14.881901230563681 19.637763600010658
11 8.368851301001047 6.907422436110699 0.2481058999983361
392
12 5.569466355732547 4.447487182123372 18.13519190000079
392
13 3.457894701069343 2.691988162793952 19.26890209999692
392
14 3.457894701069343 2.691988162793952 21.04054050000559
15 2.679773254299799 1.8947381145308781 0.2228008999954909
392
16 2.679773254299799 1.8947381145308781 20.057505899996613
17 2.254690015253083 1.5231136794748874 0.2226991000061389
392
18 2.0170092089816047 1.3128417123203995 19.299475499996333
392
19 1.8531668113068558 1.2027291367130963 19.832450399990194
392
20 1.8531668113068558 1.2027291367130963 21.40227419999428
21 1.5537370953339462 0.8848082347463219 0.24375829999917187
392
22 1.4593293969648944 0.8061570558568244 20.63433649999206
392
23 1.416334973811674 0.781494470650702 22.15806829999201
392
24 1.416334973811674 0.781494470650702 22.924202100010007
25 1.1660129340005292 0.5359759205136538 0.19432290000258945
392
26 1.094727893480799 0.47888131400717143 22.401951899999403
392
27 1.0105785892039583 0.40383157258684815 23.688236299989512
392
28 1.0105785892039583 0.40383157258684815 24.159861699998146
29 0.9332342447669156 0.32870970276129263 0.15186260000336915
392
30 0.885809638298743 0.2801777994939902 24.475827600006596
392
31 0.8093045366680697 0.1996692105847145 24.252152200002456
392
32 0.7718505372037328 0.16671153073902448 24.131725600003847
392
33 0.7718505372037328 0.16671153073902448 21.716065000000526
34 0.6878876309006106 0.08172259972992714 0.1372408000024734
392
35 0.6851810278118364 0.08135046317228688 21.881090900002164
36 14.293652611110803
-------------------------------------------------END------------------------------------------------------
------------------------------------Reduced subspace LM---------------------------------------------------
719.296979596381 761.3500899379053
0.9996776123994136 39
0 634.7518375336218 671.2443580550572 0.5288339000107953
0.9998014264338059 39
1 511.85308761846966 539.7283381764612 0.8566541000036523
0.9998993325897194 39
2 375.69106328289337 393.3897808145228 0.8088318999944022
0.9998979725813646 39
3 275.7815078048229 285.48629861463104 0.4806531999929575
0.9995603791979906 39
4 205.92746298431098 207.96993595963966 0.4881479000032414
0.963563013198126 39
0.9999690154477077 156
5 195.30340861304182 202.54497293197403 5.399109999998473
0.9583303842735597 39
0.9998589126947964 156
6 155.87451253254753 164.77198685267317 5.281580100010615
0.9446146510717207 39
0.9998942615855245 156
7 64.81733890942381 66.3245098700387 5.391344500007108
0.9624684826417117 39
0.9999023493911035 156
8 42.34903101586883 41.47646184936047 6.051089700005832
0.9883385539964753 39
0.9999941634146858 156
9 24.66185735993685 24.885990802259652 5.461111399999936
0.997538960757859 39
10 7.618335827224844 6.619612052992699 0.509518200007733
0.9214819551670369 39
0.9999989255839751 156
11 6.289942686896063 5.3863402303919825 5.6586230999964755
0.9914920786830109 39
12 4.845814116925454 3.8645076907769824 0.4896999000047799
0.5590447031129808 39
0.9999996878623908 156
13 3.9888132814723765 3.098810792048873 5.837145099998452
0.9911190809508306 39
14 3.5379433455231686 2.610236153073615 0.44743479999306146
0.19758297031122052 39
0.9999995945200808 156
15 3.335783600063727 2.5011236985093745 6.627347999994527
0.9982096034006935 39
16 2.682736430107506 1.8532244912993496 0.48266829999920446
0.12569119203321014 39
0.9999990415472019 156
17 2.413609258422193 1.6245427696696553 5.815459000004921
0.9843682962219147 39
0.9999999778574312 156
18 2.2489959519359872 1.4964365064776237 5.58278200001223
0.9961386447263215 39
19 2.0976273248591637 1.3447567886067935 0.643383000002359
0.01010867978898848 39
0.9999838630123797 156
20 1.9080555235026622 1.1889391444454254 5.752845600000001
0.984309453014693 39
0.9999999768787136 156
21 1.7726586273086373 1.081987023853305 7.461505100000068
0.9950966675621421 39
22 1.6955526853556686 1.0034352452612831 0.48358319999533705
0.0055511855143724744 39
0.9999876584547278 156
23 1.5432314471705 0.8979281745645455 5.56471330000204
0.9974480425694642 39
24 1.4065272363583705 0.7495648060482872 0.4913856999919517
0.006789067763499513 39
0.9999947835254812 156
25 1.2391536943912331 0.6040214570901434 8.929120200002217
0.9943680415601514 39
26 1.2009856967878803 0.5657638873379994 0.48866080000880174
0.001014635190847644 39
0.9999444369232806 156
27 1.1961121898189386 0.5852890436443117 6.919131200003903
0.9996969420507589 39
28 0.9441029437793299 0.341047818379055 0.5786974999937229
0.03850829902389048 39
0.9999974261760313 156
29 0.8760616618544933 0.28400380720342744 5.330300500005251
0.99935811718285 39
30 0.8171681981831341 0.2278422549456173 0.5301677999959793
0.003025844646046932 39
0.9999772689269605 156
31 0.7675429954770123 0.18129726746001515 5.290770100007649
0.9985424972138681 39
32 0.7450144953307799 0.15707796498162327 1.021994499998982
0.009379046846582289 39
0.9999941317471612 156
33 0.7241880252120848 0.13355676281889062 8.495940499997232
0.9963707518500873 39
34 0.7207870235948891 0.1298080689500292 0.4717564000020502
35 3.447199728572741
-------------------------------------------------END------------------------------------------------------
50
-------------------------------------------Classical LM---------------------------------------------------
566.3241911327532 593.1028921565878
0 183.31848465256664 191.18970024238118 12.687372300002608
1 183.31848465256664 191.18970024238118 12.830045999988215
2 183.31848465256664 191.18970024238118 16.420418900001096
3 64.19953445686615 66.17645617875961 16.656374099999084
4 64.19953445686615 66.17645617875961 13.188019999986864
5 64.19953445686615 66.17645617875961 12.811374300013995
6 24.60458883743147 23.103726998560553 12.900354099998367
7 24.60458883743147 23.103726998560553 12.812380299990764
8 10.911334485131208 9.937046564509322 13.192998899990926
9 7.995043239607787 7.027193800469791 14.017233899998246
10 4.1940709352521335 3.575562568194938 13.570582699991064
11 4.1940709352521335 3.575562568194938 14.024904699996114
12 2.7401424703842676 2.0954196653889285 12.800160500002676
13 2.0959829301085477 1.5199868312328506 12.812271599992528
14 1.5662449160224947 0.9863758800785165 12.79426360000798
15 1.5662449160224947 0.9863758800785165 12.85796159999154
16 1.2780859585347466 0.692073841352187 13.800015399989206
17 1.1167383510839963 0.5268828489237584 13.792044199988595
18 1.1167383510839963 0.5268828489237584 15.011517399994773
19 1.0121070066849054 0.4178368383780605 12.892411599998013
20 0.9330888268649183 0.341509387109027 12.733586599992123
21 0.9294877199000999 0.34010757949547155 12.782223600006546
22 0.9289441085542092 0.33738324684441384 12.763521500004572
23 0.9289441085542092 0.33738324684441384 12.895808800007217
24 0.7393858418739278 0.1462560095393029 14.087833900004625
25 0.7364666551239939 0.1462598407484511 15.218845000010333
26 0.7364666551239939 0.1462598407484511 15.521372399991378
27 0.6875968423073261 0.09077143630844327 12.694558899995172
28 0.6828920616628147 0.08553136148387383 12.71202269999776
29 0.6753830431261874 0.07818830933915874 12.78834939999797
30 0.6753830431261874 0.07818830933915874 13.869118500006152
31 0.6522981458448841 0.05724197395137624 12.783117500002845
32 0.6483732696449188 0.05275624054144083 12.664975199993933
33 13.496607275755554
-------------------------------------------------END------------------------------------------------------
-------------------------------------------Krylov LM---------------------------------------------------
566.3241911327532 593.1028921565878
392
0 183.318991616874 191.19019418051536 17.777505700010806
392
1 183.318991616874 191.19019418051536 17.05116889999772
2 183.318991616874 191.19019418051536 0.22896870000113267
3 64.19989386825424 66.17690171612787 0.1303468999976758
392
4 64.19989386825424 66.17690171612787 16.997729800001252
5 64.19989386825424 66.17690171612787 0.1514616000058595
6 24.604361924948414 23.103400951397955 0.12902249999751803
392
7 24.604361924948414 23.103400951397955 17.10259579999547
8 10.911369621832726 9.937117143736945 0.14719829999376088
392
9 7.994607245283344 7.026771960971906 17.21408760000486
392
10 4.193940125193582 3.575427149193786 17.092402599999332
392
11 4.193940125193582 3.575427149193786 17.193660799995996
12 2.7400771713104275 2.095352840085821 0.11861000000499189
392
13 2.095907115489616 1.519913069038898 17.152474799993797
392
14 1.566267440687576 0.9863598658059097 17.264397999999346
392
15 1.566267440687576 0.9863598658059097 19.26717649999773
16 1.2780880993166888 0.6920773073777577 0.192277499998454
392
17 1.1168362017208044 0.5269842578805412 19.970304999995278
392
18 1.1168362017208044 0.5269842578805412 20.628883600002155
19 1.0121005274305148 0.41781746536898173 0.12224769999738783
392
20 0.9331068229198561 0.34156059006363565 20.63657560000138
392
21 0.9294873247555373 0.34015507713859666 20.580057600003784
392
22 0.9235335173031359 0.3319784220068202 20.847357999999076
392
23 0.9235335173031359 0.3319784220068202 20.764283199998317
24 0.7394388077128966 0.14608165865675762 0.11901520000537857
392
25 0.7374935015149098 0.14637913096791158 20.661869599993224
392
26 0.7374935015149098 0.14637913096791158 20.616093899996486
27 0.6877461816245101 0.09073119323659981 0.14844580000499263
392
28 0.682411154445701 0.08487114296304123 20.6928123000107
392
29 0.6742474748751988 0.0765963498831694 20.802417400002014
392
30 0.6742474748751988 0.0765963498831694 21.811954999997397
31 0.6527569855306434 0.05755828292332299 0.21115570000256412
392
32 0.6486202011792318 0.0525841614147749 20.572780100003
33 12.860525506060874
-------------------------------------------------END------------------------------------------------------
------------------------------------Reduced subspace LM---------------------------------------------------
566.3241911327532 593.1028921565878
0.999876181511022 39
0 508.4885986585334 532.4524425442885 1.0397302000055788
0.999899379278577 39
1 424.7027481234125 444.1146231428549 0.47775979999278206
0.9999034433981562 39
2 332.7769238899862 346.67022273031665 0.44279470000765286
0.9998679909360267 39
3 267.26995691890176 276.1274314377402 0.4884306000021752
0.9989685408884826 39
4 223.03421001229174 229.17922965288435 0.466221199996653
0.9812322903251544 39
0.9999996200059742 156
5 219.48727829403063 222.50465258077148 5.471802799991565
0.9688907052445805 39
0.9999397243981978 156
6 208.07921895886489 208.73120959932135 5.767232899990631
0.9177741835616211 39
0.9998738867337962 156
7 173.23245589760438 174.36677734097233 5.9567591000086395
0.9779123761129674 39
0.9999735016626579 156
8 116.78768200997531 115.29092834852227 5.6331110000028275
0.9899717153555994 39
0.9999968771913362 156
9 76.79145552587363 75.14014481407946 6.704166299998178
0.9946585808002356 39
10 25.101955568163202 23.59630519743257 0.5032954999915091
0.9829266277929433 39
0.999999250002787 156
11 17.52836635109092 16.121978706184493 5.487263300004997
0.9856132852824651 39
0.9999991742587866 156
12 13.297847411565037 12.298838785380344 6.578208299994003
0.9927802341540175 39
13 6.3862680689512885 5.223652778878201 0.47182979999342933
0.86414253089343 39
0.9999995719120712 156
14 4.981580360030048 3.9725073131387565 5.399015499991947
0.9748826441803476 39
0.9999991416132296 156
15 4.4399237463344745 3.5581934285277095 5.4803395999915665
0.9818112604203862 39
0.9999995990197849 156
16 3.159735004637829 2.4473092883611978 5.369602399994619
0.996434387862578 39
17 1.3861206156908117 0.7057378052143908 0.9550142999942182
0.7611271240454534 39
0.9999999575102345 156
18 1.274364251128089 0.6650026085756385 7.066021300008288
0.9992977307486546 39
19 0.9389044809675204 0.3081756984833646 0.5111162000102922
0.06759128106412822 39
0.9999994137049674 156
20 0.8687716541085465 0.25226186053297706 5.577508599992143
0.9943076604969068 39
21 0.8481710088580013 0.22588585957315424 0.47160750000330154
0.00026730992598363593 39
0.9996877563030755 156
22 0.8069880117239167 0.19415431974791425 5.401132600003621
0.9962387991484606 39
23 0.7888198248376498 0.17250487671881562 0.8113306000013836
0.000139449415508322 39
0.998443710037096 156
24 0.7606987891816327 0.1500432425294401 5.501494500000263
0.9965602221221571 39
25 0.7473212728585077 0.13500992478738005 0.45754230000602547
0.00011633877711406914 39
0.9978657744524433 156
26 0.7218944175845392 0.11186890600172901 5.564833900003578
0.9929264150954719 39
27 0.7169635938298805 0.10666636105627506 0.4762638000102015
0.00011673156605107445 39
0.9987473894039451 156
28 0.7079387804840837 0.09734204921568809 5.47787149999931
0.9982063344873312 39
29 0.6823285190180243 0.07386923043632447 0.7190154999989318
0.006130187904595669 39
0.9999764511252596 156
30 0.6805659006753273 0.07136442873318188 6.478206800005864
31 3.458274916128909
-------------------------------------------------END------------------------------------------------------
51
-------------------------------------------Classical LM---------------------------------------------------
540.1394477101335 577.303498713373
0 540.1394477101335 577.303498713373 13.612707000007504
1 291.590507956487 292.2691647520221 12.70569190000242
2 291.590507956487 292.2691647520221 12.938457900003414
3 291.590507956487 292.2691647520221 20.227309399997466
4 263.2252650045177 271.33040486598156 12.835774199993466
5 105.67357884177339 105.85809256911614 12.957562900002813
6 105.67357884177339 105.85809256911614 12.859700900007738
7 65.85227194317476 67.20261309117532 12.822118900003261
8 65.85227194317476 67.20261309117532 12.801776099993731
9 19.078937549034308 17.313645672609642 12.810547300003236
10 19.078937549034308 17.313645672609642 13.080091100011487
11 8.899306640634537 7.90996685212145 13.711940000008326
12 4.788116035144455 3.8775661220127176 13.741839700000128
13 3.4316140750550943 2.6845771107541028 12.91797840000072
14 2.472464232485914 1.8157786499546973 12.850163699986297
15 2.472464232485914 1.8157786499546973 12.85841449999134
16 1.8002811269233236 1.1914918645216166 12.841112499998417
17 1.3988367684744372 0.7886309305046407 12.784304999993765
18 1.3409749215044364 0.7309100681267325 14.627229200006695
19 1.3409749215044364 0.7309100681267325 14.08697740000207
20 0.8512770076034423 0.22170878934550783 14.32210849999683
21 0.815431261173414 0.20048058692375187 15.215212700000848
22 0.815431261173414 0.20048058692375187 12.910567400002037
23 0.7094108399467328 0.09677003528261556 12.806935700005852
24 0.6868594889207474 0.07641501400097198 12.81022369999846
25 0.6868594889207474 0.07641501400097198 12.92026720001013
26 0.6727663149703135 0.06272993073498463 12.758346700007678
27 0.6636547827730009 0.053479759476880814 12.786353200004669
28 0.6565421297673801 0.045947378354966005 12.73884679999901
29 0.6523469521259029 0.04194420669769071 13.758690499991644
30 0.6443682494809303 0.03504624608706322 13.799655400012853
31 0.6443106631262726 0.040241836138560604 13.693047900000238
32 13.455998553126392
-------------------------------------------------END------------------------------------------------------
-------------------------------------------Krylov LM---------------------------------------------------
540.1394477101335 577.303498713373
392
0 540.1394477101335 577.303498713373 17.019381000005524
1 291.5905079558867 292.26916475136244 0.1360374999931082
392
2 291.5905079558867 292.26916475136244 17.299205900009838
3 291.5905079558867 292.26916475136244 0.11966720000782516
4 263.2252650099553 271.330404874049 0.14346630001091398
392
5 105.67357888150522 105.85809261380653 18.130333699999028
392
6 105.67357888150522 105.85809261380653 18.8559408000001
7 65.85227185316798 67.20261300191682 0.1911812999896938
392
8 65.85227185316798 67.20261300191682 19.79635450000933
9 19.07893753857329 17.313645660624235 0.1930003999877954
392
10 19.07893753857329 17.313645660624235 22.888683999990462
11 8.899306637551293 7.9099668490148725 0.1453658000100404
392
12 4.7881160385026 3.8775661258775127 22.634631799999624
392
13 3.4316140152960406 2.684577077304703 20.760140900005354
392
14 2.4724927762799984 1.8157989032313089 20.67935559999023
392
15 2.4724927762799984 1.8157989032313089 22.149367899997742
16 1.8002624921994124 1.191480871445493 0.1494510999909835
392
17 1.3988234197747405 0.7886108467374302 23.33202529999835
392
18 1.341064181801732 0.7311226449433639 22.37024490001204
392
19 1.341064181801732 0.7311226449433639 18.56254970000009
20 0.8512547207482422 0.22169397206368205 0.13772210000024643
392
21 0.8152514238278806 0.200252811100412 19.836317900000722
392
22 0.8152514238278806 0.200252811100412 19.543270000009215
23 0.7093132766842597 0.09664966924923667 0.14941470000485424
392
24 0.6868409648924869 0.07635852817494998 18.504361799990875
392
25 0.6868409648924869 0.07635852817494998 18.486162200002582
26 0.6727494893573044 0.06269097336865372 0.1871353999886196
392
27 0.6636493116084828 0.053452326218618285 18.60845280000649
392
28 0.6565766399304457 0.04596358990345304 19.519820099987555
392
29 0.6526741292808806 0.04224415746430619 20.31458589999238
392
30 0.6450364108546541 0.03602360270005557 20.297640399992815
392
31 0.6450364108546541 0.03602360270005557 20.678410599997733
32 0.6303791978890748 0.025424174083233695 0.11422759998822585
392
33 0.6291735949711897 0.02663058101822748 20.712856199999806
34 13.60725774411677
-------------------------------------------------END------------------------------------------------------
------------------------------------Reduced subspace LM---------------------------------------------------
540.1394477101335 577.303498713373
0.9997321002959348 39
0 486.88784354168587 519.2541968040118 0.4735036000056425
0.9998108379165577 39
1 409.64196333652427 434.37659984270675 0.5119728999998188
0.999849206795607 39
2 324.8675864256871 339.7168654208151 0.47800409999035764
0.9998561944592231 39
3 262.8886909891544 270.268758091214 0.4534923000028357
0.9976438594592736 39
4 217.69620890540267 222.82662994678154 1.2944511999958195
0.9808235952371469 39
0.9999994324292925 156
5 212.31237219764236 217.19897944836057 5.660366299998714
0.9784075033475287 39
0.9999982052682597 156
6 180.24832604317558 188.1867799508706 5.3781615999905625
0.9829097267304142 39
0.9999695810203543 156
7 177.75694750221268 175.81693320968094 5.35895390000951
0.9706297915413841 39
0.999984581800759 156
8 161.3090140092788 160.60764398552874 5.679241100006038
0.9765957775042523 39
0.9999818794982449 156
9 150.4230373774798 149.31810407395392 5.81655510001292
0.9773681672548257 39
0.9999864913327972 156
10 142.65326832550568 141.88457621367945 6.213289999999688
0.9922950983797125 39
11 69.87452200721931 67.21225871281969 0.4541101000068011
0.9687494798029226 39
0.9999899661952205 156
12 55.54011943886837 55.08515983540745 5.5444705999980215
0.9825196237947269 39
0.9999991788145893 156
13 44.11563853362793 45.83150881437372 5.663161799995578
0.9951176107827762 39
14 11.71952019564938 10.7300850440281 0.5882440999994287
0.9652885793533684 39
0.9999999457860428 156
15 9.065514953019756 8.314295888679212 5.468864399997983
0.9899063656408009 39
0.9999999683188486 156
16 6.802503937192136 6.144337470637111 5.644676800002344
0.9924810651245213 39
17 4.112579176390035 3.37303237706041 0.6543265000073006
0.46734674229629575 39
0.9999999465711938 156
18 3.229693126978627 2.5804307409584144 5.87040079999133
0.9832461603706901 39
0.9999999877014162 156
19 2.6425502155163856 2.014705609101985 5.657781000001705
0.9951511711241048 39
20 1.9827702997974688 1.3029256891888559 0.4736684000090463
0.29335068593986496 39
0.9999997632635301 156
21 1.862348266974456 1.2737496649815225 5.43540080000821
0.9956044254020145 39
22 1.2019569565966215 0.5626924639222741 0.5267618999932893
0.2090604469290435 39
0.999999953045074 156
23 1.076923311896887 0.44167021837957876 7.24375969999528
0.9982290672360566 39
24 0.9019957531230594 0.2807907639752359 0.46091679998789914
0.043354235020253026 39
0.9999988154041429 156
25 0.8675506350788451 0.25126306439485824 5.318851499992888
0.997777233380814 39
26 0.7826836175200245 0.16952935277735012 0.4551715999987209
0.02993494452047791 39
0.9999992988470658 156
27 0.7541131799671934 0.14416132669222065 7.044130800000858
0.9951726583326439 39
28 0.7474378097148968 0.13804690176215134 0.5031631000019843
0.0001060492289891283 39
0.99970762418588 156
29 0.7249192560012347 0.11940478334194321 8.857583299992257
0.9908561013250657 39
30 0.7222127110950934 0.1163852552168621 0.4730610999977216
31 3.537306361290018
-------------------------------------------------END------------------------------------------------------
52
-------------------------------------------Classical LM---------------------------------------------------
712.2766869090515 748.1858473293879
0 350.4440140925036 359.82872884061504 15.903873199989903
1 350.4440140925036 359.82872884061504 14.514019199996255
2 350.4440140925036 359.82872884061504 12.944885300006717
3 169.21586130066416 165.1530771122772 12.758762299999944
4 169.21586130066416 165.1530771122772 12.735672399998293
5 75.95463675219663 74.24793136387527 14.391681499997503
6 75.95463675219663 74.24793136387527 14.34998149999592
7 70.21682541095488 67.89130177590395 13.955435700001544
8 70.21682541095488 67.89130177590395 13.908644299997832
9 31.298426163966685 31.661373921695994 14.44428679998964
10 31.298426163966685 31.661373921695994 16.01578289999452
11 11.21805603662479 9.873691494895969 13.00917199999094
12 6.7707724892929155 5.803912382440742 12.833699800001341
13 3.3803409533406104 2.4918029063218214 12.947401900004479
14 3.3803409533406104 2.4918029063218214 13.895617600006517
15 2.5822728530502403 1.8297320816732112 15.973872000002302
16 2.0295408848946845 1.3663336193684639 16.072360699996352
17 1.862893638933995 1.2711412460163447 16.576119400007883
18 1.862893638933995 1.2711412460163447 16.60563340000226
19 1.3437403042556932 0.7213446992768238 12.802254499998526
20 1.2876369090494422 0.6716529473132116 14.015795799990883
21 1.2876369090494422 0.6716529473132116 13.866897300002165
22 1.0655319644587344 0.4420517017404061 12.746209599994472
23 1.0113359492496057 0.3941708181266438 12.794408800007659
24 1.0113359492496057 0.3941708181266438 12.729661700010183
25 0.9515580471428638 0.340352339891782 16.310732699988876
26 0.9154386205684499 0.3096901205205822 16.183772500007763
27 0.9074182055888563 0.3060382086867473 16.05180570000084
28 0.9074182055888563 0.3060382086867473 16.53612200000498
29 0.8180877504135377 0.2157760213551055 13.651079000002937
30 0.7891160975354972 0.18546033331046152 12.908756200005882
31 0.7704192369108881 0.162386776018824 13.002786799988826
32 0.7704192369108881 0.162386776018824 12.83781729999464
33 0.7230671347062927 0.119384597428517 14.091839200002141
34 0.7163334781503501 0.1150523040701824 14.369577799996478
35 0.7163334781503501 0.1150523040701824 14.27881879999768
36 0.6886076949854085 0.08721054707573586 13.89152630000899
37 0.6841080982681511 0.08474493040401111 13.84490110000479
38 14.230306973683918
-------------------------------------------------END------------------------------------------------------
-------------------------------------------Krylov LM---------------------------------------------------
712.2766869090515 748.1858473293879
392
0 350.45016184398753 359.83519784829394 16.888339500001166
392
1 350.45016184398753 359.83519784829394 17.018540300006862
2 350.45016184398753 359.83519784829394 0.1474618000065675
3 169.19722385976175 165.1368817068722 0.10507859999779612
392
4 169.19722385976175 165.1368817068722 17.00095010000223
5 75.96853973231774 74.26307702808333 0.14979619999940041
392
6 75.96853973231774 74.26307702808333 17.2706787000061
7 70.21320758870318 67.88917508204166 0.22457950000534765
392
8 70.21320758870318 67.88917508204166 18.337017199999536
9 31.28408504144003 31.645002342793777 0.11742320000485051
392
10 31.28408504144003 31.645002342793777 18.238799700004165
11 11.218319680294334 9.873834274346951 0.19043970000348054
392
12 6.76999263371175 5.803116534626124 18.20688909999444
392
13 3.3814136932022403 2.4931554807842997 17.09517779998714
392
14 3.3814136932022403 2.4931554807842997 17.128128399999696
15 2.5831551703175517 1.8304912584914081 0.11598050000611693
392
16 2.030061238677754 1.36754496794974 17.108468999998877
392
17 1.8617957200440782 1.2710487071769512 17.193593799995142
392
18 1.8617957200440782 1.2710487071769512 18.267270199998165
19 1.3435308587677648 0.7212747712899634 0.14800800000375602
392
20 1.2863874927847034 0.6703150557629037 18.113699199995608
392
21 1.2863874927847034 0.6703150557629037 18.173787099993206
22 1.0655956125476627 0.44208460799274335 0.13499490001413506
392
23 1.0116354634830278 0.395141198080734 17.72167860000627
392
24 1.0116354634830278 0.395141198080734 17.38176370000292
25 0.9510595666469244 0.3403363180719785 0.11239359999308363
392
26 0.9145240998478225 0.30915405221855885 17.120038699998986
392
27 0.9029848602585766 0.3016403542769102 17.151006100000814
392
28 0.9029848602585766 0.3016403542769102 17.11582079999789
29 0.8171914102215935 0.2151360727671306 0.132603600010043
392
30 0.7881208877890508 0.18469932202132133 18.282600699996692
392
31 0.7690821227945532 0.16128377984814196 20.746114200010197
392
32 0.7690821227945532 0.16128377984814196 19.493111699994188
33 0.7225106054488027 0.1187407818582159 0.14904839999508113
392
34 0.715894308608548 0.11476020620043406 19.613712499995017
392
35 0.715894308608548 0.11476020620043406 17.834539000003133
36 0.687893269791661 0.08601859828859947 0.2740977999928873
392
37 0.6839238329021536 0.08424321881078484 17.468998099997407
38 11.788753421053116
-------------------------------------------------END------------------------------------------------------
------------------------------------Reduced subspace LM---------------------------------------------------
712.2766869090515 748.1858473293879
0.9995625320011823 39
0 628.425211354159 659.8385898813235 0.4734265000006417
0.999657723626601 39
1 506.5584977034155 531.7401075116547 0.5023051000025589
0.9997901585902851 39
2 371.28512734712183 389.73697514004294 0.7164582999976119
0.9998426017183575 39
3 275.04097846008295 285.0917361476686 0.5140862999978708
0.9993817402133457 39
4 212.39643280441072 214.53656894181526 0.5067514999973355
0.954881795818741 39
0.999993071478592 156
5 203.6523105687097 207.57675877550508 6.012424500004272
0.9550548643398884 39
0.9999629665189175 156
6 178.6278977009637 180.34653321448795 5.608486400000402
0.9921450883257078 39
7 96.79508280705421 94.61792885351237 0.5335840999905486
0.8843128806321663 39
0.9999751307175191 156
8 91.53165249598618 89.04918064545785 6.100173099999665
0.9739911548530906 39
0.999992556612509 156
9 78.02074017705932 76.24370032826701 8.147887999992236
0.9891222167039395 39
0.9999966058889664 156
10 69.3084956128638 67.67638694482041 9.613707799988333
0.9965177088382389 39
11 34.34762802477367 33.11753305749393 0.4667904000089038
0.9965754905132013 39
12 19.165327937663825 17.355333237193438 0.47879639999882784
0.962270165236996 39
0.9999966946471971 156
13 16.144775232057754 14.473806288886074 5.614868699994986
0.9804195200048091 39
0.9999988755624203 156
14 16.06125507850227 14.644171937166412 9.066990499995882
0.9951497864006561 39
15 8.994865348744586 7.433760306115104 0.8972244000033243
0.9913228098453568 39
16 7.37897421541924 5.999684835995206 0.5044254999957047
0.9250353955324832 39
0.9999999040612911 156
17 6.741887240970878 5.577639032534453 5.430161099997349
0.9955045378463951 39
18 5.137649299630137 3.9499536278038097 0.55201680000755
0.9824286902180693 39
0.9999999096197721 156
19 4.854109328223316 3.8227906995364695 5.881115299998783
0.9971388336434654 39
20 3.3939579418487034 2.47306776378955 0.4937759000022197
0.7742542450394918 39
0.9999999797887519 156
21 2.8293179452832846 2.0253414192389187 6.604878099999041
0.993695696905559 39
22 2.340090223718584 1.519413639347042 0.4906518000061624
0.1059327418684004 39
0.999999846788383 156
23 1.8000609528432596 1.0793199672928615 6.459153500007233
0.9950819648427025 39
24 1.673562466199983 0.9326751242745915 0.44836760000907816
0.002676102236401191 39
0.9999832039835046 156
25 1.33887095542733 0.6472911678673322 5.567870899991249
0.9930038817001899 39
26 1.293266664490011 0.5980589960097691 0.5011347999970894
0.0034933298512491483 39
0.9999951368821335 156
27 1.1285176308738643 0.49255425993505353 5.523725100007141
0.9972106497724984 39
28 0.9257069922660023 0.2831650190941455 0.5253461999964202
0.043632132137019844 39
0.9999996910741101 156
29 0.8514273500853935 0.21633867097150994 6.5409963999991305
0.9950235404697202 39
30 0.8352779331705937 0.20607246857329692 0.524766799993813
0.0006991293475146333 39
0.9999733005457124 156
31 0.8286260090798531 0.2120735536488507 5.332098400001996
0.9994484971204636 39
32 0.7383566048830514 0.12254258705475715 0.49490890000015497
0.004502097778292581 39
0.99999811390523 156
33 0.7207204961390983 0.10712391552263854 5.314341699995566
0.9966928900112159 39
34 0.712862395951422 0.09877757004327761 0.4822862000000896
0.0002134318039453543 39
0.9999395075472374 156
35 0.7116054139738959 0.09783647377572934 7.463551399996504
36 3.3441537333326576
-------------------------------------------------END------------------------------------------------------
53
-------------------------------------------Classical LM---------------------------------------------------
671.0344159917144 709.2869396863795
0 208.94733946836033 207.36504197115204 14.19825519999722
1 208.94733946836033 207.36504197115204 15.689906900006463
2 177.13234329902858 168.8068550829088 15.539430300006643
3 177.13234329902858 168.8068550829088 15.738904999991064
4 177.13234329902858 168.8068550829088 12.85257589998946
5 52.41364841299314 53.061503680716456 12.846423399998457
6 52.41364841299314 53.061503680716456 12.874816499999724
7 25.6289166684723 25.17143968298636 14.917968300011125
8 25.6289166684723 25.17143968298636 16.21645890000218
9 15.519804544146236 15.399471784909506 13.837117900009616
10 11.883791907015535 10.750256665704962 16.19875480000337
11 11.883791907015535 10.750256665704962 16.35753919999115
12 7.544615700673562 6.9630263344586805 12.91646480000054
13 4.729264412284978 4.07344416210829 13.351103599998169
14 3.7642640808775227 3.228897497120822 15.33902090000629
15 3.7642640808775227 3.228897497120822 15.657723700001952
16 2.9559460678973535 2.3355987529674556 12.89350769999146
17 2.9559460678973535 2.3355987529674556 12.909895599994343
18 2.603583187264331 2.0030897304035737 12.876650899997912
19 2.4479438904316653 1.8710609612330187 12.768587300000945
20 2.4479438904316653 1.8710609612330187 12.798725400003605
21 2.1072760009626808 1.5174229336753282 16.035389900003793
22 1.9551396811714348 1.3789961344364206 14.313798899995163
23 1.729098561308295 1.1660513031016528 16.142500400004792
24 1.651606324053162 1.042865170822549 14.765921499987599
25 1.332193620786591 0.7281303542638886 14.497515900002327
26 1.332193620786591 0.7281303542638886 14.700057300011395
27 0.9369122364155177 0.3131721972609218 14.048495700000785
28 0.890461337697265 0.26028778797636937 13.575374700012617
29 0.890461337697265 0.26028778797636937 14.46422999999777
30 0.8127680562417912 0.19362232921215947 17.763961399992695
31 0.8056645180519023 0.18467546165696513 14.069915400003083
32 0.8056645180519023 0.18467546165696513 12.987839300010819
33 0.7555482066476066 0.13458975385687533 12.809024200003478
34 0.7437860982130022 0.1252913385302817 12.839041400002316
35 0.7277264981129775 0.11289941429136269 12.733932700008154
36 0.7145929079726736 0.10298228320225164 12.80104360000405
37 0.7145929079726736 0.10298228320225164 12.826287799995043
38 0.6934559734944183 0.0819396517776745 13.89528449998761
39 0.6934559734944183 0.0819396517776745 13.019610100003774
40 0.684258122305525 0.07558000351996376 17.265028900001198
41 0.6820333398153385 0.07370554778547792 16.433831599992118
42 14.303998033333864
-------------------------------------------------END------------------------------------------------------
-------------------------------------------Krylov LM---------------------------------------------------
671.0344159917144 709.2869396863795
392
0 208.94823237378972 207.3658632758783 20.480312699990463
392
1 208.94823237378972 207.3658632758783 20.846168399992166
2 177.07299798552611 168.74725715795176 0.13911810000718106
392
3 177.07299798552611 168.74725715795176 20.64146400000027
4 177.07299798552611 168.74725715795176 0.12921079999068752
5 52.38811322838448 53.058120370266806 0.10902940000232775
392
6 52.38811322838448 53.058120370266806 20.70774369999708
7 25.6723777255799 25.214413058784867 0.14723980000417214
392
8 25.6723777255799 25.214413058784867 20.706862699997146
9 15.529723645917315 15.423735536736242 0.1144032000011066
392
10 11.981781044630793 10.84516306240184 21.171426999993855
392
11 11.981781044630793 10.84516306240184 20.05842399998801
12 7.575784797124468 6.999275114489083 0.1200405999989016
392
13 4.736339308918079 4.07993165306333 17.188682099993457
392
14 3.7596398552001427 3.2254069970357855 17.132171699995524
392
15 3.7596398552001427 3.2254069970357855 17.14471200000844
16 2.957313459986099 2.3374166657305997 0.13226980000035837
392
17 2.957313459986099 2.3374166657305997 17.12712059999467
18 2.610783320179136 2.009112970445459 0.12712599999213126
392
19 2.4560409355844297 1.8797401009430343 17.145184699998936
392
20 2.4560409355844297 1.8797401009430343 17.077609399988432
21 2.1170434528400093 1.5255449969360528 0.13694729999406263
392
22 1.9677800575332818 1.3895174152189147 17.253995799997938
392
23 1.7519359123132963 1.1858996494634753 21.38831090000167
392
24 1.5831390569418982 0.9720281550699735 18.891620800000965
392
25 1.2975289202128188 0.6901223043187145 17.20032629999332
392
26 1.2975289202128188 0.6901223043187145 17.15052260000084
27 0.9489163070748878 0.3263904020950735 0.14633540000068024
392
28 0.9160551817263537 0.2860639066071971 17.14959679999447
392
29 0.8864776496970866 0.26776048210553505 17.148741600001813
392
30 0.8864776496970866 0.26776048210553505 17.268395499995677
31 0.7778220644158057 0.1567914972533008 0.1288292000099318
392
32 0.7778220644158057 0.1567914972533008 18.642024600005243
33 0.7378968523753164 0.12041274582346771 0.20245310000609607
392
34 0.7273609943714372 0.11094017516069161 18.492600099998526
392
35 0.7215505615461243 0.10702451691782962 20.72431879999931
392
36 0.7215505615461243 0.10702451691782962 17.491894499995396
37 0.7021441182364659 0.08958390701916988 0.18958109999948647
392
38 0.6960096884835876 0.08360746078406359 18.072881900006905
392
39 0.6947666728102713 0.08247374194562229 18.444602999996278
40 12.614257499998349
-------------------------------------------------END------------------------------------------------------
------------------------------------Reduced subspace LM---------------------------------------------------
671.0344159917144 709.2869396863795
0.9997519235639921 39
0 595.1309846881658 629.0109762500083 0.5003357999958098
0.9998262848413673 39
1 484.8410744986981 511.81878935854786 0.49601060000713915
0.9999000638619207 39
2 362.8573178569225 381.34126020145067 0.4829076000023633
0.9999120045707117 39
3 276.3730144027501 287.1507275618724 0.5003361999988556
0.9996539736660491 39
4 219.24853181098572 222.7414587884291 0.4687705999967875
0.9832201018332322 39
0.9999991373465796 156
5 217.33582983077707 220.5143311451244 5.672084299993003
0.9798921024119814 39
0.9999982981890182 156
6 215.42700873704413 218.5369096215794 5.717373799998313
0.9799866259196237 39
0.9999956807171623 156
7 211.41388813571047 212.48224791998598 5.709875699991244
0.9732811718285962 39
0.9999770947963321 156
8 211.31074497603277 213.30026919800497 5.599405900007696
0.9778275204708299 39
0.9999401452732587 156
9 168.62777688902813 168.57890677843662 5.688053399993805
0.9919976082625448 39
10 112.0313310866558 113.059590328333 0.4973653000051854
0.9284057182433596 39
0.999935860091879 156
11 104.61293219822946 106.57181475935658 5.5055789000034565
0.9727687738787156 39
0.9999831926811861 156
12 75.20342389342578 75.60269165307307 5.523443900005077
0.9959685561810396 39
13 29.43640266153951 28.542471609453212 0.4477834999997867
0.9807240517984125 39
0.9999990974423874 156
14 25.15592928596113 24.283112985041775 5.586627099997713
0.9936909417164996 39
15 12.814599728171485 11.913834474495674 0.4835346000036225
0.8949452893335801 39
0.9999977093336269 156
16 9.944275054005347 9.16937239718621 5.4682296000100905
0.9657305321575991 39
0.9999993455380972 156
17 8.419965895528085 7.746843354629611 7.1644281999906525
0.9868600447759416 39
0.999999441083619 156
18 6.308396851484655 5.823545129210846 5.444775700001628
0.9988116117355592 39
19 1.911868375082367 1.3096663007161273 0.4883525000041118
0.8469154273116117 39
0.9999999200605937 156
20 1.554591759760615 0.9551118596523461 6.608807099997648
0.9755663443749 39
0.9999999663602193 156
21 1.356208280508833 0.76485199494639 6.18929080000089
0.9926149109444105 39
22 1.0050578378506037 0.40041237342071984 0.4719351999956416
0.3827637796752991 39
0.9999999109152967 156
23 0.8510259984362194 0.23541262881297903 6.562464999995427
0.9965404045586936 39
24 0.7840381461999393 0.16744320948786398 0.48594450000382494
0.02099993693136294 39
0.9999989175150414 156
25 0.7328915944483743 0.1231118719954124 8.341723799996544
0.9945921108066402 39
26 0.7114746378689932 0.0994138865224414 0.5017547000024933
0.006420009330468692 39
0.9999953068242791 156
27 0.7027441298286329 0.09732848339845987 5.483499699999811
0.9977323187453522 39
28 0.6715113201009805 0.06336746879593759 0.6119112999876961
0.013627459991759832 39
0.9999984551571371 156
29 0.6592306842561082 0.05443170124868888 5.429423100009444
0.9973564191784983 39
30 0.6506097061307666 0.04568702082327903 0.49323379999259487
0.001961218529478012 39
0.999990111727392 156
31 0.63922185677128 0.036845312037457674 9.204021899990039
0.9745270898002881 39
0.9999999849749831 156
32 0.6332895990576981 0.03370828568744798 5.559107900000527
0.9955065379676588 39
33 0.6311248115050404 0.03133853043104692 0.5063626000046497
34 3.643963370587752
-------------------------------------------------END------------------------------------------------------
54
-------------------------------------------Classical LM---------------------------------------------------
554.1215028907396 586.2166604762673
0 498.1884994025259 498.39717130802165 13.927659900000435
1 230.68486791189952 243.00329705982512 18.587115600006655
2 178.52038751992401 182.11065104356436 16.808554999995977
3 178.52038751992401 182.11065104356436 17.322585699992487
4 146.24733153649905 152.39373724993334 13.357244899991201
5 146.24733153649905 152.39373724993334 12.985791699989932
6 146.24733153649905 152.39373724993334 12.78083499999775
7 132.71638410567013 131.0157724804015 12.898497400004999
8 114.04846576647367 111.43409476930053 12.87304099999892
9 98.83596388803163 94.22272766320404 12.848440300003858
10 32.2318554965678 30.771102540010308 14.103546099999221
11 32.2318554965678 30.771102540010308 12.92249259998789
12 32.2318554965678 30.771102540010308 16.566154400003143
13 32.2318554965678 30.771102540010308 15.982680700006313
14 24.730892668940395 22.95609679402951 12.846620799988159
15 11.798355730594752 10.977519673937307 12.820324599990272
16 6.020358572690103 6.090380722264363 13.930777400004445
17 6.020358572690103 6.090380722264363 13.684517900008359
18 2.314796486467895 1.6191841975200336 13.948147999995854
19 2.314796486467895 1.6191841975200336 13.616038300009677
20 1.604111497157101 0.9946898447751524 12.706890600005863
21 1.604111497157101 0.9946898447751524 12.852383900011773
22 1.0077685626267852 0.40590994898111443 13.80768860000535
23 1.0077685626267852 0.40590994898111443 12.878038099996047
24 0.8555698160749533 0.26155802111232596 17.466716599999927
25 0.8413568429835007 0.24359457673284607 17.299386400001822
26 0.8413568429835007 0.24359457673284607 16.592859600001248
27 0.8063014882983548 0.2135821905433517 12.658295100001851
28 0.7905398034115255 0.1945142699435324 14.32241989999602
29 0.7758568650122742 0.1747518491256465 14.216709299987997
30 0.7658855149591828 0.16011597273591696 15.866610500001116
31 0.7509459618930953 0.1430635406424194 13.970175499998732
32 0.7471058746272035 0.13961877810729925 12.833465699994122
33 14.3115971848478
-------------------------------------------------END------------------------------------------------------
-------------------------------------------Krylov LM---------------------------------------------------
554.1215028907396 586.2166604762673
392
0 498.18579867144786 498.39459379029296 17.98779219998687
392
1 223.52319249220136 233.70405614130894 22.60044189999462
392
2 184.92636057863206 198.37856387712978 17.157972300003166
392
3 184.92636057863206 198.37856387712978 18.077069000006304
4 128.2236696834161 125.94734467595444 0.1601511000044411
392
5 112.56859560945593 112.96699711360823 18.27748549998796
392
6 112.56859560945593 112.96699711360823 18.50554069998907
7 104.59011853304615 103.32900792258972 0.14760240000032354
392
8 100.41453873840123 97.72837229474398 19.420020100005786
392
9 96.6389514925966 96.6171705031461 20.27046740001242
392
10 55.18884378455613 54.78611370129666 20.177203400002327
392
11 55.18884378455613 54.78611370129666 21.927602099996875
12 55.18884378455613 54.78611370129666 0.16029329999582842
13 55.18884378455613 54.78611370129666 0.1404982999956701
14 55.18884378455613 54.78611370129666 0.13147269999899436
15 55.18884378455613 54.78611370129666 0.13697550000506453
16 29.12616932867532 29.1100484424244 0.15223110000079032
392
17 14.907078410448804 13.972041491434235 22.0569586000056
392
18 14.907078410448804 13.972041491434235 24.405898599987268
19 7.624905126597919 7.242201297299245 0.13109999999869615
392
20 2.713815876086354 1.994391245017694 25.446888400008902
392
21 1.9787017459807452 1.4002715375520425 25.474543999996968
392
22 1.9787017459807452 1.4002715375520425 24.896144500002265
23 1.9172998121225522 1.3134358931504813 0.13473239999439102
392
24 1.9172998121225522 1.3134358931504813 24.334402799999225
25 1.0416099572490798 0.45991477918239404 0.1338019999966491
392
26 1.0416099572490798 0.45991477918239404 23.385728799999924
27 0.9185677300903535 0.3448698548873115 0.22089139999297913
392
28 0.8946142821935766 0.3211968708294196 23.071761300001526
392
29 0.8946142821935766 0.3211968708294196 20.862301299988758
30 0.8626330589417427 0.29110453701714295 0.12567670000134967
392
31 0.8439426064906784 0.2718426804588463 20.68234030000167
392
32 0.8265849510400228 0.25299368760979685 20.84006550000049
392
33 0.8179257348059711 0.24035972813967613 20.963812800007872
392
34 0.7890204736499107 0.20391006740660073 20.729391699991538
392
35 0.7235318657917998 0.1303274146575655 20.780899500008672
392
36 0.6990825945486293 0.10114172919098872 17.334913500002585
392
37 0.6990825945486293 0.10114172919098872 17.182239799993113
38 0.6664032721965868 0.06652655064833154 0.13281460000143852
392
39 0.6629733156778892 0.06338692183490185 18.160825200000545
40 14.172973817499223
-------------------------------------------------END------------------------------------------------------
------------------------------------Reduced subspace LM---------------------------------------------------
554.1215028907396 586.2166604762673
0.9998098228747535 39
0 498.10897556270976 526.1319679808349 0.5415703000035137
0.9998497265795894 39
1 417.1398200170501 439.08690057592753 0.4882034000038402
0.9998755962205627 39
2 327.86491378749673 342.73282568030936 0.48396430000138935
0.9998506712900883 39
3 259.09151649271257 265.64283333589293 0.5321777999924961
0.9980005705853938 39
4 207.92369456201428 208.56985305966512 0.5426959000033094
0.9881379514195194 39
0.9999994560250587 156
5 199.4828968253809 200.01675348008754 5.845956000004662
0.9819895541885507 39
0.9999965998685493 156
6 199.4828968253809 200.01675348008754 6.106932599999709
0.9819895541885507 39
0.9999965998685493 156
7 177.97161923203137 179.27937184744434 6.795054400005029
0.9748520433846694 39
0.999991199612909 156
8 167.83032045971993 169.37592598029235 5.739325500006089
0.9881170708441452 39
0.9999957818086087 156
9 158.40150144310323 158.18901946341595 5.454349299994647
0.9968923602332245 39
10 91.91183320448499 90.60478456838601 0.4815647999930661
0.9787282855314742 39
0.9999990314330176 156
11 76.59027225749084 75.5515688130914 6.147420299996156
0.9727724591682203 39
0.9999970271233187 156
12 64.84708123259698 63.936169753492074 5.68446170000243
0.9890169761996911 39
0.999998984105752 156
13 56.38542726171154 55.65437784436434 5.635254099994199
0.9956397358826001 39
14 31.101516081785068 28.720966754276887 0.5191195999941556
0.9678865848036021 39
0.999999840659044 156
15 28.09755911922455 26.653182419689262 6.348566899992875
0.9927025530254837 39
16 14.486165606702398 12.680267110270057 0.5640698000061093
0.9665205664604083 39
0.9999999368633841 156
17 11.28029464024853 10.074687313334183 5.779916899991804
0.9890918435782274 39
0.9999999466321204 156
18 9.002318168164638 8.04341740694967 5.660556299990276
0.9985856152720661 39
19 5.014294283711467 3.9513638900184542 0.973857399992994
0.9563578321771253 39
0.9999999770035201 156
20 3.776241596124343 2.9093071535806474 5.433348599995952
0.9891875086823578 39
0.9999998834281519 156
21 3.1077427263078676 2.375101014919395 5.580552699990221
0.9978354314082566 39
22 2.151055929593747 1.35222261480469 0.5603554000117583
0.7302815803231447 39
0.9999999896838636 156
23 1.6824104517035259 0.9680956083028471 5.420845699991332
0.9954018893876967 39
24 1.5824375377045674 0.8450735078470523 0.5364690999995219
0.02840985123423328 39
0.9999996127207494 156
25 1.2905579518803965 0.6083646183997912 5.4242176999978255
0.9943359682477453 39
26 1.2293895763588367 0.5381191676097048 0.46029610000550747
0.031268082438917676 39
0.9999998394957561 156
27 1.0435197234798452 0.39102234583403095 5.422533300006762
0.9869855417795237 39
0.9999999891469978 156
28 0.9666843682841924 0.3695416630549058 7.138364999991609
0.997046314356026 39
29 0.7896839976793176 0.1661485049260599 0.49139360000845045
0.15378096281575984 39
0.9999995815696127 156
30 0.7321444253736273 0.1349990744556406 5.361867599989637
0.9920529611293323 39
31 0.7009562618815753 0.09585307196334943 0.4726029000012204
0.0354873797350113 39
0.9999997698402648 156
32 0.6834514883661658 0.09318061893917522 5.402560000002268
0.9969810930152431 39
33 0.6632786193073428 0.06740441963659623 0.6487600999971619
0.005090245966812179 39
0.9999982948880863 156
34 0.6562738681304866 0.06097417054093542 6.997203899998567
0.9980260517573859 39
35 0.6460329924731211 0.050397099985851374 0.5350381000025664
0.0024775405882014713 39
0.9999975469621812 156
36 0.6405190837565755 0.04610222529274273 5.549684400000842
0.9944160902687487 39
37 0.6397183952172573 0.04485477472257844 0.7773860000015702
38 3.4878551973674083
-------------------------------------------------END------------------------------------------------------
55
-------------------------------------------Classical LM---------------------------------------------------
530.3690110848888 564.2464908886305
0 382.4141154078303 400.83566062730296 19.845547399992938
1 382.4141154078303 400.83566062730296 19.682393900002353
2 355.987338120623 362.56369387924053 12.861814400006551
3 121.32081525380765 123.61764289801177 12.79472689999966
4 77.70810116136661 80.11913256129513 12.762766300002113
5 77.70810116136661 80.11913256129513 12.78978899998765
6 41.28060734896858 44.38669573927495 12.90358909999486
7 41.28060734896858 44.38669573927495 12.729723700002069
8 15.530219158776319 14.842007257261676 16.547399400005816
9 15.530219158776319 14.842007257261676 16.54687710000144
10 15.530219158776319 14.842007257261676 17.06857509999827
11 14.559360501246882 13.958952630479653 13.556641799994395
12 12.582412315993304 12.342485786381218 14.423086499999044
13 12.582412315993304 12.342485786381218 14.760907299991231
14 4.971510867074997 4.067201430771224 13.096272800001316
15 4.728929140306954 4.234710898465351 12.873215600004187
16 4.728929140306954 4.234710898465351 12.802483699997538
17 1.6803934281882649 0.9564871569850637 13.222827299992787
18 1.6803934281882649 0.9564871569850637 14.091382800004794
19 1.3874034617577657 0.7388021309504623 12.834013499988941
20 1.2399746096872346 0.6274317899839127 12.78893949999474
21 1.2399746096872346 0.6274317899839127 12.736314699999639
22 1.1128175205809225 0.504771754295916 12.872853199995006
23 1.1128175205809225 0.504771754295916 12.831713600011426
24 1.0544949334958853 0.44671543364181826 17.69310950000363
25 1.001209196167856 0.394163256648647 16.46423589999904
26 0.9478569564954592 0.3438434681382342 16.197798099994543
27 0.864983478242463 0.26352744176996246 16.03633639999316
28 0.8069847669165813 0.20525111779935473 16.12842439999804
29 0.7374095616962448 0.13688593225395024 16.113206800000626
30 0.7374095616962448 0.13688593225395024 15.947108199994545
31 0.696539778134919 0.09868471296439305 12.822520700006862
32 0.696539778134919 0.09868471296439305 13.841348999994807
33 0.6856383699826192 0.08795705168399072 12.794594099992537
34 0.6789557271583818 0.08170960659674979 12.689108700011275
35 0.6756554397508193 0.07963977196600709 12.71944309999526
36 14.413085819443141
-------------------------------------------------END------------------------------------------------------
-------------------------------------------Krylov LM---------------------------------------------------
530.3690110848888 564.2464908886305
392
0 382.4146385960805 400.8362114480096 16.974667099988437
392
1 382.4146385960805 400.8362114480096 17.13084009999875
2 356.05102891806115 362.6497361083252 0.10346739999658894
392
3 122.58916962918379 124.24611917601024 17.173425100001623
392
4 77.15445634924971 78.76937746014721 17.26547679999203
392
5 77.15445634924971 78.76937746014721 18.23607980000088
6 32.18171931458366 32.73459922419425 0.14263760000176262
392
7 32.18171931458366 32.73459922419425 17.170307499996852
8 22.42907486787926 20.932392552394354 0.14269839999906253
392
9 22.42907486787926 20.932392552394354 17.09224600000016
10 17.00450634353659 16.26405880103658 0.14803219999885187
392
11 17.00450634353659 16.26405880103658 17.18628080000053
12 10.436060980677428 9.689301867826682 0.1394097000011243
392
13 10.436060980677428 9.689301867826682 17.242608200001996
14 3.659999359573825 3.0341654773536075 0.17726480000419542
392
15 3.659999359573825 3.0341654773536075 17.19057380000595
16 2.2948281320683885 1.6371983450486947 0.11497380000946578
392
17 1.780716755865384 1.1698703573788052 18.016077399995993
392
18 1.4460570969907858 0.8673515834755702 17.34256469999673
392
19 1.4460570969907858 0.8673515834755702 17.39020259999961
20 1.17991716200661 0.5875125509742505 0.1379841000016313
392
21 1.17991716200661 0.5875125509742505 17.226558399997884
22 0.9879172529910769 0.4097930837020168 0.1488277000025846
392
23 0.9879172529910769 0.4097930837020168 17.60210740000184
24 0.9571639492737195 0.37935932026854335 0.18380440000328235
392
25 0.9283479382214206 0.3493470918468844 18.239052399992943
392
26 0.9001805770092491 0.31775162955862424 19.872581799994805
392
27 0.86759830277377 0.2821309874350969 19.90329269999347
392
28 0.8004597580343141 0.21459639957537519 20.609210799986613
392
29 0.7451545460690473 0.1532925186798396 20.779673700002604
392
30 0.7210027471899033 0.125527089533194 20.68429930000275
392
31 0.7210027471899033 0.125527089533194 21.494943700003205
32 0.6731978664917007 0.0782851419015955 0.1738898000039626
392
33 0.6731978664917007 0.0782851419015955 22.516586799989454
34 0.6598469346053047 0.06782628551720885 0.19174110000312794
392
35 0.6535138928142408 0.06272755141482922 23.373449099992285
392
36 0.6523389156509235 0.06232943838685231 20.79213869999512
37 12.711080424323194
-------------------------------------------------END------------------------------------------------------
------------------------------------Reduced subspace LM---------------------------------------------------
530.3690110848888 564.2464908886305
0.9997039666388938 39
0 478.21582328805493 508.208349604137 0.6018236000090837
0.9997934682710639 39
1 402.5524070321534 426.6409274438304 0.48546429999987595
0.9998229277256656 39
2 317.2106875030081 332.96721330939556 0.49688079999759793
0.9997370853089566 39
3 243.9423237379631 252.16277254071036 0.48353149999456946
0.9929784697903715 39
4 186.19514345602494 187.8094135945555 0.5086734000069555
0.9616751100356785 39
0.9999864499547985 156
5 185.0506103288293 189.48039927268132 5.745930400007637
0.9790658139041704 39
0.9999909613281732 156
6 173.03236748401736 179.2389152110323 5.4969466000038665
0.9936441643321143 39
7 83.35698920615857 83.0949740588703 0.5160407999937888
0.9420504710913209 39
0.9999952391783591 156
8 67.54491585399711 67.3298846112709 6.485213400010252
0.8785970922640124 39
0.9999889560036812 156
9 57.13421243610917 57.27801581127877 5.657184399999096
0.9573959545500478 39
0.9999986040516106 156
10 49.59264502698122 50.60977835658895 5.674083399993833
0.9950658710631295 39
11 20.997701810061738 20.280947864829873 0.43515049999405164
0.9461457273009742 39
0.9999991546316722 156
12 13.930766062853788 13.440098643597931 5.527643399997032
0.9813676037665253 39
0.9999996316691858 156
13 13.311385000583051 12.654459370184265 5.5017079999961425
0.9970257794101572 39
14 4.038300936671649 3.6371328683672663 0.517613199990592
0.9531398293133486 39
0.9999999572786504 156
15 3.4273259807130154 2.925804928200227 5.7672733000072185
0.9966178473103895 39
16 2.6522365910618295 2.056820045100383 0.6566943999932846
0.29769187058401697 39
0.9999999034305116 156
17 2.059428435588114 1.4295223995142508 5.366123500003596
0.9810463902446622 39
0.9999999463934542 156
18 1.9511199680617113 1.3510084804034743 5.199919499995303
0.9976220674141044 39
19 1.236488490748309 0.6353763166313279 0.7057222000003094
0.5248218885743556 39
0.9999999770983193 156
20 1.0723679505958426 0.4747831905018591 5.487639400002081
0.9701880215872896 39
0.9999998649775516 156
21 0.959224554728335 0.3595450787577405 7.085748600002262
0.9910994347294759 39
22 0.9147341828211553 0.3091465147942197 0.5865929999999935
0.008592240126519199 39
0.9999981324445223 156
23 0.8482818577275173 0.2370766029763909 5.464372199989157
0.9959884724393682 39
24 0.8285836644213254 0.22182634661690323 0.47823600000992883
0.0010071598551315104 39
0.9999886416863748 156
25 0.7782889141639961 0.16832148943336797 5.473299999997835
0.993503256034249 39
26 0.7703245842629185 0.16354021117400452 0.5211319000081858
0.00040482975675736093 39
0.9999759223294902 156
27 0.7357459635273184 0.12545384700740347 5.36344439999084
0.9979020921243082 39
28 0.7056639075563844 0.09837527778008116 0.48202409999794327
0.007344270285341775 39
0.9999984847514461 156
29 0.6965510101511992 0.09437748545572505 5.359814600000391
0.9960022818617537 39
30 0.6763836891135631 0.07060210322178298 0.6689480999921216
0.0012533818772304302 39
0.9999857968535036 156
31 0.6646666322660916 0.061696982407329334 5.7124506999971345
0.9432989704772342 39
0.9999999879020961 156
32 0.6644717824443954 0.06562318584526007 5.400733900009072
33 3.330729015151243
-------------------------------------------------END------------------------------------------------------