0
------------------------------------Randomized only---------------------------------------------------
428.4747997861044 430.85754350283213
0.998852740656517 20
0 394.3677710100605 397.1461487282361 0.13425350000034086
0.9990777196590996 20
1 345.07287434638937 348.55093038240284 0.09579760002088733
0.9991772952322098 20
2 291.8482578531668 296.00381356724057 0.11076760001014918
0.9991373414972508 20
3 255.35959820054458 256.8051501196836 0.09681379998801276
0.9969786865413673 20
4 236.75122016943237 234.21052522342464 0.11546729999827221
0.9965122003595899 20
5 190.7785878342139 190.4555961831256 0.11211879999609664
0.988250556200902 20
0.9984230224121671 80
6 145.87204763533188 146.0637952483118 0.31323229998815805
0.8409694103413066 20
0.9909725301412752 80
7 97.90828862139735 96.15835648141932 0.38353240001015365
0.8481370391522141 20
0.9862084167449173 80
0.9960768342783274 140
8 56.06514407374898 53.68708094164487 0.8681381999922451
0.8568728614216699 20
0.9887439787692569 80
0.9946593238158412 140
9 32.66280551271653 30.014439895509362 0.5188701000006404
0.6876390980408192 20
0.9536458773092569 80
0.9732982545759474 140
0.9866688342040701 200
1.0000000000000002 204
10 24.809674819782657 22.350938884172933 2.6253237999917474
0.9777547515481589 20
0.9970166028463011 80
11 16.598477132736697 15.146636343930588 0.4527500999975018
0.9068152580142033 20
0.9578454394551944 80
0.978975833727579 140
0.988636788966791 200
0.9999999999999998 204
12 11.048962982793697 10.150439131755514 2.304837600007886
0.9930787269079547 20
13 9.429458472269392 8.743807832775786 0.1000804000068456
0.2748613691771008 20
0.8336811301032857 80
0.9369410856066234 140
0.9699103941388387 200
1.0000000000000002 204
14 8.80698715756829 7.959292174703946 2.605531200009864
0.9924723993966087 20
15 5.39271050843853 4.863163077262703 0.12984949999372475
0.2670087883859446 20
0.9678847642659179 80
0.9905879132184521 140
16 4.044201917151954 3.4056578151305477 0.6990119999973103
0.980379819379511 20
0.9901698930561691 80
17 3.9887509339295764 3.326260625293671 0.28643730000476353
0.05078252871881616 20
0.12202590120716551 80
0.362371195067803 140
0.6554133223396127 200
0.9999999999999998 204
18 3.7205368601841076 3.044886996708207 2.278389999992214
0.9869610491270555 20
0.9992338147841073 80
19 2.912378443814731 2.234978727850768 0.27325279999058694
0.4178773418402056 20
0.4626433419234961 80
0.7496578361790588 140
0.882015233693162 200
1.0000000000000002 204
20 2.7901659307809643 2.1893743575297933 1.1242132000043057
0.9734122298840092 20
0.9992365378540303 80
21 2.2081711378782853 1.6047953056522433 0.2818660000048112
0.7448610656126908 20
0.7658782265929392 80
0.8548452243654042 140
0.9103498630418355 200
0.9999999999999996 204
22 1.989057617401 1.3372325071151414 1.129123399994569
0.9833089911850169 20
0.999457122507461 80
23 1.9042269437800228 1.2799101799527142 0.2874848000064958
0.20676641033608187 20
0.22014359161836683 80
0.4602744808793722 140
0.649616340855329 200
1.0 204
24 1.6690514454875713 1.0508500974944524 1.3160700000007637
0.9875744586979743 20
0.9994993756726757 80
25 1.614345812883338 1.008572561940859 0.2862565999967046
0.2664978120293953 20
0.2721852917929056 80
0.5607044573932087 140
0.7508888194160948 200
0.9999999999999999 204
26 1.4233571949502966 0.7998569030383055 1.277780000003986
0.995377558252929 20
27 1.381357715629776 0.7658353540284859 0.10393530002329499
0.00908229414204427 20
0.8438275071946962 80
0.9258898585967409 140
0.9639247922882196 200
1.0 204
28 1.2315328315507288 0.5983963469017688 1.2735040000115987
0.9800272424364019 20
0.9980444956224076 80
29 1.2071080716032514 0.5899225663028629 0.27112400002079085
0.05388750836518464 20
0.05676548202764792 80
0.5147371250993362 140
0.7564415725554714 200
1.0 204
30 1.147408750167851 0.49422695236419106 0.9025143999897409
0.9862821821291434 20
0.9993793076037161 80
31 1.03336311059164 0.40009129867756305 0.2874108999967575
0.4709395369700012 20
0.48231589019151355 80
0.7585750238715858 140
0.8350291070169232 200
1.0000000000000002 204
32 0.972977848680695 0.341515467966645 1.1456482000066899
0.9966879123923288 20
33 0.9503033954989016 0.32584746937433834 0.10599999999976717
0.001964471304538012 20
0.8898456736449762 80
0.9281669709650472 140
0.9427109485491932 200
0.9999999999999997 204
34 0.9030661222814602 0.2862438253409732 1.0298367000068538
0.9814375289941637 20
0.9989617625626526 80
35 0.8894520685195161 0.2723708974483783 0.2776752000208944
0.09284282473179602 20
0.09478160647044188 80
0.3794678976752429 140
0.5171325418548867 200
0.9999999999999997 204
36 0.8590076730311481 0.24140371224645357 1.091225799988024
0.9976310616856688 20
37 0.8559270582822682 0.23960822576799545 0.09106070001143962
38 0.7049259342127602
-------------------------------------------------END------------------------------------------------------
------------------------------------Krylov only---------------------------------------------------
428.4747997861044 430.85754350283213
0.9999999999999999 21
0 389.5007254712709 393.3337470103975 0.28905339998891577
1.0000000000000004 21
1 317.53988682776065 321.24145704354964 0.2829679000133183
1.0000000000000007 21
2 296.5833731615888 306.2652029446413 0.27238690000376664
1.0 21
3 134.99012978225036 128.46792532441447 0.2773555000021588
1.0000000000000004 21
4 105.40680044271774 97.37479663891412 0.32094159998814575
1.0000000000000007 21
5 73.19728708711311 69.75897634400427 0.30597580000176094
1.0000000000000007 21
6 40.94402802283678 41.41874347317367 0.27908030000980943
0.9999999999999996 21
7 10.298517300863088 9.236110097782566 0.2670213999808766
0.9999999999999998 21
8 4.567928185504058 4.0426451890995185 0.26826579999760725
1.0000000000000004 21
9 3.532650970712304 2.932853243025316 0.29012089999741875
1.0 21
10 2.5323565176327194 1.9752308888717787 0.2746993000037037
0.9999999999999998 21
11 2.1171553439842743 1.5034485280576948 0.27164839999750257
0.9999999999999997 21
12 1.9154795816037946 1.332899748361413 0.266847000020789
0.9999999999999996 21
13 1.7495912319744356 1.1739209168861806 0.28476880001835525
0.9999999999999989 21
14 1.6540175277178624 1.0866856567115701 0.28253419999964535
0.9999999999999996 21
15 1.5576224650322685 1.0025161184695213 0.2626802999875508
1.0000000000000004 21
16 1.4938510389076844 0.9334134084326547 0.2727837999991607
1.0000000000000002 21
17 1.4314912376368731 0.8801179158224416 0.2729859000246506
1.0000000000000002 21
18 1.3854649528042766 0.827642354966044 0.28145730000687763
1.0000000000000004 21
19 1.340400675998117 0.790525179019024 0.2826321000175085
0.9999999999999997 21
20 1.3033239846308973 0.7480617757606751 0.288605900015682
0.9999999999999997 21
21 1.2658687043668624 0.7146902991601987 0.27406820000032894
1.0 21
22 1.2358894367630562 0.6832702541111033 0.27058989999932237
1.0000000000000004 21
23 1.2064404996116627 0.6521230480184296 0.28645110002253205
0.9999999999999994 21
24 1.1821710476968104 0.6280766635790369 0.2826078999787569
1.0000000000000002 21
25 1.156999215613091 0.5980530311786088 0.2800522000179626
1.0 21
26 1.1370781764109514 0.5805699870595538 0.2783673999947496
1.0000000000000007 21
27 1.116808139045253 0.5528930534991352 0.27651589998276904
1.0 21
28 1.1005173515184583 0.5366652226527757 0.26934100000653416
1.0000000000000004 21
29 1.0828049284014232 0.5121962103651435 0.2712345999898389
0.9999999999999992 21
30 1.069591670585326 0.499813852799253 0.28565120001439936
0.9999999999999997 21
31 1.0537917181617151 0.4788594403285374 0.27508240001043305
0.9999999999999997 21
32 1.0427690830603649 0.4648816782056587 0.2954733000078704
1.0000000000000004 21
33 1.0279651369067935 0.4478156672215784 0.28355569997802377
1.0000000000000002 21
34 1.018062026749505 0.4341335601003298 0.26993270000093617
1.0000000000000007 21
35 1.004382065860232 0.41932549791695645 0.2902388999937102
1.0000000000000007 21
36 0.9951266318708496 0.4062439675014258 0.2769232999999076
0.9999999999999997 21
37 0.9827847507236045 0.3937156419122618 0.2773424999904819
0.9999999999999994 21
38 0.9740536460736061 0.3819126019396231 0.2848750000121072
0.9999999999999997 21
39 0.9628410140882184 0.37051966332685654 0.29656260000774637
1.0000000000000002 21
40 0.9544665733082751 0.3602109736682164 0.2856970000138972
1.0 21
41 0.9439986305663748 0.34916867036687993 0.28753230001893826
0.9999999999999989 21
42 0.9357288544580702 0.33975681438675565 0.2746037000033539
1.0000000000000009 21
43 0.9256656137136224 0.3288815284775018 0.28934379998827353
1.0000000000000002 21
44 0.91775188718793 0.3214314635184362 0.27731950001907535
0.9999999999999996 21
45 0.9090283983092229 0.31133321852328005 0.28507929999614134
1.0 21
46 0.9016141041666306 0.30494798275422763 0.3830679000238888
1.0000000000000004 21
47 0.8937402175140494 0.29539586464386947 0.28551499999593943
1.0000000000000002 21
48 0.8866358342961849 0.29026423886033004 0.2825114000006579
0.9999999999999992 21
49 0.8793283982595164 0.2808258956434959 0.2889621000213083
1.0000000000000002 21
50 0.8725082444644522 0.2766390224828464 0.28615390000049956
1.0 21
51 0.8656674812991336 0.26738831871191104 0.28144089999841526
1.0 21
52 0.8591376640578543 0.26406002576319965 0.26973800000268966
0.9999999999999989 21
53 0.8527092917947952 0.2550004393139298 0.27100780000910163
1.0 21
54 0.8464539156269312 0.2523613531828245 0.27964540000539273
1.0000000000000007 21
55 0.8403497508221408 0.24348811376615775 0.27898829997866414
1.0000000000000007 21
56 0.8342899686575364 0.24127898415946475 0.2706125999975484
0.9999999999999998 21
57 0.8283652829039727 0.2326039223787056 0.2766565000056289
0.9999999999999994 21
58 0.8224421148839185 0.23067094205341687 0.28593509999336675
1.0000000000000004 21
59 0.8166240128604106 0.22207414424347138 0.27572930001770146
0.9999999999999997 21
60 0.8108305018073313 0.22047054829744175 0.2797570999828167
1.0000000000000004 21
61 0.8051374203995152 0.21189641962461 0.29586539999581873
1.0000000000000004 21
62 0.7995720677630991 0.21074267214599995 0.296473700000206
1.0 21
63 0.7940788132042021 0.2025034861078278 0.3658624999807216
0.9999999999999997 21
64 0.7887552384444186 0.20110740235525656 0.27819569999701343
1.0000000000000009 21
65 0.7834114570463258 0.19335428471106683 0.28200989999459125
1.0000000000000004 21
66 0.778333933926888 0.19179052385263848 0.28595879999920726
1.0000000000000007 21
67 0.7732281479539905 0.18473676609444611 0.46536960001685657
0.9999999999999998 21
68 0.7685097248434689 0.18309326743652363 0.27125659998273477
69 0.28631836811774003
-------------------------------------------------END------------------------------------------------------
1
------------------------------------Randomized only---------------------------------------------------
426.33098161973004 427.3483891377196
0.9989589136840104 20
0 392.36455761911805 393.14282155019674 0.112109200010309
0.9991192495969928 20
1 343.4677642674256 344.32722808296677 0.1005019000149332
0.9994540492690687 20
2 289.43400111525085 290.932204017145 0.09692769998218864
0.999277562645616 20
3 249.35091898327832 248.83519398200193 0.10106610000366345
0.9257292930102554 20
0.998867536079023 80
4 142.84407183900495 136.08047070076205 0.2731179000111297
0.8610877849035383 20
0.9871437475643998 80
0.9968048886103822 140
5 91.45830126045092 87.56699067822308 0.6496046000102069
0.7986287412260167 20
0.9735538188904783 80
0.9912845951454701 140
6 60.44017363164015 58.33544432980311 0.545721800008323
0.8596151212945795 20
0.9831620773383057 80
0.9906084313904536 140
7 38.45462952025789 38.08617152286739 0.6058917999907862
0.8402728728107774 20
0.9727295202056941 80
0.9842880876663757 140
0.9919927745557253 200
8 25.910056690733107 25.46272306127645 1.1198446999769658
0.7051282290455165 20
0.9483128603522623 80
0.9665257649355269 140
0.9770336392317425 200
1.0 204
9 14.760372309399589 13.811004496713737 1.0361176000151318
0.917160582772836 20
0.9891144223043522 80
0.994669897581791 140
10 9.33695065936442 8.774310990120558 0.6684401000093203
0.9520363475423861 20
0.9732368340776383 80
0.9781912436508322 140
0.9855933008141134 200
0.9999999999999997 204
11 8.571357570946128 7.295789514448152 1.1758459999982733
0.9952943698397917 20
12 5.903721017725873 5.052257282256538 0.09005359999719076
0.7959699661117499 20
0.9504553779343607 80
0.9822441787188182 140
0.9894838952720405 200
1.000000000000001 204
13 4.704181385509945 4.067882930156499 0.9444793000002392
0.9967043085598425 20
14 3.9624265282107736 3.32933542793827 0.10932899999897927
0.21917057352146851 20
0.7863820668248152 80
0.8600664993317364 140
0.9059721435484748 200
0.9999999999999997 204
15 3.212059889775086 2.4409524374843348 1.1353778000047896
0.996544131340391 20
16 2.9594168611388545 2.254414015109324 0.09643820000928827
0.04125457068373886 20
0.7247367273157438 80
0.8360140824413661 140
0.8880140624161783 200
1.0000000000000007 204
17 2.4652050002355588 1.8539679518268195 1.1474007999931928
0.9821172403232229 20
0.9962966419067909 80
18 2.379462011587534 1.75542982611066 0.27511250000679865
0.09984527673353738 20
0.11729820617472597 80
0.3626779550279417 140
0.5061252848659649 200
1.0000000000000002 204
19 2.0610927404247636 1.4382025697814997 1.0385089999763295
0.9273962441405317 20
0.9876141289593334 80
0.9916190237349406 140
20 1.9813385348791481 1.371203416511964 0.6001927000179421
0.7067323137052831 20
0.726728358544703 80
0.7344760034634759 140
0.7975828426163202 200
1.0000000000000007 204
21 1.7307562330280286 1.153415043403845 1.3671791999950074
0.9306787330430709 20
0.9889137631285501 80
0.9936077117716722 140
22 1.6846664568232765 1.1230645975202285 0.5174358000222128
0.4268420608953784 20
0.44740861919564323 80
0.4573701736888741 140
0.5595893073011344 200
0.9999999999999996 204
23 1.5206051466378048 0.926278548883567 1.2417416999815032
0.9621345022828545 20
0.995999059734153 80
24 1.468413174870699 0.8902038617138728 0.27907560000312515
0.2206620684001197 20
0.22744060094565113 80
0.3982379556082961 140
0.5004159647998727 200
0.9999999999999996 204
25 1.3374885603501214 0.7865174972434997 1.3080888999975286
0.9883730595506341 20
0.9964505114838468 80
26 1.3196426130901928 0.7623075372466165 0.28133539998088963
0.0026294322520805055 20
0.004471947182382762 80
0.2088780510202393 140
0.33422344051593683 200
1.0 204
27 1.2260922179170113 0.668484854099705 1.2535771999973804
0.9728394192231967 20
0.9950585435929101 80
28 1.212642611768446 0.6573371450357809 0.27869219999411143
0.05136696699657617 20
0.054158297828396984 80
0.24236073767615648 140
0.3331532422895303 200
1.0000000000000009 204
29 1.1421344228987687 0.5830150835493262 1.0558496000012383
0.9667122779970639 20
0.9806774934683368 80
0.9828930730600045 140
0.9847424008369783 200
0.9999999999999997 204
30 1.0882320391911369 0.520838105723695 1.0152973999793176
0.993072573078273 20
31 1.0841366673334065 0.5197760167783507 0.10243759999866597
32 0.6444622781245926
-------------------------------------------------END------------------------------------------------------
------------------------------------Krylov only---------------------------------------------------
426.33098161973004 427.3483891377196
0.9999999999999997 21
0 387.4129324933216 389.60284222579946 0.26714300000458024
1.0 21
1 322.5834932483946 324.3652817094939 0.2851972000207752
1.0000000000000007 21
2 306.53970343698836 297.6783962235453 0.2709227000013925
1.0000000000000007 21
3 280.4349024146451 271.6443186637389 0.32090289998450316
0.9999999999999999 21
4 208.37193324272334 204.52279952458437 0.36172819999046624
1.0000000000000004 21
5 124.19350301627992 120.33679198438081 0.28319260000716895
0.9999999999999999 21
6 59.13941790857368 57.74492924077876 0.27085380000062287
1.0000000000000002 21
7 33.64142315132164 32.24331060710891 0.3117197999963537
0.9999999999999994 21
8 15.711262108594644 14.917392580978833 0.3257620000222232
1.0000000000000002 21
9 13.187743082532084 12.150758433495394 0.26953819999471307
1.0000000000000007 21
10 4.723226691158725 4.114708466789876 0.2754339999810327
1.0000000000000004 21
11 3.502646516603642 2.7099669228482326 0.27813890000106767
1.0 21
12 3.0865922446826946 2.371174450099222 0.2861374999920372
1.0000000000000002 21
13 2.606748882652145 1.9470861177675065 0.28279009999823757
1.000000000000001 21
14 2.3670076897004617 1.7094431248464024 0.28371079999487847
0.9999999999999992 21
15 2.1199336673089753 1.5054324136661363 0.26311680002254434
1.0000000000000013 21
16 1.931728377939306 1.282520523221627 0.2762796999886632
1.0000000000000004 21
17 1.7884636541381238 1.1755607855111259 0.26438470001448877
0.9999999999999999 21
18 1.6486477796775814 1.017216745305865 0.2817935000057332
0.9999999999999999 21
19 1.5403394999745996 0.9370291455631145 0.2689871999900788
0.9999999999999994 21
20 1.4526093518291787 0.8328001404237602 0.27804490001290105
0.9999999999999996 21
21 1.3855625986956916 0.7876498844567393 0.27855950000230223
1.0000000000000007 21
22 1.330865011298601 0.7214434864217845 0.2884485999820754
0.9999999999999993 21
23 1.2840068195032142 0.6852968779521788 0.28885760001139715
1.0000000000000004 21
24 1.245921351485873 0.642525556502117 0.2721975000167731
1.0000000000000002 21
25 1.2111652353830138 0.6112097077844029 0.27570579998428
1.0000000000000016 21
26 1.1820918204342732 0.5809375528771507 0.2819221999961883
1.0000000000000002 21
27 1.1546738005061954 0.5532390932302961 0.2757299999939278
1.0000000000000016 21
28 1.1310782490308342 0.5300937081420121 0.2758608000003733
0.9999999999999999 21
29 1.1084596439309626 0.5057029790223388 0.2889292000036221
1.0000000000000004 21
30 1.0883975137504196 0.4857529121443991 0.2811770999978762
1.0000000000000004 21
31 1.0688964855358825 0.46517976095168767 0.278565599990543
0.9999999999999997 21
32 1.0509519212944933 0.4463323444058469 0.27398600001470186
1.0000000000000013 21
33 1.0333091618236554 0.42917608148003206 0.28196680001565255
1.0 21
34 1.0110263233457333 0.4076020443639374 0.2919932999939192
0.9999999999999994 21
35 0.9913954948110937 0.3874828713040661 0.27814910002052784
0.9999999999999991 21
36 0.9764300412201492 0.37142266983560634 0.2796000999805983
0.9999999999999993 21
37 0.9616006627291552 0.35749637488512476 0.2975713000050746
0.9999999999999996 21
38 0.947445120199561 0.34356107724961793 0.43089670001063496
0.9999999999999994 21
39 0.9333063987034519 0.32921666563192875 0.27908549999119714
1.0000000000000004 21
40 0.9199636048659197 0.317295665957624 0.27983250000397675
0.9999999999999999 21
41 0.9069202054045309 0.3046449208582128 0.267910499998834
1.0000000000000004 21
42 0.8951508957380827 0.29357503516220923 0.2695981999859214
1.0000000000000009 21
43 0.8850077963486674 0.28283168839456585 0.28305350002483465
0.9999999999999994 21
44 0.8761114596081385 0.27383448808457117 0.284725499979686
1.0000000000000002 21
45 0.8679082665767576 0.2661271057326384 0.2707195000257343
0.9999999999999991 21
46 0.8605504621742731 0.25890631002184683 0.2708817000093404
0.9999999999999994 21
47 0.8536375012094207 0.2524343744415446 0.2737978999793995
1.000000000000001 21
48 0.8473029394873989 0.24627837028893793 0.27997099998174235
1.0 21
49 0.8412695888826074 0.24062672391135118 0.2914974000013899
0.9999999999999999 21
50 0.8354523921882152 0.23526180954702647 0.295244199980516
1.0000000000000004 21
51 0.8298766743092046 0.22971631744264884 0.3717559000069741
1.0000000000000004 21
52 0.8237376197663165 0.2247686496177065 0.28329439999652095
0.9999999999999991 21
53 0.818052482430774 0.2186019311908676 0.27770189999137074
0.9999999999999997 21
54 0.813272481506082 0.21490072786246675 0.27179440000327304
55 0.28685017636373894
-------------------------------------------------END------------------------------------------------------
2
------------------------------------Randomized only---------------------------------------------------
395.341225732895 396.62826771791475
0.9979671838283123 20
0 366.51109754679936 368.29700711955104 0.11082790000364184
0.9985035491733889 20
1 324.9439883043099 327.62332018743706 0.09574930000235327
0.9988550473314739 20
2 279.5745945928673 282.98834742852205 0.10241449999739416
0.9979460469831756 20
3 247.28538603256285 247.5992776931346 0.11235730000771582
0.8977910428985703 20
0.9984275008818925 80
4 160.05423482883185 156.29317668352888 0.28449339998769574
0.8905065603672278 20
0.9883717025819008 80
0.9969096639788273 140
5 101.84894103535743 98.15446438289156 0.5813687999907415
0.9058405193973991 20
0.9879018127453733 80
0.9950513267950583 140
6 72.02297579205738 69.22029423061196 0.7161993000190705
0.9141183332699852 20
0.9877303796856589 80
0.9932646461271311 140
7 53.31791519768348 50.12594681214544 0.607107099989662
0.9068409725181482 20
0.9873867676174005 80
0.9919719572059283 140
8 39.780211781087075 35.692143785301774 0.6740387000027113
0.879683336947447 20
0.9830614487601599 80
0.9889513582071908 140
0.9937710985396979 200
9 26.72418331274253 24.24669999198042 2.6401148999866564
0.8670443046501579 20
0.9760618344902205 80
0.9863473578161635 140
0.9904401972810117 200
10 18.681362918971082 18.020931998366162 2.08458680001786
0.7126131115146028 20
0.9439447616976716 80
0.9672419112864382 140
0.9731069220186145 200
1.0000000000000007 204
11 10.906311042089557 10.524764184870964 1.0938993000017945
0.749525894887997 20
0.9659595778585426 80
0.9837111099468483 140
0.9886206257981915 200
1.0000000000000002 204
12 6.3223952149336355 5.849102451743082 1.182322300010128
0.8662479048451983 20
0.9713022545089378 80
0.9880261000436735 140
0.9924757991134513 200
13 4.943186992568941 4.531570951196687 1.0514189999958035
0.6843115737926668 20
0.860369005342351 80
0.8854038931949422 140
0.9014179095816877 200
1.0000000000000004 204
14 3.7264072048790404 3.080989731193671 1.457341200002702
0.9803607862896585 20
0.9955858013885461 80
15 3.3597880260957638 2.7986739533505514 0.43327310000313446
0.5626414437481747 20
0.6786376009048654 80
0.8184809643787987 140
0.8700668683419639 200
0.9999999999999999 204
16 2.688582180287959 2.057319695146867 1.3037424999929499
0.9750275575503023 20
0.9944902452541794 80
17 2.573589307961915 1.9164390682448984 0.30362849999801256
0.2838042709751717 20
0.40577651512785584 80
0.5323077826287957 140
0.6443930310244245 200
0.9999999999999994 204
18 2.170640978459664 1.6231971437189858 0.9791965000040364
0.936124287441237 20
0.9867983197622175 80
0.9902530138997399 140
19 2.1097968048745663 1.5378032381754507 0.49862369999755174
0.20012080734295457 20
0.3394799868496437 80
0.3838942583652667 140
0.48259775612667166 200
0.9999999999999996 204
20 1.8453302472601758 1.191438608746584 0.9316800000087824
0.9488365836745127 20
0.9806947052346464 80
0.9861053263490497 140
0.9880330604384636 200
1.0000000000000002 204
21 1.6484010917007268 1.056998063133257 1.015853099990636
0.9866118880720278 20
0.9942855002162732 80
22 1.6364888261217267 1.0432417024567515 0.2767071000125725
0.011159063523560397 20
0.017478516604259937 80
0.19924666814033307 140
0.290655486055921 200
0.9999999999999998 204
23 1.505061229161199 0.8801910237762308 1.1117430000158492
0.9819513951147381 20
0.9907723376442283 80
24 1.4978850581880798 0.8755407828198334 0.27488320000702515
0.024285758473453427 20
0.031928594185020476 80
0.21556976663421354 140
0.29227856625592397 200
0.9999999999999998 204
25 1.3885853111199093 0.7813955497995251 1.249618300003931
0.9618113069729446 20
0.9810313377823195 80
0.9830922298409536 140
0.9842232958092133 200
1.0 204
26 1.2992830621254177 0.6933630120275137 1.0812203999958
0.9741513863521969 20
0.9876804086408048 80
0.9896932712737665 140
0.9909122828689468 200
27 1.2866038284082126 0.6931439275746094 1.0640615000156686
0.13836952915865064 20
0.18290904119789445 80
0.20528551918902088 140
0.21891834841513536 200
0.9999999999999997 204
28 1.2035699923879335 0.5889489611108338 1.0178744999866467
0.9190639249381558 20
0.973193048059222 80
0.9770390425612254 140
0.9787745984943155 200
1.0000000000000004 204
29 1.1381039530442936 0.5484697267359256 1.1189628000138327
0.9780692703882087 20
0.9868732747218415 80
0.9882446014458339 140
0.9894866187219092 200
1.0000000000000004 204
30 1.0811292378829929 0.47587132771077423 1.000838100007968
0.9485353222138999 20
0.9842445008176326 80
0.9854662746383795 140
0.9864857297238427 200
1.0 204
31 1.033241066553257 0.4522117511199735 1.0266005999874324
0.914127422025833 20
0.9552930068002442 80
0.959337019143419 140
0.9630541471140359 200
1.0 204
32 0.9919661908891573 0.3991363435661538 1.3507389999867883
0.9058463726333666 20
0.9592334285016728 80
0.9619048442752794 140
0.9643449890987538 200
1.0000000000000002 204
33 0.9565940977042635 0.37788361371302803 1.306885300000431
0.8764073873260987 20
0.9407892725522523 80
0.9461970514398929 140
0.9501610798711361 200
1.0000000000000002 204
34 0.92631178266434 0.34404876049354666 0.8971780000138097
0.8889007736242777 20
0.9348427381697771 80
0.9395677588897325 140
0.9437051601651627 200
0.9999999999999998 204
35 0.8996727103414532 0.32181237722711514 1.1526971000130288
0.8751936500597928 20
0.9333823741305045 80
0.938593431922681 140
0.942137830786121 200
0.9999999999999994 204
36 0.875386393887854 0.29632257974475856 1.1743024000024889
0.868526419176576 20
0.9226462938908189 80
0.9282267947239825 140
0.932531494007892 200
1.0 204
37 0.8532870239677836 0.2754922829302993 1.2970467999984976
0.8262470254218583 20
0.8966281960420713 80
0.9039706091432409 140
0.9088186059050649 200
0.9999999999999998 204
38 0.8332465566955277 0.25383273279481416 1.1985773000051267
0.8722737914805299 20
0.9155285084782598 80
0.9211273630815278 140
0.9251862391343693 200
1.0000000000000002 204
39 0.8146208781484666 0.23632120111225458 1.2769416999944951
0.9099655638914398 20
0.9403258549145358 80
0.9436115343132809 140
0.9458554251635959 200
0.9999999999999998 204
40 0.7982607125654446 0.21797775377558956 1.1895594999950845
0.9435041787505276 20
0.95699769627332 80
0.9593641499369789 140
0.9611113921912743 200
1.0000000000000004 204
41 0.782933523804898 0.20261949691053963 1.398136899981182
0.896765375398271 20
0.9392653466613655 80
0.9422303983706145 140
0.9438176612350899 200
1.0 204
42 0.7696888397412905 0.18789268572062126 1.4852997999987565
0.9576450941022631 20
0.9674374740402258 80
0.9689752824107035 140
0.9700612094078841 200
1.0000000000000007 204
43 0.7573058387023446 0.1755007335402844 1.0855008999933489
0.8920370454173514 20
0.9378715025756589 80
0.9407202891292337 140
0.941907410223527 200
1.0000000000000002 204
44 0.7466172168609695 0.1635813332747477 1.158290199993644
0.9684649675053946 20
0.9760208662516878 80
0.9770152311617101 140
0.9777081668997134 200
1.0 204
45 0.7365552310078668 0.15386320489100597 1.1675958999840077
0.9458580639918813 20
0.9642611121684536 80
0.9658264786118507 140
0.966451266779428 200
1.0 204
46 0.7277993310371305 0.1441740102209953 1.338524899998447
0.9819376153140618 20
0.9861494096049332 80
0.986680751313646 140
0.9870361688201176 200
0.9999999999999991 204
47 0.7194992271551518 0.1362235058037027 1.4861553000228014
0.9732031417510223 20
0.9802007167675544 80
0.9810156338714927 140
0.9813349554012684 200
1.0000000000000009 204
48 0.7122075041986206 0.1283592353794715 1.2045032000169158
0.9855690646798954 20
0.9891540385794226 80
0.9895655454956137 140
0.9898046698539046 200
0.9999999999999991 204
49 0.7052971157262308 0.12156657890293969 1.2384845000051428
0.9813098397950679 20
0.9860446581975151 80
0.986551323137288 140
0.9867273199537404 200
1.0000000000000004 204
50 0.6992208123029359 0.11539199822606186 1.0798452000017278
0.981679724402774 20
0.9869251809128498 80
0.9873850348142469 140
0.9876273562190091 200
1.0000000000000009 204
51 0.6935895903886813 0.10940699406872324 1.193468000012217
0.9814919593072127 20
0.9874793338352947 80
0.9878597509189251 140
0.9879776653536784 200
1.0000000000000002 204
52 0.6887073266765811 0.10510655910089436 0.9583574999996927
53 1.002279926416517
-------------------------------------------------END------------------------------------------------------
------------------------------------Krylov only---------------------------------------------------
395.341225732895 396.62826771791475
1.0000000000000004 21
0 362.2946911814379 364.17554029558227 0.2769186999939848
1.0000000000000007 21
1 294.6912116398575 296.0756914516904 0.2876745999965351
0.9999999999999997 21
2 201.80177358517804 196.38544899078224 0.29870139999547973
0.999999999999998 21
3 114.50802414453001 110.69676691030135 0.4027619000116829
1.0000000000000002 21
4 79.46026542100297 77.31422520696279 0.2812396999797784
1.0000000000000007 21
5 22.71243777745003 23.194239500140363 0.2952379999915138
0.9999999999999993 21
6 7.9405423809982745 7.370941693782525 0.4062545000051614
1.0000000000000013 21
7 5.34433293996758 4.627386225932287 0.3031239999982063
1.0000000000000009 21
8 3.5347240347206093 2.535276980078811 0.2791399999987334
0.9999999999999986 21
9 2.9303232382091773 2.0093729447052295 0.2731189999904018
0.9999999999999996 21
10 2.6249748507195614 1.7068810675720159 0.2826274000108242
1.0000000000000002 21
11 2.337607440939436 1.5019320073332587 0.2844263000006322
0.9999999999999994 21
12 2.162611583717192 1.3349916549566587 0.28556670001125894
1.0000000000000009 21
13 2.0153665348298975 1.2303415906865927 0.28373980001197197
1.0 21
14 1.9044390255827959 1.1288320863782146 0.27772250000271015
1.0000000000000013 21
15 1.8026050898271224 1.0761029944816676 0.28209170000627637
1.0000000000000007 21
16 1.6881665595170223 0.9520037849879149 0.2685658000118565
1.0 21
17 1.5945214054732753 0.8928575663173567 0.2882530999777373
1.000000000000001 21
18 1.4272315716251889 0.73304191056021 0.2859308000188321
1.0000000000000002 21
19 1.2323861063122894 0.5839404308466174 0.28150270000332966
0.9999999999999991 21
20 1.1186491974885147 0.4654995832757843 0.2773120000201743
0.9999999999999993 21
21 1.0514478313312108 0.41563678552246663 0.2739744000136852
0.9999999999999998 21
22 1.0101271824384952 0.3705696641851172 0.2624249999935273
1.0000000000000007 21
23 0.9788506986944849 0.3489668331407236 0.27214630000526085
0.9999999999999999 21
24 0.9558244147364023 0.32429491425959517 0.2939863000065088
1.0000000000000007 21
25 0.936127628677868 0.31162832489824666 0.29245630002697
0.9999999999999994 21
26 0.9194936987420318 0.29459612349196485 0.32711730001028627
1.0 21
27 0.9049837895434913 0.2849065921262679 0.3881526000041049
1.0000000000000002 21
28 0.8925820260615408 0.27116186492564354 0.33896350002032705
0.9999999999999994 21
29 0.881692280489258 0.265152018355297 0.27419550000922754
0.9999999999999981 21
30 0.8717117450340193 0.2537640965614693 0.28084449999732897
1.0000000000000004 21
31 0.8629393428238471 0.2496811291642653 0.2838826999941375
0.9999999999999989 21
32 0.8546372457229255 0.24019391011755759 0.27423320000525564
1.0000000000000007 21
33 0.8473283633021983 0.23714101500462986 0.28534999999101274
1.0000000000000007 21
34 0.840288579854439 0.22893628919790054 0.28043010001420043
1.0000000000000004 21
35 0.8340805328012783 0.22669968034167534 0.28015900001628324
1.0000000000000002 21
36 0.8280294333026508 0.21963476236890414 0.27007379999849945
1.0 21
37 0.8226696872647502 0.21779695712623207 0.280397400027141
0.9999999999999993 21
38 0.8173993656523282 0.21160027710049842 0.288695800001733
1.0000000000000007 21
39 0.8126918046349392 0.21006615016731225 0.2704657999856863
40 0.2929965025039564
-------------------------------------------------END------------------------------------------------------
3
------------------------------------Randomized only---------------------------------------------------
392.0258183376123 391.9998134549771
0.9989128671662394 20
0 363.7777113726346 364.36112035039343 0.10590249998494983
0.9993079704264435 20
1 322.94756114511677 324.55554419025805 0.10276629999862053
0.9995024992226578 20
2 278.72139049383185 280.76800648697133 0.10307859999011271
0.9992706706041021 20
3 245.35912647647643 244.33539574574885 0.10964070001500659
0.9599995505434628 20
0.9986899165907474 80
4 151.59330992494048 148.1575230231978 0.2829071000160184
0.8989662387766941 20
0.993671529614867 80
5 74.31638642590805 71.8154947342379 0.26575880000018515
0.9748864655863697 20
0.9954341769031121 80
6 47.158833906513905 45.71786569604735 0.2906170999922324
0.5853966052535796 20
0.83268573978293 80
0.9159240463328877 140
0.9572786866433416 200
1.0000000000000002 204
7 33.393488268591 32.10588602100246 1.2389279000053648
0.8075164401973982 20
0.9214659509538485 80
0.9661644425419298 140
0.9850348497429383 200
1.0 204
8 24.375482258707898 23.607689203006032 1.170685199991567
0.9651083195860258 20
0.9939543148568644 80
9 17.288601086404135 17.03857850109164 0.2727569999988191
0.9318361999102039 20
0.9624666517148687 80
0.9856196042089788 140
0.9913265160588328 200
10 13.322135630446963 13.27271190570148 1.030365000013262
0.9878590099334583 20
0.9962844757701614 80
11 11.530953743099387 11.03079207380984 0.263157700013835
0.7083633356313531 20
0.804481680951873 80
0.8806339011359565 140
0.9117400955358218 200
1.0000000000000002 204
12 11.38671349108775 11.13197086069707 1.0022573999885935
0.9910342749788025 20
13 7.318638392411027 6.930786344532445 0.10576199999195524
0.6608398690704259 20
0.938821531879941 80
0.977024438778648 140
0.9882729739170601 200
0.9999999999999999 204
14 5.53291491556213 4.831546570584174 0.9369492000259925
0.9905512997605458 20
15 4.665903910880152 3.8617815775946296 0.10966410001856275
0.08899672503544642 20
0.8632810180245292 80
0.9518456604056875 140
0.9737961129963996 200
1.0000000000000002 204
16 3.5221712680821833 2.788953855222179 1.1544977000157814
0.9892259006742974 20
0.9980708494826237 80
17 3.2617372645181884 2.5355325909977866 0.2681919000169728
0.8051954125230899 20
0.8176232332306637 80
0.9114705083745374 140
0.9469063270994474 200
0.9999999999999991 204
18 2.665722123172783 1.9077852862861577 1.2375211000035051
0.9976162189709995 20
19 2.5910433919704823 1.8289956688038453 0.10277929998119362
0.021433748804494144 20
0.5230529009279343 80
0.7530564616193298 140
0.8528282215223757 200
0.9999999999999997 204
20 2.164715983974904 1.3807224680425392 1.0919134999858215
0.9940355267138665 20
21 2.089839545167661 1.34041101018682 0.10940440002013929
0.01630389634585377 20
0.8007271593939216 80
0.901073225487451 140
0.9446272708768022 200
0.9999999999999998 204
22 1.744504069886076 1.0467307034898587 1.175038300018059
0.9655375119642623 20
0.9958641478900305 80
23 1.6962166210394083 0.9987696601241084 0.2726204000064172
0.263168332492382 20
0.2746499324318197 80
0.5916786073317718 140
0.7641117341325938 200
1.0000000000000002 204
24 1.4891026457596288 0.8105248497739903 1.1237424999999348
0.9982983572887586 20
25 1.4605190285334342 0.7938356615296661 0.10671680001541972
0.006383996749993605 20
0.6373266651492073 80
0.7639413426255806 140
0.8578509086812719 200
1.0 204
26 1.3722738928051752 0.6753532979054262 1.1794336000166368
0.9981294153927138 20
27 1.2499755395390468 0.5634976383360527 0.09564339998178184
0.011032790079570507 20
0.9138387659345167 80
0.9405387037859665 140
0.9560252500239582 200
0.9999999999999998 204
28 1.1538479666618615 0.49917383939834775 1.5945906999986619
0.99875587153084 20
29 1.1117106818826779 0.4707221718467531 0.10483180001028813
0.02245780206032236 20
0.8609715493847264 80
0.8964846210375529 140
0.91313237212185 200
1.0 204
30 1.075227393681588 0.41821250521704667 1.0616727000160608
0.9994902669191171 20
31 1.0163517164450466 0.373184000722493 0.11112760001560673
0.0471495384363735 20
0.867722312597858 80
0.9053589437728495 140
0.9198285401584203 200
0.9999999999999997 204
32 0.9553108381128844 0.3272834304300152 1.1409448999911547
0.9944846909280751 20
33 0.9506869503635927 0.3262691847104904 0.10847179999109358
34 0.5714805588273414
-------------------------------------------------END------------------------------------------------------
------------------------------------Krylov only---------------------------------------------------
392.0258183376123 391.9998134549771
1.0000000000000002 21
0 361.10592651467095 362.26431769861 0.2850853000127245
0.9999999999999997 21
1 280.53449738655854 282.37101021653183 0.289747399976477
0.9999999999999999 21
2 269.68371915227317 271.45186389743895 0.3922374999965541
0.9999999999999996 21
3 256.12502746369506 257.51215017814127 0.3991712999995798
0.9999999999999997 21
4 215.4631735660756 218.90871974885314 0.32423349999589846
1.0000000000000009 21
5 78.94269868165091 80.18467386569776 0.31330249999882653
1.0 21
6 58.98142517901368 62.21453878008345 0.2741311000136193
1.0000000000000002 21
7 51.28602988181713 52.00088833754671 0.2830123000021558
1.0000000000000013 21
8 9.790286200074439 9.130224323809111 0.2890964000253007
0.9999999999999997 21
9 6.088022806589447 5.570148785498599 0.27459849999286234
1.0000000000000002 21
10 4.346562870021784 3.9308892653970267 0.28690999999525957
0.9999999999999998 21
11 3.625484860953376 3.1915810875865684 0.27901890000794083
0.9999999999999998 21
12 3.12277772572618 2.625850304485505 0.2767176999768708
1.0 21
13 2.737278455511674 2.2112781970908597 0.28687780001200736
1.0000000000000009 21
14 2.4955773875998384 1.9123172070707986 0.27429050000500865
1.0000000000000004 21
15 2.1792953711335388 1.578065780569561 0.26539029998821206
1.0 21
16 2.005804894417285 1.3702575411271645 0.28242210001917556
1.0000000000000007 21
17 1.8097468516088746 1.1646622136598155 0.26755839999532327
0.9999999999999996 21
18 1.7108538914310405 1.06785268960306 0.2809094999975059
0.9999999999999998 21
19 1.6195417522231994 0.9578626598966009 0.2857173999946099
1.0000000000000002 21
20 1.5556994239307937 0.9142877251784396 0.2785543000209145
0.9999999999999984 21
21 1.4996382798256165 0.8387299054230553 0.2832652000070084
0.9999999999999997 21
22 1.4544584657072412 0.8177570574970378 0.2805740000039805
0.9999999999999997 21
23 1.4151610976475972 0.7650611141226955 0.27838750000228174
1.0000000000000016 21
24 1.3794795190411757 0.7498781612811096 0.26982950000092387
0.9999999999999994 21
25 1.3478416088199 0.7095540869051183 0.2756478999799583
1.0000000000000002 21
26 1.317810601454938 0.6949070955056654 0.2842448999872431
1.0 21
27 1.290403508027155 0.6623099140347217 0.28447159999632277
0.9999999999999996 21
28 1.2628903980446016 0.6454566512313802 0.2911483999923803
0.9999999999999996 21
29 1.237818988041564 0.614979493136245 0.44598620000761
0.9999999999999998 21
30 1.2146193000864383 0.6042352238969179 0.4467084000061732
0.9999999999999992 21
31 1.1926287866353618 0.5768796610378988 0.26985189999686554
0.9999999999999997 21
32 1.171398647730242 0.5672745549969511 0.2799448999867309
1.0000000000000002 21
33 1.151493137833247 0.5375819875969564 0.26615949999541044
0.9999999999999998 21
34 1.1322010641450808 0.5315082150151336 0.27140879997750744
1.0000000000000007 21
35 1.1138156645132853 0.5034785517484913 0.2775020000117365
0.9999999999999996 21
36 1.0965369595266705 0.49735906299138577 0.2773733999929391
1.0000000000000004 21
37 1.0800928030794072 0.468883098847678 0.2740265000029467
1.0000000000000002 21
38 1.065230176768257 0.46575169902093033 0.282877899997402
1.0000000000000004 21
39 1.0504914115600046 0.44115144627195846 0.28822620000573806
0.9999999999999997 21
40 1.0377195654370892 0.43878038166849526 0.2708336999930907
1.0000000000000007 21
41 1.0245816013585372 0.4162065852988287 0.2812751999881584
1.0 21
42 1.0135247034342827 0.4145144524184083 0.27285290000145324
1.0000000000000002 21
43 1.0020652649513413 0.39501760358181703 0.2659076999989338
1.0000000000000002 21
44 0.9926609137107735 0.3919391036252919 0.2697700000135228
0.9999999999999999 21
45 0.9828503358545341 0.3763566515965986 0.2801794999977574
1.0000000000000004 21
46 0.9746542397803277 0.37383096975365293 0.27222870002151467
0.9999999999999997 21
47 0.9659862298758136 0.36056595827298576 0.28642760001821443
0.999999999999998 21
48 0.9585452737063282 0.3574499999795402 0.2831585999811068
1.0000000000000002 21
49 0.9507246610287456 0.3462641269236612 0.2929197000048589
1.0000000000000004 21
50 0.9438620473784959 0.34262086732998726 0.2655304000072647
1.0000000000000004 21
51 0.9366698782786173 0.3331710826456407 0.2892578000028152
0.9999999999999996 21
52 0.9302213134148473 0.3288108177507983 0.27883170000859536
1.0 21
53 0.9234733471790981 0.32087265917821484 0.2869570999755524
0.9999999999999994 21
54 0.9172750604007354 0.3158428280947727 0.2682129000022542
1.000000000000001 21
55 0.9107826243291973 0.30903531757842295 0.2897190999938175
1.0 21
56 0.9046033985603447 0.30343210125600106 0.28312560002086684
1.0000000000000002 21
57 0.8981443855491067 0.2970524714913044 0.2801764000032563
0.9999999999999991 21
58 0.8921651614497212 0.29087989521770563 0.28161900001578033
1.0 21
59 0.885930726326066 0.2856349976017537 0.27211709998664446
0.9999999999999991 21
60 0.8800942283893972 0.27935204351153636 0.2824550000077579
0.9999999999999992 21
61 0.874032665354582 0.2749058441116158 0.2777076000056695
1.0000000000000002 21
62 0.8682673529902142 0.2672800189526389 0.2852621000201907
0.9999999999999996 21
63 0.8619737206984879 0.2621724931936486 0.2885547000041697
0.9999999999999999 21
64 0.856200153805522 0.2558892144844682 0.2885960999992676
1.0000000000000004 21
65 0.8504553417228555 0.25159187498801 0.2917347000038717
1.0 21
66 0.8448346212279408 0.24451238911370393 0.273519500013208
1.0000000000000007 21
67 0.8391301607846763 0.2406092298871438 0.2881688000052236
1.0000000000000016 21
68 0.8335133017609693 0.23291355192383778 0.27339190000202507
1.0 21
69 0.8278786285743488 0.22953064475720125 0.29115430000820197
0.9999999999999993 21
70 0.8223766814828366 0.22235436988851065 0.29405169998062775
1.0000000000000007 21
71 0.8168314573673667 0.21825480981713086 0.30127409999840893
0.9999999999999994 21
72 0.8114552224015117 0.21118688914577294 0.2701841000234708
0.9999999999999994 21
73 0.8060252704460735 0.20741125502325344 0.2942685000016354
1.000000000000002 21
74 0.8008962230849552 0.200656115595465 0.2781290000129957
1.0000000000000007 21
75 0.7958394775494244 0.1966908191877548 0.27804229999310337
1.0000000000000007 21
76 0.7910591410581643 0.1908516228938339 0.2874829999927897
77 0.28872331818293584
-------------------------------------------------END------------------------------------------------------
4
------------------------------------Randomized only---------------------------------------------------
482.2605296073058 481.1342082417031
0.9983567279129231 20
0 438.5358414704279 438.60075698147165 0.09568689999287017
0.9991103247971977 20
1 375.038166984079 376.4488361015514 0.11497019999660552
0.9995026238623508 20
2 304.73302126174457 307.1097602512735 0.10069240001030266
0.9995978784927458 20
3 251.37630389049397 252.24865497024896 0.09745550001389347
0.9954717003576422 20
4 216.6977277799013 211.30733980905282 0.0983020999992732
0.963593035448154 20
0.9990270096507599 80
5 179.0597989642453 174.6008755947063 0.2885879999957979
0.9707699821165465 20
0.9971213302385713 80
6 89.2372104767674 86.07579392006461 0.2792939000064507
0.9150975159772927 20
0.9930231460819678 80
7 54.995774793661376 54.327890459918244 0.2721056000154931
0.9879042718257234 20
0.9972252875302842 80
8 34.87708632081272 34.97322770730846 0.26878780001425184
0.6715032338764232 20
0.8727915122944421 80
0.9390492520045154 140
0.9674220380431029 200
0.9999999999999998 204
9 27.017696503808697 26.503787029976316 1.1424394999921788
0.9717003771511229 20
0.9938550805982276 80
10 20.74443854515122 21.0035318459548 0.2813185999984853
0.6391254677559283 20
0.7969498267677492 80
0.920953653119014 140
0.960447464239092 200
0.9999999999999998 204
11 14.278655715862849 14.453619976724434 1.064807299990207
0.9810382680464318 20
0.9926587969174754 80
12 11.615132655935408 11.863586501434813 0.2739119000034407
0.9452466396927889 20
0.964465812961264 80
0.9880414374382467 140
0.9933143034357808 200
13 9.079731304162467 8.165009377126083 0.9828581000037957
0.9800268453666636 20
0.9946313606129726 80
14 7.53992954932485 6.443611366874701 0.27706389999366365
0.7917343630052395 20
0.8265222650193539 80
0.894984490727747 140
0.9272558585858779 200
1.0000000000000002 204
15 5.760799464420696 4.802173111970004 1.0622275000205263
0.992735323240853 20
16 4.8706016520409365 3.981011919986126 0.11050199999590404
0.3187082640484227 20
0.9134676801834637 80
0.9686072822157091 140
0.9808944718266418 200
1.0000000000000002 204
17 4.009083011212547 3.0777123047754915 1.0904509000247344
0.9924275689624971 20
18 3.5396564535039805 2.6991508035666145 0.10801060000085272
0.01715205072932568 20
0.8854848178657899 80
0.9477540351519981 140
0.9749774968335664 200
1.0 204
19 2.9911343444499976 2.129340603265655 1.4576062000123784
0.9933620685372763 20
20 2.8677750643992455 2.000458664060303 0.15663880002102815
0.035706346084822 20
0.8559497955837471 80
0.9236324597312916 140
0.9560527677629809 200
0.9999999999999996 204
21 2.664354958181097 1.8284343229819169 1.4933867999934591
0.9861824586673453 20
0.9986779992624325 80
22 2.463572446158235 1.6677401894683916 0.2783357000153046
0.5939586426115318 20
0.6061901931056064 80
0.7448302264604322 140
0.8484228525844435 200
1.0000000000000002 204
23 2.259191010732252 1.4275554293992727 1.215432700002566
0.9871977189200974 20
0.9987985045693576 80
24 2.183282919794743 1.3730141710509576 0.27687180001521483
0.1979834225199656 20
0.22098711341574645 80
0.4446436007950523 140
0.633083908188606 200
1.0 204
25 2.058375063253447 1.2654340605043117 1.1704746999894269
0.9394426996499441 20
0.9962202989116733 80
26 1.9549669160838588 1.1725009206118326 0.26780619999044575
0.620644317175852 20
0.6321434209164171 80
0.7865295863584687 140
0.8766778380279444 200
1.0000000000000004 204
27 1.8397607664031719 1.071736452486978 1.0645437000202946
0.9869600208353957 20
0.9988198718461333 80
28 1.7794794000872378 1.0184566858657786 0.27919670002302155
0.0805872314925417 20
0.08936785932552276 80
0.49118821758931874 140
0.6966167516644127 200
1.0 204
29 1.643864607033569 0.9269050162690003 1.1576925000117626
0.9939948601372246 20
30 1.6081027815525992 0.8940640214417749 0.10655160000897013
0.0015685914453124911 20
0.880017274648668 80
0.9382741587581932 140
0.9670422209541959 200
1.0000000000000002 204
31 1.5128247894470714 0.7924697171606594 1.3404774999944493
0.98753007845947 20
0.9995429359910415 80
32 1.4181843860038426 0.7104343278022011 0.2934096000099089
0.26485176286719375 20
0.27644945701678625 80
0.6645526799919501 140
0.8202877165218474 200
1.0 204
33 1.344302930351454 0.6391704689014013 1.3554416999977548
0.9947897985909456 20
34 1.3357813910757788 0.6358414579732345 0.104104300000472
0.0007627205983557475 20
0.5087952467018261 80
0.7758848563451154 140
0.8810018495253198 200
1.0 204
35 1.2611080985365273 0.5679824931819125 2.7019369000045117
0.9920469762068127 20
36 1.251288972275968 0.562915022507491 0.16080730000976473
0.0010352012511017964 20
0.8311065805430935 80
0.9213410319457513 140
0.9604005185423019 200
1.0 204
37 1.1987256462011573 0.5283287462289777 1.897482400003355
0.9947480458198565 20
38 1.1168255708162946 0.4513391632352485 0.09579289998509921
0.00292930789047862 20
0.9600456218340858 80
0.9840902919632607 140
0.9937638121661768 200
39 1.0581791027113239 0.41132150486490643 1.0436295999970753
0.975105917251711 20
0.9984571084436448 80
40 1.0522362887424694 0.40012402894986154 0.26146810001228005
0.059837253447885166 20
0.06185520282412708 80
0.14358753289872322 140
0.20011697502014605 200
1.0 204
41 1.0141506717255524 0.385799252337496 1.216584400011925
0.9929272248569786 20
42 0.9944486299229327 0.35147890825202527 0.0919809999759309
0.005904071058555959 20
0.9022754447445115 80
0.9215416219743564 140
0.9326141566384003 200
0.9999999999999998 204
43 0.9620479576917776 0.33915409877131375 1.1749204999941867
0.9903586229486366 20
44 0.9418155310893006 0.30676558543436067 0.10945599997648969
0.0005556397929576372 20
0.97265708466665 80
0.9817283636831521 140
0.9853419119101376 200
0.9999999999999999 204
45 0.9015904575654273 0.27645431815068755 1.3315212999877986
0.978920259314063 20
0.9996912552573752 80
46 0.8849414092396722 0.2557548115720865 0.2792122999962885
0.5070595507585319 20
0.514088261627543 80
0.6367082985626304 140
0.7287515036665889 200
0.9999999999999994 204
47 0.8529053552503947 0.23751338941143246 1.300171400012914
0.9972069980421379 20
48 0.8247503826461583 0.2021296418519622 0.11807070000213571
0.0021775738364368017 20
0.9699303692673329 80
0.9834057341854205 140
0.9890715525700317 200
1.0 204
49 0.7852322240498266 0.1756091768460393 1.3717922999931034
0.9945347647637159 20
50 0.7797218278510784 0.16766378140977486 0.18968199999653734
0.0002741077064070512 20
0.9499698280184639 80
0.9782430043300332 140
0.9869065754501393 200
0.9999999999999997 204
51 0.7615481882913018 0.1600243403422075 2.8757674999942537
0.9881974708695046 20
0.9996460508742531 80
52 0.744467014958258 0.1400642763429921 0.4356989999942016
0.06271029380697404 20
0.06569399960753741 80
0.4694745769960324 140
0.5495087697882585 200
1.0000000000000002 204
53 0.73227025851165 0.13264112001698652 1.950114900013432
0.9983733527256595 20
54 0.7319676440668197 0.13178047550473854 0.11332749997382052
55 0.7044883854565507
-------------------------------------------------END------------------------------------------------------
------------------------------------Krylov only---------------------------------------------------
482.2605296073058 481.1342082417031
0.9999999999999994 21
0 435.5299497448793 435.72898394974425 0.28649110000696965
1.0000000000000007 21
1 362.1650234526434 364.9667001401311 0.2844348000071477
1.0 21
2 313.95079069701944 304.08060135828566 0.43455309999990277
1.0 21
3 201.96873696053018 197.98631125315026 0.3675210999790579
0.9999999999999998 21
4 134.11829646684296 125.89903345228056 0.28669739997712895
0.9999999999999992 21
5 46.94153904517974 44.77188596261057 0.2811890000011772
1.0000000000000009 21
6 43.725043800273994 44.15382177336634 0.2888412999745924
1.0000000000000009 21
7 9.328028996127763 8.860275137865406 0.2830066999886185
0.9999999999999994 21
8 6.177528517290221 5.978509164008059 0.2708027999906335
1.0000000000000004 21
9 3.0156415773496374 2.3943515098310044 0.28766149998409674
0.9999999999999992 21
10 2.4009323004589533 1.832967231937394 0.2801739000133239
0.9999999999999996 21
11 1.991052080403053 1.3592709549449251 0.27764799998840317
0.9999999999999996 21
12 1.7556213439345298 1.1752177525540812 0.2804416000144556
1.0 21
13 1.5804406909279334 0.9589423523302798 0.2848039999953471
1.0000000000000004 21
14 1.461402675752063 0.8669892924415551 0.2706027000094764
1.0 21
15 1.3560102135673044 0.7444406125972562 0.27434550001635216
0.9999999999999991 21
16 1.2763772719775621 0.6697980673976491 0.27200949998223223
1.0000000000000004 21
17 1.198387014402908 0.5893087695835784 0.2856993999739643
0.9999999999999994 21
18 1.1396617849029096 0.5159067793701237 0.2741336000035517
1.0 21
19 1.0867422859516065 0.47603689988825265 0.28311580000445247
0.9999999999999994 21
20 1.0399922321112711 0.4080479844042717 0.28981190000195056
1.0 21
21 1.0033968419584711 0.3909126382272182 0.28279970001312904
0.9999999999999993 21
22 0.9679905056808218 0.33856081896543333 0.2683569000218995
1.000000000000001 21
23 0.9423893077044148 0.32944839594668823 0.2818580000021029
0.9999999999999993 21
24 0.9162943717046095 0.29342314453586676 0.2816345999890473
0.9999999999999993 21
25 0.896165137026933 0.2866080937934861 0.28276390000246465
1.0000000000000007 21
26 0.8763956989435754 0.2612980841321958 0.27188859999296255
1.0000000000000004 21
27 0.860614523748037 0.25454951204043497 0.2785366000025533
0.9999999999999992 21
28 0.8448775748842178 0.23716589298980348 0.2715983999951277
0.9999999999999994 21
29 0.831771829623146 0.22965797497455953 0.2822485000069719
0.9999999999999987 21
30 0.81840574746935 0.21685006039187504 0.2779352000216022
1.0 21
31 0.8069532509582988 0.20907044539766637 0.27796459998353384
0.9999999999999997 21
32 0.7966480847554797 0.20058085865798345 0.2713254000118468
1.0000000000000004 21
33 0.7876990157964312 0.19305926603231477 0.26854659998207353
1.0000000000000007 21
34 0.7790096218261986 0.18691592208031596 0.2692442999978084
0.9999999999999999 21
35 0.7713801999933938 0.17960640316814233 0.27440460000070743
1.000000000000001 21
36 0.7637550180575985 0.1744398911032828 0.2743604000133928
1.0000000000000002 21
37 0.7569696002972703 0.16773563793386334 0.28223750001052395
1.0000000000000002 21
38 0.750583318028879 0.1625291643343865 0.28996370002278127
1.0000000000000002 21
39 0.7449612660045551 0.15702710550288138 0.2727770999772474
1.0000000000000007 21
40 0.7395529201277097 0.153027907878249 0.2745788999891374
1.0000000000000004 21
41 0.7346965967628472 0.14808492307166599 0.3662633999774698
42 0.28679218095064807
-------------------------------------------------END------------------------------------------------------
5
------------------------------------Randomized only---------------------------------------------------
413.6784988890949 415.2595690785941
0.9990342973269487 20
0 381.8914347193558 384.03821113232476 0.1598492999910377
0.9993479738394564 20
1 336.11595811619145 339.03830208525795 0.0976000000082422
0.9994701267062162 20
2 285.5610100003146 289.31596367575065 0.09746399999130517
0.9989766406398867 20
3 245.24487623802418 246.8983730555224 0.11207419997663237
0.9508326788567383 20
0.9985360686463494 80
4 189.730610495749 190.17263847176218 0.2811912000179291
0.9366696092001227 20
0.9952635581297617 80
5 112.60832126682752 111.84810552984804 0.2818122000026051
0.907150317741051 20
0.9857925475480457 80
0.9954439714395006 140
6 67.52942720364175 65.90581436596244 0.6105674999998882
0.932503148080821 20
0.9867674263262762 80
0.9948353360461206 140
7 44.849040061051376 43.25926294689484 0.5127351999981329
0.9419786373026244 20
0.9857001330898806 80
0.992154693084367 140
8 33.555750552223195 32.20311732609863 0.5979020000086166
0.9259359614833779 20
0.9744019557528243 80
0.9832979203521532 140
0.9899902465550185 200
1.0000000000000004 204
9 30.190967159792653 27.765549328156958 1.1102994000248145
0.9954571610864936 20
10 19.093418220401283 18.090347490782644 0.10820089999469928
0.8137440727922691 20
0.9773019535826206 80
0.9880232948500893 140
0.9947188998997255 200
11 12.521600286984308 11.777977717339994 1.0190294999920297
0.9642947005994008 20
0.9930868131390781 80
12 10.850853659113088 9.725993889216374 0.3075505000015255
0.4700754697699824 20
0.6910912688204968 80
0.7988184725934908 140
0.8621810569273067 200
1.0000000000000007 204
13 8.463166953187098 7.663374795146891 2.1717522999970242
0.9902699243785429 20
14 6.886646832868774 6.193772324049157 0.18606340000405908
0.2784521041218242 20
0.8762675033285525 80
0.9296982459850257 140
0.9565206946751692 200
1.0000000000000007 204
15 5.1171461381141485 4.2416484897888695 4.048666400020011
0.9063538166440578 20
0.9925262342501036 80
16 4.023294743851615 3.3588722183138406 0.3433954000065569
0.6110622558369886 20
0.6780055627150933 80
0.8133989678845407 140
0.8805475679579835 200
0.9999999999999999 204
17 3.4849975610598136 2.6685982242504145 1.7846079999872018
0.9633784995174586 20
0.9971495188723312 80
18 2.6832384336433526 1.9377259479986806 0.2675656000210438
0.5386851054260492 20
0.6241242285731572 80
0.8088082659192837 140
0.8908050568838873 200
1.0000000000000007 204
19 2.083135413642726 1.3834741574147191 1.2006684999796562
0.9838904145318109 20
0.9978447105089558 80
20 1.9683851472779552 1.2633302747138884 0.29063350000069477
0.20372776584494445 20
0.21657613760392805 80
0.47687601495172044 140
0.6340949057527063 200
1.0000000000000002 204
21 1.6260148770557334 0.9936036831074286 1.3108195000095293
0.9219694260859459 20
0.9858149730512924 80
0.9918574372023803 140
22 1.5482987908781145 0.8914549070291298 0.5321103000023868
0.46831137036393505 20
0.4868594435183161 80
0.4968266305103782 140
0.6781345982031157 200
1.0000000000000004 204
23 1.3385617287050038 0.7005676421582886 1.1016716999874916
0.9205804660903665 20
0.991061135513485 80
24 1.2993563364533425 0.65712635503227 0.359113399987109
0.09611842259253824 20
0.10708923817684288 80
0.356554512251296 140
0.48873956031000876 200
1.0 204
25 1.1648349632124022 0.550989333412936 1.1948185999935959
0.9712241664329134 20
0.9964994937574654 80
26 1.142102650677161 0.5199802067047676 0.3105605999880936
0.1745002195745884 20
0.17817058425861373 80
0.3842035650930215 140
0.5156196738019878 200
1.0000000000000002 204
27 1.0624773554507527 0.4234520431268893 1.3199526999960653
0.9978396077462315 20
28 1.0417131694571067 0.41127163997895766 0.09778690000530332
0.0013573900700337258 20
0.782105340270239 80
0.8351574150313511 140
0.8514005887037153 200
1.0000000000000007 204
29 0.9665033537052247 0.3558798079573169 1.1731182000075933
0.9617316899225222 20
0.99532164170579 80
30 0.9563447228857007 0.3457435572533441 0.28586500001256354
0.004000153196358614 20
0.006050053718430272 80
0.28711431877774063 140
0.3983269353265682 200
0.9999999999999996 204
31 0.9010870093640063 0.2845007963520169 1.0678404000063892
0.9852107490982857 20
0.9984111400104172 80
32 0.8966685780168749 0.28293077984355913 0.2973538000078406
33 0.746686063637202
-------------------------------------------------END------------------------------------------------------
------------------------------------Krylov only---------------------------------------------------
413.6784988890949 415.2595690785941
0.9999999999999997 21
0 378.6857539506387 381.5654715709527 0.29209470000932924
1.0000000000000002 21
1 305.0788672132721 308.98116580905685 0.28210899999248795
1.0000000000000004 21
2 268.53550643307676 260.8696605216946 0.36226340002031066
0.9999999999999999 21
3 231.43450376087543 221.1699144846192 0.2953583000053186
1.0000000000000013 21
4 146.72160808073724 145.67030639158276 0.32176829999662004
0.9999999999999992 21
5 85.83722322108221 84.42590550247905 0.31403619999764487
1.0000000000000007 21
6 50.824499395665796 50.13542260630245 0.3008395000069868
0.999999999999999 21
7 19.9009158603632 19.29873796116147 0.278545099979965
0.9999999999999989 21
8 5.447233449501362 4.668370743463796 0.2673992000054568
1.000000000000001 21
9 3.5680936610741605 2.8708857510201895 0.27721180001390167
1.0000000000000009 21
10 2.7259633009656294 2.0515697971905738 0.29233220001333393
1.0000000000000007 21
11 2.453504945230904 1.8126039590990244 0.27919739999924786
0.9999999999999999 21
12 2.1131572893010744 1.4908646072979155 0.3317529000050854
1.0000000000000007 21
13 1.9984033683612892 1.363935485087311 0.3444819000142161
0.999999999999999 21
14 1.7447404600184302 1.1129550299425417 0.26701400001184084
0.9999999999999999 21
15 1.623137587230318 0.9798563378689216 0.27847739998833276
1.0 21
16 1.4346432045373845 0.8060065822682017 0.2743483000085689
0.9999999999999999 21
17 1.3157384524580582 0.6783326127545426 0.2815804999845568
1.0000000000000007 21
18 1.2408174872050364 0.6125063822790385 0.2690028000215534
1.0000000000000002 21
19 1.1816071262916163 0.553347046100062 0.2721052000124473
0.9999999999999996 21
20 1.140062528398035 0.516641368460893 0.2799081999983173
1.0000000000000024 21
21 1.1029738818605925 0.4836131660656104 0.28186319998349063
1.0000000000000002 21
22 1.0734718729098869 0.4568990080421803 0.2905937999894377
1.0000000000000007 21
23 1.0456215189781906 0.43348915793000786 0.2644381000136491
0.9999999999999996 21
24 1.0219514543342962 0.4102314347499091 0.2769202000054065
0.9999999999999998 21
25 0.9990292613634203 0.39292327617534495 0.2828546999953687
0.9999999999999993 21
26 0.978187396113437 0.36893557146589395 0.2721618000068702
1.0000000000000002 21
27 0.9596156143940483 0.3560641876224041 0.29272389999823645
0.9999999999999996 21
28 0.9442710217195885 0.33754938932231665 0.2718080999911763
0.9999999999999996 21
29 0.9296342143676442 0.3280276950342651 0.26819020000402816
0.9999999999999993 21
30 0.9156218810770471 0.30741699313569454 0.2883297999796923
1.0000000000000007 21
31 0.9023601095307837 0.3017293374757165 0.26917059998959303
1.0000000000000004 21
32 0.8880131220856874 0.28121856900436143 0.2732184999913443
1.0000000000000007 21
33 0.8749191287061935 0.27443717121058786 0.2823457999911625
1.0000000000000009 21
34 0.8654565167988029 0.2589786497679558 0.2815019999979995
0.9999999999999987 21
35 0.856536333648821 0.25587162485390597 0.26996050000889227
1.0000000000000013 21
36 0.8432421407419167 0.2345249373899764 0.2729369000007864
1.0000000000000009 21
37 0.8313651597004862 0.22986155286802443 0.28540959997917525
0.9999999999999998 21
38 0.8241749326568193 0.21661351162237463 0.27420640000491403
1.0000000000000002 21
39 0.8173625737849961 0.21537302752601883 0.27750990001368336
1.0000000000000009 21
40 0.8113578382252126 0.20421010573398332 0.2728147000016179
0.9999999999999997 21
41 0.8057643785927444 0.20352278850296113 0.27928039999096654
0.9999999999999986 21
42 0.7980193058576083 0.18964325553228362 0.2695880999963265
0.9999999999999988 21
43 0.7911076322202197 0.18841926255303776 0.28978329998790286
1.0000000000000007 21
44 0.7857306957524243 0.17880411155269393 0.28037350001977757
0.9999999999999997 21
45 0.780735434363627 0.17801804353663836 0.281544199999189
46 0.2850294456527437
-------------------------------------------------END------------------------------------------------------
6
------------------------------------Randomized only---------------------------------------------------
417.82966543742975 417.65390421860553
0.9980092840750167 20
0 385.49645638402393 386.0076345179087 0.10904859998845495
0.998082469698655 20
1 339.01477654717246 340.6878911142625 0.0972129000001587
0.9987918049830434 20
2 287.6115630402018 290.24503065963967 0.09199749998515472
0.9990573956889474 20
3 251.18901301186415 251.5554527250689 0.09527540000271983
0.980298463581905 20
0.9989717903064479 80
4 234.84989174151238 232.62267557518337 0.29211350000696257
0.9362850481130585 20
0.9895201807016107 80
0.9967581629891558 140
5 123.47684186543715 118.20511788297054 0.561253099993337
0.8903999413231533 20
0.9746671169252689 80
0.986443751542607 140
0.9926789554277007 200
6 65.81670982974003 64.58913458438924 1.4522990999976173
0.6643486351494973 20
0.875080798729363 80
0.9374534361781386 140
0.9693680268970615 200
1.0000000000000002 204
7 32.11422270618658 32.54124584555645 1.0482691999932285
0.5790405323678265 20
0.8539463478671576 80
0.9142649874342352 140
0.954605081442398 200
0.9999999999999997 204
8 19.020411830001358 18.992494380986276 1.2610415000235662
0.7587947091380102 20
0.9135507855401245 80
0.9551904013096281 140
0.9724679230927673 200
0.9999999999999999 204
9 11.476497636916442 10.687894253858438 1.045371799991699
0.7021129496177176 20
0.8831958623054391 80
0.92859237998216 140
0.9511698660715121 200
1.0 204
10 7.810654247307172 7.244718934331706 1.1598085000005085
0.9141266093345288 20
0.9773330131196324 80
0.9856770285656302 140
0.9904408828834672 200
11 6.638780428950397 5.992539496377438 1.3139411000011023
0.5766758348395192 20
0.7395280240380387 80
0.7933696818856233 140
0.8197336366828539 200
1.0 204
12 4.993852850074402 4.293018130473772 1.239022699999623
0.9737997863302796 20
0.9883238789827572 80
0.9922663823695663 140
13 4.715570340897931 4.0398385161318995 0.5027986000059173
0.32444374198018067 20
0.4554933320840333 80
0.508881143822938 140
0.6218463343111548 200
1.0000000000000002 204
14 3.770551826078583 3.254084952234219 1.2122620000154711
0.8774702727058713 20
0.9486202726842118 80
0.9588479315143018 140
0.9666730952212301 200
1.0 204
15 3.2156412007539643 2.645758452855342 1.2179723999870475
0.84718324588535 20
0.9159962037467102 80
0.9278799262006021 140
0.9379051388904645 200
1.0000000000000002 204
16 2.780325147548005 2.1735589404177564 1.2142266999871936
0.8662300124609482 20
0.9216826217833484 80
0.935423083002489 140
0.9440187828933979 200
1.0000000000000004 204
17 2.5036181710403005 1.9621122563413036 1.2161254000093322
0.8751437732805414 20
0.930926357780192 80
0.9380570525373327 140
0.9428135948192847 200
1.0000000000000002 204
18 2.2730325240778666 1.725471017495803 1.2887330999947153
0.890773694066001 20
0.9171953125963137 80
0.9264678054158251 140
0.9342842354294899 200
0.9999999999999992 204
19 2.1113977999487226 1.5777359083282008 1.0946652000129689
0.9279029673574626 20
0.9557349121662669 80
0.9599831183801645 140
0.9625782756515298 200
0.9999999999999997 204
20 1.981272513326838 1.4686427129739663 0.9925174000090919
0.8876735953938363 20
0.9090074275570931 80
0.9177769472070314 140
0.9232407253885139 200
1.0000000000000004 204
21 1.8702604648714012 1.3768786690184758 1.4848004000086803
0.7551070562679885 20
0.8325423643497767 80
0.8465900775012539 140
0.8556136599594861 200
0.9999999999999998 204
22 1.773164644843788 1.2949444526299414 1.1465557999908924
0.8766927381397398 20
0.9044094807359323 80
0.9132551525615823 140
0.9173147448542399 200
1.0000000000000004 204
23 1.6812925124955476 1.2123560525035524 1.198760500003118
0.7754193190328933 20
0.8456739753778497 80
0.8574900693866184 140
0.8654875056370015 200
1.0 204
24 1.6032625008074322 1.1454961957322685 1.0343737000075635
0.8091180269880329 20
0.8583983426657523 80
0.8690887124389314 140
0.8748777989500321 200
1.0000000000000002 204
25 1.5287579206932833 1.062848433268431 1.04274410000653
0.7124738049471936 20
0.7826787971580976 80
0.7952669472721179 140
0.8041557976386006 200
0.9999999999999997 204
26 1.4649087679337127 1.0076516636104844 1.308445800008485
0.7092905750512066 20
0.7773665303835714 80
0.7908344260952779 140
0.8000898116692604 200
1.0000000000000002 204
27 1.4031875786093948 0.9384540309171567 1.1768080000183545
0.5575265918096743 20
0.6360880645259971 80
0.6500854960825159 140
0.662899166466707 200
0.9999999999999997 204
28 1.3475620293109924 0.8873919451175789 1.134974799992051
0.7510838197529844 20
0.8076092753363918 80
0.8178251433289135 140
0.8254864854982062 200
0.9999999999999994 204
29 1.292736655906166 0.8298501379275944 1.2200865000195336
0.6738025657599134 20
0.717363517736843 80
0.7259145210482277 140
0.7369714019030086 200
0.9999999999999997 204
30 1.2400600278141618 0.7769150957026784 1.3830280999827664
0.8158215990755401 20
0.8608465638801921 80
0.8684389663960237 140
0.8742851688407034 200
0.9999999999999994 204
31 1.1880079047912253 0.721423138269301 1.4882204000023194
0.7846694854503788 20
0.8168585772299227 80
0.8224714551558023 140
0.8307928670644836 200
0.9999999999999996 204
32 1.135845565178789 0.6598729481574244 1.0722635999845807
0.8357771688217166 20
0.8820087787090521 80
0.8898049131799542 140
0.895503647654941 200
1.0000000000000002 204
33 1.086807262780626 0.6060241542636953 1.3622901999915484
0.8406291491729891 20
0.8814035478387101 80
0.8863507839845227 140
0.8935396135871395 200
0.9999999999999996 204
34 1.0391485755954208 0.5415815904852431 1.058454799989704
0.8594560343053345 20
0.9123940429714353 80
0.9184060667828265 140
0.9226675500685619 200
0.9999999999999996 204
35 0.9976002668559657 0.49628328836980734 1.3642856999940705
0.8824022469071501 20
0.9156738104467275 80
0.9201545522191222 140
0.9261383046565099 200
0.9999999999999993 204
36 0.9585536700789735 0.4406937677599995 1.1220533999730833
0.9477567122065623 20
0.9768098355408603 80
0.9782448762419522 140
0.9792311939001151 200
0.9999999999999999 204
37 0.9245317170823312 0.40319866107227925 1.2055927999899723
0.922360897499172 20
0.9413939463869683 80
0.9453070434616608 140
0.9487468384010023 200
0.9999999999999992 204
38 0.8944331349094944 0.3582595244847589 0.9950097000109963
0.9759615746907838 20
0.9931263738891963 80
39 0.892525794414875 0.3562153436207284 0.28135619999375194
40 1.0146515049993468
-------------------------------------------------END------------------------------------------------------
------------------------------------Krylov only---------------------------------------------------
417.82966543742975 417.65390421860553
1.0000000000000009 21
0 382.11649610531026 383.0084227131319 0.2774556999793276
0.9999999999999998 21
1 309.14734242146073 307.7285987277029 0.29259080000338145
1.0000000000000007 21
2 248.62101120205526 242.8331373281444 0.280018099991139
1.0000000000000004 21
3 195.5719355000334 190.20661994173776 0.2842682999907993
1.0000000000000004 21
4 111.29210594947473 108.59225719456562 0.2966574000020046
1.000000000000001 21
5 47.05009077504998 45.9589233463549 0.29252050002105534
1.000000000000001 21
6 25.562740194576698 25.2669774200877 0.462533700017957
1.0 21
7 24.924070498959157 21.951234929022174 0.2756692999973893
1.0000000000000009 21
8 7.8179566891395345 7.430305295649996 0.2839867000002414
1.0000000000000002 21
9 4.519084552579651 3.847245571506979 0.27897529999609105
0.9999999999999998 21
10 3.547572097691436 2.909436266253876 0.2746220000262838
0.9999999999999996 21
11 2.829617033467512 2.1685277713120468 0.25966690000495873
0.9999999999999998 21
12 2.413368191653875 1.8060922696986021 0.28575400001136586
1.000000000000001 21
13 2.128593830982762 1.5193523821104977 0.27888150000944734
1.0000000000000007 21
14 1.9169186165359942 1.3012336253402954 0.27302829999825917
1.000000000000001 21
15 1.7315510360374573 1.1468253179203634 0.2838626999873668
1.0000000000000007 21
16 1.5834154209891123 0.9736522528254646 0.27810299998964183
1.0000000000000004 21
17 1.4374383711118188 0.8507765042056267 0.27700929998536594
0.9999999999999998 21
18 1.3276566637186402 0.7367737012919424 0.2765243999892846
1.0000000000000009 21
19 1.2289328864062652 0.6321375273961702 0.2743281000002753
0.9999999999999999 21
20 1.1711022846262258 0.570500704979061 0.2837623000086751
1.0000000000000009 21
21 1.1233760274060174 0.524813591327013 0.2825525999942329
1.0000000000000004 21
22 1.0865300646731242 0.48319999502278516 0.2785825000028126
1.0000000000000002 21
23 1.0552690430866813 0.45937059864957724 0.2827257000026293
0.9999999999999994 21
24 1.0290666513869482 0.4286974651511551 0.2874913999985438
1.0000000000000007 21
25 1.0062785746872234 0.41306010242831204 0.28905769999255426
1.0 21
26 0.986830867341397 0.38988552204292376 0.28224240001873113
0.9999999999999992 21
27 0.9693551194276678 0.3779644591065395 0.2722381000057794
0.9999999999999987 21
28 0.9541848799824129 0.35970880317195836 0.269959099998232
0.999999999999998 21
29 0.9361024361698008 0.34874028846312694 0.2913696000177879
0.999999999999999 21
30 0.9214779575086312 0.3275356458676745 0.2896242999995593
1.0 21
31 0.9106094953129603 0.32141885058785813 0.2863049999868963
1.0000000000000009 21
32 0.9008307873181256 0.3072396001493878 0.26230929998564534
1.000000000000001 21
33 0.8920203321996086 0.30295574788671403 0.273424300015904
1.0000000000000002 21
34 0.8839437466404794 0.29047104154454684 0.2736263999831863
1.0000000000000009 21
35 0.8765247476321616 0.2869948418664428 0.27062610001303256
0.999999999999999 21
36 0.8696405709642102 0.27598686010968715 0.2785202000231948
1.0000000000000009 21
37 0.8632069363905355 0.27305960118680533 0.27829420001944527
1.0000000000000002 21
38 0.8571780332065042 0.263119818093496 0.28441220000968315
0.9999999999999988 21
39 0.8515032513203685 0.26065849041331307 0.27979589998722076
0.9999999999999999 21
40 0.8461243294346714 0.25146671331488873 0.26894130001892336
0.9999999999999998 21
41 0.8410357307002927 0.2495024846991365 0.28628579998621717
1.0000000000000002 21
42 0.8361180436374467 0.24116009331132474 0.288139999989653
43 0.2843428465130273
-------------------------------------------------END------------------------------------------------------
7
------------------------------------Randomized only---------------------------------------------------
436.8823387635324 441.0392077598161
0.9983499208592878 20
0 401.5884142433472 406.13088867082865 0.10133480001240969
0.9988349767652663 20
1 350.2669893766412 354.79410113211 0.1003169999748934
0.9992163337347532 20
2 293.3488348302206 297.4157160401123 0.10757389999344014
0.9990372843083175 20
3 253.26550500498115 255.10743009178208 0.10920839998289011
0.9945863353403359 20
4 225.7803150453921 224.1193923726821 0.106409200001508
0.995479545392164 20
5 184.11378432544672 183.2148264239449 0.09290799999143928
0.9788951108598486 20
0.9967014184696114 80
6 154.29549863417773 155.15388903799075 0.2834147999819834
0.9326787602663992 20
0.9941012695959478 80
7 112.7674590521968 112.05917779332835 0.3018108999822289
0.8524723474960809 20
0.974840706037654 80
0.9915008857636621 140
8 74.2063552398254 71.8210765467514 0.5286526999843773
0.8213969069557502 20
0.9800957388019567 80
0.990869005423027 140
9 45.82975949276853 42.267847003136346 0.6218961999984458
0.8082260832262778 20
0.9845508792918191 80
0.9899976215030017 140
0.9950663546020695 200
10 26.59274181212901 25.139093145602047 0.9825640999770258
0.7599637783965204 20
0.9809890215326876 80
0.9898595957247506 140
0.9928776770093659 200
11 17.118584250460486 18.04734188987572 1.0366136000084225
0.6832460072402279 20
0.9415436065714887 80
0.9591675143124023 140
0.9680021555213951 200
1.0000000000000002 204
12 10.475169271615275 10.610538223316357 1.068303800013382
0.6609829155935035 20
0.9505979943609131 80
0.9748953782014463 140
0.9827490850749819 200
0.9999999999999997 204
13 6.801533732270028 6.70932950291201 1.0472516999871004
0.9865746642558714 20
0.9972230526926528 80
14 5.415944581065038 5.4164429190104 0.28657109997584485
0.26802956242344556 20
0.38305196184929086 80
0.7403126268934654 140
0.8429461300450257 200
0.9999999999999997 204
15 4.031158177394216 3.568725945047621 1.2913482000003569
0.9766306597843892 20
0.995096709690458 80
16 3.715315175829678 3.21954387530459 0.26569229998858646
0.2785936203036202 20
0.31304460120997396 80
0.5303396368706773 140
0.6587956494861655 200
0.9999999999999999 204
17 2.9536498965173146 2.497510584163806 1.2113639999879524
0.9457797472522911 20
0.9897759891235216 80
0.9938851141438935 140
18 2.73640496491648 2.2524438898151704 0.6462595000048168
0.5808151250067097 20
0.6115280369574864 80
0.6258275108068132 140
0.7342750599958755 200
1.0 204
19 2.2891581553298312 1.7614675428582158 1.5012042000016663
0.9962935406458688 20
20 2.1790402493365786 1.640281402818829 0.10815820001880638
0.017195326021397967 20
0.6938921993721839 80
0.7901429819589233 140
0.8339318789830739 200
0.9999999999999999 204
21 1.8398439661210935 1.2821728212073855 1.1290914999844972
0.9557645490706871 20
0.9931578445387801 80
22 1.7537508411787175 1.1801244369024388 0.2759197000123095
0.06661000921370887 20
0.07809562500908794 80
0.3547933919925829 140
0.5299497671404132 200
0.9999999999999996 204
23 1.537425326966642 0.9703832183148128 1.1856491999933496
0.9933233990282196 20
24 1.4969843095664732 0.9351493124720275 0.10714680000091903
0.054877184419043275 20
0.7342325471193365 80
0.7897651181669526 140
0.8307761662982293 200
1.0000000000000002 204
25 1.3249580009401711 0.7271319934962273 1.1830421999911778
0.9432718817320174 20
0.9899019065017186 80
0.992956185165443 140
26 1.285090129848551 0.6895407575146136 0.616564500000095
0.6004233917002447 20
0.6198086949599996 80
0.6234272066255283 140
0.6881621479322735 200
1.0000000000000007 204
27 1.1636512529204017 0.5690405645481285 1.3704372000065632
0.9784836588155817 20
0.9949721841574272 80
28 1.1515183976527554 0.5633477287462688 0.26450020002084784
0.00901551644075899 20
0.010159795851108669 80
0.15466372661920744 140
0.24653206972959685 200
1.0000000000000002 204
29 1.0666231625493916 0.4717922401992047 1.115557200013427
0.885436055862895 20
0.9755227610287933 80
0.9798656989319433 140
0.9821913596004098 200
1.0000000000000004 204
30 0.9950319380533205 0.4120903030339821 1.1309355999983381
0.9315696950536335 20
0.9632633341215184 80
0.9679608982099078 140
0.9706605525865637 200
0.9999999999999998 204
31 0.9457486724127729 0.36529847837053453 1.1027451999834739
0.9641694998356667 20
0.9864641196900585 80
0.9882416285376566 140
0.9890087075391705 200
1.0 204
32 0.9080034489943805 0.3299379913557249 1.1599803999997675
0.8860265074552852 20
0.9549241237626205 80
0.9592544118952814 140
0.9620192678853959 200
1.0 204
33 0.8777141959921931 0.2978198174874455 1.2720117999997456
0.9619627209779748 20
0.9847230852487899 80
0.9860687401556207 140
0.9869021371645079 200
0.9999999999999992 204
34 0.8524935636151516 0.27468585466541 1.3304354999854695
0.8872000037726342 20
0.9562847868224629 80
0.9607731982795896 140
0.9635251736809031 200
0.9999999999999991 204
35 0.8301619523985342 0.24866269011902156 0.9720055000216234
0.9503553924581887 20
0.9831011007137945 80
0.9847509201129592 140
0.9858604998340421 200
1.0000000000000009 204
36 0.8108876779858359 0.2322846936290582 1.0950145999959204
0.9170417122766084 20
0.9739796894987696 80
0.9768401653520099 140
0.9784916076678971 200
1.0000000000000002 204
37 0.7933683421044561 0.20881470148425407 1.5118613000086043
0.9590233666042621 20
0.988520856468733 80
0.9897054593946674 140
0.9905063251323728 200
38 0.7912755603233751 0.20606422333534993 1.539422400004696
39 0.7733635230740615
-------------------------------------------------END------------------------------------------------------
------------------------------------Krylov only---------------------------------------------------
436.8823387635324 441.0392077598161
1.0000000000000002 21
0 398.2230006980294 403.5118032403246 0.37833039998076856
1.0 21
1 334.2960366721224 340.04427395039517 0.37447709997650236
0.9999999999999997 21
2 265.32290581010636 261.06701583009067 0.2819690000033006
1.0 21
3 237.82021116027087 232.27074584653028 0.3525798000046052
0.9999999999999997 21
4 213.1998702964397 213.44064400182023 0.2646141000150237
0.9999999999999999 21
5 168.0357255740571 168.14010090200352 0.27022149998811074
0.9999999999999989 21
6 24.05051625131839 22.49008149382175 0.27562629999010824
1.0000000000000004 21
7 23.90623981302799 24.941621021381447 0.28793380002025515
1.000000000000001 21
8 5.049241215979094 4.543901011493286 0.4659854999918025
0.999999999999999 21
9 3.108836130729088 2.4830593514166184 0.2812582000042312
1.0000000000000016 21
10 2.4138737205109058 1.7199609372377622 0.2936512999876868
1.0000000000000004 21
11 1.8779039280829046 1.2352078946541545 0.2868212999892421
1.0000000000000009 21
12 1.626244861117918 0.975169823225012 0.2827446000010241
1.0000000000000013 21
13 1.4482949481595366 0.8177587972505252 0.27884610000182875
1.0000000000000007 21
14 1.329542670950877 0.6945068229492285 0.2899658999813255
0.9999999999999994 21
15 1.2405204639080416 0.6190219387748014 0.2783229000051506
1.0000000000000002 21
16 1.1697646303839633 0.547206526990726 0.4118806000042241
0.9999999999999996 21
17 1.115638291394675 0.5021318792943551 0.35733060000347905
0.999999999999999 21
18 1.0669740761230795 0.4507773603672563 0.28553379999357276
0.9999999999999996 21
19 1.0300456550089283 0.42057117443216535 0.27952880001976155
0.9999999999999998 21
20 0.9950494185607084 0.3810934311748273 0.27900249999947846
1.0000000000000018 21
21 0.9694998966286094 0.3640194271078726 0.27442440000595525
0.9999999999999996 21
22 0.9450982471237734 0.33316427198457105 0.2829692000232171
0.9999999999999998 21
23 0.9262004454133347 0.32149756043109884 0.2736946000077296
1.0000000000000002 21
24 0.9086825318859041 0.29722273199408794 0.2730749000038486
0.9999999999999994 21
25 0.894154153512437 0.29079212426273127 0.2770007000071928
1.0000000000000009 21
26 0.8803382859473793 0.2720142398089128 0.2787063000141643
1.0000000000000004 21
27 0.8687259464101551 0.26684565551507705 0.35061989998212084
1.0000000000000013 21
28 0.8578279715627682 0.2517230308921656 0.29401869999128394
0.9999999999999998 21
29 0.8482460392698816 0.2479680086841889 0.2796825999976136
1.0000000000000013 21
30 0.8391314459989136 0.23492816943232556 0.2765953000052832
0.9999999999999993 21
31 0.8308766126330458 0.23229015398458194 0.28218209999613464
0.9999999999999998 21
32 0.8228670609214154 0.22039605074808305 0.2823532000184059
1.0000000000000002 21
33 0.8154455461739828 0.2182951649267913 0.27515860000858083
1.000000000000001 21
34 0.8073088074207281 0.20682808457718663 0.27188919999753125
0.9999999999999999 21
35 0.7997029672360689 0.2041599800569242 0.277653899975121
0.9999999999999987 21
36 0.7915372260783095 0.1937359413787493 0.2812429999758024
1.0000000000000009 21
37 0.7840433910538935 0.1899793784915219 0.28170189997763373
1.0000000000000007 21
38 0.7788578157935979 0.18283138471163454 0.2820746999932453
1.000000000000001 21
39 0.7739557253646129 0.18141051731368033 0.2699915000121109
40 0.29804146999886144
-------------------------------------------------END------------------------------------------------------
8
------------------------------------Randomized only---------------------------------------------------
461.87481459434275 465.1428778970336
0.9977572956135982 20
0 421.84068831679343 425.91734149240665 0.09541300000273623
0.9978559327296818 20
1 363.7670563339663 368.5503323322486 0.1126038999937009
0.9982625539505731 20
2 300.20777632112595 304.4831745286607 0.1094145999813918
0.998993318174838 20
3 253.10042757131797 254.13990633776527 0.11217129998840392
0.9971151626900828 20
4 228.30028329404556 224.63502127766412 0.10810919999494217
0.9847323740387298 20
0.999052780542754 80
5 138.6184510594078 132.84183748688676 0.2893839000025764
0.9319984157461972 20
0.9893414904933425 80
0.9959113189689871 140
6 85.31760386395173 81.37053436062371 0.4963665999821387
0.87186596897112 20
0.973854449611661 80
0.9911333502077158 140
7 47.46238632032448 45.17176137469151 0.6053896000084933
0.8592923361674166 20
0.9718711873985117 80
0.9845065705423223 140
0.9901274845654318 200
8 28.362491075606812 27.688330643473126 1.1797707000223454
0.6812641463265156 20
0.9394805336556302 80
0.9604797841268915 140
0.9746229047630889 200
0.9999999999999998 204
9 16.660310202737936 17.22949054556488 1.000419600022724
0.7686101920656624 20
0.9700014376738966 80
0.9850750520089743 140
0.9901950917160341 200
10 11.999805253437357 11.926321130887493 1.5725414999760687
0.7724067452953699 20
0.8963545539775275 80
0.9262818064372151 140
0.9432170211612232 200
0.9999999999999997 204
11 9.683019621155276 8.970026715350421 1.094953699997859
0.9755968943917988 20
0.9974862367384141 80
12 6.8753880295213925 6.097556136465879 0.26386199999251403
0.7893266317926617 20
0.8456132227272242 80
0.9140963757811443 140
0.9491823970262754 200
0.9999999999999997 204
13 5.040771681534406 4.276522146655017 1.513861099985661
0.9844148122019131 20
0.998173177278662 80
14 4.204360246265663 3.531285524314553 0.2809634000004735
0.7682224008336962 20
0.8042906120037157 80
0.905431834112832 140
0.9387666286093653 200
1.0000000000000007 204
15 3.573471631421535 3.0006572888178518 1.1474140000063926
0.9748240428735144 20
0.9980723446737535 80
16 3.1115863059613926 2.5115831280642404 0.26539190000039525
0.5783769608836087 20
0.6083728133043484 80
0.8238693584347629 140
0.8786242959659932 200
1.0000000000000009 204
17 2.6333244648980245 2.05150686384388 1.0994038000062574
0.979067348164884 20
0.9966819522806997 80
18 2.5118545787184474 1.905190465173271 0.27964170000632294
0.5390911896408838 20
0.5582014059888015 80
0.692701402852489 140
0.7431895996965322 200
0.9999999999999994 204
19 2.2910947247295312 1.7365520026803196 1.236247499997262
0.9845891163536924 20
0.9991240176432312 80
20 2.01837577926394 1.4413018534254969 0.27114110000547953
0.5628466191635164 20
0.5789332821421069 80
0.7194788721095832 140
0.7955569404297895 200
1.0000000000000002 204
21 1.7785723041309611 1.2299197019143735 1.1982439999992494
0.985207494984807 20
0.9970597792179182 80
22 1.6681211109192904 1.0853574240260204 0.2632768000185024
0.46633655738435126 20
0.4773866451840611 80
0.6225686834876516 140
0.696400967420448 200
1.0000000000000007 204
23 1.5494623841863358 0.9725993545020692 1.9417821999813896
0.9713801800511485 20
0.9967998060064878 80
24 1.4323995696414054 0.8669608513506214 0.2966653000039514
0.4023279971553993 20
0.42743474371313456 80
0.6814929120864713 140
0.7664166304624094 200
0.9999999999999998 204
25 1.3306343340375377 0.7373929151527846 2.0721060000068974
0.9755938878293505 20
0.9968096116255163 80
26 1.2537450130861056 0.651860248775624 0.44749140000203624
0.3734952025757622 20
0.3851708137642843 80
0.6230028587186006 140
0.702639607858579 200
0.9999999999999998 204
27 1.1572955752236418 0.5661716373400854 1.5350737999833655
0.9877905864752854 20
0.9985822766619797 80
28 1.122143335432537 0.5361914549526245 0.29387980001047254
0.14980660742346408 20
0.15369562032279255 80
0.30952963058208455 140
0.41667888581880647 200
1.0000000000000004 204
29 1.0438905528004156 0.4514163257054831 1.2653441999864299
0.9848510940989782 20
0.9949760334437618 80
30 1.0371066498496642 0.44429112367530493 0.2861737000057474
0.013892953657756923 20
0.015500662915393693 80
0.21888556841704926 140
0.3332503268243036 200
1.0000000000000002 204
31 0.9822107707793207 0.392100091491724 1.2373128999897745
0.9742885339236214 20
0.9935553793780391 80
32 0.9767030342916698 0.3836733199610721 0.3946404999878723
0.010070481748677272 20
0.011279712356744699 80
0.1418540299454086 140
0.2486522036011805 200
1.0000000000000002 204
33 0.9313035105906597 0.33252901849082095 1.6907830999989528
0.9719487260766471 20
0.9932187829458659 80
34 0.9265475837712109 0.33005162419470047 0.2893422000051942
35 0.7527594285701136
-------------------------------------------------END------------------------------------------------------
------------------------------------Krylov only---------------------------------------------------
461.87481459434275 465.1428778970336
1.0 21
0 417.88803672860456 422.33603757538725 0.28611909999744967
1.0000000000000007 21
1 352.6609456283308 357.31844673313833 0.2770545000093989
1.0 21
2 271.5356059241574 269.73499856484716 0.2959127000067383
1.0000000000000002 21
3 251.20729972947325 237.17570486454065 0.2821453000069596
1.0000000000000009 21
4 126.36195584356754 130.29072827096434 0.28670499997679144
1.0000000000000009 21
5 23.656866496663 23.541371436144438 0.28645280000637285
0.9999999999999986 21
6 19.574802729589074 19.677538501017132 0.30064000000129454
1.0000000000000007 21
7 6.4172508424013035 6.156619419633217 0.3976103999884799
1.0000000000000009 21
8 4.125338569081072 3.652689707260772 0.2853375000122469
0.9999999999999998 21
9 3.263327750698814 2.7841230623067603 0.2689677999878768
0.9999999999999996 21
10 2.781036894124668 2.1469912960698574 0.27858139999443665
1.0000000000000009 21
11 2.4848189929855473 1.8803224844187794 0.27731790000689216
0.9999999999999996 21
12 2.2572356205619375 1.5761081405031077 0.2904330999881495
1.0000000000000002 21
13 2.092895107047936 1.4452353866768883 0.2884867000102531
1.000000000000001 21
14 1.964451354850168 1.2818194684511073 0.4707988000009209
1.0 21
15 1.8462737328276908 1.1888688584494493 0.4578969999856781
0.9999999999999999 21
16 1.7525851379186577 1.0793663831814078 0.27751509999507107
1.000000000000001 21
17 1.6681739478063005 1.0223171810716438 0.26890260001528077
0.999999999999999 21
18 1.5896548468152378 0.9290894329887047 0.26936760000535287
1.0000000000000004 21
19 1.511511388677418 0.8780008326932036 0.2727082000055816
1.0000000000000002 21
20 1.4438627857035358 0.8040951677514815 0.2777376000012737
1.000000000000001 21
21 1.3716791913036461 0.7470899498520333 0.2834045000199694
1.0000000000000002 21
22 1.3171828665254797 0.6869467049098742 0.2858682000078261
1.0 21
23 1.2548489610625564 0.6355233408509302 0.28373130000545643
1.0000000000000004 21
24 1.206826053480614 0.5790212403342935 0.28500530001474544
1.0000000000000004 21
25 1.1484764265553529 0.528291090020735 0.26580949997878633
1.0 21
26 1.1127256836853383 0.4958286786387488 0.28558880000491627
0.9999999999999998 21
27 1.078184376913021 0.4575051379606242 0.290547400014475
1.0000000000000016 21
28 1.050620069384174 0.4330757188578393 0.27740980000817217
1.0000000000000002 21
29 1.0239068336904515 0.40208829269553487 0.29140689998166636
1.0000000000000009 21
30 1.0009796024333135 0.38161354214617954 0.2649473999917973
0.9999999999999988 21
31 0.9775092286792078 0.35978680207768815 0.27593889998388477
1.0000000000000004 21
32 0.9562221225039308 0.3379351868475512 0.2701893000048585
1.0000000000000004 21
33 0.9404295445142429 0.32301349353139225 0.27565840000170283
0.9999999999999998 21
34 0.9252952066237009 0.30840152131972776 0.28832960000727326
0.9999999999999997 21
35 0.9120705901320947 0.2967160951961233 0.27001830001245253
0.9999999999999993 21
36 0.8990479988945768 0.28492080304541706 0.2605877000023611
1.000000000000001 21
37 0.8867953126065313 0.2730405972849866 0.27749420001055114
1.0000000000000004 21
38 0.8757998504327567 0.26381676642055807 0.2746917999756988
0.9999999999999999 21
39 0.8648080510987156 0.25595072161983934 0.275621200009482
0.9999999999999997 21
40 0.8541031221910232 0.24475405117970056 0.2796729999827221
1.0000000000000002 21
41 0.844483505371182 0.23907167187837788 0.2916132000100333
1.0000000000000002 21
42 0.8358524811602858 0.2291110878380474 0.27394889999413863
0.9999999999999996 21
43 0.8282194377326021 0.2243820005525729 0.2768645000178367
0.999999999999999 21
44 0.8210615309727789 0.21666286482184655 0.28559379998478107
0.9999999999999998 21
45 0.8145606696533516 0.2118299253867221 0.2804002000193577
1.0000000000000009 21
46 0.8084498002654297 0.2061202874591735 0.2887036000029184
0.9999999999999992 21
47 0.8028636938955356 0.20218402065771987 0.27988570000161417
0.9999999999999998 21
48 0.7974814779176006 0.19680700952127655 0.2838218999968376
1.000000000000001 21
49 0.7925461645469469 0.19336001622985066 0.27052849999745376
50 0.2897994580009254
-------------------------------------------------END------------------------------------------------------
9
------------------------------------Randomized only---------------------------------------------------
389.5810613144384 395.17872220778304
0.9983276709038593 20
0 361.7508654674532 367.60237125308345 0.11128179999650456
0.9986630563164344 20
1 321.50621097830765 327.2898536716936 0.10187119999318384
0.9990131013462704 20
2 277.47502386309765 281.91820463156415 0.10224470001412556
0.9986178012510009 20
3 241.51445526741074 242.2815249115893 0.11052739998558536
0.9810308386220842 20
0.9994424629007965 80
4 180.88388892996633 173.71157878902883 0.38417789997765794
0.9427797821734247 20
0.9928663638755283 80
5 110.25143124579519 104.12466869263604 0.40733210000325926
0.8979847424729179 20
0.9791507136619124 80
0.9927187825433558 140
6 74.10543809897896 71.01023335432939 0.8483510999940336
0.9218047574381532 20
0.9833123834374441 80
0.991341624559528 140
7 53.14651723941525 50.94894172685762 0.6692793999973219
0.9460469502042869 20
0.9827224305734326 80
0.991002436285088 140
8 40.64825357256173 39.85449215853413 0.5852006000059191
0.9480229049241992 20
0.9825972456042698 80
0.9894363056374031 140
0.9929628704533708 200
9 29.861348171070464 28.95315899883466 1.4674540999985766
0.9260922256065643 20
0.9785574473668779 80
0.985809448998724 140
0.9897999942632867 200
1.0000000000000002 204
10 28.252099578368234 26.625379304265312 1.2299381000048015
0.9849881043077888 20
0.9988052016092908 80
11 14.39600748086932 13.528514076392833 0.27395470000919886
0.9571635839197558 20
0.9846002750602755 80
0.9922164112219082 140
12 11.41234465129938 10.546829724709285 0.610656700009713
0.8939516876505273 20
0.9426984993869638 80
0.9564905499565328 140
0.9765997549116401 200
1.0000000000000007 204
13 8.579352923151761 7.663941514003007 1.1166655999841169
0.984680111873489 20
0.9982072594403368 80
14 6.576710643685318 5.786885226186388 0.2737611999909859
0.9668156785902345 20
0.9782219657199692 80
0.9871661266067866 140
0.9922275288971386 200
15 5.9187141574479565 5.136575884201545 1.0656153000018094
0.7750590284608883 20
0.8831020550479258 80
0.9064706566836124 140
0.9193672152723179 200
0.9999999999999997 204
16 4.513876160555969 3.7714764789530726 1.1647097999812104
0.961771914772911 20
0.9937400500840301 80
17 4.163427684579826 3.4160624279005387 0.28257599999778904
0.6400778286306774 20
0.6718782022068707 80
0.8122610542264851 140
0.8730431283172289 200
1.0 204
18 3.5485120736530575 2.7029779447710225 0.9891217999975197
0.9977454056023092 20
19 3.340806204494275 2.4946419990430773 0.11047480002162047
0.034145087123247944 20
0.7567591880512012 80
0.850654943668379 140
0.8913255296013726 200
1.0 204
20 2.7312113825896396 1.8992143328510531 1.0904392000229564
0.9929817908069504 20
21 2.6570045310893358 1.8688800390771654 0.1059772000007797
0.0634235226497646 20
0.7174318863459519 80
0.8138371319440085 140
0.8576350149679035 200
1.0000000000000002 204
22 2.2310563078674286 1.4637964281531475 1.2394744000048377
0.9931791190813843 20
23 2.159313217578935 1.420567215674473 0.11206730001140386
0.05463678395395151 20
0.7600873558489346 80
0.8367339026282916 140
0.8656243704109196 200
1.0000000000000007 204
24 1.8592028530145388 1.1348307639446467 1.1575622000091244
0.9746681661176411 20
0.9939126182130857 80
25 1.822299577621861 1.103741570723401 0.28206430000136606
0.03799600129198756 20
0.04816312946316087 80
0.31896228483366057 140
0.42407892981944373 200
0.9999999999999993 204
26 1.6181158788093055 0.8898474551831218 1.1887243000091985
0.9099389243538873 20
0.9752151002475752 80
0.981194055496051 140
0.9838040667846846 200
1.0000000000000002 204
27 1.4306535842058121 0.7417831831444637 1.1278473999991547
0.9718943710802203 20
0.9921032452679276 80
28 1.4194934138410396 0.7334025500872761 0.32313659999636
0.021116247538108375 20
0.023111668895067074 80
0.2025950306873801 140
0.2887601323151846 200
1.0000000000000004 204
29 1.2909544762925567 0.6269046624985491 0.9065405000001192
0.9808735075049874 20
0.9910351033496518 80
30 1.2808728786038783 0.6243149020666653 0.2914792000083253
0.03227241253875742 20
0.0336142728459087 80
0.13536499221971401 140
0.24607973248233592 200
1.0000000000000004 204
31 1.1667350890536459 0.5395270036390695 1.022270000015851
0.9217585539316223 20
0.9703156496122759 80
0.9746949793711084 140
0.9771302236795727 200
1.0000000000000009 204
32 1.0697600952689736 0.4639108029888399 1.084969200019259
0.9953662708563895 20
33 1.0611516530482932 0.46036687855093283 0.10372700000880286
0.006273005946917488 20
0.619562473381233 80
0.6930434953824361 140
0.7272934196082589 200
0.9999999999999996 204
34 0.9852539291037529 0.41046072343710627 1.1095591000048444
0.9407048345718007 20
0.9811804338277108 80
0.9835817586710576 140
0.9848304747080683 200
0.9999999999999999 204
35 0.9305687591936197 0.3451628769084947 1.090157399972668
0.9880884752532998 20
0.9940804592285946 80
36 0.9288579013641057 0.3457889767709133 0.38416570000117645
37 0.6628474405419232
-------------------------------------------------END------------------------------------------------------
------------------------------------Krylov only---------------------------------------------------
389.5810613144384 395.17872220778304
0.9999999999999998 21
0 357.21486994981075 363.15819657773665 0.2690598999906797
1.0000000000000004 21
1 294.72861857954155 298.948018732889 0.2910656000021845
0.9999999999999999 21
2 244.83451673102746 246.26593215914932 0.3084765000094194
0.9999999999999994 21
3 156.14985256766315 153.82160921667298 0.2866123999992851
0.9999999999999993 21
4 68.09480447749033 68.66890595768831 0.31653429998550564
0.9999999999999998 21
5 35.40918457315254 35.64101341554755 0.31860820000292733
0.9999999999999996 21
6 25.930005975844075 24.427089998587604 0.3896074999938719
0.9999999999999999 21
7 6.835603992357547 5.954141861999457 0.32572600001003593
1.0000000000000007 21
8 3.94268717735406 3.0330826109585836 0.36184310002136044
0.9999999999999992 21
9 3.062764930045673 2.101853179052278 0.29522860000724904
1.0 21
10 2.300079160870611 1.489597881056886 0.38283460002276115
0.9999999999999999 21
11 2.0669873376674373 1.3291492099150441 0.27223319999757223
0.9999999999999997 21
12 1.8316520149968747 1.139157686750155 0.4327286999905482
1.0000000000000007 21
13 1.6875188175950417 1.0046269055155603 0.2738459999964107
0.9999999999999997 21
14 1.5674537159623925 0.9172502913754872 0.2833225000067614
1.0 21
15 1.47501692228429 0.807473351352625 0.2716026999987662
0.9999999999999987 21
16 1.3844779227563033 0.7504078255944323 0.2712597999779973
1.0000000000000004 21
17 1.3194267889563904 0.6730322923922831 0.28010609999182634
1.0000000000000002 21
18 1.2503746946879153 0.6260954016447658 0.26787889999104664
1.0 21
19 1.193821189427105 0.5689857713383313 0.2718872000114061
0.9999999999999999 21
20 1.1399162520597157 0.521739804083916 0.2829321000026539
1.0000000000000004 21
21 1.09643541949602 0.4787742432460177 0.2726991999952588
0.9999999999999986 21
22 1.0552918829319182 0.4394371858962019 0.2745066999923438
0.9999999999999984 21
23 1.0220964952948406 0.4119582991986429 0.2854821000073571
0.9999999999999997 21
24 0.9901046897329415 0.38159184684278297 0.29545669999788515
0.9999999999999999 21
25 0.964524782715147 0.36138291471622935 0.2752342000021599
1.0 21
26 0.9389371870347346 0.3312179786176761 0.28338500001700595
1.0000000000000013 21
27 0.9192428066115746 0.3193584543291236 0.26978349999990314
1.0000000000000016 21
28 0.9012813760618821 0.2964988735389535 0.4022109000070486
1.0 21
29 0.8858122590993845 0.28810873612798255 0.28348579999874346
0.999999999999999 21
30 0.8713506332657642 0.26958379878627725 0.2842264999926556
1.000000000000001 21
31 0.8583711063092829 0.2624190523421124 0.2768504999985453
0.9999999999999992 21
32 0.8462644479047383 0.24668936334739947 0.27689350000582635
0.9999999999999997 21
33 0.8346683014437977 0.2403106716447395 0.2854646999912802
1.0000000000000016 21
34 0.8235480273905174 0.22662234324222488 0.27519939999911003
0.9999999999999999 21
35 0.8140718095600731 0.21968479653365927 0.2907343999831937
0.9999999999999986 21
36 0.8047960268856553 0.20944222615826244 0.28670930000953376
1.0000000000000009 21
37 0.7963781970353093 0.20331210351360157 0.27307520000613295
0.9999999999999997 21
38 0.7884525716766849 0.1942383534439441 0.30577829998219386
0.9999999999999993 21
39 0.7810936085474149 0.18891913890330514 0.3287395999941509
1.0 21
40 0.7740718298725404 0.1811356679282694 0.3742566999862902
0.9999999999999997 21
41 0.7673226477977961 0.17618823212423382 0.27480040001682937
1.0000000000000002 21
42 0.7608157913412644 0.16941393276264718 0.27209089999087155
0.9999999999999998 21
43 0.7547354459255683 0.16446794356760985 0.2643959999841172
1.0000000000000004 21
44 0.7488286283447056 0.15839869162701195 0.27220170001965016
0.9999999999999998 21
45 0.7432266781701267 0.15415041037768382 0.28441160000511445
1.0000000000000002 21
46 0.7377324354428179 0.14861186902766588 0.27818359999218956
0.999999999999999 21
47 0.7326749854524068 0.14430701634949578 0.28277890000026673
1.0 21
48 0.7277118903991135 0.13986249152682853 0.28719570001703687
49 0.29733928367352985
-------------------------------------------------END------------------------------------------------------
10
------------------------------------Randomized only---------------------------------------------------
429.08390738459656 426.2642787729455
0.998832280543218 20
0 394.5485306792663 393.4854217727188 0.11633179997443222
0.9991603014784669 20
1 344.52081482079694 345.5906655525528 0.15626809999230318
0.9994479422961084 20
2 289.4611018856213 291.1872612761298 0.15079640000476502
0.9995185456320231 20
3 251.19836676036493 251.5167612371175 0.10441329999594018
0.9916599154675375 20
4 219.55969070296595 217.98022143683582 0.11078690001158975
0.9879225975397151 20
0.9991473171061954 80
5 160.23551591102802 158.461715991264 0.2831802000000607
0.8237717173980045 20
0.991142368050693 80
6 82.61666899472108 81.46799110256367 0.2811916999926325
0.7985864721960086 20
0.9731804437781338 80
0.9912640364986587 140
7 55.89741169829167 54.920220681671665 0.6130562000034843
0.9169363657582217 20
0.983893248562837 80
0.9907267041023712 140
8 43.425954505277716 43.12996452211459 0.8826807000150438
0.9478495524709315 20
0.986010494167224 80
0.9898224108983787 140
0.9944495525230501 200
9 33.85814913354701 34.66976237866972 1.2305326999921817
0.9856323559582273 20
0.9963836957966089 80
10 27.0879816651028 28.17499751991131 0.34511059999931604
0.8487026950526245 20
0.9403346640713572 80
0.96591370900912 140
0.9750141746863292 200
0.9999999999999998 204
11 20.273438342694256 20.067482472287505 1.2335286999878008
0.9885579844393372 20
0.998277596591935 80
12 16.363959552234608 16.18905874248319 0.28530550000141375
0.9241103657731199 20
0.9594772273606516 80
0.9788981811384775 140
0.9878646203654633 200
1.0000000000000007 204
13 11.146588511581864 10.772464377501462 1.3540138000098523
0.9527767124104447 20
0.9908200242533709 80
14 9.374930999283718 8.801972256178068 0.28513100001146086
0.9552935008791674 20
0.9717181284181177 80
0.9877104187974277 140
0.9940243152248087 200
15 6.880226805775812 6.379165552278739 1.532063000020571
0.9505001671441811 20
0.9834526069804168 80
0.9901496133013412 140
16 6.153903628514501 5.590469396756325 0.6178250999946613
0.5329425708366282 20
0.6631275957967663 80
0.7102932744004556 140
0.8156053824563808 200
0.9999999999999997 204
17 4.9718901258519965 4.255464485041439 1.4267192000115756
0.9780825712572153 20
0.9981545096524043 80
18 3.9030935519855774 3.1627294145073046 0.27963199999067
0.9112961706873672 20
0.9422486944430234 80
0.9705999094834769 140
0.9845354456663232 200
1.0000000000000007 204
19 3.3473161038975197 2.9542205356708164 1.0342435000056867
0.9707759398664233 20
0.9989017467203917 80
20 2.8325136724118507 2.3670361290381567 0.26684389999718405
0.7281008020975736 20
0.744722434483497 80
0.8444015349869861 140
0.913981222394019 200
0.9999999999999991 204
21 2.445113763842358 1.8756151651504906 1.2573027000180446
0.9559400486165399 20
0.9975578681276414 80
22 2.2080546695359575 1.5671127191564256 0.28102369999396615
0.21862865025988593 20
0.2498141870080161 80
0.49380418888556876 140
0.6237114667960516 200
1.0000000000000004 204
23 2.027546630183221 1.440257186281308 1.0722727999964263
0.9802092321701961 20
0.9990118257350759 80
24 1.8614181780335628 1.24637059156049 0.2822174999746494
0.21595393930567322 20
0.24762583397405763 80
0.4659123605874366 140
0.6211025274031133 200
0.9999999999999997 204
25 1.6681632829279225 1.0520039658904685 1.2989004999981262
0.9837618755153583 20
0.9982657459405521 80
26 1.6115744583513079 1.0084995343286463 0.28180160000920296
0.039807531278091834 20
0.048873210339506395 80
0.33879213823446824 140
0.45327523875001086 200
1.0000000000000004 204
27 1.4747939978010418 0.9033827259031836 1.0882669999846257
0.9898594363311014 20
0.9989365440993455 80
28 1.4441617583554365 0.8441399733704086 0.2810934000008274
0.010298355548806967 20
0.014465985447436311 80
0.16464942570743485 140
0.32495296010452485 200
0.9999999999999999 204
29 1.323038016624981 0.7036777924309864 1.3855265000020154
0.9821807509009071 20
0.9959257945625332 80
30 1.313688795434662 0.7013331885732663 0.2661219000001438
0.004616982829410562 20
0.006832357119647417 80
0.14026770763845928 140
0.24706364521740115 200
1.0000000000000002 204
31 1.231840033941598 0.6394702256950375 1.1449661999940872
0.9944442418451545 20
32 1.2199353515666393 0.6196824229612601 0.10021340000093915
0.00590374093461169 20
0.6977531145147812 80
0.7367292613959838 140
0.7640104382519208 200
0.9999999999999998 204
33 1.1413659896641861 0.52687948413797 1.3497470000002068
0.9285534253431993 20
0.9812746815506135 80
0.9839262674956156 140
0.9853400811526734 200
0.9999999999999994 204
34 1.0696226979560761 0.4594007374699909 1.104832000011811
0.9195065777210789 20
0.9890009785692072 80
0.9913943521369866 140
35 1.0611822317588282 0.4429770337464152 0.5146519000118133
0.2501996509546083 20
0.25463792589271456 80
0.2555945612609314 140
0.33887173126529024 200
0.999999999999999 204
36 0.991037176453177 0.38897896751408884 1.2388232999946922
0.9152393116523093 20
0.9826749835316253 80
0.9856848963860235 140
0.9873847072032753 200
0.9999999999999996 204
37 0.9322349886547018 0.31728034074439304 1.2001396999985445
0.9850515182655313 20
0.9985913161140889 80
38 0.9219743115879268 0.3028805871434962 0.2873685999948066
0.17852065736345984 20
0.18337762992675005 80
0.36158225323592125 140
0.42626643780068685 200
0.9999999999999992 204
39 0.8742895287900608 0.2716640790630977 1.0038788000238128
0.9738912718888473 20
0.9957488120462124 80
40 0.8709205424580428 0.2653856346779601 0.27224749999004416
41 0.6902695195124734
-------------------------------------------------END------------------------------------------------------
------------------------------------Krylov only---------------------------------------------------
429.08390738459656 426.2642787729455
0.9999999999999997 21
0 392.23510666023986 391.1571173653332 0.2899338999995962
0.9999999999999998 21
1 315.55924378500265 315.77804844949554 0.2762212000088766
1.0000000000000004 21
2 300.7415055725127 295.0431834902818 0.2773185999831185
1.0000000000000007 21
3 239.94101643583994 234.39384518130166 0.3205234999768436
1.0000000000000004 21
4 134.01334158597368 133.8866561398142 0.3254331999924034
1.000000000000002 21
5 128.1145373189582 128.17569552780452 0.3225642999750562
0.9999999999999994 21
6 34.85064903332732 33.42375151807824 0.34384010001667775
0.9999999999999994 21
7 18.320201066769204 17.57413877801995 0.4964938000193797
0.9999999999999989 21
8 15.339447750877225 15.26067286121395 0.26381279999623075
0.9999999999999984 21
9 6.217956396619736 5.5518669132633205 0.2724681999825407
0.9999999999999982 21
10 4.719338662983212 4.1361796809848075 0.2799382999946829
1.0000000000000007 21
11 3.886925103291398 3.354304121538622 0.2874026999925263
0.9999999999999996 21
12 3.525353459017752 2.9475531696611044 0.2770416999992449
0.9999999999999982 21
13 2.6408305890687758 2.0350614678464165 0.2758890999830328
1.0000000000000009 21
14 2.407072041292113 1.7297148450533841 0.2907978000002913
0.9999999999999996 21
15 2.1076558579462636 1.4296878924250147 0.2917872999969404
1.0000000000000007 21
16 1.9177210384108185 1.2145911668309368 0.4510491999972146
0.9999999999999994 21
17 1.7533232654358972 1.0398001794309994 0.27885100001003593
1.0000000000000013 21
18 1.605951108612052 0.9122032158221844 0.2823015000030864
0.9999999999999989 21
19 1.4489811904294683 0.7362215587960743 0.2687386999896262
0.9999999999999998 21
20 1.3566814939808773 0.6597274900318825 0.2750055000069551
1.0000000000000009 21
21 1.2859379389340162 0.5750294293522036 0.28469279999262653
1.0000000000000002 21
22 1.2372332166189268 0.5391393400344275 0.2927291999803856
1.0000000000000007 21
23 1.1952919679888692 0.487175881419627 0.41477440000744537
1.0000000000000007 21
24 1.161208638360297 0.46389123034007507 0.40935719999833964
1.0000000000000009 21
25 1.131612683860911 0.42864589629450417 0.2777464999817312
1.0000000000000007 21
26 1.1057477953355235 0.40939521549479285 0.27178640000056475
1.0 21
27 1.082298655983185 0.38555288898822926 0.28728409999166615
1.0000000000000002 21
28 1.0612100094821275 0.36842396600698885 0.28761639998992905
0.9999999999999988 21
29 1.0415356516672134 0.3530012332217562 0.3753249000001233
1.0000000000000007 21
30 1.0236527123363046 0.33727782130942896 0.3047929000167642
0.9999999999999986 21
31 1.0064550859089996 0.32662215102362563 0.2683434000064153
0.9999999999999992 21
32 0.9905172295910496 0.3125429147074217 0.2704088000173215
0.9999999999999994 21
33 0.9748973863753705 0.30464597263299387 0.2873857999802567
1.0000000000000002 21
34 0.9606724555367334 0.29277090197074085 0.27031130000250414
1.0000000000000016 21
35 0.9473936257239264 0.28699344563663326 0.2773528000107035
0.9999999999999999 21
36 0.934901374839424 0.27623236472149654 0.2867952999949921
1.0000000000000009 21
37 0.9231371824282792 0.27105692887004285 0.28666870002052747
1.0000000000000016 21
38 0.9121028206054691 0.26076456168362017 0.276356799993664
1.0000000000000013 21
39 0.9012925184214658 0.2546061474720125 0.29489509999984875
1.0000000000000002 21
40 0.8912097335647245 0.24431103244437652 0.275480799988145
0.9999999999999996 21
41 0.8826255219211419 0.23966736300663574 0.28358199997455813
1.0000000000000013 21
42 0.8744544515030644 0.23144682522021504 0.2707239000010304
1.0 21
43 0.8670070087267473 0.2269924065210414 0.2731997999944724
0.9999999999999989 21
44 0.8597755530969414 0.21980531285162416 0.28327009998611175
0.9999999999999999 21
45 0.8531078029118687 0.21553529683695477 0.26722950002294965
0.9999999999999992 21
46 0.8466071668152368 0.20932297945284983 0.27893820000463165
0.9999999999999977 21
47 0.840561343994584 0.20521351510299596 0.27325549998204224
0.9999999999999999 21
48 0.8346476544934543 0.1998715597415593 0.28709329999401234
1.0000000000000002 21
49 0.8291226350819745 0.19588745625592333 0.27808160000131465
1.0000000000000004 21
50 0.8237289764392671 0.19128334744210765 0.2798614999919664
1.0000000000000013 21
51 0.8186706641996054 0.18746190713197156 0.28659260002314113
1.0000000000000002 21
52 0.8137478648446751 0.18347422440078798 0.273285900009796
53 0.2977854698091385
-------------------------------------------------END------------------------------------------------------
11
------------------------------------Randomized only---------------------------------------------------
392.5317264868331 391.22859997357705
0.9984908396424712 20
0 364.35897671839103 364.41847089759995 0.11053169998922385
0.9988676891066139 20
1 323.7905847276609 325.54202248384115 0.10093449999112636
0.9992771696335234 20
2 279.8450262715482 282.13624885377 0.10821320000104606
0.998358687283945 20
3 246.98598601621558 245.97844177019363 0.10947489997488447
0.9712917121877491 20
0.998731764056758 80
4 215.85231873812276 214.66204894567554 0.277509999985341
0.9093583049850664 20
0.995198137683334 80
5 121.33493754120565 121.22004360008906 0.2898476999835111
0.8866278128940283 20
0.9854488132118631 80
0.9953543284931979 140
6 70.65904826075062 68.16531450863667 0.5868525999831036
0.8599503133347897 20
0.9775740366134519 80
0.9925215572651236 140
7 45.727664885912944 43.83380029793743 0.5767124999838416
0.902061250386672 20
0.9805614835286539 80
0.9900155207302763 140
8 33.38424682539689 32.402711335533525 0.565978400001768
0.8974973086904459 20
0.9775119036794786 80
0.9857534919145965 140
0.9922900152046854 200
9 24.26403024803874 23.15709150311271 1.1058918999915477
0.917640844480926 20
0.9813256724913344 80
0.9874831851965233 140
0.9908957991960708 200
10 18.334685878929324 17.9011715315387 1.0608347000088543
0.8597111835874381 20
0.9656696070762263 80
0.975207928485306 140
0.9812405903443358 200
0.9999999999999998 204
11 11.206121908285246 10.54355321128631 1.0407554999983404
0.8569788304184238 20
0.9667355762780223 80
0.985406813212956 140
0.9921386338655594 200
12 8.16521065160656 7.445320417686784 1.0616869000077713
0.710189830561975 20
0.9119846372351824 80
0.9400346506079953 140
0.9540054178974304 200
1.0 204
13 5.572853330106014 4.974968179477783 0.8837129000166897
0.931765747236224 20
0.9937269317600128 80
14 4.490017775285535 3.8533551470888634 0.2824953999952413
0.5089557884204586 20
0.6175496616901602 80
0.7932818653437123 140
0.8726772036672301 200
0.9999999999999998 204
15 3.36255338970887 2.7012137121101305 1.2969929999962915
0.9925397388607112 20
16 3.1732817673574854 2.5075756971859544 0.11047459999099374
0.019122037260407607 20
0.6761680574759124 80
0.8014059258037312 140
0.8732344345838506 200
0.9999999999999998 204
17 2.517736468139045 1.8242451845530012 1.1481232000223827
0.9806028204391791 20
0.9972303481917091 80
18 2.281191856236622 1.6040006612928968 0.27116810000734404
0.3472368828718232 20
0.3803262133913168 80
0.5854409696953625 140
0.7372335032502706 200
1.0000000000000004 204
19 2.083320340705591 1.4460557387305721 1.0519173000066075
0.9748793852177045 20
0.9983543834739812 80
20 1.72379960513078 1.0576395012466941 0.27956960001029074
0.5002417893077158 20
0.5246612777506997 80
0.7131270005574587 140
0.7990354421237114 200
1.0000000000000002 204
21 1.4650486699151015 0.8497334957131498 1.327220999985002
0.9911762639702619 20
22 1.4432550446161054 0.8210324113676383 0.102713300002506
0.016263521610389915 20
0.6361681644563955 80
0.7603289363769055 140
0.8057554888643631 200
0.9999999999999998 204
23 1.2846590572536933 0.6597777692660449 2.140012600022601
0.9942802383848154 20
24 1.265552821347824 0.6338014489870625 0.13800209999317303
0.0018435240520658285 20
0.5551519332067967 80
0.6722530663278552 140
0.710768591522258 200
0.9999999999999998 204
25 1.1551107709553148 0.5501902860902658 2.3571777000033762
0.976049838563267 20
0.9925633716359318 80
26 1.1458074101223346 0.5384879031483351 0.27943369999411516
0.03499184253159336 20
0.03724802136822604 80
0.22522694406228583 140
0.3119776483601456 200
0.9999999999999998 204
27 1.0538546462833944 0.43354858873146795 1.4473899999866262
0.9890576703294861 20
0.9974083027221047 80
28 1.0443507001274117 0.42597093754950355 0.2800649999990128
0.004948037326480508 20
0.006619356270514092 80
0.22893848529488975 140
0.3233964467713316 200
0.9999999999999993 204
29 0.9825088164672233 0.37924740632062254 1.5884299000026658
0.9920739774772649 20
30 0.9720214119501809 0.3664527166798987 0.11317930000950582
0.0010123021437083396 20
0.8273865350315177 80
0.8732877416293369 140
0.8868179131910012 200
1.0000000000000004 204
31 0.9160353508454467 0.3102453752641952 1.0106101999990642
0.9968145271196766 20
32 0.9093676274664746 0.3042366006146225 0.09664659999543801
0.0034261368220548268 20
0.661064419479626 80
0.7451680439811486 140
0.7841724957292942 200
1.0 204
33 0.8779853788901156 0.26455798187124024 1.1099707999965176
0.9970394912579936 20
34 0.8642057335217159 0.2508840434827493 0.11063050001394004
0.001276320263457699 20
0.818325575832385 80
0.8835601446038784 140
0.900556251717026 200
1.0000000000000004 204
35 0.8339521662789242 0.22787410139742761 1.0805921999854036
0.9980678772632604 20
36 0.8247275429017289 0.2209793598241174 0.0961020999820903
0.003726072223196331 20
0.7457928783475527 80
0.7987610253375941 140
0.8267664152255347 200
1.0 204
37 0.8066796828302285 0.1942765356151236 1.110684899991611
0.9941207013971617 20
38 0.797321319704482 0.18767662457559114 0.0929871000116691
0.0002044672878194734 20
0.880073070937722 80
0.9383423959457735 140
0.9519812213067024 200
1.0000000000000002 204
39 0.7774593633684727 0.17085043416462373 1.2092713000020012
0.9975041245985852 20
40 0.7712701047516132 0.16869226829162073 0.11054849997162819
0.0011044042147862496 20
0.8787267305119957 80
0.9198715765366908 140
0.9320443494679425 200
0.9999999999999997 204
41 0.7582877531776281 0.15228817179225307 1.3504070999915712
0.9886674826015667 20
0.9988266902452902 80
42 0.7519076503928186 0.14929884589529493 0.2813447999942582
0.15079929951266913 20
0.15284763181529282 80
0.41236106161708236 140
0.5230673567232522 200
0.9999999999999989 204
43 0.7385036133921483 0.13516875808893636 1.302075200015679
0.9952505632732954 20
44 0.7373390079463505 0.1353899915448138 0.1079561999940779
45 0.6925140155531052
-------------------------------------------------END------------------------------------------------------
------------------------------------Krylov only---------------------------------------------------
392.5317264868331 391.22859997357705
0.9999999999999991 21
0 355.95321320328713 356.60535923533143 0.28740939998533577
1.0000000000000004 21
1 312.654027344246 311.6891470945522 0.29248200001893565
1.0000000000000002 21
2 211.05267077899472 209.67420643948938 0.29658549997839145
0.9999999999999988 21
3 85.07836301512938 83.55298628390283 0.45672270000795834
0.999999999999999 21
4 61.46295957938484 57.67537425911133 0.27791800000704825
1.0000000000000007 21
5 11.483662040004356 11.614003504909778 0.27818339999066666
0.9999999999999987 21
6 6.268687742190095 5.869153379733602 0.28383000000030734
1.0000000000000009 21
7 4.082658081603834 3.4997978252378568 0.2798373999830801
1.0000000000000007 21
8 3.414154391327627 2.803689348752156 0.28443759999936447
1.0000000000000007 21
9 2.9432613963742495 2.2760791304939314 0.2847055000020191
0.9999999999999998 21
10 2.5747727872263932 1.9554475256876025 0.27860240000882186
0.9999999999999998 21
11 2.247892680995411 1.5489843581746099 0.28165329998591915
0.9999999999999991 21
12 2.0761066007787434 1.3837303103628502 0.2812596999865491
0.9999999999999987 21
13 1.9055878003974773 1.16537694747443 0.2816315999953076
0.9999999999999998 21
14 1.8079330476837783 1.0602444120057875 0.2743631000048481
0.9999999999999992 21
15 1.7206495948408105 0.9669566103552371 0.26832519998424686
0.9999999999999999 21
16 1.6507072937961613 0.8985682876391993 0.27799520001281053
1.0 21
17 1.587285328416568 0.8447090650015237 0.2830083000008017
1.0 21
18 1.5302511393928853 0.7962273967961423 0.27999320000526495
1.0000000000000002 21
19 1.4832387251800505 0.7599554548564303 0.2794166000094265
0.9999999999999997 21
20 1.4297460014055123 0.7220580346492651 0.30266620000475086
1.0000000000000004 21
21 1.3836172601995322 0.6816149871541662 0.2681474999990314
0.9999999999999984 21
22 1.318266405807637 0.639943967957304 0.27732209998066537
1.0000000000000002 21
23 1.2683129558412791 0.5927341923851769 0.28106780000962317
1.0000000000000013 21
24 1.2019477625196293 0.5494607313735349 0.278892000002088
0.9999999999999991 21
25 1.1477958948249614 0.49982733733968765 0.2683363000105601
1.0000000000000004 21
26 1.093204838065445 0.4572242170213179 0.275628700008383
0.9999999999999997 21
27 1.047740307571288 0.4174483555911073 0.27986260000034235
1.000000000000001 21
28 1.0022887449154874 0.3769143298856668 0.2692346000112593
0.9999999999999984 21
29 0.9686482213221465 0.35085886526452637 0.26931299999705516
1.000000000000001 21
30 0.9366288952789226 0.31912817570522284 0.28690770000685006
1.0000000000000002 21
31 0.9113486707046421 0.30170996712371195 0.2840847999905236
0.999999999999999 21
32 0.8891790836365608 0.2751744388160178 0.2788437000126578
1.0000000000000007 21
33 0.8696916442408678 0.2621943138338535 0.280311399983475
0.9999999999999998 21
34 0.8544084882173982 0.24214625215667274 0.2801055000163615
1.0000000000000002 21
35 0.8421101974499268 0.2367229316019605 0.2822079000179656
0.9999999999999996 21
36 0.831413098787552 0.22136909104128405 0.28704280001693405
0.9999999999999992 21
37 0.8223359216701062 0.2179406938694392 0.2828816999972332
1.0000000000000007 21
38 0.8142056036629446 0.20521816453936015 0.4568540999898687
1.0000000000000018 21
39 0.8069312292011803 0.20310972930954943 0.2908195999916643
0.9999999999999987 21
40 0.8003345118767132 0.1923155456967814 0.2804150000156369
0.9999999999999994 21
41 0.7945005800930338 0.19091684353698918 0.2744615000265185
0.9999999999999996 21
42 0.7891163140022005 0.18164925083093794 0.2746968999854289
1.0000000000000013 21
43 0.784185237037138 0.180815037260398 0.2834953000128735
44 0.28868088181942847
-------------------------------------------------END------------------------------------------------------
12
------------------------------------Randomized only---------------------------------------------------
424.64059388887733 431.8202426956267
0.9970510764962359 20
0 391.385746553378 398.26085235582053 0.10431349999271333
0.9976612457534313 20
1 342.87336944424294 349.559640485327 0.09339660001569428
0.9989946380654976 20
2 289.5753523080159 295.4499362502538 0.1097660000086762
0.9990037244779292 20
3 253.47555127463173 254.9094668903621 0.10535249998793006
0.994638609523889 20
4 222.05843334364658 220.06820810344743 0.09539719999884255
0.9400386148087708 20
0.9897007155757493 80
0.9960433628396966 140
5 165.79424384047445 163.33892131849046 0.8931600999785587
0.8424431689136788 20
0.9777030278830062 80
0.992251323826789 140
6 81.89750012588956 77.19977148397331 0.7467072999861557
0.8161678100705465 20
0.9598641749220874 80
0.9849958791439408 140
0.9932391938259091 200
7 39.98863797370688 39.28886937885434 1.2305269000062253
0.8741331112300338 20
0.9696707550927488 80
0.985133971362309 140
0.990938554262943 200
8 21.689511543015982 21.377565950490762 1.1544802999997046
0.6969451730918425 20
0.9041665900318816 80
0.940737474548189 140
0.9574651549524174 200
1.0000000000000002 204
9 12.361854878707746 12.570877993843654 1.0884191000077408
0.6076915454160119 20
0.9072102748336486 80
0.9593501270722379 140
0.972948428354652 200
0.9999999999999996 204
10 7.94637080149483 7.757874444361621 0.9805836000014096
0.9184586174707334 20
0.9745671667177681 80
0.9879883826256898 140
0.9914646436139347 200
11 6.676883614265396 6.383067824591818 1.1766206000174861
0.8013516052756164 20
0.8692736985281514 80
0.8968309656121153 140
0.9086152857309274 200
0.9999999999999999 204
12 5.003450261110655 4.505758202767168 1.1794837999914307
0.9877757332140622 20
0.9962926382396627 80
13 4.6266786395490875 4.159557380611428 0.2802324999938719
0.4398073859258875 20
0.5121263695019735 80
0.6920494396853806 140
0.7714343953361682 200
0.9999999999999998 204
14 3.6555451339336136 3.0829183007939793 1.0756768000137527
0.8610706973603294 20
0.9489287277103123 80
0.9648461218424029 140
0.9720387302905079 200
1.0000000000000002 204
15 3.006300773316234 2.470477739821293 1.3820728000137024
0.9267311074726406 20
0.9721861961051481 80
0.9782516505875081 140
0.9803410208675448 200
1.0000000000000002 204
16 2.5531940118755987 1.9575804699984645 1.215461099985987
0.6199464768016835 20
0.8690036224084777 80
0.8991148872708716 140
0.9128306594444043 200
1.0000000000000007 204
17 2.2326774421880664 1.6929172753503576 1.052497599972412
0.9714771738308493 20
0.9845868487573559 80
0.9871954189783275 140
0.9890267456223119 200
0.9999999999999996 204
18 1.986391599202012 1.424327325026922 1.0866984000022057
0.916270386885028 20
0.9711173257016558 80
0.9755208571995362 140
0.9788916964796892 200
1.0000000000000002 204
19 1.7935022528793874 1.2410498012261795 1.1966820000088774
0.9708049120756573 20
0.9817304818655811 80
0.9847130834643713 140
0.9864016303572509 200
0.9999999999999998 204
20 1.6453636302858416 1.0786553636819738 1.8311414000054356
0.8997020139457989 20
0.9492528462842886 80
0.955163619835667 140
0.9590521263326065 200
0.9999999999999994 204
21 1.5263782614052506 0.9490569927554652 2.477231299999403
0.8100726612128306 20
0.859676234429868 80
0.8746259424393419 140
0.8854721133412484 200
0.9999999999999999 204
22 1.4310445873325637 0.8523914985388801 2.8841266999952495
0.9613692782622216 20
0.9761616619289755 80
0.9784069695778447 140
0.9797857573690675 200
1.0000000000000002 204
23 1.346142562577845 0.7589423115124757 2.0806451000098605
0.8193351337671844 20
0.8818742701804057 80
0.8914969097890231 140
0.8985859696233701 200
1.0000000000000002 204
24 1.2742568079839527 0.6973559397545656 2.376008399995044
0.9795675869609188 20
0.9878898847660009 80
0.9891983202309194 140
0.9898271825084731 200
0.9999999999999996 204
25 1.2073994628368612 0.6221264648020877 2.4779365000140388
0.8222674194010547 20
0.9033521592121075 80
0.9134101422624218 140
0.9189438917375181 200
0.9999999999999998 204
26 1.1497497007534316 0.5735844413395667 2.892754000000423
0.9824736053301059 20
0.9914008647696617 80
27 1.1474118022307953 0.5734263192994403 0.42317419999744743
0.003654784203914194 20
0.004615998448122923 80
0.09299098964100308 140
0.1453837388087047 200
0.9999999999999998 204
28 1.0977919710836208 0.512393097837961 2.564978299982613
0.8406001451606586 20
0.9286024063535775 80
0.9363421162819648 140
0.9397334964295903 200
1.0 204
29 1.0549245153719973 0.47142939798664285 2.4789434999984223
0.9683066819448962 20
0.9868428428169659 80
0.988694135087857 140
0.9894068989360546 200
1.0000000000000002 204
30 1.0173829613817083 0.42238071240705266 2.7565706000023056
0.8650797392997371 20
0.9411755756660004 80
0.947313200157828 140
0.94994099909927 200
1.0 204
31 0.9856519166106839 0.39052103954393114 2.5654424999956973
0.9522186308451319 20
0.9813398315293254 80
0.9833118170175785 140
0.9843650558982991 200
0.9999999999999997 204
32 0.9556015521130948 0.34997366081623965 1.4896838999993633
0.9590210926437177 20
0.9800771275426213 80
0.9824711489592887 140
0.983444055571064 200
1.0000000000000007 204
33 0.9293969412452457 0.32257572898661724 3.4052110000047833
0.9791247852888639 20
0.9929477425306374 80
34 0.9277134790691532 0.3196278706679649 0.6771472999826074
35 1.417957811427602
-------------------------------------------------END------------------------------------------------------
------------------------------------Krylov only---------------------------------------------------
424.64059388887733 431.8202426956267
1.0000000000000004 21
0 387.3534528667174 394.9909211376184 0.27039729998796247
1.0 21
1 330.03301804367646 335.58971618959566 0.4476270000159275
1.0 21
2 274.13249204704584 269.1895833216896 0.3136514999787323
1.0000000000000009 21
3 153.70795397677054 151.97334273377038 0.2962444000004325
0.9999999999999998 21
4 106.11885047582435 105.67391892213939 0.3281600000045728
1.0000000000000004 21
5 32.66863343887707 30.434136624627083 0.2854241000022739
1.0000000000000002 21
6 17.824843571651662 16.735246708047548 0.28879089999827556
1.0 21
7 7.333897499230662 6.328967445439759 0.2918632999935653
1.0000000000000016 21
8 4.80258713939916 3.8353121619902595 0.27480840001953766
0.9999999999999997 21
9 3.7728466206332576 2.9499499482950005 0.29480669999611564
0.9999999999999998 21
10 2.8401699090568995 1.9361006806090615 0.29085140000097454
1.0000000000000004 21
11 2.5680547657659156 1.8651210485358152 0.27715639999951236
1.0000000000000002 21
12 2.1229756729164655 1.3848883877927118 0.2795775999838952
0.9999999999999996 21
13 1.9197135978362436 1.235066612342337 0.2931353999883868
0.9999999999999991 21
14 1.7315525892288923 1.0465322945106277 0.29425930001889355
1.0000000000000016 21
15 1.61893759509099 0.9484240844978891 0.278100399998948
1.0 21
16 1.5139013963839723 0.847345283985974 0.2969059000024572
0.9999999999999998 21
17 1.4400987933819085 0.7815436601125545 0.7097419000056107
0.999999999999999 21
18 1.371269223748478 0.7188167694663408 0.36226860000169836
0.9999999999999998 21
19 1.3158136635021864 0.6668116753986285 0.2715254999930039
1.0 21
20 1.2677609612225162 0.6237888079274696 0.2847570000158157
1.0000000000000004 21
21 1.2256205533513875 0.5814876142222033 0.2779006000200752
1.0000000000000002 21
22 1.187971132051244 0.5485893990426756 0.30061860001296736
0.9999999999999997 21
23 1.1537547910351444 0.5111203092653931 0.47782509998069145
1.0000000000000007 21
24 1.1227027889238153 0.4863293657408806 0.3668271999922581
1.0000000000000013 21
25 1.094476975117701 0.45261804355495716 0.26641640000161715
0.9999999999999993 21
26 1.069007355663264 0.43489257414777927 0.26875989997643046
1.0000000000000013 21
27 1.0463377151170135 0.40625942651707875 0.2708459999994375
0.9999999999999993 21
28 1.0256442468504388 0.39253286360814105 0.2801082999794744
1.0 21
29 1.0064665719634769 0.3687625461749486 0.2894222000031732
1.0000000000000007 21
30 0.9886516946962676 0.3577298526458229 0.2860060000093654
1.0000000000000007 21
31 0.9722972195185903 0.3369298135791899 0.2737192999920808
0.9999999999999997 21
32 0.9569839934873715 0.3286144656474869 0.27877010000520386
1.0000000000000002 21
33 0.9431348887672906 0.3110057730586913 0.2837590000126511
1.0000000000000004 21
34 0.9301198332549924 0.30399025781674927 0.27138819999527186
0.9999999999999991 21
35 0.917974271124788 0.28861739077604226 0.28453640002408065
1.0 21
36 0.9065427203654647 0.2824727209920437 0.3090923000127077
1.0 21
37 0.8958024044373404 0.26893450759167825 0.32852160002221353
1.0000000000000009 21
38 0.8856464213204319 0.26357833266929975 0.2900775000161957
0.9999999999999997 21
39 0.8760787704215581 0.2514708496515998 0.2807526000251528
1.0000000000000002 21
40 0.8663535621821389 0.24690938162745923 0.28405769998789765
1.0000000000000013 21
41 0.8573908505671265 0.2346530022279122 0.2749446999805514
0.9999999999999998 21
42 0.8488783482404806 0.2299273053897449 0.28424700000323355
0.9999999999999997 21
43 0.8409985619211353 0.22015245427483696 0.29192990000592545
1.0000000000000009 21
44 0.8340023196023202 0.21657341614133527 0.2726152999966871
1.0000000000000002 21
45 0.8273991337644442 0.2081282272616417 0.2853555000037886
1.0000000000000013 21
46 0.8212352754552158 0.20525404852465673 0.2783837000024505
0.9999999999999986 21
47 0.8154504957980233 0.19770688580932766 0.2850169999874197
1.0000000000000002 21
48 0.8100710622908891 0.1953531461810544 0.27776739999535494
1.0000000000000009 21
49 0.8048633457559822 0.1887024512741644 0.27897959999972954
1.0000000000000002 21
50 0.7999792318856216 0.186576168030843 0.2839197999855969
51 0.30416897843208385
-------------------------------------------------END------------------------------------------------------
13
------------------------------------Randomized only---------------------------------------------------
410.2842340664034 416.07135752456577
0.9976659271640536 20
0 379.2345559443403 384.8735201259812 0.09848339998279698
0.9985636857023289 20
1 334.1008720995669 339.1826164578559 0.1084040000278037
0.9987813932078026 20
2 285.20715615527956 289.79685453984945 0.09868540000752546
0.9988006869309415 20
3 251.7730751760983 252.5231074606252 0.11197359999641776
0.9875159516492358 20
0.9990800224152798 80
4 217.31436023258203 212.73322107980604 0.27616259999922477
0.9052783175798443 20
0.9901936496228713 80
5 131.97685003251513 128.94575480069523 0.2860161999997217
0.6091767463513987 20
0.9477756195200109 80
0.9791471907500974 140
0.9889773480505382 200
1.0 204
6 66.34130926333626 63.17247842956166 1.2331924999889452
0.6535043077999146 20
0.9495558224463367 80
0.9798797027036009 140
0.9902637921348704 200
7 31.965281924003513 30.334512212639535 1.0579198000195902
0.7028556596962524 20
0.94373684487113 80
0.9744913290594018 140
0.9864867924804555 200
1.0000000000000002 204
8 16.167279891178083 15.029652883626575 1.2284264999907464
0.8746267787903642 20
0.982668273608889 80
0.9909604060140387 140
9 11.581284935032032 10.761824763246306 0.47972980001941323
0.5743796846465886 20
0.8394943636233795 80
0.8709952751705454 140
0.9126939477154451 200
0.9999999999999998 204
10 7.112697131748234 6.403791209710129 1.0864289000164717
0.7763143460646256 20
0.9341114260174719 80
0.9584538562483128 140
0.9709263396238847 200
0.999999999999999 204
11 4.615867484759012 3.978093249829178 1.1424870999762788
0.8475540647223206 20
0.9740104464766433 80
0.9854059390823487 140
0.9900045217920239 200
12 3.990450032905302 3.3796483467174157 1.6899167000083253
0.6439260150686092 20
0.7663067264775982 80
0.7897880090935862 140
0.8035043706299855 200
1.0000000000000004 204
13 2.896921283456419 2.1434104609499105 1.6716048000089359
0.7410449315079282 20
0.9202182764819148 80
0.9516397590758023 140
0.962382161108998 200
1.0 204
14 2.3166212157847172 1.6166420991224633 1.2464969000138808
0.8542816198134554 20
0.9464495654037192 80
0.9586538505320971 140
0.9657054943779898 200
0.9999999999999999 204
15 1.9600422242761568 1.312583214936205 1.1936041000008117
0.9609441295589342 20
0.9792723592501409 80
0.9853285872226241 140
0.9868171584119508 200
0.9999999999999991 204
16 1.7178870608765162 1.0576263484043307 1.2921027000120375
0.6829796945625636 20
0.8596039836825857 80
0.8883887648334082 140
0.9040995680769939 200
1.0 204
17 1.5182376077903414 0.8876479726152591 1.1990684999909718
0.9814564500082474 20
0.991562330154492 80
18 1.5038652533456869 0.8672332489669636 0.3227463000221178
0.007919362622518626 20
0.013192164318705969 80
0.23351997768253166 140
0.3041090915228425 200
0.9999999999999997 204
19 1.36828113691863 0.7280064999435337 1.2908976000035182
0.9890239452939191 20
0.9949394595784498 80
20 1.3578846165735559 0.7006754087938206 0.2680312999873422
0.0063303127328570696 20
0.010241972237234427 80
0.13329927996243798 140
0.20465198717838018 200
0.9999999999999998 204
21 1.2492384948371056 0.6275128232427183 1.190839099988807
0.9729618263438183 20
0.9803068781752461 80
0.9831921444110313 140
0.9841125296634017 200
1.0 204
22 1.163427639111942 0.5382046431593818 1.234481899999082
0.9808502509008651 20
0.9897904935610291 80
0.9906605946890236 140
23 1.157988614777148 0.5238315887262509 0.5404702000087127
0.015409384897025171 20
0.022614623343064303 80
0.025921558158026808 140
0.10193449024209973 200
0.9999999999999996 204
24 1.0898456664112304 0.47541590578166987 1.2929367999895476
0.9845905304480003 20
0.9875978998800744 80
0.9886539429142653 140
0.9891449382204328 200
1.0000000000000009 204
25 1.0305379191189485 0.4251702729570073 1.2761459999892395
0.9708978683802978 20
0.9801538226693344 80
0.9814147129649994 140
0.9824149184162962 200
1.0000000000000004 204
26 0.9815849609000227 0.3827050080644152 1.1607402999943588
0.991431038444138 20
27 0.9801852840994161 0.38032522353600545 0.10025640000822023
0.00033217715863704053 20
0.2716301673719016 80
0.3243707708809834 140
0.3540822368475051 200
1.0000000000000007 204
28 0.9403452625699636 0.3517074349587193 1.1414726999937557
0.9812818191513248 20
0.9864914705430534 80
0.987269202961693 140
0.9877335336995129 200
0.9999999999999992 204
29 0.905891277052543 0.32192372627616966 1.2776712999911979
0.9883458563794926 20
0.9919675156268688 80
30 0.9045967470823689 0.3211089828131405 0.27646480000112206
31 0.8668986516140942
-------------------------------------------------END------------------------------------------------------
------------------------------------Krylov only---------------------------------------------------
410.2842340664034 416.07135752456577
0.9999999999999999 21
0 375.72384684908474 381.71963009517634 0.2645738999999594
1.0000000000000002 21
1 313.3947233442768 317.845939708445 0.2717218000034336
1.0000000000000002 21
2 266.55681737948794 263.7440063781062 0.27805419999640435
0.9999999999999989 21
3 145.26837452405826 141.97713611411206 0.2668695999891497
1.0000000000000004 21
4 110.43180375683606 107.69836027600137 0.29019039997365326
1.0000000000000016 21
5 20.78706972268867 19.480083648922136 0.26831689997925423
1.000000000000001 21
6 10.35515678466022 9.991687124972996 0.27254909998737276
0.9999999999999997 21
7 5.505061171161534 4.910635968380732 0.2937705999938771
1.0000000000000004 21
8 3.8890688105602895 3.353822714907982 0.27371200002380647
1.0000000000000007 21
9 2.820849779969578 2.1247009829667975 0.2902909999829717
0.9999999999999997 21
10 2.2926985468915113 1.7135765723024388 0.2881444999948144
1.0000000000000002 21
11 1.9605194720971266 1.3779144694455734 0.27507850000984035
0.9999999999999991 21
12 1.7564762222909622 1.1808192327613165 0.2830832999898121
1.0000000000000002 21
13 1.5966545971739943 1.0273169661197183 0.28051979999872856
1.0000000000000002 21
14 1.4903322559108367 0.9245032733866962 0.2754404000006616
0.9999999999999998 21
15 1.398815746836694 0.8297069402359845 0.2768439999781549
0.9999999999999996 21
16 1.326374214108019 0.763935486083017 0.2800184000225272
0.9999999999999999 21
17 1.2598125151153834 0.6893924870980545 0.28907060000346974
1.0000000000000002 21
18 1.2062505002904766 0.6422258491673033 0.2919470999913756
1.0000000000000009 21
19 1.1565823280673706 0.5817900855769171 0.3613772999960929
0.9999999999999998 21
20 1.1169346913681686 0.5469441032899831 0.3044219999865163
1.0000000000000004 21
21 1.08040403185269 0.4997577092600877 0.2853049999976065
0.9999999999999993 21
22 1.0503074827530061 0.4724583459336562 0.28925589998834766
0.9999999999999998 21
23 1.0228105986591243 0.4348556611198576 0.2868738000106532
1.0 21
24 0.9984514973647117 0.41329114009269097 0.28301830001873896
1.0 21
25 0.9783649424336524 0.38683530167237407 0.26992689998587593
1.0 21
26 0.9601363104157983 0.36924574816237743 0.2946057999797631
1.0000000000000004 21
27 0.9442032582875971 0.349494161275439 0.2898688999994192
1.0000000000000004 21
28 0.9294050935087967 0.3344845694022365 0.5333071999775711
1.0000000000000007 21
29 0.9161407542776007 0.3194082692165359 0.2835724000178743
1.0000000000000007 21
30 0.9036813279408792 0.30613783902136144 0.2775448000174947
1.0000000000000007 21
31 0.8922640231327581 0.29433487963389426 0.262382399989292
0.9999999999999999 21
32 0.8814893279884036 0.28221666427729397 0.29134580001118593
1.0000000000000002 21
33 0.8713729361949274 0.2723677285756452 0.2751040000002831
0.9999999999999999 21
34 0.8615593899260028 0.26243833865829297 0.2789989000011701
0.9999999999999997 21
35 0.8531016742674612 0.2543355707331648 0.2756132000067737
0.9999999999999999 21
36 0.8449157809248592 0.24590435604262195 0.26429469999857247
1.0 21
37 0.8373781773126219 0.23898448238097558 0.28732110001146793
0.9999999999999978 21
38 0.8279798824742356 0.22908193540635574 0.27207340000313707
1.0000000000000009 21
39 0.8199258291115048 0.22152283953920127 0.28971199999796227
0.9999999999999987 21
40 0.8137498823578379 0.21524002524836924 0.28216810000594705
1.0000000000000018 21
41 0.8079993594051175 0.20997074975343186 0.2789813000126742
0.999999999999999 21
42 0.8016683583055159 0.20351120512259274 0.2856123000092339
1.0000000000000004 21
43 0.7959458448875133 0.19877853599039239 0.27413450001040474
0.9999999999999981 21
44 0.7913155174868279 0.1941624738968944 0.267320099985227
45 0.2878741377764123
-------------------------------------------------END------------------------------------------------------
14
------------------------------------Randomized only---------------------------------------------------
428.5762420359036 429.1953873620481
0.9986956303503376 20
0 394.26312874178086 395.06125925132073 0.11163010000018403
0.9990460294991454 20
1 344.6944901381432 345.7134196810274 0.1065373000164982
0.9993565920334695 20
2 290.50310597154146 292.56821456797104 0.09630000000470318
0.9996095707346635 20
3 251.60084677149965 253.17521929943587 0.11113479998311959
0.9941685844285918 20
4 216.4291395021627 212.5928551670901 0.09143879998009652
0.974051409156449 20
0.9991765654651699 80
5 155.23873774642706 149.069607019711 0.30990820002625696
0.924774047993984 20
0.9893574990588803 80
0.9963810171637629 140
6 98.89561515889508 94.39959273680175 0.5353451000119094
0.8444437894429254 20
0.978744679812082 80
0.9934491838864162 140
7 50.996825176963064 48.60791046768142 0.5026011999871116
0.8955720808213888 20
0.9741959276302377 80
0.9903076582556264 140
8 31.21427999747825 29.43004889889074 0.5031577000045218
0.8517839739347193 20
0.9580559321285604 80
0.9802546996722733 140
0.9869909548891855 200
0.9999999999999997 204
9 16.55486843465064 15.741914419159757 1.0920031999994535
0.9111884379490695 20
0.9790076210881798 80
0.9900233640170147 140
10 11.578920679885021 11.132200412088864 0.488055699999677
0.7031117907861396 20
0.8662698406224222 80
0.9080217826338816 140
0.9445410441497162 200
1.0000000000000002 204
11 7.424179608432198 7.0133371410040874 1.224624499998754
0.8642930757009438 20
0.9817859722131601 80
0.9908632029655987 140
12 5.87862531907564 5.280247769448051 0.5695625999942422
0.6602148044987753 20
0.8136488150680644 80
0.8627317044501144 140
0.9124247699463032 200
1.0000000000000004 204
13 4.6973311249825 3.719967004846523 1.1590033000102267
0.9794865685830111 20
0.9981604925286107 80
14 3.8475630225277855 3.048147501906531 0.26052250000066124
0.7097379093191407 20
0.7692439197300194 80
0.8604707471665377 140
0.9073163348486053 200
0.9999999999999997 204
15 3.0146743711933275 2.2001403658109737 0.9958253999939188
0.9822695984988847 20
0.9968997161559084 80
16 2.8136765982234686 2.0593864375113973 0.2631567000062205
0.15707277773631406 20
0.3376606141738697 80
0.5185299499033829 140
0.6571195921036608 200
0.9999999999999999 204
17 2.351452938808019 1.5684910029165475 1.0887437000055797
0.8857415180014532 20
0.985199059112881 80
0.991309419950201 140
18 2.208753826155444 1.475949207399444 0.5564813000091817
0.3908933505439677 20
0.4876332521297331 80
0.5142192252666345 140
0.6357772307411067 200
1.0000000000000002 204
19 1.873112875085463 1.2123683873382698 1.031840200012084
0.9794714218132365 20
0.9967845814443967 80
20 1.7885145317569842 1.12774835300202 0.27556639999966137
0.09307883288267353 20
0.10814378704842262 80
0.37314586325257326 140
0.5362338305049974 200
1.0000000000000004 204
21 1.5785558865890217 0.933484140602608 1.2895158999890555
0.8912978618770628 20
0.9763519142797215 80
0.9820645305868897 140
0.9843505484243907 200
1.0000000000000002 204
22 1.4007890746922445 0.7598861411180853 1.510418199992273
0.8909886863260842 20
0.9595232768407143 80
0.9653859531860803 140
0.9710335201152364 200
1.0 204
23 1.2747928622530043 0.6500193911779177 1.045699499984039
0.9307791310004734 20
0.9857344097077102 80
0.9886540483780468 140
0.9902390402179045 200
24 1.2503293137340223 0.6161610100930021 1.0727417999878526
0.10559868813278728 20
0.1498590828336075 80
0.16972254265165865 140
0.17727600649436673 200
1.0 204
25 1.133080787591257 0.5309105106024262 1.17070000001695
0.9733863156901076 20
0.988536793985568 80
0.9912243863707991 140
26 1.121394120038769 0.5210910566543332 0.5346321999968495
0.09341859084831455 20
0.12113692622288938 80
0.1325974937077253 140
0.24307889920660292 200
0.9999999999999998 204
27 1.0419697380077586 0.4287803914414817 1.2148482000047807
0.9743174030488685 20
0.9900578560313001 80
28 1.0384082853902277 0.42350652568281155 0.2736166999966372
0.0031657715973481986 20
0.0044437836592973725 80
0.10820721057419429 140
0.1825562863388095 200
0.9999999999999996 204
29 0.972846036532045 0.3849440692678206 1.2944242999947164
0.9749373739321141 20
0.9871002109175946 80
0.988766662918203 140
0.9897732710071425 200
0.9999999999999999 204
30 0.9186952385892698 0.31817865916231464 1.4251447999849916
0.9566492464499496 20
0.9842654157244425 80
0.9855891509476803 140
0.9863854473444188 200
0.9999999999999997 204
31 0.8770480203926553 0.2894268259980131 1.0880949000129476
0.979967617875689 20
0.9899942696252328 80
0.9911139091531593 140
32 0.8752468156567375 0.2873629592854153 0.6285291999811307
33 0.7249031636359481
-------------------------------------------------END------------------------------------------------------
------------------------------------Krylov only---------------------------------------------------
428.5762420359036 429.1953873620481
0.999999999999999 21
0 392.95626612347684 393.78511412625005 0.2779910999815911
0.9999999999999997 21
1 326.9533364291364 329.9582358283758 0.28508669999428093
1.0000000000000004 21
2 177.5464983982314 178.38084289228374 0.26953819999471307
1.000000000000001 21
3 148.66135477967103 152.3327137579536 0.266152800002601
1.0 21
4 57.225230446752185 56.95981698231643 0.2836842999968212
1.0000000000000016 21
5 40.42964839413624 39.240735399642276 0.2842336999892723
0.9999999999999998 21
6 7.817722214269112 7.95548744866438 0.28610749999643303
0.999999999999999 21
7 4.455690198612878 4.162267802157119 0.28572250000433996
1.0 21
8 3.7955311304308417 3.1183339607957588 0.2762892000027932
1.0000000000000002 21
9 2.581228893181539 2.10140700904657 0.27773440000601113
0.9999999999999992 21
10 2.3508943425775697 1.6953190796123827 0.28188439999939874
0.9999999999999991 21
11 1.7634190547343649 1.1888024517204285 0.28031250002095476
1.0000000000000009 21
12 1.6221657867947608 0.9956298358640165 0.27302930000587367
0.9999999999999997 21
13 1.370824221510106 0.7514339281327905 0.27592770001501776
0.9999999999999994 21
14 1.280478263467827 0.6589543308554666 0.2789329999941401
0.9999999999999998 21
15 1.1749243244725833 0.5489059769693226 0.27745449999929406
0.9999999999999999 21
16 1.119968686054275 0.5025645123298378 0.2905797999992501
0.9999999999999993 21
17 1.0739436672695553 0.44836854083910144 0.3012029000092298
1.0000000000000004 21
18 1.0351552906121295 0.42009211779192307 0.2906430000148248
1.0000000000000004 21
19 1.0066669882959096 0.38563930811034514 0.40354189998470247
1.0000000000000002 21
20 0.9745345207036805 0.36147145892698856 0.27565140000660904
1.0 21
21 0.9531201450028078 0.3368746291265359 0.2701546000025701
1.0000000000000007 21
22 0.9271374083214512 0.31558660831476937 0.2675148000125773
1.0000000000000004 21
23 0.910733472016807 0.29828269272474156 0.26448270000400953
0.9999999999999994 21
24 0.8914277853139574 0.2822333980544508 0.2849201000062749
1.0000000000000013 21
25 0.8773499387766985 0.26758590027356144 0.2844426000083331
1.0000000000000004 21
26 0.8607023115778295 0.25393067896604377 0.2822009000228718
1.0000000000000004 21
27 0.849668136310302 0.24456668244267354 0.29013390000909567
1.0000000000000013 21
28 0.8375437577513641 0.2331000039053808 0.2819446000212338
1.0000000000000007 21
29 0.8280351770779203 0.22500631820069558 0.28614789998391643
1.0000000000000002 21
30 0.8180192306876521 0.2160599176724373 0.2699665000254754
1.0000000000000009 21
31 0.8101766810059294 0.20817708354051814 0.26817799999844283
0.9999999999999987 21
32 0.8018927180406991 0.2010475995350544 0.27162670000689104
0.9999999999999984 21
33 0.7948811827926947 0.19465152797969007 0.27517000000807457
1.0000000000000007 21
34 0.7878434662133155 0.18752107180933497 0.2874005999765359
0.9999999999999996 21
35 0.781756312562998 0.1821043318243701 0.2739216000190936
1.0000000000000002 21
36 0.7754906177395167 0.1756382036983576 0.279877100023441
0.9999999999999989 21
37 0.7700246434847025 0.1705294730552563 0.2774611000204459
0.9999999999999997 21
38 0.7646405884653261 0.16536612248207186 0.28161140001611784
0.9999999999999998 21
39 0.7597193695956426 0.16061307493653332 0.2806599000177812
40 0.28248789500503335
-------------------------------------------------END------------------------------------------------------
15
------------------------------------Randomized only---------------------------------------------------
410.4480161458256 410.37470298220455
0.9987114970588582 20
0 378.87726317767647 379.5429635154144 0.10996410000370815
0.9988478766941907 20
1 333.42642615530184 335.42940581573686 0.10150900000007823
0.9989356708758296 20
2 284.48212462066493 287.49392497347986 0.16236529999878258
0.9991675749688999 20
3 250.92290826806516 252.2934867265264 0.10201279999455437
0.9539146981309117 20
0.9976471108041708 80
4 172.04269336227995 165.80840777210065 0.27849150000838563
0.8669039216823056 20
0.9807728083027634 80
0.9952778348080907 140
5 82.51732527162521 75.07358927177074 0.654864699987229
0.8082752919551066 20
0.9513875528945064 80
0.9836585214077062 140
0.9925960344425585 200
6 48.96853484548782 47.075079193929454 1.1239781999902334
0.7420233878590657 20
0.9529510392540247 80
0.9780914276878347 140
0.9855065309073355 200
0.9999999999999998 204
7 26.573531258245946 24.930025987210747 1.127317899983609
0.7753593146250982 20
0.9710336866601056 80
0.9856689334419512 140
0.9901195995327234 200
8 17.99994857596923 16.97701212409336 1.2749497999902815
0.6258633472099687 20
0.8890739922566107 80
0.9349950890358323 140
0.9463971656575062 200
1.0 204
9 11.15334318253627 10.899823552252677 1.549571300012758
0.6672265268236965 20
0.9247419513036209 80
0.9532561903146517 140
0.9647753242346221 200
0.9999999999999997 204
10 6.8436923940150445 6.147071645773303 1.1600505000096746
0.8587343366377261 20
0.9778206574236562 80
0.9872547046682261 140
0.9919342615615286 200
11 5.307048441533048 4.768384948889376 1.2210985999845434
0.8522489178500877 20
0.9142576480227805 80
0.929949140909688 140
0.9378262386524175 200
0.9999999999999999 204
12 3.792702681096076 3.368409253407677 1.219509599992307
0.984784050809546 20
0.9954547753364884 80
13 3.574682575867117 3.127518942942366 0.28083620002144016
0.3598284152901087 20
0.40632109772845737 80
0.545143498258686 140
0.7138687078612337 200
1.0000000000000007 204
14 2.8871922714871965 2.3470138090126182 1.1379471000109334
0.9686125023210888 20
0.9902287106850715 80
15 2.799427039534614 2.2486798401888013 0.27307210001163185
0.05883492230110144 20
0.1338146540053063 80
0.3018592679382156 140
0.4328996589193386 200
0.9999999999999998 204
16 2.4163898741011622 1.8819354991976625 1.4211437000194564
0.9800826128002467 20
0.9929118951550568 80
17 2.365436847818149 1.8301680429381717 0.27446539999800734
0.027994597693696645 20
0.04927572420002392 80
0.21844249556620782 140
0.34235058048679906 200
1.0000000000000004 204
18 2.071287292680548 1.501881901828423 1.1198769999900833
0.8689703504172712 20
0.9363810348376589 80
0.94864119405286 140
0.9530039098455552 200
1.0000000000000002 204
19 1.8409647714187791 1.2644620103534763 1.7973711999948137
0.91356239066119 20
0.9728068216361017 80
0.9764754183639969 140
0.9787507011156641 200
0.9999999999999996 204
20 1.6307646727001506 1.045795092412097 1.4182878999854438
0.6496288358892491 20
0.7762203376926772 80
0.8128935146599148 140
0.8289260571653722 200
1.0 204
21 1.480578239162407 0.8839489687730311 1.415250099991681
0.9423560010680845 20
0.9921833434948799 80
22 1.448961422524092 0.854558182750131 0.27248620000318624
0.05635604244689446 20
0.06267305605433031 80
0.16282264182101833 140
0.24347138421545456 200
0.9999999999999996 204
23 1.3175759399788338 0.7165476779344451 1.1717376000015065
0.9117695101139588 20
0.9651503113047764 80
0.9705058045899045 140
0.9726312599525005 200
1.0000000000000004 204
24 1.2225377547461314 0.6306205151181414 1.1851175999909174
0.9827495687914289 20
0.990721107220687 80
25 1.2179758214883016 0.6260645934702349 0.2841727999912109
0.001497443411624782 20
0.005592183038665637 80
0.09878621889374972 140
0.17076690350419357 200
1.0000000000000009 204
26 1.1514748164553348 0.5512388756637389 1.3695211999875028
0.8938648679682609 20
0.914091803736356 80
0.9200422458639596 140
0.9243289961328885 200
1.0 204
27 1.0978697530574135 0.5110818616072605 1.007454799982952
0.9582520270356094 20
0.9707163721885361 80
0.9724866691259059 140
0.973924714074472 200
0.9999999999999999 204
28 1.0490867711911516 0.45518849462863464 1.175859600014519
0.8834813635698373 20
0.9224841520047689 80
0.9275334249734106 140
0.9304657037833166 200
1.0 204
29 1.004548132216398 0.4231746556395341 1.1980808999796864
0.9643721152693412 20
0.9774986940328172 80
0.9790332173538568 140
0.9798452246233793 200
0.9999999999999999 204
30 0.9636858931539813 0.3755255634255725 1.0506209000013769
0.9082522891436907 20
0.9563130697413712 80
0.9596602866459811 140
0.9615148426276593 200
0.9999999999999996 204
31 0.9259999274491627 0.3474231711051409 1.4205379000050016
0.974870261059703 20
0.9851116215086231 80
0.98623133226396 140
0.9867161806168021 200
0.9999999999999998 204
32 0.8938381490884337 0.31150293952222 1.5241101999999955
0.9483251134429063 20
0.9761380109532747 80
0.9776462872788091 140
0.9786837558288253 200
0.9999999999999992 204
33 0.8645038594293856 0.2858297795265269 1.1172668999934103
0.9760474859960602 20
0.9835444965609083 80
0.9845477763727453 140
0.9851069414326612 200
0.9999999999999994 204
34 0.8397499169811177 0.2619621261814649 1.3230220999976154
0.9564170588146316 20
0.9731314581592141 80
0.9744077483856539 140
0.9754233455416581 200
0.9999999999999996 204
35 0.8178593574780891 0.23998886492536523 0.9884490999975242
0.9608957983747892 20
0.9733748665861215 80
0.9747404577802646 140
0.9755403414128577 200
1.0000000000000007 204
36 0.7994694585874418 0.22466536311249796 1.2188777000119444
0.9146423544874216 20
0.9328229975379304 80
0.9357262620842678 140
0.9377579291441092 200
1.0000000000000002 204
37 0.7836621904060532 0.20680923669306758 1.188140599988401
0.9215634592169283 20
0.9370360946306187 80
0.9395354213815584 140
0.9408289944318352 200
0.9999999999999998 204
38 0.7699789788043381 0.19663628413899994 0.9574697999923956
0.8010738842020927 20
0.8292127971991009 80
0.8354859026284576 140
0.8391819660122172 200
1.0 204
39 0.7579970601395979 0.1821457763920025 1.0387046000105329
0.9163127033374537 20
0.931446025431101 80
0.9336072092461092 140
0.9346235924083792 200
1.0000000000000004 204
40 0.7473097144720546 0.17489588134888895 1.1570606000022963
0.6882986019400885 20
0.724657974628081 80
0.7332693727648268 140
0.7379846571777028 200
1.0 204
41 0.7377989588952023 0.16296080071770258 0.991913999983808
0.9322960651235012 20
0.9437314908353075 80
0.9453161468622118 140
0.9460413203139562 200
1.0000000000000004 204
42 0.7292450998115372 0.15749482309340676 1.0681995000049938
0.7211548809289311 20
0.7498642712979919 80
0.7562406016058283 140
0.7598034202005222 200
1.0000000000000004 204
43 0.7215554566400925 0.14769030205707406 1.426003300002776
0.9454358521272586 20
0.953573623345976 80
0.9547544827688257 140
0.9553142377848595 200
1.0000000000000002 204
44 0.7146115663236469 0.14337607482077402 1.3698732999910135
0.8126405755289868 20
0.8314094312944864 80
0.834709544694075 140
0.8367334181493614 200
1.0000000000000002 204
45 0.7083089832707057 0.13524813975657463 1.0491886000090744
0.954392418407679 20
0.9603420564323473 80
0.9612214779332582 140
0.9616761395492088 200
0.9999999999999992 204
46 0.7025809119821629 0.13185985516905516 1.392734399996698
0.831501286122489 20
0.8475253145945267 80
0.8499062688327507 140
0.8514958175771157 200
0.9999999999999994 204
47 0.6973438226799452 0.12489159132125627 1.163127900013933
0.9585336393425525 20
0.9630489901676548 80
0.963741388989248 140
0.9641343002346348 200
1.0000000000000002 204
48 0.692552774185427 0.12234970891835648 0.9301759999943897
49 1.005384532651598
-------------------------------------------------END------------------------------------------------------
------------------------------------Krylov only---------------------------------------------------
410.4480161458256 410.37470298220455
1.0000000000000002 21
0 375.55316172049606 377.8171077881188 0.2712533999874722
1.0 21
1 305.2758409699227 311.03669117765526 0.2888587999914307
1.0 21
2 182.62601880294605 183.73986251266993 0.27536669999244623
1.0000000000000007 21
3 134.55353691744304 134.24865615178206 0.33368710000650026
0.9999999999999996 21
4 81.99501745106325 82.32723510730142 0.29750819999026135
1.0 21
5 43.126379659846194 42.85878878383564 0.26582470000721514
0.9999999999999996 21
6 26.69552666949433 24.33256308867348 0.285389299999224
1.0000000000000004 21
7 8.434011497802054 8.351131070417305 0.27237459999741986
1.0000000000000013 21
8 4.629138083547046 4.172293782017794 0.2747611000086181
1.0000000000000004 21
9 2.8776708044228054 2.33766706392265 0.2810399000009056
0.9999999999999996 21
10 2.3898616953504206 1.7774156051243368 0.2733797999972012
0.9999999999999994 21
11 1.9378082934458405 1.3051350963973394 0.27771840000059456
1.0000000000000009 21
12 1.7960876552981357 1.0994832867465802 0.2788939999882132
0.9999999999999991 21
13 1.3960529833860442 0.7702396309009826 0.2782193000020925
1.0000000000000004 21
14 1.2861633598314994 0.6358339373691417 0.2810759999847505
1.0000000000000013 21
15 1.1921577005583956 0.5605444090225294 0.2915213000087533
0.9999999999999993 21
16 1.1373900792128748 0.5004108547740557 0.3099685000197496
0.9999999999999997 21
17 1.0884083351974672 0.45807763652152345 0.3986123999929987
1.000000000000001 21
18 1.054532813828547 0.42345963488569577 0.2783733999822289
0.9999999999999991 21
19 1.02187993015999 0.39444936222759647 0.2772151999815833
1.0000000000000004 21
20 0.9968236019426481 0.3725146968975281 0.27361410000594333
0.9999999999999986 21
21 0.9728568700249447 0.3494261619622862 0.2665589000098407
0.9999999999999991 21
22 0.9527697477946102 0.333548391375296 0.28057870001066476
1.0000000000000004 21
23 0.934053172647028 0.3160305465511578 0.27700499998172745
1.0000000000000016 21
24 0.9175054144027841 0.3046364457680079 0.27109210001071915
1.0000000000000009 21
25 0.9009463611820294 0.28795966940150985 0.2715115000028163
1.0000000000000009 21
26 0.8884627793489824 0.27535305682745964 0.2883682000101544
1.0000000000000004 21
27 0.8755322059106267 0.26625501485268777 0.2655015999916941
0.9999999999999988 21
28 0.8644557629766049 0.2551546752016834 0.29307230000267737
1.0000000000000002 21
29 0.8537521134276187 0.2482924944783042 0.27807440000469796
0.9999999999999994 21
30 0.8447755023438893 0.23642396451477732 0.28524519997881725
1.0000000000000002 21
31 0.8358754433757023 0.23212732264980965 0.28765939999721013
0.9999999999999998 21
32 0.8280616207927073 0.22100318946255335 0.2801751999941189
1.0000000000000002 21
33 0.8203047619618455 0.21907198639241346 0.28790330002084374
1.0000000000000016 21
34 0.8135039778278051 0.20825194447639886 0.29031849998864345
0.9999999999999998 21
35 0.8069765986652548 0.20761953334424796 0.28692780001438223
1.0000000000000004 21
36 0.8009772013116941 0.19709290131000717 0.2787141999870073
1.0000000000000002 21
37 0.7951245083657432 0.1974474133585956 0.2838347000069916
1.000000000000002 21
38 0.7897128890783005 0.18740865678468385 0.4485512000101153
1.0 21
39 0.7844048466418155 0.1890725717288161 0.28716189999249764
0.9999999999999998 21
40 0.7795698298272172 0.1788388594582231 0.2807498000038322
41 0.28911366097475744
-------------------------------------------------END------------------------------------------------------
16
------------------------------------Randomized only---------------------------------------------------
408.53674311051856 406.9429173936088
0.999114123545755 20
0 376.78967956704486 376.0342382242338 0.10928370000328869
0.9992554191206042 20
1 331.4986097187163 332.1382770183574 0.11060580000048503
0.9993721758897439 20
2 281.92116501813166 284.01848141421135 0.0897904000012204
0.998537035831407 20
3 244.20352213714668 244.91543468246456 0.10631360000115819
0.9262269604653673 20
0.9971870359249498 80
4 180.50541014202736 172.2323855240207 0.28112879997934215
0.8843693666487844 20
0.9819499467688699 80
0.9937906069130573 140
5 92.10199206137528 90.1765913594086 0.6196310000086669
0.8601083257775588 20
0.9785802242387929 80
0.9922902907987471 140
6 49.076228637622236 45.628845894285696 0.6123836000042502
0.7926336557092211 20
0.9679979817215548 80
0.9852097609641113 140
0.9903073056802901 200
7 31.741336985973817 31.38317658040407 1.1914195999852382
0.8324384128674116 20
0.9551842158757737 80
0.9735260700461733 140
0.9806663181886984 200
0.9999999999999996 204
8 18.29640386947835 17.864198080627364 1.0677884999895468
0.790250413876867 20
0.9646509750297314 80
0.981464841758906 140
0.9872292302240755 200
1.0000000000000002 204
9 9.878804605518505 9.350374727554229 1.1407882000203244
0.8089734335562337 20
0.9633424854424725 80
0.9803448144533482 140
0.9849671208072028 200
1.0000000000000002 204
10 5.731890952286146 5.080581018996988 1.2383797999937087
0.8821311477592356 20
0.9549404692476875 80
0.9726189746885171 140
0.9817660943457086 200
0.9999999999999998 204
11 3.941462187423889 3.438469745549899 1.0119565000059083
0.9827675866585441 20
0.9951589297980474 80
12 3.6518555351876674 3.101932540368453 0.27639040001668036
0.09816071228668809 20
0.1997435843674268 80
0.48924571852452187 140
0.593283917704203 200
0.9999999999999994 204
13 2.821265293766326 2.1750505199985137 1.3525915000063833
0.8444608541759422 20
0.9482370688186146 80
0.9614952853010788 140
0.9707950552989761 200
1.0000000000000004 204
14 2.375637066130701 1.7256908484416176 1.0974054000107571
0.9114185386252471 20
0.9548848740579431 80
0.9628915040647983 140
0.9671164988564883 200
1.0000000000000002 204
15 2.061195859303999 1.4733491282642446 1.154998699988937
0.9422375857392505 20
0.9601320254481471 80
0.9680877709849944 140
0.9730218061295671 200
1.0 204
16 1.8408330021011843 1.215895680292827 1.1107882999931462
0.8614499190245115 20
0.9196246333770336 80
0.9299037573759907 140
0.9382947887171741 200
1.0 204
17 1.6617598303510892 1.0392253787033139 1.303047699999297
0.9548300308862441 20
0.9677358689085822 80
0.9730925962577072 140
0.9767351457133319 200
1.0000000000000004 204
18 1.5186414988416952 0.9198157969081793 1.159516399988206
0.9069825970388626 20
0.9454239792972615 80
0.9510420093538198 140
0.9557369040321113 200
0.9999999999999998 204
19 1.3862865584803061 0.7740093928509664 0.872294700006023
0.8590037653960075 20
0.903109281979276 80
0.9214642382198974 140
0.9322856231807274 200
1.0000000000000004 204
20 1.2813764392031795 0.6779555581623494 1.1176625000080094
0.8802746359111024 20
0.9414450933108642 80
0.9487031016670766 140
0.9536491776855522 200
1.0000000000000004 204
21 1.1832104789341042 0.5823939423916036 1.1051997000176925
0.8347416514310507 20
0.912485579031203 80
0.928684299249952 140
0.9379104105478006 200
0.9999999999999998 204
22 1.105879066199486 0.49989428732673175 1.3756239999784157
0.8913349637956829 20
0.9646672272202967 80
0.9690522773071866 140
0.9725750542648295 200
1.0000000000000002 204
23 1.038646153154477 0.4436095556975197 1.4082390000112355
0.8508265762665616 20
0.9286270381485344 80
0.9377078978046408 140
0.9443762473496036 200
1.0000000000000002 204
24 0.9880207257135178 0.38828246803162403 1.311420599988196
0.9679340586724118 20
0.9885065856993587 80
0.9898273862102885 140
0.9907238617243025 200
25 0.9817152793271704 0.3791072978715682 1.134392400010256
0.49031396530539356 20
0.5109928417141131 80
0.5172197500261166 140
0.5219090653894598 200
1.0 204
26 0.9412385579453761 0.3487277107295792 1.4578948999987915
0.9176394774208595 20
0.9566652668443668 80
0.9610737130350594 140
0.9635005358410768 200
1.0 204
27 0.9082657121725494 0.3168270862827998 1.3434337999788113
0.9840269521741889 20
0.9906332433897991 80
28 0.9070669400019821 0.3162343153108072 0.2950338000082411
0.0009466467467666281 20
0.0011728620528794296 80
0.06421495825916974 140
0.11351800172258049 200
1.0000000000000009 204
29 0.8789019042660653 0.28923898278532106 1.045462400012184
0.8070484463713956 20
0.8821405723723028 80
0.89067717635509 140
0.8962618396721053 200
0.9999999999999999 204
30 0.8533528188236563 0.26610700940940013 1.4150757000024896
0.96548624344205 20
0.9794988470722296 80
0.9808244617121524 140
0.9817042636894953 200
0.9999999999999998 204
31 0.8293707352743648 0.24105108024218924 1.8828466999984812
0.9122506307566738 20
0.9447590638988678 80
0.9485496767109362 140
0.9513047606003546 200
0.9999999999999998 204
32 0.8074915689916264 0.22272240186276154 1.3038835000188556
0.899986590163633 20
0.9482220231603944 80
0.9522947074296707 140
0.9542614201200605 200
0.9999999999999999 204
33 0.7877522120153738 0.20040931566593184 1.0970875000057276
0.9546379697481843 20
0.9743841663378913 80
0.9761908587983154 140
0.9774624891703508 200
1.0000000000000004 204
34 0.7701410518315642 0.18611138500740293 1.3350795999867842
0.8963026163901687 20
0.9405158376834882 80
0.9444468214524505 140
0.9465199227221424 200
1.0 204
35 0.7548765827402273 0.16825154199177564 1.3281908000062685
0.9158963693060521 20
0.9545750543663009 80
0.9576592991039 140
0.9597805793558432 200
1.0000000000000002 204
36 0.7414947273615926 0.15739309405380425 1.183181100001093
0.9361531864607283 20
0.9608038381148472 80
0.9627573574868776 140
0.9641922803143945 200
0.9999999999999998 204
37 0.7300312476228219 0.14478899825813124 1.0265027000277769
0.8608495032474559 20
0.9255740838149276 80
0.9295774271681686 140
0.9325398787260768 200
1.0000000000000002 204
38 0.7200806457259504 0.1362461544175191 1.225258099992061
0.9111295563817183 20
0.9372640401216407 80
0.9399574974135497 140
0.9418302399428385 200
1.0000000000000002 204
39 0.7115982034768769 0.12801912039911256 1.1734292000182904
0.8753374161134538 20
0.9259667481507585 80
0.9290339232168723 140
0.9309469265542474 200
1.0000000000000004 204
40 0.7039959006856396 0.1207939226507392 0.991159900004277
0.8510868809054442 20
0.8848780436676034 80
0.8888113254366049 140
0.8907959352852397 200
0.9999999999999997 204
41 0.6974693716249987 0.11554198614139626 1.2117649000138044
0.9077387024979707 20
0.9406318572643461 80
0.9426524615189119 140
0.9434889731072753 200
1.0000000000000002 204
42 0.6914348283779893 0.10894553222253506 1.188801100011915
0.8137807202301276 20
0.8530025768052814 80
0.8572663750765873 140
0.8590571808920544 200
0.9999999999999994 204
43 0.6861722398935506 0.10570654824416247 1.355114500009222
0.9343715611599304 20
0.9569574011511263 80
0.958250867729162 140
0.9586899381261833 200
1.0 204
44 0.6812479378756712 0.09954384506762266 1.2850173999904655
45 1.033405742224487
-------------------------------------------------END------------------------------------------------------
------------------------------------Krylov only---------------------------------------------------
408.53674311051856 406.9429173936088
1.0 21
0 377.33823993957975 376.9447449997523 0.2872116999933496
0.9999999999999996 21
1 329.95094310508676 331.4657850104129 0.289103699993575
1.0 21
2 273.432588498844 269.4371391793884 0.2822740999981761
1.0 21
3 243.80240026945043 239.03389452681398 0.32130559999495745
1.0000000000000002 21
4 200.1621101159478 197.76598336432735 0.2764387000061106
1.0 21
5 60.3321918855774 61.01201891451832 0.287903800024651
1.0000000000000004 21
6 26.304056217713583 25.20657896856281 0.2739546000084374
0.9999999999999986 21
7 9.4820891744804 9.22502997972657 0.2707681000174489
1.000000000000001 21
8 4.260332204889653 3.739891737437713 0.27075670001795515
1.0000000000000009 21
9 3.056926186821179 2.5033783746368434 0.2687681999814231
1.0 21
10 2.415248468377578 1.7512084531051768 0.27490690001286566
1.000000000000001 21
11 2.1079123686253793 1.4177303955498932 0.2754420999845024
1.0000000000000004 21
12 1.8415278489897822 1.1488583907037544 0.39096250000875443
1.0000000000000009 21
13 1.6841761017422066 1.0059645032578404 0.36949989999993704
1.0000000000000009 21
14 1.5466178484782798 0.8625472716293615 0.2813978999911342
1.0000000000000016 21
15 1.46169732118427 0.7995980523492963 0.2718557000043802
1.0000000000000013 21
16 1.3695029331696313 0.6952921156961887 0.28836110001429915
1.0000000000000004 21
17 1.302756538642869 0.6580537729544398 0.2869104999990668
0.9999999999999993 21
18 1.2362447690582612 0.5803677852157871 0.28643589999410324
1.0000000000000004 21
19 1.1882506632759622 0.5490940816072962 0.2681233999901451
1.0000000000000007 21
20 1.1343546964310458 0.4906856435167291 0.27408139998442493
1.0 21
21 1.0971236363625045 0.46138386882473836 0.2875658000120893
1.0000000000000013 21
22 1.0551259877057722 0.4225087415183251 0.2849341999972239
1.0000000000000009 21
23 1.0238640867019717 0.39177813214857066 0.2893186000001151
1.0000000000000018 21
24 0.9896156629916408 0.36606142854455004 0.4111146999930497
1.0000000000000002 21
25 0.9649088426892799 0.33673896063749725 0.3229990999971051
0.9999999999999986 21
26 0.9382557814938054 0.32171339248965125 0.2887940999935381
1.0000000000000002 21
27 0.9176512987679915 0.29501624268960674 0.2716379000048619
0.9999999999999986 21
28 0.8965380391515726 0.28556960823111616 0.2855042000010144
0.9999999999999979 21
29 0.8795891409448503 0.26247916888151507 0.29038990000844933
1.0000000000000002 21
30 0.8627650730147818 0.25650612422746677 0.2704935000219848
0.9999999999999983 21
31 0.8487404624446016 0.23681019593034922 0.27667019999353215
1.000000000000001 21
32 0.8352018306071141 0.2329615565984533 0.2786828999815043
1.0000000000000013 21
33 0.8235116623339345 0.21624595057933874 0.2749670000048354
1.0000000000000004 21
34 0.8124913179567792 0.2136223652391605 0.27290650000213645
0.9999999999999994 21
35 0.8026701927846143 0.19952205325180755 0.2871521000051871
1.0000000000000018 21
36 0.7935693198736836 0.19745472756915639 0.28622900001937523
1.0000000000000004 21
37 0.7852697397307403 0.18576631744667366 0.28721219999715686
0.9999999999999993 21
38 0.7776683453570339 0.18385665452994818 0.281711899995571
1.0 21
39 0.7706133696309196 0.17433824586920807 0.3269117000163533
0.9999999999999991 21
40 0.7641851126183785 0.1724715015527187 0.2885639000160154
0.9999999999999998 21
41 0.7581317684837368 0.16465322191071496 0.2782164999807719
1.0000000000000009 21
42 0.7526095678112237 0.16279001433872362 0.28347279998706654
1.0000000000000009 21
43 0.7473558229444262 0.1562868936073646 0.2697473999869544
1.0000000000000007 21
44 0.742590516941502 0.15444667368002302 0.2820443999953568
45 0.290526733334021
-------------------------------------------------END------------------------------------------------------
17
------------------------------------Randomized only---------------------------------------------------
439.02568669948147 442.14116883240456
0.9982730351909235 20
0 402.89203666026435 407.060743517414 0.10801120000542141
0.9988522681159713 20
1 350.5638244375077 356.1022405214392 0.11377650001668371
0.9992552762065647 20
2 293.6061774807802 299.6927187065327 0.10861389999627136
0.9993212748960547 20
3 254.03521687347293 255.85366735463916 0.10294989999965765
0.9883058487342496 20
0.9994590816685115 80
4 203.91251693586688 198.81079066534866 0.2790326999966055
0.8904448112069472 20
0.992600618092584 80
5 98.80034631814709 95.76830950372926 0.28137410001363605
0.7976399806974108 20
0.9772347218911199 80
0.992044462290383 140
6 51.21257981435352 49.44995899868742 0.5365286000014748
0.6770594977256204 20
0.9612250508421025 80
0.9817198430211356 140
0.9922207251555566 200
7 30.287419783225864 29.658432236397218 1.2254167000064626
0.6697431772578137 20
0.9515546987001913 80
0.9752738565393864 140
0.987084077919023 200
1.0000000000000002 204
8 17.69257512360822 16.375706784723384 1.2420166000083555
0.5755870290603496 20
0.945331120911776 80
0.9699614339226273 140
0.9845917908271158 200
0.9999999999999998 204
9 9.977854313352776 9.459579914678264 1.3743397000071127
0.9477775971696526 20
0.9864631170766918 80
0.9942823555456929 140
10 7.387634110295618 7.087359328980953 0.614015200000722
0.7920998304485707 20
0.9140716092438697 80
0.9373963047492808 140
0.9624980241748451 200
1.0000000000000002 204
11 5.015197103174161 4.622575755552999 1.1787182000116445
0.9056711722691551 20
0.9865841089107464 80
0.9934304684788515 140
12 4.189914779093551 3.6825278196069213 0.4882453999889549
0.646467158709427 20
0.7924532119551404 80
0.8262900693407903 140
0.8996921091949777 200
1.0 204
13 3.0320670151413203 2.496508017963141 1.327484999987064
0.9289454543680307 20
0.9836357918212144 80
0.9898094601020035 140
0.9934282678672383 200
14 2.708400810673583 2.17142735418758 1.3335455000051297
0.4723482694939295 20
0.6134369830387604 80
0.6548625371673176 140
0.6904054608964895 200
0.9999999999999999 204
15 2.1707422377459866 1.5905749890538747 1.1057423000165727
0.9880051964445119 20
0.9980387932309253 80
16 2.0472102692644047 1.469677512819966 0.3701604999951087
0.07198628356478369 20
0.10202730222792387 80
0.3983925486631179 140
0.5437947066843227 200
1.0000000000000002 204
17 1.7094805733454443 1.1503514495424438 1.05788800001028
0.9747132231803258 20
0.9942650753571375 80
18 1.6672122632933954 1.1026312534150366 0.266402899986133
0.05321281060335153 20
0.07653752982456459 80
0.3197806267198422 140
0.44470727544216243 200
1.0000000000000002 204
19 1.4432305535735517 0.8821722141152326 1.059995199990226
0.9707325828667539 20
0.9903582228975407 80
20 1.4225902679776343 0.8648592048527868 0.28152740001678467
0.006895333386741947 20
0.02315524985280789 80
0.22852442950479257 140
0.3865619846652221 200
0.9999999999999991 204
21 1.2728364909476408 0.71543810627203 1.3508035999839194
0.9852378645124497 20
0.9972062757849085 80
22 1.2581298844549622 0.6904751180489646 0.2718530000129249
0.013372244493985922 20
0.026945252615425453 80
0.13869300910595125 140
0.29407470516427103 200
0.9999999999999997 204
23 1.1449622608145076 0.5762643707431082 1.2418582000245806
0.9735268546387074 20
0.9929987622580174 80
24 1.133968664824809 0.5691266295634476 0.28410180000355467
0.008566675114489473 20
0.020076124569361312 80
0.19167939761462782 140
0.27755458468272476 200
1.0000000000000007 204
25 1.060754432954254 0.4842061184574591 1.178941299993312
0.9846337413395297 20
0.9956392485658027 80
26 1.0556343328474576 0.4737431089416899 0.27763539997977205
0.006583572241085828 20
0.012365412087940907 80
0.14384913704004154 140
0.24997243352904602 200
1.0000000000000002 204
27 0.9974628819073343 0.4210720701736589 1.0955144000181463
0.9825194925740123 20
0.9900942569517116 80
28 0.995339014715148 0.4213169055769494 0.2780294000112917
0.0032127277429841177 20
0.006135757313231332 80
0.12108490807314518 140
0.16875472691181512 200
1.000000000000001 204
29 0.9510307935169298 0.3681037138262135 1.1072459999995772
0.9754314007842091 20
0.9901591277229871 80
30 0.9493080000681362 0.3633855215468924 0.2788629000133369
31 0.7038913387129263
-------------------------------------------------END------------------------------------------------------
------------------------------------Krylov only---------------------------------------------------
439.02568669948147 442.14116883240456
1.0000000000000007 21
0 399.76647816772794 404.23983077095664 0.27719900000374764
1.0000000000000002 21
1 330.7096244801204 335.2590487532872 0.2752786999917589
1.0000000000000004 21
2 214.67314656478808 212.149310067482 0.28852100000949576
0.9999999999999994 21
3 198.03694477771623 204.25072257510027 0.27568829999654554
1.0000000000000004 21
4 82.80942425596602 83.93493348966204 0.28429750000941567
1.0000000000000002 21
5 53.901506449292484 51.32937130516891 0.2702405000163708
0.9999999999999988 21
6 34.007025071710856 34.90708458851704 0.29767689999425784
1.0000000000000004 21
7 8.221282126272904 7.55545515079331 0.26898849999997765
0.9999999999999997 21
8 4.123859486725765 3.3380861751027284 0.28683739999542013
1.0000000000000007 21
9 2.9224014896919694 2.325484217658023 0.26750290000927635
0.9999999999999984 21
10 2.5069047346402202 1.8496987687359159 0.27505009999731556
1.0000000000000013 21
11 2.0116258429190537 1.4080992917913222 0.2822540999914054
0.9999999999999991 21
12 1.7632123912865911 1.1430877562725645 0.27481540001463145
0.9999999999999997 21
13 1.5183179775099387 0.909985337791048 0.27352270000847057
0.9999999999999988 21
14 1.3707784667840726 0.7683755119918408 0.2738427000003867
1.000000000000001 21
15 1.2441875939962719 0.6315643900382895 0.2775988000212237
1.0000000000000007 21
16 1.1720026216796218 0.5742421035097496 0.28083370000240393
0.999999999999998 21
17 1.1150770438063013 0.502939952026952 0.29524839998339303
1.0000000000000016 21
18 1.077164440636459 0.4728867901551531 0.363757799990708
0.9999999999999999 21
19 1.0422521994782357 0.4289562915650706 0.2751824000151828
1.0000000000000002 21
20 1.020897079493422 0.4165563872146106 0.27781030000187457
1.0000000000000013 21
21 0.9904931333584155 0.37826432891983847 0.27523860000655986
0.9999999999999997 21
22 0.974217501959022 0.3680725147473024 0.28256690001580864
1.0000000000000002 21
23 0.9503026204229013 0.340493555843531 0.2842792999872472
1.0000000000000004 21
24 0.938250765083262 0.33188805221533485 0.2670330999826547
1.000000000000001 21
25 0.9179587637568155 0.3098476096599273 0.26892409997526556
1.0000000000000009 21
26 0.9068904209364548 0.3010233955972748 0.2829459000204224
1.0 21
27 0.8903725951876866 0.28419558435627634 0.2748480999725871
1.0000000000000007 21
28 0.8805910316308931 0.27573060827315043 0.27629710000474006
0.9999999999999993 21
29 0.8670985319525473 0.26251300217704787 0.2852069999789819
1.0000000000000009 21
30 0.8582900728462866 0.2544166848672681 0.447482299990952
1.0000000000000004 21
31 0.8470662318770806 0.24387069341205228 0.288578800013056
1.0 21
32 0.8392772674021056 0.23630423065585587 0.2773381999868434
0.9999999999999988 21
33 0.8297297816745837 0.2276421310450622 0.2765406999969855
0.9999999999999998 21
34 0.822697345822953 0.2206198165740933 0.2838931999867782
1.0000000000000007 21
35 0.8144416517104177 0.21322839854002404 0.29411610000533983
1.0 21
36 0.8079957631881988 0.20680125193969728 0.2759753999998793
0.9999999999999997 21
37 0.8007321657902409 0.20035799725891978 0.26543499997933395
0.9999999999999996 21
38 0.7947411336534304 0.19441116750538992 0.2773307999887038
1.0000000000000002 21
39 0.7878314520653337 0.18806813096333547 0.2793107999896165
0.9999999999999987 21
40 0.7820001150703964 0.18211754032063815 0.2711200999910943
1.0000000000000002 21
41 0.7759999307608788 0.1774122356578186 0.27494299999671057
1.0000000000000009 21
42 0.770629631648419 0.17191004524980955 0.2629616999765858
0.9999999999999998 21
43 0.764939081441474 0.16680793667047175 0.2793606999912299
1.0000000000000018 21
44 0.7585429025659636 0.16149696717324663 0.2713806999963708
1.000000000000001 21
45 0.7521667928155268 0.15550939556727245 0.27565740002319217
0.9999999999999987 21
46 0.7463606968070652 0.14823474925842156 0.28325509998830967
1.0000000000000013 21
47 0.7404375753522542 0.1447239282423479 0.27110879999236204
0.999999999999999 21
48 0.7354798510372118 0.13879937786207067 0.267638999997871
49 0.2829166326507907
-------------------------------------------------END------------------------------------------------------
18
------------------------------------Randomized only---------------------------------------------------
433.7640148564405 438.77446149293775
0.9986483193406788 20
0 398.1798654714626 403.73255722858806 0.09358469999278896
0.9991964714898912 20
1 346.92795766811037 353.1624799035524 0.09855269998661242
0.9994289757326609 20
2 292.02034057719186 297.93185698920746 0.09551520002423786
0.9993543166496998 20
3 254.05157619996592 256.57932180584805 0.11187529997550882
0.9971168820557909 20
4 234.79892460468537 234.32573526647633 0.14117869999608956
0.9843113641738073 20
0.9992491999111951 80
5 147.19066458026296 145.59764101652976 0.37619539999286644
0.9115244035173649 20
0.9868804744256102 80
0.9967411191399772 140
6 49.223921300629016 47.17740551935609 0.6578765999875031
0.7011276711646018 20
0.9455931009236127 80
0.9808209209815811 140
0.9903944580592562 200
7 27.159505353883688 25.06478049616949 3.482950100005837
0.7319118537970873 20
0.9413651380600415 80
0.9693890676870123 140
0.9796194036472393 200
1.0000000000000002 204
8 16.863074523822636 15.142402226551262 1.3915147999941837
0.7892923617449917 20
0.9773431739120344 80
0.9863636100384107 140
0.9910394717675541 200
9 11.284336977519729 10.285912322442243 1.285764799977187
0.7734585291187827 20
0.9199655804214255 80
0.9499437653188496 140
0.9608347088714555 200
1.0 204
10 7.353039840131694 6.847896607855333 1.4296730999776628
0.915236933960249 20
0.988813243273273 80
0.9940444959312627 140
11 5.775892742022202 5.1312414375907425 0.7596944000106305
0.7406715563327223 20
0.8560533183702882 80
0.8788990592640781 140
0.916106222744554 200
1.0 204
12 3.9217728141640973 3.117232610418672 1.3393471000017598
0.8014389030665191 20
0.957367064775045 80
0.9834691930272474 140
0.9886711564666384 200
1.0 204
13 2.7893707633682676 2.021381912747177 1.2249101000197697
0.9622149660928502 20
0.9905135958975737 80
14 2.650639937679311 1.9359235590766526 0.27070319998892955
0.2315464346094165 20
0.26465865330824584 80
0.47655826962398135 140
0.5645863676029246 200
1.0 204
15 2.121107896487578 1.4360388408024491 1.0405471000121906
0.9505380889466897 20
0.9852719559487441 80
0.9887083918091949 140
0.9900621176869244 200
16 2.0515030788196658 1.3817610538790142 1.0976137000252493
0.5936014136156729 20
0.66614375556567 80
0.6795017074033733 140
0.6874322284107275 200
1.0000000000000007 204
17 1.7544737117709053 1.1067181841003084 1.6244044000050053
0.9812600436988566 20
0.996052375493503 80
18 1.7002619440865219 1.0585066491028752 0.3003156999766361
0.0681883203071543 20
0.07434336135523233 80
0.2623527483648149 140
0.41033196956339973 200
1.0000000000000004 204
19 1.5084566210058652 0.8655851430435275 1.2840292000037152
0.8870764525800863 20
0.9799545241422882 80
0.9845764290626429 140
0.986548617298232 200
1.0000000000000002 204
20 1.3373946196246576 0.7103733470187799 1.305400000012014
0.9277291875101026 20
0.9841701057260809 80
0.9880506301697985 140
0.9899241608773187 200
0.9999999999999994 204
21 1.1957779434878757 0.5700720280188573 1.4561537000117823
0.939954027583846 20
0.9910588733620987 80
22 1.1811818083878944 0.56176992919248 0.29505740001332015
0.03036339877426513 20
0.03649483693286035 80
0.24441720884580923 140
0.3332075742088523 200
1.0000000000000002 204
23 1.091867126237607 0.4837633508911316 1.077739800006384
0.8715908049276944 20
0.9919998703339701 80
24 1.0609522775882037 0.4502810605526954 0.2983873999910429
0.11112537408088416 20
0.11861671328948897 80
0.36407719200527705 140
0.46127998739748993 200
0.9999999999999996 204
25 0.9788644701158018 0.35569581744921935 1.0800726999877952
0.8565698026158306 20
0.9707378501938851 80
0.9786743171136101 140
0.9808987664496824 200
1.0000000000000004 204
26 0.9136612032492283 0.2912654853899675 1.0688436000200454
0.9823813707536889 20
0.99671864750303 80
27 0.9036762378402913 0.2817792939332826 0.2685555000207387
0.014568710069624674 20
0.016154170395219974 80
0.2422027293065969 140
0.3750479600784926 200
1.0000000000000002 204
28 0.8538882138828059 0.23226178673975442 1.1133180999895558
0.8732770039785904 20
0.9722691012689033 80
0.9786831618479347 140
0.9809141492790528 200
1.0000000000000002 204
29 0.8122091532248467 0.2030318718555789 1.3210595000127796
0.7812576693692205 20
0.9132621112122242 80
0.9258786048541604 140
0.9359982331577861 200
1.0 204
30 0.782173214874589 0.17363968570155555 1.0897647000092547
0.9433045750912874 20
0.9812700566076888 80
0.98403760762161 140
0.9852927783096523 200
0.9999999999999998 204
31 0.7573540434927362 0.15645745598393676 1.3693669000058435
0.9319577381604814 20
0.9733631399340953 80
0.9753399500391959 140
0.9774642119878812 200
1.0000000000000004 204
32 0.7382351266054584 0.1366509821154127 1.2200391000078525
0.950220374710013 20
0.9790886805010844 80
0.9806008502594656 140
0.981656612477275 200
1.0000000000000004 204
33 0.7227648809847343 0.12741051296157319 1.5440080999978818
0.9661580315331695 20
0.9828278177546926 80
0.9836171414972861 140
0.9842960886906292 200
1.000000000000001 204
34 0.7098958924053532 0.1102691136417375 1.265222799993353
0.958594908252734 20
0.982362887413312 80
0.9831228681164276 140
0.9836234029212466 200
0.9999999999999991 204
35 0.6992767202315516 0.10587127289608225 1.169342700013658
0.9593215210712517 20
0.9749338919756186 80
0.97583937300949 140
0.9764286453925738 200
0.9999999999999998 204
36 0.6899393532058173 0.09161125412990766 1.1978337000182364
0.964477976151692 20
0.9852405863645837 80
0.9857367383876421 140
0.9860146806098222 200
0.999999999999999 204
37 0.6821185915090497 0.08921665647776032 1.3837428000115324
0.9397816220105909 20
0.9715127539616604 80
0.9726117482129113 140
0.9732580543628385 200
1.0000000000000009 204
38 0.6751487304210441 0.07835828610424697 1.1942120000021532
0.9555746381599484 20
0.9793946814036206 80
0.9799548410284102 140
0.9802547630289955 200
1.0000000000000007 204
39 0.6693326644951436 0.07677315342408343 1.2195423999801278
0.9417338255773352 20
0.97737067866902 80
0.9782620311104933 140
0.9787801268585052 200
0.9999999999999999 204
40 0.663994646483963 0.06884438927072414 1.0388665000209585
0.9502855515171049 20
0.9733903194804012 80
0.974017619320236 140
0.9743746339041257 200
1.000000000000001 204
41 0.6595029448993031 0.06765421712114646 1.2249949999968521
42 1.0073278738113696
-------------------------------------------------END------------------------------------------------------
------------------------------------Krylov only---------------------------------------------------
433.7640148564405 438.77446149293775
0.9999999999999996 21
0 394.2594451909095 400.69326103045535 0.2868378999992274
0.9999999999999999 21
1 339.3229791386706 345.6853792683541 0.27776510000694543
1.0000000000000007 21
2 235.95698288967614 233.80199566779953 0.286977299983846
1.0000000000000004 21
3 173.91705684343316 164.66160169839662 0.28016950000892393
1.0000000000000002 21
4 43.27885662709633 41.34827817688604 0.28148390000569634
1.0000000000000002 21
5 13.546585341291749 13.26979742975517 0.2855154999997467
0.9999999999999997 21
6 6.729178171074381 6.350225594020132 0.2772132999962196
0.9999999999999996 21
7 3.625931201737368 3.1353527902801734 0.2810765999893192
1.000000000000001 21
8 2.6466857097903143 2.0717394581111894 0.2924862000218127
0.9999999999999997 21
9 2.043174889209818 1.5042916330705345 0.28533060001791455
1.0000000000000002 21
10 1.7707733541574628 1.2542224035490643 0.34355660001165234
1.0000000000000002 21
11 1.5461771229948789 1.0021450349134382 0.48315489999367855
0.9999999999999996 21
12 1.4183039991728388 0.869405442018166 0.4695965999853797
0.9999999999999998 21
13 1.2916224407753591 0.7298779563000559 0.2812069000210613
0.9999999999999988 21
14 1.2045332898537549 0.6350341281503246 0.28426119999494404
1.0000000000000004 21
15 1.131335418921299 0.5557297109330704 0.29112620002706535
1.0000000000000007 21
16 1.0715968295743628 0.4953216485734808 0.27218560001347214
1.0 21
17 1.0209311780723107 0.43821746016356655 0.2645826000079978
0.999999999999999 21
18 0.9798378946732639 0.3962871031734544 0.2698909000027925
1.0000000000000002 21
19 0.9462719769475183 0.3572042972640256 0.28873959998600185
0.9999999999999994 21
20 0.9176738471012023 0.3277879708707221 0.28251049999380484
1.0000000000000009 21
21 0.8933850108338381 0.2986077625590905 0.27496910002082586
1.0 21
22 0.8721967837596459 0.278234396910245 0.2792959999933373
1.0000000000000004 21
23 0.8538024072289915 0.2571927414829296 0.274901900003897
1.0000000000000007 21
24 0.8378051832279653 0.24301325573429614 0.27468750000116415
0.9999999999999991 21
25 0.8237548829186039 0.22583296380834347 0.28534460000810213
1.0000000000000002 21
26 0.8114544634116851 0.21685072664493424 0.29112629999872297
1.0 21
27 0.7999720446102617 0.20214113181074783 0.27641369999037124
1.0000000000000004 21
28 0.7903078315210231 0.19663887667833227 0.28981170000042766
1.0 21
29 0.7805677842327398 0.18288692445709512 0.2736844999890309
0.9999999999999992 21
30 0.7733451648533399 0.18088761637360015 0.284227700001793
0.9999999999999997 21
31 0.7659125104771096 0.1687785808363124 0.27521859999978915
1.0000000000000004 21
32 0.7598007688201603 0.1673874790294219 0.2867573999974411
1.0000000000000002 21
33 0.7537442182722106 0.15683271449580583 0.4863142000103835
1.0000000000000007 21
34 0.7485265062417484 0.1564853450095465 0.3889668000047095
1.0000000000000002 21
35 0.743316192659868 0.14681076080877956 0.28609140001935884
1.0000000000000004 21
36 0.7387696906096326 0.14689857305497678 0.28491710001253523
37 0.30211881081403763
-------------------------------------------------END------------------------------------------------------
19
------------------------------------Randomized only---------------------------------------------------
389.06728376246656 391.9483098789103
0.9982965845334612 20
0 361.2367161274902 364.4390168714852 0.10656459999154322
0.9987267376981568 20
1 321.2282968642122 324.6465562040175 0.08818439999595284
0.9989875858193976 20
2 278.6769702945791 281.76692515159056 0.09278300000005402
0.9982492084655299 20
3 248.08772186347758 248.39895657562207 0.10343049999210052
0.9585185848690461 20
0.998345947455866 80
4 246.7907711114647 237.36501917308098 0.27532919999794103
0.9105354760535761 20
0.9888560283716207 80
0.9970721934141434 140
5 157.18329985970968 150.79792593616259 0.6079190000018571
0.7857376995904258 20
0.9886037944726701 80
0.9956201458942543 140
6 93.39548284221553 92.80070399042299 0.7892892000090797
0.8024136202601528 20
0.9782144772609421 80
0.9895636413351088 140
0.9945501175943736 200
7 48.891681432341585 48.50993370474302 1.1504009999916889
0.7290366373326422 20
0.9235503167107408 80
0.9621557789584386 140
0.9758936225642071 200
1.0000000000000002 204
8 26.3912023421322 25.5499010007475 1.0316648999869358
0.81840993332976 20
0.946301961284761 80
0.978717506303225 140
0.9859362908405009 200
0.9999999999999997 204
9 14.441442813250603 14.122720833795432 1.0695848000177648
0.7969695653228355 20
0.9391077358488552 80
0.9660499343509545 140
0.9780416842123781 200
0.9999999999999998 204
10 8.830439201657192 8.586779931020342 1.1861779000028037
0.8465201079759288 20
0.9523461301474473 80
0.9759178259230407 140
0.986458054070386 200
1.0000000000000002 204
11 6.000524629382155 5.695655980646 1.091631100018276
0.8889468225573378 20
0.9667183002581451 80
0.983517806614931 140
0.9884397485856234 200
0.9999999999999998 204
12 4.55654472893051 4.046168856255135 1.1751548000029288
0.7504325456359099 20
0.8876331636657669 80
0.9351928668890921 140
0.9536554835645599 200
0.9999999999999996 204
13 3.634668216225986 3.0174852749219334 1.0290442999976221
0.9295014595106826 20
0.9624276949518599 80
0.9783801860518416 140
0.9838352785808878 200
0.9999999999999989 204
14 3.0933169196522305 2.5234250544144103 1.2187716999906115
0.8702747359413204 20
0.9320601839392281 80
0.9550252404053601 140
0.9640921302659309 200
1.0000000000000004 204
15 2.6546427840582765 2.0132635833156196 1.1999282000178937
0.8824227907834963 20
0.939335954385538 80
0.9559863089970845 140
0.9647537625665311 200
1.0000000000000009 204
16 2.3544494693628573 1.6886370804438893 1.2523798999900464
0.8932609707264048 20
0.9413147021745905 80
0.953640824062085 140
0.9605999640127355 200
1.0000000000000002 204
17 2.0916939218799446 1.4169046755567907 1.0277037000050768
0.7186599406832394 20
0.8611986506156797 80
0.8856475531986281 140
0.9005240588888459 200
0.9999999999999999 204
18 1.9019067221989725 1.1810905558239178 0.9817925000097603
0.8963782346046832 20
0.9478060235497985 80
0.9585965783011849 140
0.9641578100728123 200
1.0 204
19 1.721568777008246 0.9927576884732328 1.5832882999966387
0.9105987200317469 20
0.9643389597882652 80
0.9693831358832484 140
0.9732890394519398 200
1.0000000000000002 204
20 1.5795926299302816 0.8665761542992809 1.1311849000048824
0.8314131527348025 20
0.9250990134892386 80
0.9370350188049222 140
0.9439051339120359 200
0.9999999999999996 204
21 1.4672034846858035 0.7807704070852653 1.1972544000018388
0.9566963640137718 20
0.9834459998618711 80
0.9857828094795329 140
0.9870889077102368 200
0.9999999999999999 204
22 1.3782553658195917 0.6875606608306891 1.1589761000068393
0.8909949136254748 20
0.9523076566273331 80
0.9602586663034072 140
0.9632217809576442 200
1.0000000000000002 204
23 1.3051094324555415 0.6498251936953882 1.3356047999986913
0.9551651759386085 20
0.9775761829052005 80
0.9801657913394136 140
0.9816802592167378 200
0.9999999999999993 204
24 1.2392483643420207 0.5759266849118343 1.0368076000013389
0.6852825128976684 20
0.7643330163109511 80
0.8040057852138164 140
0.8184808840162321 200
1.0000000000000002 204
25 1.1840427543560377 0.5568697603122348 1.1227247999922838
0.9141659776465064 20
0.9625071064111322 80
0.96821947595351 140
0.9707274039791339 200
0.9999999999999996 204
26 1.1354124857103949 0.5006797520654688 1.5413473999942653
0.5878313672726061 20
0.7315267223899414 80
0.7755079316505055 140
0.796675281740756 200
1.0 204
27 1.095296011606513 0.47853054249215593 1.417113799980143
0.8775042145732702 20
0.9670854853723432 80
0.9725741113277843 140
0.9750049847754094 200
1.0 204
28 1.063881773859057 0.4480327467663108 1.3056896000052802
0.9354834531803565 20
0.986911419593462 80
0.9902328952281683 140
29 1.057750256409584 0.4410639883145395 0.5363222000014503
0.6582189651571173 20
0.7530098506226242 80
0.75696898521089 140
0.775866173968407 200
1.0000000000000004 204
30 1.023950309848869 0.41225859257213987 1.2169236000045203
0.7395916335572887 20
0.8712383563634629 80
0.8828169725577415 140
0.8894832227032275 200
0.9999999999999999 204
31 0.9974034030686298 0.38990694579993873 1.6824873999867123
0.9363880439519486 20
0.9777998102999951 80
0.9814843714460461 140
0.982585207422392 200
0.9999999999999999 204
32 0.9729253690129913 0.3672773814383718 1.1569223999977112
0.9234594137714833 20
0.9871667487146095 80
0.9891188909761234 140
0.9902194130767876 200
33 0.9702549474177348 0.36359626954049407 1.071001400006935
34 0.999158335294102
-------------------------------------------------END------------------------------------------------------
------------------------------------Krylov only---------------------------------------------------
389.06728376246656 391.9483098789103
1.0 21
0 358.808731647227 362.37572678341377 0.28817590000107884
1.0000000000000002 21
1 305.3536321275964 308.8518940577833 0.2655114999797661
1.0000000000000002 21
2 218.08940925497245 213.91282479897728 0.2664348999969661
1.0000000000000004 21
3 197.5016432621135 185.7141788787401 0.28576699999393895
1.0000000000000009 21
4 139.24053003776123 144.6497879185656 0.27347030001692474
0.9999999999999979 21
5 124.48271847044113 129.31651765718397 0.2758315999817569
0.9999999999999996 21
6 31.655526583204082 32.44550828551071 0.3083234999794513
1.0000000000000009 21
7 17.957658331048517 16.626633912070435 0.2863447999989148
0.9999999999999998 21
8 8.826455151592556 8.269405580265824 0.2863993000064511
1.0000000000000004 21
9 5.666997767185232 4.871869294593404 0.2724663999979384
0.9999999999999996 21
10 4.04659934511378 3.3237396497367535 0.2736737999948673
1.0000000000000007 21
11 3.377907587631463 2.6050743625446398 0.28384009998990223
1.000000000000002 21
12 2.855788946675525 2.089627669387969 0.2808157000108622
0.9999999999999982 21
13 2.4864642415966673 1.7745301353134673 0.2796923000132665
1.0000000000000024 21
14 2.2880795959432354 1.5615482839062087 0.2777107000001706
1.0000000000000004 21
15 2.082859089373199 1.39551933817112 0.2757271000009496
1.0000000000000024 21
16 1.9619383406565714 1.2769215475864415 0.28449439999531023
0.9999999999999989 21
17 1.8221512514159883 1.1485879979534714 0.2788582000066526
1.000000000000001 21
18 1.7405087406186721 1.0819857141917013 0.2754589000251144
1.0000000000000004 21
19 1.6331872113102417 0.9662584006032329 0.2823688999924343
1.0000000000000009 21
20 1.564271892355317 0.9163962243970234 0.2728099999949336
0.9999999999999999 21
21 1.4918994574300786 0.8288435800604886 0.2723087999911513
0.9999999999999999 21
22 1.4368561812522667 0.7936843074071124 0.27818480000132695
0.9999999999999989 21
23 1.379315237298327 0.7228148223290939 0.27333299999008887
1.0000000000000009 21
24 1.3312694296739476 0.6969845239075271 0.27545200000167824
1.0000000000000002 21
25 1.287472505290842 0.638266333543317 0.2744480000110343
0.9999999999999998 21
26 1.249733151881187 0.6213287547595805 0.28472640001564287
0.9999999999999997 21
27 1.2128698003456824 0.5723582709519589 0.29993629999808036
1.0000000000000009 21
28 1.1810918900568321 0.5578836579001321 0.2856401999888476
0.9999999999999994 21
29 1.1497078691900393 0.5172772788654776 0.2806348000012804
1.0000000000000002 21
30 1.1226436902414492 0.5045248499412922 0.2670360000047367
0.9999999999999999 21
31 1.0963174933931275 0.4707937717760697 0.2701909000170417
1.0000000000000009 21
32 1.0721544926033182 0.4589976085570339 0.28762230000575073
1.0000000000000002 21
33 1.0492770486221004 0.42919833684359726 0.2830653999990318
1.0000000000000002 21
34 1.0315110105885126 0.41930299338429866 0.418241700012004
0.9999999999999996 21
35 1.0146611876771472 0.3974408061943074 0.2821525000035763
0.9999999999999992 21
36 1.0000178686001746 0.3886286582697568 0.28357329999562353
1.0000000000000009 21
37 0.9859920086002978 0.370661119530447 0.35051439999369904
1.0000000000000009 21
38 0.9734812195662634 0.3625588510185278 0.26767020000261255
1.000000000000001 21
39 0.96139465824845 0.34741376466063467 0.2717797000077553
0.9999999999999994 21
40 0.9437408937322227 0.335049092389264 0.2844776999845635
1.0000000000000027 21
41 0.9290365158211246 0.3166737344067855 0.27774720001616515
0.9999999999999999 21
42 0.9162995796659248 0.3093932285710395 0.2761019000026863
1.0000000000000002 21
43 0.9045510878427729 0.2921618320346205 0.2870337000058498
1.0000000000000009 21
44 0.89601111045125 0.2880191200836337 0.2875294999976177
0.9999999999999987 21
45 0.8878376364524473 0.27665847182607506 0.2857134999940172
1.0000000000000007 21
46 0.8807737145995423 0.2721024733270763 0.4562062000040896
0.9999999999999999 21
47 0.8738259164671723 0.2632364243041947 0.2822630000009667
0.9999999999999988 21
48 0.8672887474995765 0.25940913949245165 0.4428241999994498
1.0000000000000009 21
49 0.8609541065682177 0.25114258549517765 0.4673678000108339
0.9999999999999992 21
50 0.855507665721891 0.2474847381321823 0.4912387999938801
0.9999999999999996 21
51 0.850156093958052 0.24080839070530755 0.2752813000115566
1.0000000000000013 21
52 0.8432343850622718 0.2353801931354628 0.28910219998215325
0.9999999999999998 21
53 0.8366032968283343 0.22775886750827226 0.27830160001758486
1.0000000000000004 21
54 0.8321227395827445 0.2248938771428479 0.29269509998266585
55 0.29735581272768535
-------------------------------------------------END------------------------------------------------------
20
------------------------------------Randomized only---------------------------------------------------
378.2290016850203 379.1430485253048
0.9985073424760044 20
0 352.77916039967295 354.2846899610977 0.16907740000169724
0.99897652879863 20
1 316.03703468622626 318.3207441919992 0.09988110000267625
0.9993858889656319 20
2 276.2998408151858 278.2654946867428 0.1077031999884639
0.9989528486457502 20
3 247.49175991782514 247.1863889816386 0.09700569999404252
0.9786377575166436 20
0.9991079600047109 80
4 147.98010403582995 143.3801459588623 0.2707225999911316
0.9281311267009327 20
0.9839673900316047 80
0.9945484102095928 140
5 69.36546268590548 67.88740351216556 0.5154363999899942
0.6574664267916928 20
0.8570779914287664 80
0.9499401591198046 140
0.9818339791220958 200
1.0 204
6 32.4249711847968 32.280558467109024 1.178542000008747
0.8387634507455615 20
0.9702221975805999 80
0.9884641689142407 140
0.9953257363193877 200
7 17.02045677942215 16.008240704659706 1.4594079999951646
0.6323946603004188 20
0.9007862270654254 80
0.9479219466873096 140
0.9651824803001084 200
1.0000000000000002 204
8 10.27728487451291 9.217293956151673 1.550886899989564
0.8574641642265439 20
0.9630882561271805 80
0.9806557309665036 140
0.9862882727976178 200
1.0 204
9 7.132895544389569 6.158480880577554 1.2979211000201758
0.981338305958663 20
0.9968994325144155 80
10 5.467474001393453 4.507708370409512 0.2793540000275243
0.5650924011112194 20
0.7520529019574694 80
0.8852555122537069 140
0.9228147331042582 200
1.0000000000000004 204
11 3.7762429740053527 2.9466622265787232 1.1775104000116698
0.7050458737311606 20
0.9430867310101418 80
0.9695581643533726 140
0.9788158987681898 200
0.9999999999999998 204
12 2.7264531246082724 1.9501278147791483 1.1502724000019953
0.8945221210920082 20
0.9752469838483231 80
0.9843608166165373 140
0.9868775782044533 200
1.0 204
13 2.2245370694086652 1.4613791925367041 1.202302099991357
0.8923527306573461 20
0.9453218841833775 80
0.9619827334260361 140
0.9705629312703603 200
1.0000000000000002 204
14 1.9241045914990267 1.2295677642060907 1.3913420000171755
0.8869510964452149 20
0.9225610408507571 80
0.9396059233474574 140
0.9444050517930669 200
0.9999999999999998 204
15 1.7391665178621558 0.998816122711238 1.1251702000154182
0.9377061498887653 20
0.9665144487562332 80
0.9731106534761632 140
0.9762822688117393 200
0.9999999999999998 204
16 1.5852761337946328 0.8681266900209467 1.29978659999324
0.7194395616020718 20
0.8116795161223272 80
0.839138549008198 140
0.8528527210704775 200
1.0000000000000004 204
17 1.4733671620357116 0.7729172701726298 1.0655355000053532
0.9262721543255366 20
0.9506047798043954 80
0.9580698650338567 140
0.9613342935811349 200
0.9999999999999993 204
18 1.3754905777246116 0.6798370679196019 1.3275120999896899
0.7465844089449849 20
0.8114179264349451 80
0.8241597841817809 140
0.8364902177224941 200
0.9999999999999996 204
19 1.3000125132936002 0.6399582139499701 1.2373733000131324
0.8886232892958094 20
0.9278881247774796 80
0.935166168387448 140
0.9393580192434187 200
0.9999999999999998 204
20 1.2292103553487275 0.5627363428078251 1.0476384999928996
0.8162197029738223 20
0.8828231496085295 80
0.8906139158757048 140
0.8962501296148048 200
1.0000000000000004 204
21 1.1711026650276233 0.5408546551408926 1.42828809999628
0.8706821595404208 20
0.9470637644262504 80
0.9515233588841178 140
0.953782512728179 200
1.0000000000000009 204
22 1.1169793527908518 0.4713077448954727 1.6482022999844048
0.895432317916827 20
0.932684937759608 80
0.9370875831899808 140
0.9403582701823691 200
1.0000000000000004 204
23 1.068955213443144 0.44653490941208485 1.6482531999936327
0.8986961836142011 20
0.9588328602198884 80
0.9612856099897108 140
0.9634897530903253 200
0.9999999999999999 204
24 1.0227793423026368 0.3841872748673215 1.474245699995663
0.821980031037864 20
0.8991886699322111 80
0.9081033222467485 140
0.9136311481388656 200
1.0 204
25 0.9800856850842318 0.36027384965088566 1.1610683999897446
0.9243594208807278 20
0.9690003193617277 80
0.9706300794287605 140
0.9720557211901727 200
1.0000000000000002 204
26 0.9437213299371903 0.3185255256686535 1.3864302999863867
0.8563134191219859 20
0.9152608550257522 80
0.9204910868791855 140
0.9239493696098774 200
1.0000000000000004 204
27 0.9132446759743794 0.30146337580343463 1.3770730000105686
0.9169191887365905 20
0.9480611136083086 80
0.9507265794398303 140
0.9528413382558368 200
1.0000000000000004 204
28 0.884992843278862 0.27485230054849136 1.382348400016781
0.8916913828178773 20
0.9325932470375072 80
0.9373700296625653 140
0.9399721651121697 200
0.9999999999999993 204
29 0.8603832550058649 0.25782456204992205 1.347963600012008
0.8995752862764624 20
0.9267690654317272 80
0.9315251654055983 140
0.9345963321646863 200
1.0000000000000004 204
30 0.8384828380400837 0.23779875286207453 1.368755700008478
0.8282999989562609 20
0.8865753996959388 80
0.8936259109939669 140
0.8976195031785301 200
1.0000000000000007 204
31 0.8197581126340411 0.22443010143456496 1.6652378999860957
0.8566865192127786 20
0.902830832913649 80
0.9082674598551953 140
0.912002125502344 200
0.9999999999999997 204
32 0.8033391817643859 0.20716082418767218 1.143906600016635
0.7497059921368092 20
0.8219437231563512 80
0.8291045745746035 140
0.83446743080767 200
1.0000000000000007 204
33 0.7891742754365396 0.19830963242357796 1.1675696999882348
0.6768795907527533 20
0.7617473334078145 80
0.7696473745425827 140
0.7756226531256109 200
1.0000000000000002 204
34 0.7762122334199834 0.18206580083237958 1.5489167000050656
0.7740865960798109 20
0.8270405409324922 80
0.8323461929091894 140
0.8364544295402572 200
0.9999999999999996 204
35 0.7650055911242601 0.17656804259144868 1.1370290000049863
0.6169674903721281 20
0.6763379476674048 80
0.6827307289735834 140
0.6876623569179003 200
0.9999999999999999 204
36 0.7544334014115004 0.16135655891263317 1.2443730999948457
0.8005205089953106 20
0.8404099901872363 80
0.8450218386452713 140
0.847940528072601 200
1.0 204
37 0.7453008555100219 0.15813280747909225 1.088968299998669
0.7861338716936849 20
0.8071345267290452 80
0.8103021772184579 140
0.8124334888006839 200
0.9999999999999998 204
38 0.7366019972194797 0.14471818558702293 1.367957300011767
0.7952067935543604 20
0.8331184853140853 80
0.8373176371574725 140
0.83972175728799 200
1.0 204
39 0.7290504767530449 0.14260770559586194 1.5302867999998853
0.8348101816301308 20
0.8490482068135591 80
0.8515049426971215 140
0.8528812216594146 200
0.9999999999999998 204
40 0.7218470264603326 0.13165666612755508 1.367585700005293
0.7953718105046842 20
0.8321014146291141 80
0.8355202318752649 140
0.8376126098214708 200
1.0 204
41 0.7155271193076824 0.12965422182957745 0.9964589000155684
0.8535278315272279 20
0.8684801058838977 80
0.8706689308113327 140
0.8717905996986762 200
0.9999999999999999 204
42 0.709517565734036 0.1213448309777944 1.2115395000146236
0.824746339565873 20
0.8556847708703078 80
0.8580302708640373 140
0.8596949764550278 200
1.0 204
43 0.7041957240892492 0.11888723191908604 1.2380415999796242
0.8851820490464384 20
0.8988039516133987 80
0.9004605248657382 140
0.9013491693345189 200
1.0000000000000004 204
44 0.6992160941792227 0.1130833539215924 1.131863600021461
45 1.1358387755572847
-------------------------------------------------END------------------------------------------------------
------------------------------------Krylov only---------------------------------------------------
378.2290016850203 379.1430485253048
1.0 21
0 349.4524645936125 350.83161736639465 0.2786683999875095
1.0000000000000004 21
1 278.68524947271663 279.7156036063229 0.27169619998312555
1.0000000000000004 21
2 180.25514733335754 178.6406179099324 0.26772129998425953
0.9999999999999989 21
3 122.2078721470255 121.7127568739755 0.33016589999897406
1.0000000000000002 21
4 88.60996765488586 89.23542052998842 0.28107979998458177
0.999999999999999 21
5 22.04927497699516 21.64410418264901 0.28207290000864305
1.0 21
6 12.04190185578751 11.157165355835504 0.27763180001056753
0.9999999999999998 21
7 6.846184166321931 5.878136980259376 0.27551939999102615
1.0000000000000004 21
8 4.029474393682336 3.5230342209089667 0.27530390000902116
0.9999999999999988 21
9 2.916960800860236 2.395489420042276 0.2761402000032831
1.0000000000000002 21
10 2.545364427453879 2.033279632046907 0.27143490000162274
1.0000000000000007 21
11 1.940509274384196 1.3801850686459594 0.2677982000168413
0.9999999999999998 21
12 1.6760552662621238 1.0632796817207582 0.27334509999491274
1.000000000000001 21
13 1.4236785351363357 0.8254336331288 0.27301350000198
1.0000000000000009 21
14 1.30133195997905 0.6674070859452752 0.28364910001982935
1.0000000000000002 21
15 1.2059466442411295 0.5880407526844776 0.29650450000190176
0.9999999999999986 21
16 1.1450793505017947 0.5082339513645016 0.3073576999886427
1.0000000000000009 21
17 1.0906417633754726 0.4701904391177701 0.2925037000095472
1.0000000000000009 21
18 1.050645081598145 0.41883218320119814 0.3033530999964569
1.0000000000000018 21
19 1.0149687958360516 0.3993724730142597 0.4170412999810651
1.0000000000000009 21
20 0.9877105165138151 0.364907304436079 0.27248620000318624
0.9999999999999999 21
21 0.9626343958974539 0.35469094114096855 0.2795187000010628
1.0000000000000004 21
22 0.942748058715727 0.3283603630184889 0.29427889999351464
1.0000000000000007 21
23 0.9237271816674354 0.3224817414951687 0.37939749998622574
1.0000000000000022 21
24 0.9081562763008812 0.30022424028424854 0.2846438999986276
0.9999999999999992 21
25 0.8927676478056438 0.29667423623853234 0.273691799986409
1.0 21
26 0.8727897900421263 0.2683322710077136 0.285411099990597
1.0000000000000002 21
27 0.8539217513969943 0.2612408919145847 0.27145390000077896
1.0000000000000009 21
28 0.8429888959669908 0.24284632057082273 0.2873721999931149
1.0000000000000002 21
29 0.8322158515012199 0.24100563607511033 0.28240299999015406
1.0000000000000002 21
30 0.8243270762977689 0.22653528095446854 0.28405999997630715
1.0000000000000002 21
31 0.8163481316665556 0.22543379912127967 0.29632649998529814
1.0 21
32 0.8100834349139916 0.21331497752350811 0.409418099996401
1.0000000000000016 21
33 0.8038617686451057 0.21321323893607658 0.33777920002467
1.000000000000001 21
34 0.7986723628852774 0.2025770517150804 0.3462132999848109
0.9999999999999988 21
35 0.793542499866343 0.20292117373243382 0.2778155000123661
0.9999999999999996 21
36 0.7891231603523868 0.19338913742660008 0.27076330001000315
37 0.29554145945695454
-------------------------------------------------END------------------------------------------------------
21
------------------------------------Randomized only---------------------------------------------------
470.8765565559197 474.56907740880297
0.9983266564760648 20
0 429.03699190346487 432.800031038468 0.10634729999583215
0.9989611522061266 20
1 368.26435105038183 371.8816521669163 0.10750340000959113
0.999321532017626 20
2 301.9425435449548 304.47086991806026 0.17389430000912398
0.9995435397487716 20
3 256.07610734461974 256.48020328066576 0.09485309998854063
0.9978030807315879 20
4 236.18145557024124 233.72458256269962 0.09481030001188628
0.9113531901934439 20
0.9978860031123825 80
5 157.36299847513064 151.67801247054686 0.28507250000257045
0.8434512630235761 20
0.9891224362586258 80
0.9970737408689304 140
6 80.42607958612163 77.33008996171156 0.5017926000000443
0.8025755201161915 20
0.9784104819798818 80
0.990899738355271 140
7 47.3776999302265 42.853518276841264 0.5393783999898005
0.7657016105324689 20
0.9685788365830098 80
0.9842699926691926 140
0.9921278221395997 200
8 27.10970991529565 23.331221935195746 1.7072020000196062
0.7167620472235832 20
0.9479055851394239 80
0.9774493831293262 140
0.9827419052449401 200
1.0 204
9 16.095399170686715 13.795259667192317 1.3971406999917235
0.8695063061264292 20
0.9764030918447142 80
0.9897802089270257 140
0.9934201818667612 200
10 9.90613075488524 8.835970069623121 1.0747792999900412
0.7556391443885011 20
0.917916246172373 80
0.9438661186270292 140
0.9573409531911647 200
1.0000000000000002 204
11 6.293350788784844 5.334535175010226 1.1512838000198826
0.9261083498111186 20
0.9854275442102767 80
0.991798976532309 140
12 4.940526141369685 4.264825908404459 0.5972177000076044
0.7116675008304699 20
0.8310679931979433 80
0.8708613287293626 140
0.9222117300167365 200
0.9999999999999993 204
13 3.481529622014066 2.7660526316591176 1.2600240999890957
0.9052458942405615 20
0.9731622597025374 80
0.9871226847810768 140
0.9914429140811499 200
14 3.0400465863183825 2.3023876733990427 1.1565808999876026
0.31009919409723513 20
0.48116162374369426 80
0.5742107077481206 140
0.6196555370923901 200
1.0000000000000007 204
15 2.4748374801840383 1.7129997523263283 1.228102699998999
0.987103773158936 20
0.9966529753580418 80
16 2.3288896756870976 1.5898298796680763 0.26779389998409897
0.16019305817755614 20
0.19639198355691054 80
0.4801913311096837 140
0.6204602219718517 200
1.0000000000000004 204
17 1.9922968544770978 1.2662139275915856 1.326559899986023
0.8573344676752492 20
0.9504734283986622 80
0.9630763867643966 140
0.9690981270412258 200
1.0000000000000002 204
18 1.732119726969391 1.055821914081587 1.0317052000027616
0.961175892824558 20
0.9823243394365154 80
0.9863744539502695 140
0.9888939731778076 200
0.9999999999999999 204
19 1.5321225493801456 0.8553815024059132 1.400303400005214
0.9270202548985161 20
0.9832545357171 80
0.9864695515593257 140
0.9886498785044746 200
1.0 204
20 1.3474602426081839 0.7576204067901952 1.144205000018701
0.9355490881647723 20
0.9790420031425059 80
0.9841671834920609 140
0.9866912004676395 200
1.0000000000000004 204
21 1.1883848327634743 0.5651437030188836 1.2924419000046328
0.8956757368489364 20
0.972758194200591 80
0.9781976836328204 140
0.9816377935126556 200
0.9999999999999998 204
22 1.0645157751859275 0.4821612728298805 1.0882419999979902
0.9805027501643206 20
0.9952462876773669 80
23 1.0530537980874712 0.4692226136094875 0.2843861000146717
0.02470991215654948 20
0.030178050232027354 80
0.15529536876441294 140
0.2696980235471621 200
1.0 204
24 0.9746622244336557 0.3759808972930922 1.3612925999914296
0.9045561077536267 20
0.9827415531189223 80
0.9858762233453662 140
0.9875130279240102 200
1.0 204
25 0.9140993380448783 0.3274731709138354 0.9505352999840397
0.9378626337425205 20
0.9744275398665947 80
0.9794299596483119 140
0.9826684572183301 200
0.9999999999999999 204
26 0.8720341776533632 0.2882599679628247 1.0448485999950208
0.9572804653179418 20
0.9826226719996053 80
0.9850423470022003 140
0.9862155012333856 200
1.000000000000001 204
27 0.8426075094306241 0.2568337964650768 1.0946453000069596
0.7522286602600264 20
0.8213873888875676 80
0.8548643825946534 140
0.8770204337941357 200
0.9999999999999998 204
28 0.8172750089515858 0.233372355745876 1.1542844999930821
0.9371244481502163 20
0.9641833414923007 80
0.9682201975869762 140
0.9700751873623299 200
0.9999999999999997 204
29 0.7964716103529389 0.21513715886880846 1.2677746000117622
0.8529288301392088 20
0.8975825510309913 80
0.9083967935994753 140
0.9158911177235544 200
1.0 204
30 0.7785916399015372 0.1970053140755629 1.2999066000047605
0.9537254105195366 20
0.9703845040210775 80
0.9727722035036764 140
0.9738943716130724 200
1.0000000000000018 204
31 0.7629492953338483 0.1830924202364487 1.5050820999895222
0.9163344263233552 20
0.9420733818469849 80
0.9452741582096403 140
0.947795830171906 200
0.9999999999999997 204
32 0.749135347400923 0.16869534616322343 1.1601929999887943
0.9623568200590693 20
0.9744635398148762 80
0.9760794088402461 140
0.9768307407493907 200
0.9999999999999998 204
33 0.7366840541845006 0.1573507908998719 1.0989563000039198
0.9538429896370944 20
0.9702412919923218 80
0.971247104810322 140
0.9722514185655787 200
0.9999999999999997 204
34 0.7254361710979707 0.14478909238989415 1.0876017999835312
0.953928734741009 20
0.9689689912856475 80
0.9709006495521443 140
0.9717947813818638 200
1.0000000000000004 204
35 0.7152581088454295 0.13636535529594768 1.1904119000246283
0.9558573868986742 20
0.9732016737949696 80
0.9740296726005457 140
0.9749235077703164 200
0.9999999999999994 204
36 0.7060363049465231 0.12472326890081535 1.0124392000143416
0.9353752719708441 20
0.9559321412643325 80
0.9585087515953764 140
0.9597873880161234 200
1.0 204
37 0.6978068628386666 0.1188550852494366 1.1022583000012673
0.9506045959462148 20
0.9701735106523217 80
0.971076393257915 140
0.9719590065382235 200
1.0000000000000002 204
38 0.6904114745755795 0.10885504354914666 1.1078549000085331
0.8910343120208651 20
0.9197661079493396 80
0.9231147706663818 140
0.9251059519022345 200
1.0000000000000002 204
39 0.6838706433081059 0.1042350504920953 1.1839298999984749
0.9410909978290244 20
0.9628879647678261 80
0.9639769674679111 140
0.964796258696506 200
0.9999999999999991 204
40 0.6780450030287065 0.09688090832776221 1.2045945999852847
0.8310089430849203 20
0.868321339630377 80
0.871947802944924 140
0.8743857282639114 200
0.9999999999999998 204
41 0.6728065255896023 0.09217598774978095 1.5541771999851335
0.9242778165124956 20
0.9513402951727112 80
0.952892296635444 140
0.9536841540522043 200
1.0 204
42 0.6681600644430434 0.0875855455596903 3.7190632999991067
43 1.0328248953487356
-------------------------------------------------END------------------------------------------------------
------------------------------------Krylov only---------------------------------------------------
470.8765565559197 474.56907740880297
1.0000000000000004 21
0 426.5325479831393 430.1221652206071 0.34493490000022575
1.0000000000000004 21
1 360.4911308378447 364.0837528882814 0.2859837999858428
1.0000000000000009 21
2 242.24271527251466 238.8821810389605 0.28599540001596324
1.0000000000000007 21
3 240.95662703942656 246.1685331380352 0.32908409999799915
1.0000000000000004 21
4 133.24482576797004 132.4180191861263 0.32155529997544363
1.0000000000000013 21
5 79.90569540225592 82.05745811692448 0.27087949999258853
0.9999999999999999 21
6 61.66717684850902 63.095933128165086 0.27421470000990666
0.9999999999999996 21
7 10.524836688080455 10.677441651891163 0.2852261000080034
1.0000000000000002 21
8 6.564160916402685 5.887033226454489 0.29363570001441985
1.0000000000000002 21
9 3.650450332960803 3.048810606192312 0.271423500002129
1.0000000000000004 21
10 2.944464867348397 2.2468677082451514 0.2935762999986764
1.0000000000000007 21
11 2.5436744301046965 1.9412117456871107 0.28280159999849275
1.0 21
12 2.285682140497852 1.594435364695556 0.4167154000024311
0.9999999999999989 21
13 1.8014603620523113 1.1791956340079282 0.29872940000495873
1.0 21
14 1.6215027405726885 0.9902778389098748 0.2769566999922972
1.0 21
15 1.4612943703424712 0.829568586497829 0.29948050001985393
1.0 21
16 1.3559303236731983 0.7254514379089293 0.28185759999905713
1.0000000000000007 21
17 1.2736389865984112 0.647195535841216 0.34742789997835644
1.0000000000000004 21
18 1.2069712713817171 0.5807211737912492 0.27141470002243295
0.9999999999999991 21
19 1.1550894840197738 0.5376167501802952 0.2913842999842018
1.0000000000000004 21
20 1.1074215006338919 0.4857192911411706 0.27943039999809116
0.9999999999999988 21
21 1.0661531626034317 0.44929928083358855 0.2778424999851268
0.9999999999999996 21
22 1.0265654662649608 0.41020203771470076 0.2979662000143435
1.0 21
23 0.9965670009294452 0.3866272336573993 0.3453168999985792
0.9999999999999981 21
24 0.9681064486614941 0.35688025712422844 0.47240030000102706
1.0000000000000004 21
25 0.9452475662005189 0.3407030154249761 0.27995570001075976
1.000000000000001 21
26 0.9239949179788352 0.31657050887696825 0.2703944999957457
1.0 21
27 0.906353711803153 0.3055912387354563 0.2647309000021778
1.000000000000001 21
28 0.8893793481269698 0.28475176964132953 0.2722492000029888
0.9999999999999994 21
29 0.8752904371345146 0.2765705134671361 0.2787982999871019
1.0000000000000009 21
30 0.86216096080549 0.2598115897061368 0.2840083999908529
1.0000000000000007 21
31 0.8504993147088311 0.2530075761847971 0.28351950002252124
0.9999999999999997 21
32 0.8394306120183348 0.2388220682963849 0.28527720001875423
1.0000000000000002 21
33 0.8295255470346677 0.23322467680143769 0.28184199999668635
0.9999999999999994 21
34 0.8190995240689338 0.21989544935729755 0.2786748000071384
0.9999999999999998 21
35 0.809936876652862 0.21436862650878022 0.27426289999857545
0.9999999999999999 21
36 0.8019158313348674 0.20388508055247037 0.2755969999998342
1.0000000000000007 21
37 0.7947403326810673 0.1997681896486429 0.28223529999377206
0.9999999999999992 21
38 0.7879044684880131 0.19086270984176493 0.26718170000822283
1.0000000000000013 21
39 0.781686375941373 0.18724122650523153 0.2679057999921497
1.0000000000000004 21
40 0.775821126891241 0.17986069789128523 0.28497950002201833
1.0000000000000004 21
41 0.7701252446251002 0.17611286201241103 0.2829867000109516
0.9999999999999991 21
42 0.7647049858304138 0.16951771717932973 0.28759140000329353
1.0000000000000007 21
43 0.7596271261549798 0.16631427219994685 0.29388209999888204
1.0000000000000007 21
44 0.7548299988795564 0.16045254084817773 0.2752664999861736
45 0.29483495777886776
-------------------------------------------------END------------------------------------------------------
22
------------------------------------Randomized only---------------------------------------------------
393.28298785058917 391.4981708835495
0.998766056399252 20
0 364.488035995536 362.9742636434173 0.10997360001783818
0.9990632815844812 20
1 323.6603778414298 321.8652822810373 0.10888879999401979
0.9992996999096809 20
2 279.70637894028357 278.89341919891217 0.09439439998823218
0.998467979737809 20
3 249.9510381402255 248.2228629148611 0.11002579997875728
0.9912433476723939 20
4 211.370152327355 207.75985666150856 0.10877419999451376
0.9100112699299261 20
0.9918138094669187 80
5 151.2542564331407 145.3800380478596 0.289575499977218
0.8920768788289013 20
0.9885746685689538 80
0.996708979346149 140
6 85.85559388748273 79.62923700818835 0.48828220000723377
0.8128194988838358 20
0.9859065905972478 80
0.9949079479044448 140
7 49.36009279676048 43.46525008575705 0.5130185000016354
0.8091573747477093 20
0.9837633979834927 80
0.9928257948750719 140
8 30.628654220646293 26.732064162317045 0.5812142000067979
0.8257971085298811 20
0.9763027944536761 80
0.9879158658237334 140
0.9933627414937977 200
9 16.703768895048572 15.064755565480205 1.0996157999907155
0.8211855226709596 20
0.9657519875571788 80
0.9796078409345328 140
0.9850913937781682 200
1.0000000000000009 204
10 8.631893069704004 7.618616131889227 1.7413476999790873
0.8550350516164344 20
0.9836583249047076 80
0.9915164006623152 140
11 6.71200322772504 5.889374310270511 0.6613504000124522
0.43089148457620563 20
0.6948852885233496 80
0.7516447597900137 140
0.8413770257222769 200
0.9999999999999994 204
12 4.524092034622108 3.72088926763153 1.9408402999979444
0.9242850797772307 20
0.9853331248730165 80
0.9918494182644669 140
13 3.9877224167144347 3.245974235239955 1.0956169000128284
0.2486173388979003 20
0.47497414196380494 80
0.5192625667486044 140
0.6989402120504545 200
1.0 204
14 3.043582013729052 2.360282929464171 1.4267037000099663
0.9430716133494208 20
0.9930293350778832 80
15 2.8046633862140538 2.150279472422457 0.31221289999666624
0.2330918958760464 20
0.28950836274776326 80
0.6309119964568531 140
0.741687219098062 200
1.0000000000000004 204
16 2.2882143227592286 1.685315972711548 1.5388670999964233
0.9906847947405563 20
17 2.1876121491148828 1.5815767376920375 0.106461900024442
0.006601211939527251 20
0.7484423303856064 80
0.8524937151475511 140
0.8830014815689066 200
1.0000000000000007 204
18 1.8026925195872632 1.2006192738767905 1.5664604999765288
0.9516868619805415 20
0.9921349375521725 80
19 1.7425537513523617 1.1151202329832068 0.29179299998213537
0.09688578111363255 20
0.11477242523592851 80
0.36080010747484603 140
0.5133184162004711 200
0.9999999999999994 204
20 1.5218480984373295 0.9255624456372441 1.3536179999937303
0.9715707518071968 20
0.9938900341944689 80
21 1.4884912174027916 0.8878725291966394 0.28910179997910745
0.028479871315981484 20
0.036036785892843294 80
0.2597254784158342 140
0.372800037101092 200
1.0000000000000004 204
22 1.3134158461556549 0.714356666622175 1.2229244000045583
0.9485472102347687 20
0.9881366965532238 80
0.9912158914107554 140
23 1.2866644416402817 0.6926051109724576 0.5288604999950621
0.23051736092293532 20
0.2467450007503948 80
0.25438298901735396 140
0.37180461733782977 200
1.0000000000000002 204
24 1.1626807097819387 0.5667627944690432 1.1303584999986924
0.9327354415007348 20
0.9920673652428079 80
25 1.1418637744264357 0.5587387776333798 0.26372769998852164
0.03607474002746381 20
0.0385392060529354 80
0.24480080118260777 140
0.3349938816423197 200
1.0000000000000007 204
26 1.0405992140327003 0.4461220443706737 1.2647509000089485
0.9784925506565341 20
0.9974156522674171 80
27 1.0253364607157618 0.43410548666487464 0.274613399989903
0.02048791404792599 20
0.023181501617920815 80
0.20826327645100953 140
0.3359999686285081 200
1.0000000000000007 204
28 0.9491750397770389 0.3617139578011199 1.2896519000059925
0.9370345681537225 20
0.9922760355764121 80
29 0.9423238006491994 0.3567150575488242 0.2794360999832861
0.007138069863084709 20
0.007824494639273713 80
0.19150891750986143 140
0.289988674449217 200
0.999999999999999 204
30 0.8828350935680752 0.2865593572216108 1.2752216999942902
0.9367594711971666 20
0.9952066337608985 80
31 0.8753384983712236 0.283432973754112 0.2856190000020433
0.003197495591553868 20
0.004657912044297089 80
0.1574344686295182 140
0.2945728348081525 200
1.0000000000000016 204
32 0.8323351166111235 0.24531463280956428 1.3052467000088654
0.9918584882852639 20
33 0.8293769345815767 0.24419337844182212 0.10687039999174885
34 0.7369240705850055
-------------------------------------------------END------------------------------------------------------
------------------------------------Krylov only---------------------------------------------------
393.28298785058917 391.4981708835495
0.999999999999999 21
0 361.47903469183797 360.7265416478441 0.27814260000013746
0.9999999999999997 21
1 295.5400499168881 296.70122118956795 0.2775111999944784
0.9999999999999999 21
2 266.948291600309 265.8462680423045 0.38248170001315884
1.0 21
3 237.98573170862272 235.97497164022724 0.2813136999902781
1.0 21
4 81.41842105278091 79.11967942616643 0.2945156999921892
1.000000000000001 21
5 44.878962893074636 42.18877476465578 0.2731066000123974
1.0000000000000009 21
6 11.84500373017652 11.058231181549887 0.43039709998993203
0.9999999999999993 21
7 4.765976155061197 4.214461672121959 0.3343596000049729
1.0000000000000007 21
8 3.1860928190295006 2.47636615932958 0.3966614999808371
1.0 21
9 2.491194545862876 1.8475919196387516 0.3082652000011876
1.0 21
10 2.0849298370161935 1.482139898992836 0.2902938000042923
0.999999999999999 21
11 1.845816378473652 1.208524594684669 0.2946187000197824
1.0000000000000016 21
12 1.6814714611764219 1.0947540814365702 0.2882147000054829
0.9999999999999998 21
13 1.5734621758360883 0.9506019128281951 0.42852449999190867
0.9999999999999989 21
14 1.4701563989740214 0.8971095843037619 0.2859384999901522
1.0000000000000004 21
15 1.405467237449946 0.7972873034262177 0.29300679999869317
1.0 21
16 1.3471898961216089 0.7765024776964221 0.2900586000178009
1.000000000000001 21
17 1.2730715065772058 0.6716361188845258 0.2884321000019554
1.0000000000000016 21
18 1.2407945322080065 0.6653521525889362 0.2753346999816131
1.0000000000000013 21
19 1.1646960816995473 0.5736096446817042 0.28619830001844093
1.000000000000001 21
20 1.1385698857720568 0.5629618044039951 0.27809169999090955
0.9999999999999999 21
21 1.0766019975271124 0.493865611920427 0.27421409997623414
1.000000000000002 21
22 1.0509881040153828 0.4741792104954948 0.27284200000576675
0.9999999999999999 21
23 1.0064123880447455 0.42712398018668674 0.28538459999253973
1.0000000000000004 21
24 0.9809675482159488 0.40030537645315367 0.27083580000908114
1.000000000000002 21
25 0.9504843216897394 0.37230838078492035 0.2910944999894127
1.0000000000000013 21
26 0.9308585229318896 0.3490588519582531 0.2700630000035744
0.9999999999999991 21
27 0.9079853971973003 0.3291717536002897 0.28043220000108704
0.9999999999999996 21
28 0.890407158091036 0.3082047098985153 0.2759336000017356
0.9999999999999999 21
29 0.871531474347915 0.29376283102209233 0.28389610000886023
1.0000000000000004 21
30 0.8556347976623281 0.27089538569737986 0.2845312000135891
1.0000000000000004 21
31 0.8404406374928894 0.2614324089869992 0.26869670001906343
0.9999999999999991 21
32 0.8271943301109536 0.2453009109536309 0.28279990001465194
1.0000000000000013 21
33 0.8130568164793771 0.23524956581448944 0.271969800000079
1.000000000000001 21
34 0.8024456357624569 0.2201641143997723 0.2715996000042651
0.9999999999999993 21
35 0.7926028673565542 0.21448993574157332 0.2805395000032149
1.0000000000000009 21
36 0.783867910819657 0.20168559257557064 0.26582269999198616
1.0000000000000013 21
37 0.7755226414177406 0.19632262407714832 0.28168459999142215
1.0 21
38 0.7679970751451894 0.18649092127402422 0.27445220001391135
0.9999999999999986 21
39 0.7613806266651305 0.18200861241412603 0.2859091999998782
1.0000000000000007 21
40 0.7541430286489599 0.17263983450733808 0.28400680000777356
1.000000000000001 21
41 0.7474294664883797 0.16903595922207632 0.26756590002332814
0.9999999999999998 21
42 0.7415824362938019 0.1599345846554665 0.28467059999820776
1.0000000000000007 21
43 0.7363165420434601 0.157577545020972 0.2743457999895327
1.0000000000000002 21
44 0.7314323771367859 0.15069832066083172 0.28407069999957457
45 0.2938406311124305
-------------------------------------------------END------------------------------------------------------
23
------------------------------------Randomized only---------------------------------------------------
446.0603368338476 447.50947615600995
0.9988870078214237 20
0 408.0563157033787 409.05077578592596 0.09070000000065193
0.9991509082830076 20
1 353.5099066772576 353.931249258019 0.11172660000738688
0.9992085651563448 20
2 294.9428517415383 294.65573815185786 0.0878581999859307
0.9992913214776012 20
3 254.10450851878164 253.62103933560235 0.11455759999807924
0.9873747693078949 20
0.9994821025344871 80
4 176.0408396021788 170.8177440258935 0.39365519999410026
0.8899011569404867 20
0.9842513093436579 80
0.9950002683858816 140
5 75.01446954718705 71.05521870476731 0.6529057000007015
0.7493992454686013 20
0.953660604382562 80
0.9851443372104779 140
0.992320790771967 200
6 38.92881391759659 37.27483963219526 1.000902200001292
0.5922795145111525 20
0.9365088598493014 80
0.9682698616863318 140
0.9797293693200392 200
0.9999999999999999 204
7 21.860497041876446 21.268379847333858 0.9944470999762416
0.44130798846839026 20
0.8733477478560092 80
0.9248495935935653 140
0.9507729841284426 200
1.0 204
8 12.666372500386398 12.289595626162791 1.1834874999767635
0.5604735080151122 20
0.9156384484721473 80
0.9480350907712292 140
0.9656444966944543 200
0.9999999999999997 204
9 7.782820747027971 7.335767071822221 1.0165617000020575
0.7225169712716019 20
0.929145356754124 80
0.9537661537789933 140
0.9657764844087984 200
0.9999999999999997 204
10 5.0727295820826255 4.469569307311941 1.2176996000052895
0.7839645503298174 20
0.9303995195870567 80
0.9506643744545554 140
0.9648878533680965 200
0.9999999999999997 204
11 3.7010896567083917 3.07121721360032 1.2600538000115193
0.5776082344669216 20
0.8316703222821821 80
0.8769434016083641 140
0.9069684741310167 200
1.0 204
12 2.929081215791734 2.3174984687343807 1.2339506999996956
0.7066280784999207 20
0.8899067671054496 80
0.9155869108231441 140
0.9335017796113245 200
1.0000000000000002 204
13 2.5044544388507717 1.9021910066711463 1.1827338000002783
0.8783653993841898 20
0.9397937222299318 80
0.9475094993696328 140
0.9548267531788659 200
0.9999999999999998 204
14 2.2302546481894527 1.6260435245983988 1.1060793999931775
0.8508088336374509 20
0.9129505239731278 80
0.9242930555492478 140
0.9313824826576174 200
1.0000000000000002 204
15 2.036953303828407 1.4346140095139075 1.1236887999984901
0.8800351295622689 20
0.9194244184167419 80
0.9276366882058179 140
0.9341846793071547 200
1.0000000000000009 204
16 1.8828719937345841 1.294914464183238 1.0921810000145342
0.7448287526875295 20
0.8381918136433987 80
0.8538765005831137 140
0.8630525567227361 200
0.9999999999999992 204
17 1.7502885901282097 1.1482309724597246 1.1393057999957819
0.8764327258596372 20
0.9194015639078308 80
0.926332667157018 140
0.9309797648088493 200
1.0 204
18 1.6465988856949327 1.0537434801106271 0.9965860999946017
0.7371366048920746 20
0.8050463562551695 80
0.8174458482399133 140
0.825291495858463 200
1.0 204
19 1.5544991030832414 0.9594066553394667 1.087658599979477
0.8634436112166698 20
0.8842122834271069 80
0.8903598734680611 140
0.8961973814843722 200
0.9999999999999996 204
20 1.4754297172973996 0.8815649032600302 1.0980325000127777
0.7117586647429119 20
0.7701683096828957 80
0.7806345952742948 140
0.7881439866086439 200
0.9999999999999998 204
21 1.399259167291695 0.8076670150648982 1.0829198000137694
0.933487053619612 20
0.9447460057600651 80
0.9472868212966601 140
0.9497706783637481 200
1.0000000000000007 204
22 1.3297592824986588 0.7362102462536911 1.2261664000106975
0.4371566311772895 20
0.5284621816761319 80
0.5523266763103372 140
0.5669429811031722 200
0.9999999999999999 204
23 1.263335927111781 0.6775197199998453 1.0779689000046346
0.9591094672329011 20
0.9716625655671384 80
0.9732369532735392 140
0.9741877502343511 200
1.0000000000000002 204
24 1.199887461042391 0.6140126604503224 1.4334630999946967
0.7119478700255599 20
0.768092731525552 80
0.781839882645259 140
0.7884897330326908 200
0.9999999999999999 204
25 1.1390671697843746 0.5543757741657317 1.3905374000023585
0.9648985278291464 20
0.9767846947729916 80
0.9780701765770479 140
0.9786174955571653 200
1.0000000000000004 204
26 1.080844007163732 0.49600749036103087 1.1648755999922287
0.9370792042516304 20
0.9566100366100246 80
0.9596881241765092 140
0.9609515916806295 200
1.0000000000000004 204
27 1.02816283744725 0.4389910684120338 1.1128843000042252
0.9698920185492198 20
0.9787463133180747 80
0.9801235412983564 140
0.980575253825903 200
0.9999999999999993 204
28 0.9806915829294467 0.38734612100125987 1.2304669999866746
0.9659093964541864 20
0.9809156939575463 80
0.981861730620266 140
0.9826020418340851 200
1.0 204
29 0.9390134424018546 0.3469048127333002 1.5085696000023745
0.9712420184388766 20
0.9773311073887391 80
0.9788364384447863 140
0.9793039583947042 200
1.0000000000000002 204
30 0.9033175829573941 0.30236459418683037 1.4940987000009045
0.9514947371025877 20
0.9753453675370141 80
0.9765656819584384 140
0.9774153694790384 200
1.0000000000000002 204
31 0.8726190314033138 0.2787147248478909 1.276708499994129
0.9597199547180327 20
0.9669720409902547 80
0.9687714983236235 140
0.9693129238785699 200
1.000000000000001 204
32 0.8454201237894973 0.24225039256251693 1.1017575000005309
0.9376185314831396 20
0.9594663975993829 80
0.9613706218583093 140
0.9622856358109143 200
0.9999999999999997 204
33 0.8220345781604835 0.22697720594567303 1.3504470000043511
0.909659150526869 20
0.9267439241585946 80
0.9296914003765427 140
0.9308116738573742 200
1.0 204
34 0.8009452272295091 0.20013139138708083 1.0178549000120256
0.9076639710837953 20
0.9302479938120641 80
0.9332743325385635 140
0.9347166299053912 200
1.0000000000000004 204
35 0.782724383924128 0.1875967760855843 1.1897065000084694
0.9086004296950333 20
0.9308695710368954 80
0.9339065379591688 140
0.9353156643851873 200
0.9999999999999994 204
36 0.766325993562522 0.17061185821181615 1.1208306000044104
0.8816776449577147 20
0.9122273623690332 80
0.9160626563297837 140
0.9182001752611731 200
0.9999999999999998 204
37 0.7520887101869547 0.15897612072527026 1.1253782999992836
0.9217380614960633 20
0.9414796006025838 80
0.944132702533727 140
0.9453911706346698 200
1.0000000000000007 204
38 0.7396710721018036 0.14942855442457578 1.145941299997503
0.9223436535057464 20
0.9408467687368782 80
0.9428579507924697 140
0.9441940862484182 200
0.9999999999999998 204
39 0.7289487497857795 0.13935032759816862 1.2188246000150684
0.9302949152370988 20
0.9457432504174849 80
0.948023265086848 140
0.9488819367585168 200
0.9999999999999998 204
40 0.7198173200626241 0.13425287174992886 1.094501899991883
0.9355608135253627 20
0.948747109987587 80
0.9500292900393931 140
0.9508289535528137 200
1.000000000000001 204
41 0.7118031843628229 0.1263247440705049 1.4653507999901194
0.9364321599304103 20
0.9476313438484967 80
0.9501004676509909 140
0.9508429337244373 200
1.0 204
42 0.704762576283454 0.12322063746403472 1.374656900006812
0.9169864501249166 20
0.9295626228280267 80
0.9312349488526975 140
0.9320481982575499 200
1.0000000000000004 204
43 0.6984363896547682 0.11709904920819698 1.1699386999825947
0.9305817068497865 20
0.9403993972909818 80
0.94284572699577 140
0.9437235971590676 200
1.0000000000000007 204
44 0.6927547841892023 0.11476931922999628 1.2662475999968592
0.881893133592117 20
0.8930859927907729 80
0.895258830998501 140
0.896262660315079 200
1.0000000000000002 204
45 0.68757633952215 0.1099958581907289 1.0883694000076503
0.9030337521460708 20
0.9151093236152998 80
0.917337982658215 140
0.9184096073379459 200
0.9999999999999998 204
46 0.6828774050572722 0.10797022381451261 1.198019600007683
47 1.0661969531910802
-------------------------------------------------END------------------------------------------------------
------------------------------------Krylov only---------------------------------------------------
446.0603368338476 447.50947615600995
1.0000000000000002 21
0 404.09756811241147 405.1488905463484 0.2848031000175979
1.0000000000000002 21
1 330.3770152306905 331.9012454993632 0.2826991000038106
1.0000000000000002 21
2 318.32385983175163 315.12353631865807 0.2964624000014737
1.0000000000000009 21
3 249.38703314230182 249.964849390605 0.28054550001979806
1.0 21
4 247.03691351243071 243.47931184895717 0.28043899999465793
1.0000000000000004 21
5 75.7641520122553 74.80613971602574 0.2718855000275653
1.0000000000000007 21
6 39.73885070676021 40.43629970425511 0.330951100011589
1.0000000000000004 21
7 30.394277722020814 31.30410865396593 0.27125039999373257
1.0000000000000009 21
8 8.269099541370139 8.141789582797749 0.27669900000910275
1.0000000000000024 21
9 3.685828783434795 3.4016961627312483 0.2640992999949958
0.9999999999999994 21
10 2.5778594322303614 2.1431733842619334 0.263354700000491
1.0000000000000007 21
11 2.0963853541376207 1.6068940731820103 0.2767007000220474
1.0 21
12 1.8028918341183384 1.2999200123579622 0.27150699999765493
1.0000000000000002 21
13 1.5971648767748858 1.0626710080794879 0.28390189999481663
0.9999999999999999 21
14 1.44664926243882 0.915467732057422 0.2828109000110999
0.9999999999999991 21
15 1.3266594174277455 0.753100420660303 0.28312300000106916
1.0000000000000002 21
16 1.235509559931098 0.6790783076978738 0.28281170001719147
1.0000000000000002 21
17 1.1700575520322563 0.5894935234800966 0.2885468000022229
1.0000000000000009 21
18 1.1173276395360008 0.5489773934217872 0.26658080000197515
1.0000000000000002 21
19 1.0686741227400471 0.48697084979780725 0.28370149998227134
0.9999999999999993 21
20 1.0301950689218549 0.4567544073847744 0.2727223999972921
0.9999999999999997 21
21 0.9969246306783281 0.4127622041225654 0.28376510000089183
0.9999999999999996 21
22 0.9683755397468874 0.39301568470613746 0.27647219999926165
0.9999999999999996 21
23 0.9446950301179727 0.3637669786066202 0.2914376999833621
0.9999999999999997 21
24 0.9228896360988054 0.3469924919952134 0.2830660000036005
1.0000000000000004 21
25 0.9032524835319026 0.3257663787118651 0.2704657000140287
1.0000000000000002 21
26 0.8843424391316251 0.3104397258875122 0.2669066999806091
0.999999999999999 21
27 0.8666714110099528 0.2936154498793994 0.2666222999978345
1.0000000000000004 21
28 0.8504440994402772 0.27977547583535156 0.2844673000217881
1.0000000000000004 21
29 0.8347819537013703 0.26576063362868274 0.27826059999642894
1.0000000000000007 21
30 0.8227205323098158 0.2544370935258384 0.2728213000227697
0.9999999999999998 21
31 0.8112505147184407 0.2437663164778803 0.2679074000043329
1.0000000000000009 21
32 0.8015072182123472 0.23444208509906672 0.2898640999919735
0.9999999999999996 21
33 0.7922299549802168 0.22551917457102413 0.27912669998477213
1.0000000000000002 21
34 0.784154118568426 0.21754415317994863 0.2830098000122234
1.0000000000000007 21
35 0.7761436576068524 0.20938718857343708 0.28114999999525025
1.0 21
36 0.7692407931897356 0.2027206471006957 0.272890299995197
1.0 21
37 0.7625717849558382 0.19569312133230135 0.28440830000909045
0.999999999999999 21
38 0.7567063475953175 0.19032785899784452 0.3145084000134375
0.9999999999999993 21
39 0.7512908986220176 0.18423240847352834 0.2893454000004567
1.0000000000000002 21
40 0.74643863498509 0.1797364268934615 0.27252329999464564
41 0.28060035122254656
-------------------------------------------------END------------------------------------------------------
24
------------------------------------Randomized only---------------------------------------------------
412.0243916583143 409.78852174386446
0.9984044540806267 20
0 380.30900200601036 378.5700704785531 0.108742100012023
0.998670885147561 20
1 334.69076888002877 333.9881322720053 0.10296650000964291
0.9988983030354741 20
2 285.03170493293965 286.07343680374163 0.0952322999946773
0.9988853528693048 20
3 250.15631529672592 250.3274705908789 0.10886619999655522
0.985483768591063 20
0.9983198396477994 80
4 185.15381912171418 183.25222885402184 0.2666647000005469
0.8166238863105832 20
0.9789471603732735 80
0.9924404957735041 140
5 93.09443327861904 90.1085770607268 0.5461367999960203
0.8124212146260593 20
0.9748266252002903 80
0.9901157928815342 140
6 45.88085727421136 45.6114333485549 0.6118949999799952
0.6555675308593327 20
0.9391602173526807 80
0.9738919462116488 140
0.983387594592145 200
0.9999999999999996 204
7 25.100159627917787 24.79943934190965 1.3133487000013702
0.8512508881479836 20
0.9724538424841332 80
0.9878567811364591 140
0.99301580097925 200
8 17.75779234069999 17.028422872028816 1.0371821999724489
0.9242055951392211 20
0.9794757124424981 80
0.9878635305197995 140
0.9917294936371542 200
9 14.375573364241783 13.446837119871006 1.1289377000066452
0.6889228180536408 20
0.8438481467163547 80
0.8818712014665289 140
0.9060715820983863 200
0.9999999999999997 204
10 9.934680527130586 8.686350667935972 1.0569356000050902
0.9537248791730024 20
0.9935334717759574 80
11 8.433971883778979 7.575343512506341 0.2762802000215743
0.7219771702825345 20
0.7683129393920037 80
0.8460101997339031 140
0.8919342812305044 200
0.9999999999999999 204
12 5.740542341282573 4.994914075231019 1.0575401000096463
0.7534316044931151 20
0.9754937736069021 80
0.9867573278643886 140
0.9907075692555909 200
13 4.917721684212834 4.303815222388226 1.2601088999945205
0.6786931242534023 20
0.8140475500254174 80
0.8430860334626495 140
0.8559587257894532 200
1.0000000000000002 204
14 3.8600991515225127 3.326769747923614 1.1631033000012394
0.9953435554868185 20
15 3.5595877730569403 3.0392341368129463 0.10954200002015568
0.02574997388013357 20
0.7984229247969474 80
0.8763276459753636 140
0.9071447233105798 200
1.0000000000000007 204
16 2.816824830247752 2.259641598219071 1.3573324999888428
0.9371001266601234 20
0.9869657407848634 80
0.9913111461916168 140
17 2.712824715433405 2.118966587541582 0.6019719000032637
0.21553193289729497 20
0.29184106545335853 80
0.314750034890387 140
0.4463496347404993 200
1.0000000000000004 204
18 2.299524632387291 1.7733160630045832 1.2225436000153422
0.832350026758479 20
0.9464088479921632 80
0.9586218138246142 140
0.9661603191209398 200
1.0000000000000004 204
19 2.013052236950335 1.4554031710335595 1.046722500002943
0.9895692016514096 20
0.99778859733502 80
20 1.9786625919699632 1.3993919817516376 0.28015530001721345
0.016217997082301937 20
0.0264265753413932 80
0.16801594257982547 140
0.24801187382955217 200
0.9999999999999996 204
21 1.7460735890146184 1.1794377571948444 1.2318866999994498
0.9503155452413465 20
0.9835937140078519 80
0.9861290901185651 140
0.987629335163981 200
1.0 204
22 1.5648358112982386 1.0149278937722606 1.1110102999955416
0.9886539115436593 20
0.9974768060635409 80
23 1.5441611158405846 0.9759449145897924 0.28152449999470264
0.008676407849073024 20
0.014410396163457746 80
0.16870281072585383 140
0.27343186497373645 200
0.9999999999999999 204
24 1.401277667237185 0.8177957403655739 1.070571899996139
0.772263036456534 20
0.9448601317034241 80
0.953933394486514 140
0.9582821383887216 200
1.0000000000000009 204
25 1.2757926530419799 0.6899256952024516 1.1158365000155754
0.9831886294886366 20
0.9963059219900208 80
26 1.2630661979387965 0.6671234685110748 0.2706346999912057
0.01772357476994739 20
0.029049360118261622 80
0.21795682465361807 140
0.29241766525573787 200
1.0 204
27 1.1601777050171178 0.5469540146350865 1.151277700002538
0.8207062581342544 20
0.9636041720645464 80
0.9703903564968076 140
0.9735676288884554 200
1.0000000000000004 204
28 1.0718551302006945 0.4576800376741172 1.132359000010183
0.9668827755916166 20
0.9920044009578163 80
29 1.0632104310914845 0.44278706686806435 0.27975799998966977
0.023849179755204255 20
0.03297955973153153 80
0.2137683085573378 140
0.3154629838335625 200
1.000000000000001 204
30 0.9967636066917758 0.3643706849611865 1.2193859000108205
0.9257540100554763 20
0.9840340419791016 80
0.9863800140912669 140
0.9874865987651362 200
1.0000000000000004 204
31 0.9413371483195014 0.3266068880392563 1.0529612000100315
0.9440406984752245 20
0.975394834849859 80
0.981199170482586 140
0.9833739635809705 200
0.9999999999999993 204
32 0.8951891170746611 0.26488915721916845 2.8104190999874845
0.965223689514423 20
0.9875693276252105 80
0.9896420021677862 140
0.9903640473800365 200
33 0.8920218886422816 0.26062895062272196 2.1688477999996394
34 0.8720200411780217
-------------------------------------------------END------------------------------------------------------
------------------------------------Krylov only---------------------------------------------------
412.0243916583143 409.78852174386446
0.9999999999999999 21
0 376.6714205060828 376.0608590303217 0.4203032999939751
0.9999999999999999 21
1 313.8813126329045 314.86248144424627 0.2702642999938689
0.9999999999999999 21
2 199.426671950007 196.0526396147208 0.2786247999756597
0.9999999999999998 21
3 195.9748507682974 196.39205038682954 0.32502729998668656
1.0000000000000002 21
4 164.1266664523959 160.40448713340297 0.28247959999134764
1.0000000000000004 21
5 90.43412526398275 92.30225709927286 0.27289809999638237
1.0000000000000009 21
6 90.39292352999009 86.93621770270725 0.26674439999624155
1.000000000000002 21
7 14.477449575624979 14.052599285561264 0.2636669999919832
1.0000000000000007 21
8 6.117023965129412 5.50817151298338 0.2789628999889828
0.9999999999999987 21
9 3.700299531183281 3.017959441752101 0.28319960000226274
1.0000000000000002 21
10 2.7043055206702076 2.093429260802961 0.39336550000007264
0.9999999999999997 21
11 2.3835240062104934 1.7444220018549168 0.27168110001366585
1.0000000000000013 21
12 1.9274498067762182 1.3003718279381793 0.2696684999973513
0.9999999999999992 21
13 1.7134461297892833 1.0370915903112683 0.391907600016566
0.9999999999999997 21
14 1.5128249127444298 0.860976539359364 0.41472040000371635
1.0 21
15 1.3807501170604155 0.7090793805424401 0.2880398000124842
0.9999999999999997 21
16 1.2581845019801436 0.6023519772022179 0.3309276000072714
0.9999999999999994 21
17 1.17864985664962 0.5212109787640609 0.2817852000007406
1.0000000000000002 21
18 1.113941029214129 0.4684213739984698 0.27988830002141185
1.000000000000001 21
19 1.0625055620027326 0.4199063542897727 0.2972278999804985
1.0 21
20 1.0219810888558092 0.38412278961329865 0.2894254999991972
0.9999999999999991 21
21 0.9860067953294683 0.349021711180264 0.2925016999943182
0.9999999999999998 21
22 0.9550366474559651 0.3227328140188236 0.2907102000026498
1.0 21
23 0.9316474462318304 0.30245511206539716 0.28655609997804277
1.0000000000000002 21
24 0.9121608725379275 0.2824928739813599 0.2915043999964837
0.999999999999999 21
25 0.8945629199013976 0.2668296007226931 0.27513560000807047
1.0000000000000009 21
26 0.8793433436461426 0.25283141493371497 0.2822784000018146
1.0000000000000013 21
27 0.8654882391042774 0.24003622247922543 0.2789084000105504
0.999999999999999 21
28 0.8536046307071697 0.2291956918726796 0.28642439999384806
1.0000000000000013 21
29 0.8426172487651024 0.2198728755278042 0.2897845999978017
1.0000000000000004 21
30 0.8320293552528194 0.21024687126758154 0.2919407000008505
0.9999999999999994 21
31 0.8222466736670624 0.20118235051285485 0.2828616999904625
1.0000000000000004 21
32 0.8136794498915522 0.19207766425751646 0.27204250000067987
1.0000000000000016 21
33 0.8055773103987949 0.18664003716328606 0.2839852999895811
1.0000000000000027 21
34 0.7986454925008802 0.1803533912910615 0.2804788999783341
1.0000000000000004 21
35 0.7918659252025576 0.17505355701218053 0.27996250000433065
1.0000000000000004 21
36 0.7857607651119706 0.16929227232100877 0.2880284999846481
1.0000000000000007 21
37 0.7802044516359813 0.16465922771400268 0.37211320002097636
1.0000000000000004 21
38 0.7750548517966989 0.16071046555576587 0.3749211000103969
1.0000000000000002 21
39 0.7701998628587711 0.15622250570901206 0.313167100015562
40 0.3016028499987442
-------------------------------------------------END------------------------------------------------------
25
------------------------------------Randomized only---------------------------------------------------
387.0862288216135 386.79066345501326
0.998917572186119 20
0 360.08482599046954 360.9920276507651 0.168312199995853
0.999150662536114 20
1 321.30969957106987 323.87369483192697 0.12128260001190938
0.9992122399127159 20
2 279.4002102088 282.0327169855784 0.09725760002038442
0.9986248925616594 20
3 249.13987276458414 248.0685797032658 0.10948909999569878
0.9860864088016676 20
0.9990738589376491 80
4 226.65026043836139 224.95887428723842 0.31768690000171773
0.8488347479115115 20
0.9956000270472823 80
5 87.10966298182751 80.76313868632057 0.25941420000162907
0.7629081356393179 20
0.9638345453679771 80
0.9899299270638114 140
0.9955713199065406 200
6 44.00957879136206 40.5961539753473 1.2381082999927457
0.6004082096931402 20
0.9618534605008717 80
0.9851780355268054 140
0.9919307473406985 200
7 23.174918594748718 21.279611667816667 1.0389917999855243
0.5465635342853332 20
0.9270525222112701 80
0.9738297560300077 140
0.9828636935875777 200
1.0 204
8 10.809400722248633 10.888374282102246 0.8893322000221815
0.862136282244022 20
0.9619328736012811 80
0.9862161760099856 140
0.9900666813625881 200
9 7.585627537641542 7.735915913522636 1.169931699987501
0.43782477966608024 20
0.8265605905427528 80
0.8971643084814407 140
0.9135817121908815 200
0.9999999999999998 204
10 4.908546062755531 4.542003865538774 1.2653452999948058
0.80498071169513 20
0.953404912565473 80
0.97862430792747 140
0.9858443063467531 200
1.0000000000000007 204
11 3.463763216138417 2.9033201591712663 1.1397053000109736
0.8802515104339099 20
0.9806785894276536 80
0.9895095981281791 140
0.9935936078111586 200
12 2.9368066542561797 2.3137262437025927 1.0053597999794874
0.6997719934869345 20
0.8323544027856202 80
0.8669318891744277 140
0.8807467024826295 200
1.0000000000000004 204
13 2.3715607311861824 1.7573676472316013 1.600907999993069
0.9297059827645101 20
0.9797293464482836 80
0.9910913012201141 140
14 2.1868066236044075 1.579196234863821 0.6369412000058219
0.255757257678161 20
0.34616544172742325 80
0.3874970538233047 140
0.5660051866049142 200
0.9999999999999999 204
15 1.8895199132961926 1.2886538413973412 1.2399769000185188
0.9825944182312222 20
0.9948677037800785 80
16 1.8326338700082234 1.237599262175774 0.2646459999959916
0.0730715815581946 20
0.09599134972961358 80
0.33837380449508103 140
0.5004490700758908 200
1.0 204
17 1.6264730441876043 1.0427455340059553 1.3298902999958955
0.9557207660372755 20
0.9830151799004686 80
0.9868149177386843 140
0.9889774470050882 200
1.0000000000000002 204
18 1.449599727241466 0.8535500843955861 1.1940341000154149
0.9320965279177713 20
0.9759513265119357 80
0.9806847502632489 140
0.98335302365287 200
0.9999999999999999 204
19 1.308206042199271 0.7378997892657355 1.138557900005253
0.9424276994907241 20
0.983493178798275 80
0.9863005293579594 140
0.9876174912404436 200
1.0 204
20 1.1936625475716356 0.5985431211902306 1.0250731999985874
0.9672052010158618 20
0.9859756053081398 80
0.9883422065594588 140
0.9898049441985026 200
1.0000000000000007 204
21 1.1050604549643293 0.5392771741023149 1.0083222000102978
0.9412897804934851 20
0.9872352671039997 80
0.9890134077238703 140
0.9899901505545892 200
1.0000000000000009 204
22 1.026050885391978 0.44447771172890904 1.1473674000008032
0.9431999664275054 20
0.9776250883133203 80
0.9812288889092309 140
0.983277652340324 200
1.0 204
23 0.9681734586100862 0.39361624801210426 1.2720035999955144
0.9490321194153029 20
0.986172695340614 80
0.9884837261285098 140
0.989659542773762 200
0.9999999999999994 204
24 0.914780647847777 0.33567172182517835 1.2142241999972612
0.9470837049271589 20
0.9745778848906786 80
0.9780430469534881 140
0.9793132590532339 200
1.0000000000000004 204
25 0.8782557705308848 0.3005673382468898 1.1663628999958746
0.9418696072363675 20
0.9777644569526582 80
0.9800883145610092 140
0.9815810100147154 200
0.9999999999999999 204
26 0.8465615561184004 0.26642562770484457 1.0823533000075258
0.8957254282883307 20
0.9427764602116654 80
0.9466650003249326 140
0.9485294619779825 200
1.0 204
27 0.8212073327694801 0.24050035694802194 0.9919541999988724
0.9394801012391094 20
0.9750872561327549 80
0.9775094828007757 140
0.9788195356821455 200
1.0000000000000004 204
28 0.7978622098191621 0.2162486168047073 1.2239467999897897
0.7488847582927779 20
0.869529330214191 80
0.8796399141286103 140
0.8840935322243229 200
1.0000000000000002 204
29 0.778563824377167 0.195464443360192 1.2769782000104897
0.9435787502490969 20
0.975208056829249 80
0.9776488188921386 140
0.9788884916201266 200
1.0 204
30 0.7608854678330771 0.17776723859975932 1.4608750000188593
0.8298075012823606 20
0.8925464567542486 80
0.9026303288202993 140
0.9055617154179317 200
1.0 204
31 0.7461405424396801 0.16222221529670144 1.3287742999964394
0.9252203106412019 20
0.9666722028675686 80
0.969272854305921 140
0.9707034999915906 200
1.0 204
32 0.7328420979570516 0.14891735515976298 1.0641362000023946
0.8769369867303608 20
0.9173505067878149 80
0.9234510613522814 140
0.9254945494669302 200
1.0000000000000007 204
33 0.7214219711288796 0.13712285369968985 1.2064739000052214
0.9201981015634724 20
0.9630948888620193 80
0.9650742258682841 140
0.966216363403954 200
0.9999999999999992 204
34 0.7110248322751533 0.12679943692628773 1.0267163999960758
0.8994484748168516 20
0.9321122505661413 80
0.9355829398362959 140
0.937415154313249 200
1.0 204
35 0.7019907708759847 0.11807699808415885 1.2816202999965753
0.9231138626708697 20
0.9612073613100337 80
0.9628972380798605 140
0.9637745915430808 200
1.0 204
36 0.6937313029628019 0.10955134352762244 1.0535602000018116
0.8929186423909742 20
0.9281457279945369 80
0.93107585560684 140
0.9329280180708904 200
0.9999999999999999 204
37 0.6865519421205061 0.10357153997963758 1.0668128999823239
0.9157562158445407 20
0.9535563063735006 80
0.9553740208923629 140
0.9561552520248678 200
1.0000000000000004 204
38 0.6800041382671339 0.09609681716090271 1.3888193000166211
0.8866274630010004 20
0.9246205370997231 80
0.9274284055492021 140
0.9290140569635883 200
1.0000000000000002 204
39 0.6742321518407125 0.09214256092949194 1.3032600000151433
0.9156349338869628 20
0.9509193442432192 80
0.9526009310731661 140
0.953244916729403 200
1.0000000000000002 204
40 0.6689812830106844 0.08556500810467352 1.2412689999910071
0.8899656796159251 20
0.9257752770499803 80
0.9282787966064997 140
0.9295612804958929 200
0.9999999999999996 204
41 0.6642849222792118 0.08278753031948738 1.3127922999847215
42 1.0087825523819665
-------------------------------------------------END------------------------------------------------------
------------------------------------Krylov only---------------------------------------------------
387.0862288216135 386.79066345501326
0.9999999999999994 21
0 354.2311281181844 356.1139730068781 0.27786979998927563
1.0 21
1 307.71423868463455 309.65747742804626 0.29233269998803735
1.0000000000000009 21
2 216.06998293537913 215.76214446324278 0.29963429999770597
0.9999999999999993 21
3 178.44160962957946 178.12813348243438 0.3786127000057604
0.9999999999999992 21
4 138.23147933106966 137.68043073147538 0.357569899992086
1.0000000000000004 21
5 47.42393108829854 49.46827387099761 0.27542709998670034
1.0000000000000007 21
6 15.827608803641048 15.926301292768068 0.2901177000021562
1.0000000000000004 21
7 6.078627271735872 5.833596519778102 0.39091390001703985
0.9999999999999988 21
8 3.45619986607636 2.7963754522413478 0.295199699990917
1.0000000000000004 21
9 2.4112081490527855 1.8242665315109716 0.2938610000128392
0.9999999999999992 21
10 2.0162064881776796 1.4262883718351922 0.2883115999866277
0.9999999999999998 21
11 1.777961350773618 1.1749588293950954 0.27877609999268316
1.0000000000000016 21
12 1.6277753078284687 1.0395109936550608 0.2901299000077415
1.000000000000001 21
13 1.5173207231835997 0.9121773289237934 0.2823925999982748
1.0000000000000009 21
14 1.4323694377626732 0.838891767078175 0.28351420001126826
1.000000000000001 21
15 1.3653297980666714 0.760547702937515 0.3010078000079375
0.9999999999999997 21
16 1.3065710195325713 0.7133064724222763 0.2753934000211302
0.9999999999999997 21
17 1.2555676166449974 0.6512061555926575 0.2781990999937989
0.9999999999999998 21
18 1.2105643526566072 0.6149887123871706 0.2698952999780886
0.9999999999999993 21
19 1.1744016703758353 0.5684222413164615 0.2712490000121761
1.000000000000001 21
20 1.1422568700820503 0.5458862830340441 0.2927397000021301
0.9999999999999999 21
21 1.114860391410064 0.5090873332944458 0.28221199999097735
1.0000000000000009 21
22 1.0902399026064835 0.49368783000185384 0.2867586000065785
1.0 21
23 1.0678804031412323 0.4613376731625796 0.27399240000522695
1.0000000000000002 21
24 1.047715421046118 0.451306062739946 0.27904369999305345
1.0000000000000002 21
25 1.0285700740998402 0.42244338811672744 0.28297939998446964
0.999999999999999 21
26 1.0112225884781738 0.4134341135784449 0.2860178000119049
0.9999999999999997 21
27 0.9947260900545559 0.38664679889350817 0.2724541999923531
1.0000000000000007 21
28 0.9800001571882775 0.37990856128582695 0.2834074000129476
1.0000000000000009 21
29 0.9656191005170571 0.356802267075131 0.2656956999853719
1.0 21
30 0.9525923616158125 0.3517450031321033 0.2696126999799162
0.9999999999999996 21
31 0.9409232960011977 0.33290842248296126 0.27936610000324436
1.0000000000000004 21
32 0.9305462729190731 0.3279511691609658 0.28227749999496154
0.9999999999999994 21
33 0.9206122835819238 0.3120909933002398 0.27257480000844225
1.0000000000000016 21
34 0.9114442176342874 0.30694526800080146 0.2778998000139836
1.0000000000000024 21
35 0.9026510206844442 0.2933677879398325 0.2632613999885507
0.9999999999999998 21
36 0.8942291467118737 0.2874457304862026 0.27183559999684803
0.9999999999999993 21
37 0.8860963287764642 0.2758473352878842 0.29106550000142306
1.0000000000000004 21
38 0.8790479933929309 0.2721420050476365 0.28060229998664
1.0000000000000002 21
39 0.8720201525016142 0.2614611092768758 0.27507319999858737
1.0000000000000013 21
40 0.8657599615275696 0.2582027429598503 0.2912228000059258
1.000000000000001 21
41 0.8595783794987979 0.2492757535746777 0.4372201999940444
1.000000000000001 21
42 0.8539381989039648 0.24644895423989932 0.4314048999804072
0.9999999999999997 21
43 0.8486669768534821 0.238325989324929 0.28491030001896434
1.0000000000000018 21
44 0.8438090482937987 0.23642120030769267 0.2830213999841362
45 0.29482349333185187
-------------------------------------------------END------------------------------------------------------
26
------------------------------------Randomized only---------------------------------------------------
455.6035221839752 455.8946565478146
0.9989995978859042 20
0 416.4513565600156 417.4756995771239 0.097939100000076
0.9992671883931671 20
1 359.95556955709293 362.1286909023497 0.104258800012758
0.9994410741556479 20
2 298.30974328876454 301.2562515297773 0.1091417999996338
0.9993904997616618 20
3 255.12862607568718 255.79804300130957 0.10202890000073239
0.9974183802783156 20
4 230.79407875565332 227.78525592901832 0.11563919999753125
0.9927000999497593 20
5 176.8786140119045 172.5689912355151 0.19190549998893403
0.9537662961385334 20
0.9958073238749987 80
6 121.84288354083989 116.41678100014089 0.5152751000132412
0.9327566257301338 20
0.9922962228062164 80
7 84.51231080413244 82.97677860577465 0.27549860000726767
0.9211462308667154 20
0.9813211445750811 80
0.9939057385214481 140
8 55.88926317175627 53.74959415204499 0.6239077000063844
0.9510769116747999 20
0.9936738666851651 80
9 39.86634885843701 38.18481681783539 0.2769239000044763
0.923534523639142 20
0.9822460593046237 80
0.9908461479303656 140
10 29.38892975802006 28.553835363169064 0.5995182000042405
0.9327746910618808 20
0.9830144327488678 80
0.9892283989309913 140
0.9935689695241383 200
11 20.52928964682774 20.505924846128295 1.9311774000234436
0.9339150802108686 20
0.9875058168770399 80
0.9925903418021875 140
12 15.344972108141967 15.25088023191716 0.7272494000208098
0.8856005821592169 20
0.96347174389805 80
0.9715554435362477 140
0.9837218786952495 200
1.0000000000000009 204
13 12.525604144471197 12.09405735352488 2.263591599999927
0.8969634524458459 20
0.9961310929188842 80
14 7.587986075165294 7.255285426291671 0.3320371999870986
0.8861428354856588 20
0.970289981618056 80
0.9833874458566488 140
0.990574832384118 200
15 5.968817122537971 5.622699556333104 1.094986300013261
0.9486421175186469 20
0.9832066724956289 80
0.9879803512687501 140
0.9908430124902738 200
16 5.09706324992335 4.63842595819512 1.9485913999960758
0.8792706842364971 20
0.9654693342685409 80
0.9733299947339162 140
0.9777343039861937 200
0.9999999999999998 204
17 3.8065287713777276 3.308154870419331 1.5341882000211626
0.9870783191356474 20
0.9985467931060499 80
18 3.2794259256178577 2.7472184826789023 0.4169893999933265
0.5373542206693468 20
0.6496074813490892 80
0.8056368176940175 140
0.8751167981280905 200
1.0 204
19 3.1579049672581796 2.6178027434968034 1.9559734000067692
0.9733335156338274 20
0.9969200149634468 80
20 2.3435092097989365 1.766593685757543 0.5140978000126779
0.8938312755467842 20
0.921514902689657 80
0.9746625775646379 140
0.9856188857840935 200
1.0000000000000004 204
21 1.974044471470703 1.4932726763947761 3.487280200002715
0.9806098748165637 20
0.997002816727593 80
22 1.8107801469040075 1.324191578741737 0.34893139998894185
0.3260248587717645 20
0.3468578407077263 80
0.5987936477736457 140
0.6956546999981483 200
0.9999999999999999 204
23 1.588313530988152 1.0404993296196199 1.7483511999889743
0.9904468083767233 20
24 1.5584828007069647 1.007930210340725 0.12996469999779947
0.0006622331233233246 20
0.8757727515959309 80
0.9340111533961531 140
0.951077950045684 200
1.0 204
25 1.3822035965679653 0.8104265145757643 1.1487095999764279
0.9949344196302358 20
26 1.3416734843767704 0.7723408973527504 0.11358030000701547
0.0011426688521339113 20
0.730095715205865 80
0.8450432384473044 140
0.8822560661449138 200
1.0 204
27 1.22176863148137 0.6391919719277276 1.4296286000171676
0.9955774295106167 20
28 1.1994771438256817 0.6160656147806342 0.10294410001370125
0.0010417611191135198 20
0.7667229477305488 80
0.8739425694069564 140
0.903858294293077 200
1.0000000000000002 204
29 1.0976591869504135 0.5110528162073127 1.1361359000147786
0.9949042737501053 20
30 1.0777741779030667 0.4915938334275248 0.10304509999696165
0.0005753061343088369 20
0.8061519208564217 80
0.8723045558053909 140
0.9063000580354793 200
1.0 204
31 1.0058722591866724 0.40395105877496335 1.12796030001482
0.9953285854445804 20
32 0.9928597697740886 0.385636676633455 0.10514090000651777
0.00023187331726047208 20
0.7604560295081292 80
0.845073616204665 140
0.8752158189165501 200
1.0 204
33 0.942327924418749 0.33819289315649914 1.4563739000004716
0.9972647621670963 20
34 0.9253107931993698 0.32328430855735624 0.10654370000702329
0.0010735444190791946 20
0.7922999619912282 80
0.8699384386400436 140
0.9005185560442486 200
0.9999999999999992 204
35 0.8868874490629627 0.2868381759425352 1.2742128999962006
0.994677702838487 20
36 0.8746716857606345 0.2717489095307923 0.09241740001016296
0.0003137539656077754 20
0.843739314521279 80
0.9274210691314781 140
0.9435937466830804 200
0.9999999999999997 204
37 0.8419189194654986 0.25080958067002684 1.2235022999811918
0.9963927351230925 20
38 0.8303252102388009 0.24001775486306337 0.10580069999559782
0.0016129141032960334 20
0.8273771287580775 80
0.8975215882572158 140
0.918587486605205 200
1.0 204
39 0.8004855262772644 0.20573198446896485 1.0068936000170652
0.9971511767811667 20
40 0.7959014588573015 0.2003119560934045 0.10822199998074211
41 0.7825989682957099
-------------------------------------------------END------------------------------------------------------
------------------------------------Krylov only---------------------------------------------------
455.6035221839752 455.8946565478146
1.0000000000000002 21
0 412.98503308079273 415.6567161544095 0.28543249997892417
1.0000000000000002 21
1 348.02206472472034 350.83976975452487 0.3233294000092428
0.9999999999999999 21
2 251.5554979047453 245.83208563059864 0.3953087999834679
1.0000000000000007 21
3 188.09780722633852 182.27591366853454 0.3993997999932617
1.0000000000000004 21
4 141.8573280781255 139.15658379522984 0.3268806000123732
0.9999999999999996 21
5 137.20675212915106 137.1797060344948 0.27732739999191836
1.000000000000001 21
6 38.692246890465924 37.249720948900375 0.27779259998351336
1.0000000000000007 21
7 12.627901077747152 12.49705447539622 0.27993360001710244
1.000000000000002 21
8 6.497932255044549 6.100253135227415 0.2778198000160046
1.0000000000000004 21
9 3.1027109045008605 2.312907178849973 0.2920400000002701
1.0000000000000002 21
10 2.414093264511251 1.6702432720168847 0.29011020000325516
0.9999999999999997 21
11 2.0014967196998557 1.2018475852959256 0.27819919999456033
0.9999999999999996 21
12 1.8483284090558867 1.1211556464411492 0.28798369999276474
1.0000000000000009 21
13 1.7702218234381972 0.9881370372017196 0.27595989999827
1.0000000000000009 21
14 1.5731869235068494 0.869985224644019 0.28724169998895377
1.0 21
15 1.4453713865768891 0.726040778099595 0.27058329997817054
0.9999999999999998 21
16 1.3515186719639711 0.6920350367054701 0.2905286999884993
1.0 21
17 1.2835849030488036 0.6059060768365119 0.2847636000078637
1.0000000000000002 21
18 1.2319508917148467 0.5872613393668284 0.27762469998560846
0.9999999999999999 21
19 1.1825144047002796 0.5254992202400964 0.2956613000133075
1.0 21
20 1.1417141195545033 0.5084494868138307 0.29125109998858534
0.9999999999999998 21
21 1.1054895678389218 0.46104680478207255 0.28597460000310093
1.0000000000000013 21
22 1.0700512820185268 0.4444237171948664 0.2947379999968689
1.0000000000000002 21
23 1.0437158264671267 0.40673536806930966 0.2809371000039391
0.9999999999999996 21
24 1.0124543016207113 0.39176976317839446 0.27268890000414103
0.9999999999999994 21
25 0.9894470954903598 0.35751721888358245 0.26919079999788664
0.9999999999999992 21
26 0.9601721097070158 0.3440089979859111 0.27993670001160353
1.0000000000000002 21
27 0.9415598103240671 0.3176194354225138 0.28427750000264496
1.000000000000002 21
28 0.9242308555781168 0.31005836356315414 0.288676399999531
1.0000000000000007 21
29 0.9098162777586802 0.29007919803343846 0.2762255000125151
1.0000000000000013 21
30 0.8957848471563032 0.28422585973749176 0.2791045999911148
1.000000000000002 21
31 0.8824683821696262 0.26669610070468663 0.281898099987302
0.9999999999999994 21
32 0.871767612195404 0.26337092006494167 0.2792492000153288
0.9999999999999998 21
33 0.8615913713370547 0.24828319921703143 0.28310380000039004
0.9999999999999998 21
34 0.8519160223292874 0.24560303357905497 0.27667579997796565
0.9999999999999994 21
35 0.8429281225473773 0.2319210829981386 0.2788615000026766
1.0000000000000004 21
36 0.8349801147792995 0.22927261797040216 0.27976530001615174
1.0000000000000009 21
37 0.8270814787946196 0.218622236776084 0.27680140000302345
1.0000000000000009 21
38 0.8194150237561544 0.21568388992228096 0.4384388000180479
1.0000000000000002 21
39 0.8132632438505156 0.20591315126763687 0.2821663000213448
0.9999999999999992 21
40 0.8070423270601434 0.20391842558144804 0.2735060999984853
1.0000000000000004 21
41 0.8011897891985988 0.19536865513360438 0.28560079997987486
1.0000000000000004 21
42 0.7957915392586608 0.1943357101018236 0.46790540000074543
0.999999999999999 21
43 0.7905494911699447 0.18594140448796068 0.3147099000052549
1.0000000000000009 21
44 0.7857668697010075 0.18470100666973827 0.4539109999896027
45 0.3011003422214546
-------------------------------------------------END------------------------------------------------------
27
------------------------------------Randomized only---------------------------------------------------
421.13821660908286 423.64654026227555
0.9984159713012074 20
0 388.1924048801179 391.1755898616886 0.10642490000464022
0.9989769541527271 20
1 340.2473731152035 343.73759277205124 0.16342669998994097
0.9994266893890411 20
2 288.1151499591119 292.1494130706228 0.10843279998516664
0.9995081762262114 20
3 252.69838851678944 253.9881734921093 0.11035900001297705
0.9902780729932618 20
4 216.36275339047117 212.5721355190617 0.11027000000467524
0.9625172375828512 20
0.9979063332330345 80
5 132.55414159696593 127.09257521697542 0.26252609997754917
0.8870843850490965 20
0.9864824674917413 80
0.9941775683194248 140
6 69.79242427625402 64.22787543093533 0.5974390999763273
0.7866550205270528 20
0.9626934825225961 80
0.984345976821528 140
0.9944314474604233 200
7 33.34827349923779 31.2795126716113 0.9625720999902114
0.8261264249192118 20
0.9633229900828744 80
0.982844255006448 140
0.9906412429409445 200
8 19.6550886651798 19.02233898262067 1.0481222000089474
0.6947796272994085 20
0.9405874487917453 80
0.9695352982286919 140
0.978714759593127 200
1.0 204
9 10.899841456354546 10.57701478630253 1.4169727000116836
0.9163386867387658 20
0.9823358214377835 80
0.9924535663545268 140
10 8.079567801414907 7.692461873860737 0.5223721000074875
0.5317854651184563 20
0.7706699420069582 80
0.8412980415815873 140
0.8985777759513632 200
1.0 204
11 5.306677681517059 4.900378229131919 1.1875676999916323
0.9231506280609153 20
0.9862018955578403 80
0.9927586764565547 140
12 4.413810087665014 3.745814795487124 0.5861742999986745
0.6935572701822851 20
0.8038566480824708 80
0.833611784159208 140
0.8866565014757811 200
0.9999999999999998 204
13 3.3027576578892 2.742077279847402 2.6522471999924164
0.9165696025175987 20
0.9879671560205381 80
0.9932408809210262 140
14 2.968777053536865 2.358750171103965 0.817686299997149
0.3852393848229326 20
0.5725358657609433 80
0.6142468165924467 140
0.7262912221617128 200
0.9999999999999998 204
15 2.3459488553488095 1.6693205345096995 1.727820200001588
0.8113226905372201 20
0.9619900128254976 80
0.9755368721601009 140
0.9810998874633264 200
1.0000000000000002 204
16 1.8712022422790457 1.2070601508286545 1.024832900002366
0.9158301818899203 20
0.9718297348329973 80
0.9770409950665216 140
0.9824953420204046 200
0.9999999999999989 204
17 1.5641163082790117 0.9533760243605137 1.1529819999996107
0.8488174906494041 20
0.9580584872099586 80
0.9663830390273985 140
0.9715858078057906 200
0.9999999999999998 204
18 1.3408182770715833 0.6999993503840343 1.053722699987702
0.9424309122933039 20
0.9841068741722744 80
0.9874132781553703 140
0.9894723512276369 200
1.0000000000000002 204
19 1.1814252488769712 0.5859298257122586 1.3365370999963488
0.939714488600957 20
0.9680699438791879 80
0.9739115683436924 140
0.976160972108372 200
1.0000000000000004 204
20 1.0586421914983473 0.4684061730826446 1.2215390999917872
0.8342786206547789 20
0.9523367584311174 80
0.9612297734661586 140
0.9662340447925766 200
1.0000000000000007 204
21 0.9702325218432201 0.39366344758088984 1.2437148000171874
0.9633785750788993 20
0.9833622766283864 80
0.9856498553649098 140
0.9866945590788537 200
1.0000000000000004 204
22 0.9004199607927543 0.319986233625031 0.9489646999863908
0.9039811215734768 20
0.9708634812201116 80
0.9770520753106535 140
0.9802225206302175 200
0.9999999999999997 204
23 0.8463420964925923 0.26682272841693444 1.0402981000079308
0.9742711254847553 20
0.9851777917912767 80
0.9862336296548001 140
0.9870144764078631 200
1.0 204
24 0.8041216576529712 0.22647440795519946 1.0629786000063177
0.9456370562732666 20
0.9843236884339557 80
0.9866847157667983 140
0.9880577153577795 200
1.0000000000000007 204
25 0.7696120641435887 0.18869827033867614 1.1172445999982301
0.9689344543000012 20
0.9819825338762457 80
0.9830640362457883 140
0.983807088534528 200
1.0 204
26 0.74215988040506 0.16774562975882754 1.185166900017066
0.9065921402593865 20
0.9569275356599396 80
0.9601963644894009 140
0.962213230622954 200
1.0000000000000004 204
27 0.7216788047262277 0.14411136168671748 1.3437061000149697
0.9572811809512554 20
0.9813798833880265 80
0.9825617864794307 140
0.9833013185865273 200
0.9999999999999999 204
28 0.7048248299331681 0.13118598623445835 0.9641182000050321
0.9094718352077886 20
0.9441756566439694 80
0.947466303075815 140
0.9493811357964945 200
0.9999999999999999 204
29 0.6913891443521163 0.1151625911957857 1.2412462999927811
0.9207647815474804 20
0.9619800488677793 80
0.964727884386879 140
0.9662004564780544 200
0.9999999999999997 204
30 0.6804570091745246 0.10622257210043638 1.1279619999986608
0.9489983198663059 20
0.9626769783402344 80
0.965032027373478 140
0.9661611316046583 200
0.9999999999999999 204
31 0.6716081723373895 0.09601044165300045 1.1663961999875028
0.9317666521720551 20
0.9731878226440663 80
0.9751907992399975 140
0.9761082603435958 200
0.9999999999999998 204
32 0.6643881990059318 0.08981994871950408 1.167377600009786
0.8973647849042545 20
0.9500555283383098 80
0.9534562839783587 140
0.9549501215415092 200
1.0 204
33 0.6585633946069548 0.08277065584420935 1.1521204999880865
0.9492471055232642 20
0.9856471493675446 80
0.9866239148516427 140
0.9871387305916542 200
1.0000000000000004 204
34 0.6536075355128856 0.07893029765410066 1.3501647000084631
35 0.9794710428562082
-------------------------------------------------END------------------------------------------------------
------------------------------------Krylov only---------------------------------------------------
421.13821660908286 423.64654026227555
1.0000000000000002 21
0 380.39884253290495 384.2548459502224 0.2660825000202749
1.0000000000000007 21
1 303.1373404243019 303.3485403518656 0.2921409999835305
0.9999999999999993 21
2 296.8622653290637 294.55838517858786 0.2811263999901712
0.9999999999999999 21
3 215.50682534628837 209.85128763898894 0.2892959000018891
0.9999999999999994 21
4 123.45240638434899 132.29372766216247 0.28540270001394674
1.0000000000000004 21
5 67.73902973370294 68.44370697614133 0.2884245000022929
0.9999999999999991 21
6 22.162073669575697 21.956390213442237 0.2860559000109788
1.0000000000000009 21
7 9.20529160753898 9.191355814837024 0.2791471999953501
0.9999999999999999 21
8 4.008212322036622 3.4975095561030107 0.2869689999788534
1.0000000000000004 21
9 2.9350925504066723 2.4284405373012623 0.2694791999820154
1.0 21
10 2.2727315683189158 1.692553726365679 0.2725388999970164
1.000000000000002 21
11 1.9718754706106763 1.3897949779307395 0.2840213000017684
1.0000000000000002 21
12 1.776660141146429 1.1865270440938025 0.2792769999941811
1.0000000000000009 21
13 1.6224381649244044 1.037279416119617 0.27306989999487996
1.0000000000000002 21
14 1.500592469001349 0.9226871666573666 0.2680411000037566
0.9999999999999998 21
15 1.3949937345272834 0.8182119667232969 0.26933169999392703
1.0000000000000007 21
16 1.3062266873953532 0.7374492237770337 0.2711249999993015
1.0000000000000004 21
17 1.2309726899217313 0.6553229153856615 0.2905001000035554
1.0000000000000007 21
18 1.1661445743048247 0.5901783886391383 0.290369099995587
0.9999999999999996 21
19 1.1112631177887307 0.5323210083125525 0.27450020000105724
0.9999999999999997 21
20 1.0623287359605411 0.47685163579429424 0.28479380000499077
1.000000000000001 21
21 1.0209869110288212 0.43849825318179003 0.2810927999962587
1.0000000000000002 21
22 0.9839501799044563 0.3924651572616533 0.2809341000101995
0.9999999999999998 21
23 0.9524424628265933 0.3688093857440517 0.2789980000234209
0.9999999999999997 21
24 0.9243069627377994 0.33241265308541823 0.26387549997889437
0.9999999999999998 21
25 0.8995625779667982 0.3153319126158191 0.2663416999857873
0.9999999999999994 21
26 0.8773172584248332 0.2874963247815092 0.27110879999236204
0.9999999999999999 21
27 0.8572059827818186 0.27246049387946847 0.27007979998597875
1.0000000000000022 21
28 0.8389532869949106 0.2515286052944727 0.2754627999966033
0.9999999999999991 21
29 0.8222178393944832 0.23695353705042824 0.28244049998465925
1.0000000000000004 21
30 0.8070055599072602 0.22155169317571943 0.2769284000096377
1.0 21
31 0.792939851254751 0.20719900512745074 0.2763033999945037
0.9999999999999993 21
32 0.7801334815317046 0.1960391896186909 0.28007889998843893
0.9999999999999998 21
33 0.768309323461231 0.18224371562682756 0.2794912999961525
0.9999999999999984 21
34 0.7576308543330906 0.1743539478054571 0.2633235999965109
1.0000000000000007 21
35 0.7478675222164238 0.16179886836006185 0.2795211000193376
1.0000000000000022 21
36 0.738927828189442 0.15597771915945427 0.2827604999765754
1.0000000000000002 21
37 0.7308140527395808 0.1450139235701105 0.28067639999790117
0.9999999999999996 21
38 0.7233692838383842 0.14068020493219893 0.28195299999788404
1.0000000000000007 21
39 0.7166450641880183 0.13113763656084204 0.285812399990391
0.9999999999999994 21
40 0.7103356347663851 0.12770088668375468 0.26715600001625717
1.0000000000000016 21
41 0.7047658295251191 0.11954131228557122 0.2712119000207167
1.0 21
42 0.699952337359474 0.11767624246180214 0.28261389999534003
43 0.2781362139517008
-------------------------------------------------END------------------------------------------------------
28
------------------------------------Randomized only---------------------------------------------------
409.2071704420243 411.27364714528926
0.9987967671282368 20
0 377.97307471042836 380.98321181661333 0.1038735999900382
0.9990098066586126 20
1 332.7920762932041 336.9059831186791 0.09267990000080317
0.9991957179304689 20
2 283.5201776545003 287.82017535420937 0.10175319999689236
0.9986424895056248 20
3 249.52840549295732 250.54998090676435 0.09857430000556633
0.9891136987606202 20
0.9991162554517556 80
4 234.73329962933605 234.1178193797542 0.3339313000033144
0.8358278635012711 20
0.9939101129962676 80
5 114.18584824965224 109.5779405902682 0.270918399997754
0.7964080918127349 20
0.9866221331459055 80
0.9957702708360816 140
6 51.72135707517392 48.89507962336334 0.6761089999927208
0.6477022901904865 20
0.954676593114651 80
0.9825019856951821 140
0.9926532184794189 200
7 27.593685361622814 25.17932413138135 2.3069015000073705
0.7778271248905576 20
0.972992706451505 80
0.9889712215034085 140
0.9930125015323252 200
8 15.817583256607952 14.801441822562166 2.075003000005381
0.6946725362595667 20
0.9292393232467496 80
0.9603809273026891 140
0.9721373534491982 200
1.0000000000000004 204
9 10.153241181140865 9.473910751979227 2.6882003999780864
0.9351920015616839 20
0.9917885663422995 80
10 6.88793184190388 5.985773526273823 0.3904751999943983
0.6983923209235382 20
0.8368674607046453 80
0.9201278406411871 140
0.9532891753645752 200
1.0000000000000004 204
11 5.283209223334061 4.446902606291994 3.9365688000107184
0.9881582507043802 20
0.9991099075447177 80
12 3.9066823920739515 3.0723036555868894 0.3809008999960497
0.8117750240875957 20
0.8691329292807066 80
0.9251803035297262 140
0.9485586348828392 200
0.9999999999999993 204
13 3.229633321942616 2.605300673023376 1.9052659000153653
0.985155797442649 20
0.9989231505464915 80
14 2.743225509680197 2.1216930066033854 0.3810671000101138
0.6496183537678183 20
0.6630177164026599 80
0.8508754116780871 140
0.9066644988816901 200
1.0 204
15 2.2949007172713185 1.6891948967021786 2.2278858000063337
0.9278444818842714 20
0.9929027451715605 80
16 2.1839109127066942 1.5318631740821294 0.4271020000160206
0.07112366012723885 20
0.0939743525749722 80
0.3859930462547065 140
0.5783345590898926 200
0.9999999999999999 204
17 1.9651404353873207 1.339765422357164 1.634428300021682
0.9936803711768027 20
18 1.8294407004564017 1.2249309279533291 0.15625770000042394
0.18977651488885677 20
0.8571405207666639 80
0.9297321623361986 140
0.9458651394816341 200
1.0000000000000002 204
19 1.585948647005323 1.0009614396625075 1.2240571999864187
0.9506148911228011 20
0.9929920414193796 80
20 1.519841056871094 0.9126894261296393 0.2909844000241719
0.24803898776442954 20
0.26017437975612706 80
0.5035474620115691 140
0.603225667556587 200
0.9999999999999996 204
21 1.37668593916188 0.7643095403404643 1.6388781999994535
0.9918796026950107 20
22 1.3327143926890994 0.7127446643902435 0.10603059999994002
0.07647265724838644 20
0.8489867125159417 80
0.9078868548265444 140
0.9241322472512102 200
1.0000000000000009 204
23 1.207952561226401 0.6305963817028657 1.687650699983351
0.9846529860380869 20
0.9980367207993546 80
24 1.1777148621282152 0.5899896736975417 0.2664231000235304
0.04084101574023483 20
0.049311511148299535 80
0.24686934602494257 140
0.367380968052384 200
1.0000000000000002 204
25 1.0793520132725543 0.4831992739107586 1.099787599989213
0.9876298756861008 20
0.9974533298958287 80
26 1.0711565337895252 0.47624465853760656 0.28685289999702945
0.10168106302781804 20
0.10549508340748487 80
0.23602991457722552 140
0.32462132788611464 200
1.0000000000000004 204
27 0.9905585826935872 0.4016126485456823 1.1410769000067376
0.9744712709442974 20
0.9953146299689751 80
28 0.9758072044199504 0.37809883450042225 0.279862299998058
0.009823751352937225 20
0.011104596373087468 80
0.19818761852092584 140
0.28532447851240755 200
1.0000000000000007 204
29 0.9133512982057364 0.3177047792115229 1.0614439000200946
0.9779323149335223 20
0.996570514571002 80
30 0.9048106284803275 0.31067813762889573 0.2663753999804612
0.013633724174789252 20
0.014593160324036758 80
0.15593195010897531 140
0.267307090096517 200
1.0 204
31 0.8582461455461445 0.2595019362623457 1.3348696999892127
0.9881810598802314 20
0.9976356882553229 80
32 0.8500457524502028 0.2505998673995688 0.2729043000144884
0.006039627845442153 20
0.006545012259812803 80
0.24532629318430801 140
0.3433802063875154 200
0.9999999999999992 204
33 0.8158335014103439 0.22450139424995877 1.2001746000023559
0.9818902105898683 20
0.9968317467936973 80
34 0.8123093030934564 0.22179997026394468 0.28552159998798743
35 0.9323082771443296
-------------------------------------------------END------------------------------------------------------
------------------------------------Krylov only---------------------------------------------------
409.2071704420243 411.27364714528926
1.0 21
0 374.45421969641217 377.1434125756148 0.27357250000932254
0.9999999999999998 21
1 317.00790690568834 320.2785189694419 0.2692699999897741
1.0 21
2 289.3503400352233 279.28346672739264 0.2822446000063792
1.0000000000000002 21
3 202.05191195261838 192.09119545733887 0.2714045000029728
1.0 21
4 93.86639353379952 92.39525896124242 0.27508120000129566
1.0000000000000004 21
5 47.6918872936292 47.196666461759904 0.28487350000068545
0.9999999999999996 21
6 30.603717478538666 30.6029501184049 0.274165599985281
1.0000000000000002 21
7 9.651437643690093 9.461103455305372 0.26996360000339337
0.9999999999999992 21
8 4.501181776303771 4.291709970859618 0.28486610000254586
1.0000000000000007 21
9 3.2192754781211037 2.714417941785174 0.2833024999999907
0.9999999999999999 21
10 2.7635650522167237 2.3730749623051053 0.27365660000941716
1.0000000000000007 21
11 2.361581225117745 1.877894634967875 0.2831012000096962
1.0000000000000013 21
12 2.144972890773534 1.7335109013513879 0.27847940000356175
1.0000000000000004 21
13 1.9689097653318681 1.4927845728193343 0.26704639999661595
0.9999999999999983 21
14 1.8252446579130381 1.3794885022654622 0.28243160000420175
1.0000000000000002 21
15 1.7070025855679432 1.2178189122963545 0.2850670000188984
0.9999999999999992 21
16 1.6142740792948282 1.1259688078152763 0.28972880000947043
1.0000000000000007 21
17 1.5263370417371553 1.0197597095004203 0.2858706999977585
0.9999999999999986 21
18 1.4561680277517202 0.9413636038002379 0.28325319997384213
1.0000000000000002 21
19 1.3865218345423687 0.8558599414540524 0.2713719999883324
1.0000000000000007 21
20 1.3335477866996028 0.7951438617013639 0.2691950000007637
0.9999999999999998 21
21 1.2807267225324932 0.7293883905987024 0.28919859998859465
1.0000000000000013 21
22 1.2402805108249515 0.6880373331458167 0.2732207999797538
1.0 21
23 1.1998737276280376 0.6356102965178404 0.2791858999989927
0.9999999999999994 21
24 1.1676585537527229 0.6040975691043551 0.2745772000052966
1.000000000000002 21
25 1.1360583489021436 0.5650832382661791 0.2748700999945868
1.0 21
26 1.1092713283965965 0.5401451560161562 0.2801257999963127
1.0000000000000007 21
27 1.0827022883257817 0.5062367681554498 0.2646734000009019
0.9999999999999997 21
28 1.058378936271643 0.4825597208676009 0.2723702999937814
1.0000000000000009 21
29 1.0376408504455095 0.4585568681082061 0.2697041000064928
1.000000000000001 21
30 1.0179134883895067 0.439564469983152 0.27574310000636615
1.0 21
31 1.0004640921928794 0.4189713777558572 0.2829675999819301
1.0000000000000004 21
32 0.9829843389794456 0.4021424748117712 0.270582099998137
1.0000000000000009 21
33 0.9680487654952543 0.38524796122752625 0.2742937000002712
0.9999999999999998 21
34 0.9527296638365566 0.36950287156736167 0.2785541000193916
0.999999999999999 21
35 0.9396905054457991 0.35619495694707837 0.2771329999959562
1.000000000000002 21
36 0.9263575333748868 0.34133767959481365 0.26790320000145584
1.000000000000001 21
37 0.9148155278157963 0.33115219101663335 0.2744020999816712
1.000000000000001 21
38 0.9031247585714879 0.3169415988259123 0.272295300004771
0.9999999999999999 21
39 0.8928278013898205 0.3094311282306406 0.2747756000026129
1.0000000000000002 21
40 0.8824780950738353 0.2957014083472555 0.277212499990128
1.0000000000000009 21
41 0.873255331754329 0.29032387975472357 0.2812946999911219
0.9999999999999997 21
42 0.86400389561214 0.2771556917569779 0.268275199981872
1.0000000000000002 21
43 0.8557013801048692 0.2732436324256677 0.2762102999840863
1.0000000000000004 21
44 0.8472738580802703 0.2607113974961334 0.28407809999771416
0.999999999999999 21
45 0.8397245676454389 0.2577162965373602 0.28250550001394004
0.9999999999999997 21
46 0.8317195512080834 0.2457480559065801 0.2710615000105463
1.0000000000000009 21
47 0.8246662069338588 0.24308182614484988 0.2753272000118159
0.9999999999999992 21
48 0.8175112197280389 0.2328735725606827 0.2699933999974746
1.0000000000000007 21
49 0.8111155847035916 0.22955517525314786 0.2833210999961011
0.9999999999999993 21
50 0.804781992971915 0.2196551476866845 0.2816224000125658
0.9999999999999992 21
51 0.7990598590877791 0.21813542102763891 0.27581179997650906
1.0000000000000004 21
52 0.7930279345757213 0.20839916201869574 0.28059129999019206
1.0000000000000002 21
53 0.7875936219616587 0.20678530796563405 0.28374640000401996
1.0000000000000007 21
54 0.7819247264920219 0.19743478192154937 0.2861601999902632
1.0000000000000013 21
55 0.7767612842263164 0.19602037825691732 0.2861484999884851
1.0000000000000009 21
56 0.7716237139419282 0.18742972836063188 0.2901797000085935
0.9999999999999993 21
57 0.7669129981551172 0.1861600536400571 0.2744086000020616
58 0.2774563862054994
-------------------------------------------------END------------------------------------------------------
29
------------------------------------Randomized only---------------------------------------------------
419.75846853572904 423.37216293920886
0.9980237867503683 20
0 387.3734337987842 391.3179864961769 0.10474290000274777
0.9985532790101498 20
1 340.45866373809537 344.98936464961315 0.09686620000866242
0.9992600140805619 20
2 288.9462697681597 293.7239045181403 0.09542109997710213
0.9993968767839204 20
3 253.28582017981242 254.53208316840315 0.10765649998211302
0.9945794428018669 20
4 230.45275404237694 228.86074318270764 0.09977809997508302
0.9930227539336596 20
5 188.4317360156066 185.2667247401934 0.10922799998661503
0.9839134872730486 20
0.9983118661778031 80
6 152.23336304780847 153.1434000855606 0.28210939999553375
0.9414891702129325 20
0.9934692711342905 80
7 117.42097496729623 117.34379593322102 0.2909386999963317
0.9450912469692849 20
0.9916821774205359 80
8 94.51645243094181 93.15965648518146 0.38565359998028725
0.9597283298260479 20
0.9916219862612103 80
9 74.6204392750761 73.14709242297374 0.2834273999906145
0.9693825093107744 20
0.9903417922629918 80
10 58.126947329861295 55.08630104282818 0.28365249998751096
0.9609939348278055 20
0.985702727244746 80
0.9945194301982613 140
11 40.46392269608388 37.56631883601173 0.641404900001362
0.9539054788140192 20
0.9922007019704399 80
12 28.472746729815555 27.650496637584492 0.2822792000079062
0.7153165863037221 20
0.884068672129335 80
0.9508110981605296 140
0.9764542584613579 200
1.0000000000000002 204
13 20.496179393005818 19.880022563755606 1.1566935000009835
0.9887877612625517 20
0.9972043277207058 80
14 14.603324799235113 13.757010231060653 0.27366649999748915
0.8749710282597711 20
0.9250706279730567 80
0.9680995719511926 140
0.9854804292712694 200
1.0000000000000007 204
15 10.72082377118002 10.03292777078809 1.1337075000046752
0.9948561728004149 20
16 9.597958882351497 8.940567841652113 0.09376950000296347
0.1064026784680207 20
0.6997150482293608 80
0.860242923195496 140
0.9386374200075996 200
0.9999999999999998 204
17 6.648726529309762 5.860364744905632 1.159254800004419
0.9479117598687532 20
0.9910531374139425 80
18 5.839323422005885 4.948568323827074 0.2768807999964338
0.9458702578060249 20
0.9602386105539882 80
0.9818884597786006 140
0.9908927207242111 200
19 4.798227227876502 3.921385819142524 1.0821516999858432
0.9758110810087895 20
0.9931018189208135 80
20 4.574663649341547 3.671840354581377 0.28537160000996664
0.7549248224991436 20
0.7684480719923611 80
0.8255910042716149 140
0.8555388850946426 200
0.9999999999999994 204
21 3.530693722934049 2.6691590979768467 1.3268669999961276
0.9181202341893007 20
0.9952631533660111 80
22 2.9829867867181035 2.141448980874399 0.26555090001784265
0.5584655189349429 20
0.5909496225345472 80
0.7942826670684009 140
0.8630629046249311 200
1.0000000000000002 204
23 2.422345243913591 1.7368863712300409 1.2569856999907643
0.9853625188101093 20
0.9989856127275287 80
24 2.104518541472153 1.3892703750406399 0.28852309999638237
0.6805035551607153 20
0.6973507610772052 80
0.8524453008371675 140
0.9111722057519271 200
0.9999999999999994 204
25 1.8412916398687194 1.1556030139902547 1.1271051999938209
0.9591751917956021 20
0.9965755798937811 80
26 1.6837718264194503 0.9825528114491471 0.29301809999742545
0.34488041336818276 20
0.36696686596279265 80
0.6360696811039679 140
0.7790016981387049 200
1.0000000000000002 204
27 1.5734449454906116 0.9489583069745702 1.2452859999903012
0.9942162901408313 20
28 1.4742564473246331 0.849610118493021 0.11159840002073906
0.14545698785877448 20
0.855134970984223 80
0.9363936460639413 140
0.967669860534834 200
0.9999999999999998 204
29 1.413924713605464 0.7562912019241456 1.2217678000160959
0.93488819165045 20
0.9976933734951173 80
30 1.2745375390587825 0.6412151270724004 0.275194800022291
0.2328780483153845 20
0.24946469910879085 80
0.705986734261185 140
0.8335212630395213 200
0.9999999999999997 204
31 1.2392996635122386 0.5888318023814001 1.1657510999939404
0.9956483494065751 20
32 1.1568053839205301 0.5139096236176898 0.09261649998370558
0.29481350327360406 20
0.8953646225041992 80
0.9512139616838632 140
0.9670023653156914 200
1.0 204
33 1.0645336732078359 0.4463479652339463 1.2178904000029434
0.9550695658079935 20
0.9925720838287776 80
34 1.056426441437735 0.43865472036674186 0.29279889998724684
0.007935722863290461 20
0.011200978048570927 80
0.3109358581936808 140
0.434745064127251 200
1.0000000000000002 204
35 1.0029256566271278 0.3809087515275929 0.9912787000066601
0.9771059905028161 20
0.9993810533450045 80
36 0.985830302151754 0.3672334105535998 0.26878600000054576
0.06103634356747529 20
0.06396743377298315 80
0.29687513016346045 140
0.42715431580195473 200
0.9999999999999996 204
37 0.9364617038801322 0.33246020804613213 1.2135242999938782
0.9951696542701388 20
38 0.931662955482878 0.32520978591091676 0.10778180000488646
39 0.5458199769207754
-------------------------------------------------END------------------------------------------------------
------------------------------------Krylov only---------------------------------------------------
419.75846853572904 423.37216293920886
1.0000000000000004 21
0 383.41241002045876 388.02743289327776 0.2783215000235941
1.0000000000000002 21
1 326.3635173939023 332.29062806588894 0.2739249000151176
1.0000000000000004 21
2 250.04530571985134 248.1361878389971 0.27521389999310486
1.0000000000000004 21
3 150.81868548197434 151.92455436417632 0.26327639998635277
0.9999999999999997 21
4 118.33401486101516 111.24171307991915 0.27471840000362135
0.999999999999999 21
5 40.77191103458238 40.53445522271683 0.28011230000993237
1.0000000000000013 21
6 20.8516862045605 20.62971539550474 0.31773149999207817
1.0000000000000007 21
7 7.489434587193039 7.042315454934889 0.27356349999899976
1.0 21
8 4.173956626138689 3.706872260935721 0.2735635999997612
0.9999999999999991 21
9 3.2956380609031286 2.6029006481566848 0.26951389998430386
0.9999999999999988 21
10 2.5198337495870358 1.9665828201577646 0.30102420001639985
0.999999999999999 21
11 2.2087915506592495 1.601334367626799 0.3138277000107337
0.9999999999999994 21
12 1.9075525646082745 1.301017494076405 0.28128819999983534
1.0000000000000007 21
13 1.748928208868987 1.1658538867073454 0.3576717000105418
1.0000000000000004 21
14 1.569005348943781 0.9633563107883304 0.2777049000142142
0.9999999999999994 21
15 1.4407069767371536 0.8380006608957477 0.41340060002403334
0.9999999999999989 21
16 1.3382781596082116 0.722828661695177 0.28839579998748377
1.0000000000000016 21
17 1.2687486769724667 0.6565645021349139 0.28503569998429157
0.9999999999999992 21
18 1.2120461157783131 0.6012406510870163 0.2867669000115711
1.0000000000000004 21
19 1.167267357968685 0.5573586115929517 0.31133220001356676
0.9999999999999991 21
20 1.1285091966946208 0.5198020901578924 0.28298290001112036
1.0000000000000004 21
21 1.0922412423656798 0.48190787390413153 0.28617780000786297
1.0000000000000007 21
22 1.0632253685643376 0.45496876267333175 0.2805557000101544
1.0000000000000004 21
23 1.0371010324968508 0.4291402795911005 0.2855862000142224
1.000000000000002 21
24 1.0150187737346144 0.408391630195229 0.2753281000186689
1.0000000000000004 21
25 0.994578031693348 0.38873393213702456 0.2709945999959018
1.0000000000000002 21
26 0.9762514081959336 0.37203603176475153 0.28065289999358356
0.9999999999999997 21
27 0.958858088127248 0.35483656028061034 0.27887800001190044
0.999999999999999 21
28 0.94402858095033 0.341223133340199 0.30547769999247976
0.9999999999999987 21
29 0.9298949897517954 0.32740750470345037 0.2940466000000015
1.000000000000001 21
30 0.9173382845726749 0.3167494286588553 0.28646989999106154
1.0000000000000007 21
31 0.9057495489093369 0.3043802834045306 0.2903988999896683
0.9999999999999998 21
32 0.8951559908035386 0.2962369952607214 0.27544299999135546
1.0000000000000007 21
33 0.8832614972859916 0.2852453764018519 0.2839455000066664
1.0000000000000009 21
34 0.8727641655571399 0.27471783322543397 0.2871214000042528
0.9999999999999998 21
35 0.8638939467091342 0.26576564667476454 0.28342479999992065
1.0000000000000002 21
36 0.8557349246865388 0.2592800220086034 0.2865594000031706
0.999999999999998 21
37 0.84817538796718 0.25156651412597847 0.2802510999899823
1.0000000000000009 21
38 0.8411467552008165 0.2461210581592655 0.28346539998892695
1.0000000000000002 21
39 0.8344475131978872 0.23909290137176925 0.28540069999871776
1.0000000000000004 21
40 0.8281493838357428 0.23443957415567543 0.2840049999940675
1.0000000000000002 21
41 0.8220020971180696 0.22801764121344598 0.2809146999788936
1.0000000000000009 21
42 0.8162673956110553 0.22382346941820816 0.2770455999998376
1.0000000000000004 21
43 0.8107461909813335 0.21798210958208158 0.26274360000388697
1.0000000000000004 21
44 0.8054243750575765 0.21408479899272193 0.28494640000280924
1.0 21
45 0.8003056365940954 0.2085529376287111 0.2776433000108227
1.0000000000000002 21
46 0.7954526563389138 0.20541086390177574 0.2922979999857489
47 0.2880669148952175
-------------------------------------------------END------------------------------------------------------
30
------------------------------------Randomized only---------------------------------------------------
382.05960335792645 385.61793436430014
0.9985947469050677 20
0 355.63582126449006 359.32117063586594 0.10891439998522401
0.9988338494559104 20
1 317.58212089473307 321.3876666303818 0.09953130001667887
0.9991397144607266 20
2 276.83534313331813 279.8397056147912 0.1112798000103794
0.9986681307611243 20
3 248.9822040299155 249.17851629300236 0.10835650001536123
0.9753837762644818 20
0.998002073759937 80
4 184.97604182235213 184.3092152315842 0.2892848000046797
0.850526954095903 20
0.985817587522887 80
0.9954860428238692 140
5 97.20956105702943 94.01914315162672 0.7820544000132941
0.7290359250605805 20
0.9751146901099181 80
0.9918564623346763 140
6 50.73538546434731 48.61586933425242 0.7206780999840703
0.768848685055449 20
0.9706207158218764 80
0.9874044013298069 140
0.9933095162094002 200
7 29.45464197103221 29.77680857347118 1.1550200000056066
0.8056397494165026 20
0.9559117846374933 80
0.9762997107276135 140
0.9834852731476624 200
1.0000000000000002 204
8 16.26707006565018 16.54461100057965 1.2243453000264708
0.8942569517578032 20
0.9802963871199466 80
0.9915500709982127 140
9 11.646086936881002 11.649264472241935 0.5185434000159148
0.6559409030367794 20
0.865674832156883 80
0.8993801012872819 140
0.9327973817238362 200
0.9999999999999994 204
10 7.527192062613868 6.846094184576417 1.1487589000025764
0.9009967933350135 20
0.9632970676387071 80
0.9819682430472437 140
0.9872143415621728 200
1.0 204
11 5.078603151132075 4.279795872033278 1.3105076999927405
0.9545540410350692 20
0.9872222573927922 80
0.9927129016790268 140
12 4.482127467574707 3.566128639389871 0.6330990999995265
0.3447832177077654 20
0.5206377068919426 80
0.5951876339304043 140
0.716638469941288 200
1.0000000000000002 204
13 3.420923922784284 2.6398886744587178 1.0110884000023361
0.7482092268656109 20
0.9070110050360367 80
0.94794380600403 140
0.9614540731201188 200
1.0 204
14 2.763031310162387 2.000547675717156 1.3775661000108812
0.9159154640056567 20
0.967425169799708 80
0.9754015742774815 140
0.9804557959148832 200
1.0 204
15 2.296430733841348 1.6146515094855944 1.289527899993118
0.8666632507625465 20
0.9484468669899673 80
0.9632469947143821 140
0.9685547734444897 200
1.0000000000000002 204
16 1.9819785559931828 1.2969843543609674 1.1710196000058204
0.9536991163008292 20
0.9743953660437332 80
0.9801824080130154 140
0.9826824590728453 200
0.9999999999999996 204
17 1.7424472090838183 1.0689538115755786 1.0362013000121806
0.8592832204208879 20
0.9355797949161574 80
0.9476929053749471 140
0.9518478472006263 200
1.0000000000000007 204
18 1.5778512980790729 0.9146002407290038 1.3012267999874894
0.9629845556218476 20
0.9789789690394335 80
0.9824035073354491 140
0.9835506394100828 200
1.0000000000000002 204
19 1.4330984519269725 0.7943809833819705 1.268141900014598
0.8451287862788293 20
0.9094611531806291 80
0.9191016676664358 140
0.9249517424123856 200
0.9999999999999998 204
20 1.3253021133309455 0.6908866754676583 1.1061003999784589
0.9849231841519345 20
0.9911391127772684 80
21 1.3214309735433052 0.6954925124195607 0.2703227000019979
0.0008660265713600382 20
0.003961762774493026 80
0.0837029219327825 140
0.13370522043859953 200
0.9999999999999991 204
22 1.225517848546433 0.6072878644359355 1.2221458999847528
0.9647127491603462 20
0.9821440329078673 80
0.9837337278717104 140
0.9846991769180093 200
0.9999999999999998 204
23 1.1519856968997624 0.5381922474685769 1.2186593000078574
0.9746671545075802 20
0.9843682930284513 80
0.9855801242748977 140
0.9860979923084701 200
1.000000000000001 204
24 1.0887645038386344 0.47704411542168146 1.0496662000077777
0.9249268831886872 20
0.9573763176102713 80
0.9602599812229546 140
0.9621852127469176 200
1.0000000000000002 204
25 1.0387384487244617 0.4358937423984185 1.3252269999939017
0.948530366368151 20
0.9650779183838526 80
0.966851383035345 140
0.9678755163656769 200
0.9999999999999998 204
26 0.9939875616093694 0.3833411518731974 1.4228089999814983
0.7839802115692669 20
0.870033099567986 80
0.8761925696018835 140
0.8803493614924487 200
0.9999999999999996 204
27 0.956422445236943 0.35819249825088173 1.2144464000011794
0.9293653794453213 20
0.9467592124520997 80
0.9489947742638869 140
0.9503305511491689 200
0.9999999999999996 204
28 0.9223852197046297 0.3117700452408177 1.2098246999958064
0.7082363701645533 20
0.8226449385150374 80
0.8285771232713158 140
0.8333706861683047 200
1.0000000000000002 204
29 0.8932842455679761 0.29616311985781885 1.1578464999911375
0.8907644951197372 20
0.9118193409368577 80
0.9149789080579077 140
0.9170704571469328 200
0.9999999999999996 204
30 0.8674207268107319 0.2584682439914276 2.1395723999885377
0.9067424685047378 20
0.9398521142252086 80
0.9418121075694792 140
0.9433702684256666 200
0.9999999999999997 204
31 0.8451976534892057 0.24759546923026593 3.2689775000035297
0.8272595690160449 20
0.8656468496915255 80
0.8701393716052791 140
0.8733575826583826 200
1.0000000000000002 204
32 0.8259171406183312 0.2214988130949412 1.1552211999951396
0.9233870307797765 20
0.9504128466074927 80
0.9522072864716378 140
0.9533768824569262 200
1.0000000000000002 204
33 0.8093110635405312 0.21270764992002847 1.418013799993787
0.7951304470794189 20
0.8452410218869578 80
0.8502989270538812 140
0.8542027600944863 200
1.0000000000000002 204
34 0.7947657980938568 0.1956858264030231 1.1433262999926228
0.8939893812378776 20
0.9375222183392702 80
0.9398463268244597 140
0.9412668058897994 200
0.9999999999999996 204
35 0.78191770179957 0.18830372671333856 1.403948399994988
0.7764010670786733 20
0.830115260795931 80
0.835182365149958 140
0.8391985210734886 200
1.0000000000000002 204
36 0.7702218851004909 0.17599546235325564 1.2227537000144366
0.8729132652727604 20
0.9310722389988325 80
0.9336031825965077 140
0.9351796343501931 200
1.0000000000000002 204
37 0.7595820050773724 0.16970750865859308 1.230019100010395
0.8341269240580028 20
0.8753234384041357 80
0.8787840122560792 140
0.8814565429950736 200
0.9999999999999998 204
38 0.7496687493785992 0.15981978758723422 1.2671099999861326
0.876645574617208 20
0.9326525529843089 80
0.9349971977138267 140
0.9364727279806365 200
1.0000000000000004 204
39 0.7405678288748624 0.1541148880690016 1.1013466000149492
0.9191933553609155 20
0.9395349249816488 80
0.9410425528570936 140
0.9422849018372955 200
1.0000000000000002 204
40 0.7320488378034999 0.14619192240946796 1.23679159997846
0.8882121664804525 20
0.9336158074874281 80
0.9355821622830697 140
0.9368490193480088 200
0.9999999999999998 204
41 0.724269725960933 0.14066298294793425 1.1628716999839526
0.9465407598066483 20
0.9586169753585568 80
0.9594588581029019 140
0.9602618115362815 200
1.0 204
42 0.7170069877266259 0.13473617103434798 1.2046464999730233
0.8934446807988579 20
0.9287706496807592 80
0.9303949691124808 140
0.9315172964885501 200
0.9999999999999993 204
43 0.7104141055362124 0.12918136881571674 1.3903053000103682
0.9347889731256707 20
0.9462955497061198 80
0.9471562205926605 140
0.9481028021425736 200
1.0 204
44 0.7042860872395409 0.12512013634114333 1.1831051000044681
0.8752493079390671 20
0.9072453860206515 80
0.9088631107208681 140
0.9101010447296601 200
0.9999999999999993 204
45 0.6987257133733729 0.11955701775873911 1.1660714999889024
0.8536879835196907 20
0.8772408166973487 80
0.8789563330154956 140
0.8809130816801092 200
1.0 204
46 0.6935769406586813 0.11696337106987231 1.6013952000066638
0.7973431083634649 20
0.8395178840153464 80
0.8418470957213429 140
0.8438339216332508 200
0.9999999999999993 204
47 0.6888911124202809 0.11150833358334372 1.3104171000013594
48 1.1139184749996882
-------------------------------------------------END------------------------------------------------------
------------------------------------Krylov only---------------------------------------------------
382.05960335792645 385.61793436430014
1.0000000000000007 21
0 355.05998153651467 358.61040397204226 0.26897370000369847
1.0000000000000007 21
1 314.65529539914786 318.51719554713236 0.2846246999979485
1.0000000000000004 21
2 228.12732756601423 226.1695766285955 0.2659847000031732
1.0000000000000002 21
3 225.64873190851648 221.1593684824465 0.2848101000126917
0.9999999999999999 21
4 77.15063442084038 77.29558425087991 0.2724476000003051
1.0 21
5 64.662010891625 64.80262292870391 0.3317306000099052
1.0000000000000007 21
6 41.653342498145534 43.737648450775495 0.3039619000046514
0.9999999999999997 21
7 12.316239523250024 12.12696089326753 0.28199340001447126
1.0000000000000004 21
8 7.303817131944726 7.1725902804019395 0.28229150001425296
1.0000000000000002 21
9 4.383481465871303 4.021080414659792 0.2908162000239827
0.9999999999999994 21
10 3.450154724504383 2.951159468675439 0.2824823000119068
1.0000000000000004 21
11 2.8981714976693795 2.3752743518458375 0.274573100003181
1.0000000000000007 21
12 2.4965378249633843 1.9138608293071817 0.28968680000980385
1.000000000000001 21
13 2.19793292237318 1.6167608443014587 0.28909289999864995
0.9999999999999996 21
14 1.9662638434826571 1.3438708726435242 0.27967799999169074
0.9999999999999997 21
15 1.7903585831666773 1.1649784705785824 0.27900069998577237
1.0 21
16 1.6454834656777713 0.992928104724206 0.28451749999658205
0.9999999999999999 21
17 1.5259922199958917 0.8757523271769586 0.30293320000055246
0.9999999999999994 21
18 1.4295339061006325 0.7670854324447435 0.27951089999987744
0.9999999999999996 21
19 1.343834233762659 0.6997971531816725 0.28753640002105385
1.0000000000000004 21
20 1.2792496658040868 0.6313339722587665 0.33512980001978576
0.999999999999999 21
21 1.2200907910496834 0.5920403517273403 0.2676203000009991
0.9999999999999998 21
22 1.176079517918956 0.5412629832416095 0.2886110999970697
1.0000000000000009 21
23 1.1355027728726101 0.5183432614027997 0.27003200000035577
0.9999999999999988 21
24 1.1041161625810612 0.4782098209849028 0.27352329998393543
0.9999999999999999 21
25 1.0723525863677466 0.4619667026159932 0.2809187999810092
0.9999999999999996 21
26 1.0425041935502828 0.42483437420783443 0.29004550000536256
0.9999999999999994 21
27 1.016338397703325 0.40720997069910286 0.27977689998806454
1.0 21
28 0.9974361584153552 0.380796242807932 0.2908630999736488
0.9999999999999999 21
29 0.9794044044824026 0.3723427646757861 0.2807660000107717
0.9999999999999996 21
30 0.9633328522916663 0.3460496335203061 0.2775804999982938
0.9999999999999994 21
31 0.9480991002429513 0.34199492693363676 0.3000099999771919
0.9999999999999994 21
32 0.9338486665993427 0.3188116212543268 0.29206710000289604
1.0000000000000007 21
33 0.9206834540965086 0.3148229358623554 0.522308100014925
0.999999999999999 21
34 0.9087971889260541 0.2967347275817973 0.2884548000001814
1.0000000000000009 21
35 0.8976723764307795 0.29240909091271916 0.37691150000318885
0.9999999999999998 21
36 0.8868514928557859 0.27384032521785107 0.2851917000079993
0.9999999999999998 21
37 0.8768891039884714 0.27336511129230123 0.31701619998784736
0.9999999999999991 21
38 0.8683164006755223 0.2579803870443791 0.32489080002414994
0.9999999999999987 21
39 0.859924180671044 0.2551336315120156 0.2799824000103399
1.0000000000000009 21
40 0.8521975303311355 0.24234198113803274 0.2792241999995895
1.000000000000001 21
41 0.8450329548828941 0.2409795632964793 0.28586210001958534
0.9999999999999993 21
42 0.8383309389741292 0.22853582018393398 0.2779084000212606
1.0000000000000013 21
43 0.8318356505778749 0.228270026383764 0.27650350000476465
0.9999999999999993 21
44 0.825670846615346 0.21627530087375316 0.2894183000025805
1.0000000000000007 21
45 0.8198657966312032 0.21689858173832235 0.4532189999881666
1.0000000000000009 21
46 0.8143078356867391 0.2054303489161234 0.3254068000242114
1.0000000000000007 21
47 0.8089544228113956 0.20609776299433777 0.2622927000047639
0.9999999999999987 21
48 0.8038179719324496 0.19544872291387383 0.318923500017263
1.0000000000000004 21
49 0.7986884075446653 0.19614565233229087 0.2792188999883365
1.0000000000000004 21
50 0.7937573535606213 0.18600463155049152 0.28874699998414144
51 0.29755040196366334
-------------------------------------------------END------------------------------------------------------
31
------------------------------------Randomized only---------------------------------------------------
386.6514142315418 388.8733438726746
0.9983361847769812 20
0 359.3130909861001 361.87001084706765 0.11185409998870455
0.9987753527311817 20
1 320.0546786301022 322.3768578454845 0.11666100000729784
0.9992424343158094 20
2 277.0467359701359 279.6626457587597 0.14914550000685267
0.9987387021103417 20
3 244.52988492405876 242.85413999742093 0.1127754999906756
0.9193801704692526 20
0.997965939505952 80
4 174.31970936227924 170.79118651504658 0.4916788999980781
0.9062015390151505 20
0.9918754973046627 80
5 94.24637361788955 91.81868737657231 0.2842077999957837
0.853224894812686 20
0.9778750263560007 80
0.9937070809144318 140
6 53.88593254739584 52.449070758614006 0.5072188999911305
0.7404638963301221 20
0.9612306012575162 80
0.9838945454071774 140
0.9917392422917276 200
7 34.564338753614585 34.55205932574014 1.7648194000066724
0.7181728273006358 20
0.9524751909998711 80
0.9786448912792242 140
0.9848971901676148 200
0.9999999999999997 204
8 23.45055757912646 23.429289318287854 1.057025199988857
0.9846292374926197 20
0.9980186946838864 80
9 15.215157830698375 15.025506055033343 0.27056229999288917
0.554718857194125 20
0.739598362117547 80
0.860525632565836 140
0.9141003141266605 200
1.0000000000000004 204
10 10.417733466255715 8.731506313442978 1.2854654999973718
0.9145587453625864 20
0.9848196555474352 80
0.9947151692085182 140
11 6.866121597513172 5.674421111731272 0.914696100022411
0.7431004423249228 20
0.8418411160187265 80
0.8814066770420392 140
0.9277221414970684 200
1.0 204
12 5.705221666944186 4.7901241139915856 1.0530386999889743
0.9919512138881699 20
13 4.376501051335709 3.395265306460266 0.11175360000925139
0.058528076619003645 20
0.8668295255600699 80
0.9336023501834455 140
0.9562864807677459 200
1.0 204
14 3.088243860263694 2.148381169108772 1.0895962000067811
0.8995263593249418 20
0.9797018738537661 80
0.9906033795021822 140
15 2.7739510624663426 1.8732506595352456 0.7519973000162281
0.34697964020180555 20
0.442312265501621 80
0.4716276247975261 140
0.6539196241939704 200
1.0000000000000002 204
16 2.2584020046198203 1.4301230892195544 1.2148063000058755
0.9719510065836825 20
0.9952611413975373 80
17 2.131089304223608 1.3211259340802672 0.2768971000041347
0.0691903180919626 20
0.0897575702188373 80
0.4273772709176789 140
0.6184849832618066 200
1.0 204
18 1.8122791738603867 1.024791324291116 1.3566659000061918
0.9436040248918912 20
0.9836096028522153 80
0.9877446671725795 140
0.9899739710228904 200
0.9999999999999998 204
19 1.5580610426461534 0.8284992323255758 1.3339432000066154
0.9133549582407181 20
0.9720401228300578 80
0.9770623490308972 140
0.9802422153563405 200
0.9999999999999996 204
20 1.3618643247559015 0.6625955839904 1.107741799991345
0.9490813295606841 20
0.982738805886996 80
0.985072634418934 140
0.9870532136017399 200
1.0 204
21 1.2105207531189666 0.5520584792571838 2.228534700028831
0.8885788503150347 20
0.9809495345268955 80
0.9837761396429991 140
0.985567214750857 200
1.0000000000000002 204
22 1.1028996784004959 0.4564756058916996 1.515365600003861
0.9652480923218891 20
0.9883429185461706 80
0.9898983803182143 140
0.9907182455148178 200
23 1.090988994537475 0.4473314647091192 1.29219710000325
0.06024299494683337 20
0.0741225909957981 80
0.08128318007861336 140
0.08693739594299206 200
0.9999999999999996 204
24 1.0156195229379048 0.38984680842852354 1.6709910999925341
0.9677170573339263 20
0.9897450032565317 80
0.9909961666368959 140
25 1.0103760412179936 0.3830609702431234 1.2407344999955967
0.45757479499531056 20
0.4635351032459369 80
0.4662491168875748 140
0.5276519831694416 200
1.0000000000000004 204
26 0.9541750746457212 0.3426005145567651 2.3624125000205822
0.9907483493083103 20
27 0.9506855838229525 0.34015557973570637 0.11777179999626242
0.00018771923568052768 20
0.42276603417388 80
0.48456700619612264 140
0.5299026854431454 200
1.0000000000000002 204
28 0.9017099626270536 0.2912029730136611 1.2366409999958705
0.9699394322132509 20
0.9913644143297743 80
29 0.8996140274729216 0.2892371049283214 0.28219710002304055
0.014997592913070169 20
0.01628895777812548 80
0.10193359086894646 140
0.16761241898877716 200
1.0000000000000016 204
30 0.8636762228177186 0.2680058640414345 1.1947311999974772
0.9962779721141045 20
31 0.8592887994881446 0.26296343138632733 0.1083580999984406
32 0.8941401562524334
-------------------------------------------------END------------------------------------------------------
------------------------------------Krylov only---------------------------------------------------
386.6514142315418 388.8733438726746
0.9999999999999998 21
0 359.25258913097696 361.1486613170577 0.2996559999883175
0.9999999999999997 21
1 315.7920603520201 318.33883724545757 0.26853959998697974
1.0000000000000002 21
2 218.54714547121395 217.58508180045743 0.27107069999328814
1.0000000000000004 21
3 203.3399198689174 202.66183311081252 0.412697499996284
1.0000000000000007 21
4 185.2405140212441 185.0406093247488 0.39703630001167767
1.000000000000001 21
5 162.30420703241307 163.47009914012747 0.34762459999183193
1.0 21
6 155.38537032376883 156.02225169986957 0.28446080000139773
1.0000000000000007 21
7 47.687358601126306 48.37585971460582 0.31664430000819266
1.0000000000000004 21
8 35.487006176761064 32.8419872391464 0.2760460999852512
0.9999999999999998 21
9 22.257392971649796 20.641079333259025 0.27822700000251643
1.0000000000000002 21
10 7.992393460896862 7.541134832598221 0.2840671000012662
0.9999999999999999 21
11 5.203183419932757 4.2560659811556265 0.27396399999270216
0.9999999999999994 21
12 3.3274535092409963 2.408298335142652 0.28932549999444745
0.9999999999999997 21
13 2.7604452928107066 1.907475369948935 0.37355349998688325
0.9999999999999997 21
14 2.1862376416620175 1.4701827029652574 0.3877609000192024
1.0 21
15 1.8307802898572947 1.1239863437096378 0.28781209999579005
0.9999999999999993 21
16 1.6082194795729614 0.9605882716441609 0.2885285000083968
0.9999999999999996 21
17 1.4707003895565183 0.8200651359630153 0.30633429999579675
0.9999999999999997 21
18 1.3836295805800363 0.749685634471733 0.3573216000222601
1.0 21
19 1.3171318987324563 0.6822607888300699 0.27977580000879243
0.9999999999999997 21
20 1.2615620878073732 0.639588781138401 0.26535629999125376
1.000000000000001 21
21 1.2143690603867923 0.5867196811011143 0.28510790001018904
1.0000000000000009 21
22 1.178381347145047 0.5610666906533177 0.2615857000055257
0.9999999999999993 21
23 1.1438039700488671 0.5240168885633573 0.2793946999881882
1.0 21
24 1.1147547266953082 0.5010744489886463 0.28100390001782216
0.9999999999999997 21
25 1.0888793824909204 0.47373527883442185 0.2754193000146188
1.000000000000001 21
26 1.0661289150141033 0.4557211455185383 0.28168519999599084
0.9999999999999998 21
27 1.0456472315289758 0.43371405816020336 0.29007499999715947
0.9999999999999989 21
28 1.0273335576428613 0.41971820111308084 0.2867123000032734
0.9999999999999992 21
29 1.0104201450097763 0.40136627940482184 0.2716182000003755
0.9999999999999993 21
30 0.995107628495382 0.38997784985343614 0.28552940001827665
1.0000000000000007 21
31 0.9807592332640314 0.374289061207728 0.2809238999907393
0.9999999999999989 21
32 0.9676540132223712 0.36486783449707066 0.27744710000115447
1.0000000000000009 21
33 0.9553358222959188 0.3510250073374447 0.28319810001994483
1.0000000000000004 21
34 0.943973491984626 0.3432951021460358 0.28368130000308156
1.0 21
35 0.9332792652498169 0.33136630367067865 0.2788081000035163
0.9999999999999984 21
36 0.9233219128846567 0.324439826310831 0.28639160000602715
1.0000000000000009 21
37 0.913764255140644 0.31420663400401927 0.2761076999886427
1.0000000000000002 21
38 0.9045368844682203 0.3076601299320069 0.27591650001704693
0.9999999999999997 21
39 0.8954542468305681 0.2969056845557126 0.27026020002085716
1.0000000000000002 21
40 0.8878019913401974 0.2922893778791504 0.2683223999920301
1.0000000000000002 21
41 0.8808195848848078 0.2835081943140451 0.27226269998936914
1.000000000000001 21
42 0.8742839949360357 0.2794281411049244 0.2726686999958474
0.9999999999999999 21
43 0.8683153851193911 0.27246213186968793 0.27704390001599677
1.0000000000000004 21
44 0.8626865722886438 0.26867110132274197 0.2794170999841299
1.0000000000000004 21
45 0.8572717733376721 0.262469868730262 0.2709352000092622
0.9999999999999994 21
46 0.8521481230456684 0.25879762459270506 0.27045080001698807
1.0000000000000007 21
47 0.8461627019959229 0.2531599282729822 0.283269300009124
0.9999999999999972 21
48 0.8409088443536075 0.24817044570676966 0.2709156999771949
1.0000000000000002 21
49 0.8362854702929544 0.2438635970860214 0.2726732000010088
50 0.2918925520015182
-------------------------------------------------END------------------------------------------------------
32
------------------------------------Randomized only---------------------------------------------------
421.43404910337364 420.71145820823136
0.9993020335601545 20
0 388.10831084618627 387.97856479848315 0.08866000000853091
0.9995721662444497 20
1 340.2797908775519 341.3351550720966 0.1010285000083968
0.9997096599166806 20
2 288.743681016668 291.2454533884256 0.10489550000056624
0.9996704700128035 20
3 253.7151854701085 254.23318938718722 0.09938900000997819
0.9941367359255567 20
4 229.05747720082215 227.02079548692066 0.1108523000148125
0.9790398898828174 20
0.9985919755407208 80
5 163.46507736392329 156.27056830198853 0.26934160001110286
0.9466142611383649 20
0.9972234245925438 80
6 78.747783153596 73.42637434891817 0.26755109999794513
0.7815928663266145 20
0.9782976556362823 80
0.9892028275541774 140
0.9947132912596408 200
7 44.63015229421704 41.67260398997592 1.1421898999833502
0.8364722681492086 20
0.9708759415317791 80
0.9851056597859038 140
0.9914633464534472 200
8 26.162460949107835 23.763894508040167 1.0228988000017125
0.7745914121471648 20
0.9551932849335666 80
0.9726809092130558 140
0.9814795634426149 200
0.9999999999999996 204
9 13.883755444683239 12.967167289758745 0.9231787000026088
0.8355740147393321 20
0.9610791972854374 80
0.9758360472763252 140
0.9843804688767037 200
1.0 204
10 9.604050436497237 8.707612267614634 1.1059245000069495
0.8906178076031547 20
0.9947114287536015 80
11 6.3302421982735275 5.898718685570558 0.2595832000079099
0.7859153886245139 20
0.9078188425037407 80
0.9491474226444336 140
0.9695402972227879 200
1.0000000000000002 204
12 4.238254058096227 3.933164126794065 1.1001825999992434
0.9412849493196574 20
0.9927173972652614 80
13 3.8582349861788536 3.600884846067429 0.2747562000004109
0.1993623393776104 20
0.327045522103984 80
0.5971457830445307 140
0.702940535781302 200
1.0000000000000002 204
14 2.90676874666719 2.3973599670405186 1.1412324999982957
0.9612293938339056 20
0.9907827634555816 80
15 2.751901991522634 2.239883324217751 0.2790532999788411
0.22902678529994724 20
0.2859840979300561 80
0.5382699776628134 140
0.6677226051021921 200
1.0000000000000004 204
16 2.293791228284987 1.7523733458242163 1.218582300003618
0.9891082121162883 20
0.9971178992327511 80
17 2.202836594372302 1.6370705326414003 0.277044400019804
0.06827918059208538 20
0.13523620478925055 80
0.2992132974816083 140
0.4082242791027608 200
0.9999999999999999 204
18 1.8653424709529143 1.2644769040843002 0.9026857999851927
0.9814400973056321 20
0.9966411517977932 80
19 1.8239104823994603 1.2302220341903964 0.2637317000189796
0.11349980708513896 20
0.12993525386981225 80
0.2753146968781236 140
0.38928310015468814 200
1.0000000000000004 204
20 1.5875237719790949 1.0080873182614323 1.1916000000201166
0.9674423079199983 20
0.9928682926355106 80
21 1.5628269895990874 0.980385200308087 0.34188729999004863
0.05534034996486846 20
0.06702689278509298 80
0.20586685706286406 140
0.2970493071076343 200
0.999999999999998 204
22 1.3873356835997437 0.8091415795330005 1.3113886000064667
0.9913839462012991 20
23 1.3697702974791122 0.7937211848704223 0.0945757000008598
0.0012188973830306493 20
0.6209702326094323 80
0.6848139533137602 140
0.7331376127459918 200
0.9999999999999997 204
24 1.24627720009685 0.6679615900574918 1.3125494999985676
0.9894586822471967 20
0.9967343972913563 80
25 1.232017493770029 0.6496099248171122 0.4502363000065088
0.027657814444261734 20
0.03005872173922559 80
0.15917420108238103 140
0.233246974184447 200
1.0000000000000007 204
26 1.1272182605744585 0.535463162024303 1.2959487999905832
0.9609213820272252 20
0.9883484318958632 80
0.9910343060722061 140
27 1.1136363751349359 0.5202098808398452 0.8800079000066034
0.18165160467363747 20
0.1878787281178738 80
0.19257007537921897 140
0.26760080948613435 200
0.9999999999999997 204
28 1.0380207734347031 0.4546998503635647 1.1946046000230126
0.995233100410668 20
29 1.0287022727257626 0.4468225922754168 0.09964929998386651
0.0008963461695281704 20
0.5658653479149766 80
0.6295345870072018 140
0.6585432060389487 200
1.0000000000000002 204
30 0.9708088332274909 0.3745348413895865 1.0670070000051055
0.9843409949832186 20
0.9958486707808483 80
31 0.9654379541990533 0.3699380057629453 0.3064502000052016
0.008876510149878758 20
0.012292866720609412 80
0.13775220641296948 140
0.2254245890145607 200
1.0000000000000002 204
32 0.9189594292611295 0.33375839871728324 1.6436880999826826
0.996034053517584 20
33 0.9146367839692564 0.332032022411225 0.10503380000591278
34 0.6543349705906996
-------------------------------------------------END------------------------------------------------------
------------------------------------Krylov only---------------------------------------------------
421.43404910337364 420.71145820823136
1.0000000000000002 21
0 385.97194928429417 386.55860549126885 0.29360689999884926
1.0000000000000002 21
1 314.186739837866 314.2546311800875 0.2739990999980364
0.9999999999999991 21
2 193.87697843490076 188.9630772705703 0.27647529999376275
0.9999999999999991 21
3 122.59588509361737 123.32135844079711 0.29636670000036247
1.0000000000000004 21
4 32.94978896326147 33.19243713320708 0.28374330000951886
1.0000000000000007 21
5 16.146499479497237 16.142331357941064 0.28447179999784566
0.9999999999999998 21
6 5.8302134146986235 5.509369731775516 0.28431390001787804
1.0 21
7 3.6529513902172286 3.0546425548931126 0.28867650000029244
1.0000000000000009 21
8 2.593186371974235 2.0655861708310743 0.2855128000082914
0.9999999999999993 21
9 2.2735619336817146 1.6889873651160303 0.2845016999926884
0.9999999999999994 21
10 1.8887542374161508 1.286470021641661 0.2873484000156168
1.0000000000000007 21
11 1.6960733857701256 1.0792932826015664 0.2821842000121251
0.9999999999999993 21
12 1.5634654101919807 0.9247486720002923 0.28420829999959096
1.0 21
13 1.4622396178398633 0.8203284621276595 0.28958979999879375
1.000000000000001 21
14 1.3820156922466786 0.7370806612110393 0.272594099980779
1.0000000000000013 21
15 1.2903400553998738 0.6262609027615265 0.2719519000092987
1.0000000000000009 21
16 1.192569644559065 0.5556356306976976 0.27893650002079085
0.9999999999999996 21
17 1.1034390750069805 0.46197203802790243 0.27228129998547956
0.9999999999999984 21
18 1.0083830083112135 0.38961649174874585 0.2768082999973558
0.999999999999999 21
19 0.9552009190918656 0.33537929527660243 0.2671381999971345
1.0000000000000013 21
20 0.9168486435243133 0.3022123354107042 0.2637471999914851
0.9999999999999996 21
21 0.890103503252631 0.2802764266976493 0.27636550000170246
1.0000000000000009 21
22 0.8702203084269596 0.26197485398382925 0.2686371000017971
0.9999999999999991 21
23 0.8518763114785936 0.24481467595875325 0.2867697000037879
1.0000000000000013 21
24 0.8369310067745399 0.23216680578162055 0.2880009000073187
1.0 21
25 0.8255290300680564 0.22162837652081543 0.27361560001736507
1.0000000000000007 21
26 0.8156800896485049 0.21151739468628292 0.2866523000120651
1.0000000000000002 21
27 0.8061685323322599 0.20363619383675027 0.27241909998701885
0.9999999999999998 21
28 0.7977863323400163 0.19511163330401696 0.28680630002054386
1.0 21
29 0.7900191990636396 0.18797046576599533 0.2906231000088155
1.0 21
30 0.7829697573213963 0.18162430989728603 0.27760649999254383
0.9999999999999999 21
31 0.7766074012689655 0.1755754889734961 0.2846168999967631
0.9999999999999993 21
32 0.7706685661273402 0.17025773013533171 0.27954550000140443
0.999999999999999 21
33 0.764254572005849 0.16465923538115454 0.27439559999038465
0.9999999999999989 21
34 0.7584629279598327 0.1597181908711782 0.27706079999916255
0.9999999999999997 21
35 0.7533334920658886 0.1543357064988767 0.2822263000125531
1.0000000000000018 21
36 0.7485097013080529 0.15050756195056625 0.2766548999934457
37 0.28055276486682834
-------------------------------------------------END------------------------------------------------------
33
------------------------------------Randomized only---------------------------------------------------
405.9477073641392 405.1491841102939
0.9991520930625792 20
0 375.65244577376825 375.95062081561457 0.09557959999074228
0.9993150676762824 20
1 331.98562236720363 333.8591542964677 0.1107241999998223
0.999273992946339 20
2 284.35781276754676 287.21904012632507 0.09533229999942705
0.9991317701581433 20
3 249.56924018001445 250.3600277248985 0.1133368999871891
0.971822708507412 20
0.9988602276952115 80
4 192.86507991294462 190.39174832451064 0.27492680001887493
0.8794330866437902 20
0.981076615097034 80
0.9946381638086234 140
5 99.36545458168236 97.75107128104405 0.615010200010147
0.8896692372074246 20
0.9756656249646953 80
0.9899961940959424 140
0.9941410303906629 200
6 59.699699801453505 60.78655911152031 1.2371112999971956
0.7844384253084264 20
0.9710922440492231 80
0.986171482290629 140
0.9913470978108474 200
7 40.69806071351729 42.44532216998619 1.1610356000019237
0.6871062733275416 20
0.9193277280028839 80
0.9584534792316663 140
0.9716940040091953 200
1.0 204
8 26.54760448044907 26.569185582729677 1.0815879000001587
0.921801117607828 20
0.9838396614718259 80
0.9915158877758526 140
9 19.652924987949095 19.430372115128105 0.5026836000033654
0.8248328651311483 20
0.9361152036311807 80
0.9614162538078169 140
0.9717563121339661 200
1.0000000000000004 204
10 14.812408812804742 14.94907228297768 1.2731434000015724
0.9930362392051584 20
11 11.062964810616798 11.07783988332573 0.10575960000278428
0.6776677490833778 20
0.9115214178769946 80
0.9558150053977644 140
0.9694439646508733 200
1.0000000000000004 204
12 6.783491262629707 6.317366476392632 1.091975099989213
0.9697378366053637 20
0.9947892695100504 80
13 5.838476580251772 5.531973836216148 0.2755283000005875
0.8516663271989116 20
0.8934517413309235 80
0.9349164641316811 140
0.9558420200482222 200
1.0000000000000002 204
14 3.870062025688993 3.2656113330292578 1.173784299986437
0.9639992130793891 20
0.9905647890347277 80
15 3.6873942462078793 3.0386755478483964 0.27389020001282915
0.35013620672989115 20
0.422605738471152 80
0.6426173197178746 140
0.7327264233634575 200
1.0 204
16 2.7793925002426074 2.0762237861602033 1.2596629000036046
0.8720974461146861 20
0.9613713956306505 80
0.9751057350518211 140
0.9814729545722062 200
1.0 204
17 2.24662377408609 1.6334012478253377 1.154327900003409
0.895051392936144 20
0.9575092319832958 80
0.9709691739207854 140
0.9755982070509264 200
0.9999999999999999 204
18 1.9434589024528308 1.3226805005706141 1.1694535999849904
0.9891958811439343 20
0.9964265906699581 80
19 1.9163260986909525 1.299217367918507 0.2731793999846559
0.10296669959015523 20
0.13754115076771578 80
0.2868475414233885 140
0.40169200751459067 200
0.9999999999999998 204
20 1.7073990780358335 1.1458527916964407 1.1793666000012308
0.9491198792828617 20
0.9882380808837004 80
0.9905369194221284 140
21 1.6858381985170596 1.1145375276135294 0.6449704999977257
0.17046689213013239 20
0.18391307923114325 80
0.19177522869277283 140
0.28087300923679515 200
1.0000000000000009 204
22 1.539121203620352 0.9595875517052138 1.3744029000226874
0.9864441362087257 20
0.9963365656555618 80
23 1.5270825039989318 0.9448237246573893 0.28505210002185777
0.023950759923309913 20
0.035522617198048126 80
0.15432498692257585 140
0.23374425050156722 200
1.0000000000000002 204
24 1.4058090449610954 0.8541959794406332 1.2016541000048164
0.9686876510418991 20
0.9907129675786236 80
25 1.3983835262805755 0.848337237908924 0.27347309998003766
0.010752205702705455 20
0.013571437616271371 80
0.1550311901660995 140
0.2195443095326166 200
1.0 204
26 1.3030309682588133 0.7498049698460927 1.4404186999890953
0.9853527557050883 20
0.9964326322418576 80
27 1.2952732642629803 0.7433736300344728 0.2817248000064865
0.0044714328923802895 20
0.007937242186975217 80
0.10027367342903701 140
0.17494467818869006 200
1.0 204
28 1.215223858007987 0.6680747940508505 1.0257327999861445
0.960955741075428 20
0.9852650934348407 80
0.9876269946791032 140
0.9887080110593357 200
1.0000000000000002 204
29 1.1474334303885856 0.6138990250794598 1.2765606999746524
0.9839362751201008 20
0.9963880618818817 80
30 1.142272793066002 0.6107745536462528 0.2842233999981545
0.0034025002133822126 20
0.004568186068271276 80
0.08758814858999325 140
0.14949879937428656 200
0.9999999999999986 204
31 1.0845180144835433 0.5394650962881752 1.1695285000023432
0.8895815815980276 20
0.9479107372950016 80
0.9534426644583558 140
0.9563930561797895 200
1.0000000000000007 204
32 1.0379565976304166 0.5042171828638778 1.2468124000006355
0.9896509627070719 20
0.9967162212986699 80
33 1.034136758497426 0.5024267645354777 0.2742916000133846
34 0.7440072147052407
-------------------------------------------------END------------------------------------------------------
------------------------------------Krylov only---------------------------------------------------
405.9477073641392 405.1491841102939
0.9999999999999998 21
0 372.54081179103594 373.00095707273994 0.2814042999816593
0.9999999999999996 21
1 316.12072404274045 317.1829312813883 0.27636650000931695
0.9999999999999999 21
2 215.31871987447707 214.91303001608912 0.27023380002356134
0.9999999999999994 21
3 151.73523614699337 151.99367723643235 0.4564055999799166
1.0000000000000002 21
4 91.85640462773962 91.46755108771714 0.466504400013946
0.9999999999999994 21
5 65.20914649128025 59.893709448017866 0.28224800000316463
0.9999999999999998 21
6 15.201246368145243 13.63427309584737 0.29321560001699254
1.0000000000000009 21
7 5.248514150258958 4.567676881941617 0.2910656000021845
0.9999999999999986 21
8 3.958138586770684 3.2985320800690743 0.27654079999774694
1.0000000000000016 21
9 3.2663680275319122 2.5723882683679578 0.2739796999958344
1.0000000000000007 21
10 2.980224189836865 2.36285578405514 0.2915647000190802
0.9999999999999997 21
11 2.6963222906054716 2.048047077209926 0.43544390000170097
1.0000000000000009 21
12 2.5445344041067344 1.9221597492517504 0.42379120000987314
1.000000000000001 21
13 2.3481763142023264 1.707547589665503 0.3793089999817312
0.9999999999999996 21
14 2.252958127538581 1.621762690325897 0.2777977999940049
1.000000000000002 21
15 2.0671999886971526 1.4145162620620102 0.27572990002227016
1.0000000000000004 21
16 1.9623549859552116 1.3147102614405026 0.2734259999997448
0.9999999999999992 21
17 1.8163126550812354 1.1674053467903351 0.2797804999863729
1.0000000000000016 21
18 1.712965635434814 1.0489722102226247 0.2783652000071015
0.9999999999999993 21
19 1.6121813194372918 0.9721944181918575 0.28018230001907796
1.0000000000000004 21
20 1.5313575790844076 0.8606781361379101 0.28587429999606684
1.000000000000001 21
21 1.4529392525587983 0.8060144054161292 0.2822980000055395
1.0 21
22 1.386295288585652 0.718325115968792 0.2700255000090692
0.9999999999999999 21
23 1.3303227298956728 0.680513926968618 0.27704369998537004
1.0000000000000016 21
24 1.2765693685390351 0.6155970342689165 0.2773231999890413
0.9999999999999998 21
25 1.2304325973053722 0.5853808511698371 0.2859805000189226
0.9999999999999997 21
26 1.1925283637333963 0.5408879752814385 0.26882149997982197
0.999999999999999 21
27 1.1590501787295424 0.5181151665246673 0.277569300000323
0.9999999999999997 21
28 1.1294933516411272 0.4857094145043901 0.27411249998840503
0.9999999999999998 21
29 1.1031240226262455 0.46770978424649096 0.2769822000118438
1.0000000000000009 21
30 1.0791632901750359 0.4432728092180729 0.2706698999973014
0.9999999999999998 21
31 1.0562514812012727 0.4280021460109044 0.27632370000355877
0.9999999999999992 21
32 1.036013394467962 0.40768569269096633 0.3558655999950133
0.9999999999999996 21
33 1.0188462108605087 0.39763732087535625 0.3488812999858055
1.0000000000000004 21
34 1.0036792175092917 0.3790759470397315 0.30956170000717975
0.9999999999999997 21
35 0.9899072647646817 0.3716563279512203 0.2820971000182908
0.999999999999999 21
36 0.9775600461456159 0.35662064738762833 0.3683514000149444
0.9999999999999994 21
37 0.9662643650932514 0.35148943426404183 0.3401679999951739
0.9999999999999996 21
38 0.9557208576392113 0.33863202195890735 0.2879670999827795
0.9999999999999994 21
39 0.9461335604432592 0.3346469461469444 0.28357830000459217
1.0000000000000004 21
40 0.9373679081406746 0.3238130808196818 0.2963375999825075
1.0000000000000007 21
41 0.9283664671782935 0.31997857345014574 0.27630470000440255
1.0000000000000002 21
42 0.9200149085570336 0.30988176543012846 0.2846590999979526
1.0000000000000013 21
43 0.9128990526449837 0.30898380094905337 0.2811349999974482
1.0000000000000016 21
44 0.9063065084174486 0.2994188233774424 0.28836669999873266
1.0000000000000009 21
45 0.9001117244013435 0.29840200445516407 0.27709560000221245
0.9999999999999996 21
46 0.8943345838251456 0.2898539815948402 0.2729280000203289
0.9999999999999998 21
47 0.8888420295989446 0.2893458542256111 0.26694689999567345
1.0000000000000013 21
48 0.8836689948143969 0.2816857449626656 0.2789606000005733
0.9999999999999992 21
49 0.8787071101804127 0.28117184013040847 0.270256599993445
50 0.30111680800095203
-------------------------------------------------END------------------------------------------------------
34
------------------------------------Randomized only---------------------------------------------------
411.24783691684985 413.7069825078121
0.996358248777106 20
0 380.1228197985464 382.7010300534858 0.10467520001111552
0.9974334437403692 20
1 334.79093860736856 337.2939040692601 0.09932740000658669
0.9985328919373305 20
2 285.0930841791554 287.18303008699405 0.10870780001278035
0.99907695442304 20
3 251.14570577197895 250.63772203251585 0.11081370001193136
0.9748451745556547 20
0.9992223425355513 80
4 208.38743695780144 207.77405782731302 0.2760749000008218
0.91084352287414 20
0.9859124721202441 80
0.9943208710000503 140
5 82.34287251000737 78.24216774515392 0.6531935000093654
0.8638745063071818 20
0.9680393693228283 80
0.98801358014482 140
0.9942402248829454 200
6 45.228608090953024 43.59158758933095 1.0260240999923553
0.7025612376554272 20
0.9484044443871393 80
0.9704292917318735 140
0.9825922676021298 200
1.0000000000000002 204
7 26.890144512313388 25.481770860961507 1.0477994999964722
0.7681235968864022 20
0.9583531219539996 80
0.9774537043191838 140
0.9859821914880932 200
0.9999999999999997 204
8 15.109553926188202 14.707871505438934 1.2003280999779236
0.8794518551010155 20
0.9748049167057724 80
0.9877188031964889 140
0.9916860193752106 200
9 10.497007889292167 10.518848821680844 1.2059089999820571
0.6635549621802833 20
0.8400943903240888 80
0.8851749637182686 140
0.9112451775854332 200
1.0 204
10 6.584946334295995 5.833445472667728 1.106350400019437
0.8641328086720574 20
0.9768687166618327 80
0.9857706668018869 140
0.99008392162174 200
11 5.352490789539997 4.729534071067523 0.9747846999962348
0.5672824471541159 20
0.6909574283762536 80
0.7354686736297835 140
0.761365936589384 200
1.0 204
12 3.7809558964106427 3.133547393141691 1.2351141000108328
0.9858616052687662 20
0.9957692575845223 80
13 3.562339733788051 2.8929831891634423 0.2845661999890581
0.11546360911329559 20
0.16733867652339285 80
0.49862832574057886 140
0.5881622627824037 200
0.9999999999999996 204
14 2.805617686927026 2.1254070138031103 1.3098953000153415
0.9103527771911655 20
0.9574633825615234 80
0.9717219727139726 140
0.9776084304511026 200
1.0 204
15 2.3380646685403086 1.686834068080746 1.2316677999915555
0.9140184519109787 20
0.948802591216646 80
0.9604356436238534 140
0.9648531621675811 200
0.9999999999999999 204
16 2.0019010664346384 1.3492494849784076 1.038368100009393
0.9239363078801568 20
0.968727161195527 80
0.9733098384688895 140
0.9761148064695173 200
0.9999999999999989 204
17 1.7474286328942668 1.0940580968020173 1.1218747999810148
0.8060363391997253 20
0.8997810287027547 80
0.9148442771031751 140
0.9241553046255604 200
1.0000000000000004 204
18 1.55029538526307 0.9085386427948848 1.078529399994295
0.9302212949054359 20
0.9652898217531617 80
0.9700516393797466 140
0.9718657127372563 200
1.0 204
19 1.3954316232463895 0.7392022897073605 1.0892223000118975
0.9345281180255085 20
0.977404849177788 80
0.9805970996332879 140
0.9824483462788202 200
0.9999999999999998 204
20 1.2686940965192661 0.6141698404852722 1.2514196999836713
0.928386863219728 20
0.967066103968763 80
0.9715140238725585 140
0.9733718629709894 200
0.9999999999999997 204
21 1.1726099089829147 0.5305092428373355 1.2307510000246111
0.9341106131200333 20
0.9775308358532808 80
0.9799461684732829 140
0.9811731804494 200
0.9999999999999996 204
22 1.0860285782392838 0.4535086965781228 1.1556543000042439
0.8690194228709196 20
0.9503558694483641 80
0.9568772336674669 140
0.9618183213355559 200
1.0 204
23 1.0234971186772766 0.4024266879937346 1.0859881999786012
0.9261614871687951 20
0.95331784846992 80
0.9561302656605108 140
0.9580000185265106 200
0.9999999999999999 204
24 0.9662471214549471 0.3541213000564759 1.4444531000044663
0.9203057028714738 20
0.9644530471020945 80
0.9682313901621664 140
0.9712677807351814 200
1.0000000000000002 204
25 0.9249303250380366 0.31980708759323384 1.219830699992599
0.8811941597463845 20
0.9101588795608813 80
0.9144908030154002 140
0.9174211960018507 200
1.0 204
26 0.8861883126836443 0.28831063432711385 1.168514499993762
0.8382263408319566 20
0.9041760756804897 80
0.9129006205041493 140
0.9181850470249938 200
1.0000000000000004 204
27 0.8575629092028983 0.2627840139922173 1.32709390000673
0.9509038503642683 20
0.970611575988511 80
0.9720856152149345 140
0.972944043902848 200
0.9999999999999996 204
28 0.8297690186236069 0.24034618485602055 1.1927330999751575
0.8910058953534087 20
0.9358204979719537 80
0.9415557985564167 140
0.9445520409017154 200
0.9999999999999996 204
29 0.8078094700343446 0.21783633844149708 1.0356389000080526
0.9661762621580727 20
0.9833911222920285 80
0.9842221654801125 140
0.9847031382277335 200
1.0000000000000002 204
30 0.7866271028702304 0.2034220962325696 1.717041900003096
0.8524379391022543 20
0.9084355776121749 80
0.9151932066311986 140
0.918794510446563 200
1.0 204
31 0.7694743133317341 0.1818311295074705 1.8613182000117376
0.9589352311792801 20
0.9775911516341812 80
0.9784723984518804 140
0.979040088814967 200
1.0 204
32 0.7538773822291819 0.17519044650194365 1.378682899987325
0.8436435617736752 20
0.8887809629365088 80
0.8942602618854464 140
0.8971258740495331 200
0.9999999999999998 204
33 0.740680186258584 0.1554537655684553 1.1933909999788739
0.9527223940424038 20
0.9696605364834668 80
0.9705062916431795 140
0.9711921383283942 200
0.9999999999999998 204
34 0.7289722127133248 0.15252122506817 1.294033899990609
0.9558770392695886 20
0.9648370204258689 80
0.9659620264266985 140
0.9664649094448308 200
1.0000000000000002 204
35 0.7186903980739944 0.13617451764049526 1.3704082999902312
0.9547367346386066 20
0.9695540161176879 80
0.9704433535479209 140
0.9711659186611236 200
1.0 204
36 0.7095647910660006 0.13393243146246453 1.3633420999976806
0.9628938146912277 20
0.9718672866905864 80
0.972532173136247 140
0.9728066180563046 200
1.0000000000000002 204
37 0.7014309620225686 0.12130537555544416 1.0987358999846037
0.9057508387184736 20
0.936673155566401 80
0.9387639035973707 140
0.9400605205489353 200
1.0000000000000002 204
38 0.6941480726676745 0.11901952371731983 0.9505508999864105
0.9122808108745541 20
0.9360449889658069 80
0.9374124978756203 140
0.9379923944139598 200
1.0000000000000002 204
39 0.6876279933167342 0.109427386810499 1.1877970999921672
0.8379207955360558 20
0.8920387289338386 80
0.8957496340245824 140
0.8974014444267648 200
0.9999999999999998 204
40 0.6817464833614535 0.10722323908056589 1.3895647000172175
0.8387286468311315 20
0.8773496491932933 80
0.8798519180845492 140
0.8810027382179991 200
1.0 204
41 0.676481279771244 0.09981422591690764 1.161039799975697
0.8985495156825909 20
0.93110954733765 80
0.9333050246720405 140
0.9341041488567641 200
1.0 204
42 0.6717009835411686 0.09783214442809728 1.080453700007638
43 1.0572480023236197
-------------------------------------------------END------------------------------------------------------
------------------------------------Krylov only---------------------------------------------------
411.24783691684985 413.7069825078121
0.9999999999999998 21
0 375.72431170062697 378.7748549650692 0.2853002999909222
1.0000000000000007 21
1 325.1601382669815 327.6363700168361 0.28003439999883994
1.0000000000000004 21
2 234.24228991908282 232.02796911165876 0.2729858999955468
1.0000000000000004 21
3 187.85086566131653 185.94085458880008 0.3074917000194546
0.9999999999999992 21
4 108.25773695769084 106.47492571603901 0.26997900000424124
1.0000000000000007 21
5 63.15914890771726 62.67788609810515 0.2813607999996748
0.9999999999999994 21
6 35.14949380984564 34.50813100824757 0.3333521999884397
0.9999999999999997 21
7 17.61448734737248 16.933511566986468 0.26551759999711066
0.9999999999999997 21
8 11.661520014575526 10.990384300063848 0.2749465999950189
0.9999999999999996 21
9 4.2521042911893066 3.685806726325738 0.2923792999936268
1.0000000000000004 21
10 3.3537456327872452 2.684654691611545 0.2779382999869995
0.9999999999999997 21
11 2.731622769566132 2.0990350639270265 0.2746107999992091
1.0 21
12 2.3725809203613846 1.7266313475837907 0.28347029999713413
1.0000000000000004 21
13 2.075169195819083 1.436186376502434 0.28802079998422414
1.000000000000001 21
14 1.8826752168882106 1.2629157768436905 0.2855443000153173
1.0000000000000002 21
15 1.7035739145708095 1.0639774505029809 0.29577479997533374
1.0 21
16 1.583643572931975 0.9880438836766371 0.31116680000559427
1.0000000000000009 21
17 1.4783092330329741 0.837976024648935 0.3998925999912899
0.9999999999999992 21
18 1.4007445329715955 0.8131998140015058 0.2813599999935832
1.0 21
19 1.333984706548704 0.7010596785418816 0.2842155000253115
1.0000000000000002 21
20 1.2789718244004271 0.6957868676408059 0.2909938999800943
0.9999999999999999 21
21 1.2303044689348908 0.6057824962121887 0.27193739998620003
1.0000000000000002 21
22 1.1898050717895097 0.6037102365105033 0.2831387000042014
1.0000000000000007 21
23 1.150228561906531 0.5322823490334538 0.27721120000933297
0.9999999999999998 21
24 1.117025401151176 0.5286367573792986 0.26484469999559224
0.9999999999999988 21
25 1.0835353362049778 0.46842898145018363 0.2683771000010893
1.0000000000000002 21
26 1.0542207884570842 0.46213857271912684 0.2689280000049621
0.9999999999999998 21
27 1.0259975835130677 0.4100440100399114 0.2692300000053365
1.0000000000000007 21
28 1.0007556086993794 0.40123471707785613 0.27856260002590716
1.000000000000001 21
29 0.9752921480897843 0.3598639617078699 0.2791258000070229
1.0000000000000007 21
30 0.9532180941624265 0.3469040628275185 0.28137510002125055
1.0 21
31 0.9342701943534736 0.3175721377488011 0.2722760000033304
1.0000000000000002 21
32 0.9169205065531847 0.305767552552839 0.49904460000107065
1.0000000000000002 21
33 0.9010898645369653 0.2845786416939547 0.37983570000506006
1.0000000000000004 21
34 0.8865111696586546 0.27241182717205786 0.27085030000307597
0.9999999999999997 21
35 0.8732372747505397 0.25589089057061837 0.28430969998589717
0.9999999999999993 21
36 0.8604114300533063 0.24489905889565966 0.2882212999975309
1.0000000000000013 21
37 0.8488684435114588 0.23263150111447278 0.2786857000028249
0.9999999999999997 21
38 0.8384618252791137 0.22270942568463847 0.2911174999899231
1.0000000000000002 21
39 0.8288734714754687 0.2126726419028055 0.28120500000659376
0.9999999999999988 21
40 0.8198583002010721 0.20461814957725385 0.26921269999002106
1.0 21
41 0.8116295807528299 0.19726858298482078 0.2803293000033591
1.0000000000000022 21
42 0.8039728337783206 0.19009781525315866 0.2911816000123508
0.9999999999999996 21
43 0.7968797435195524 0.18384409641341556 0.2855466000037268
1.0 21
44 0.7902148925810919 0.17769577873355574 0.28840310001396574
1.0000000000000002 21
45 0.7839989233529013 0.17261822581769415 0.28442909999284893
1.0 21
46 0.7781498106040664 0.16712887322051123 0.27625669998815283
1.0000000000000002 21
47 0.7718554645277156 0.16299393539941742 0.2902413999836426
0.999999999999999 21
48 0.7659781635947759 0.15674452364638133 0.27937109998310916
1.0000000000000007 21
49 0.7610323202409516 0.1528689477688402 0.28393589999177493
50 0.29107039599912243
-------------------------------------------------END------------------------------------------------------
35
------------------------------------Randomized only---------------------------------------------------
393.2197291311926 393.1237371282618
0.9992285147216795 20
0 364.79640781970835 365.7819981668938 0.09110869999858551
0.9993605163095644 20
1 323.89293936810344 326.3172288048618 0.09253510000417009
0.9992520827679424 20
2 278.8796312741291 281.93864479442817 0.10978480000630952
0.9987167724900312 20
3 244.64300576284128 244.80529208300024 0.09001210000133142
0.9864793077882542 20
0.9989291156953076 80
4 171.18510328336893 167.8320213082926 0.2656765000137966
0.7659156923871769 20
0.9825981531079083 80
0.9946190135371412 140
5 90.21651791168372 84.74485229810037 0.592837000003783
0.7238818364634144 20
0.9410049763636786 80
0.9694687953694522 140
0.9838603947005256 200
0.9999999999999998 204
6 44.55016931340859 39.00975152182089 1.238557500008028
0.7896986483299067 20
0.9560988438049319 80
0.976952609269844 140
0.9866023309150344 200
1.0 204
7 24.40747480970656 21.90697964255278 1.1172021000238601
0.7288490676495377 20
0.9303638471913567 80
0.9666627989547221 140
0.978712592907463 200
0.9999999999999999 204
8 14.16385279520481 13.230560399701709 1.2428480999951717
0.6658415663428179 20
0.896089320833034 80
0.9424977197703546 140
0.9623978941497149 200
1.0000000000000004 204
9 9.146666064032726 9.013167956404141 1.180710300017381
0.8310670974604317 20
0.967765821471257 80
0.9819221847089272 140
0.9870294079839284 200
0.9999999999999998 204
10 5.9723176000522304 5.799370559865454 1.24299300002167
0.9381952634750063 20
0.9862661509163572 80
0.9907214515526594 140
11 5.446412262262022 5.313028560246031 0.590066900011152
0.26723692765924273 20
0.578136787334595 80
0.6138480652524908 140
0.7264836477857388 200
0.9999999999999997 204
12 4.152688976646546 3.967911139777556 1.4756882000074256
0.7727467566768967 20
0.9584294989928169 80
0.968608649317746 140
0.9763981785221353 200
1.0000000000000002 204
13 3.313912411355981 2.9453142414803533 1.2549345000006724
0.7840705464154072 20
0.9040830348584116 80
0.9255163205070959 140
0.9385086152727954 200
1.0 204
14 2.826250311633833 2.4362553572693098 1.189811299991561
0.8411382018876603 20
0.939284520476312 80
0.9488953914608772 140
0.9565530945591895 200
0.9999999999999999 204
15 2.4614926899892047 2.009869262406224 1.1176857000100426
0.7255496444583024 20
0.8663526315105372 80
0.8883064036667937 140
0.9010727656392944 200
0.9999999999999996 204
16 2.2160282501820476 1.780668802658324 1.3614264999923762
0.7596937924690795 20
0.8847163387591588 80
0.9042507926492014 140
0.9137889688222318 200
1.0000000000000004 204
17 2.0120435095411398 1.5276353269029082 1.014991000003647
0.6332148660192738 20
0.7667587300912091 80
0.8019268034057845 140
0.8209213700882517 200
1.0 204
18 1.8627775327276752 1.3776431650152012 1.2825450999953318
0.7292932799315223 20
0.8292474916562456 80
0.850354960003813 140
0.861045310841647 200
1.0000000000000002 204
19 1.7239400037122607 1.2069771652891814 1.3787884000048507
0.8432090633596864 20
0.8997998770856389 80
0.9141011152312569 140
0.9202521053666147 200
1.0000000000000004 204
20 1.617821280548697 1.092701513281886 1.258190900000045
0.7905606999085409 20
0.857156771831585 80
0.8685920631223205 140
0.8752404597508535 200
1.0000000000000002 204
21 1.5165373092929606 0.9822255188565939 1.0864464000042062
0.8709100161263346 20
0.9118965656254401 80
0.9236646345240775 140
0.9291912203634969 200
1.0 204
22 1.4350524545526038 0.8900868271539525 1.1720504999975674
0.8500277723949071 20
0.8942932212094099 80
0.9030960155071227 140
0.90861972829539 200
0.9999999999999997 204
23 1.3541625885841453 0.8096141241491628 1.1335218000167515
0.8730556089381547 20
0.9038004204526153 80
0.9125952410501484 140
0.9190174242439206 200
1.0000000000000002 204
24 1.284643575880691 0.7364248263043441 1.303002500004368
0.9273308655287031 20
0.9473935198584722 80
0.9525299895221891 140
0.9561694875649854 200
1.0 204
25 1.2185134035280698 0.667730077360637 1.0628342000127304
0.8275430831955252 20
0.8618509477029341 80
0.8691589982400134 140
0.8758338267168903 200
0.9999999999999992 204
26 1.160432914568195 0.6134736953166312 1.1581043000041973
0.8911124221586696 20
0.9145743039901836 80
0.9221775089012324 140
0.9285596717056845 200
1.0 204
27 1.10654529936529 0.5523670839490284 1.4209690999996383
0.8752181943999168 20
0.9070072412238326 80
0.9117286685794743 140
0.9161741030400874 200
1.0 204
28 1.0578083874387638 0.5080896871899395 1.8005742999957874
0.8692468738254752 20
0.9004291371951941 80
0.9074899438544247 140
0.9148388715239429 200
0.9999999999999996 204
29 1.015553860737287 0.45913765311117216 2.9091018000035547
0.9514068850011099 20
0.9656789664454515 80
0.9675031426581117 140
0.9693661941116997 200
0.9999999999999999 204
30 0.9778358864901467 0.42471718635443184 1.93980379999266
0.916053912602581 20
0.9339027061039719 80
0.9365068671125639 140
0.9401991048268903 200
0.9999999999999998 204
31 0.947163732836421 0.3911938853010275 1.4036869000119623
0.9513130649337126 20
0.9637675119456863 80
0.9655292326822341 140
0.9672438866766797 200
1.0000000000000002 204
32 0.92009306511779 0.3650835360406874 1.4702264000079595
0.8650751674609009 20
0.8901345907371073 80
0.8935498030486235 140
0.8981233790766117 200
1.0000000000000002 204
33 0.8974177558785895 0.34258491077996167 1.5417497000016738
0.8066926474572597 20
0.8567964444213079 80
0.8628410069185836 140
0.8685136232442048 200
0.9999999999999997 204
34 0.8772703238254238 0.3211992136132303 1.4027941999956965
0.6646222780045091 20
0.7621894746650073 80
0.7706699656250361 140
0.7786899695782126 200
1.0000000000000002 204
35 0.8597053467416735 0.3056850612624926 1.254589100019075
0.7776462954642572 20
0.8384373138463812 80
0.8449672049756217 140
0.8506728962502207 200
1.0000000000000002 204
36 0.8437789949576893 0.2871498471978713 1.1600337999989279
0.7710394986432207 20
0.8501290092875267 80
0.8551497477885532 140
0.8596026601500539 200
0.9999999999999998 204
37 0.8295004880592289 0.27608995050633883 1.0698934999818448
0.8363462301832125 20
0.8795778496488834 80
0.8840910307490863 140
0.8876381870169529 200
1.0000000000000007 204
38 0.8164175317429021 0.25978026721018477 1.4084136000019498
0.8184573059308101 20
0.8732470772443907 80
0.8765700407727376 140
0.8798652927712359 200
0.9999999999999998 204
39 0.8046019113635837 0.25155615729033265 1.2631300000066403
0.8993368533541787 20
0.9222287928566012 80
0.9246484939152146 140
0.9262629096431589 200
1.0000000000000004 204
40 0.7937541831335713 0.2373844633563366 1.0259558999969158
0.8042966534102892 20
0.8463238700868215 80
0.849256490425046 140
0.8526485138134097 200
1.0000000000000007 204
41 0.7839412260674832 0.23120284598570562 1.4487209999933839
0.9352545163694356 20
0.9469779043613795 80
0.9483708054021829 140
0.949102181764912 200
1.0000000000000002 204
42 0.7749167680931699 0.21889539545405443 1.1773189000086859
0.7497657893369626 20
0.7889874191277426 80
0.7923216994403678 140
0.7964073398120778 200
1.0000000000000007 204
43 0.7667302536944891 0.21436809279457283 1.1631078000064008
0.9424512976133675 20
0.9517182933446149 80
0.9529564062081071 140
0.9534826836641712 200
0.9999999999999996 204
44 0.759251821703719 0.2036641794372265 1.3730666000046767
0.6744302468361374 20
0.7152467389776105 80
0.7196752497720174 140
0.7247398950959685 200
1.0 204
45 0.7524427284444668 0.20032416869720543 1.1170608999964315
0.9306340955259434 20
0.9421735407093341 80
0.943759379768171 140
0.9443531048849464 200
0.9999999999999998 204
46 0.7462768681335218 0.19128224900380497 1.0721041999931913
0.6298920394410636 20
0.6670456257430873 80
0.6725361662517692 140
0.6779298396861932 200
0.9999999999999997 204
47 0.7406226857660616 0.18840600125062065 1.3762901999871247
0.9134305502361033 20
0.9284956253414012 80
0.9305347059440573 140
0.9312495961567903 200
1.0000000000000004 204
48 0.7354773266525403 0.18109515471196294 1.3612045000190847
0.7367756599309355 20
0.7608091592578187 80
0.7650969889749267 140
0.7685193037940004 200
0.9999999999999998 204
49 0.7307118702386133 0.17813548191938974 1.1283817999938037
50 1.1678506280033616
-------------------------------------------------END------------------------------------------------------
------------------------------------Krylov only---------------------------------------------------
393.2197291311926 393.1237371282618
1.0000000000000004 21
0 359.8435144539927 361.78832556249967 0.27973879998899065
1.0000000000000007 21
1 292.7572750086264 295.0693566947619 0.2807021999906283
0.9999999999999996 21
2 242.39286286054687 243.08764203335286 0.33111500000813976
0.9999999999999998 21
3 225.15011727693175 221.08616958021895 0.3309325999871362
1.0000000000000004 21
4 220.0953103641423 217.45557412923668 0.2887697000114713
0.9999999999999997 21
5 90.9416374648723 90.20969661903712 0.3004482999967877
1.0000000000000002 21
6 51.15116241926407 49.1540904678271 0.2773524000076577
0.9999999999999998 21
7 50.61054242704377 47.75930941120663 0.28364089998649433
1.0000000000000007 21
8 19.80016160260739 19.07424411136465 0.29802289998042397
0.9999999999999996 21
9 10.817645513135133 10.327443576655796 0.2717711000004783
1.0 21
10 8.228707069350753 7.684282249074835 0.2752776999841444
0.999999999999999 21
11 4.274049930313344 3.6908526751051074 0.2681936000008136
1.0000000000000009 21
12 3.931398890928655 3.481662784161348 0.2768136000086088
0.9999999999999999 21
13 2.6884310111817866 2.2066559082985986 0.27047320001292974
0.9999999999999999 21
14 2.2250536996844623 1.7620985821699724 0.2745802999997977
0.9999999999999996 21
15 2.0315240471838627 1.5387282783529934 0.28655170000274666
1.0000000000000009 21
16 1.8679244750200756 1.3608906133800602 0.2768416999897454
0.9999999999999999 21
17 1.7728884770065474 1.2747799228463947 0.2902915999875404
1.000000000000001 21
18 1.6805468143674647 1.1677865572999944 0.4338572999986354
1.0000000000000007 21
19 1.6105874314073927 1.0931280883003869 0.39348090000567026
0.9999999999999994 21
20 1.4999937936640229 0.9875074929276136 0.2815974999975879
0.9999999999999997 21
21 1.4369163804104987 0.8952494122638519 0.4075840000004973
1.0000000000000004 21
22 1.3585066718255767 0.8308870463496706 0.3861316999827977
1.0 21
23 1.3141586934703258 0.754220899853317 0.3047163000155706
1.0000000000000007 21
24 1.2635001691290504 0.7250444937404452 0.5600851000053808
1.0000000000000002 21
25 1.2326644504369157 0.665938465871369 0.5432014999969397
1.0000000000000009 21
26 1.1999549418620834 0.6482838782291467 0.27737289998913184
0.9999999999999992 21
27 1.177099979068988 0.6024166327837748 0.2810980000067502
1.0000000000000002 21
28 1.1539638997419812 0.5909255633295325 0.31649120000656694
1.000000000000001 21
29 1.135241724826059 0.5513863407013144 0.2796194000111427
1.000000000000001 21
30 1.1168613470955702 0.5434551380375727 0.27301919998717494
1.000000000000001 21
31 1.1008124396720362 0.5095050286741868 0.27407849999144673
1.0 21
32 1.0854108422678694 0.5033936176864464 0.26750339998397976
0.9999999999999998 21
33 1.0712073078690492 0.4747543318362029 0.2685753999976441
1.0000000000000004 21
34 1.057612640453313 0.4688269455766398 0.2851074000063818
0.9999999999999998 21
35 1.0454896058052814 0.44429146462234714 0.28636290002032183
1.0000000000000002 21
36 1.0337698477053117 0.4398232028154007 0.2746453999716323
1.0000000000000002 21
37 1.0225827099032079 0.41841332654527 0.2830486999882851
0.9999999999999984 21
38 1.0120225133423157 0.41573671864525535 0.28613059999770485
0.9999999999999994 21
39 1.0021672381403304 0.39418238931992255 0.27464469999540597
0.9999999999999993 21
40 0.9928237619713709 0.3935466704531824 0.2881274000101257
1.000000000000001 21
41 0.9844504437901888 0.37604011970992873 0.2925180999736767
1.0000000000000002 21
42 0.9763424394038982 0.37536780020559324 0.26701609999872744
1.0000000000000004 21
43 0.9687083115365349 0.35974838132646164 0.2950410999765154
0.9999999999999994 21
44 0.9613255305617254 0.35911903888706614 0.465225099993404
1.0000000000000007 21
45 0.9541278568231972 0.34538283094649735 0.4344581999757793
0.9999999999999999 21
46 0.947175462246115 0.344415288774188 0.3395449999952689
0.9999999999999998 21
47 0.9402942188861045 0.331421515730672 0.28201439999975264
1.0000000000000002 21
48 0.9336276310059773 0.3310665772366803 0.6144080999947619
0.9999999999999983 21
49 0.9272170437495791 0.3187605041694985 0.32634329999564216
1.0000000000000013 21
50 0.9212174621778362 0.31907060277589067 0.40157310001086444
1.0 21
51 0.9154945732827003 0.3080085367533969 0.27407009998569265
0.9999999999999994 21
52 0.9100509809698367 0.30801197050276824 0.26712280002539046
1.0000000000000007 21
53 0.9047438166148571 0.29792181335614926 0.28118109999923036
0.9999999999999994 21
54 0.8996601502925452 0.2979306373797187 0.2838651000056416
0.9999999999999996 21
55 0.8946600119938033 0.28860703543117444 0.2844334999972489
1.0000000000000002 21
56 0.8898069501221023 0.2884960315432848 0.2688239999988582
57 0.31694097894452217
-------------------------------------------------END------------------------------------------------------
36
------------------------------------Randomized only---------------------------------------------------
436.97348926353754 438.3746967968993
0.9988971904104281 20
0 401.5235708828591 403.5270678759596 0.0984998999920208
0.9990405971004002 20
1 350.1366725062143 352.4371910187426 0.10894529998768121
0.9992596718660902 20
2 293.41910475434867 295.3706550804584 0.10852529999101534
0.9994271232819812 20
3 253.06411287419553 253.3254298169004 0.11226540000643581
0.9954872614738237 20
4 220.59130260428003 217.6202044283584 0.108906500012381
0.9890896031443875 20
0.9989594078873861 80
5 155.2484615124251 153.04428478763924 0.2704768000112381
0.9151592991124782 20
0.9895495438003281 80
0.9968521937033782 140
6 99.67521328123601 92.72197242706717 0.7845731000124943
0.9100977554233782 20
0.9912265118199552 80
7 59.15944020935511 55.909302435149655 0.274851199996192
0.7011351150099001 20
0.9587854338943919 80
0.980988461704453 140
0.9911026913809368 200
8 32.312426815345596 31.415497893559802 1.127970000001369
0.6844603817305677 20
0.968260417444659 80
0.9833713786795216 140
0.9903294262800814 200
9 19.66768568767133 19.149035317830826 1.1163859999796841
0.7508341763484578 20
0.9486099378013841 80
0.9708200802599452 140
0.9791212734922963 200
1.0 204
10 10.973476835239996 10.988024383959619 1.2931112000078429
0.9218323724936301 20
0.9893837053683351 80
0.994763763942015 140
11 8.36084579288951 8.301037966326152 0.5258879000029992
0.7444649159103561 20
0.8975757415210559 80
0.9251097737794697 140
0.9449455802633823 200
0.9999999999999993 204
12 5.451245212114966 5.292920555029244 1.085436800000025
0.8705904865966615 20
0.984067171304475 80
0.9928764069615577 140
13 4.3142158401446755 3.933280180554671 0.5516352999839
0.8627204790195542 20
0.9251519608959274 80
0.9388895500158327 140
0.9606270460038937 200
0.999999999999999 204
14 3.114396888255505 2.675398828997945 1.5589705999882426
0.9751686110766888 20
0.9945275480242005 80
15 2.8278977943276473 2.4003259140207427 0.28177549998508766
0.48569185688485245 20
0.5213350446245124 80
0.7031500237395922 140
0.8289291614670216 200
1.0000000000000002 204
16 2.2977732145207708 1.6819816151301135 1.1799233000201639
0.9812871228666152 20
0.9973727334997204 80
17 2.0640053358894144 1.458965709481622 0.2701618999999482
0.3519047518901772 20
0.3709896381589459 80
0.5698516877947993 140
0.6962963594131877 200
1.0000000000000002 204
18 1.790964317679566 1.2391942291252207 1.3922039000026416
0.9823182496018537 20
0.9978000634714277 80
19 1.6365460306017428 1.0572285614027777 0.2719339999894146
0.022926090314193768 20
0.035925862773519134 80
0.3310363004611188 140
0.5051917952335488 200
1.0000000000000004 204
20 1.4099450405264946 0.7837893841284961 1.6235337000107393
0.9651372165257969 20
0.9967217018179542 80
21 1.3581443057412628 0.7486803760051035 0.29637329999241047
0.017355585381610524 20
0.028724115884670054 80
0.2260513580682507 140
0.3555131996296453 200
0.9999999999999991 204
22 1.2259010993384467 0.6246183364197717 1.3441073999856599
0.9945556199825161 20
23 1.1938031296551201 0.594173158259307 0.10024449997581542
0.09980561342266119 20
0.7743126934720719 80
0.8317824654910805 140
0.859992751418792 200
0.9999999999999998 204
24 1.0776405145768417 0.471553945872776 1.083861999999499
0.9898515010731683 20
0.9980427594116006 80
25 1.0602453570366024 0.45561301456262127 0.27564549999078736
0.009760824365181251 20
0.013407956396200474 80
0.14312188250221614 140
0.23550036128016386 200
0.999999999999999 204
26 0.9753897995556783 0.36714300892923224 1.0791619000083301
0.9628394959125569 20
0.9926697946551878 80
27 0.9687374000117681 0.3582402432314368 0.28101030000834726
0.008268824778914668 20
0.00958363646487464 80
0.09902115553633062 140
0.19678296463440995 200
0.9999999999999993 204
28 0.9232892437691187 0.31653945881693235 1.2252301999833435
0.9912078936736757 20
29 0.9053667071217416 0.3090254090351719 0.10502740001538768
0.008019332203360418 20
0.8385429814821522 80
0.8936187300711975 140
0.9052437308532106 200
1.0 204
30 0.8569073905669391 0.2662557907196497 1.217151599994395
0.9535938986579762 20
0.9921045302198733 80
31 0.8528776855051988 0.2598907677387985 0.26283439999679103
32 0.6692694406228838
-------------------------------------------------END------------------------------------------------------
------------------------------------Krylov only---------------------------------------------------
436.97348926353754 438.3746967968993
1.0000000000000004 21
0 396.2631297326291 399.0272427379583 0.27653130001272075
1.0000000000000004 21
1 330.53181494751385 333.1418303909329 0.27899880000040866
1.0000000000000004 21
2 257.3446940372113 249.65185524997375 0.2691349000087939
0.9999999999999998 21
3 133.94077159877736 128.3866364043445 0.27261499999440275
1.0000000000000007 21
4 41.24640925003439 41.95320777804763 0.2654108999995515
0.9999999999999999 21
5 16.75549047173984 16.48729319908274 0.27280989999417216
0.999999999999999 21
6 6.038570978756607 5.383380930131652 0.27941489999648184
1.0000000000000007 21
7 3.4918338946128773 2.6607422769813107 0.28428650001296774
1.0 21
8 2.7516009756289885 2.076673814209499 0.28630429998156615
0.9999999999999997 21
9 2.3097348574244423 1.5454593193328274 0.2812817000085488
0.9999999999999998 21
10 2.0665497401959367 1.3815482799008674 0.28292090000468306
0.9999999999999998 21
11 1.854854520417202 1.158374976414489 0.2753021999960765
1.0000000000000004 21
12 1.7000794478142547 1.020507610429962 0.2778855999931693
1.0000000000000009 21
13 1.5594723669266466 0.8812385493978813 0.2747654999839142
0.9999999999999994 21
14 1.4332111072194247 0.7572580225750355 0.2894650000089314
0.999999999999999 21
15 1.3385341746693349 0.6631363531915533 0.2752430000109598
1.0000000000000002 21
16 1.2402566582713066 0.577289447558993 0.26700069999787956
0.9999999999999996 21
17 1.1757905917559948 0.5049465382959527 0.27812139998422936
1.0000000000000007 21
18 1.114999122797485 0.4558219991445096 0.28439369998523034
0.9999999999999996 21
19 1.0684696761476375 0.4058327951938678 0.28403170002275147
1.0 21
20 1.0285227561315764 0.3735092242249876 0.2898447999905329
1.0000000000000004 21
21 0.9955129981628179 0.34227657630328917 0.2740077000053134
1.0000000000000016 21
22 0.9662189048814586 0.31674089560824104 0.2794700000085868
1.0000000000000002 21
23 0.9428741353696197 0.2958078456536618 0.26667749998159707
0.9999999999999994 21
24 0.9220074672671046 0.2783983447227441 0.2770957000029739
0.9999999999999997 21
25 0.9039870605246817 0.2639803194578296 0.27683749998686835
1.0000000000000004 21
26 0.8868495110437224 0.2510970181202087 0.28339759999653324
1.0000000000000018 21
27 0.8720120582909195 0.23846580595852543 0.2870931999932509
1.0000000000000013 21
28 0.8582871594338951 0.2269605141541406 0.27720579999731854
1.0000000000000009 21
29 0.8454356460375524 0.21817491580651277 0.2840722000109963
1.0 21
30 0.8348448941980378 0.20963106661138578 0.29804159997729585
1.0000000000000009 21
31 0.8248428837588453 0.20233831313821365 0.2951232999912463
0.9999999999999998 21
32 0.815693119342443 0.19494814463340618 0.2880085999786388
1.0000000000000013 21
33 0.8080497484939858 0.18962634042695692 0.27950430000782944
0.9999999999999997 21
34 0.8008821273728105 0.18366916845661882 0.2792026000097394
1.0000000000000002 21
35 0.7942056075191549 0.17909934752760664 0.4431124000111595
1.0000000000000002 21
36 0.7878812151418375 0.17377532676772717 0.2727870999951847
1.0000000000000004 21
37 0.7819250204427731 0.16973721632213493 0.28225089999614283
1.0000000000000009 21
38 0.7761557287667108 0.1647198182027807 0.2897763000219129
1.0 21
39 0.7706679042283078 0.161061128899606 0.2927102000103332
1.0000000000000002 21
40 0.7638607055074681 0.15467913818411752 0.2864826000004541
1.0000000000000007 21
41 0.7578666118548002 0.15123009723847256 0.2880938999878708
1.0000000000000002 21
42 0.7528164995905903 0.1461502010634331 0.2894711999979336
0.9999999999999999 21
43 0.7480967985923777 0.14339877734826625 0.29805550002492964
44 0.28486909999959276
-------------------------------------------------END------------------------------------------------------
37
------------------------------------Randomized only---------------------------------------------------
446.6742209476266 445.06696350132796
0.9990215797058888 20
0 409.3516566806852 408.8451449716815 0.10644940001657233
0.9991342202043866 20
1 355.56929635651863 356.46954250264054 0.100730600010138
0.9992961530047341 20
2 296.3166294654308 298.9895268738822 0.10310900001786649
0.9994057688191436 20
3 256.22876299946506 256.8745723023883 0.11231599998427555
0.9947322528808626 20
4 224.56029839324924 221.50229966354428 0.09946369999670424
0.9369433123169164 20
0.9979531278107036 80
5 128.17992790847853 122.20346523016502 0.30217770001036115
0.9466248617119278 20
0.9902424951832395 80
6 92.01967119556286 87.63474281841711 0.2771523999981582
0.846366339686719 20
0.9590476937346897 80
0.9843756381174801 140
0.9940708344682269 200
7 53.33082435934518 50.31271833389651 1.1168441000045277
0.8215258586851365 20
0.9602972686436655 80
0.9843272645267905 140
0.9923906531122165 200
8 25.62664352734183 24.44245883818136 1.3933282000070903
0.8268674495400603 20
0.9652142421592829 80
0.9810503832738399 140
0.9905411416337985 200
9 15.533118702907174 14.664189367067026 1.0634163999930024
0.7105245027451612 20
0.8741790889610795 80
0.9302677996008585 140
0.9518117262556306 200
1.0000000000000002 204
10 9.586885330640044 7.910551543056213 1.1270761999767274
0.870559831696204 20
0.9681130231720599 80
0.983294667440046 140
0.9887993417317495 200
1.0000000000000004 204
11 6.018521907400255 4.760075759426927 1.2727894999843556
0.9276910011797487 20
0.9799865392367758 80
0.9914717377840672 140
12 5.20968467677558 4.123406275096384 0.5660569999890868
0.5915901845838344 20
0.7157932246971672 80
0.7567124814527478 140
0.8353581574524864 200
0.9999999999999998 204
13 3.9435310795196723 2.859164038370788 1.30053319997387
0.8699375842565865 20
0.9853839858887653 80
0.9943804197867864 140
14 3.411207850788336 2.4211497570218916 0.5635447000095155
0.5553217729554986 20
0.7091754022508927 80
0.7496353417547371 140
0.8131268658313753 200
1.0 204
15 2.622500227905264 1.920006048593926 1.1636409999919124
0.9545283303106329 20
0.9936922126297438 80
16 2.425309519924091 1.72089900140513 0.2748202000220772
0.31225095986877127 20
0.3427371015020384 80
0.609417428438407 140
0.7200552785201012 200
1.0000000000000002 204
17 2.02928429251886 1.3444617990439496 0.946241600002395
0.9781991102790059 20
0.9971202308606367 80
18 1.8213412261332407 1.1751113258365613 0.2945258000108879
0.5992364234092206 20
0.6258872496040169 80
0.7920100988497991 140
0.851333185650405 200
1.0 204
19 1.527640670416987 0.8868547964661443 1.1007897999952547
0.9647029689745362 20
0.9934144292392497 80
20 1.4816870763067036 0.847191706556543 0.28250880000996403
0.0499177901983643 20
0.05703700172771238 80
0.3303977709189521 140
0.4603186245109216 200
1.0000000000000004 204
21 1.3116432351824883 0.6818547150620743 1.0625795999949332
0.9827481725093203 20
0.9970497473895606 80
22 1.2687913143070564 0.6441003929248921 0.28008550000959076
0.09721584700693299 20
0.10802325013544781 80
0.44484228137149295 140
0.5342472421434762 200
1.0 204
23 1.1456685648093397 0.5267991731612379 1.2853068000113126
0.8126098830000487 20
0.9527433996101426 80
0.9623729473658637 140
0.9667696517451256 200
1.0000000000000002 204
24 1.050951083276708 0.42889080594554396 1.1913402000209317
0.9699265873701868 20
0.9917401151722338 80
25 1.0445314498577762 0.42367376290484904 0.3045979000162333
0.005954558123340969 20
0.007323986068880301 80
0.19251930516269544 140
0.285937961357465 200
0.9999999999999993 204
26 0.9776822063140876 0.37186967702426105 1.2983627000066917
0.868400437612786 20
0.9527393234589979 80
0.958658025160694 140
0.9629241991435824 200
1.0000000000000002 204
27 0.9244738262064768 0.3175673606577223 1.096734299993841
0.9826142439777417 20
0.9926383480773513 80
28 0.9216593188834351 0.31607109518949994 0.2797825000016019
0.0013261889517925242 20
0.0019580471847233686 80
0.0803270316465542 140
0.16616709172145638 200
1.0000000000000002 204
29 0.8802454316242282 0.2803394748914625 1.2505984000163153
0.9739427151244426 20
0.987720477706853 80
0.9888209315438115 140
0.989451370323593 200
1.0 204
30 0.844254699240758 0.25251106115027766 1.3054461000137962
0.978757467288043 20
0.9894394877426446 80
0.9902680374019736 140
31 0.8427063105765299 0.2520499080673476 0.6976301999820862
32 0.7381243593772524
-------------------------------------------------END------------------------------------------------------
------------------------------------Krylov only---------------------------------------------------
446.6742209476266 445.06696350132796
0.9999999999999997 21
0 405.93223348319805 405.86409311983874 0.2806729000003543
0.9999999999999999 21
1 341.93601827927296 343.4171403867044 0.2881381000042893
1.0000000000000002 21
2 232.60853189437046 227.94819171430382 0.2981083999911789
1.0000000000000002 21
3 151.27484999635493 150.09200938629493 0.47543220000807196
0.9999999999999997 21
4 90.35338978889462 91.29241845708913 0.4276555000105873
0.9999999999999988 21
5 26.40761828049156 27.57573759976096 0.2656161999912001
0.9999999999999992 21
6 6.599844943039321 6.352844649046769 0.2799449000158347
0.9999999999999998 21
7 4.459918421919547 3.80173803070482 0.2847631999757141
0.9999999999999991 21
8 3.367931160689761 2.872284387293131 0.27429709999705665
1.0000000000000007 21
9 2.8683175807664814 2.361475837553557 0.2961315000138711
1.0000000000000009 21
10 2.5235589544596633 2.0282607736619775 0.274017299991101
1.0000000000000002 21
11 2.296996526072378 1.8056997250208622 0.2703048000112176
1.0 21
12 2.110035076558016 1.622625654277796 0.2676854000019375
0.9999999999999997 21
13 1.9762711642997977 1.4735850857287283 0.285751799994614
0.9999999999999982 21
14 1.846442780802442 1.3387626179546381 0.2710019999940414
1.0000000000000004 21
15 1.7510801355588592 1.233390745966656 0.2760151000111364
0.9999999999999987 21
16 1.6636323876480656 1.125731502279251 0.28035929999896325
0.9999999999999988 21
17 1.5962238662959627 1.04832206833153 0.27746390001266263
1.0000000000000004 21
18 1.5350959219627682 0.9774243509650348 0.2678213000181131
1.0000000000000007 21
19 1.4796846025427794 0.9160287007305458 0.27827979999710806
1.0 21
20 1.4290724289944754 0.8653321955181449 0.28280489999451675
1.0000000000000013 21
21 1.3831319219295168 0.8139103620959492 0.27554289999534376
1.000000000000001 21
22 1.3408130582540672 0.7779860926495217 0.28343059998587705
1.0000000000000004 21
23 1.3018895466642497 0.732561274872799 0.2685448999982327
0.9999999999999996 21
24 1.2660064879086623 0.7034632121697051 0.2685735000122804
1.0000000000000002 21
25 1.2323376892325446 0.6652323225201222 0.26856699999189004
1.0000000000000004 21
26 1.2009225768713343 0.6381714827748299 0.2791903000033926
1.0000000000000004 21
27 1.167431396741382 0.6017435338998587 0.2695813000027556
1.0 21
28 1.1370206565564986 0.5768440079449734 0.28767099999822676
1.0000000000000009 21
29 1.1096310468374984 0.5462950442197212 0.2719443999812938
0.9999999999999997 21
30 1.0838765935522274 0.5238057249711091 0.26666839999961667
1.0000000000000007 21
31 1.0580470784650005 0.49567824793265935 0.2696758999954909
0.9999999999999996 21
32 1.0320763815786202 0.471505402276882 0.2873546999762766
0.9999999999999998 21
33 1.0045271921049084 0.44161741414897904 0.27199979999568313
1.0000000000000007 21
34 0.9803116654848675 0.42156493944339524 0.2844672999926843
1.0000000000000002 21
35 0.9569885606361181 0.3940041105134327 0.2963031000108458
1.0000000000000007 21
36 0.9362407363094497 0.3765770597736813 0.2806163000059314
1.0000000000000004 21
37 0.9160940753888596 0.35096772081813427 0.2921624000009615
1.0000000000000016 21
38 0.8991719968013454 0.33695945780797765 0.2940072999917902
1.0 21
39 0.8836229697001933 0.3168135489895191 0.3588690999895334
1.0000000000000007 21
40 0.8708080961945259 0.30589790810883355 0.2786826000083238
1.0 21
41 0.8591537210663797 0.290447920306697 0.2676313999982085
1.0000000000000007 21
42 0.849217586623098 0.2816742537560902 0.2879150000226218
1.0000000000000004 21
43 0.840245489575874 0.2697102988921599 0.28224309999495745
0.9999999999999983 21
44 0.832379140197031 0.26259277079204574 0.2694316999986768
1.0000000000000004 21
45 0.8251520258619585 0.25266208492960196 0.29267840000102296
1.0 21
46 0.8185393793824131 0.24685743801917723 0.27287749998504296
1.0000000000000004 21
47 0.8121880681591719 0.23779302085151308 0.2830237999733072
0.9999999999999992 21
48 0.8063076479418203 0.23286240034958347 0.28008960001170635
1.0000000000000007 21
49 0.8009587535378014 0.22495503610910775 0.2838791999965906
1.0000000000000004 21
50 0.7958385010739853 0.2208124816940572 0.26987889999873005
0.9999999999999993 21
51 0.7909933213533437 0.21351125513681737 0.2743493000161834
52 0.2869253134609048
-------------------------------------------------END------------------------------------------------------
38
------------------------------------Randomized only---------------------------------------------------
420.6968253887493 421.5814427298717
0.9983262849237208 20
0 387.12505740123714 389.2300415479783 0.09976740001002327
0.998555445508259 20
1 339.033544027822 342.52281643401705 0.09550450000097044
0.9985777386303845 20
2 286.92880692489115 290.671925740892 0.1152742000122089
0.9972442699021413 20
3 249.53697765382748 250.2261681324628 0.09787469997536391
0.9561340960827377 20
0.99828994405297 80
4 196.21357015750473 191.64979587795597 0.3076465000049211
0.9292891931212635 20
0.9902519379715387 80
5 94.73904381267766 88.80653413330906 0.2783167000161484
0.8717142308254612 20
0.9717870532703772 80
0.9873917897039522 140
0.9936728521630848 200
6 51.393677621453996 45.583471037462196 1.1273445999831893
0.8188349462713422 20
0.9537483722985883 80
0.9811769425457795 140
0.9872522744364872 200
0.9999999999999998 204
7 26.934319486790407 23.350697065309877 1.0184089000103995
0.9008184249881466 20
0.9744060615590617 80
0.9876912642357679 140
0.9936805821395707 200
8 15.488253554518655 14.392866873822848 1.076462700002594
0.8816168686308967 20
0.973337815667593 80
0.9839137314130626 140
0.9884726191364822 200
0.9999999999999998 204
9 8.534404121141586 8.195093216849564 0.9399697999760974
0.9110851416444868 20
0.9830384768926561 80
0.98949433148073 140
0.9927720991236111 200
10 6.885449531368332 6.409252578298172 1.2991368000220973
0.48312380418905937 20
0.7704303364553821 80
0.8274497380977602 140
0.8531652875432968 200
1.0000000000000002 204
11 4.97406013443097 4.466061770481442 1.1705762000055984
0.9753734241733872 20
0.9948925491771876 80
12 4.588953067348621 4.197754200836751 0.2868562999938149
0.24951018948260179 20
0.4008008149022583 80
0.620095866680832 140
0.7313121783005638 200
1.0 204
13 3.5155836990208393 3.048669220191813 1.016953000013018
0.9499417511284389 20
0.9852200850342016 80
0.9906758891545353 140
14 3.2890769245568285 2.8876260933112055 0.5433362000039779
0.479868966684488 20
0.6129532176691129 80
0.6553217499287776 140
0.7566574602700041 200
0.9999999999999998 204
15 2.659002467295145 2.1997149285895845 1.2006583999900613
0.9135714941453607 20
0.9767606441463772 80
0.9833855173208965 140
0.9854314769798747 200
1.0000000000000002 204
16 2.2286908303239534 1.6901284986899041 1.1760853999876417
0.9365370952000913 20
0.9734018373885872 80
0.9769855483472315 140
0.9804433406904074 200
1.0000000000000002 204
17 1.9160725838938923 1.3308448929072072 1.2054898999922443
0.976355234642102 20
0.9896504939437029 80
0.9919960733263341 140
18 1.8861017232409694 1.312540186318577 0.5919695000047795
0.05483719725598704 20
0.1158525539991883 80
0.1343711913491509 140
0.2802789507042312 200
0.9999999999999992 204
19 1.6929595849494352 1.0697478523908241 1.1159393999841996
0.9643723535178582 20
0.9829379363156566 80
0.9857974705958193 140
0.9871735484435914 200
0.9999999999999998 204
20 1.53129342730963 0.9305066541275545 1.3966139000258408
0.9567862676738985 20
0.9746705649285161 80
0.9780284673929058 140
0.9800550044530333 200
1.0000000000000002 204
21 1.4028887163124906 0.7868368626798179 1.0493930999946315
0.9577044188714823 20
0.9762118495551273 80
0.9798782598853164 140
0.9815659622676818 200
1.0000000000000002 204
22 1.2878755395056822 0.6914991282332134 1.5320810999837704
0.9677377271469959 20
0.9814768093396443 80
0.9834922975266963 140
0.9846445068407353 200
0.9999999999999996 204
23 1.1941967552315293 0.5933154330944586 1.4465221999853384
0.9500536215586856 20
0.9800345884041423 80
0.9838049829326051 140
0.9854108799386162 200
1.0000000000000007 204
24 1.1130680144799594 0.5264856890167134 0.8826385000138544
0.9438479145307022 20
0.9736402976991934 80
0.9764627419261039 140
0.9778861876973239 200
0.9999999999999998 204
25 1.05095804747214 0.4648213680473698 1.1493139999802224
0.9662117281443809 20
0.9908437611061387 80
26 1.0433785363019927 0.45616074453868455 0.28331130000879057
0.009505847610718085 20
0.011091640157746675 80
0.1361502941740871 140
0.20217025452875012 200
0.9999999999999999 204
27 0.9911680717600931 0.4042182484175519 1.4277258999936748
0.9378876285581155 20
0.9632735252890403 80
0.9663390585904905 140
0.9679828505068616 200
1.0 204
28 0.9462926820546541 0.362721893911536 1.4048756000120193
0.9322697805667046 20
0.9768092943417445 80
0.9807102157609288 140
0.9818242379072107 200
1.0 204
29 0.9067603692062342 0.3225591204312135 1.3074940999795217
0.8426962522914118 20
0.9133625523367307 80
0.9201108310953695 140
0.9237957850752129 200
0.9999999999999998 204
30 0.8747098539806335 0.29172859149945646 1.4035824000020511
0.9360766608375282 20
0.9653731267299748 80
0.9686362021501176 140
0.9700499249474195 200
1.0 204
31 0.8481594906999257 0.26427491995935803 1.3288659999961965
0.9255210292105424 20
0.952079568333046 80
0.9554942661437703 140
0.9571978500785401 200
0.9999999999999998 204
32 0.8264456610359099 0.24456437994119692 1.1509919999807607
0.9546382819308565 20
0.962162546904938 80
0.9643094542787044 140
0.9653276845593426 200
1.0000000000000004 204
33 0.8082258719931235 0.2232653606815889 1.227519999985816
0.9711704195493203 20
0.9793059708896139 80
0.9804085691940518 140
0.9810480114189044 200
1.0000000000000002 204
34 0.7924248267830565 0.2117889220124713 1.0699752000218723
0.9330907995304888 20
0.9397797862780114 80
0.9420639713933565 140
0.9431263011444266 200
0.9999999999999994 204
35 0.7785557923579861 0.19331147109973879 1.1812269999936689
0.9677813598678361 20
0.9740059266140937 80
0.9749179747966964 140
0.9755939863659903 200
0.9999999999999993 204
36 0.7664520941443348 0.18672705789726096 1.2433075000008103
0.8738781157410752 20
0.8894502013598095 80
0.8925799580512987 140
0.8942331282304915 200
0.9999999999999998 204
37 0.7556455357818518 0.17105193145223416 1.1801262999942992
0.9490586450053776 20
0.9556815669896339 80
0.9567775146444433 140
0.9576890242494237 200
1.0000000000000002 204
38 0.7461320452411283 0.16668619422134506 1.1737750000029337
0.7830805325792802 20
0.8156281920245196 80
0.8200217451094065 140
0.8227309793513224 200
0.9999999999999998 204
39 0.7375201912356232 0.15423110416630426 1.2219579000084195
0.9082823338519532 20
0.9180327608882268 80
0.9197860626234436 140
0.9211146903086151 200
0.9999999999999993 204
40 0.7297739022623678 0.15059506938342682 1.2536456000234466
0.7003567674625282 20
0.7508479040899229 80
0.7567657988863199 140
0.7604061748395254 200
1.0000000000000002 204
41 0.722657597332131 0.14080868443788971 2.1919242999865673
0.8636307864719053 20
0.8786982643043021 80
0.8813056084531595 140
0.8829256131010563 200
1.0000000000000009 204
42 0.7161139571981701 0.13751672793069541 1.3132394999847747
0.6980675431196294 20
0.7536432322637548 80
0.7599596324642858 140
0.7634269599657427 200
0.9999999999999998 204
43 0.7100425640345637 0.12953023480798742 1.2144393000053242
0.8250693743781503 20
0.8481212212858111 80
0.8515928684857604 140
0.8534018189627368 200
0.9999999999999996 204
44 0.7043653572178951 0.1266597693769337 0.8353213999944273
0.7156231028619218 20
0.7704453893897294 80
0.7767077775098861 140
0.7798182577249378 200
1.0000000000000002 204
45 0.6990783376571351 0.1198189891651865 1.0876099999877624
0.7813234744515529 20
0.8161301742153991 80
0.8206408679616698 140
0.8227577992718722 200
1.0000000000000002 204
46 0.6940747722214261 0.11745741820865717 1.1246289999980945
0.7111950886994756 20
0.7684361146941596 80
0.7749083456084593 140
0.7780252013346941 200
1.0000000000000002 204
47 0.6894173140589624 0.11138890043897312 1.2908061999769416
48 1.0236767791648163
-------------------------------------------------END------------------------------------------------------
------------------------------------Krylov only---------------------------------------------------
420.6968253887493 421.5814427298717
0.9999999999999999 21
0 385.0477830039728 387.0416029575561 0.3519080000114627
0.9999999999999998 21
1 327.2876740785897 331.85529019616916 0.29024849997949786
1.0000000000000009 21
2 282.50587539472355 272.94338837200286 0.3068827999813948
1.0000000000000004 21
3 233.78236140992138 223.89271751818248 0.3300974000012502
0.9999999999999997 21
4 67.83517580765786 65.88512872008624 0.27513330001966096
1.0000000000000007 21
5 57.1406764848296 58.462577429387295 0.2766223000071477
0.9999999999999992 21
6 15.864673399002408 15.70365004044463 0.2993551999970805
1.0000000000000009 21
7 12.564345751494228 11.859556340556853 0.2987352999916766
0.9999999999999998 21
8 5.301511513265532 4.731475798311678 0.286062099999981
1.0000000000000004 21
9 3.743077324344157 3.041639224561989 0.3132970999868121
0.9999999999999999 21
10 2.889494242490564 2.265073215622775 0.3440970999945421
1.0 21
11 2.418736422440372 1.7173905336171047 0.30779349998920225
0.9999999999999998 21
12 2.031786544241905 1.3762203229049714 0.43961429997580126
1.0000000000000004 21
13 1.7808043864919494 1.1083905134701504 0.29129110000212677
1.0000000000000002 21
14 1.5054446965175339 0.8736696883204588 0.29552850002073683
0.9999999999999997 21
15 1.3620531490488892 0.7337879335790727 0.3908981000131462
0.9999999999999999 21
16 1.2686207854300413 0.618208478357939 0.45249960001092404
0.9999999999999998 21
17 1.194881250315443 0.5752294786990236 0.3125049000082072
1.0000000000000007 21
18 1.1472633450061973 0.5089675106307181 0.2836156999983359
0.9999999999999996 21
19 1.104135545973767 0.490124614243923 0.27154640000662766
1.0000000000000004 21
20 1.0717094815088484 0.4460489719895649 0.2809618000173941
1.0 21
21 1.0409542040064643 0.43268380496543063 0.2831941000185907
0.9999999999999992 21
22 1.0155656535884794 0.3997425694452864 0.2842261000187136
1.0000000000000009 21
23 0.9918074748658766 0.3881760900161323 0.279675199999474
1.0000000000000007 21
24 0.9730125100041214 0.3677115945120675 0.26767180001479574
1.0000000000000007 21
25 0.9560336052983652 0.35620473677164566 0.29693240000051446
0.9999999999999996 21
26 0.941395675841508 0.34088089991293213 0.28813160001300275
1.0000000000000002 21
27 0.9276786169143703 0.3296184985717137 0.27485820002038963
1.000000000000001 21
28 0.9156290467545816 0.31835394254170063 0.2855223000224214
1.0000000000000002 21
29 0.904328809707602 0.30741353084369893 0.2634748000127729
1.0000000000000002 21
30 0.8940645069434883 0.2984669354990079 0.28622720000566915
1.0000000000000002 21
31 0.8844378824299034 0.2891269834209233 0.2734257999982219
1.0 21
32 0.8760443605455086 0.2814211027037363 0.43416760000400245
1.0000000000000004 21
33 0.8681174551446278 0.2736127551052967 0.37138329999288544
1.0000000000000004 21
34 0.8610315877899435 0.26699896395737516 0.28823569999076426
1.0000000000000002 21
35 0.8541651256327084 0.259812578950691 0.27079830001457594
0.9999999999999999 21
36 0.84794448781051 0.2540991594844115 0.2766319999936968
0.9999999999999993 21
37 0.8418257140016191 0.24769628212487507 0.2815468999906443
1.0000000000000004 21
38 0.8360650066020542 0.242007357894303 0.27109729999210685
0.9999999999999996 21
39 0.8303008839553875 0.23638099502787513 0.2835639999830164
0.9999999999999994 21
40 0.8245982179614625 0.23190010961117583 0.2829463000234682
1.0000000000000007 21
41 0.8192059033841553 0.22599864473703865 0.282435400004033
1.0000000000000004 21
42 0.8148665905782646 0.22181706869404308 0.2759238999860827
43 0.30466891163053145
-------------------------------------------------END------------------------------------------------------
39
------------------------------------Randomized only---------------------------------------------------
414.1785368113446 414.43406902212604
0.9964209002606984 20
0 382.8377579999821 384.2013533797393 0.09721509998780675
0.9972523468359618 20
1 337.1825897075348 340.1238657232214 0.09692350000841543
0.9981152054998541 20
2 286.98502954868337 290.85569277934 0.10813020000932738
0.9992571334451875 20
3 251.51632982493635 253.78425197461135 0.0973035000206437
0.9765519483372903 20
0.9991222549164026 80
4 209.98032246424168 208.12240021671553 0.3106044000014663
0.8726429701497119 20
0.9866413577090025 80
0.9944955741500526 140
5 105.14342367846237 97.83399046278707 0.743201900011627
0.7484560755252696 20
0.9766993491414138 80
0.9902133907423174 140
6 57.373356581442465 51.93218778229196 0.578208299994003
0.6840652259675756 20
0.9587051541353986 80
0.9790092281870486 140
0.9896471188390422 200
1.0000000000000002 204
7 29.932449311456956 26.794020926723 1.085249700001441
0.7184220008010338 20
0.947069005474715 80
0.9735766660720578 140
0.9825670933230007 200
0.9999999999999999 204
8 15.891950966822076 15.34170611686953 1.793002799997339
0.8864408488352395 20
0.9824924456524942 80
0.9904218429769924 140
9 11.676830583848012 10.963572622581644 1.0950344000011683
0.6517294767250315 20
0.8339345394303007 80
0.8684994073995057 140
0.9197504577348872 200
0.9999999999999996 204
10 7.2824087932556285 6.734429821791031 1.1518686000199523
0.742267154313251 20
0.9688105030879998 80
0.9831923208571108 140
0.988272744369769 200
1.0000000000000004 204
11 4.675497181368438 4.02234239361569 1.5549054000002798
0.9558484708653296 20
0.9871472569740974 80
0.9922013253688418 140
12 4.217445106447012 3.5632059902031705 0.6728352000063751
0.521854226796688 20
0.6758733561848737 80
0.697281986263941 140
0.7718089350751631 200
1.0000000000000004 204
13 3.0522810136390905 2.3869564405069132 1.020826499996474
0.8080722241288536 20
0.9580303087351502 80
0.9717987110441952 140
0.977198805544913 200
1.0000000000000002 204
14 2.41689842525246 1.8599160475006364 1.1901205999893136
0.9322708248109467 20
0.9802317162131517 80
0.9855665467431624 140
0.9879725435994119 200
0.9999999999999999 204
15 2.0444569279091236 1.4448410358293786 1.5684246000018902
0.9448908862065599 20
0.9713297475115371 80
0.9763197213578274 140
0.9789922635844759 200
1.0 204
16 1.8057310788219867 1.2508004501300802 1.2277955999888945
0.9506246685269235 20
0.9858293108856551 80
0.9889389811256245 140
0.9904007916713522 200
17 1.7671631945622979 1.1960420115425066 1.0298056000028737
0.2277333134337334 20
0.32328331740835464 80
0.3355318602781712 140
0.3449144794363034 200
1.0000000000000002 204
18 1.5851259776657447 1.0037992194353678 1.100207200011937
0.9337303097962352 20
0.9800799460232904 80
0.984551952731122 140
0.9864133087321332 200
1.0 204
19 1.451064459331764 0.8622357840038385 1.0854525000031572
0.9612562330893543 20
0.9847871991120386 80
0.986983035350854 140
0.988278688009535 200
1.0000000000000004 204
20 1.3465693899740359 0.7315771951422045 1.083101699972758
0.947046183315379 20
0.9886020654987328 80
0.991820439216905 140
21 1.3313521603083023 0.7122562380743193 0.5630425999988802
0.19735400548083762 20
0.21428340417047395 80
0.22224408553091993 140
0.3120893222090928 200
1.0000000000000009 204
22 1.2428266064513864 0.6238762206846509 1.3071616000088397
0.9742081551970533 20
0.9915308466645885 80
23 1.2350391487923222 0.6204035239759028 0.2785971999983303
0.002712586589015682 20
0.00609613404346213 80
0.12025847266354228 140
0.18648868575572217 200
1.0000000000000007 204
24 1.16123413629453 0.5241637999689819 1.214329500013264
0.967847964783875 20
0.9922095807990888 80
25 1.1546423878833612 0.5215206674483186 0.2583327000029385
0.004349654050429122 20
0.007318536041454861 80
0.21030084195134505 140
0.2657234541257621 200
1.0 204
26 1.0927223463474223 0.46782412607172585 1.319523999991361
0.9820537465315821 20
0.9948433633117731 80
27 1.0858946397397213 0.4641880652900086 0.5495383999950718
0.0006375559610217563 20
0.0013216374107872316 80
0.10211900961819245 140
0.155789014997172 200
0.9999999999999998 204
28 1.028358920391621 0.39948945624397686 1.2793753999867477
0.9677499685244454 20
0.9880328512890286 80
0.9900991350949185 140
29 1.0232920398671197 0.39667876554237647 0.503060099988943
0.057884866402418474 20
0.061315147364361285 80
0.06385203584421607 140
0.12964792897167754 200
1.0 204
30 0.9709616341950091 0.35826362771194326 1.402647100010654
0.9558833804194933 20
0.9885575693327991 80
0.9900992939902488 140
31 0.9650402568762664 0.35412339887972927 0.5481886999914423
0.007243113907054967 20
0.010132219618895993 80
0.012463452377342053 140
0.09637862519215246 200
1.0000000000000002 204
32 0.9206123602752363 0.30133836454451146 1.319437600002857
0.9211505835875582 20
0.9716813919652061 80
0.9763055954557139 140
0.9782829360803947 200
0.9999999999999998 204
33 0.8789708497035085 0.2793796189262294 1.4322995000111405
0.9836255162041516 20
0.9938355805456976 80
34 0.8765346191433347 0.27730155313867705 0.2762751000118442
35 0.884057908572556
-------------------------------------------------END------------------------------------------------------
------------------------------------Krylov only---------------------------------------------------
414.1785368113446 414.43406902212604
1.0 21
0 378.7095400583039 381.4459975087707 0.27773629999137484
1.0 21
1 322.34008803254477 325.89616599494514 0.2647525000211317
0.9999999999999999 21
2 209.50040629311053 210.08813710954087 0.28255169998737983
1.0000000000000013 21
3 160.96447615022308 160.06001470923215 0.44877429999178275
0.9999999999999992 21
4 112.01188236782464 110.98601397899262 0.30745459999889135
1.0000000000000007 21
5 33.127226310696614 35.17913891025795 0.41570379998302087
0.9999999999999997 21
6 15.384402950161178 15.090147719262932 0.3288338999846019
1.0000000000000004 21
7 4.266474792945852 3.6665970376539936 0.3493325999879744
0.9999999999999993 21
8 3.1446441958598723 2.447309885546217 0.4298951999808196
1.0000000000000002 21
9 2.4284461286936683 1.684347074249902 0.271565200004261
0.9999999999999996 21
10 2.1159492918424463 1.3906512168481313 0.2787524000159465
0.9999999999999996 21
11 1.8426251311609763 1.0854479470737246 0.2729959999851417
0.9999999999999998 21
12 1.6610467452094795 0.9426469276379174 0.2947441999858711
0.9999999999999994 21
13 1.5289962207446863 0.7920959104984813 0.2839490000042133
1.0000000000000013 21
14 1.4249998051191992 0.7319056139177839 0.4174406999954954
0.9999999999999996 21
15 1.3474863721479586 0.6456008393381512 0.2991716000251472
1.0000000000000004 21
16 1.2817399958568214 0.6075987973919175 0.28240809999988414
1.0000000000000004 21
17 1.2237781317737841 0.552764930181311 0.29759969998849556
1.0000000000000009 21
18 1.1762924457756971 0.5233703563351878 0.28569160000188276
1.0000000000000013 21
19 1.1344263388101594 0.4839327877161619 0.2789123000111431
1.0000000000000002 21
20 1.0982780358136828 0.4627752494431629 0.28585829999065027
1.0000000000000004 21
21 1.0654820953197393 0.4312129022940868 0.2813626999850385
0.9999999999999998 21
22 1.032750595643658 0.40904497811372126 0.2889816999959294
1.0 21
23 1.0037150216559294 0.382722174863997 0.2906786999956239
0.9999999999999994 21
24 0.9821782629868281 0.36843231995360176 0.27306220002355985
0.9999999999999988 21
25 0.9619305394913299 0.3479374777830505 0.2793258000165224
1.0 21
26 0.9448347970819526 0.3366644887852051 0.27099739998811856
0.9999999999999998 21
27 0.9284161752699936 0.3197517977890947 0.27059319999534637
0.9999999999999996 21
28 0.9140952549825144 0.30938919684530447 0.28332180000143126
1.0000000000000004 21
29 0.9005210833802452 0.2959811394712417 0.28511820000130683
1.0000000000000004 21
30 0.8883676112368859 0.2864844206352118 0.27402640000218526
1.000000000000001 21
31 0.8767779343874131 0.27592447535791986 0.26625670000794344
0.9999999999999998 21
32 0.8662338533989717 0.26711410863957497 0.2772720000066329
1.0000000000000007 21
33 0.8564339707705796 0.2589885093469944 0.2783677999977954
1.0000000000000002 21
34 0.8471559434920913 0.2506804163882888 0.4639827999926638
0.9999999999999998 21
35 0.838402137612927 0.24447933049076778 0.27903110001352616
1.0 21
36 0.830189012439367 0.23734312028987042 0.27852719998918474
1.0000000000000002 21
37 0.8226588711743694 0.23224508110014933 0.27508920000400394
0.9999999999999996 21
38 0.8154326686572831 0.22544399605663734 0.27277730000787415
0.9999999999999998 21
39 0.8079125685211722 0.22093449648676936 0.26227899998775683
1.0000000000000002 21
40 0.8009109024510259 0.2137539787256094 0.30134130001533777
1.0000000000000002 21
41 0.7952314105374653 0.21019362373345377 0.2864451000059489
1.0 21
42 0.7897993283168994 0.20465927084090887 0.2798047999967821
0.9999999999999993 21
43 0.7847143062799429 0.20154763466425207 0.2760662999935448
1.0 21
44 0.7798500350205639 0.19640346124279326 0.27535539999371395
45 0.30053751333228623
-------------------------------------------------END------------------------------------------------------
40
------------------------------------Randomized only---------------------------------------------------
407.54153763677317 414.87412851243425
0.9989866298321399 20
0 376.7283603276558 384.37356316765596 0.107696399994893
0.9991478116466685 20
1 332.18585391820005 340.0288270083218 0.10865860001649708
0.9992138999346502 20
2 284.0783304620706 290.55782345496215 0.1032998000155203
0.9988742128784897 20
3 247.3727472949994 248.4321572989474 0.113067600002978
0.9715188347772213 20
0.998992268531851 80
4 151.64574601314655 145.2976973428493 0.27586570000858046
0.8093543802654259 20
0.9793685658308903 80
0.9943297492475238 140
5 85.08251958492237 79.10518794393228 0.5168127000215463
0.8361311977844029 20
0.97671688661288 80
0.9889201141608653 140
0.994887127781777 200
6 38.054363741855816 34.14185477073107 1.2107982000161428
0.8112825761302456 20
0.97039889760726 80
0.9877064126627988 140
0.9929205479491153 200
7 24.157073558091273 22.44505279348264 1.117028799984837
0.7311901414391373 20
0.9496216155522859 80
0.9721952635936987 140
0.9802336143416153 200
1.0 204
8 15.082209346106055 13.703030392591213 1.3141242999990936
0.9346731175174955 20
0.993383457233387 80
9 10.7251006590774 9.93275054016922 0.2710032000031788
0.7169544516075121 20
0.8754164434338663 80
0.9350244400115589 140
0.959695518561346 200
1.0000000000000002 204
10 6.020351922684121 4.803065765121977 1.0903317000193056
0.8672941100905663 20
0.983770126355023 80
0.9915899350237036 140
11 4.832319986262586 3.8758351615298916 0.544002200011164
0.38200918216965524 20
0.672943402643277 80
0.7391353129376144 140
0.8310880047402874 200
1.0000000000000004 204
12 3.5408406754024893 2.835047474950142 1.6801516000123229
0.971290943987272 20
0.9953967497719576 80
13 3.0671851509577466 2.4490819244452986 0.2778391999891028
0.11708013613187421 20
0.24785989106335357 80
0.6426263980854885 140
0.7743702524172874 200
0.9999999999999999 204
14 2.4452649366425336 1.8544041516868903 1.1542913999874145
0.97767141467642 20
0.99694946979656 80
15 2.2073585067255523 1.5812868839998957 0.286091399990255
0.11262775688451886 20
0.1551921924943842 80
0.6188061391254526 140
0.7380480547554086 200
1.0000000000000004 204
16 1.8242428791235819 1.1810334631995942 1.237881799985189
0.9776112183371369 20
0.9975304826203961 80
17 1.706074761501819 1.0799319318952447 0.26965559998643585
0.021782921624755685 20
0.03730504928779724 80
0.37800373963726763 140
0.5155236308669895 200
0.9999999999999993 204
18 1.4323767275144061 0.7954995056224042 1.1450242999999318
0.915568731782257 20
0.9828940712895712 80
0.990445652757779 140
19 1.385947874099457 0.7661088601394771 0.5680002000008244
0.2731405967409677 20
0.3365546365548 80
0.3671239987722537 140
0.5200021604083703 200
0.9999999999999994 204
20 1.2380016946797958 0.6106673135123052 1.1660859999828972
0.9854401209659085 20
0.9978833876314341 80
21 1.1591375303266447 0.553617807793286 0.27444770000874996
0.06856308929380425 20
0.07884298498653612 80
0.42176801094132516 140
0.5443294511843074 200
1.0 204
22 1.0291150057642355 0.43279822900375864 1.068817699997453
0.9504337288810626 20
0.9829861008301547 80
0.9873100389485876 140
0.9894288597979779 200
0.9999999999999998 204
23 0.9481806840146731 0.3506556518815131 1.5207436999771744
0.9860679561357046 20
0.9959162541538367 80
24 0.9364760154528065 0.3420042817608372 0.2971512000076473
0.019322175744864778 20
0.023616661339436115 80
0.15397081030723087 140
0.2613252249151531 200
1.0000000000000009 204
25 0.8768302905173947 0.2963744816241495 1.4455768000043463
0.9757393008700278 20
0.9949983736014314 80
26 0.872337386645723 0.29317852356216856 0.2877497999870684
0.031804177094278255 20
0.034837041236425975 80
0.1608334455178622 140
0.28096861208779855 200
1.0000000000000009 204
27 0.8314508493663192 0.24346588237652617 1.1152402999869082
0.9783043475449095 20
0.9935775103625742 80
28 0.8274400006458437 0.2406646626821764 0.2595201999938581
0.0033706005874650363 20
0.005982855170957711 80
0.08995489596231733 140
0.18054840651736642 200
1.0000000000000002 204
29 0.7972975790849217 0.22081202355148874 1.4035186000110116
0.9970025390685422 20
30 0.7946037392990108 0.21932588989506277 0.1098686000041198
31 0.720656300000208
-------------------------------------------------END------------------------------------------------------
------------------------------------Krylov only---------------------------------------------------
407.54153763677317 414.87412851243425
1.0 21
0 373.5573711501626 381.23811321280533 0.27443160000257194
1.0 21
1 311.8336518626727 317.65506145142143 0.2720356000063475
1.0000000000000002 21
2 240.8966079566736 236.88832842106572 0.27088840000214987
0.9999999999999998 21
3 214.6475203036709 208.328059039535 0.2842368000128772
1.0000000000000004 21
4 180.37281618670622 167.9927602819719 0.2905756999971345
1.0000000000000002 21
5 41.03803859305949 39.80602628181142 0.27991449998808093
1.0000000000000002 21
6 24.00317522579007 23.867818367261044 0.2790977999975439
1.0000000000000007 21
7 6.357369260970096 5.405575443562911 0.28274289998807944
1.0000000000000013 21
8 3.6093731990195663 2.864128037031469 0.27680530000361614
0.9999999999999986 21
9 2.6273352963125935 2.076813405712346 0.28313550000893883
0.999999999999999 21
10 2.260784540387129 1.5916374603359336 0.2798823000048287
0.9999999999999983 21
11 1.7118269604709868 1.1462445629996831 0.2754322999971919
0.9999999999999993 21
12 1.518948583692601 0.9030020572911494 0.2837018000136595
0.9999999999999993 21
13 1.345149099528778 0.739445101321313 0.2867104999895673
1.000000000000002 21
14 1.2503119276615666 0.6317973599148748 0.2878091000020504
1.0000000000000004 21
15 1.1781375797199225 0.567892097806695 0.2908031999832019
1.000000000000001 21
16 1.1295581077232097 0.5098579332666199 0.2786889999988489
1.0000000000000007 21
17 1.0847931419381847 0.4729930921441415 0.27257069997722283
0.9999999999999991 21
18 1.0524186440634231 0.43272768857521393 0.28002470001229085
1.0000000000000004 21
19 1.0202171842117895 0.4096184677480461 0.2619602999766357
0.9999999999999997 21
20 0.9949184334077156 0.37603455531283997 0.28067639999790117
1.0000000000000007 21
21 0.9692530170016395 0.36081984769500763 0.2742980000039097
1.0000000000000002 21
22 0.9488941267653543 0.3324074786916749 0.2696418999985326
0.9999999999999992 21
23 0.9275767339109292 0.32062250033026 0.2708074999973178
0.9999999999999986 21
24 0.9116470640617376 0.2991334439789268 0.2737848999968264
0.9999999999999989 21
25 0.8965231998105312 0.2917639917096508 0.2809420000121463
1.0000000000000007 21
26 0.8835276812960068 0.2746196015286306 0.27724809999926947
0.9999999999999991 21
27 0.869799201620514 0.2685329219886233 0.27068400001735426
1.0000000000000009 21
28 0.8589691119053575 0.25322432108000253 0.2828206999984104
1.0 21
29 0.8488790625930683 0.2500654117000966 0.2760147999797482
1.0000000000000007 21
30 0.8402641771268607 0.23904890031075388 0.2817661000008229
1.000000000000001 21
31 0.8322311565075473 0.23563802037095735 0.27930039999773726
1.0000000000000002 21
32 0.8251494277802883 0.22660771514289985 0.43870549998246133
1.0000000000000009 21
33 0.8184217721909778 0.22425152259879916 0.45852149999700487
0.9999999999999999 21
34 0.8123421654284315 0.21602298183123786 0.290336500009289
0.9999999999999997 21
35 0.8065020570858777 0.2140955192823692 0.28628530001151375
1.000000000000001 21
36 0.8011466940269564 0.20638270868650943 0.26804290001746267
1.0000000000000004 21
37 0.7959762816365364 0.20529383179117258 0.2767122999939602
1.0000000000000002 21
38 0.7911869038748777 0.19797691528917116 0.2637607000069693
39 0.2869691666661917
-------------------------------------------------END------------------------------------------------------
41
------------------------------------Randomized only---------------------------------------------------
463.2706984924212 463.1333359999787
0.9986006218427645 20
0 422.21794392170256 423.21947386485573 0.10859909999999218
0.9988092982909921 20
1 362.8842977060978 365.12231213964486 0.09725900000194088
0.9988596044112601 20
2 298.3098579134773 301.3587611254411 0.09931389999110252
0.99932713261201 20
3 254.3969924195312 254.74735130695942 0.11422390001825988
0.9849015053254008 20
0.9987347838247198 80
4 173.95575882300255 171.4247688331478 0.27321379998466
0.9265539864543308 20
0.9891662965805648 80
0.9975112196170287 140
5 78.2919995867499 75.34940774739422 0.8087666000064928
0.9200181863094937 20
0.9879096359625343 80
0.9958657396499424 140
6 42.601076829029026 41.94976069867918 0.6205247000034433
0.8428661215603395 20
0.9754856393370677 80
0.9873187527662028 140
0.9942386866590064 200
7 26.504781448577333 26.891457735546545 1.0407927999913227
0.8257677579003408 20
0.9725417732654326 80
0.9850902348379748 140
0.9920456788992397 200
8 16.708254138850233 16.284389258448023 1.2155227000184823
0.7199225367408508 20
0.9208594402963747 80
0.9531705523407178 140
0.9709739659801598 200
0.9999999999999999 204
9 11.25736535945423 10.436109906396407 1.3245921999914572
0.944825367908786 20
0.9834709833276716 80
0.9917170338276521 140
10 8.175216446500187 7.430070234580398 0.5499379999819212
0.6666230423678713 20
0.8117718872171649 80
0.8602742715005158 140
0.9252833079316433 200
0.9999999999999998 204
11 6.88430248661058 5.886735636579204 1.2820644000021275
0.9966593580664102 20
12 4.883488507099137 4.217255938345205 0.10667699997429736
0.6912455337660355 20
0.9068017413184125 80
0.9578014784323158 140
0.9723597530716391 200
0.9999999999999996 204
13 3.9618847987075254 3.42174937891163 1.378932799998438
0.9948006958234417 20
14 3.32089061574581 2.6967162964769815 0.1945343999832403
0.2595262910596252 20
0.8119480941740425 80
0.8966404009328828 140
0.9346342959576437 200
1.0 204
15 2.5266413418491105 1.9839251112372744 2.9723889000015333
0.8864607203348691 20
0.9712969536224819 80
0.9828202444010768 140
0.9871768997860391 200
0.9999999999999997 204
16 2.0397468220378485 1.4290083146736678 1.5430498000059742
0.9909368589492392 20
17 1.9971377968402129 1.3575096995360882 0.1528833000047598
0.007308669787601886 20
0.6062094792972389 80
0.7115782521150303 140
0.781828982148909 200
1.0000000000000002 204
18 1.6800458654242412 1.1266672068087156 2.3901957999914885
0.9833609850922518 20
0.9916323002997117 80
19 1.6531380761382273 1.1041699540350305 0.5713614999840502
0.014741836489875766 20
0.025491922683712632 80
0.24638570690792538 140
0.39769226529926055 200
1.0000000000000009 204
20 1.445822751328601 0.8676285971630481 1.8323581999866292
0.9936646068577256 20
21 1.4295930803721306 0.8431629906804732 0.10997920000227168
0.0012017165565785149 20
0.4912327507270335 80
0.6090847987672546 140
0.6778763577202926 200
0.9999999999999992 204
22 1.2578450191739332 0.7153046380797811 1.448152700002538
0.9928404704270625 20
23 1.2381871215303082 0.7042158732563685 0.15600230000563897
0.006346033804604534 20
0.5543079535055291 80
0.6271994117046801 140
0.6749881354061644 200
1.0000000000000002 204
24 1.1112695947114315 0.5454741246630194 2.7211597000132315
0.9526547758478302 20
0.9837918552046061 80
0.9871182798021145 140
0.9884063096634753 200
1.0 204
25 1.0119006974906835 0.45031174643084365 2.6107555000053253
0.9834525544720071 20
0.9927531806092443 80
26 1.0038694846463174 0.4408543451075277 0.3347584000148345
0.016174255333686306 20
0.01826242232232523 80
0.1073483589767454 140
0.19681477015470214 200
1.0000000000000009 204
27 0.9358600486003171 0.36452663994793416 2.7113143999886233
0.9921510715013031 20
28 0.9319374487552438 0.36309949431665994 0.1630087000085041
0.0007906929774218766 20
0.33582126518866123 80
0.42606619478391183 140
0.4814262930411233 200
1.0000000000000004 204
29 0.8845058793279209 0.3118427802334661 2.0577195000078063
0.9849001628537721 20
0.9944953096039746 80
30 0.8804824713742943 0.3063180602114308 0.2892489999940153
31 1.0090094258053033
-------------------------------------------------END------------------------------------------------------
------------------------------------Krylov only---------------------------------------------------
463.2706984924212 463.1333359999787
0.9999999999999997 21
0 417.67159726006287 419.28838905198154 0.2814590999914799
1.0 21
1 349.71934122589454 353.4062653431789 0.2801698999828659
1.0000000000000002 21
2 228.91266989516384 224.78340789840504 0.26625899999635294
0.9999999999999991 21
3 192.58148321594317 191.12762550637586 0.3665890999836847
1.0000000000000007 21
4 137.0380836825188 138.0511636811517 0.31352319999132305
1.0000000000000009 21
5 45.60819905890489 45.69567269863104 0.29890910000540316
0.999999999999999 21
6 16.1970565713396 16.199723509788647 0.3024600000062492
0.9999999999999983 21
7 7.341720308424873 7.110624844746121 0.2901119999878574
1.0000000000000013 21
8 4.396888079355333 3.59256011419457 0.2811453999893274
0.9999999999999992 21
9 3.3400591234937105 2.701713481478501 0.2863221000006888
1.0000000000000004 21
10 2.7425058392740627 2.1394547915235718 0.27870090000214987
1.0000000000000004 21
11 2.4131165800379435 1.7621737199235834 0.28748229998745956
0.999999999999999 21
12 1.9711690901386962 1.395308093029348 0.27824539999710396
1.0000000000000002 21
13 1.7557594313128138 1.1406656666560038 0.282158599991817
0.9999999999999999 21
14 1.61655842795141 1.0380010446297383 0.2802848999854177
0.9999999999999998 21
15 1.5042801852367278 0.9144256796237757 0.281625300005544
0.9999999999999989 21
16 1.4174436106915094 0.8422518784816022 0.283045599993784
1.0000000000000004 21
17 1.354655658148503 0.7832586485283451 0.2731545999995433
0.9999999999999996 21
18 1.2991818792936944 0.7321418093574569 0.2770252000191249
0.9999999999999999 21
19 1.256899449415707 0.6944402871420575 0.2741863999981433
0.999999999999998 21
20 1.2172681647712718 0.6554814757161546 0.28172659999108873
1.0000000000000004 21
21 1.1740907140663974 0.6142346769658741 0.2652167000051122
0.9999999999999992 21
22 1.1362937737565257 0.572848975019505 0.28168259997619316
1.0000000000000004 21
23 1.1133010315199277 0.5576031206286536 0.2738915999943856
0.9999999999999998 21
24 1.0906411575239954 0.5272875164351424 0.29976980001083575
1.0000000000000007 21
25 1.0720001570722513 0.514628250313031 0.27128660000744276
1.0000000000000002 21
26 1.0530566788674138 0.48799964018257613 0.27332140001817606
0.9999999999999991 21
27 1.0376013957725319 0.47907483010246554 0.27036579998093657
1.0000000000000007 21
28 1.0225896405276498 0.4548880793562825 0.2739170999848284
1.0 21
29 1.0096938873839394 0.44724062540724685 0.2793744999798946
1.0000000000000004 21
30 0.9965553123832229 0.4256125154669825 0.2775695000018459
1.0000000000000002 21
31 0.9851998496392064 0.4203245005276401 0.2709551999869291
0.9999999999999987 21
32 0.9740085653897655 0.4008750064590748 0.28053109999746084
0.9999999999999993 21
33 0.96394854525603 0.3963771215555349 0.2707583000010345
1.0000000000000002 21
34 0.9539427921674225 0.3798766887314919 0.26600269999471493
1.0000000000000007 21
35 0.9447978027167941 0.3748746762947214 0.2746692000073381
0.9999999999999998 21
36 0.9353356509786481 0.35872384468746216 0.2933613999921363
1.000000000000001 21
37 0.9267380022503421 0.3544771491076296 0.27771960000973195
1.000000000000001 21
38 0.9185794966499193 0.34252239072451507 0.28615659999195486
0.9999999999999994 21
39 0.9111036936293229 0.33750674398422653 0.2744445000134874
0.9999999999999997 21
40 0.903857618550995 0.3261690399603228 0.28614810001454316
0.9999999999999994 21
41 0.8970745939710283 0.32289382722687765 0.2819554000161588
1.0000000000000007 21
42 0.8904946032410149 0.3118990073132993 0.28837670001666993
1.0000000000000027 21
43 0.8842862381513964 0.3095678864263036 0.27932920001330785
1.0000000000000002 21
44 0.8782283807279108 0.2989624708879024 0.2739860999863595
0.9999999999999997 21
45 0.8725155591748905 0.2970205781960028 0.28128120000474155
1.0000000000000004 21
46 0.8669691842195784 0.2868813242906734 0.28102160000707954
1.0000000000000002 21
47 0.8617489608796379 0.2858930330281058 0.2674872000061441
0.9999999999999992 21
48 0.8566878925955261 0.27618441976486874 0.2857120000116993
1.0000000000000016 21
49 0.85189078320368 0.2752209056955734 0.27106900000944734
50 0.28203890799894
-------------------------------------------------END------------------------------------------------------
42
------------------------------------Randomized only---------------------------------------------------
414.4237878816647 419.497292929554
0.9992175482223822 20
0 382.4334423855668 387.1732634397575 0.10476159999961965
0.9994829821237965 20
1 336.50161778667785 340.4504479716381 0.0976377000042703
0.9996156685748854 20
2 286.82602143768435 290.0308191543386 0.1050317999906838
0.9994892021685574 20
3 252.4728512804772 253.61639227140415 0.10981439999886788
0.9947634748132044 20
4 231.12071949488274 227.21567215914556 0.09497239999473095
0.982009098952101 20
0.9992872122004485 80
5 146.2343953437639 145.019664405572 0.2586470999813173
0.8624139958448428 20
0.9830642104850005 80
0.9947431255312531 140
6 94.62786481367428 89.40026965848303 0.5213087000011001
0.8714857934483614 20
0.9701862265541104 80
0.9915087373347647 140
7 64.93379869056814 60.76950072858663 0.5513265999907162
0.8750132565891063 20
0.9772033641478475 80
0.9890360481178465 140
0.9941148664720413 200
8 44.2024557198473 43.39370167709001 1.0021569000091404
0.8288641193453475 20
0.9747041812582287 80
0.9879732342976268 140
0.9918903582841441 200
9 28.94313916678567 29.075666852629706 1.0996019000012893
0.8009524112925249 20
0.9607038600437838 80
0.9786643547026757 140
0.9871204773260179 200
1.0000000000000002 204
10 16.23080366960778 15.401904317231299 1.1831553000083659
0.7737440843670995 20
0.9578353860961365 80
0.9824005653617242 140
0.989088112892363 200
1.0000000000000004 204
11 9.149254529266138 8.485213545854545 1.5655660000047646
0.9280111735917765 20
0.9824023515468726 80
0.9928845815347584 140
12 6.758512450693653 6.090743467862803 0.5800146000110544
0.840013233761051 20
0.9137992508798404 80
0.9356437972526233 140
0.9574113855639574 200
0.9999999999999998 204
13 4.619736916749879 3.9495941453879233 1.1728156000026502
0.9610867934331537 20
0.9905741121109162 80
14 4.272239196627806 3.6420534636084234 0.2926568999828305
0.46165376448496404 20
0.4975506939408256 80
0.7444750998620766 140
0.8059254084091512 200
1.0000000000000002 204
15 3.3472582231301393 2.800697661571708 1.3323741999920458
0.9924235243261601 20
16 3.1017320649945477 2.570321835552759 0.11290049998206086
0.039860655676096125 20
0.8025828751120845 80
0.8859441637381951 140
0.9222644728047287 200
0.9999999999999998 204
17 2.545883296388031 1.952601805674639 1.3413302000262775
0.9766521560130874 20
0.9921925552665801 80
18 2.5082338739364802 1.9114397731675952 0.27274499999475665
0.03040492468207194 20
0.06348878706180057 80
0.21111134926911268 140
0.324753904754627 200
1.0000000000000002 204
19 2.1586520909158353 1.6290832643815312 1.3011814000201412
0.9045832799532822 20
0.9701922561840008 80
0.9772437215426749 140
0.9805380774848577 200
1.0000000000000004 204
20 1.930360539305422 1.3722099440525184 1.1004973000090104
0.978223968913559 20
0.9902299537171827 80
21 1.920978585302458 1.3555935123941294 0.28974639999796636
0.007613134789903225 20
0.013454636107712194 80
0.12469761845364587 140
0.20521726674413276 200
0.9999999999999997 204
22 1.7382929433832308 1.1670784681458435 1.106001300009666
0.9459047636107286 20
0.9738847669406188 80
0.9771140493728933 140
0.9789562590620429 200
0.9999999999999993 204
23 1.5780699212308529 1.0015294511989954 1.0171922000008635
0.9119490547740441 20
0.9626978677458352 80
0.9684524411572466 140
0.9717834704533304 200
1.0000000000000002 204
24 1.4207100054094874 0.8635971024056431 0.9500264000089373
0.970649576331494 20
0.9873250625455647 80
0.9887663010734931 140
0.9898908178181169 200
0.9999999999999999 204
25 1.295666724828243 0.7103676724482334 1.1261558000114746
0.9450942542674469 20
0.9823846799255753 80
0.986022084804818 140
0.9872026274351714 200
0.9999999999999999 204
26 1.180202284680561 0.6168315151499396 1.3380361000017729
0.9806727744072746 20
0.9915878215860324 80
27 1.1734690389270663 0.6130435063906999 0.2875934000185225
0.007191343370595857 20
0.008682409793611704 80
0.14261478250868598 140
0.2408644852065155 200
1.0 204
28 1.0884648551078249 0.5068631067067663 1.186919300002046
0.9493716623647254 20
0.9855698564798545 80
0.9879469235593427 140
0.9892061172206369 200
0.9999999999999998 204
29 1.0123673994269584 0.43869143699777874 0.9391068000113592
0.9584300930148348 20
0.9843972585543308 80
0.9866524357821563 140
0.9880789856574788 200
1.0000000000000002 204
30 0.9510147686553744 0.37099759709701013 1.2573662999784574
0.9210034294314384 20
0.9732532801702464 80
0.9785621321058217 140
0.9818353562153648 200
0.9999999999999994 204
31 0.9049982519343023 0.33016106056725447 1.0386520999891218
0.9478122952184642 20
0.9885507347034879 80
0.9898272836496126 140
0.9910365709879102 200
32 0.8977327012293881 0.3238746097210694 0.9444139999977779
0.39749223566492975 20
0.45089071888623317 80
0.46495528455833496 140
0.47603447449183844 200
0.999999999999999 204
33 0.8571722022322711 0.282104993479767 1.168155299994396
0.9206812401065468 20
0.9673540515737744 80
0.9703669826095329 140
0.9720694841582288 200
1.0000000000000002 204
34 0.8259411259621958 0.25555510539531046 1.0597067000053357
0.9051980960371367 20
0.9681453338588857 80
0.9703407110364017 140
0.9717800177073581 200
0.9999999999999999 204
35 0.8000522784315081 0.2292932491294452 1.1740467999770772
0.8868714937976289 20
0.9380149994944605 80
0.9428014642074655 140
0.9453028411506206 200
0.9999999999999999 204
36 0.778918443532074 0.20943160680546483 1.180861900007585
0.8523889401132487 20
0.9604183097751914 80
0.9643376334311096 140
0.9663049087787768 200
0.9999999999999999 204
37 0.7608030468871572 0.1928634555971121 1.1423697999853175
0.9304012849409178 20
0.9610238163088832 80
0.9641359582636457 140
0.9655891065791615 200
1.0000000000000002 204
38 0.7456996848242862 0.17605715169830183 1.1510081000160426
0.7929758660192815 20
0.951145949767728 80
0.9558940003170286 140
0.957868626633856 200
1.0000000000000002 204
39 0.7325659342048951 0.1650313259763969 1.1999136000231374
0.9375570011977723 20
0.9593888350368318 80
0.9624101763591669 140
0.9638615303452626 200
1.0 204
40 0.7214492201849436 0.15139930180712605 1.2037093999970239
0.8141047709763607 20
0.952790366107985 80
0.9563766029906483 140
0.9579305440656403 200
1.0 204
41 0.7114885815390877 0.14357584202568374 1.0741619000036735
0.937880812366624 20
0.9560161168423371 80
0.9589108180025264 140
0.9604099516722233 200
0.9999999999999999 204
42 0.7029858715981262 0.1326635349918324 1.1468446000071708
0.8186710066643968 20
0.9444994382379781 80
0.9479599541994841 140
0.9494976681814599 200
0.9999999999999998 204
43 0.6952778498687976 0.12711283179706548 1.1714482000097632
0.93431297526193 20
0.9516747154453743 80
0.9542588797426838 140
0.9557722314700663 200
1.0000000000000002 204
44 0.6887127917312329 0.1181957348257963 1.2028698999783956
0.8729571471076728 20
0.9480028788390173 80
0.9507317733327383 140
0.9519261510494722 200
1.0000000000000002 204
45 0.6827411655802718 0.11409185464105624 1.038565099996049
0.9385895666115737 20
0.9522914885540432 80
0.9542087729011814 140
0.9554836653373673 200
1.0000000000000002 204
46 0.6776104375195273 0.10691331589360607 1.4379073000163771
0.9284176126391391 20
0.960843159684431 80
0.962547786495068 140
0.9633577209690763 200
1.0000000000000004 204
47 0.672915829521756 0.10352533768778081 1.4085687000188045
48 0.9050384062514544
-------------------------------------------------END------------------------------------------------------
------------------------------------Krylov only---------------------------------------------------
414.4237878816647 419.497292929554
1.0 21
0 377.58570901820366 382.762968487 0.28950220000115223
1.0000000000000009 21
1 321.8706418029791 323.35956973293355 0.2878727999923285
1.0 21
2 259.31770339223425 252.37635607949107 0.29334299999754876
1.000000000000001 21
3 217.30601059005494 210.99664126410403 0.3868543000135105
1.0 21
4 165.2349589680258 160.99755175121473 0.33685849999892525
0.999999999999999 21
5 80.39361351172045 75.05881244377782 0.3028113999753259
1.0 21
6 44.44455095263257 43.64312957145583 0.43772079999325797
0.9999999999999992 21
7 21.411747885984195 21.823991138097895 0.31594840000616387
1.0000000000000009 21
8 12.63000918882095 11.90117787815581 0.28679929999634624
1.0000000000000022 21
9 8.124765001033122 7.356830653517922 0.3090684000053443
1.000000000000001 21
10 5.625100773983742 4.99502480059385 0.28882469999371096
0.9999999999999998 21
11 2.9093571977000967 2.38675691370142 0.2788926000066567
0.9999999999999993 21
12 2.4559197116394893 1.9223863199089102 0.288382200000342
1.0 21
13 2.068560002761555 1.4678899270014842 0.270793900010176
1.0000000000000004 21
14 1.8603556619230746 1.2113318595157425 0.2881684000021778
0.9999999999999997 21
15 1.704387118694182 1.0783256095078417 0.28999499999918044
1.0000000000000002 21
16 1.5932682898841903 0.9240196641994264 0.2861875999951735
1.0000000000000002 21
17 1.5049809687795093 0.8622643462641846 0.27677170000970364
0.9999999999999999 21
18 1.4341229007674192 0.7666755836938046 0.2790186000056565
0.9999999999999994 21
19 1.3723914210336239 0.7258839835786203 0.2826546000142116
0.9999999999999992 21
20 1.3210288823625826 0.6567572179287052 0.27651359999435954
1.0000000000000004 21
21 1.2753182203602014 0.6263913251967297 0.26117310000699945
0.9999999999999992 21
22 1.2357721749431176 0.5747119340668873 0.26335709998966195
1.0000000000000002 21
23 1.1996099476917814 0.5522231790866226 0.28336460000718944
1.0000000000000009 21
24 1.1645821907434144 0.5092062491191722 0.27836899997782893
0.999999999999999 21
25 1.1330950800251158 0.49256301706201644 0.2729375000053551
0.9999999999999997 21
26 1.104854209097504 0.45906726618525295 0.27825239999219775
1.0000000000000016 21
27 1.079944541645882 0.44557144132335386 0.28525859999354
0.9999999999999996 21
28 1.057671814568644 0.42171741499590315 0.27601010000216775
0.9999999999999994 21
29 1.0377640522815523 0.40952673369807385 0.2832905999966897
1.0000000000000018 21
30 1.020615176341502 0.3907360364484239 0.2748468999925535
0.9999999999999996 21
31 1.0049720416183052 0.38035237229008984 0.2749393999984022
1.0000000000000002 21
32 0.9908699548127943 0.3658441195665374 0.3039909999934025
1.0000000000000002 21
33 0.9779073182475285 0.3553607587178223 0.37439529999392107
0.9999999999999999 21
34 0.9660965311209344 0.343816786143927 0.27113599999574944
1.0000000000000004 21
35 0.9551389202947408 0.33372280059128684 0.277974800002994
1.0000000000000016 21
36 0.9450192001414445 0.32470625908043155 0.2808902999968268
1.0000000000000004 21
37 0.9355816491242469 0.31490908177670385 0.26959849998820573
1.0000000000000004 21
38 0.9268205166179198 0.3078391082042857 0.27808340001502074
1.000000000000001 21
39 0.918589781530078 0.29852650317619983 0.2782031999959145
0.9999999999999998 21
40 0.9108787275736134 0.2932403059745658 0.27506800001719967
0.9999999999999998 21
41 0.9036006532894025 0.28426801250255584 0.2803542999899946
1.000000000000001 21
42 0.8967501666001247 0.2801320203433754 0.26609829999506474
1.0000000000000009 21
43 0.8902521972269773 0.2718813680186274 0.2725798999890685
0.9999999999999996 21
44 0.8841812574261134 0.2690313055023048 0.2760159999888856
1.0 21
45 0.8784091950352569 0.2611488923271166 0.2723433000210207
0.9999999999999998 21
46 0.8729732128063659 0.259061486035059 0.2779947000090033
0.9999999999999997 21
47 0.867789699873241 0.2516963795577757 0.27269060001708567
0.9999999999999982 21
48 0.8628618167679332 0.25042558787098584 0.29588040002272464
49 0.28996080204093716
-------------------------------------------------END------------------------------------------------------
43
------------------------------------Randomized only---------------------------------------------------
404.5330546825605 404.93771823741577
0.9987854182054203 20
0 374.2724799386002 375.5159129666345 0.113784500019392
0.9990061211582331 20
1 330.6727591349096 332.9037035878142 0.11864520001108758
0.9991832698909625 20
2 283.0371397383906 285.8090381530182 0.0991582999995444
0.9989750501953958 20
3 251.41380963330027 252.06736837848175 0.1609662999981083
0.9728720416154572 20
0.9985217462219085 80
4 177.21964079987407 170.25831848062936 0.26502210000762716
0.7801664517811967 20
0.9744681008978472 80
0.9933644190946891 140
5 81.35401613640234 78.37323640272335 0.9482787000015378
0.6422529783608744 20
0.947285082020805 80
0.9827304266032447 140
0.9920254453411346 200
6 47.482310233611315 46.58484903899599 1.922821499989368
0.5036853278977412 20
0.8693663463542812 80
0.9488056955473088 140
0.9680786360987542 200
1.0000000000000004 204
7 27.971528110025076 28.53168642881343 2.07094049997977
0.6016522193875821 20
0.8859659538835316 80
0.954462017538232 140
0.9716014300210968 200
0.9999999999999998 204
8 15.998850591179322 15.379683477260098 1.292505399993388
0.5729550776253611 20
0.8819808923943164 80
0.9494263509794681 140
0.9647193601075762 200
1.0000000000000002 204
9 10.01828494359588 9.899974502804156 1.3971100999915507
0.6529685902918699 20
0.9039095144909567 80
0.9669666971055006 140
0.9786112879870008 200
0.9999999999999998 204
10 6.6173114038309695 5.94801730610049 1.4114465000166092
0.8776775461121601 20
0.946486109588694 80
0.971542805484922 140
0.9797457024334776 200
1.0 204
11 4.83595131048622 4.154308729710926 1.3798289000114892
0.681207395740336 20
0.8838482389260697 80
0.9321165181735388 140
0.9500455684609942 200
1.0000000000000002 204
12 3.832391263314661 3.105811893202238 1.190944700007094
0.9650271607121892 20
0.9870267763096496 80
0.99059999711346 140
13 3.687379111178856 2.9018139997270382 0.5844526000146288
0.21991101926013842 20
0.3298699146057121 80
0.37557742014765677 140
0.4881270201904712 200
0.9999999999999992 204
14 2.964340854282988 2.1242982080946877 1.5290482999989763
0.7635964855855042 20
0.9091006512206142 80
0.9344230700969349 140
0.9441904146382166 200
1.0000000000000002 204
15 2.5059658103474667 1.7321876069723678 1.138211899989983
0.8619953228452973 20
0.9537949934998274 80
0.9627947211689735 140
0.9682969873272493 200
0.9999999999999991 204
16 2.2274513222985823 1.4384853159226467 1.430983300000662
0.6781823568163708 20
0.8780928946216021 80
0.8969679419033246 140
0.9083041060738339 200
0.9999999999999994 204
17 2.027213660606942 1.3244427807926415 1.0963348999794107
0.8675079660716347 20
0.92564149749216 80
0.9353744846493236 140
0.9400641630957893 200
0.9999999999999997 204
18 1.8848389989474854 1.168788646377663 1.252286400005687
0.7848983425180232 20
0.886204112991674 80
0.8991288432393697 140
0.9051019959902693 200
1.0000000000000007 204
19 1.7643514818148287 1.1090443298470682 1.1453177999937907
0.855937419257097 20
0.8859343460085352 80
0.8943051938589232 140
0.9002502814421639 200
0.9999999999999998 204
20 1.6584797080506393 0.9964998737234497 2.1235267000156455
0.8935076638447907 20
0.9385765166967965 80
0.9447967796082702 140
0.9472105506001215 200
1.0000000000000009 204
21 1.563932923227498 0.9456527793568084 1.2319537000148557
0.9151984753967382 20
0.9330975645393227 80
0.9389463862764086 140
0.9424396911133427 200
1.0 204
22 1.479276273095387 0.852310838081443 1.8268208999943454
0.9459646467863013 20
0.9687215918200097 80
0.9720402060531611 140
0.973175680574085 200
0.9999999999999994 204
23 1.404774181711411 0.8053738145305024 1.105772499984596
0.9111211825765636 20
0.9363882082674387 80
0.9417211306557486 140
0.9442939106640249 200
0.9999999999999996 204
24 1.3363817868933683 0.7279075391145345 1.196401599998353
0.9604114638771432 20
0.9754645449953839 80
0.9776045334717504 140
0.9784795627372335 200
1.0000000000000004 204
25 1.2745914557462992 0.6827560288047434 1.1847467999905348
0.9075233003573792 20
0.9386890240447617 80
0.9426656363386613 140
0.9452886767719899 200
0.9999999999999999 204
26 1.2145912233055 0.6177282734629675 1.2608994000183884
0.9628397691798048 20
0.9786590978764251 80
0.9805619025926805 140
0.9815088318140455 200
0.9999999999999999 204
27 1.159467250442015 0.5734884642531756 1.3234422000241466
0.9273705440082759 20
0.9518951491069841 80
0.9555420505195481 140
0.9583048553739529 200
1.0000000000000004 204
28 1.1079549741066368 0.5266959459877428 1.1075542000180576
0.9542529019521901 20
0.9731286685674675 80
0.9755447812940659 140
0.9767023197282515 200
1.0000000000000002 204
29 1.0622711550947925 0.4862633022144959 1.1767218000022694
0.9468075126114984 20
0.9673235722993991 80
0.9696393351105842 140
0.9716191994199515 200
0.9999999999999994 204
30 1.0214798851480666 0.45295276111507676 1.0972053000004962
0.9457415674618724 20
0.9653266096102531 80
0.9676706388011392 140
0.9690311468525485 200
1.0000000000000002 204
31 0.9860086176247951 0.41968833627634977 1.0581641000171658
0.9606189382082745 20
0.9767059599702997 80
0.9783965780913444 140
0.9797162894606695 200
0.9999999999999988 204
32 0.9533570557905401 0.38905928970530895 1.0459233000001404
0.9448881689319081 20
0.9648049137609671 80
0.9663910220893088 140
0.9676963799722983 200
1.0000000000000007 204
33 0.9254619818320802 0.3618593671396027 1.1367075000016484
0.9750328276484899 20
0.9832800519933231 80
0.9845767781356511 140
0.985341060458655 200
1.0000000000000002 204
34 0.8996745976280719 0.3362805064240589 1.9896132000139914
0.9406487291648493 20
0.9584564135161874 80
0.9600341391881004 140
0.961353803278861 200
1.0000000000000002 204
35 0.877687517239881 0.31230343800443594 1.2166230000148062
0.9718547308243994 20
0.9774270986102341 80
0.9791117652055803 140
0.9798367645716985 200
1.0000000000000002 204
36 0.8579822103036342 0.29523152129623154 1.1434636999911163
0.9281153566443593 20
0.9445095829222967 80
0.9464389545462789 140
0.947959025614568 200
1.0 204
37 0.8407216342780194 0.2734330841559671 1.3400682999927085
0.942323273376572 20
0.9498910803251993 80
0.9534485704117481 140
0.9547469008787559 200
1.0000000000000007 204
38 0.8253199691761675 0.2629726622376165 1.3133349000127055
0.9196131358625196 20
0.9370975199513248 80
0.9393259991563533 140
0.9407732484768107 200
0.9999999999999999 204
39 0.8111470997875359 0.24389212706378532 1.2239701000216883
0.8796398852816243 20
0.8956710749256663 80
0.9027778153825607 140
0.90536261954509 200
1.0000000000000002 204
40 0.7985023924640873 0.23637530814913832 1.428221800015308
0.9178402498897607 20
0.936690299198761 80
0.9390992434502946 140
0.9403759609394253 200
0.9999999999999996 204
41 0.7863497513911035 0.2206816703881527 1.3441633000038564
0.8519816923894119 20
0.8748782095354238 80
0.8831377646710823 140
0.8861179058909728 200
1.0 204
42 0.7756419578299054 0.21349293097165678 1.3658794999937527
0.9026609370453369 20
0.9254028357711137 80
0.9283163533233075 140
0.9296984684464126 200
0.9999999999999994 204
43 0.76523820745599 0.20138571952489043 1.2486330000101589
0.889238498013376 20
0.9110037355961392 80
0.91655152473915 140
0.9184171095063755 200
1.0000000000000004 204
44 0.7561576600661509 0.1933248281705736 1.0266982000030112
0.9053608223372251 20
0.9259680190326841 80
0.9287656685342405 140
0.9300390524774893 200
1.0000000000000002 204
45 0.7474398205253119 0.18417810476600607 1.0038877000042703
0.9359365808830837 20
0.9522391978738628 80
0.954742793239626 140
0.9556015090540282 200
0.9999999999999998 204
46 0.7396890979951904 0.17545182973795745 1.4055659000005107
0.9478253720458578 20
0.95941248365769 80
0.9608913162661737 140
0.9615864066022368 200
1.0000000000000002 204
47 0.732225859031533 0.16824827025759725 1.0786208999925293
0.9540608716689943 20
0.968566894142201 80
0.96994226520577 140
0.9704643577704435 200
0.9999999999999998 204
48 0.7254058728264728 0.15935252614173617 1.52688149997266
0.9683148683762868 20
0.9763927983759108 80
0.9772701105057403 140
0.9777053420705388 200
1.0000000000000002 204
49 0.7187860296784931 0.15343946634321037 1.0614084999833722
0.955397667674982 20
0.9716869758481985 80
0.9728308964716716 140
0.9732879401146265 200
1.0000000000000004 204
50 0.7126478427061206 0.1446981566216215 1.1647551000060048
0.9771187268752225 20
0.9838340699213912 80
0.9844875153123759 140
0.9848117830893595 200
1.0000000000000004 204
51 0.7067144589181594 0.13975126225603787 1.3157845999812707
0.9501391564905565 20
0.9698392166646181 80
0.9709937075018122 140
0.9714827785073976 200
0.9999999999999999 204
52 0.701180741745526 0.1315214504026738 1.1594146999996156
0.9814440447481806 20
0.9874863711349311 80
0.9880483058615586 140
0.9883117104019113 200
0.9999999999999993 204
53 0.6959180802090112 0.1273764426868701 1.1427497999975458
0.9388670940083664 20
0.9636105252627035 80
0.9648815698920217 140
0.965486369098432 200
1.0 204
54 0.6909926210818432 0.12000864005067609 1.3463338000001386
55 1.1867272618200249
-------------------------------------------------END------------------------------------------------------
------------------------------------Krylov only---------------------------------------------------
404.5330546825605 404.93771823741577
0.9999999999999998 21
0 372.98318662968836 374.17429517963166 0.27143539997632615
1.0000000000000007 21
1 327.34412233370756 329.87112520394925 0.2832446999964304
1.0000000000000002 21
2 219.92800836863583 219.90770197475337 0.27393650001613423
0.9999999999999998 21
3 185.06285533281854 190.3307299060925 0.2775283000082709
1.0000000000000004 21
4 53.18585229092805 54.356566422558664 0.2859500999911688
0.9999999999999997 21
5 51.896273140683235 51.023845546218475 0.2782645999977831
1.0000000000000009 21
6 13.906538863601247 13.35493813043398 0.27164530000300147
0.9999999999999993 21
7 6.59272137656112 6.0415284124563655 0.27239100000588223
1.000000000000001 21
8 3.8253629446121935 3.1227248485997032 0.2863540999824181
0.9999999999999996 21
9 2.797787824027682 2.1106937225610283 0.2721513999858871
1.0000000000000007 21
10 2.3468199806822487 1.6983376516135642 0.28011929997592233
0.9999999999999991 21
11 2.076357453211987 1.405236334750967 0.28441120000206865
1.0000000000000007 21
12 1.8799327126314533 1.261801637275315 0.28399050000007264
0.9999999999999993 21
13 1.7298607690670798 1.0676341628123285 0.2900589000200853
0.9999999999999998 21
14 1.6134266886331217 1.0040416052052903 0.3627225999953225
0.999999999999999 21
15 1.5239100817213882 0.8729201664707962 0.2836474000068847
0.9999999999999991 21
16 1.4380950870499343 0.816887927348386 0.37941950000822544
1.0000000000000002 21
17 1.3607969303325347 0.72032768851304 0.5849181000085082
1.0000000000000002 21
18 1.305528196461086 0.6742115058202582 0.35501500000827946
0.9999999999999983 21
19 1.2473223782695244 0.6101099272580504 0.2696552000124939
1.0 21
20 1.2065356635266857 0.5714608116310756 0.2768555000075139
1.0 21
21 1.161392046632383 0.5278820717514906 0.2821586999925785
0.9999999999999998 21
22 1.1296932839793619 0.49655003453598723 0.2827509999915492
0.9999999999999998 21
23 1.092865405169343 0.46170064647463066 0.290124300023308
0.9999999999999997 21
24 1.0664942855589317 0.4345785096500887 0.2890076999901794
1.0000000000000002 21
25 1.0360670335315745 0.4108490968884642 0.2852038000128232
1.0000000000000004 21
26 1.0132698151165958 0.38550498717109793 0.28583049998269416
1.0000000000000002 21
27 0.9862342027990486 0.36682494698335855 0.26708240000880323
0.9999999999999999 21
28 0.96601904060951 0.3455201620972583 0.28034839997417293
1.0 21
29 0.9459581454460609 0.330417944521182 0.27184349999879487
0.9999999999999999 21
30 0.9292334407249037 0.31463041581903506 0.2741430999885779
0.9999999999999991 21
31 0.9124088162343396 0.30222625638000794 0.28163000001222827
1.0000000000000007 21
32 0.8978823788344058 0.2884303553071086 0.287619500013534
1.0000000000000004 21
33 0.8833184875743681 0.2771157983667963 0.28538499999558553
0.9999999999999989 21
34 0.8706004851686892 0.26507757359094897 0.2865890999964904
1.0000000000000016 21
35 0.8577625779372796 0.25506755228404154 0.2804068000114057
0.9999999999999996 21
36 0.846132656414413 0.2450856577771703 0.32778290001442656
1.0000000000000002 21
37 0.8338967488661783 0.23501064307689934 0.2867739000066649
1.0 21
38 0.8252103777511215 0.2253480635813853 0.29900199998519383
1.0 21
39 0.8159911886332487 0.21945171208167408 0.2814063999976497
0.9999999999999989 21
40 0.808452212354392 0.21092878794723818 0.28551980000338517
1.0000000000000002 21
41 0.8005428438595584 0.20521981339766607 0.2738131000078283
1.000000000000001 21
42 0.7942777922152491 0.1995429485958313 0.285006499994779
1.0 21
43 0.7876070526445811 0.1943691128091148 0.29528280001250096
0.9999999999999994 21
44 0.7820984231095847 0.18875980932941763 0.33216940000420436
1.000000000000001 21
45 0.7757976455162378 0.18436313236723623 0.3774217000172939
0.9999999999999997 21
46 0.7705545880756401 0.17858064939697896 0.28492399997776374
0.999999999999999 21
47 0.765163568340051 0.17593273703577403 0.27792049999698065
1.0000000000000007 21
48 0.7606202047759728 0.17004232189839064 0.28373749999445863
49 0.2968285489798885
-------------------------------------------------END------------------------------------------------------
44
------------------------------------Randomized only---------------------------------------------------
450.57888628726175 453.8500542558031
0.9985787946278734 20
0 412.23790031888626 415.968727180983 0.10839999999734573
0.9985826645743452 20
1 357.14347880315466 361.7944747320391 0.11467799998354167
0.9987540071757989 20
2 296.247511781464 300.80195649531214 0.11804800000390969
0.9991017146439917 20
3 251.55428710567313 252.89017234525562 0.11527759997989051
0.9950856632768428 20
4 225.59342329323962 223.2050879429091 0.10067299997899681
0.9985819047704985 20
5 185.8316478289179 183.61301354474162 0.11180240000248887
0.9800126319727045 20
0.9981686651771161 80
6 158.97367580727808 161.04989474276732 0.2979959000076633
0.944382959457785 20
0.9961724318219745 80
7 105.15605533990501 105.41232152098881 0.2815483000013046
0.8186371876834192 20
0.9834226332616548 80
0.9955669774331458 140
8 61.18973790706992 57.59204993493611 0.659127199993236
0.9659928868957385 20
0.9963108147121019 80
9 33.94530836003486 32.56976972672005 0.3113640999945346
0.7729928869880671 20
0.9137619101491959 80
0.9645887352638107 140
0.9878359383887596 200
0.9999999999999993 204
10 24.822370143849955 24.16283299549246 1.811711699992884
0.9781396921876726 20
0.9961648400296749 80
11 18.040462493774374 17.535933223239407 0.27641449999646284
0.7896729546104153 20
0.8839930500778596 80
0.9502196982540944 140
0.9757213776626238 200
1.0000000000000002 204
12 12.67379261785124 12.263014602584619 2.0912069999903906
0.9744765725967814 20
0.9922391586687178 80
13 11.114325583087656 10.518710360173014 0.3183163999929093
0.806343967241919 20
0.8614943123847978 80
0.9331172813498572 140
0.9653650571685857 200
0.9999999999999998 204
14 8.823924984645007 8.311372516651009 1.4056814999785274
0.9980187074843702 20
15 7.3669529835185035 6.828522185501317 0.12297669998952188
0.35506212092085615 20
0.7382899045744855 80
0.8701443017968492 140
0.9276412598991547 200
0.9999999999999998 204
16 5.334033183414184 4.861702645781894 1.6633586000243668
0.96791081403761 20
0.9926955138940211 80
17 4.900665868874643 4.235508685995417 0.27000299998326227
0.6634590407002617 20
0.7127761012077125 80
0.8567113317995936 140
0.9266883121857813 200
1.0000000000000004 204
18 4.059394106865226 3.6111056279804283 1.473664999997709
0.9854567131110838 20
0.9986525366684897 80
19 3.253721705496145 2.7115580977017837 0.2735417000076268
0.8597776296285818 20
0.8717103221698222 80
0.9329468646728555 140
0.9640919008107721 200
1.0 204
20 2.840329449624665 2.2722963483874135 1.185139600012917
0.9960682864608561 20
21 2.682787705367683 2.142081626395132 0.10333089999039657
0.05698342184454962 20
0.8001973723344492 80
0.8869266846646383 140
0.9203053888944992 200
0.9999999999999998 204
22 2.3821436942127483 1.8065935166141325 1.071503000013763
0.9915960866937978 20
23 2.326849957725642 1.7482145709845982 0.11589220000314526
0.007663876366375937 20
0.7979137783991438 80
0.8662964136204513 140
0.9111713425551528 200
0.9999999999999998 204
24 2.1164290475517364 1.5431041301196269 1.3551647999847773
0.9681756933422991 20
0.9965578483515801 80
25 2.0159462739689458 1.4584614682945565 0.2808419000066351
0.1689484319080019 20
0.1766407647937132 80
0.4125276449993662 140
0.5214948353534681 200
1.0 204
26 1.8312484254105443 1.250894645005419 1.262532300024759
0.9960740842466221 20
27 1.8186973187586417 1.234859299541784 0.11112820002017543
0.0009217472506755203 20
0.7346983035422866 80
0.8081189770490154 140
0.8333348060067628 200
0.9999999999999997 204
28 1.6775293048109332 1.0540884208163743 1.24393220001366
0.994885616587759 20
29 1.5835418483891903 0.9655189494368798 0.10647030000109226
0.005521810062006182 20
0.9462298762435929 80
0.9703161047482741 140
0.9759662439962011 200
0.9999999999999999 204
30 1.4270744876425587 0.8041258504116231 1.2290728999942075
0.988395089781034 20
0.9994772310040647 80
31 1.3623250958714628 0.7431975988615507 0.26918850000947714
0.09351959752586664 20
0.10037125533855765 80
0.4450985586157816 140
0.5345599318984413 200
1.0000000000000007 204
32 1.2478020377560661 0.6226663282783058 1.3406066999887116
0.9529635273736419 20
0.9940695788430362 80
33 1.2336304031564962 0.6099017733486802 0.2761282999999821
0.021204746654364948 20
0.022991147645874874 80
0.37372804488335215 140
0.47167996014002017 200
0.9999999999999989 204
34 1.161872363336362 0.5584276367145713 1.3712375000177417
0.9913519420587278 20
35 1.141058262436725 0.5450105190617913 0.11334650000208057
0.0008109392083547991 20
0.826534516833863 80
0.9115999929777584 140
0.9260929475191232 200
1.0 204
36 1.0822300052963205 0.4786834283283333 1.1563734999799635
0.9795816897494216 20
0.9976973891137378 80
37 1.062818570327766 0.46517969790763253 0.29072390001965687
0.14536878485050786 20
0.1477031538675286 80
0.4332392678115768 140
0.545147054497323 200
1.0 204
38 1.0078517855423927 0.41759394318844634 1.231988600018667
0.9826496721589596 20
0.9971750280927362 80
39 1.0021210760349442 0.4118092925212935 0.26270440002554096
0.0032984678332364263 20
0.003674009562918597 80
0.3036581861439513 140
0.42495669081297477 200
1.0000000000000007 204
40 0.9611585744944324 0.3688315193393722 1.4035366000025533
0.9920464694680035 20
41 0.948360234795594 0.35882926245471936 0.16329560001031496
0.0002862517621541212 20
0.8672020826844484 80
0.8978011020641079 140
0.9142077750764509 200
0.9999999999999994 204
42 0.9088936763416756 0.32456880219209006 1.1477814999816474
0.9943200488703451 20
43 0.9080453432547305 0.32371975089761035 0.13901959999930114
44 0.6626529568185849
-------------------------------------------------END------------------------------------------------------
------------------------------------Krylov only---------------------------------------------------
450.57888628726175 453.8500542558031
0.9999999999999996 21
0 408.29016831148743 412.6280667079679 0.2912637999979779
1.0000000000000002 21
1 342.71771752496596 346.0286699338297 0.2791639000060968
0.9999999999999996 21
2 219.710743655926 219.44699211549752 0.2765736999863293
1.0 21
3 147.60283338439203 146.79885107242978 0.3392423000186682
0.9999999999999994 21
4 86.78035403945871 85.48049411170146 0.33465020000585355
0.9999999999999998 21
5 21.426435124251434 19.869727661596304 0.2813826999918092
0.9999999999999989 21
6 8.215308975641536 8.133933330419088 0.274388000019826
1.0000000000000007 21
7 4.542110114920536 3.8618728105005347 0.28809350001392886
0.9999999999999994 21
8 2.8675118518381932 2.2877481841596126 0.27849279998918064
1.0000000000000002 21
9 2.37508400254094 1.7072983988852597 0.2772322000237182
1.0 21
10 2.0230274794576646 1.4127332529782544 0.28103710000868887
0.9999999999999993 21
11 1.7792428712758912 1.1092284890871933 0.26929029999882914
1.0000000000000004 21
12 1.6208052048462334 0.9693588941773148 0.27612569998018444
0.9999999999999999 21
13 1.490061903995958 0.8082368696719263 0.2738031000189949
0.9999999999999998 21
14 1.4059911623034778 0.7453490474109669 0.2819193000032101
0.9999999999999998 21
15 1.337770130857743 0.6632358550925328 0.27320809999946505
0.9999999999999996 21
16 1.2782877518161644 0.6171528312849429 0.2692440999962855
1.0000000000000009 21
17 1.2299017422377396 0.568709057479207 0.2874359999841545
0.9999999999999998 21
18 1.1919465363332242 0.5377294444252421 0.28816669998923317
1.0000000000000002 21
19 1.156842497613347 0.5070145344019313 0.27562380000017583
0.9999999999999994 21
20 1.126510739382983 0.47949947855275005 0.28902630001539364
1.000000000000001 21
21 1.096981621282225 0.4574182051943472 0.2822981999779586
1.0000000000000007 21
22 1.069305645434 0.4301974639166747 0.28624469999340363
1.000000000000001 21
23 1.0429352480087881 0.41148034881070544 0.26694170001428574
1.0000000000000009 21
24 1.0194832291899534 0.3865397915310459 0.2813929000112694
0.9999999999999994 21
25 0.9977840690433808 0.3705260164463881 0.2727632000169251
1.0000000000000004 21
26 0.9786357786675981 0.35002002158530077 0.27492359999450855
0.9999999999999997 21
27 0.9609928773884593 0.33656126263920144 0.2811241000017617
0.999999999999999 21
28 0.9451942087178986 0.3201841694127215 0.2884259000129532
1.0000000000000002 21
29 0.9306319513077953 0.30839435918979946 0.2960984999954235
1.0 21
30 0.9173476018320565 0.29466200136143594 0.2723112000094261
1.0000000000000002 21
31 0.905283372537261 0.2849404929574209 0.27718870001262985
1.0000000000000002 21
32 0.8940574145035567 0.27287538145632867 0.26978370000142604
0.9999999999999993 21
33 0.8839424817778699 0.2650191593387978 0.2677910999918822
1.000000000000001 21
34 0.8744224812956554 0.25418152228268087 0.2737092000024859
1.0000000000000009 21
35 0.8659684331483313 0.247985579766287 0.2866993000207003
0.9999999999999992 21
36 0.8579184545674209 0.23870085539058408 0.2777178999967873
0.9999999999999987 21
37 0.8507065743354869 0.233753293514763 0.28276370000094175
0.999999999999999 21
38 0.8438415505428256 0.22563117416645492 0.2633141000114847
0.9999999999999998 21
39 0.8377773668074664 0.22175141949875457 0.2779912000114564
0.9999999999999998 21
40 0.8321096898966062 0.2143085806257069 0.2666566999978386
1.0000000000000018 21
41 0.8269746693922414 0.21116859292442652 0.2785617000190541
1.0000000000000002 21
42 0.8222607121634057 0.205196806801773 0.27300720001221634
43 0.2810016767477866
-------------------------------------------------END------------------------------------------------------
45
------------------------------------Randomized only---------------------------------------------------
403.73723467825494 409.053774152281
0.9968066307936775 20
0 373.82135278715856 379.65296526629857 0.09462409999105148
0.9976008000798228 20
1 330.37554163854344 336.890741409456 0.11303849998512305
0.9982741534508056 20
2 283.39358612587785 288.65841916153283 0.10084110000752844
0.9986096161944167 20
3 250.95981929253415 251.46581310815304 0.11401859999750741
0.9881728396885916 20
0.9985711188156622 80
4 240.1272210574406 240.5913814986357 0.2782110000262037
0.8302701590864441 20
0.9935569747393945 80
5 107.61688552150144 102.67825272565806 0.28711309999926016
0.8556628894424576 20
0.9536591776404679 80
0.9844902438029404 140
0.9927730093805203 200
6 60.90270845371526 55.53272025833691 1.0550756999873556
0.8314834855462444 20
0.9593850620598204 80
0.9810569932625471 140
0.9900792209755926 200
7 36.980984396534765 32.63275573057655 1.005555000010645
0.8087223532375982 20
0.9373049502687987 80
0.9686804086367136 140
0.9836055212313922 200
1.0000000000000002 204
8 19.075013048486113 17.500888719914947 1.175673599995207
0.7772712483593032 20
0.927260560107795 80
0.9641758859794217 140
0.980080623803319 200
0.9999999999999999 204
9 10.684881046773565 9.856266259837652 1.373895700002322
0.6604906964933054 20
0.9055555065819713 80
0.9455564996401079 140
0.9709901083032785 200
1.0000000000000002 204
10 6.596205314642672 5.9188282655302356 1.3804296999878716
0.7509905622149153 20
0.9314557447524238 80
0.9598469187087336 140
0.9724788806018152 200
0.9999999999999997 204
11 4.808811973343939 4.0497327109346 1.179922200011788
0.7678789522095529 20
0.9067950342151787 80
0.95064138863011 140
0.962208972978425 200
0.9999999999999997 204
12 3.6497156293345228 2.8169143002554016 1.0621388000145089
0.9341419004192645 20
0.9739044450515993 80
0.9840634448066511 140
0.9882385410268402 200
1.0000000000000002 204
13 2.978720208971108 2.3929403073248694 1.1054360000125598
0.8908674012471856 20
0.952722818274709 80
0.9653739512584882 140
0.9718824464836427 200
1.0 204
14 2.4857106811116814 1.8976396460909342 1.2310763999994379
0.696470048882058 20
0.8885588653664468 80
0.9215018038573259 140
0.9355192852275633 200
1.0 204
15 2.170906299717398 1.588692288373179 1.107133099983912
0.8511970778231526 20
0.9463463720151027 80
0.9581961868518739 140
0.9621868978562086 200
1.0000000000000002 204
16 1.9269927376741895 1.378254958066179 1.111615299974801
0.9082808848751822 20
0.9541912068404897 80
0.9605053522262327 140
0.9652395745265026 200
0.9999999999999998 204
17 1.7443374957600937 1.1858200518957518 1.1085643999977037
0.902409217707699 20
0.9690363624870347 80
0.9737244447940618 140
0.9761820292526447 200
1.0000000000000002 204
18 1.5915413508824212 1.035066464181507 1.2890572000178508
0.9530228612485989 20
0.975895464774008 80
0.9785678973660826 140
0.980917112647293 200
1.0000000000000004 204
19 1.4705255213561987 0.9060971130179821 1.1637365000206046
0.9808538225827557 20
0.9902610068916191 80
20 1.4631615922720438 0.8932806509009048 0.265098499978194
0.03156452924821576 20
0.039469999462642624 80
0.16622435333014346 140
0.2566733958137691 200
1.0000000000000002 204
21 1.3659431182613013 0.7814055971631764 1.1355961000081152
0.9863959052479913 20
0.9927044433283627 80
22 1.3576388076239152 0.7766131039852305 0.45130149999749847
0.017729391828259587 20
0.023070036225873936 80
0.11502401979441913 140
0.1930622423696555 200
0.9999999999999991 204
23 1.2704421018074312 0.7023022679471315 0.9769586999900639
0.9803176456502892 20
0.9898473691521397 80
0.9913173849233239 140
24 1.2636617248281574 0.6934575781831069 0.4898572000092827
0.2419073725954258 20
0.2613395865346786 80
0.2654520611089619 140
0.323216596868368 200
1.0000000000000016 204
25 1.1866319496569708 0.5998610116101222 1.1485237999877427
0.9830555708067229 20
0.9934137070492277 80
26 1.1798383113955417 0.5946205705973037 0.28071329998783767
0.02575234939107622 20
0.029199995007103678 80
0.12153128469112129 140
0.19294594481037178 200
0.9999999999999996 204
27 1.1166542649458389 0.5561866226163131 1.1402666000067256
0.9746928882041712 20
0.9881195036628769 80
0.9895075052647564 140
0.9903482844491576 200
28 1.1103310437052112 0.545699685156653 1.041933100001188
0.7265697534831826 20
0.7435030596880905 80
0.7469043643600557 140
0.7489175349167265 200
1.0000000000000002 204
29 1.0544765830805864 0.4715292757400738 1.085940999997547
0.9854259189442275 20
0.9965739677405834 80
30 1.0474659166096891 0.463049865202054 0.2672951999993529
0.0018782252391576022 20
0.0030782324142558087 80
0.08935102251287479 140
0.1624576161197353 200
1.0000000000000009 204
31 1.002450126778642 0.4462768786935118 1.1119450999831315
0.9856707798048369 20
0.9911316852565896 80
32 1.000990449547896 0.445464687882846 0.2687582000216935
33 0.8182225545452004
-------------------------------------------------END------------------------------------------------------
------------------------------------Krylov only---------------------------------------------------
403.73723467825494 409.053774152281
0.9999999999999999 21
0 369.9721170282089 375.89456227761434 0.2759139000263531
1.0000000000000007 21
1 302.9929032108823 307.4047093111099 0.27051689999643713
1.0 21
2 277.61975206651255 277.38989326941174 0.2786846999952104
1.000000000000001 21
3 207.35874457512915 201.43668699558904 0.29826710000634193
0.9999999999999998 21
4 162.77523799715885 159.13380941294434 0.35883599999942817
1.000000000000001 21
5 108.2616196814563 107.42073105175464 0.30669279998983257
0.9999999999999996 21
6 49.9919411634545 48.65233734386237 0.2818783999828156
1.0000000000000009 21
7 23.251014514704696 23.880487311943945 0.3327554000134114
1.0 21
8 14.483923240186177 14.141624284091005 0.32829320000018924
0.9999999999999994 21
9 9.020420427341758 7.9263231477931395 0.27562400000169873
0.9999999999999997 21
10 5.153080048876164 4.186045040794068 0.2766819999960717
1.0000000000000018 21
11 4.0422414418401935 3.3240787957130498 0.28026340002543293
1.0000000000000007 21
12 3.478827211082581 2.686571026776671 0.2727012000104878
1.0 21
13 3.0368259378985445 2.2201714711702114 0.29128859998309053
1.0000000000000002 21
14 2.754906042649289 1.995655545620721 0.27532549999887124
0.9999999999999993 21
15 2.535816866605333 1.7180658507585185 0.2917891000106465
1.0000000000000004 21
16 2.3601012104680152 1.577024428583887 0.3002863999863621
0.9999999999999997 21
17 2.2061697049226114 1.3931006197212719 0.28241799998795614
1.0000000000000007 21
18 2.072080763707546 1.3030142502111426 0.26816629999666475
1.000000000000001 21
19 1.9451408843578102 1.1819285807265894 0.2917264999996405
1.0000000000000002 21
20 1.8307412935011425 1.1137880886203906 0.2863348000100814
1.000000000000001 21
21 1.6959853121040578 0.9742256577386101 0.2814407999976538
1.0 21
22 1.6117184687295258 0.9188594062234064 0.2812811000039801
1.0000000000000009 21
23 1.5357839144594412 0.835823982154498 0.2980165999906603
0.9999999999999991 21
24 1.474677910977813 0.7826232307673747 0.29961980000371113
1.0 21
25 1.4209036684319205 0.7322170408712476 0.28230739998980425
0.9999999999999998 21
26 1.3745561083105575 0.6892798317167306 0.28391820000251755
1.0000000000000002 21
27 1.3329036650319401 0.657493847428713 0.2751097999862395
1.0000000000000002 21
28 1.2959033638347872 0.6233941265021576 0.2768416000180878
0.9999999999999994 21
29 1.2611897082458094 0.6006704072720872 0.2951780000003055
1.0000000000000007 21
30 1.2298440786455729 0.5718950055908767 0.2867688999976963
1.0000000000000002 21
31 1.1989505507824003 0.5489344287632391 0.2792247000033967
1.0000000000000007 21
32 1.1692215188389683 0.5193314451252251 0.27376490001915954
1.000000000000001 21
33 1.1414948635251576 0.5001540848852696 0.2908293000073172
1.0000000000000002 21
34 1.1168769291956782 0.4781879072077928 0.2928842000255827
1.0000000000000022 21
35 1.0940802002020527 0.4591257155162339 0.2769368000153918
1.0000000000000004 21
36 1.0727780392803286 0.43948428890657026 0.27632220002124086
0.9999999999999997 21
37 1.0531883462413651 0.4225340317995709 0.28601480001816526
1.0000000000000007 21
38 1.0352748258531708 0.4055009255924691 0.2909681999881286
0.9999999999999999 21
39 1.0188591468609272 0.39155480136214293 0.27682260001893155
1.0000000000000009 21
40 1.0038517454441975 0.3769256483609099 0.28229810000630096
1.0000000000000002 21
41 0.9899997533118494 0.3646396428897796 0.2684644000255503
0.9999999999999996 21
42 0.9771722904595299 0.3529155322096246 0.28513169998768717
1.0000000000000004 21
43 0.9652856093184738 0.34290042761939815 0.28394669998669997
1.0000000000000009 21
44 0.9541425126843336 0.33228910900064657 0.285568899998907
1.0000000000000002 21
45 0.9438389528437412 0.32338461495452897 0.26842790000955574
1.0000000000000004 21
46 0.9340852200589287 0.314465200405693 0.2736798000114504
0.9999999999999992 21
47 0.9249621916341138 0.3064720822733903 0.26964980000047944
1.0000000000000002 21
48 0.9162650604704535 0.2990535700035649 0.27830140001606196
1.0000000000000002 21
49 0.9080456005611776 0.29162978683773977 0.2690291999897454
1.0000000000000002 21
50 0.9001951758187204 0.28489354976641984 0.27444459998514503
0.9999999999999987 21
51 0.892778948693088 0.27790718119885954 0.2845406999986153
0.9999999999999997 21
52 0.8857080529077732 0.2721836480186224 0.27666179998777807
1.0000000000000002 21
53 0.879020729467971 0.2666846460192685 0.2701043999986723
1.0000000000000004 21
54 0.8726289848701281 0.2607316703418144 0.27330860000802204
0.9999999999999998 21
55 0.8665390186412053 0.2556186441088479 0.26683770000818186
1.0000000000000007 21
56 0.8606985822351846 0.250312728254725 0.282741500006523
1.0000000000000002 21
57 0.85510458596946 0.2457855083519461 0.2878300999873318
0.9999999999999993 21
58 0.8494976246724422 0.2417631145658497 0.2915377000172157
1.0 21
59 0.8440299839236363 0.23612906422862534 0.2831137999892235
0.9999999999999998 21
60 0.8389892253493062 0.23187429466203432 0.2802864999976009
0.9999999999999989 21
61 0.833649919083334 0.22872903084069449 0.29326119998586364
0.9999999999999996 21
62 0.8286510947759212 0.2228891529641836 0.37722880000364967
63 0.28627126031954375
-------------------------------------------------END------------------------------------------------------
46
------------------------------------Randomized only---------------------------------------------------
386.334311532154 388.0916840185868
0.9986901329665995 20
0 359.19238741217015 362.0658121577323 0.10667850001482293
0.9989198448544584 20
1 320.09225540779465 323.7367991601531 0.11159329998190515
0.9990884765013088 20
2 276.9656349806979 280.0162266313721 0.10901700000977144
0.9976198473071984 20
3 244.71273627277589 244.48911033296596 0.10679359998903237
0.9819183869850612 20
0.9993217093554521 80
4 183.88489929517888 179.47021850770636 0.2662982999754604
0.9458277527955057 20
0.9902578443676914 80
5 94.81191780906651 91.75127387070914 0.28270439998595975
0.8776582729076763 20
0.9761028137099226 80
0.9894738450299932 140
0.9949391264696957 200
6 53.67768792101494 53.796694039820345 1.278202000015881
0.8965834414796859 20
0.9804640585656982 80
0.9909096639263105 140
7 37.38202400338956 36.336891014253126 0.5373485000163782
0.9058575957964443 20
0.9757382417280809 80
0.9823932659413154 140
0.9895110918071702 200
1.0000000000000004 204
8 24.87246537016483 24.797921975664153 1.0852719999966212
0.9850378578979703 20
0.9971049301660673 80
9 17.472273840817653 16.274708441337793 0.29454259999329224
0.7420559063085641 20
0.8822064783628193 80
0.9344495764874748 140
0.9644546253668754 200
0.9999999999999993 204
10 13.831832665624798 13.980502898656814 1.3504047000024002
0.9827396168789722 20
0.9983173940540234 80
11 8.989544539422123 8.38536080806008 0.2846234999888111
0.7786164246221445 20
0.8596051863474122 80
0.9300950793313553 140
0.9601841494990899 200
1.0 204
12 7.119845668523258 6.715171380471268 1.1091406999912579
0.9654363187491631 20
0.9966099706675667 80
13 5.278982547429422 4.802613210997935 0.2913510999933351
0.6743523603588784 20
0.7647716890158737 80
0.8742780728265365 140
0.9249468303860863 200
0.9999999999999999 204
14 4.237832996553141 3.7167561039671235 1.2108295999933034
0.9817093376943354 20
0.9978732858959295 80
15 3.8081331816256947 3.2488308317369925 0.28500969999004155
0.5409066011306314 20
0.5921143371518653 80
0.721805460680691 140
0.7778712438390213 200
0.9999999999999997 204
16 3.1477748312207803 2.5026301748948887 1.0446014999761246
0.9594599565552273 20
0.9918595546713054 80
17 3.0581928707484773 2.4593035594590154 0.2731070000154432
0.06897855389654303 20
0.09975868988893251 80
0.33561128697371484 140
0.4569973130787991 200
1.0000000000000004 204
18 2.6338924938986437 2.1221147833611003 0.99424159998307
0.9741784107901219 20
0.9968856245253824 80
19 2.5818445633725973 2.057599206796577 0.2756683999905363
0.06673006217112562 20
0.0940174298570087 80
0.2712540569484711 140
0.35139228187945093 200
1.0000000000000002 204
20 2.226322732206814 1.595306389067715 1.206936799979303
0.9846598060810141 20
0.9972083755929012 80
21 2.171788852357344 1.552359211740047 0.2674190000107046
0.24161103716470048 20
0.25310915766348024 80
0.4132481864790574 140
0.4865371572265562 200
1.0000000000000007 204
22 1.9162968672789378 1.362050582306838 1.158294399996521
0.948629543036094 20
0.986993916189754 80
0.9886750184362635 140
0.9893506697733401 200
1.0000000000000004 204
23 1.692452095708619 1.0460728589040886 0.9709166999964509
0.9970723628841897 20
24 1.6477228060568285 1.0213623999125705 0.11332259999471717
0.05770294427740166 20
0.6865925437689454 80
0.7351030279476138 140
0.7724517788126228 200
0.9999999999999998 204
25 1.4756955105502596 0.8495837608528714 1.4356791999889538
0.985025065927573 20
0.993419089977836 80
26 1.4682314443858986 0.8446280460802902 0.27402390001225285
0.0270599824924573 20
0.03813540046770587 80
0.14304664385083954 140
0.21210267854052234 200
0.9999999999999994 204
27 1.3442787618974708 0.687122187755221 1.1981384999817237
0.9945705348007148 20
28 1.3250303719952525 0.6816822397699442 0.11495609997655265
0.030131409361791005 20
0.5400855845125725 80
0.6255407289956216 140
0.6592976577005658 200
1.0000000000000002 204
29 1.2222835703275143 0.5876872352257447 1.1863353000080679
0.9768703403461112 20
0.9896751388506192 80
0.9904848673177784 140
30 1.21793677045448 0.5825709427093254 0.527103000000352
31 0.6371146290273886
-------------------------------------------------END------------------------------------------------------
------------------------------------Krylov only---------------------------------------------------
386.334311532154 388.0916840185868
1.0000000000000002 21
0 355.7525077268635 358.09429403192433 0.2908797999843955
1.0000000000000002 21
1 307.26188857015586 309.07704611600775 0.2769589000090491
1.0000000000000004 21
2 242.73358203759733 239.5793115742264 0.2830493999936152
1.0 21
3 218.92568425993835 217.91121169470608 0.32379429999855347
1.0000000000000004 21
4 173.52980542949774 175.08886712822306 0.2809680000063963
1.0000000000000009 21
5 74.96165303108869 75.48365089381132 0.30623829999240115
1.0000000000000013 21
6 38.37417625862053 38.84767826897535 0.323715499980608
1.0 21
7 22.503234134144055 20.823899202963045 0.28550220001488924
1.0000000000000009 21
8 9.030888520677344 8.013775733762593 0.27522450001561083
1.0000000000000013 21
9 4.491363020183735 3.655224829670213 0.2878113999904599
0.9999999999999992 21
10 3.420852493218337 2.720981149877085 0.2924969999876339
1.0000000000000002 21
11 3.0084522483868974 2.2961802754749456 0.35910359999979846
0.9999999999999999 21
12 2.7022342835536706 2.017846611708587 0.27762259999872185
0.9999999999999993 21
13 2.4534465468476103 1.8095602189525064 0.2781092999794055
0.9999999999999997 21
14 2.2496692318827094 1.6107120451140695 0.270760599989444
1.0000000000000004 21
15 2.0503345075527593 1.3953569917488302 0.2683070999919437
1.0000000000000009 21
16 1.857803811502612 1.2155093850570382 0.2926934999995865
1.0000000000000002 21
17 1.6460088009201277 0.9826392979241827 0.2764815000118688
1.000000000000001 21
18 1.5012450586161707 0.850422698445472 0.2657453999854624
0.9999999999999989 21
19 1.387144803691355 0.7357102839253035 0.2770952999999281
1.0000000000000013 21
20 1.3063918000658061 0.6683590100605072 0.2703341000014916
0.9999999999999998 21
21 1.2452514690193242 0.5991343141435339 0.28136729999096133
1.0000000000000009 21
22 1.195714898737023 0.5594583057294 0.26964220000081696
1.0000000000000007 21
23 1.1555897432423896 0.5114604766799031 0.2760392000200227
0.9999999999999976 21
24 1.1202769434666657 0.48819652183951 0.2742593000002671
0.9999999999999992 21
25 1.089804941428605 0.4478793371559598 0.2765474999905564
1.0000000000000007 21
26 1.0541718701598126 0.4236692595249254 0.287636900000507
1.0000000000000016 21
27 1.0271086070247586 0.3921259583959016 0.281017699977383
0.9999999999999988 21
28 1.0069219707293862 0.38037046149975334 0.2727899999881629
1.0000000000000016 21
29 0.9888729824984086 0.35999857852912365 0.2854251000098884
1.000000000000001 21
30 0.9680255981838695 0.34941645224335266 0.2700569999869913
1.0000000000000009 21
31 0.9507818834358382 0.33034035908017884 0.2700151999888476
0.9999999999999992 21
32 0.9390007907586507 0.32225330017434506 0.27995470000314526
1.0000000000000013 21
33 0.92806093115898 0.3099888111298744 0.262606100004632
1.0000000000000004 21
34 0.9182060311240939 0.3009912583576014 0.27068459999281913
1.0000000000000002 21
35 0.9090843680422982 0.2928189908100107 0.27096110000275075
0.9999999999999982 21
36 0.9004297584175741 0.2842163693930711 0.275177999981679
0.9999999999999999 21
37 0.8920638761764687 0.279271642887559 0.28104200001689605
1.0000000000000018 21
38 0.8827386991202173 0.26807126515256013 0.2954907000239473
1.0000000000000002 21
39 0.8742904726322398 0.26131760075119104 0.38617990000057034
0.9999999999999998 21
40 0.8662870795510899 0.2516058621639016 0.31260229999315925
1.0000000000000004 21
41 0.8591496360209845 0.24707948673789673 0.2800631999853067
1.0000000000000009 21
42 0.8520717403642332 0.23946617619429214 0.2839113000081852
0.9999999999999994 21
43 0.8456750010574011 0.23434819432712578 0.44705940000130795
0.9999999999999991 21
44 0.8405797619586388 0.22784321372394117 0.27812299999641255
1.0000000000000013 21
45 0.8357569053424951 0.22426633006079283 0.2732071000209544
46 0.28923376304168336
-------------------------------------------------END------------------------------------------------------
47
------------------------------------Randomized only---------------------------------------------------
423.80745716445045 424.081557971144
0.9990003251069389 20
0 389.81074175635786 390.89006252238795 0.10574710002401844
0.9992510060553017 20
1 340.88058957490614 343.33635616189775 0.11262729999725707
0.9994603934040313 20
2 287.61636422572275 290.7587432130829 0.11152489998494275
0.9990843039930388 20
3 251.4454205715535 252.9767855186931 0.09895249997498468
0.9690741172845728 20
0.9984053964275876 80
4 159.69486475662887 153.84592998324388 0.29644679999910295
0.8186909680060099 20
0.9891272470820359 80
0.9960646327371733 140
5 93.37799162537095 91.11234181916839 0.5896762000047602
0.8378775281233002 20
0.979247447202766 80
0.9905596802224901 140
6 62.19318388961812 61.10675543396611 0.5237343000189867
0.8061615488316966 20
0.9692716874157539 80
0.9850001513649806 140
0.9929363758087904 200
7 38.21849794650054 36.46659169592274 1.0664839000091888
0.8202088008454177 20
0.9716738624504281 80
0.9845822077784899 140
0.9904906363167656 200
8 25.23948399351505 24.805706004016102 0.8968576999905054
0.8002419542416219 20
0.9561596987270279 80
0.9746488609920799 140
0.9813512446562438 200
0.9999999999999998 204
9 15.164935266617398 14.836145335456221 1.2787507999746595
0.8616779172993017 20
0.983708093494515 80
0.9915349167226154 140
10 11.193897670218034 10.538689513785101 0.6590202000224963
0.7690513828016842 20
0.8837025310923294 80
0.913935929378299 140
0.9431450288476353 200
1.0000000000000002 204
11 7.203319002068529 6.893237616501125 1.1830551000020932
0.8555867607117309 20
0.9712268355869166 80
0.9859678167330399 140
0.9915731309722126 200
12 5.676372497298361 5.0870881572845565 0.9155461999762338
0.9445952805985774 20
0.9715960331477732 80
0.9781528966243822 140
0.9816057455468347 200
0.9999999999999992 204
13 4.286032217338282 3.8737336697149463 1.0729200999776367
0.9721687367718921 20
0.9974314119920723 80
14 3.716772744308423 3.215090404779965 0.2752366999920923
0.44091874256755365 20
0.529029249191102 80
0.7514135244485822 140
0.8386224320589056 200
1.0000000000000002 204
15 2.872570571481261 2.347568264172514 1.070186199998716
0.962362145284208 20
0.9928328051860477 80
16 2.686790879164597 2.0548487307612793 0.2685764000052586
0.08286461461185922 20
0.10011434254367646 80
0.4486906745558523 140
0.6016527067672355 200
0.9999999999999997 204
17 2.2234549506399794 1.6320930479835631 1.0924365000100806
0.88751959787295 20
0.9811619188574627 80
0.9855824012958894 140
0.9886801426023115 200
1.0000000000000009 204
18 1.8464623247929375 1.3184840960045352 1.2046936999831814
0.963209365666554 20
0.9889447393469246 80
0.9930252059818366 140
19 1.8030244786689662 1.2215163364478958 0.5869247000082396
0.47625890342335675 20
0.5074191712705963 80
0.5150764911549401 140
0.6006831201127859 200
0.9999999999999993 204
20 1.5844806658134079 1.0257908891485827 1.095159499993315
0.9822711794026837 20
0.995680540603238 80
21 1.5579668559456161 0.9897822443282314 0.29114210000261664
0.02069306117020374 20
0.02824565928622692 80
0.25935874181805096 140
0.34885876603318866 200
0.9999999999999998 204
22 1.3989435352942055 0.8444316645051507 1.1696677999862004
0.9390078595969666 20
0.9734350926932267 80
0.9790820208287219 140
0.9821882714316029 200
0.9999999999999993 204
23 1.2828392503766683 0.7217614975105208 1.1922991999890655
0.972603638024479 20
0.9899763786771687 80
0.9919240468895683 140
24 1.2709678386664554 0.6953901017399012 0.6486195999896154
0.02753926093423161 20
0.04602610156557032 80
0.05284889859513026 140
0.1657838734468438 200
0.9999999999999996 204
25 1.19136303423838 0.6374385676557933 1.0621391999884509
0.9629930586419316 20
0.9850061232132987 80
0.987840731360107 140
0.9891992014672181 200
0.9999999999999991 204
26 1.1255408062964871 0.5464815445492045 1.1539064999960829
0.9805258714550831 20
0.989326445641333 80
0.9906091056367555 140
27 1.1208512870535874 0.5331210275098706 0.5592724000161979
0.01579209360449911 20
0.020620531319669583 80
0.02263569515003998 140
0.08761649233924237 200
1.0000000000000004 204
28 1.0688852485384908 0.5144026856043183 1.1650887999858242
0.9435119665021354 20
0.9735702257557535 80
0.9783531981898562 140
0.9804120500993784 200
1.0 204
29 1.02358027258083 0.44196727752317744 1.1128768000053242
0.9752511819257517 20
0.9910118116317852 80
30 1.0201175059845369 0.4314486385748826 0.27881410002009943
31 0.7463994612879751
-------------------------------------------------END------------------------------------------------------
------------------------------------Krylov only---------------------------------------------------
423.80745716445045 424.081557971144
1.0000000000000004 21
0 387.3384817561035 389.15539307169576 0.28775600000517443
1.0000000000000007 21
1 328.6444990113102 332.2115335540371 0.2856610000017099
1.0000000000000002 21
2 243.97232735138348 240.06662583917188 0.2843420999997761
0.9999999999999994 21
3 122.08475295369432 123.5685908952463 0.2889710000017658
1.0000000000000002 21
4 36.532452873237666 38.47747112091379 0.2781037999957334
1.0000000000000004 21
5 22.16188921510803 23.618040440741353 0.33144360000733286
0.9999999999999977 21
6 18.200712730440088 19.56163051696932 0.2755708000040613
1.0 21
7 5.93601280789429 5.524410623817757 0.271529300021939
1.0000000000000009 21
8 4.115337792351309 3.7816262887803744 0.2875120000098832
0.9999999999999992 21
9 2.8847970503484803 2.3237300642467136 0.26843889997689985
1.0000000000000009 21
10 2.334014379273622 1.7311621728790478 0.277120200014906
0.9999999999999999 21
11 1.9148013265681294 1.3157931708005177 0.2749515000032261
1.0000000000000002 21
12 1.6653625950883353 1.0703131021511834 0.2747788999986369
0.9999999999999997 21
13 1.4863442853285236 0.8984692212412171 0.27064400000381283
0.9999999999999989 21
14 1.3463165262273669 0.7673487921085912 0.2895808999892324
0.9999999999999986 21
15 1.2487138635260702 0.6736859389115674 0.2727430000086315
1.000000000000001 21
16 1.1767076652535382 0.5989046629780919 0.27939290000358596
1.0 21
17 1.1215693241980882 0.5322620088428446 0.28056320000905544
1.0000000000000002 21
18 1.0805000175274049 0.49656218268865027 0.27810900000622496
0.9999999999999998 21
19 1.0432185220376236 0.4480469597160575 0.2668616999872029
0.9999999999999986 21
20 1.0118391573917136 0.4228373684013243 0.27334269997663796
0.9999999999999987 21
21 0.982841165868807 0.3817950542417791 0.29005619999952614
1.0 21
22 0.9611207116492282 0.3675053673322418 0.2824585000053048
1.0000000000000002 21
23 0.940238376414127 0.3362622632484992 0.2774491999880411
1.0000000000000009 21
24 0.923014950392233 0.3275310001980745 0.2706121999945026
0.9999999999999998 21
25 0.9064306169776614 0.30164670338822547 0.28390650000073947
1.0000000000000007 21
26 0.8923965173995372 0.29538949778559764 0.2942052999860607
1.0000000000000002 21
27 0.8791471010995525 0.27489374306507697 0.2909233999962453
1.0000000000000004 21
28 0.868040250187843 0.2711042851757384 0.27894129999913275
1.0 21
29 0.8573753205636778 0.25396163252517706 0.283892300009029
0.9999999999999998 21
30 0.8480761771393651 0.2515206767912421 0.2724562000075821
1.0000000000000002 21
31 0.8391896403244685 0.23610024757204576 0.2908519999764394
0.9999999999999994 21
32 0.8314909794778534 0.23544404166580268 0.285154799988959
1.0000000000000007 21
33 0.8238873714950682 0.2214432077975062 0.2864376000070479
0.9999999999999989 21
34 0.8167091011256016 0.22187042906548066 0.27762690000236034
0.999999999999999 21
35 0.8098316388518947 0.20888056630967813 0.2977656000002753
1.0000000000000004 21
36 0.8041035617382308 0.20912213266107663 0.27154889999656007
0.9999999999999996 21
37 0.7984493307997629 0.1982015957941078 0.431740699976217
1.0 21
38 0.7935727104192639 0.19868816143652732 0.4401598999975249
39 0.2898359999988968
-------------------------------------------------END------------------------------------------------------
48
------------------------------------Randomized only---------------------------------------------------
380.10483847125533 382.73216098782507
0.9994023433430497 20
0 353.8949035824108 357.0086957038672 0.1112546999938786
0.9994907495460409 20
1 316.30775222891765 319.67980812818394 0.10508779998053797
0.9992419820045931 20
2 275.51131896961 278.1409168620214 0.10516639999696054
0.9985513175025389 20
3 242.74436135261217 241.47429011331505 0.11320260001230054
0.9744641458529962 20
0.999210370334607 80
4 181.2235325105022 175.62590648963214 0.27504209999460727
0.8345079521444249 20
0.9860044302851884 80
0.994997978136984 140
5 84.14388342521225 83.13120933506382 0.48265859999810345
0.7080286970203883 20
0.9717302786176718 80
0.9899259430471934 140
0.9951704348852235 200
6 40.76828665751262 38.06951867624394 1.0780471000180114
0.6819340932656844 20
0.9552412689322198 80
0.9797624791033425 140
0.9876358646959074 200
0.9999999999999999 204
7 22.85463470263423 22.130572437037014 1.2006464999867603
0.826580424277131 20
0.9713379264015872 80
0.9862558168620831 140
0.9916974231999383 200
8 14.844182778066143 14.192738696315832 1.5055914999975357
0.7244122158177644 20
0.9140203181012159 80
0.9413666947960238 140
0.9564046327895603 200
1.0000000000000004 204
9 10.675437524475267 9.952821125524123 1.3566915000264999
0.9902971355220523 20
10 8.046678408110008 7.421731858668601 0.11536740002338775
0.23326855109478575 20
0.8295508599681801 80
0.9133669854462315 140
0.9466091063827383 200
1.0000000000000004 204
11 5.04495552997079 4.670734175078327 1.0308936999936122
0.9261049205152572 20
0.9809795459371936 80
0.9903878005365885 140
12 4.415237350771283 3.9038495059894704 0.552053400024306
0.2963201183578701 20
0.4483212979725465 80
0.515475727429251 140
0.6571714824095983 200
0.9999999999999994 204
13 3.331703852427641 2.8983644037171685 2.0174539999861736
0.955800491307109 20
0.9924151064782537 80
14 3.1284948216337805 2.598766178030684 0.3968089999980293
0.21292163252139348 20
0.2866951170583484 80
0.5884486475208746 140
0.7039137445390857 200
1.0 204
15 2.5400542782757345 2.008263647050531 2.284018099977402
0.9221446001922295 20
0.9852116118403867 80
0.9899194561863037 140
0.9917511044600307 200
16 2.3906790555331274 1.807691608048177 1.416904899990186
0.7249250813308395 20
0.7658469028057121 80
0.7888956241046594 140
0.7952776052759046 200
1.0000000000000004 204
17 2.037375842719826 1.4428272778830042 1.3233285000023898
0.8272856352609568 20
0.9376368049643834 80
0.9573350036105083 140
0.965239666934792 200
1.0 204
18 1.8059239394227795 1.2233130768090155 1.8529835999943316
0.9884893266732856 20
0.9950323741963442 80
19 1.7875423054471011 1.1892412285533287 0.3841322000080254
0.011946394458214986 20
0.020291277319669156 80
0.17505812943333465 140
0.24883242501492112 200
0.9999999999999993 204
20 1.6187734538144067 1.004186230440874 1.2728754999989178
0.8342269208413446 20
0.9113623906352102 80
0.9225533314469022 140
0.9317284605605312 200
0.9999999999999994 204
21 1.4892141950563598 0.8854321492659964 1.6981780999922194
0.9674167496953535 20
0.9809622001279367 80
0.9839454380617804 140
0.9851590814419807 200
0.9999999999999996 204
22 1.3698009705426168 0.7797669101146474 1.4513831000076607
0.9336128003047026 20
0.9621080387039295 80
0.9679928379326065 140
0.9717176283490512 200
1.0 204
23 1.2702795477004247 0.6804825753496551 3.465081900008954
0.9546623650396222 20
0.9740067229897776 80
0.97685234600139 140
0.9788782343440202 200
1.0000000000000004 204
24 1.1837901040729666 0.6187433213724177 1.3598048999847379
0.9506377027029687 20
0.9738482587084174 80
0.9779990320128439 140
0.9797660980436679 200
1.0000000000000007 204
25 1.1175782234514078 0.5322704314921032 1.6968247000186238
0.9677157004758086 20
0.9810149176217664 80
0.9838756116156306 140
0.9854468882917923 200
0.9999999999999998 204
26 1.057549399121484 0.4909404447745475 1.217586000013398
0.975620720880437 20
0.9890081336736565 80
0.9910387904378217 140
27 1.0502261009045257 0.48029641539658663 0.7566288000089116
0.7482474064526423 20
0.7565716007726526 80
0.7608590575831435 140
0.7762455004803666 200
1.0 204
28 0.9977440874873386 0.40718069352053204 1.1092955999774858
0.9646223494642491 20
0.9802517491292432 80
0.9825750422610503 140
0.9839020921399003 200
0.9999999999999998 204
29 0.9485480742384672 0.3761019887378908 1.405176100000972
0.9737115713647435 20
0.986622138758797 80
0.9879467473022897 140
0.9890635770284618 200
0.9999999999999997 204
30 0.9098484690906397 0.3193872201450614 1.1495834999950603
0.9913653619067585 20
31 0.9056886221018436 0.3153450477898319 0.11820299999089912
32 1.0752485875000275
-------------------------------------------------END------------------------------------------------------
------------------------------------Krylov only---------------------------------------------------
380.10483847125533 382.73216098782507
1.0000000000000002 21
0 350.0073041971354 353.4278586774921 0.279801700002281
1.0 21
1 275.0130244525246 276.3802366515753 0.35344000000623055
1.0000000000000002 21
2 252.51632371993242 253.53824307189953 0.34549719997448847
1.0000000000000004 21
3 241.192301631665 240.29077687038878 0.3911208999925293
1.0000000000000002 21
4 158.91916114557065 152.64264801919683 0.2825682000257075
0.9999999999999987 21
5 76.62011523713163 72.69573204830205 0.2870374000049196
1.0000000000000002 21
6 39.14304965009988 36.82200201991892 0.2880512000119779
1.000000000000001 21
7 11.804974467716358 11.294790166010994 0.27668379998067394
0.9999999999999997 21
8 6.849164977265 6.488553007175553 0.26560199999948964
1.0000000000000007 21
9 4.2815374764185705 3.7680756673455282 0.2728826999955345
0.9999999999999989 21
10 3.4974518068898135 3.0983607211907542 0.28074479999486357
1.0000000000000004 21
11 2.8792105342525605 2.343773648003053 0.26728470000671223
0.9999999999999989 21
12 2.4962917003791145 1.9808233492980099 0.2735523000010289
0.9999999999999994 21
13 2.2083061410485536 1.6660164295870148 0.2843429000058677
1.0000000000000004 21
14 1.9719607636244822 1.4126166359500454 0.28337429999373853
1.0000000000000002 21
15 1.785451803156513 1.2008227450773243 0.27505319999181665
1.0000000000000002 21
16 1.6479657146551807 1.073673632723225 0.27776390002691187
1.0 21
17 1.526285439169455 0.9156268347572512 0.28416359997936524
1.0000000000000002 21
18 1.427293620982547 0.8328271548567215 0.2688681000145152
1.0000000000000013 21
19 1.340578634488734 0.7296535519700192 0.28760790001251735
1.0000000000000013 21
20 1.277177209940712 0.6694536773469117 0.28013880000798963
1.0000000000000007 21
21 1.2267434559073647 0.6131419902998045 0.2705547999939881
0.9999999999999998 21
22 1.1840369613628685 0.570413018297445 0.2640073999937158
0.9999999999999993 21
23 1.1474647155225965 0.5355062011343057 0.28226310000172816
0.9999999999999991 21
24 1.1146988533500881 0.5031634531381094 0.2709152000024915
1.0000000000000004 21
25 1.0854957581003644 0.47816113308778757 0.2925989000068512
1.0000000000000007 21
26 1.0587490265183197 0.45060171290964957 0.26659420001669787
0.9999999999999993 21
27 1.0341462902023417 0.43011035441746626 0.2669811999949161
1.0000000000000004 21
28 1.0113341516594274 0.40505292259029907 0.2783767000073567
1.0000000000000007 21
29 0.9901407155491524 0.3875111105940656 0.2864817999943625
1.0000000000000009 21
30 0.9704552247849694 0.3653392327181784 0.2837301999970805
1.0000000000000009 21
31 0.9537856439332365 0.3528493734795883 0.2824937999830581
1.0000000000000007 21
32 0.9376919734819218 0.33136995978933453 0.26996480001253076
1.0000000000000007 21
33 0.9230227193023686 0.3216317275185157 0.2800563999917358
0.9999999999999993 21
34 0.9096047002715979 0.3049822400085151 0.268089700024575
0.9999999999999999 21
35 0.8983591432354948 0.2947901846672289 0.28047340002376586
1.0000000000000018 21
36 0.887742917103734 0.28293657139734896 0.28211060000467114
1.0 21
37 0.8784624731218436 0.27419663339158035 0.278318800003035
1.0000000000000007 21
38 0.8695417314828534 0.2648477088326167 0.2886626000108663
0.9999999999999993 21
39 0.8614638402466702 0.2574798361700661 0.2813954000012018
0.9999999999999999 21
40 0.8536485729446333 0.24908720469031204 0.28083289999631234
1.0 21
41 0.8465500643216776 0.24329835980801176 0.28800800000317395
0.9999999999999996 21
42 0.8396730334642892 0.23547037777915278 0.2872743000043556
0.9999999999999981 21
43 0.8333873907002806 0.23101794270435172 0.27444629999808967
0.9999999999999997 21
44 0.8260668131944905 0.2223119085540482 0.28815450001275167
1.0000000000000002 21
45 0.8199765184007142 0.21971182419229882 0.28835059999255463
0.9999999999999993 21
46 0.8149875614236551 0.21185233271541165 0.28046510001877323
47 0.2844080914919106
-------------------------------------------------END------------------------------------------------------
49
------------------------------------Randomized only---------------------------------------------------
383.96370011988023 387.1861946090643
0.999007317861512 20
0 356.9120233091565 360.28966015382696 0.09883309999713674
0.9992359844211738 20
1 318.2870704147267 321.99035452452125 0.10191830000258051
0.9992735469408691 20
2 277.1955021178127 279.53669040793824 0.10837820000597276
0.9988488876311554 20
3 248.59635265812884 248.66145981908753 0.11188670000410639
0.9858973741718603 20
0.9992954126549695 80
4 212.6193976817322 211.6345698132683 0.2786469000275247
0.8535404478488959 20
0.9825903818214213 80
0.9954680605590107 140
5 143.08451767932246 138.78564827359497 0.6364859000022989
0.8778477757915497 20
0.981841123563727 80
0.9941378359616129 140
6 65.55241398597379 61.142002682927895 0.523640700004762
0.9142593107901017 20
0.9806902511041039 80
0.9916368131776045 140
7 40.631624458091714 36.63280753338491 0.4870232999965083
0.8591755258532047 20
0.9700459399529114 80
0.9830607302893808 140
0.9899283999211111 200
1.0000000000000007 204
8 20.532910312573193 19.080485437225825 0.871959699987201
0.7961863364392355 20
0.9659705989570074 80
0.983734558248591 140
0.9885309885389869 200
1.0 204
9 11.869759191599629 11.585935617370696 1.0604106999817304
0.9178377165192276 20
0.9901316889742349 80
10 9.573310174127725 9.100669056934736 0.2933720999862999
0.725065494099762 20
0.8492382513764851 80
0.9060154329152864 140
0.9352566859531002 200
1.0000000000000002 204
11 6.2604505647574245 5.613906310358848 1.3019304999907035
0.8669436969802325 20
0.9703330199416735 80
0.9833346031877048 140
0.9884101101961495 200
1.0000000000000002 204
12 4.376874149736922 3.617394984087971 1.2055938999983482
0.9245998425046781 20
0.9701810713321487 80
0.982379194946263 140
0.9875135572706228 200
1.0000000000000002 204
13 3.2866731268576994 2.6239844677647826 1.2007829000067431
0.9364890986153315 20
0.9785429156065151 80
0.9839751303758882 140
0.9866153213461846 200
1.0000000000000002 204
14 2.5608106371390007 1.9680791950824144 2.10358179998002
0.9184228980866477 20
0.9691918601972445 80
0.9792699335879319 140
0.9838819739539683 200
0.9999999999999997 204
15 2.0753909310521097 1.4878855628222574 2.979794499988202
0.9854281349251173 20
0.9901994071053417 80
16 2.0479318913364506 1.4791527078576063 0.32023270000354387
0.0388680028211041 20
0.05512074508631416 80
0.2160676980180095 140
0.31811397308334377 200
1.0000000000000007 204
17 1.7590920045948242 1.1237726928109029 1.177312499989057
0.9648561353158714 20
0.9895839264422188 80
0.9920577150599389 140
18 1.7106232394511154 1.0819166902532684 0.49838199999067
0.2001520432888553 20
0.21984649477813153 80
0.23062572666386955 140
0.3321433636016796 200
1.0000000000000004 204
19 1.5038938825413046 0.8996739526443307 1.227093399997102
0.9286050632695868 20
0.9740703398460036 80
0.9793410693189474 140
0.9815141440589397 200
0.9999999999999999 204
20 1.3431327735552279 0.71747619564664 1.3418869999877643
0.9715347939931681 20
0.9896417392799157 80
0.9919537812139102 140
21 1.3271657001807766 0.6934384681048545 0.5958020999969449
0.03127537114889516 20
0.04835815006682541 80
0.05689439121972068 140
0.12059147305014527 200
1.0000000000000004 204
22 1.2112745395691622 0.5858380890584542 3.0312279000063427
0.9135702975454372 20
0.9646483769675172 80
0.9730618986152978 140
0.9756799545102556 200
1.0000000000000002 204
23 1.108124977415568 0.487448996147527 1.3237691999820527
0.9385375306483574 20
0.9748746826602642 80
0.978696565293261 140
0.98054069175399 200
1.0000000000000002 204
24 1.0300931691489845 0.41773600285369744 1.392599800019525
0.9908522831107407 20
25 1.0280518872646516 0.41528217423067576 0.1058414000144694
0.0002773358825424142 20
0.42830062583790535 80
0.4904015486762545 140
0.520660160453696 200
1.0000000000000002 204
26 0.9633888638188113 0.3624504460392904 1.9579868000000715
0.8969551060572718 20
0.9649723317653582 80
0.9698900725008894 140
0.9728215280738202 200
0.9999999999999996 204
27 0.9140674143033782 0.3121725292677615 1.541403800016269
0.9610187594653364 20
0.978670243842766 80
0.9798982726941181 140
0.9807850161683789 200
1.0 204
28 0.8751450739888074 0.29066160923201334 1.3410181000072043
0.891431544826081 20
0.9355300634530312 80
0.9409000069729829 140
0.9436485388487569 200
1.0000000000000004 204
29 0.8456120553380264 0.25237804413386355 1.3416934999986552
0.9310975983896179 20
0.9575669552682274 80
0.959060486859495 140
0.960488506101787 200
1.0000000000000004 204
30 0.8192682454883239 0.23784364199602315 1.2250366999942344
0.9686662393869904 20
0.9803203458560662 80
0.9814674587265865 140
0.9820234129441131 200
1.0000000000000004 204
31 0.798041028337199 0.21125551262119127 1.4294869999866933
0.9481524939122841 20
0.9706988523519858 80
0.971853709846998 140
0.9726422695777476 200
1.0000000000000002 204
32 0.7776262783368948 0.19664558777624017 1.1695070000132546
0.9567166504911386 20
0.9744593798633018 80
0.9756670839938423 140
0.9763317132224826 200
1.0000000000000004 204
33 0.7612680248400814 0.17788997263094639 1.1862569999939296
0.9039302077746821 20
0.9504664564667009 80
0.9524522457903891 140
0.9537816551181711 200
0.9999999999999998 204
34 0.7453037644871165 0.16496170797682436 1.147289099986665
0.9246847446905965 20
0.9601610977659468 80
0.96184249482321 140
0.9629173095315176 200
1.0000000000000002 204
35 0.7326431442778102 0.15071255869244024 1.2336850999854505
0.8230477388134672 20
0.9116624792591999 80
0.9145596450380474 140
0.9172341128605106 200
1.0 204
36 0.7203648109063011 0.1407506144184592 1.2207665999885648
0.921795360383467 20
0.9605139659200294 80
0.9620858476909968 140
0.9632450942720023 200
0.9999999999999994 204
37 0.7106100726466662 0.12889643370777373 1.5861273999908008
0.9347169858925307 20
0.9621352668363723 80
0.963496798329425 140
0.9646099149837134 200
1.0000000000000007 204
38 0.7012004104333941 0.12199285884163374 2.7760969000228215
0.9398147577927985 20
0.9661950914282551 80
0.9673429600915593 140
0.968317475282283 200
0.9999999999999989 204
39 0.6936986273500328 0.1116811753742189 1.45316930001718
0.9844646665501577 20
0.9891107220841551 80
0.9895804499908942 140
0.9898826816712951 200
1.0000000000000004 204
40 0.6861937712934346 0.10703053268535859 1.6287809000059497
0.9564660873932543 20
0.9739010155092163 80
0.9747413845630472 140
0.9754133435747254 200
1.0000000000000002 204
41 0.6801779659703411 0.09799086346253819 1.206377299997257
0.9906681609673239 20
42 0.680148077730214 0.09798679026945467 0.10504420002689585
43 1.1146072999995233
-------------------------------------------------END------------------------------------------------------
------------------------------------Krylov only---------------------------------------------------
383.96370011988023 387.1861946090643
0.9999999999999993 21
0 353.69781624601876 357.54146092487105 0.28674900002079085
1.0000000000000004 21
1 300.610599381394 303.5201514815921 0.29186060000211
1.0000000000000002 21
2 218.7806889908405 217.0910571319603 0.3828376999881584
1.0000000000000002 21
3 181.31988059128673 180.14544160392555 0.4764909999794327
1.0000000000000002 21
4 155.80021554513633 155.400619669224 0.3662484999804292
1.0000000000000002 21
5 124.18986764766015 122.2061256404371 0.2766741999948863
0.9999999999999999 21
6 34.73473588942479 34.930522823075194 0.3201028000039514
1.0 21
7 8.929503478940772 8.683769463779997 0.31172259998857044
1.0000000000000004 21
8 5.047430332615372 4.5916224091859625 0.27561049998621456
0.9999999999999997 21
9 3.125758830498667 2.8020068621043133 0.2915195999958087
1.0000000000000007 21
10 2.487806881287372 1.9580820270507788 0.2848570999922231
1.0000000000000004 21
11 2.079982924481261 1.5890538143834083 0.27126749997842126
1.0000000000000007 21
12 1.853933772629474 1.302953383389147 0.28691719999187626
1.0000000000000007 21
13 1.6733490334353345 1.1266850285179018 0.29142640001373366
1.000000000000001 21
14 1.5516042870744837 0.9646364059508612 0.2859695999941323
1.0000000000000009 21
15 1.4543072412387152 0.8808954734782446 0.29818330000853166
0.9999999999999994 21
16 1.3783199710746066 0.7799632788076936 0.2832219999982044
1.0000000000000007 21
17 1.3153050413837206 0.7308265512921776 0.2890471999999136
0.9999999999999998 21
18 1.2601676556711612 0.6573305372811035 0.28612030000658706
1.0000000000000013 21
19 1.2129349702657444 0.620406321160349 0.27621300000464544
1.0 21
20 1.171501533443002 0.5710279892929777 0.43640120001509786
1.000000000000001 21
21 1.1375159506814816 0.5414712044758841 0.2860130999761168
1.0000000000000007 21
22 1.1096041742176317 0.5115648620844164 0.2829476000042632
0.9999999999999998 21
23 1.0860932881418623 0.4888882532577125 0.2838097000203561
0.9999999999999998 21
24 1.0646130794987703 0.46556858505859394 0.2718094000010751
1.0000000000000002 21
25 1.0456516463118317 0.4466398329192419 0.27685820002807304
1.0000000000000009 21
26 1.0281036681492917 0.4274036033214318 0.2854970000043977
1.0000000000000004 21
27 1.0123055086643904 0.41122345255348525 0.2976259999850299
1.0 21
28 0.9975809636660314 0.3950270457454532 0.2855042000010144
1.0000000000000009 21
29 0.9841338262295303 0.38097300971017356 0.2789294999965932
0.9999999999999992 21
30 0.9715496086940133 0.3672706480016998 0.29504860000452027
1.0000000000000002 21
31 0.9599217826438092 0.3547557725960853 0.2904217000177596
1.0000000000000004 21
32 0.9490111460765849 0.3432096856943762 0.2907116000133101
1.000000000000001 21
33 0.9388243194151233 0.3318003020961217 0.2824276000028476
1.0000000000000013 21
34 0.9292493114968149 0.3220568157367751 0.27129119998426177
1.0000000000000007 21
35 0.9202044199820968 0.31145630067336433 0.2767483000061475
1.0000000000000004 21
36 0.9116923527063867 0.30313793343184114 0.2757331000175327
1.0 21
37 0.9034911560995875 0.29304637213735646 0.27318829999421723
1.0000000000000007 21
38 0.8958042190850065 0.2858992881770094 0.29576360000646673
1.000000000000002 21
39 0.8879327785312886 0.2752311121166831 0.2816815999976825
1.0000000000000007 21
40 0.8806769528172977 0.2693383874132504 0.3729973000008613
0.9999999999999987 21
41 0.8727023555898217 0.2576670844164844 0.3205661000101827
0.999999999999999 21
42 0.8652491074745295 0.25234360253356175 0.2820988000021316
0.9999999999999997 21
43 0.859576703768532 0.24671797216596594 0.28200180002022535
0.9999999999999997 21
44 0.8542285834182439 0.24105431252730816 0.2911636999924667
0.9999999999999998 21
45 0.8490970307403444 0.2359147176827484 0.27040670000133105
1.0 21
46 0.8442341727337557 0.23085382464141577 0.29156449998845346
47 0.2991968191493838
-------------------------------------------------END------------------------------------------------------
50
------------------------------------Randomized only---------------------------------------------------
411.84330402788095 408.81690397056167
0.9980232916106092 20
0 380.24175139675566 378.0255840026847 0.13920239999424666
0.9986653422474351 20
1 334.68165366977684 333.9850788824641 0.09814129999722354
0.99921407368088 20
2 285.55349156002717 286.7190622598417 0.10857969999779016
0.9989990080093659 20
3 251.96213804527093 252.31150224467507 0.1111842000100296
0.9709036604637097 20
0.9979910266092928 80
4 173.59401949322495 165.8381398708884 0.30877949998830445
0.8445034983503387 20
0.9884967979511958 80
0.9957521434732085 140
5 68.790367034819 65.76769094131377 1.7157306000008248
0.8172337191551332 20
0.9610502161818012 80
0.9895320199756327 140
0.9946785933090588 200
6 33.68603594989009 33.39272893190093 2.326194499997655
0.8176655665442683 20
0.9679066770760814 80
0.9846313351077376 140
0.9911913689232636 200
7 19.7793642071095 20.234423045171134 2.560608500003582
0.7861879195413964 20
0.9434571208060114 80
0.9737887939637015 140
0.9812349110677527 200
1.0000000000000002 204
8 11.770210708852654 11.85443835809312 1.475690699997358
0.7766023664451358 20
0.9516972091501311 80
0.9755624878877065 140
0.982572639978023 200
1.0000000000000002 204
9 7.4392360094094965 7.106899028816411 3.6917488999897614
0.9161011974535133 20
0.9828641727871106 80
0.9896528929714828 140
0.9923584371738651 200
10 6.212947852882225 5.881903276889436 1.564825400011614
0.7819170036617505 20
0.9211100318506351 80
0.9385300120738673 140
0.9465412552706758 200
1.0000000000000004 204
11 4.597733117808684 4.1315079074936065 1.446626799996011
0.9847198169908326 20
0.996257852421574 80
12 4.0466852194800245 3.620892587445126 0.2900704999919981
0.6886042586536173 20
0.759758679774998 80
0.8694984036873004 140
0.9045557807410762 200
1.0000000000000004 204
13 3.133846953633894 2.789152374548614 2.3659301000006963
0.9097844200644905 20
0.9723029936910664 80
0.9818930420077928 140
0.9854794716335376 200
1.0 204
14 2.4888770553359785 1.968835060637654 1.2501293999957852
0.959058413856903 20
0.9755034987800516 80
0.9811435185869124 140
0.9839363953798611 200
1.0000000000000004 204
15 2.0989355762992177 1.6487265413671808 1.8463428000104614
0.7997567657760083 20
0.926429513892503 80
0.9422820885748229 140
0.9473339076207657 200
0.9999999999999996 204
16 1.8265949851958023 1.329365415532157 1.2976323000038974
0.7782877843751862 20
0.8847934733339748 80
0.902750244446014 140
0.915149935440328 200
1.0000000000000002 204
17 1.6079202978835456 1.113221853177983 1.3710748000012245
0.8703853170103873 20
0.9539114841050644 80
0.9600919668188562 140
0.963945660097825 200
1.0000000000000002 204
18 1.4527775377150418 0.9440692548466143 1.279724799998803
0.9320863124065988 20
0.9704188079574202 80
0.9739075644580484 140
0.9760308396935574 200
1.0 204
19 1.3245003841502485 0.7896503066012183 1.4065026000025682
0.8925126252817024 20
0.9598171183301456 80
0.9643068643073734 140
0.9677354887928384 200
0.9999999999999998 204
20 1.2372898136646082 0.6986775815649245 1.0498062999977265
0.9391550467535491 20
0.9715270043049907 80
0.9743237910511751 140
0.9759020116129857 200
1.0 204
21 1.1650620430094742 0.6106207892320472 1.4979821000015363
0.932091305502213 20
0.9615653784874173 80
0.9657386211914836 140
0.9676643347714279 200
0.9999999999999993 204
22 1.1079350442421845 0.5527438210078351 1.166067899990594
0.9402603213158137 20
0.9678045112833935 80
0.9711062560523501 140
0.9727176604544051 200
1.0000000000000004 204
23 1.058304959874996 0.49403111806931715 1.1792634000012185
0.9431948087644498 20
0.9653793743508372 80
0.9682170936390108 140
0.9693840225472661 200
1.0 204
24 1.0160464702712189 0.4565339282194958 1.3364450999943074
0.8911274889979308 20
0.930064636462606 80
0.9353829720745371 140
0.9379898527842936 200
0.9999999999999999 204
25 0.9789348473630043 0.4101943098817452 1.6187345000216737
0.931358222270463 20
0.9547684298369133 80
0.9573877820901086 140
0.9584241055014273 200
0.9999999999999996 204
26 0.9460365713047457 0.38534833693158 1.0807324000052176
0.9224213698133957 20
0.9476759223149662 80
0.9502966217289642 140
0.9520549496690485 200
1.0000000000000007 204
27 0.9173845021813871 0.34768392278996807 1.2606705999933183
0.8883871153419969 20
0.9285865956883739 80
0.9320312200452942 140
0.9336173436033837 200
1.0000000000000002 204
28 0.8916553715851904 0.3294692175832232 1.1062724000075832
0.921240765031548 20
0.9461552494815177 80
0.9482920087350658 140
0.9501061510667764 200
1.0 204
29 0.8694413691229469 0.2988929467021415 1.1732007999962661
0.8210659402432349 20
0.9124299571873175 80
0.9159631815180639 140
0.9179664735219975 200
0.9999999999999997 204
30 0.8492156002246535 0.283979038751094 1.1288842000067234
0.8701288732471416 20
0.907754851418254 80
0.9112801979485892 140
0.9142513583775117 200
1.0000000000000002 204
31 0.8316829465880997 0.2600353576791112 1.3236420000030193
0.8369777837886897 20
0.9368687738608923 80
0.9391014277614506 140
0.9403530870241138 200
1.0000000000000004 204
32 0.8155386816789196 0.24620826264606105 1.1183010000095237
0.9597068779942386 20
0.9707256595891879 80
0.9720632653098435 140
0.972968165212221 200
0.9999999999999999 204
33 0.8013940243920462 0.2283755979014801 1.2018710000265855
0.918811517092218 20
0.9648343064574193 80
0.9660089236403753 140
0.966656535505848 200
1.0000000000000002 204
34 0.7884392932603943 0.21565136503473392 1.3057665000087582
0.9791354244419003 20
0.9847104727820309 80
0.9855009391934976 140
0.985959215083211 200
1.0000000000000002 204
35 0.7770442128388593 0.20248918179376735 1.0710252999851946
0.9655931836533093 20
0.9806053770243613 80
0.9812624756166783 140
0.9816520049795253 200
1.0 204
36 0.7666128997516019 0.1918937398196429 1.1751439000072423
0.9764740527658619 20
0.982301260880365 80
0.9832352559624425 140
0.983704175320161 200
0.9999999999999997 204
37 0.7574689888040591 0.1815251308593459 1.3021177000191528
0.9744415277828509 20
0.9829629738641283 80
0.983530216867561 140
0.98389100409904 200
1.0 204
38 0.749038126479354 0.17335604463760745 1.2841349999944214
0.9605939602673863 20
0.9697005497769076 80
0.9711983768864191 140
0.9718442038867781 200
1.0000000000000002 204
39 0.7416033004145534 0.1645403546533475 1.4510797000257298
0.9698579526819273 20
0.9783112184107661 80
0.9790227565345295 140
0.9794346915156655 200
1.0000000000000002 204
40 0.7346940164469977 0.15829655303363413 1.112993999995524
0.9425975835466012 20
0.9566049032583118 80
0.9585600409923909 140
0.959303178510117 200
0.9999999999999997 204
41 0.7284755962486182 0.1505489875670579 1.1473271000140812
0.9593974681863486 20
0.97021983734658 80
0.971235241812416 140
0.9716865793653139 200
0.9999999999999989 204
42 0.7226649577697948 0.14560118989192852 1.2350210000004154
0.9429811202661765 20
0.9587760950777852 80
0.9604765769363289 140
0.9610885621932267 200
0.9999999999999997 204
43 0.7173373990305415 0.13879113844638544 1.0516805999795906
0.9517569063411406 20
0.9647800795888946 80
0.9659887859463103 140
0.9664129185252976 200
0.9999999999999997 204
44 0.7123549112990234 0.13470893937846026 1.2362435999966692
45 1.2726472866682645
-------------------------------------------------END------------------------------------------------------
------------------------------------Krylov only---------------------------------------------------
411.84330402788095 408.81690397056167
1.0 21
0 378.12680286914724 376.52901622292626 0.2660780000151135
1.0000000000000002 21
1 311.7745899191425 311.30943269632513 0.2745166000095196
1.0000000000000002 21
2 258.82854321884696 254.87468296180108 0.27040710000437684
1.0000000000000004 21
3 205.70674634811726 202.17255884168432 0.27173839998431504
1.0000000000000024 21
4 70.09986791165164 69.24417979539173 0.2880864000180736
1.0000000000000009 21
5 53.518619390471 53.77195286183761 0.2748972999979742
1.0000000000000002 21
6 11.131430484223268 11.147225193491147 0.2766305000113789
1.0 21
7 5.785877935680649 5.319989325986006 0.287780600017868
0.9999999999999997 21
8 3.8626176026673216 3.2555820942814058 0.28824059999897145
1.0000000000000002 21
9 2.657821844948903 2.0867284385378313 0.2785629999998491
0.9999999999999987 21
10 2.197697330237306 1.6181682280179335 0.27283770000212826
1.0000000000000009 21
11 1.9860366982796251 1.4178417807784058 0.276180300017586
0.9999999999999988 21
12 1.7532397977125866 1.1684425810236687 0.2746206999872811
1.0000000000000009 21
13 1.5864193336859378 1.0165916017846157 0.28517369998735376
1.0000000000000004 21
14 1.4500356054703047 0.8543029295592823 0.28069010001490824
0.9999999999999998 21
15 1.3305767166958222 0.7372892335086138 0.27639250000356697
1.0000000000000004 21
16 1.2498172100559346 0.6287929952907193 0.2925311999861151
1.000000000000001 21
17 1.168090158304875 0.5564038705358855 0.27207620002445765
1.0000000000000002 21
18 1.1106101250029503 0.4756251241060583 0.28306730001349933
0.999999999999999 21
19 1.054382304399238 0.43586422043740786 0.2589367000036873
0.9999999999999987 21
20 1.0135096026964598 0.37887341768319677 0.280681000003824
1.000000000000001 21
21 0.9759515900498662 0.3562251318161681 0.2847427000233438
1.000000000000001 21
22 0.9490497304236453 0.3224712115089282 0.28013699999428354
0.9999999999999994 21
23 0.9258361934250392 0.3080174282644798 0.2733046000066679
1.000000000000001 21
24 0.9067541919570727 0.2871410237996625 0.2803569999814499
0.9999999999999994 21
25 0.8898690628264929 0.27409484818768065 0.275122699997155
0.9999999999999997 21
26 0.8753312737519351 0.2600385690879472 0.2745215999893844
0.9999999999999992 21
27 0.8622265319209604 0.24830839268134117 0.2699279999942519
0.9999999999999999 21
28 0.8506584929935077 0.2379232197679235 0.2829132000042591
0.9999999999999999 21
29 0.8401018688224835 0.2278229231633586 0.2831274999771267
1.000000000000001 21
30 0.8305931291429657 0.21932906349894352 0.2916624000063166
1.000000000000001 21
31 0.8218099278804432 0.2108804272447953 0.2885848000005353
1.0000000000000004 21
32 0.8138292883379187 0.20331560687604505 0.27360509999562055
1.0000000000000016 21
33 0.8063821590146059 0.1966126611583336 0.28294480001204647
1.0000000000000002 21
34 0.7995671183417022 0.18947363799870504 0.2730749000038486
0.9999999999999993 21
35 0.7931707720134827 0.18443233257529465 0.2787633999832906
0.9999999999999992 21
36 0.7872403918448746 0.17778743948934744 0.2805827999836765
1.0000000000000022 21
37 0.7816678905007142 0.1740777116782283 0.28294949998962693
1.0000000000000007 21
38 0.7764827212784726 0.16793284956536797 0.3067789000051562
1.000000000000001 21
39 0.7716063947781319 0.1651499629253202 0.3593494999804534
40 0.28131440750075853
-------------------------------------------------END------------------------------------------------------
