0
------------------------------------Randomized only---------------------------------------------------
613.4005709348991 643.4557419182418
0.9997305013996258 39
0 547.0995374628991 574.1364085813013 0.4964575999765657
0.9997889507033725 39
1 450.8195581248942 472.76200717725607 0.483390600013081
0.9998489532667562 39
2 344.7568380228333 360.09075831897917 0.5012380999978632
0.9998968342911912 39
3 266.363931345294 275.11007369632756 0.476728199981153
0.9987265110396762 39
4 216.76227878605906 222.41302607699762 0.4855972999939695
0.972259159491536 39
0.9988263931990479 156
5 157.91167154618674 155.8481283141139 1.8927022000134457
0.9482048607926878 39
0.9943436509438609 156
6 101.83741666455558 98.34956873984726 2.137837300018873
0.9273555301406483 39
0.9926916474331169 156
7 71.69627717875834 68.15559907024947 1.9590916000015568
0.9540777637414551 39
0.9932174762924706 156
8 49.67448388510167 48.9669438142512 1.8973612999834586
0.9527294562948909 39
0.9913650423082995 156
9 35.12564121649902 33.86686908221062 2.167602600005921
0.9449352999266196 39
0.9854808403501686 156
0.9932100899240165 273
10 23.442288033149936 21.450222976323044 5.014476399985142
0.8964574721269835 39
0.9693031476292023 156
0.9820560940557755 273
0.9906062154220028 390
11 15.99630169540141 14.796649921885837 8.17288239998743
0.8777302030540922 39
0.9687461257697618 156
0.9833161954414197 273
0.9891679708668555 390
1.0000000000000002 393
12 14.391294920653426 13.378236670079426 10.149591699999291
0.9989518667848212 39
13 7.800285430932004 6.6497036180480285 0.5053944000101183
0.7661667051617448 39
0.9736090473866512 156
0.9898859453523075 273
0.9946264323510079 390
14 5.2560747360681805 4.627207257909896 8.40255359999719
0.9578647968611903 39
0.9932243613007278 156
15 4.470789228343537 3.8306958405035303 2.116630399978021
0.8311791334933923 39
0.8905706985444505 156
0.9308275787532172 273
0.956307447830907 390
0.9999999999999998 393
16 4.275822931059069 3.4744545718793374 8.77606289999676
0.9975523352610024 39
17 2.9798799620116805 2.3171034139312634 0.46250540000619367
0.22236997310887244 39
0.949403618256048 156
0.9769241767509989 273
0.9885945096321062 390
1.0000000000000007 393
18 2.231826860442687 1.6219916725566286 8.521140199998626
0.934917695492208 39
0.9938396664755333 156
19 2.048983678529961 1.4176045974777631 2.0959984000073746
0.9581201651614897 39
0.9621629113719824 156
0.9811901381124991 273
0.9896480042884682 390
1.0000000000000007 393
20 1.7125202726265365 1.0748850536494983 8.895100299996557
0.9967650121170121 39
21 1.5931376789502552 0.9431633857016445 0.4616467999876477
0.03670379929665681 39
0.7776686082193305 156
0.8945748581336967 273
0.9400120394362347 390
1.0 393
22 1.462797336420315 0.7935149303558917 8.953695100004552
0.9990484079495127 39
23 1.2375665653273464 0.6070777401129444 0.5294039000000339
0.3130230006785615 39
0.9424309451481688 156
0.9771283989801589 273
0.988820585537166 390
1.0000000000000002 393
24 1.2012248825858538 0.5802146304846046 9.051040000020294
0.9990805700235228 39
25 1.001628955287735 0.3957389395361682 0.5010225000150967
0.06154069408082549 39
0.9442590427286474 156
0.9842465172420721 273
0.9931500308957752 390
26 0.9177255684969968 0.2978244994063492 8.709975800011307
0.9994265480892817 39
27 0.9041449840795224 0.2888546978600445 0.5163913999858778
0.011003137086583842 39
0.7724348726894792 156
0.8238683263559397 273
0.8500845397592152 390
1.0 393
28 0.8553196549066768 0.25000329681638395 8.48523339998792
0.9997048433385167 39
29 0.8156153035765822 0.21225390522148402 0.4725083999801427
0.02494267136242549 39
0.8721018045572877 156
0.9228436532542156 273
0.9450505946267677 390
0.9999999999999997 393
30 0.8014517238223456 0.20113215334853127 9.022920799994608
0.9995012749084407 39
31 0.75957298110735 0.16334995559286514 0.5080176999908872
0.015269418462012819 39
0.9212538425022471 156
0.9678055138485203 273
0.9816141276914557 390
0.9999999999999997 393
32 0.7400263936186451 0.15247042952893497 8.745824800018454
0.9988750013449742 39
33 0.7229512137547757 0.13542403030210573 0.5087537000072189
0.01073479066875184 39
0.9224917538136032 156
0.9744085454947676 273
0.9872773354895786 390
0.9999999999999998 393
34 0.7129723899620001 0.12497749084849266 8.736018700001296
0.9978765762349495 39
35 0.7004286397583877 0.11293705863178194 0.49581409999518655
0.003551497651042243 39
0.9329399813316044 156
0.9728993508278457 273
0.9874463840521743 390
0.9999999999999999 393
36 0.6858858058907245 0.10051731437081435 9.098629099986283
0.9986280708736569 39
37 0.6821543736511904 0.09726865079532476 0.4926153999986127
38 3.9710488026298423
-------------------------------------------------END------------------------------------------------------
------------------------------------Krylov only---------------------------------------------------
613.4005709348991 643.4557419182418
1.0000000000000002 40
0 533.7077396267488 560.5530169167739 1.8807770000130404
1.0 40
1 419.9334775560925 439.6757190946305 1.7205353000026662
0.9999999999999999 40
2 323.27805959719706 328.9805756691481 1.8307987000152934
0.9999999999999994 40
3 125.72840740485475 127.36284453504783 1.8665684000006877
0.9999999999999998 40
4 63.267394066887185 65.10096872468993 1.7861733000027016
0.9999999999999997 40
5 28.11897163016553 28.902815500603868 1.983139999996638
1.0 40
6 20.799509353287153 21.191663977324183 1.9891628000186756
0.9999999999999991 40
7 12.337667972661933 11.62108864304758 1.838060799986124
1.0 40
8 3.5299621023156535 2.8920858408866223 1.8805296999926213
1.0000000000000004 40
9 2.0124514366212027 1.2854259620461352 1.8474814999790397
1.0000000000000004 40
10 1.4162593920342406 0.8115803017757884 1.8267352000111714
0.9999999999999999 40
11 1.066704183550326 0.4524755326404057 1.8555911000003107
1.0000000000000004 40
12 0.8914734843420716 0.28831979212125775 1.8408717999991495
0.9999999999999997 40
13 0.8226707464220777 0.21753823638089825 1.8829408999881707
0.9999999999999999 40
14 0.7833168264782604 0.18406662080772945 1.8295283000043128
0.9999999999999996 40
15 0.7542087375372277 0.15237489648943017 1.855211899994174
1.0000000000000004 40
16 0.7319424278485258 0.13540797889164274 1.8321862999873701
0.9999999999999998 40
17 0.7166102231860534 0.12017132609268591 1.856036299985135
1.000000000000001 40
18 0.7043792026097327 0.11057586161618045 1.8450833999959286
1.0000000000000004 40
19 0.6947508804116401 0.10031199993743216 1.8361225000116974
0.9999999999999998 40
20 0.6869866568236914 0.09560389784033943 1.8970305999973789
0.9999999999999997 40
21 0.6802346706526037 0.08794909202493185 1.8642042999854311
0.9999999999999997 40
22 0.6749078939040741 0.08474249752318562 1.9023268000164535
0.9999999999999997 40
23 0.6702312758445281 0.07918577969421511 1.849679599981755
0.9999999999999992 40
24 0.6663334713038569 0.07735229910366563 1.848913599998923
1.0000000000000002 40
25 0.6628368512875986 0.07303214257732654 1.85103269998217
1.0 40
26 0.6597001537748003 0.0712929305986718 1.8559976000105962
1.0000000000000002 40
27 0.6568914021895914 0.06794536350724821 1.8364451000234112
1.0000000000000007 40
28 0.654390619457799 0.06637978545316563 1.9783016000001226
0.9999999999999991 40
29 0.652093320977433 0.06397102294448967 1.8549631999921985
0.9999999999999993 40
30 0.6500494426043925 0.06247330135627297 1.8502707000006922
31 1.860409709676582
-------------------------------------------------END------------------------------------------------------
------------------------------------Hybrid---------------------------------------------------
613.4005709348991 643.4557419182418
0.9997305013996258 39
0 547.0995374628991 574.1364085813013 0.49173189999419264
0.9997889507033725 39
1 450.8195581248942 472.76200717725607 0.4734771999937948
0.9998489532667562 39
2 344.7568380228333 360.09075831897917 0.46458140001050197
0.9998968342911912 39
3 266.363931345294 275.11007369632756 0.46915570000419393
0.9987265110396762 39
4 216.76227878605906 222.41302607699762 0.4928692000103183
0.972259159491536 39
0.9999995904788732 156
5 215.8042473064259 221.47261827301386 5.570789799996419
0.9697798204294098 39
0.9999945471398779 156
6 186.84199810802602 191.9224515395061 5.291689100005897
0.9375882569722768 39
0.9996161081980306 156
7 141.42852322770563 140.8070859475381 5.196386800002074
0.9622345283147248 39
0.9999545498957828 156
8 56.72348171952276 55.79672226580913 5.180718999996316
0.967425494562227 39
0.9999299443952824 156
9 39.530118594842975 39.919626841114805 5.232789900008356
0.9942147245860494 39
10 17.869831092634033 18.6018156500698 0.49845169999753125
0.8979722519529457 39
0.9999937654330151 156
11 13.146216866829946 13.60708144624265 5.273590299999341
0.9642212427360778 39
0.9999972851281469 156
12 9.813535842037883 10.013271876333734 5.315699200000381
0.986653309721292 39
0.9999980186597934 156
13 7.548817163103644 7.526495568857338 5.464239599998109
0.9929317913159688 39
14 4.853110562122789 4.553963239784831 0.5099383999768179
0.3835822239756961 39
0.9999997710488645 156
15 3.8984912190376817 3.5013051476271437 5.2862486000231
0.9516961086967995 39
0.999999843850091 156
16 3.4401406111507713 3.0177678136346167 5.370673000026727
0.9967610930282355 39
17 2.863760838884955 2.3857229904538477 0.4842720000015106
0.22489056707258576 39
0.9999997475918571 156
18 2.60317464890157 2.131361159202852 5.492072900000494
0.990615419935603 39
19 2.5503482946366827 2.058524730528448 0.5147056000132579
0.0018276715839004067 39
0.9998434465447524 156
20 2.332576650928639 1.847757473029198 5.634303700004239
0.9905967035477324 39
21 2.289764648039809 1.7862031942923209 0.48122079999302514
0.0011143171036531003 39
0.9999292339136893 156
22 2.1068261771266923 1.6124108489885534 5.456725800002459
0.9894162984737529 39
0.999999983045816 156
23 1.9930259815785554 1.5053482822571689 5.611548799992306
0.9969491751572012 39
24 1.8869888681991873 1.3600322051467577 0.5063504000136163
0.0035682328234582163 39
0.9999301106039611 156
25 1.7506620035592875 1.2333238798830735 5.540283699985594
0.9854990864310578 39
0.9999999845903484 156
26 1.6486515365217855 1.1307013388923264 5.452796800003853
0.9949368412268875 39
27 1.5883085564630937 1.0467301013115535 0.48879610002040863
0.00280453784912598 39
0.9999306900856201 156
28 1.4563435415703185 0.9260808796456845 5.428045499982545
0.9951661848922643 39
29 1.373726210349216 0.8220956917837096 0.48392020000028424
0.006916441706616795 39
0.9999948524039146 156
30 1.3682694156665745 0.8429493179561441 5.48179180000443
0.998671470082929 39
31 1.1067069114890102 0.5397027863318985 0.49540580000029877
0.13912794776058351 39
0.9999998721468224 156
32 1.0303273995427467 0.4649193755785635 5.206299700017553
0.9954017410349337 39
33 1.01809295847892 0.4416161718026704 0.470265499985544
0.0002815924746011424 39
0.9995798513592623 156
34 0.955051596652413 0.3794870172263772 5.499017399997683
0.9962934748449056 39
35 0.9454510016680698 0.36078505088782303 0.46174700002302416
0.0002688407874768479 39
0.9995632727900489 156
36 0.8925651018285149 0.3081883364330742 5.445957799995085
0.9963680043382063 39
37 0.8855633006827888 0.29461482038222403 0.49519769998732954
0.00024787195238305804 39
0.9997274929275044 156
38 0.8357539112230046 0.2448902315873155 5.41309660000843
0.9985784922323004 39
39 0.8013578499196483 0.20290845190006285 0.48101680001127534
0.016234994012428002 39
0.9999993847691757 156
40 0.7818749245884042 0.18468613343956333 5.16997689998243
0.9985439101123591 39
41 0.7433694680186603 0.14698868785478805 0.4878381000016816
0.026699030734215583 39
0.9999995843825051 156
42 0.7327511874860749 0.14716228212806465 5.419633800018346
0.9970968728425786 39
43 0.7063661651431684 0.11856202768789151 0.46948559998418204
0.02178698737329879 39
0.9999998176782193 156
44 0.6975356065943088 0.11285782809173565 6.951665600005072
0.9960225390607398 39
45 0.6912002258512887 0.10591613364444571 0.8420729999779724
0.0011743637272045426 39
0.9999961586842196 156
46 0.6873117042874332 0.10387099986728808 7.534968799998751
47 3.2868832127671648
-------------------------------------------------END------------------------------------------------------
1
------------------------------------Randomized only---------------------------------------------------
575.4188156384478 614.503502837247
0.9998161372116882 39
0 515.6743105693562 549.3670236627689 0.5186895999941044
0.9998602676369969 39
1 428.9393543943274 454.3249012287498 0.8538235000160057
0.9998813001446452 39
2 333.46968155006266 347.8972812807717 0.5936641000153031
0.9998609308445263 39
3 257.71458779588977 266.0539031419834 0.4973809000221081
0.9986624103502176 39
4 212.63666978765445 214.49169054785582 0.49998590000905097
0.9439471634549633 39
0.9983700657073085 156
5 156.84374618902422 154.28519285431202 2.832857800007332
0.9473536726308759 39
0.9930395677529337 156
6 116.38749152787369 114.42282020064438 2.8522904999845196
0.953320759167818 39
0.9938559662405521 156
7 83.53003934734583 83.96655894370016 1.9099690000002738
0.957125030573084 39
0.9931346335925677 156
8 58.619443683235396 56.16943214213 2.165902600012487
0.9567107197722172 39
0.9916846957194205 156
9 40.66982845342128 38.594434538418255 2.0738827000022866
0.9664886508852781 39
0.9904591537681949 156
10 29.798795112313353 27.975949284319082 2.191118799994001
0.9560752446432419 39
0.9839176984319996 156
0.9941689026744704 273
11 19.30879531290507 17.091209189159745 5.151373799977591
0.9433243555484675 39
0.9883658888619334 156
0.9943481545053242 273
12 11.998581318278013 10.18592015498592 5.2845596999977715
0.8755715734587797 39
0.9600827955178572 156
0.9764501540910714 273
0.9866835173151045 390
1.0000000000000002 393
13 8.078516511794799 6.940093519429645 9.447716700000456
0.9894861858113233 39
0.9979574075946172 156
14 6.182940777312135 4.825453001946669 3.3183993000129703
0.7944332566845265 39
0.8827008510282681 156
0.9416199138341048 273
0.9701580368081311 390
1.0 393
15 4.327609168790927 3.3472136216235544 9.397044100012863
0.9960486315718634 39
16 4.058374642856126 2.9783561505021754 0.7105617000197526
0.21120790231199024 39
0.7254785254906311 156
0.8833167297061547 273
0.9449418097110241 390
1.0 393
17 2.858245235718843 2.001651345946878 9.501541500008898
0.9948455117688533 39
18 2.76323063023149 1.8793597480902486 0.8335883000108879
0.04396328650784456 39
0.7504380902981412 156
0.9064871464832821 273
0.9536022361689167 390
0.9999999999999996 393
19 2.0032365769516685 1.2860884159604222 9.860845899995184
0.9967730914934249 39
20 1.9014736535370405 1.1769901425663978 0.8223020000150427
0.04183103374754909 39
0.8024698427037874 156
0.9315402082540551 273
0.9671071859357403 390
1.0000000000000007 393
21 1.6422096983853052 0.9824834897682242 11.395274500013329
0.9994917378446634 39
22 1.4184589720599179 0.750553320234231 0.8845198000199161
0.4468500972323696 39
0.9239555249627625 156
0.9727892994976431 273
0.9869064097290763 390
0.9999999999999998 393
23 1.288628488191379 0.6690408672799256 21.762911999976495
0.9992701913823376 39
24 1.0984193195977336 0.4668251896832562 0.6270281999895815
0.34831435051342247 39
0.9435544775279227 156
0.9803201129454419 273
0.9915897334711034 390
25 0.952057434900781 0.360717313722711 23.48749429997406
0.9961265090390266 39
26 0.9385895277180735 0.3437757995149045 0.5111275000090245
0.0038650058366830066 39
0.8118814864955907 156
0.8725239860846837 273
0.89891741710568 390
1.0000000000000007 393
27 0.8439795371216459 0.2556528764508588 26.72611990000587
0.997966891964237 39
28 0.8235385825094654 0.232207755190097 0.5436312999809161
0.022255976846694944 39
0.8481259453018902 156
0.9108980535984316 273
0.937239852751668 390
1.0 393
29 0.7622111474781781 0.18039779346025325 11.285784200008493
0.9930694295205528 39
30 0.7463290700224847 0.15882409022604815 0.4792828999925405
0.003162819428213422 39
0.9438688310798499 156
0.974093211369752 273
0.9838221824627024 390
1.0000000000000002 393
31 0.7167925468995109 0.1310393030884439 8.695059499994386
0.9987456460100388 39
32 0.6954496416835706 0.10863045375945811 0.47616150000249036
0.022270578558019193 39
0.9602240718253562 156
0.9837900013056531 273
0.9909673335913725 390
33 0.6835572824864036 0.09619817340075375 8.258623100002296
0.9753251381735046 39
0.992853517591952 156
34 0.6832234548961261 0.09567775851241223 3.5087781000183895
35 5.427408434288476
-------------------------------------------------END------------------------------------------------------
------------------------------------Krylov only---------------------------------------------------
575.4188156384478 614.503502837247
1.0000000000000002 40
0 510.07024037313556 542.3699467010231 2.573332700005267
0.9999999999999998 40
1 346.0086906171689 361.62700745051205 1.9863872999849264
1.0000000000000002 40
2 301.30833686055377 316.4861746584882 2.5072703000041656
1.0000000000000009 40
3 283.215561685445 296.6101892690933 2.288961400015978
0.9999999999999996 40
4 238.9832506190842 221.33502304125287 2.1647088000026997
1.0000000000000002 40
5 72.66111491206811 71.42709782222362 2.8315315000072587
1.0 40
6 66.04132842237064 66.1425094872274 3.058234199997969
1.0000000000000009 40
7 24.456924806130573 23.723595232592256 3.2948075000022072
1.0000000000000002 40
8 19.1752492510897 18.7268788518452 2.7484985000046436
1.0000000000000002 40
9 16.832801933610707 15.663524145217377 3.1345296000072267
0.9999999999999993 40
10 3.19694049741138 2.5324241269746737 3.078411900001811
1.0000000000000002 40
11 1.9949323829302128 1.3810849648479417 2.071922300005099
0.9999999999999996 40
12 1.2421719989277027 0.6134561825343701 1.862277100008214
1.000000000000001 40
13 0.9950837883597026 0.37620200412272736 1.8649051999964286
1.0 40
14 0.9825988262548594 0.37416667287211197 2.1755209999973886
1.0000000000000007 40
15 0.8321845474325393 0.2354274632833142 2.098513000004459
1.0 40
16 0.7919312500937594 0.18646891560498483 1.9135263000207487
0.9999999999999989 40
17 0.7453900890098594 0.1481965612392101 1.8530593999894336
1.0 40
18 0.7293040496836865 0.12398334582221895 1.8514235000184271
1.0000000000000009 40
19 0.7105839378108051 0.11684305136073439 1.873150200000964
1.0000000000000004 40
20 0.6997667623112968 0.09801148047925923 3.525237899972126
0.9999999999999992 40
21 0.6894360120036029 0.09598587834052337 1.8276028000109363
1.0000000000000002 40
22 0.682077666570521 0.083466170711829 1.8301872999873012
0.9999999999999999 40
23 0.6755253615740702 0.08196394355245043 1.8361100000038277
0.9999999999999992 40
24 0.6703601374410861 0.07307975286358857 1.8365676999965217
1.0000000000000004 40
25 0.6657297848558772 0.07205679187800325 1.8215915999899153
0.9999999999999992 40
26 0.661904234879593 0.06531551893549588 1.828291200014064
1.0000000000000013 40
27 0.6583497448262786 0.06425735165661113 1.7864996000134852
1.0 40
28 0.6552832648681458 0.05920911001593401 1.8770063999982085
1.0000000000000002 40
29 0.6525027863910118 0.0582425441153261 1.868542999989586
1.0000000000000007 40
30 0.6500923227312847 0.05450635484137486 1.8890498999971896
31 2.230892229033822
-------------------------------------------------END------------------------------------------------------
------------------------------------Hybrid---------------------------------------------------
575.4188156384478 614.503502837247
0.9998161372116882 39
0 515.6743105693562 549.3670236627689 0.4396810999896843
0.9998602676369969 39
1 428.9393543943274 454.3249012287498 0.4654353999940213
0.9998813001446452 39
2 333.46968155006266 347.8972812807717 0.5085677000170108
0.9998609308445263 39
3 257.71458779588977 266.0539031419834 0.6638346999825444
0.9986624103502176 39
4 212.63666978765445 214.49169054785582 0.9849202999903355
0.9439471634549633 39
0.9999989985217507 156
5 207.54824781733353 209.68759021234118 6.04462830000557
0.9650485058578286 39
0.9999973396623434 156
6 200.17728125747914 202.48930752511717 8.659689199994318
0.9534443993789325 39
0.9999640057627399 156
7 177.08458499344673 179.0395167373264 6.0292426999949384
0.9897041774333889 39
0.9999978952981535 156
8 164.33858813390233 166.57363097984023 7.680189099977724
0.992999207962482 39
9 136.5471756183366 136.55631211583906 0.5417649000009988
0.9947041833175451 39
10 54.28266671116686 52.99351991784667 0.9820461999916006
0.8266122326418861 39
0.9999872795883511 156
11 44.74013056604905 43.54454815936754 5.530647599982331
0.9273643207959055 39
0.9999928221722902 156
12 39.6770982364325 38.82283758338436 10.066363499994623
0.9970595908144472 39
13 17.35035031565735 16.25847703820714 0.6632918000104837
0.8220411233276129 39
0.9999948389493198 156
14 13.604473849633665 12.652632989523152 9.329550700000254
0.9820374229930867 39
0.9999998140129126 156
15 11.7193137896526 10.792745877959053 5.981307600013679
0.989940487027049 39
0.9999998045212402 156
16 10.230793973001475 9.345151984358303 5.812369500024943
0.9939561532046426 39
17 6.328361184566312 5.5563750666417615 0.5075392999860924
0.7855474460682301 39
0.9999998234406688 156
18 5.3675864537069025 4.639055808635129 5.481282499997178
0.9483336483378222 39
0.9999998689536224 156
19 5.217901559561328 4.617844361360272 5.447949499997776
0.9946979239441541 39
20 3.3013612264156227 2.5176251908810063 0.5038197000103537
0.372857077251746 39
0.9999998473951699 156
21 2.526939398210278 1.7933892838131655 5.445696999988286
0.9891520961825069 39
0.9999999584252877 156
22 2.119749861634783 1.440006172762361 6.245359499996994
0.9973918427924295 39
23 1.6205274983532778 0.9397842334760694 0.49065940000582486
0.035474829524903176 39
0.9999995083344956 156
24 1.315221793015303 0.6680359901645165 6.529861699993489
0.9898945040387152 39
0.9999999828998012 156
25 1.2962899701249964 0.7132951811031277 6.807306999980938
0.9989689042542543 39
26 0.9026203700280981 0.29228594858162443 0.5988997999811545
0.01632049456235247 39
0.9999941009465909 156
27 0.8657863761900255 0.2686478600737573 5.464694599999348
0.9976525592973979 39
28 0.8233008723879437 0.219226515943551 0.5139101000095252
0.0007214155765543083 39
0.9999680358100567 156
29 0.7986138491077626 0.19985431198681297 9.146657899982529
0.9827944993392171 39
0.9999999889615524 156
30 0.781981800477065 0.18714047306723966 6.852731099992525
0.9949588563956313 39
31 0.7703508139716112 0.17213835948303124 0.5048634000122547
0.00022536291119463908 39
0.9999444097997165 156
32 0.7559289182666987 0.16664300527408596 5.34687649999978
0.9979676051805856 39
33 0.7349170689985743 0.14247016209186875 0.4915004999784287
0.0006077944956497016 39
0.9999712949667885 156
34 0.7148456940915943 0.12832601624669052 5.588086400006432
0.9889164718057023 39
0.9999999833269629 156
35 0.6983470837357784 0.11447806453091515 5.309611100004986
0.992810682892865 39
36 0.6901901508268017 0.10543636352228802 0.48574679999728687
0.00013989786512515006 39
0.9994496996279787 156
37 0.6843430768247634 0.10043886584788661 5.326178200019058
0.9958311307652207 39
38 0.6673107351289332 0.0853214284028519 0.47698370000580326
0.002408795389799628 39
0.9999950396262514 156
39 0.6599129156429943 0.07363684381411072 5.321726399997715
0.9978726733514331 39
40 0.651574919064105 0.06912724804650094 0.49178630000096746
0.0004267816035198889 39
0.9996315588110543 156
41 0.6509150353691024 0.06591565794045869 5.3948864999983925
42 3.9323367904740043
-------------------------------------------------END------------------------------------------------------
2
------------------------------------Randomized only---------------------------------------------------
474.96021329224163 512.3972906099367
0.9998109237930042 39
0 432.5782170500936 465.402317015058 0.4937381999916397
0.9998531562045997 39
1 371.39840421157095 396.26848285465013 0.5004240999987815
0.9998675729008896 39
2 304.5325620031338 319.1332356578934 0.47337619998143055
0.999885855346713 39
3 252.4196873894881 258.39296382331474 0.5077823000028729
0.9957571913182551 39
4 207.14857240353945 209.37397195690423 0.4716097000055015
0.966149917838455 39
0.9978126695863119 156
5 145.23201785608597 144.63718737926825 2.055385399988154
0.9254388780587209 39
0.9936350481325109 156
6 79.137665146569 81.37729097437006 1.9298153999843635
0.918796349451009 39
0.9910411215888343 156
7 52.85703942199389 51.57149737215934 2.1087382000114303
0.9267497594477019 39
0.9860781239406003 156
0.9953161573576768 273
8 32.31543423029552 29.719824635356424 4.982733700016979
0.9028436128707539 39
0.9867904228835418 156
0.9943370022253818 273
9 19.377524218084464 17.815434084595015 4.879545699979644
0.8858840520597768 39
0.979925749746825 156
0.9897247177619634 273
0.9942666008563014 390
10 12.197890037831563 10.982954439116455 8.67462269999669
0.8687793424192838 39
0.9789657229402275 156
0.9896412956297475 273
0.9927906414927066 390
11 7.698027590294136 6.4267054061170565 8.268466799985617
0.8438209083662435 39
0.9653825795652711 156
0.9790114638490149 273
0.9856134538015703 390
0.9999999999999997 393
12 5.222787822643332 4.173288292641886 9.18811290001031
0.98862353762259 39
0.9985581588230981 156
13 3.48491166901823 2.6673694753928476 1.951209300023038
0.7144108407462524 39
0.8239447345506563 156
0.9226908313904147 273
0.9597800473821674 390
1.0 393
14 2.5725481142558397 1.8312397125285553 8.609219599980861
0.982571706562125 39
0.9978171976000397 156
15 1.9991590661218317 1.2925819076934444 1.9858043999993242
0.5153987981009039 39
0.6789131866199444 156
0.8632556877550579 273
0.9131455529801309 390
0.9999999999999997 393
16 1.8136930333905261 1.1577440003088926 8.841118999989703
0.9985112193824524 39
17 1.4345116927787058 0.7664694756178285 0.5293954999942798
0.23462787225574883 39
0.9049929793009561 156
0.9593287040086039 273
0.9830075183281672 390
1.0000000000000004 393
18 1.2751396570045266 0.690748312045652 8.209789799991995
0.9946524390031702 39
19 1.0852187948003196 0.4914801548851052 0.4463739000202622
0.2928356893950857 39
0.9385975286894392 156
0.9737812582412063 273
0.9845880895827096 390
0.9999999999999997 393
20 1.0018082921951776 0.40689602601820585 8.6623976000119
0.997861683902846 39
21 0.9076194584386345 0.31419506392155394 0.48251210001762956
0.21909542275113542 39
0.9071622505027176 156
0.970917199436016 273
0.9836699219198455 390
1.0000000000000002 393
22 0.8295743685876888 0.2420485934168188 8.545503900008043
0.9894290532357615 39
0.9994239120716527 156
23 0.7757643648634845 0.1809425706354096 2.317607199976919
0.525196715104204 39
0.5434606025813611 156
0.7622675867021146 273
0.8348916824454923 390
1.0 393
24 0.7369652005924232 0.14153689293571 8.960222800000338
0.996469389189991 39
25 0.7189710847616849 0.12484981247504162 0.5148403000202961
0.054374351047223074 39
0.9348067481426399 156
0.9663977471328273 273
0.9764769178195437 390
0.9999999999999997 393
26 0.6893752295441369 0.10033798365873485 10.564700800023274
0.9953458532710073 39
27 0.6807142470194791 0.09002506593156884 1.0158171000075527
0.005988862271136657 39
0.898048468858311 156
0.9457238538166778 273
0.9581764067359589 390
1.0000000000000002 393
28 0.6607024545418105 0.0669513676634393 9.808173099998385
0.9917170167886963 39
29 0.658095216294059 0.06458128393726098 0.5063703999912832
0.003051449176298148 39
0.8798315923198785 156
0.9372572282816999 273
0.9511918255211222 390
1.0000000000000007 393
30 0.6463478597724317 0.05457746070464071 8.306646100012586
0.9926420709840437 39
31 0.6437731971116462 0.0525723853436551 0.4425459000049159
32 4.2260812531258125
-------------------------------------------------END------------------------------------------------------
------------------------------------Krylov only---------------------------------------------------
474.96021329224163 512.3972906099367
0.9999999999999996 40
0 434.0712847712286 465.9807353836148 1.8191050000023097
0.9999999999999998 40
1 378.7766311394398 402.9614701864505 1.808667900011642
1.0 40
2 259.63033431437685 272.038516549307 1.835864799999399
0.9999999999999994 40
3 195.0237294874472 189.0874511121562 1.863491399999475
1.0000000000000004 40
4 66.5150857842123 62.78005459966436 1.8244169999961741
1.0000000000000004 40
5 34.14875325959398 32.66823428362733 1.9686347999959253
0.9999999999999992 40
6 28.91979873344606 29.72482693686373 1.840807800006587
0.9999999999999996 40
7 4.747467576555174 3.9789012170495606 1.8519123000151012
1.0000000000000002 40
8 3.444740844774811 2.6530972153397188 1.93027370001073
1.0000000000000007 40
9 3.0237851321604894 2.1631563259672375 1.7994098000053782
1.0000000000000004 40
10 1.902122847056826 1.2052916277390966 1.8511928000079934
1.0000000000000002 40
11 1.2739786619838211 0.6409866810494105 1.843432900001062
0.9999999999999991 40
12 1.1222454976362035 0.4824568943093875 1.9724196000024676
0.9999999999999989 40
13 1.008109054931536 0.3620039436944832 1.960336299991468
1.0000000000000007 40
14 0.9489967589907555 0.30571316461132286 1.9654419999860693
1.0 40
15 0.8887386843627202 0.25429377421716165 1.9504853999824263
0.9999999999999996 40
16 0.8358354208667028 0.20525380710603838 1.8166370000108145
1.0000000000000002 40
17 0.7770077698489719 0.15946917126348387 1.82360050000716
0.9999999999999994 40
18 0.753635976206006 0.13959196963901688 1.8697067000030074
1.000000000000001 40
19 0.7386246557861901 0.12892303288771062 1.7871019000012893
1.0000000000000013 40
20 0.7260739020166534 0.11856148648632885 1.8711842999910004
1.0 40
21 0.7146739303195438 0.11067888791138766 2.730309499980649
0.9999999999999989 40
22 0.7067418562149743 0.10396614489783078 3.1760153000068385
1.0000000000000002 40
23 0.6980992384238052 0.09703610790639028 2.6080374000011943
1.0000000000000004 40
24 0.6922984081805578 0.0933190916084415 2.359012000000803
1.0000000000000009 40
25 0.6857759034833262 0.0872344763659687 3.0029864000098314
0.9999999999999996 40
26 0.6811861917023619 0.08457075452546857 2.3643279999960214
1.0 40
27 0.6763298491952779 0.08000079014048275 4.539995300001465
0.9999999999999992 40
28 0.6726063701540425 0.07827312142656612 3.4219064000062644
1.0 40
29 0.6686998125796078 0.07443079921713248 4.7344810999929905
0.9999999999999994 40
30 0.6656891122268361 0.0737129345071924 3.183516899996903
31 2.3024100709684014
-------------------------------------------------END------------------------------------------------------
------------------------------------Hybrid---------------------------------------------------
474.96021329224163 512.3972906099367
0.9998109237930042 39
0 432.5782170500936 465.402317015058 0.47583040001336485
0.9998531562045997 39
1 371.39840421157095 396.26848285465013 0.4972334000049159
0.9998675729008896 39
2 304.5325620031338 319.1332356578934 0.47627660000580363
0.999885855346713 39
3 252.4196873894881 258.39296382331474 0.4714684000064153
0.9957571913182551 39
4 207.14857240353945 209.37397195690423 0.4965661999885924
0.966149917838455 39
0.9999988961670624 156
5 204.04785716321672 203.79429690474237 5.931196899997303
0.9742057324539829 39
0.999972009519106 156
6 192.35618149925858 192.79071640706965 6.750771699997131
0.981329389470774 39
0.9999829427549464 156
7 191.0227505789081 185.4007270997239 6.584277799993288
0.9651972432173898 39
0.9999684757803367 156
8 123.14339064879559 119.00009552119023 8.565530099993339
0.9756243380027094 39
0.999990843598197 156
9 92.22977491764989 90.91516157198137 10.705526299978374
0.9953501563051859 39
10 27.684829056459687 25.918447613016824 1.0631571999983862
0.9455055540036119 39
0.999998715540906 156
11 19.7020656587735 18.437202284194026 9.499203099985607
0.9778999247938214 39
0.9999976674958333 156
12 14.548953764749625 13.623395698887617 9.50103530002525
0.9920258600774252 39
13 6.702396671075668 5.61790565631941 0.5065150000154972
0.7890815784901455 39
0.9999994271258501 156
14 5.6148278253843085 4.752258730731015 9.069158700003754
0.9756476697808133 39
0.9999997093881885 156
15 4.697106785943816 3.9651183838238495 7.867620800010627
0.9936402578516388 39
16 3.047868122408918 2.1934471859158498 1.057816599990474
0.6478092725190684 39
0.9999982236261882 156
17 2.384151289019959 1.6293433493345328 5.959350799996173
0.913770827550371 39
0.9999990698556896 156
18 2.016045112157502 1.2992931992165206 7.316170499980217
0.9864321956182797 39
0.9999998859935407 156
19 1.7155770445577698 1.035576905450775 7.093010999989929
0.9927562155127876 39
20 1.3310962314552466 0.6554597508695128 0.49258290001307614
0.26389064176508553 39
0.999999833817423 156
21 1.197354849343878 0.5712306530705834 10.170594800001709
0.9957071733104371 39
22 0.9521639948605556 0.34091275276895233 0.8379679000063334
0.11078554149300218 39
0.9999996880654338 156
23 0.8287586825178823 0.23233573158161766 6.665637900005095
0.9939262644009864 39
24 0.7752294320499504 0.18466137303866953 0.55595949999406
0.004177791810832429 39
0.999976529986252 156
25 0.7125127736531305 0.1293570153085196 5.716685700026574
0.9830262720905616 39
0.9999999005302163 156
26 0.6712941027508775 0.08898273254525102 5.350820700026816
0.9843407501592546 39
0.9999999481800398 156
27 0.6594600170597692 0.07200569094736634 5.435326500009978
0.9974105876258683 39
28 0.6429278595615963 0.05825800639777619 0.4902977000165265
0.005773663421541033 39
0.9999910843541089 156
29 0.6367042269160335 0.05133371405631524 5.54889569999068
0.988592509916063 39
0.9999999705561683 156
30 0.632817736341172 0.04672254614597456 5.643305300007341
31 4.735348109679762
-------------------------------------------------END------------------------------------------------------
3
------------------------------------Randomized only---------------------------------------------------
495.4718929768216 527.8359401178848
0.9997152321574703 39
0 449.69015676058 478.21196568701333 0.4589904000167735
0.9997815671060475 39
1 383.4961360320824 405.87041877443045 0.48481120000360534
0.9998358780862802 39
2 310.7889898934497 324.42510718106337 0.511435899999924
0.9998237468552917 39
3 253.39018757838096 258.82517916701994 0.48242419998859987
0.9962351717282163 39
4 177.42076763098854 174.14565451229174 0.6843759999901522
0.960469467406008 39
0.9969252648779556 156
5 130.75032434101342 127.93631353272708 2.4890223999973387
0.9765490136077462 39
0.9976649652342434 156
6 66.50870415000131 63.31216563270884 2.2911856999853626
0.9265058097755006 39
0.9947457063464763 156
7 35.0229417500552 34.72204619695606 2.1714743999764323
0.9249594244667972 39
0.9907986947527987 156
8 23.85308874775504 23.007174612769887 2.115337199997157
0.9331583109878268 39
0.9831723436041558 156
0.9933427927279821 273
9 16.56153472764256 15.04484285523396 5.149893499998143
0.9574128223890381 39
0.9889362705152355 156
0.9941756288104514 273
10 11.968615436649165 10.447809379117812 5.346446700015804
0.9252606578808685 39
0.9719110815062465 156
0.983056847138309 273
0.9916001904751094 390
11 8.95057759383068 7.5103335411192695 8.94214239998837
0.9675150109929304 39
0.9943393382011814 156
12 7.4177337717318155 5.827470214612412 2.037500700011151
0.7960671749501725 39
0.8626839706954273 156
0.9232303953516802 273
0.948596770568921 390
1.0000000000000004 393
13 5.1686767931555675 3.991364645663548 8.687120400019921
0.9901055669771073 39
14 4.9577826680691 3.6772137125977338 0.4727287999994587
0.13903392141027326 39
0.7930677998077803 156
0.9050109948801401 273
0.9422792244347957 390
1.0000000000000009 393
15 3.6457935601700977 2.6434840358535023 8.78631980001228
0.963440181650434 39
0.9960550797181783 156
16 3.241283198376197 2.212636366269577 1.8634622999816202
0.9063310039687029 39
0.9373062235705168 156
0.9721722000586902 273
0.9858210157891822 390
1.0000000000000007 393
17 2.5435326976984265 1.6165013478022425 9.07952739999746
0.9890220133936247 39
0.9981314938732458 156
18 2.3482307882412927 1.3856704459843772 1.9853322000126354
0.21125401854262887 39
0.28345862064847266 156
0.6747346195760394 273
0.8680584976034771 390
0.9999999999999998 393
19 1.8478380605696627 1.0391603932487579 9.057133299997076
0.9676357932824644 39
0.9955732460190014 156
20 1.7436261553872405 0.9081367474885154 2.0263352999754716
0.726464863509274 39
0.7437007514489206 156
0.8987798818851057 273
0.961920687120226 390
1.0000000000000004 393
21 1.4121486637733343 0.6784038922785629 8.742683400021633
0.99027319537713 39
22 1.3660014742003914 0.6111076384711627 0.460866299981717
0.023037582542688454 39
0.8616119747093302 156
0.9441175376218759 273
0.9781202832775385 390
0.9999999999999998 393
23 1.2821950206863073 0.5678311161622941 10.324178399983793
0.9990419374151724 39
24 1.1084006965028301 0.4073757454225298 0.4924925999948755
0.045156791383840364 39
0.9435206910680844 156
0.9774471344439816 273
0.9914621719935209 390
25 0.988926543390339 0.34919419489905956 8.6042235000059
0.99760506532913 39
26 0.9699277705232616 0.3262406678435916 0.5104578000027686
0.0042618172039832185 39
0.8174168081013318 156
0.863494959317457 273
0.8912802380842078 390
1.0000000000000004 393
27 0.879233613787308 0.2522943799863955 8.407206699979724
0.9971584709861226 39
28 0.8649078848814629 0.24121325700046475 0.4887707000016235
0.008948465954928818 39
0.8981388170542527 156
0.9376800460875524 273
0.9583877597507715 390
0.9999999999999998 393
29 0.8312371721691824 0.22761446926960457 8.719250599999214
0.99709618524963 39
30 0.785834503351541 0.18449972670160578 0.5030380000243895
0.033787267217024755 39
0.9512977202947744 156
0.9780182154311485 273
0.9874792061278534 390
1.0000000000000004 393
31 0.747716410775505 0.1587304944734797 9.553099500015378
0.9962921750389238 39
32 0.7357888123128364 0.15057898414113605 0.48204670002451167
0.0004255232037210731 39
0.9627050136407936 156
0.9846632879735759 273
0.9919255813449054 390
33 0.7223718286146583 0.14328364047993095 8.24454980000155
0.9990544697326675 39
34 0.71985096438165 0.14105502570931244 0.4973207999719307
35 4.032948142856393
-------------------------------------------------END------------------------------------------------------
------------------------------------Krylov only---------------------------------------------------
495.4718929768216 527.8359401178848
1.0000000000000004 40
0 446.1141899065126 473.9461796814878 1.9712542000052053
0.9999999999999998 40
1 374.04451791477504 393.0712332164225 1.8599959000130184
0.9999999999999999 40
2 354.0756541580059 366.16481341785715 1.848494000005303
0.9999999999999994 40
3 216.5563813032275 222.05974486910418 1.8588559000054374
1.0000000000000004 40
4 149.7563130906241 149.5224560213524 1.9806603999750223
0.9999999999999993 40
5 88.79691828580862 89.71439270436679 1.9632563999912236
1.0000000000000002 40
6 72.97499215317784 72.52141867859083 1.8850087000173517
1.000000000000001 40
7 41.38596673145561 40.72679627656973 1.8342094999970868
1.0 40
8 16.88271689644714 15.476232612135787 2.1099488000036217
1.0000000000000007 40
9 12.727810560689226 12.390578200812627 1.8764565000019502
0.9999999999999997 40
10 5.905973587485698 5.4078914767726385 1.8210803999972995
1.0000000000000007 40
11 4.852019569703307 4.292277244660348 1.8301514999766368
1.0000000000000007 40
12 3.020964533517636 2.4535074923431948 1.9919288999808487
1.0000000000000002 40
13 1.5774487573800295 0.9640291132275881 1.868727900000522
0.9999999999999993 40
14 1.2553469831911177 0.6406959761869471 1.8524737000116147
0.9999999999999997 40
15 1.0686222984396763 0.4545326527749573 1.8325884999940172
1.0000000000000016 40
16 0.927039850657822 0.3202277259021314 1.8648955000098795
1.0000000000000007 40
17 0.8635315634519566 0.2622793776117392 1.8668644999852404
1.0000000000000013 40
18 0.8086976033170205 0.20824434172389766 1.8330730999878142
0.9999999999999993 40
19 0.7808625216905243 0.18341388897635874 1.8973202999914065
1.0000000000000013 40
20 0.7556580289779391 0.16379494451473034 1.8492753999889828
1.0000000000000004 40
21 0.7388509287611932 0.1449141101628561 1.8766696999955457
1.0000000000000002 40
22 0.7234519907762468 0.1351820428742357 1.8286761000053957
1.0000000000000002 40
23 0.7124929186215714 0.12009455395591641 1.8734154000121634
1.0000000000000004 40
24 0.7018673846210824 0.11467308237496295 1.8678450000006706
0.9999999999999998 40
25 0.6940592169078053 0.10278093416014715 1.8543718000000808
1.0000000000000016 40
26 0.6861396494807899 0.09891122560163947 1.839997700008098
0.9999999999999999 40
27 0.6801895011061644 0.08935034906929294 1.8859100999834482
1.0000000000000002 40
28 0.6743567887039067 0.08623347285351911 1.8454404000076465
1.0000000000000007 40
29 0.6697970972491791 0.07943393801854956 1.854288100003032
1.0000000000000002 40
30 0.6653855201997109 0.07654229505398867 1.8362883999943733
31 1.8793362161274174
-------------------------------------------------END------------------------------------------------------
------------------------------------Hybrid---------------------------------------------------
495.4718929768216 527.8359401178848
0.9997152321574703 39
0 449.69015676058 478.21196568701333 0.5997631000063848
0.9997815671060475 39
1 383.4961360320824 405.87041877443045 0.494435100001283
0.9998358780862802 39
2 310.7889898934497 324.42510718106337 0.49972819999675266
0.9998237468552917 39
3 253.39018757838096 258.82517916701994 0.49226119997911155
0.9962351717282163 39
4 177.42076763098854 174.14565451229174 0.5208167999808211
0.960469467406008 39
0.9999953040878725 156
5 170.58869470699955 171.1160188159002 7.631457199982833
0.9832865273972339 39
0.9999936396825607 156
6 160.95740833533014 164.29445536033373 5.6378765999979805
0.9922681804951049 39
7 103.06619075934263 104.2341474276754 0.5076861999987159
0.9376327850471032 39
0.9999731429211092 156
8 87.89549029592149 88.87702504235948 5.499873099994147
0.9637003399802763 39
0.9999863562300699 156
9 80.8579017245692 83.20633731076505 5.737763100012671
0.9948673396554436 39
10 40.380125630134415 37.93435421352469 0.5074524000228848
0.9822345298023247 39
0.999999055383079 156
11 33.909144705020196 33.28795118690427 5.345808100013528
0.9933802021168037 39
12 18.318499007244043 16.736167535010413 0.5056426999799442
0.9856994335821924 39
0.9999999205301264 156
13 16.9331942007973 16.26688141727693 5.404725600004895
0.9925951670451116 39
14 10.12817593672813 8.878421715956392 0.5159694000030868
0.8603718673250178 39
0.9999996614789876 156
15 8.57127516298729 7.460054426562276 5.537569200008875
0.9674555975029305 39
0.9999999566742824 156
16 7.3922850312923885 6.51664024455824 5.324706200015498
0.9941372735512202 39
17 4.6826079971787244 3.8351786335447273 0.47489410001435317
0.8480940584408428 39
0.9999998325518878 156
18 3.775040375318617 3.012042709531582 5.34734850001405
0.9898368031747986 39
0.9999999724151384 156
19 2.9810790883776854 2.255483697746503 5.447262900008354
0.9968938900876125 39
20 2.124342180876119 1.398313891849583 0.5240461999783292
0.5127255582097605 39
0.9999999057915935 156
21 1.6470101706886549 0.9664058931510574 5.218485499994131
0.9680354741098056 39
0.9999999795707956 156
22 1.3543041832456078 0.7179011279903722 5.457729799993103
0.9801660696085898 39
0.9999999739224211 156
23 1.224899767487275 0.6418119237305758 5.37213200001861
0.9869947001749197 39
0.9999999787773962 156
24 0.9378721932608572 0.36266540974210953 5.215378100023372
0.9934449498339724 39
25 0.7597274648455639 0.1741492811657684 0.5400701999897137
0.1292785155511809 39
0.9999998997691035 156
26 0.7289178510830888 0.14839592777343613 5.325775399978738
0.9985906135246146 39
27 0.7025580193481242 0.11946054318730034 0.5111521999933757
0.003926167337860831 39
0.9999940463711774 156
28 0.6930837384686467 0.11010509908172021 5.404942099994514
0.9988179133164636 39
29 0.6840758065957947 0.10132232580000797 0.4725245999870822
0.00045920421560890535 39
0.9999880981274335 156
30 0.6721717558681752 0.08934980046969128 5.54689289999078
0.9967235119800254 39
31 0.6699574661560848 0.08707023649624424 0.5085968000057619
32 3.19158642187449
-------------------------------------------------END------------------------------------------------------
4
------------------------------------Randomized only---------------------------------------------------
626.7362514909311 667.2547035951287
0.9997320068728237 39
0 558.0620547755901 592.8616768632612 0.44638099998701364
0.999776610629858 39
1 458.5448424392806 484.3780489056566 1.1634843999927398
0.9998399518106242 39
2 349.0963701295302 364.0273592015812 0.4801359999983106
0.9999072411840757 39
3 270.7457933537314 277.14544674900594 0.4680705000064336
0.999425743271929 39
4 228.58171773507902 234.96535493451415 0.4979573000164237
0.9629607912114648 39
0.9979639210906827 156
5 146.03252120705136 145.1876602139332 2.0121572999923956
0.9546096748769248 39
0.9965599349913262 156
6 91.7309306387918 94.21208034681466 2.108344500011299
0.922710033922628 39
0.9915757622011208 156
7 57.996665150372856 59.42896874723635 2.1272839999874122
0.9218463159382422 39
0.9895302740493884 156
0.9958824625206443 273
8 37.54080111756892 35.55920652019565 4.935740499990061
0.9249192479015312 39
0.98831319948266 156
0.9937324008719618 273
9 24.46551291585074 21.82274189405966 5.291026599996258
0.8639696804773682 39
0.9721679752298683 156
0.9852869759968954 273
0.992471407199704 390
10 14.8698318742347 13.285067246931943 8.544117199984612
0.8478392873525161 39
0.9688091297083289 156
0.9826609031632896 273
0.9897749545561575 390
0.9999999999999991 393
11 8.829580941981371 8.344560315372247 8.792713600007119
0.9893546897371451 39
0.9980590528104759 156
12 6.599220028676707 5.901666090640284 1.9526970000006258
0.8369642738748951 39
0.9032521511482376 156
0.9521076139378655 273
0.9729585713778939 390
0.9999999999999998 393
13 4.840713393047804 3.994901084717995 8.684989300003508
0.9879272690568843 39
0.9989476932430197 156
14 3.4577753742128303 2.85261135276212 2.1130446000024676
0.9301385136033637 39
0.9525378508869479 156
0.9771732350325101 273
0.9857853620778523 390
1.0 393
15 2.660164994699407 2.165766451676418 9.154583800002001
0.964439665117118 39
0.9900553079552934 156
16 2.552697929050932 2.0607035596587977 2.295860199985327
0.35328395341048857 39
0.44233419773678284 156
0.7107643500694617 273
0.823546645646195 390
1.0000000000000002 393
17 1.9870716058966857 1.4529041463038666 8.768598599999677
0.9760357953238398 39
0.9924996218269193 156
18 1.9261075677755624 1.382829264520549 2.1111695999861695
0.2257550853259507 39
0.28997072458900425 156
0.624284415879159 273
0.7753374304643325 390
1.0000000000000002 393
19 1.5676524825127527 0.9881905809978587 9.07624609998311
0.9926816663585522 39
20 1.5266780613537754 0.9715845782394007 0.47898100002203137
0.02160619257359405 39
0.5591981989411619 156
0.7912360874982888 273
0.8687849894285934 390
1.0000000000000004 393
21 1.310620879777022 0.6894901570751558 8.547730299993418
0.9922590972719149 39
22 1.2243919000482983 0.6200562087538769 0.45165350000024773
0.04075804111546156 39
0.8171461565056508 156
0.9151717399509652 273
0.95080133761811 390
1.0 393
23 1.0587239352293785 0.44597190338015175 8.817496300005587
0.9893897789330504 39
0.9989190671142248 156
24 1.008366938941209 0.4084052013949713 2.101925900002243
0.4366586997819223 39
0.45715879346477545 156
0.7379789912093463 273
0.8519943391566864 390
1.0000000000000002 393
25 0.895426392849865 0.29623543739421543 8.39022699999623
0.9864689023029835 39
0.9965585988540632 156
26 0.8825051786573532 0.2891019658195118 2.3371880000049714
0.15797743771254358 39
0.1647149806736007 156
0.597121815999578 273
0.7888114802694975 390
1.0000000000000002 393
27 0.8107799413709476 0.2180542452531187 10.321860800002469
0.9941024522169757 39
28 0.7985572591706063 0.2068707446716727 0.5029486999846995
0.010260535988906219 39
0.6378202262715721 156
0.8453870588236007 273
0.9173857407429454 390
1.0000000000000002 393
29 0.7851645561913784 0.18755342392648822 9.03871460002847
0.9981507743050416 39
30 0.7302851791806287 0.13618964608490405 0.4799729000078514
0.03905754211124107 39
0.9440400873593221 156
0.9825937381293275 273
0.9893483397094436 390
1.0 393
31 0.6902157690807608 0.09331193569965186 8.896110899979249
0.9969403471784769 39
32 0.6872711019023015 0.09315366814503716 0.4551676000119187
33 4.298320593938556
-------------------------------------------------END------------------------------------------------------
------------------------------------Krylov only---------------------------------------------------
626.7362514909311 667.2547035951287
0.9999999999999998 40
0 546.0091829532477 579.049190662452 1.8489969000220299
0.9999999999999999 40
1 363.7374197467304 382.7918540374836 1.8378230000380427
1.0000000000000002 40
2 294.6613066179715 304.25344980528564 1.849814300017897
1.0000000000000002 40
3 194.9264068943423 197.10473701884678 1.8569043000461534
1.0000000000000009 40
4 113.85961823591231 112.46310878353093 1.9345520000206307
1.0000000000000004 40
5 108.10322419872908 105.51559666652325 1.864504199998919
0.9999999999999996 40
6 47.56648522660024 45.30116859307245 1.842610899999272
1.0000000000000004 40
7 39.38467098002583 38.30214251179702 1.828146200045012
1.0 40
8 5.075020697615946 3.9381811425157154 1.8585696999798529
0.9999999999999993 40
9 3.469480842354185 2.5478487883935874 1.8142779999761842
1.0000000000000002 40
10 1.3348906033314045 0.679998610522503 1.821779099991545
0.9999999999999998 40
11 1.1866199717917483 0.5283758264520113 1.8948174000252038
1.0000000000000004 40
12 0.8295195670641707 0.2266022641495291 1.8812410999671556
0.9999999999999984 40
13 0.7678709329263816 0.16941755677520332 1.8435838000150397
1.0000000000000002 40
14 0.7244990631334108 0.13456002315405638 1.8283910999889486
1.0000000000000007 40
15 0.7001569411313299 0.1075348075157344 1.842423800029792
1.0 40
16 0.6838151576532349 0.09625745835444563 1.8582142000086606
0.9999999999999998 40
17 0.6735533314781793 0.08549625406028138 1.7794237000052817
1.0000000000000004 40
18 0.6648721154089707 0.07903932522193083 1.8147430999670178
0.9999999999999996 40
19 0.6591011180045999 0.07289550083031247 1.8808705999981612
0.9999999999999991 40
20 0.6538517886581879 0.06896500355402935 1.837313500000164
1.0000000000000002 40
21 0.6501134635365666 0.06454003781855658 1.7873879999970086
1.0 40
22 0.6468468989241244 0.06212657092561631 1.8203643999877386
1.0000000000000002 40
23 0.6442481788231855 0.05868372774116992 1.8548006000346504
1.0000000000000002 40
24 0.6419210872825347 0.056988046477768124 1.8496399000287056
0.9999999999999997 40
25 0.6399606881097916 0.05455365732589968 1.8062374000437558
1.000000000000001 40
26 0.6381756488667958 0.052826064238773736 1.8895281999721192
1.0000000000000004 40
27 0.6366374966614189 0.05109290092969256 1.818634299968835
0.9999999999999999 40
28 0.6352682418866766 0.049561061586391855 1.7987803000141867
1.0000000000000002 40
29 0.6340305727913879 0.048415522132799226 1.8618970999959856
1.0000000000000002 40
30 0.6328940935242412 0.04699035301126635 1.8941019999911077
31 1.8451733258120986
-------------------------------------------------END------------------------------------------------------
------------------------------------Hybrid---------------------------------------------------
626.7362514909311 667.2547035951287
0.9997320068728237 39
0 558.0620547755901 592.8616768632612 0.5027427999884821
0.999776610629858 39
1 458.5448424392806 484.3780489056566 0.43446249997941777
0.9998399518106242 39
2 349.0963701295302 364.0273592015812 0.48426820000167936
0.9999072411840757 39
3 270.7457933537314 277.14544674900594 0.46032529999502003
0.999425743271929 39
4 228.58171773507902 234.96535493451415 0.4903518999926746
0.9629607912114648 39
0.9999992239377092 156
5 228.14136601061568 236.24411315008183 5.451562000031117
0.9892168528845153 39
0.9999639539380356 156
6 192.91660745217325 200.42348426733707 5.744198500004131
0.9874825286687782 39
0.9999890378985812 156
7 187.25085182203023 188.04362490641373 5.33165970002301
0.9897024104194565 39
0.9999866111363722 156
8 111.86992244796986 115.36673772636738 5.389739600010216
0.9893688307610927 39
0.9999976745000448 156
9 80.61425084206925 76.27466058313831 5.49008469999535
0.9915635847938431 39
10 21.627385335560145 21.273318645661906 0.47457800002302974
0.9146569374256629 39
0.9999993367180476 156
11 15.2008174494831 14.774859046370326 5.61099950002972
0.9846921502743142 39
0.999999819537911 156
12 14.432735389878877 13.93198577974168 5.186674500000663
0.9979794228081483 39
13 3.3682362047436283 2.618960498982592 0.4585236000129953
0.8828805084351609 39
0.999999916673646 156
14 2.578060567947985 1.8771551097890715 5.4282156999688596
0.9921051658292138 39
15 2.27273970956913 1.5843541749847891 0.45606659998884425
0.026404496385549037 39
0.9999761417465295 156
16 1.7735795950428717 1.1250470816413518 5.466265800001565
0.9925623988751486 39
17 1.6234417357593527 0.9666421198615294 0.4726365999667905
0.021319669612295904 39
0.9999960605729281 156
18 1.3068665380167104 0.7000073058981514 5.253045000019483
0.9979575254672928 39
19 0.9851174266039346 0.3709528814504039 0.501068799989298
0.01973601055612782 39
0.9999922983033338 156
20 0.8190472836626622 0.21518434648694365 5.265836599981412
0.9932201708328576 39
21 0.7774539814511275 0.17407258035023535 0.48408019996713847
0.0008410466254134124 39
0.9998796928718406 156
22 0.7370355100040896 0.13821208187826636 5.349044299975503
0.9772056589739795 39
0.9999999397186599 156
23 0.7200461636798473 0.1245299379457857 5.3949589999974705
0.9960753992216008 39
24 0.6998300076250507 0.10478711257529562 0.4781574999797158
0.000840629132411312 39
0.9997496431082553 156
25 0.6825033160624773 0.08933256443124682 5.501871099986602
0.9888292683473002 39
0.9999999612011364 156
26 0.6718221748358335 0.08006155614818698 5.524028300016653
0.9960297312651455 39
27 0.6619728256399118 0.07092009801548424 0.4846436000079848
0.0028939037819802112 39
0.9999595800992989 156
28 0.6526643920562454 0.062205369238834865 5.537852100038435
0.990892703672366 39
29 0.6499311048340564 0.059742128291974825 0.5193046000204049
0.00016575295312114865 39
0.9997177851326267 156
30 0.6430001309780753 0.053033131434307657 5.724859600013588
0.9937208657187426 39
31 0.6407134938742606 0.05092937095350538 0.4768085000105202
32 3.1196535843755555
-------------------------------------------------END------------------------------------------------------
5
------------------------------------Randomized only---------------------------------------------------
646.2373448858003 685.3498192125063
0.9997081388120067 39
0 574.2649259990513 609.1054171476376 0.6401443000067957
0.9998093855821879 39
1 469.9226191730665 498.0084802570313 0.47004670003661886
0.9998808051459449 39
2 355.4151699506213 374.5767204790463 0.47696539998287335
0.9998824593628368 39
3 273.75021839790054 284.5331781417913 0.4918589000008069
0.9996259049314511 39
4 215.90729958601761 220.56743297207734 0.45440180000150576
0.9726624011655756 39
0.9985419241524922 156
5 164.00134062815295 161.3587990216293 4.209182900027372
0.9665038728359794 39
0.9968285904234845 156
6 84.64015092291825 78.95891160971325 2.4608933000126854
0.9218905555687779 39
0.9891992140523476 156
0.9966220365895908 273
7 55.370623972309055 51.98152243148183 14.341115100018214
0.9491855337421753 39
0.9916703260705563 156
8 41.82081122375809 38.86521861861785 3.0399532000301406
0.9458977303574173 39
0.9896560218491176 156
0.9949440320785223 273
9 30.26991649605476 28.299566736572537 9.980026799952611
0.9750598574383242 39
0.9940225015346847 156
10 23.24329203619191 20.65655018902843 2.1291027999832295
0.9581322057715655 39
0.9830319177571549 156
0.990769512994332 273
11 17.29720293312294 15.573887576846417 6.9856604999513365
0.9550523619393588 39
0.9838620097998707 156
0.9899344318714546 273
0.9946167157358871 390
12 12.629427314166072 11.31732963145844 8.87073370005237
0.98983633491195 39
0.9978754937891113 156
13 10.386500165207256 9.125262655566695 2.869645600032527
0.717495465963012 39
0.8558519324789186 156
0.9081130101810574 273
0.9338228500269519 390
0.9999999999999999 393
14 8.59261862115422 7.873944064413676 9.933294599992223
0.9697205566878419 39
0.9985811602065394 156
15 4.934269628575874 3.88669893059935 4.760495800001081
0.9472377955384965 39
0.9675939818893379 156
0.9856245870523044 273
0.9919059480438643 390
16 3.8715696849278975 2.8210091073043086 9.063867699995171
0.9787048264578773 39
0.994689277105288 156
17 3.568912258481086 2.621934741809348 4.076552799961064
0.5793396699670834 39
0.6420795759377523 156
0.7585474808153561 273
0.8213644317058366 390
1.0000000000000002 393
18 3.0865231903743573 2.425341602737172 9.1885397999431
0.9909285403089921 39
19 2.3251769977290535 1.6488545578487657 0.8261636000243016
0.6446797044027873 39
0.9411023226540068 156
0.9755880071580108 273
0.9857414514708381 390
1.0000000000000002 393
20 1.826277095412813 1.1567996615461316 9.07487690000562
0.9943678848788953 39
21 1.6662734150702803 1.0032324311410892 0.8224205000442453
0.08732105711822169 39
0.8356783308208413 156
0.9286201101020168 273
0.9644368666166366 390
1.0000000000000002 393
22 1.3651057112881375 0.7561850794287123 9.155648500018287
0.9915841074262416 39
23 1.240881643089448 0.6439687188567925 0.8157130999607034
0.03946225336019738 39
0.9190234405855124 156
0.9675573696219913 273
0.9844711010963484 390
0.9999999999999999 393
24 1.1583087016698552 0.5643017635863871 9.212547399976756
0.9939291184631219 39
25 0.9422516511032707 0.35319305627512604 0.8117713999818079
0.08694244352368266 39
0.9742776715148066 156
0.9912523007776024 273
26 0.8583401032746242 0.2722917544188538 7.636213799996767
0.9790387081303867 39
0.9894322261392536 156
0.9904441283337416 273
27 0.854911372644065 0.26835225838709953 5.417591400037054
0.5320961552267335 39
0.5534728216892393 156
0.5606224122158839 273
0.7532478450337619 390
1.0000000000000002 393
28 0.8299390996911429 0.24554564294270692 8.572031700052321
0.9921699761990007 39
29 0.7797211785839557 0.2020154821870369 0.46140110003761947
0.07749384894431909 39
0.9521800290659987 156
0.9765096523208846 273
0.9860527738014065 390
1.0000000000000002 393
30 0.7510226702791284 0.1636592883560671 8.600212000019383
0.9961448578871618 39
31 0.728481238656861 0.14160041084161745 0.4658466000109911
0.05620379498617906 39
0.9046476303649822 156
0.9474593634687145 273
0.960942302284939 390
1.0 393
32 0.706907852292881 0.12170613900395949 9.224400400009472
0.9875756839173346 39
0.9994190263751074 156
33 0.703922575203408 0.11953257088575468 2.0675381000037305
34 4.929613476475318
-------------------------------------------------END------------------------------------------------------
------------------------------------Krylov only---------------------------------------------------
646.2373448858003 685.3498192125063
1.0000000000000004 40
0 568.491920165493 603.6422458849652 1.83485440001823
1.0000000000000004 40
1 467.8317760313958 494.52928814989644 1.8175144999986514
0.9999999999999999 40
2 279.1087369532168 289.40566322986484 1.8279966000118293
0.9999999999999997 40
3 198.18777620000202 203.24941057285946 1.8413933999836445
1.0000000000000004 40
4 75.40676679721172 73.07765716844469 1.8689961000345647
1.0 40
5 35.027783616915364 33.38819819025677 1.9539714999846183
1.0000000000000007 40
6 16.71099390820919 15.98850943823177 1.9472924000001512
1.0000000000000004 40
7 9.657699311897307 8.903114105453158 1.9518010000465438
1.0 40
8 5.110474498996334 4.708770697794666 1.8655290000024252
1.0000000000000002 40
9 2.166727033445929 1.7329241611979733 2.5209563999669626
1.0000000000000007 40
10 1.6216234191138323 1.0461768567014653 1.8581917000119574
1.0000000000000007 40
11 1.3230528738762022 0.7464263814254993 2.391266099992208
1.0000000000000022 40
12 1.1551888617889496 0.5588917066254747 1.8301965999999084
0.9999999999999998 40
13 0.9252546272827663 0.3157824505912109 1.8683277000091039
1.0000000000000002 40
14 0.8448778095102479 0.2504840754741194 1.8360648999805562
0.9999999999999993 40
15 0.794748484275156 0.19101001121654348 1.8177194999880157
1.0000000000000016 40
16 0.7640932095569386 0.1716212022944335 1.8680313999648206
0.9999999999999998 40
17 0.7393730720712504 0.14040379437346 1.8469978999928571
1.000000000000002 40
18 0.7241006975059805 0.13537551980823587 1.80862830003025
0.9999999999999991 40
19 0.7084008078103369 0.11332070255508225 1.8427315999870189
1.0000000000000004 40
20 0.6990109773019796 0.10915334580655826 1.8558138000080362
0.9999999999999991 40
21 0.6888965071448407 0.09584305842985943 1.9866944000241347
1.0000000000000013 40
22 0.682328700075316 0.09129906540634755 1.8309255999629386
0.9999999999999987 40
23 0.6754640260648388 0.08305107585791592 1.7430800000438467
0.9999999999999986 40
24 0.670140280950753 0.07868643321333531 1.8651995000545867
0.9999999999999992 40
25 0.6654541110957449 0.0735164191828211 1.8592062999960035
1.0000000000000004 40
26 0.6614147604988077 0.07006718529470166 1.832174799987115
0.9999999999999993 40
27 0.6579099740796576 0.06624417089909457 1.823308499995619
1.0 40
28 0.6547532007981274 0.06342257669003547 1.865333100024145
0.9999999999999983 40
29 0.6520254110372271 0.06068476925753351 2.2456281000049785
1.0000000000000009 40
30 0.6494345722129128 0.0583345043089096 1.8505015000118874
31 1.9082686000037938
-------------------------------------------------END------------------------------------------------------
------------------------------------Hybrid---------------------------------------------------
646.2373448858003 685.3498192125063
0.9997081388120067 39
0 574.2649259990513 609.1054171476376 0.46676530002150685
0.9998093855821879 39
1 469.9226191730665 498.0084802570313 0.4524292999994941
0.9998808051459449 39
2 355.4151699506213 374.5767204790463 0.4616667000227608
0.9998824593628368 39
3 273.75021839790054 284.5331781417913 0.473167399992235
0.9996259049314511 39
4 215.90729958601761 220.56743297207734 0.46825839998200536
0.9726624011655756 39
0.9999987053573025 156
5 213.00813059233474 212.29395327488805 5.603111499978695
0.9815480118656711 39
0.9999929497047164 156
6 190.41756306320784 193.5218164298124 5.5388901000260375
0.9941328481352942 39
7 116.35120298571391 117.35771374197112 0.5322574999881908
0.9635327978063933 39
0.9999938498290546 156
8 94.15422556974056 95.07084331534175 5.917277899978217
0.9723819103696174 39
0.9999944714382226 156
9 82.73752969380996 83.03125040093737 6.86816039995756
0.9910393522200119 39
10 47.15696762463738 45.253968866234466 0.50839170004474
0.9691096651399023 39
0.9999982454135986 156
11 40.68029047802132 38.9792172211398 5.492679100017995
0.9830009354880935 39
0.9999992939579565 156
12 34.30515456091036 32.6669123336854 5.6387884999858215
0.9952437356549256 39
13 18.21156971491733 16.76550680324348 0.4721727999858558
0.9595836193914603 39
0.9999988656725081 156
14 15.940174551938306 14.536003352827091 5.275973499985412
0.9838508210137497 39
0.9999988336868136 156
15 14.630533587613265 13.413830689335333 5.313382200023625
0.9953268191613153 39
16 5.9466765794495124 4.908516226049846 0.5372168000321835
0.95559787592129 39
0.9999999683021017 156
17 4.927465806623064 3.9246917511816304 5.3498741000075825
0.9928626463454635 39
18 3.997638749400513 3.041268812947434 0.4559795000241138
0.6300106783020385 39
0.9999999513611014 156
19 3.178940313133465 2.3221109434626923 5.573437399987597
0.9854014834607556 39
0.9999999147155634 156
20 2.3454607032766908 1.710457596435779 5.500264999980573
0.9926834050304144 39
21 1.2971420970934444 0.597131593269391 0.49444079998647794
0.30845284963633113 39
0.9999999043133063 156
22 1.065695826489485 0.43051339291978025 5.436878499982413
0.996153679620142 39
23 0.8978325784221531 0.2569931423864885 0.48774860001867637
0.09369389250976158 39
0.9999996762249836 156
24 0.8596610571799185 0.2564468795659732 5.264362999994773
0.9993963321499284 39
25 0.7286512145534434 0.11514172607355336 0.4827221999876201
0.03986673123352993 39
0.9999995358130196 156
26 0.7286465992219749 0.13609087583964496 5.227210199984256
0.9995564671277057 39
27 0.6665576306896244 0.06903300838816236 0.45986429997719824
0.06804296023798152 39
0.9999998019151604 156
28 0.6473775751244065 0.05872675525855064 5.335746800003108
0.9977343877749465 39
29 0.6392367529802373 0.050232358189834764 0.4467519000172615
0.005851185144159093 39
0.9999984177004068 156
30 0.6297030412138436 0.04339700357345502 5.412661500042304
0.9960424921076731 39
31 0.6253799502519274 0.04082399301160138 0.5049309000023641
32 3.014170743750583
-------------------------------------------------END------------------------------------------------------
6
------------------------------------Randomized only---------------------------------------------------
495.39126674086657 529.6823720689739
0.9997810257200846 39
0 449.73047544435383 479.0454952723135 0.4841389000066556
0.9998543314733305 39
1 383.8253817609679 405.546677777854 0.48461340001085773
0.9998917875911617 39
2 310.6009733023232 323.392166929693 0.4774574000039138
0.9998721352853331 39
3 253.36536176859178 261.0888057388078 0.4623056999989785
0.9978175059120601 39
4 194.50472755971708 198.1141245827226 0.48958290001610294
0.9766555049343505 39
0.9987492783923831 156
5 122.48676024313876 120.12254787116638 1.9413115000352263
0.9623963722713788 39
0.9955839656001373 156
6 83.1489498060338 84.93224222932291 2.061439099954441
0.9733343546679897 39
0.9961742268474254 156
7 57.227723170030394 55.39836513144181 1.798180499987211
0.9696843808777569 39
0.9956026600380634 156
8 41.53529509001573 39.50786472246528 1.9818534000078216
0.9557393160866807 39
0.9932130172589815 156
9 31.97291291087512 30.809932670470907 2.1301440999959596
0.9472608786742528 39
0.9888755305987604 156
0.994605572802156 273
10 23.904253091547105 23.01310695511534 4.976960200001486
0.9393209545375348 39
0.9867872965409511 156
0.9909992277822733 273
11 18.142216291380688 16.299793619868105 5.5191003999789245
0.9723423164547381 39
0.9925943768976703 156
12 14.909266497235079 13.078941049877038 1.9212617999874055
0.9378219245152248 39
0.9748202645791684 156
0.9829573998685844 273
0.9909116672639938 390
13 10.664097021628285 9.367060707485237 8.775285300042015
0.9742010509861959 39
0.9956646647992473 156
14 8.264416383248587 6.74156032497921 1.997847999969963
0.8199326897811493 39
0.9145524832676927 156
0.9493206670327186 273
0.9694545969191676 390
1.0000000000000007 393
15 5.803404519367186 4.568739971722222 8.971947800018825
0.9950240604883905 39
16 5.25749162773789 3.9715002697716755 0.46649319998687133
0.6436281167583852 39
0.8873487761516821 156
0.9477273150231419 273
0.9717086338302998 390
1.0000000000000002 393
17 4.762209224287297 3.5922008308499143 8.7557224999764
0.9930423936052887 39
18 2.9997706080272764 2.0996550936848704 0.49674199998844415
0.724168301222077 39
0.9733843747036844 156
0.9907047876013598 273
19 2.258719377416457 1.4316132282970404 5.016030300001148
0.9698985784588074 39
0.9863129376008186 156
0.9890127390934564 273
0.9948458858541664 390
20 1.9264763230050899 1.053242044212499 8.526079099974595
0.9862331871511382 39
0.9972290607313936 156
21 1.8398794316967109 1.0024428820118065 1.9895725999958813
0.16326105366931737 39
0.2903287003623175 156
0.4787386130017077 273
0.619189746543405 390
0.9999999999999998 393
22 1.5306083517870583 0.7654798577591807 9.394007699971553
0.9984803753495068 39
23 1.461795575943735 0.6935369204857875 0.454974599997513
0.06616206489153184 39
0.7033363615464815 156
0.810578474926978 273
0.8721576762756158 390
0.9999999999999997 393
24 1.442797103046313 0.7749296123909856 9.397743799956515
0.9996358531512658 39
25 1.1579682257995996 0.46284544468825445 0.5029175999807194
0.279956233517192 39
0.8949724199419151 156
0.9583174076310971 273
0.9762669159372264 390
1.0 393
26 1.028935117730116 0.38139486563118735 9.000834900012705
0.9978144817312753 39
27 0.9505383696209203 0.29200632827714174 0.4963329000165686
0.01150626622247595 39
0.9259063923865677 156
0.9746046047244636 273
0.98715657560474 390
0.9999999999999999 393
28 0.8490716838488446 0.22321457959878904 8.84792989998823
0.9940957310001141 39
29 0.8114182366644939 0.18102518266801187 0.594725799979642
0.008317780671729292 39
0.9259279190597105 156
0.9786786903608901 273
0.9908250575941477 390
30 0.7559999267636218 0.13648376306299825 8.510308200027794
0.9821810485702842 39
0.997129422585398 156
31 0.7507868107207523 0.1322195578835042 2.1452387000317685
0.10923085066427392 39
0.12080860764694897 156
0.3680944586989399 273
0.4768061161350359 390
1.0000000000000004 393
32 0.7084370886061648 0.10115756853350157 9.059502799995244
0.9914091525337232 39
33 0.7026224959149976 0.09404646723042068 0.49028050003107637
0.008908204409817329 39
0.8822624061182294 156
0.9389767255637069 273
0.9556284221382833 390
0.9999999999999997 393
34 0.6775077917851337 0.07467150358546118 9.660255700000562
0.9884016192951607 39
0.9996728283375426 156
35 0.6682868053262355 0.06802793843344566 2.224633600038942
0.5098751149753434 39
0.512830093384338 156
0.7813605663884262 273
0.8621238324366565 390
1.0000000000000002 393
36 0.6525605738876353 0.05504578397276146 8.868693199998233
0.9973593087766931 39
37 0.6504964454349327 0.05419434898050298 0.47630380000919104
38 3.943388257894089
-------------------------------------------------END------------------------------------------------------
------------------------------------Krylov only---------------------------------------------------
495.39126674086657 529.6823720689739
1.0000000000000009 40
0 443.0423709387052 470.28144641063847 1.8240178999840282
0.9999999999999997 40
1 320.176355261654 336.9792928460971 1.8304609000333585
1.0000000000000004 40
2 305.03633277061226 319.27841593784956 1.8349286000011489
0.9999999999999998 40
3 102.5474257832609 98.92291192293689 1.9744263000320643
1.0000000000000002 40
4 74.62546314530735 71.13731466322982 1.8322870000265539
1.0000000000000004 40
5 57.498814423759704 57.10997515595097 1.9987243000068702
1.0000000000000007 40
6 53.39116591584145 52.669376441809746 1.8767495999927633
1.0000000000000002 40
7 12.7956243496777 11.602669354126865 1.8631839000154287
0.9999999999999998 40
8 3.0292812696784814 2.3296382683404273 1.8281696999911219
1.0000000000000004 40
9 2.2859312258878117 1.7334944860835586 1.8816057000076398
0.9999999999999997 40
10 1.3793412287399442 0.8028181077325166 1.8664442000444978
1.0000000000000004 40
11 1.0260919364272132 0.45834528265661195 1.85160499997437
0.9999999999999979 40
12 0.8803874934721508 0.28912606131967744 1.850638500007335
1.0000000000000002 40
13 0.8182202457137737 0.2378054359696083 1.8489363000262529
1.0000000000000007 40
14 0.7686703827428777 0.1827654896025034 1.7995053000049666
0.9999999999999996 40
15 0.7382032011771106 0.1540065493991698 1.8539665000280365
1.0000000000000002 40
16 0.7153523153637263 0.13202114791836692 1.7622125000343658
1.0000000000000004 40
17 0.7002136576873578 0.11561593199302309 1.8424246000358835
1.0 40
18 0.686435916436636 0.10228863848064797 1.8619835000135936
1.0000000000000004 40
19 0.6768458721086453 0.08990315005264728 1.9814603999839164
1.0000000000000004 40
20 0.6684736364529669 0.08337162765500902 1.9208784000365995
1.0000000000000013 40
21 0.661762883232414 0.07399306064911176 1.8334476000163704
0.9999999999999997 40
22 0.6566286182779791 0.07091273947803674 1.7754862000001594
1.0 40
23 0.6517574150908527 0.0633490947976651 1.8132877000025474
1.0 40
24 0.6482252828782719 0.06225226782273125 1.8245909999823198
0.9999999999999993 40
25 0.6446250538390351 0.05585053427581773 1.900209299987182
0.999999999999999 40
26 0.6419377163505716 0.05567668730052168 1.849494699970819
1.0 40
27 0.6391673948806034 0.050351006088709835 1.8199930000118911
1.0 40
28 0.6370016209041455 0.05050752860115024 1.7944212000002153
1.0000000000000002 40
29 0.6349097624921345 0.04645703899629872 1.8947399000171572
1.0000000000000007 40
30 0.6332154505826819 0.04653521682185776 1.8163305000052787
31 1.8550519419443463
-------------------------------------------------END------------------------------------------------------
------------------------------------Hybrid---------------------------------------------------
495.39126674086657 529.6823720689739
0.9997810257200846 39
0 449.73047544435383 479.0454952723135 0.5002814000472426
0.9998543314733305 39
1 383.8253817609679 405.546677777854 0.5148580999812111
0.9998917875911617 39
2 310.6009733023232 323.392166929693 0.4890195000334643
0.9998721352853331 39
3 253.36536176859178 261.0888057388078 0.4611835000105202
0.9978175059120601 39
4 194.50472755971708 198.1141245827226 0.5046699999948032
0.9766555049343505 39
0.99999819787244 156
5 191.26788350375546 194.3896072136797 5.590595199959353
0.9676750023824862 39
0.999996497224215 156
6 186.5036119698835 188.80242746742886 5.687699000001885
0.9801953155897242 39
0.9999913680879172 156
7 186.5036119698835 188.80242746742886 5.500037099991459
0.9801953155897242 39
0.9999913680879172 156
8 186.5036119698835 188.80242746742886 5.492799400002696
0.9801953155897242 39
0.9999913680879172 156
9 184.7233617204995 186.90917922115773 5.7526804999797605
0.975680513920874 39
0.9999895676759835 156
10 169.32910341454618 168.9147248777807 5.438485899998341
0.9873982741392708 39
0.9999879347892405 156
11 160.49585889587988 161.3189858765138 5.419409399968572
0.9917590076177406 39
12 56.70552436778291 57.66954881038103 0.5072818999760784
0.9452837867920189 39
0.9999821432106156 156
13 42.067825315368914 42.40389083468105 5.338075499981642
0.9886994475164456 39
0.9999994833303066 156
14 35.45658750661251 35.39753444702682 5.486631800013129
0.9963605571604829 39
15 16.86482323995776 15.951834540630232 0.45583769999211654
0.986092031953547 39
0.9999989138554289 156
16 14.375818876896396 13.769200802262866 5.349176899995655
0.9932959531775765 39
17 7.842135326291173 6.936093220781666 0.48379289999138564
0.924793378364009 39
0.9999995713892226 156
18 6.608975854187377 5.867470464290245 5.637872699997388
0.9882429096850818 39
0.9999997733985673 156
19 5.561869314056544 4.9493913864198635 5.703207100043073
0.9968418823811549 39
20 2.827659729199233 2.1488919811795 0.493898699991405
0.8975997705319517 39
0.9999999641062367 156
21 2.701213729017323 2.110700697680947 5.277554999978747
0.995652739378261 39
22 1.4845162492920725 0.8578910175306244 0.4868345000431873
0.36021758050024977 39
0.9999999051120587 156
23 1.15945242938739 0.5792131798263176 5.1583658999879844
0.9950766769433592 39
24 0.9358952957653782 0.33772908186182304 0.5125840999535285
0.05667068849510969 39
0.9999996071181209 156
25 0.7832410443174826 0.1981702406585507 5.283932099991944
0.9902126980969601 39
26 0.7516682849904253 0.16207032111774283 0.5142342999461107
0.008265227935228171 39
0.9999968452975551 156
27 0.7053015088141743 0.12306215017665596 5.137727799999993
0.9983873023827516 39
28 0.6815218377682283 0.09365596706733555 0.4862680999794975
0.0027741234249615276 39
0.9999872778711335 156
29 0.6649586453738955 0.07658016083915646 5.179032999963965
0.9978276490439841 39
30 0.6512054553613476 0.061752673669876405 0.4533724000211805
0.003599249422091387 39
0.9999919562266868 156
31 0.6452412580879366 0.05730749032930435 5.275033199985046
0.9989474869602708 39
32 0.6325385185712579 0.04372635093757782 0.48779149999609217
0.009638695657206688 39
0.9999983947228268 156
33 0.6269040730421535 0.038264191189340255 5.398332200013101
0.9936971022115407 39
34 0.6262907889226249 0.037426585206707816 0.47803870000643656
35 3.169617057137657
-------------------------------------------------END------------------------------------------------------
7
------------------------------------Randomized only---------------------------------------------------
552.0369284229945 592.2445185249614
0.9996901693563769 39
0 495.9740617340597 530.3687706047197 0.45808759998180903
0.9997860633096721 39
1 414.66711461221064 439.83271534946033 0.4846003999991808
0.999864866428383 39
2 325.7477629950122 339.5444062362077 0.4799584000138566
0.9998279858047683 39
3 258.72567082539086 266.0519028411092 0.4607293999870308
0.9983576147971168 39
4 192.83429746607854 195.41412866612393 0.49346019999939017
0.9588135301142225 39
0.9968499261215477 156
5 135.33848304119078 134.77347821227485 2.083768999989843
0.9415854251132701 39
0.9938927982103563 156
6 87.67724361261327 89.08043386137264 1.9285201999882702
0.9162928845118524 39
0.9919287217479047 156
7 52.30127706112821 53.083317466936656 1.8041643000033218
0.9083065508912885 39
0.9888059749170374 156
0.9958054752660883 273
8 28.097672766167378 28.20309343765262 4.720523299998604
0.8765263118733398 39
0.9849356900482646 156
0.992794075916947 273
9 17.015151625675212 16.33329938208471 5.11861079998198
0.8740741527264457 39
0.9772479397853989 156
0.9868143386211432 273
0.9927469649406204 390
10 10.845735136665938 10.326931351358901 9.178209800011246
0.8895350675872605 39
0.9787577332490437 156
0.9863872973477693 273
0.9903646582898735 390
11 7.431123838109321 6.827470030981988 8.508961500017904
0.7879223993883165 39
0.9241779882281709 156
0.9448558299040818 273
0.9615745734849129 390
1.0 393
12 4.9012019823582404 4.360195656618464 12.03205110001727
0.946129032135342 39
0.9948597257603032 156
13 3.5852743469544373 2.888502777878628 1.9587683999852743
0.8784533518654374 39
0.9287597987219457 156
0.9621645779549471 273
0.9783858465190718 390
0.9999999999999998 393
14 2.9467168231950476 2.3109633426334932 15.512721300008707
0.9718811861281538 39
0.9994050368045564 156
15 1.9668741850128288 1.2253917433543848 1.975595500000054
0.9226385678249887 39
0.9543768866561971 156
0.9803783623699349 273
0.9894100270782903 390
1.0000000000000007 393
16 1.7315125232802577 1.0484439222957687 15.404155199998058
0.9979207754241061 39
17 1.3357171672193926 0.6298748749612241 0.4918992000166327
0.09609090353240217 39
0.9221121943951937 156
0.9730414683725737 273
0.9856378068437337 390
1.0000000000000002 393
18 1.0679086057419038 0.4235321274085283 10.898950099974172
0.9338971463792495 39
0.9953872003273582 156
19 1.0092792563758823 0.3575196884864508 1.979539099993417
0.9791667565324282 39
0.9820678467527465 156
0.9916492022259439 273
20 0.98054682749061 0.34272763643654663 11.25532719999319
0.9506807174723598 39
0.9591903065564045 156
0.9612868872179696 273
0.9767901271783492 390
1.0 393
21 0.8913057063334331 0.28037810529704504 14.144857800012687
0.9985319024020496 39
22 0.857073912116995 0.23583900057905474 0.4987000999972224
0.06576344688538888 39
0.8411951040930303 156
0.9081362286528464 273
0.9443788487710774 390
1.0000000000000002 393
23 0.7903438351380603 0.1909787168646538 18.22441520000575
0.9981540318496035 39
24 0.7720134716313797 0.1644420045758917 0.48056050000013784
0.003251192495104367 39
0.8886741395721668 156
0.9564076421066627 273
0.973340399241854 390
0.9999999999999999 393
25 0.7362205074952082 0.14032176367154028 18.498302799998783
0.9963749180944209 39
26 0.7214537320049506 0.1211054739423801 0.49308379998547025
0.011416770139402708 39
0.9531079540444405 156
0.987293046391929 273
0.9933117011541278 390
27 0.7046096766091978 0.10026930466525671 21.456363700010115
0.9987766865497812 39
28 0.7023081015674142 0.09729033817006438 0.47748280002269894
0.00154213702216543 39
0.792973323921655 156
0.839442056139239 273
0.8550479367290305 390
1.0000000000000002 393
29 0.681197880257289 0.07793804468857204 18.061531899991678
0.9955416952521567 39
30 0.6772272495620651 0.07432685393862266 0.4769940999976825
31 6.452932087096175
-------------------------------------------------END------------------------------------------------------
------------------------------------Krylov only---------------------------------------------------
552.0369284229945 592.2445185249614
1.0000000000000007 40
0 491.535674637074 525.4106991178636 1.807626199995866
0.9999999999999996 40
1 377.427656425659 401.09331171378466 1.8043104000098538
1.0000000000000002 40
2 270.2634712368857 273.37882908184906 1.8815223000128753
1.0000000000000004 40
3 172.83563681057174 172.14506412485713 1.833179100009147
1.0000000000000004 40
4 130.51704741829715 132.7463789806282 1.8324923999898601
1.0000000000000004 40
5 46.58982739248917 47.254485917273975 1.8107579000061378
1.0 40
6 16.911035083545062 15.923244734922132 1.9456594999937806
1.0000000000000004 40
7 13.905060739198502 13.154719212426821 1.8504018999810796
1.0000000000000002 40
8 9.410821713882793 8.411221150613345 1.8680947999819182
0.9999999999999984 40
9 2.7288190430647976 2.073809877468725 1.8630817000230309
0.9999999999999991 40
10 2.366002036405523 1.7232245562909327 1.8059980999969412
1.0 40
11 1.2908833075220518 0.6677129794987161 1.8469366999925114
1.0000000000000002 40
12 1.1225401225458136 0.49180926222804144 1.8192478000128176
0.9999999999999999 40
13 0.9604738959410318 0.34948762435453173 1.871932600013679
0.9999999999999997 40
14 0.9074234811956423 0.2927494580168587 1.8283629000070505
1.0000000000000007 40
15 0.8536130942185648 0.24371940038203094 1.8390335000003688
1.0000000000000002 40
16 0.8232718171364639 0.2143148660320987 1.8325741999724414
1.0000000000000002 40
17 0.797522689607579 0.1895957211111365 1.825124599999981
0.9999999999999986 40
18 0.7778853892142213 0.17207302837917318 1.820720200019423
1.0000000000000007 40
19 0.7626182030549997 0.15749873961145328 1.8317813999892678
1.0000000000000007 40
20 0.7491969820812509 0.14382636993365744 1.8953639999963343
1.000000000000001 40
21 0.7398261390967228 0.13674483462793627 1.8376961999747436
1.0000000000000002 40
22 0.7299438728291572 0.125233915691936 1.8525611000077333
0.9999999999999993 40
23 0.7232275923738668 0.12055230952793929 1.8401875999988988
0.9999999999999997 40
24 0.7159188566367031 0.11174847290954971 1.864006399991922
0.9999999999999993 40
25 0.7105234697546016 0.10729079687173095 1.8421464999846648
1.0000000000000007 40
26 0.7050407184881496 0.1009590580875142 1.9180344000051264
1.0000000000000013 40
27 0.7003856329052273 0.09638976631468571 1.8178608999878634
0.9999999999999996 40
28 0.6962101541601331 0.09222466941649526 1.9577123000053689
1.0 40
29 0.6920997513743202 0.08754413762732786 1.820669300010195
0.9999999999999991 40
30 0.6886461584784367 0.08460633177430549 1.8415103000006638
31 1.8485995870958563
-------------------------------------------------END------------------------------------------------------
------------------------------------Hybrid---------------------------------------------------
552.0369284229945 592.2445185249614
0.9996901693563769 39
0 495.9740617340597 530.3687706047197 0.4920204000081867
0.9997860633096721 39
1 414.66711461221064 439.83271534946033 0.48784520002664067
0.999864866428383 39
2 325.7477629950122 339.5444062362077 0.49478259999887086
0.9998279858047683 39
3 258.72567082539086 266.0519028411092 0.47350140000344254
0.9983576147971168 39
4 192.83429746607854 195.41412866612393 0.48699480001232587
0.9588135301142225 39
0.9999934555719173 156
5 186.88469786046502 189.26374651873985 5.559057800011942
0.9672665501939843 39
0.9999911593874099 156
6 181.40413218815647 183.51066781216556 5.713258999981917
0.9741184823552407 39
0.9999697491916736 156
7 170.60833125911165 174.48622573993944 5.36636919999728
0.9946098527945677 39
8 69.24974634145019 69.79019484880995 0.4768352000101004
0.9718026488197558 39
0.9999958085863785 156
9 58.73566394920289 58.548980887229455 5.672565500019118
0.9797670334066486 39
0.9999964569203212 156
10 41.57629634947396 40.692890171967896 5.5343152999994345
0.9885907320088144 39
0.9999982490938693 156
11 27.960354034258366 27.562061308757453 5.5013013999850955
0.9928377033689418 39
12 11.189391335217184 10.492598089949208 0.4607155999983661
0.807466702473355 39
0.9999980179154467 156
13 8.867351015654748 8.225364042309897 5.385729000001447
0.981621502305482 39
0.9999998085672952 156
14 7.1433577363835505 6.527651046736884 5.43126189999748
0.994525265659938 39
15 4.381975864706972 3.4743319769304617 0.4851421000203118
0.6691694397755812 39
0.9999992564901661 156
16 3.348915874709588 2.505009825726409 5.328576100000646
0.9731135101124425 39
0.9999998632118718 156
17 2.8022364492996172 2.097328661245712 5.253339100017911
0.9893225675031556 39
0.9999999158869153 156
18 2.5634734563905206 1.8980452654000743 5.574821799993515
0.9930054606926715 39
19 1.9197341843747382 1.180496579663889 0.4983316999860108
0.06645543450184026 39
0.9999974378323594 156
20 1.815809770816999 1.1892479053982266 5.4548210999928415
0.9953790667437469 39
21 1.503619773394998 0.8232557128786758 0.48453210000297986
0.012207124607718457 39
0.9999777166698255 156
22 1.3399936563783474 0.7266868252249585 5.375649800000247
0.9937580073294914 39
23 1.2351416318968746 0.5841479843854495 0.5189196999999695
0.004772430034562733 39
0.9999904825062487 156
24 1.1848178896360626 0.5884148064110216 5.3946862000157125
0.9948608345379378 39
25 0.9647486775444511 0.34570057518307307 0.5236533000133932
0.045956981948960876 39
0.9999966181974851 156
26 0.8810968031932241 0.26398421622345974 5.378243099985411
0.9890894985023071 39
0.9999999700336893 156
27 0.8478917922672655 0.22620607228184994 5.352301899984013
0.9982185218122659 39
28 0.7899564026931996 0.17623271221695727 0.4646024999965448
0.005153484793111801 39
0.999969104605475 156
29 0.7579247635480667 0.14430824821689606 5.2705378999817185
0.995316955022172 39
30 0.7408856124319977 0.12883502653577192 0.4590508000110276
0.0006089580553542765 39
0.9999673306343735 156
31 0.7210212347558914 0.11118871911329202 5.599793400004273
0.9954285999821255 39
32 0.7079394133797865 0.09864057793865769 0.4611482000036631
0.0003703513720647386 39
0.9999358036574734 156
33 0.6926597666801664 0.08666594421720188 5.3208025000058115
0.9928545375849908 39
34 0.6852968542812805 0.07920395815030892 0.5027449000044726
0.0001759794765819898 39
0.9999105846133068 156
35 0.6730251243969114 0.07051795660882593 5.391926200012676
0.9859454110236626 39
0.9999999182312086 156
36 0.6666573222237153 0.06749208284431418 5.514191199996276
0.9952761963734407 39
37 0.6575569518629912 0.05604148255635128 0.48607289997744374
0.0004509147757284698 39
0.9999653762704935 156
38 0.6508990350503709 0.052566440394695595 5.59397880002507
0.9920073585543803 39
39 0.648591582189892 0.04853454726802795 0.4934285999916028
40 3.2179462550018796
-------------------------------------------------END------------------------------------------------------
8
------------------------------------Randomized only---------------------------------------------------
597.7100280522303 639.295641910964
0.999757584004415 39
0 534.2447512840653 570.1443202931904 0.45438329997705296
0.9998097826691942 39
1 442.4447196545078 469.62319226499426 0.4753688000200782
0.9998686554109756 39
2 341.4703151420936 357.64573333652027 0.5099698999838438
0.999891466783125 39
3 270.98303497265215 277.91280876094527 0.4798906999931205
0.9996887705314378 39
4 236.98350840819097 240.48366215027036 0.4941777999920305
0.9661985491474482 39
0.9985370303196326 156
5 118.53532059393605 119.52729434176584 2.000768900004914
0.9366752783473512 39
0.9940726055775075 156
6 63.89725007116463 61.83170556610553 1.9567673999990802
0.9251662154236971 39
0.9891605766052246 156
0.9952429875154277 273
7 40.54895990095532 36.10804693082579 5.156772199989064
0.8933589177052841 39
0.9825861778864452 156
0.9912018704287859 273
8 28.21749277221014 25.01944962385241 5.2446524999977555
0.8669189448463731 39
0.9741055395655124 156
0.9861722420158892 273
0.9924840731501904 390
9 16.27135787061178 14.871702259611219 8.308607400016626
0.8292192968216542 39
0.9556753420681036 156
0.9771064393280883 273
0.9873428551423419 390
1.0 393
10 8.588106928310346 7.628410370426703 8.936933299992234
0.9477025903352998 39
0.9914374297419799 156
11 6.742628198558543 5.69956028763722 2.0890002000087406
0.6787665822590645 39
0.8250617633519768 156
0.901398653770802 273
0.9434051581257182 390
1.0000000000000004 393
12 4.601236262030039 3.6955779899390535 8.511658100003842
0.9797025257383007 39
0.9970208501208742 156
13 3.5641633754177646 2.70205120671646 2.1950530000030994
0.682609591512057 39
0.7987085271586406 156
0.8810372678918762 273
0.9315716051095936 390
1.0000000000000002 393
14 2.622533657872555 2.049426109018104 9.038208000012673
0.9660315906227545 39
0.9958409166681719 156
15 2.2101163585851125 1.5774587568408676 2.1419732999929693
0.8272959855193475 39
0.860211698739796 156
0.9297895172182974 273
0.9549142650518165 390
1.0000000000000002 393
16 1.8075543227813382 1.1501823306514172 9.211269499995979
0.9956040597321499 39
17 1.6467510425769252 0.9817089259071823 0.4893684000126086
0.031540271258851366 39
0.8362796009713532 156
0.9150928777690043 273
0.940101702485126 390
1.0 393
18 1.4212025416433574 0.8076725406161515 8.888425499986624
0.9860818297030454 39
0.9991847663377276 156
19 1.2381035535104978 0.6443296665639149 2.117897999996785
0.6867894692665838 39
0.7251115258476195 156
0.8391171387171431 273
0.8943393334606826 390
1.0000000000000004 393
20 1.1388708569179944 0.5215628836888686 8.615792900003726
0.9871375845833548 39
0.9990702728048302 156
21 0.9961533361432096 0.37160674949410133 1.898682499973802
0.5090767350676028 39
0.5332411992945085 156
0.7471016120675703 273
0.842145134862726 390
0.9999999999999997 393
22 0.906049144412405 0.30657662549057196 8.771742700017057
0.9968057406237909 39
23 0.8740217484925417 0.27193942979345337 0.46389290000661276
0.003141790249774719 39
0.8798343465908779 156
0.9408622960220059 273
0.9621944594826358 390
1.0000000000000002 393
24 0.7913001900636369 0.18025270452790182 8.496292300027562
0.961916347028203 39
0.9945791902277964 156
25 0.7813350423456709 0.17418965892972807 1.9793406999961007
0.10740062699896291 39
0.11784114909813838 156
0.42505708905131623 273
0.5880043730023117 390
0.9999999999999996 393
26 0.7411554036918176 0.13580569920362603 9.36941929999739
0.9938263159084753 39
27 0.7362353643970945 0.130746317876005 0.47526040000957437
0.008325117715453639 39
0.8107359800507123 156
0.8758667836828916 273
0.9026123589508372 390
1.0000000000000002 393
28 0.7058019182315153 0.10431862619563914 8.583494899998186
0.9823285415054271 39
0.996819967254617 156
29 0.7033388146186816 0.10092574701768979 2.0723911999957636
0.04094347451204278 39
0.046044723695072884 156
0.29631054861945216 273
0.41973236262203867 390
1.0000000000000007 393
30 0.6840991672105569 0.0816315020302825 8.902479700016556
0.9975241541696542 39
31 0.6818702090578556 0.07865712626861489 0.49749000000883825
32 4.3383570531259465
-------------------------------------------------END------------------------------------------------------
------------------------------------Krylov only---------------------------------------------------
597.7100280522303 639.295641910964
0.9999999999999999 40
0 529.2806124680493 563.1335058393335 1.819978200015612
1.0000000000000002 40
1 403.31111694511685 425.2814373704807 1.8239517000038177
0.9999999999999999 40
2 308.8870091364917 320.8922647331342 1.838725899986457
1.0000000000000002 40
3 295.1782115042708 301.24430962019494 1.7970776000001933
1.0 40
4 174.10287996805218 171.90743775209646 1.8494876000040676
1.0000000000000007 40
5 80.93641596873738 79.0308708744652 1.8589633000083268
1.0000000000000002 40
6 42.98628194429949 42.384381258496994 2.1219824999861885
1.0000000000000013 40
7 20.442605987116362 19.574024050438556 1.9877317000064068
1.0000000000000002 40
8 9.143745478978726 8.397194914412852 1.8235895999823697
1.0000000000000018 40
9 2.7189178740506 2.0343618375619794 1.8673623999929987
1.0000000000000007 40
10 2.273415987091971 1.6222646291685179 1.871486099989852
1.0000000000000009 40
11 1.435898401874832 0.7369721795583587 1.8814812000200618
0.9999999999999991 40
12 1.2746021028361636 0.6425897982203003 1.865812800009735
1.0 40
13 1.1302877752371394 0.48104331809088174 1.826763499993831
1.0000000000000007 40
14 1.0108484484325322 0.4142887473885101 1.8540997999953106
1.0000000000000016 40
15 0.9449996948748803 0.3273583659688321 1.9096816999954171
1.0000000000000004 40
16 0.8890522504896715 0.3021298574048512 2.653995100001339
0.9999999999999994 40
17 0.8527195819461116 0.2528958620043015 2.5361302999954205
0.9999999999999991 40
18 0.8241585773371153 0.23684172848060553 1.8274854999908712
1.0000000000000009 40
19 0.7999243357994219 0.20446148433991249 2.114502300013555
1.0000000000000002 40
20 0.7816453519180938 0.19339174643469442 1.8753436999977566
0.9999999999999996 40
21 0.7647786637814791 0.17234674330151672 2.0527269000012893
0.9999999999999999 40
22 0.7530682992109438 0.16329928075256683 2.7889667999988887
1.0000000000000002 40
23 0.7409700248701387 0.14907643989288913 2.9105012000072747
1.0000000000000013 40
24 0.7322027838017385 0.1431176214717627 3.1171037000021897
1.0 40
25 0.7233602178213591 0.1317909988395873 2.524270299996715
0.9999999999999994 40
26 0.7164324515638022 0.12636811683569632 3.0883248999889474
1.0 40
27 0.7094144266324379 0.11825348973054943 3.0389569999824744
0.9999999999999998 40
28 0.7040090327421887 0.11505463930630555 2.2061926999886055
1.0000000000000007 40
29 0.6987993974997726 0.10804068713023336 2.0348414999898523
1.0000000000000004 40
30 0.6942626350619608 0.10539779638280862 1.9197647000255529
31 2.15120265161198
-------------------------------------------------END------------------------------------------------------
------------------------------------Hybrid---------------------------------------------------
597.7100280522303 639.295641910964
0.999757584004415 39
0 534.2447512840653 570.1443202931904 1.0528230000054464
0.9998097826691942 39
1 442.4447196545078 469.62319226499426 0.8667302999820095
0.9998686554109756 39
2 341.4703151420936 357.64573333652027 0.46815080000669695
0.999891466783125 39
3 270.98303497265215 277.91280876094527 0.48891980000189506
0.9996887705314378 39
4 236.98350840819097 240.48366215027036 0.4866117999772541
0.9661985491474482 39
0.9999841932793424 156
5 229.32631947501673 232.61965218431317 5.500764099997468
0.9756563718168498 39
0.9999646991253877 156
6 229.32631947501673 232.61965218431317 6.839838699990651
0.9756563718168498 39
0.9999646991253877 156
7 209.2829259024131 213.44611685742825 5.591665899992222
0.9879336439501111 39
0.9999944489832459 156
8 181.8361011672672 182.15960223180164 5.5094250999973156
0.9958716542176511 39
9 109.59098136396724 109.67507765811068 0.4888654999958817
0.9546572082311158 39
0.9999735860286036 156
10 91.88134052419474 92.07790789727153 5.290002599998843
0.9581577733744215 39
0.999976171739463 156
11 72.85475117808348 73.70297121889199 5.461580300005153
0.9904413909560055 39
12 34.69179107464717 34.23635287969168 0.48634110001148656
0.9843336615646759 39
0.9999997066088833 156
13 29.324597664288326 28.895466936100398 5.455692999996245
0.9920131963356876 39
14 19.6066703781172 18.384782246154625 0.4638664000085555
0.838287993591692 39
0.9999996452200497 156
15 17.674881823435975 16.671220402236017 5.214570000011008
0.99269056867273 39
16 11.778437280481603 10.478070484056756 0.4916795000026468
0.6974147748308553 39
0.9999996257366297 156
17 10.506352372690706 9.58083860782384 5.416235100012273
0.9920646410642345 39
18 7.293942166918319 6.295918446974459 0.4810204000095837
0.9835601087597956 39
0.9999999478401419 156
19 5.924777183392387 5.039000541885286 5.373026099987328
0.9878966691410558 39
0.999999880409426 156
20 5.157856126617005 4.470409627572026 5.210244699992472
0.9974586739890233 39
21 2.7498743116875883 1.9098591748253526 0.48900509998202324
0.879866968046672 39
0.9999999848291267 156
22 2.240579048439518 1.5201301016605604 5.424908200016944
0.9962634599319454 39
23 1.9381767198930178 1.1684826786431697 0.48379209998529404
0.1558947798520968 39
0.9999999195872983 156
24 1.4965686551887085 0.7981855585501162 5.402720200014301
0.9853360120437928 39
0.9999999900601729 156
25 1.4703188283281787 0.8507199351832719 5.171667500020703
0.9989723365561588 39
26 0.9517695518447421 0.30380459335164367 0.4891416000027675
0.20382877828205254 39
0.9999999639736198 156
27 0.87338015494086 0.23978068777296613 5.494138400012162
0.9953011086608674 39
28 0.8396718485142961 0.2060373125264468 0.4854021999926772
0.003494272296058983 39
0.9999954216204286 156
29 0.7840069462278251 0.16038322670245111 5.302193000010448
0.9936621897239896 39
30 0.7667712926615461 0.14446380215965762 0.4762304999749176
0.004593113512036423 39
0.9999963313692802 156
31 0.7283212037845664 0.11491191348575963 5.573707900010049
0.9938325185441186 39
32 0.7181470553278726 0.10427998448879952 0.48631809998187236
0.001090508602540481 39
0.9999848019701835 156
33 0.6904509295640799 0.08329726495394874 5.196092800004408
0.9906917840606313 39
34 0.6862780833712937 0.07836697479934326 0.48795650000101887
35 3.074323665714058
-------------------------------------------------END------------------------------------------------------
9
------------------------------------Randomized only---------------------------------------------------
532.2243577583672 562.4977825432148
0.9996646637566509 39
0 479.92631783449696 506.7209584349735 0.45250009998562746
0.9997595267003918 39
1 404.0042850264696 425.17502608233514 0.505088900012197
0.9998574944668418 39
2 321.0248378535414 335.11257806293725 0.4801088999956846
0.9998995293347136 39
3 259.5811071535009 266.78251654212653 0.46476430000620894
0.9976170482095346 39
4 201.0340321636991 202.95264543203388 0.5014067999727558
0.9727359777809242 39
0.997116868700694 156
5 128.48872051411018 128.17713736879554 2.6758244000084233
0.9516205480141817 39
0.9943637711897003 156
6 82.27451589935512 84.58420364716257 2.256865300005302
0.9493275425059755 39
0.9892672270192477 156
0.996803816557948 273
7 51.51858951562904 50.29695346419557 7.146701999998186
0.9461108347801729 39
0.9911169132243728 156
8 34.98859061586556 34.14847206202941 3.2268979999935254
0.9550960907534614 39
0.9867027627347209 156
0.9941815776413266 273
9 23.404643952968613 22.578834354531914 4.756608199997572
0.915578572339643 39
0.9817976452360094 156
0.9885004224071942 273
0.9938865284199195 390
10 14.917154944948086 13.950132979492217 8.281688000017311
0.9256482513708741 39
0.9809814778955971 156
0.9891114200785635 273
0.99284991452198 390
11 9.946938262298662 8.906954370803014 8.27453679998871
0.9599607739554583 39
0.9904049596091837 156
12 8.673294689346974 7.445016077962388 1.8757047999824863
0.5969105470171789 39
0.7697401231261228 156
0.8455187895783634 273
0.9019635741439399 390
1.0 393
13 7.382559613039048 6.604045078148262 8.868377599981613
0.9959798591006107 39
14 4.9554433839955205 4.182993263087235 0.4775649999792222
0.35459207308057317 39
0.9029290595040151 156
0.956330930413851 273
0.9738404265876889 390
1.0 393
15 4.763768069015645 4.003922196455704 8.614744999998948
0.9989380688354559 39
16 2.9421030442230345 2.0826173705336823 0.49356879998231307
0.9475674028367942 39
0.9913695694300034 156
17 2.659911393292098 1.8618492942353815 5.114213900000323
0.5296261949588981 39
0.5848326310596966 156
0.8462547884873581 273
0.9142329884166549 390
1.0 393
18 2.4376723305226973 1.7261968135558359 9.361459600011585
0.9989344880605703 39
19 1.8129143650317288 1.1128981255890378 0.8250601000036113
0.20363446387285683 39
0.9230082868473721 156
0.9630063121482656 273
0.9791167781271302 390
0.9999999999999999 393
20 1.5593861817548946 0.8634636394760664 9.074675600015325
0.9969492842299296 39
21 1.3255652200021706 0.6523524530693343 0.8222129000059795
0.135429188634398 39
0.9261955164484633 156
0.9698338560370826 273
0.9832364592550942 390
0.9999999999999999 393
22 1.2281362629586339 0.6064747314219531 10.957765300001483
0.9915291695146524 39
23 1.0413402883012568 0.39627365704007134 0.7446858999901451
0.10783046862054484 39
0.8901093558567186 156
0.9571375364378978 273
0.9737542348901398 390
1.0000000000000004 393
24 0.9235402976095481 0.30230502833564254 9.19380259999889
0.9875353804221911 39
0.9982978981692675 156
25 0.8994306807237408 0.274414565880123 4.423897600005148
0.3031971531040301 39
0.31915989196242883 156
0.6489616491280854 273
0.7734695459288466 390
1.0 393
26 0.8323375064782035 0.21845949290282282 10.80959309998434
0.9948073177532606 39
27 0.8203413718123557 0.20708415832896857 0.6468573000165634
0.015689305835808562 39
0.7360016433535013 156
0.8776322797025323 273
0.9269752306381733 390
1.0000000000000002 393
28 0.7712976983409826 0.1572087235539209 9.53700980002759
0.9986098240326119 39
29 0.7584807917990942 0.14548920762271508 0.6327175999758765
0.04810054779734897 39
0.8898168883068647 156
0.9571383392416436 273
0.9771975842177977 390
0.9999999999999997 393
30 0.7255697359299851 0.11980874235036883 9.899800899991533
0.9951326635965758 39
31 0.7192086434987335 0.11132955506281553 0.703997700009495
0.005373178117326702 39
0.9226170021309127 156
0.9707123663821873 273
0.9856783576186348 390
0.9999999999999997 393
32 0.698563418175861 0.09087455678617443 11.95062180000241
0.9989276574385078 39
33 0.694986597480881 0.08822922231265541 0.7073794000025373
34 4.551726588233792
-------------------------------------------------END------------------------------------------------------
------------------------------------Krylov only---------------------------------------------------
532.2243577583672 562.4977825432148
1.0 40
0 475.14637181798145 501.34499687132416 1.998115599999437
1.0000000000000004 40
1 329.3397541509168 343.88263023947053 1.8202904999780003
1.0 40
2 296.45573273686756 306.93115330910786 1.8420597999938764
1.0000000000000002 40
3 199.741986502419 205.8527533483606 1.8497132000047714
1.0000000000000009 40
4 125.91374081673983 126.6504826480412 1.9657632000162266
0.9999999999999991 40
5 58.4268103610278 59.57399302462524 2.010180200013565
0.9999999999999997 40
6 35.06340215817364 31.904911764427194 1.8772930999984965
0.9999999999999984 40
7 6.033149794947222 5.206153082496141 1.9288077000237536
0.9999999999999996 40
8 5.496550202921104 4.622991557187224 1.884445500007132
0.9999999999999997 40
9 2.5861823481708806 1.8884805960979136 2.602097599999979
0.9999999999999998 40
10 1.975136885273583 1.2300949467417732 1.85824689999572
1.0 40
11 1.441867329621546 0.8409384059996002 1.8215668999764603
1.0000000000000007 40
12 1.195935388560169 0.5771704212826444 1.8402959999802988
1.0000000000000002 40
13 1.1232461430145468 0.5285541326569455 1.828919899999164
1.0000000000000007 40
14 1.0161551512022 0.3972043851403513 1.8733283999899868
0.999999999999999 40
15 0.9942451895495596 0.4032703912301681 1.8386444000061601
1.000000000000001 40
16 0.9321442055467068 0.3170321952903571 1.8469689000048675
1.0000000000000002 40
17 0.9069765422288294 0.3081467556988066 2.6068688000086695
1.0000000000000007 40
18 0.8749213449075225 0.2621490647067244 2.1221829999994952
1.0000000000000002 40
19 0.855265392498914 0.2518681326044816 2.2537848000065424
0.9999999999999999 40
20 0.8356099702901562 0.22445441265925015 1.8334731999784708
1.0000000000000004 40
21 0.8204127105247265 0.21449563740119543 1.8513563000014983
1.0 40
22 0.8071494941658276 0.19783642267983922 1.8709682000044268
0.9999999999999991 40
23 0.7952808036409695 0.18989259578191262 1.8224320000153966
1.0000000000000004 40
24 0.785663556262265 0.17863389463159382 1.863086099998327
0.9999999999999998 40
25 0.7755384150749507 0.16947430680500736 1.8101605999981984
1.0000000000000002 40
26 0.7680297116594382 0.1627240107188917 1.8708674999943469
0.9999999999999986 40
27 0.7596850428595991 0.15415671866604827 1.8469815000134986
1.0000000000000004 40
28 0.7534134814982515 0.1499000059311886 1.8897237999772187
0.9999999999999996 40
29 0.7466079748762355 0.142864250985609 1.8657500999979675
1.0000000000000004 40
30 0.7412403594642419 0.13885376152598486 1.8924190999823622
0.999999999999999 40
31 0.7358195490567204 0.1332550707705771 1.851026999996975
1.0000000000000009 40
32 0.731204622021224 0.1298665666840986 1.8657267999951728
33 1.9334408060592867
-------------------------------------------------END------------------------------------------------------
------------------------------------Hybrid---------------------------------------------------
532.2243577583672 562.4977825432148
0.9996646637566509 39
0 479.92631783449696 506.7209584349735 0.4842689000070095
0.9997595267003918 39
1 404.0042850264696 425.17502608233514 0.4784397999756038
0.9998574944668418 39
2 321.0248378535414 335.11257806293725 0.46314320000237785
0.9998995293347136 39
3 259.5811071535009 266.78251654212653 0.5050268000049982
0.9976170482095346 39
4 201.0340321636991 202.95264543203388 0.4847455999988597
0.9727359777809242 39
0.999977665818666 156
5 196.93027045911737 199.23679171232808 5.729655899980571
0.9703088962483576 39
0.9999600457868478 156
6 191.58595974884315 194.4565578667235 5.634913399990182
0.960287475169901 39
0.9999712528246525 156
7 189.06477981167234 196.71893278357572 5.402039699984016
0.9753050786850925 39
0.999930290179729 156
8 133.05611226148167 132.20388418086455 5.223519999999553
0.9360581166849679 39
0.9998602322243735 156
9 78.33494952443787 76.70857059397788 5.366422299994156
0.9836100085407133 39
0.9999869142896667 156
10 43.15541970091425 42.443520394885745 5.3660087999887764
0.995065044708907 39
11 14.267335527256527 13.365750322464613 0.46847799999522977
0.9340780863496165 39
0.9999979282259374 156
12 10.736888582753291 9.889455944212918 5.472395600023447
0.9696791359755322 39
0.9999968134930386 156
13 8.418570511779631 7.702950995215909 5.446256399998674
0.9878708375196774 39
0.9999955209255541 156
14 6.551867745340251 5.941417856999797 5.378008899977431
0.9924202328654083 39
15 3.6569697432716217 2.9811427047695553 0.47362580001936294
0.6819558692816412 39
0.9999996332111625 156
16 2.988996465920474 2.3177408109670696 7.690769200009527
0.9787203503731426 39
0.9999998862139269 156
17 2.4050921472811586 1.7267229718599493 8.238384500000393
0.9912656525385976 39
18 1.9755376210807103 1.3064316652631511 1.3669333000143524
0.18174165034699055 39
0.9999996508508872 156
19 1.6456323659449794 0.9995036869579137 8.326479000010295
0.9954487303763658 39
20 1.2466085452860134 0.5920169004652664 0.5294893000100274
0.0486706865855906 39
0.9999850577491245 156
21 1.0859214305654084 0.4404546773316797 5.648827500001062
0.9861283045066453 39
0.9999999687464103 156
22 1.0546304505173034 0.42568173580792346 5.305667299980996
0.9975856174961664 39
23 0.8607976878596136 0.23400209374397526 0.6270557999960147
0.0516809397134678 39
0.9999963877411727 156
24 0.8279976005522883 0.21501406573545193 5.503391799982637
0.9990895998667472 39
25 0.7539165844268806 0.13767547351870826 0.4821331999846734
0.004981490071667122 39
0.9999537111516958 156
26 0.7147407233433938 0.1104600598533998 5.426441499992507
0.9973922361415473 39
27 0.6973688537425519 0.0923931764048119 0.48410910001257434
0.0012250683618627934 39
0.9999239923734957 156
28 0.6831243329085622 0.07962350796397052 5.519612500007497
0.992836770829138 39
29 0.6809739786619763 0.07730378848105846 0.5020742999913637
6.317697981182263e-05 39
0.998780320437065 156
30 0.6702456970188225 0.06853841769369147 8.162412799982121
0.9942285723333418 39
31 0.6683528080170283 0.06623526870908092 1.03609960002359
32 3.663338431248121
-------------------------------------------------END------------------------------------------------------
10
------------------------------------Randomized only---------------------------------------------------
628.2102512667606 667.1571683961381
0.9996772766917361 39
0 559.5277868838377 592.9087302791255 1.0754177999915555
0.9997605324457304 39
1 459.84267901462044 484.70629317064805 0.4578526000259444
0.9998191136396644 39
2 350.2589371107638 365.2746988026588 0.4566208999895025
0.9997963764224684 39
3 272.59228475509025 280.1966781476659 0.4996546999900602
0.9997447938433259 39
4 239.4115432830857 245.28148624514893 0.4804876999987755
0.9751833616665647 39
0.9984812160560654 156
5 147.06381265746103 145.3601691562041 2.017181100003654
0.9315071529917509 39
0.9924199759165551 156
6 73.49217379341675 71.51849632641158 1.9598006999876816
0.8600395697225414 39
0.9797796994858671 156
0.9931553813953912 273
7 39.43890471078996 37.22898622581028 4.941432799998438
0.8460184380536246 39
0.9801805553293997 156
0.9890482685036921 273
0.9954953610449356 390
8 20.48809249003285 18.188737899841094 8.602028299996164
0.8361930251910235 39
0.9788833424101573 156
0.9885431734476448 273
0.9929471633920578 390
9 13.026734031855595 11.341930218432488 8.539256599993678
0.8094719408123157 39
0.9600092165506791 156
0.9760282999160262 273
0.9845881199388288 390
1.0 393
10 8.988934821341674 7.48909495600648 19.97267930000089
0.9883211446179072 39
0.9983222554346864 156
11 5.985918397602881 4.500493966171882 2.2648552999889944
0.8208920439983114 39
0.9543558940429939 156
0.9748445898558247 273
0.986198507199491 390
1.0000000000000002 393
12 3.8397859855117815 3.0968584060841184 10.690403299988247
0.9735749952589596 39
0.9958821865309054 156
13 3.1477565577733237 2.4307740477649404 2.089750000013737
0.6034194695383502 39
0.7409203994197184 156
0.8487828142985038 273
0.913099264632476 390
1.0000000000000002 393
14 2.481516281871547 1.7503213508512312 8.711748200003058
0.9171333340230469 39
0.9903083463101374 156
15 2.116988613362056 1.4242819585964148 2.112694300012663
0.34006302033518565 39
0.4471907970089001 156
0.7128597579995838 273
0.8253958513845815 390
1.0000000000000004 393
16 1.658012558178751 0.9983813849633957 8.568099200027063
0.978628226148023 39
0.9976189073393772 156
17 1.5390841361100631 0.8814685314319728 1.9360180999792647
0.5386839867198306 39
0.599384067736596 156
0.7651026243301384 273
0.8262134547426992 390
1.0 393
18 1.3991853064017923 0.7842043280756902 9.27471549998154
0.9871578684851967 39
0.9989857407526185 156
19 1.2101670700838707 0.5940257269837406 1.9851826999802142
0.5518264946734599 39
0.5744904535515579 156
0.7737715652450011 273
0.8396257501132135 390
0.9999999999999999 393
20 1.0658758597878544 0.4312969201502423 8.792046000016853
0.9800329817430546 39
0.9981261220591254 156
21 1.0001802416770875 0.37136391741214575 2.0729926000058185
0.6639722314698927 39
0.6718001096852613 156
0.8067436642045661 273
0.8694991471600532 390
1.0000000000000002 393
22 0.9195901305770214 0.29676609845047325 8.7487087000045
0.9642784628173803 39
0.9981540514279257 156
23 0.8636461650581656 0.24219454117172273 2.0366362999775447
0.8310646619586557 39
0.8389172881910966 156
0.8947110803586587 273
0.9293069059928959 390
0.9999999999999994 393
24 0.792896345513246 0.17395538140224062 9.003764100023545
0.991720493293064 39
25 0.779913968150139 0.16334807207326435 0.49488880002172664
0.023519070260138473 39
0.8437079848696507 156
0.9170859620226646 273
0.9453947899278908 390
0.9999999999999998 393
26 0.7484207129559581 0.14781205165509137 9.056531600013841
0.9915394647127271 39
27 0.7270850975211038 0.11726130172079618 0.4942647000134457
0.1491651836196368 39
0.9337283343863175 156
0.9657588370852924 273
0.9761193948050105 390
0.9999999999999994 393
28 0.6957670302530478 0.08832311181851071 8.851240499992855
0.9967047771404447 39
29 0.6916785486761868 0.08608299690912267 0.48388620000332594
0.008082878582790274 39
0.8451448414950685 156
0.9067719389371705 273
0.9308039925314625 390
1.0000000000000002 393
30 0.6750800589542226 0.07133415440582194 8.615229399991222
0.986880753828979 39
0.99875925368494 156
31 0.6726076527386067 0.06597369487160257 1.9225334000075236
32 4.912768793750729
-------------------------------------------------END------------------------------------------------------
------------------------------------Krylov only---------------------------------------------------
628.2102512667606 667.1571683961381
0.9999999999999998 40
0 554.8197963510842 586.9762296146737 1.829862700018566
0.9999999999999999 40
1 430.98993998010235 455.496209621385 1.8314229999959935
0.9999999999999998 40
2 253.58615746653163 263.46184823783295 1.8441585999971721
1.0000000000000009 40
3 234.54264961388773 236.4016134002013 1.9726933000201825
0.9999999999999999 40
4 175.24042837975452 166.7010639463309 1.8949509999947622
1.0000000000000002 40
5 47.18811155646625 45.163150699542456 1.81929279997712
1.0 40
6 24.266853652569136 23.572073900171503 1.999211300018942
1.0000000000000016 40
7 12.74939240687713 12.222553804070126 1.9803130999789573
0.9999999999999996 40
8 11.94455980816393 10.926681585989558 1.8767223999893758
1.0000000000000016 40
9 2.8393143416652924 2.3024459573187697 1.9205910000018775
1.0000000000000007 40
10 2.2758456065150243 1.5774565545110262 1.860252100013895
0.9999999999999987 40
11 1.5252493891060888 0.9595028080787826 2.534739599999739
1.0000000000000002 40
12 1.4228302714845933 0.8447195783751933 1.8783921000140253
1.0000000000000002 40
13 1.1974220455489941 0.5996297430791263 1.9713397999876179
0.9999999999999999 40
14 1.0000720336098292 0.37872606344611154 1.8250034999800846
1.0000000000000013 40
15 0.936404372523255 0.3212334239624881 2.021804299991345
1.0000000000000002 40
16 0.8957962861839138 0.28272053831068195 1.910711500007892
0.9999999999999989 40
17 0.8474250961730764 0.23543009035545623 2.700935100001516
1.0000000000000018 40
18 0.7915041975731442 0.1784750362051127 1.8836813000089023
0.9999999999999976 40
19 0.7695528175353212 0.16102603270036878 1.8379735000198707
0.9999999999999994 40
20 0.7494541103607825 0.14048743644439915 1.9187091999920085
0.9999999999999988 40
21 0.7379729247018216 0.13378168108748395 1.8347598999971524
1.0000000000000013 40
22 0.7241081555961042 0.1169155519641084 1.847512899985304
1.000000000000001 40
23 0.7182376245772055 0.11556118328330198 1.9171315999992657
1.0000000000000002 40
24 0.7085907671453147 0.10255630704431462 1.8736367000092287
1.0000000000000009 40
25 0.7039006063263672 0.10207705739349347 1.8322604999993928
0.9999999999999997 40
26 0.69655309195219 0.09275313002469324 1.861837500007823
0.999999999999999 40
27 0.6918706933222979 0.09136172942424724 1.8143136999860872
0.9999999999999991 40
28 0.6862830153005416 0.08435568471327609 1.9908958000014536
0.9999999999999996 40
29 0.6823594050084836 0.08265456722249635 1.8757623999845237
1.0000000000000002 40
30 0.6780189885884408 0.07717913634193144 1.8709186000050977
31 1.9365093806446831
-------------------------------------------------END------------------------------------------------------
------------------------------------Hybrid---------------------------------------------------
628.2102512667606 667.1571683961381
0.9996772766917361 39
0 559.5277868838377 592.9087302791255 0.4456955000059679
0.9997605324457304 39
1 459.84267901462044 484.70629317064805 0.48596429999452084
0.9998191136396644 39
2 350.2589371107638 365.2746988026588 0.4647466999886092
0.9997963764224684 39
3 272.59228475509025 280.1966781476659 0.48267689999192953
0.9997447938433259 39
4 239.4115432830857 245.28148624514893 0.4778163000009954
0.9751833616665647 39
0.9999997974762832 156
5 232.70718831370297 238.4568554609742 5.534594900003867
0.9713928399861841 39
0.9999962384432713 156
6 232.70718831370297 238.4568554609742 5.730313300009584
0.9713928399861841 39
0.9999962384432713 156
7 232.70718831370297 238.4568554609742 5.707855200016638
0.9713928399861841 39
0.9999962384432713 156
8 229.10003523890413 234.94632525849735 5.497958299994934
0.9679077583019342 39
0.9999514660955363 156
9 210.78126817210628 216.04608746891853 5.685870700021042
0.9906661111829101 39
10 162.0847311191502 166.2533671964097 0.46940790000371635
0.9234123926987021 39
0.9999816017076604 156
11 148.83173534575215 152.05970150290455 5.388606099993922
0.9879411905906693 39
0.9999984518868881 156
12 138.36163128146148 141.46536784718882 5.725680499977898
0.9915279272107553 39
13 94.75320444586887 95.9092137744314 0.47974660000181757
0.9862583756706758 39
0.9999981778884538 156
14 78.89821672575304 80.06798383476666 5.816002000006847
0.9922549199104447 39
15 44.31206889935433 43.599283488629645 0.47595550000551157
0.7712076982295449 39
0.9999783926840552 156
16 38.57983014392771 38.17650727586741 5.600115199980792
0.9517534986147655 39
0.9999992347224602 156
17 32.902266052685974 32.448239888219504 5.842956200009212
0.9884761787340441 39
0.9999996390906466 156
18 31.842039066088002 31.66853752780328 6.896568099997239
0.9989175410876083 39
19 14.679704158511848 13.958940625317343 0.5766857999842614
0.9547849876838146 39
0.9999982640638144 156
20 14.200734817106044 13.713759799645816 5.823991699988255
0.9943816473878593 39
21 9.512077120465971 8.463912045280336 0.4957921000022907
0.976413985619253 39
0.9999997348823529 156
22 8.431479433172491 7.716493986494007 5.411194499989506
0.9962652436330557 39
23 4.925768866543728 3.9911016372237675 0.45844750001560897
0.7997006923713881 39
0.9999997752771378 156
24 4.0928695865684945 3.3103505118153698 5.401643999997759
0.9959965621367587 39
25 3.3455937588852787 2.4921227938938246 0.4714617999852635
0.2887947314734343 39
0.9999999416879816 156
26 2.6603663033953153 1.9040939331464308 5.304097299987916
0.9965906946988992 39
27 2.2953016112256286 1.5241285357773218 0.48704910001833923
0.07568577156248393 39
0.9999998491252957 156
28 1.9128741532182605 1.210790319361333 5.680969800014282
0.998034148901019 39
29 1.6448440967276758 0.939827416382205 0.4834310000005644
0.030901837841626513 39
0.9999995889172317 156
30 1.348356072951344 0.6678260475414451 8.521168900013436
0.9962066263208159 39
31 1.2588043821181785 0.5860614035305293 0.49823540000943467
0.0080266333240588 39
0.9999982559148306 156
32 1.1631482804090592 0.526750361369952 5.433782000007341
0.9991800724754711 39
33 0.8806385076932148 0.24488784019494172 0.47257789998548105
0.07287097132591842 39
0.9999998455379877 156
34 0.8156883376715841 0.19996790067411252 5.2128660999878775
0.9994904406484512 39
35 0.7339914025450894 0.11577906385498395 0.48284089998924173
0.0144805496798052 39
0.9999993900203359 156
36 0.692109041276083 0.08447365578850667 5.246906599990325
0.9947555483513849 39
37 0.6799794184844515 0.07300143241636112 0.47646000000531785
0.002121993290819802 39
0.9999968843608672 156
38 0.666171966412596 0.06435551541642151 5.395093400002224
0.9972437913368315 39
39 0.6555585352371031 0.05401231607435508 0.4842474999895785
0.00041137566499426886 39
0.9999738871482788 156
40 0.6483613530580038 0.048324451578538756 5.412702200002968
0.9954211392807265 39
41 0.6473125460432891 0.04744739101605261 0.5100381000083871
42 3.236909852380493
-------------------------------------------------END------------------------------------------------------
11
------------------------------------Randomized only---------------------------------------------------
594.2861954124917 624.7440074612615
0.9997256802307809 39
0 531.2425108928246 558.6427241671477 0.48662909999256954
0.9997892538738293 39
1 439.70097042542716 462.17899608584236 0.4961061000067275
0.9998394086402458 39
2 337.7018110742 353.8051843540814 0.5261648999876343
0.9998005694619916 39
3 254.29588128286832 264.08570005263357 0.5632034000009298
0.9966684973966077 39
4 202.57079947337738 205.52766156474675 1.078518800000893
0.9451210614263206 39
0.9977074108138212 156
5 139.5729054895175 137.10296082035273 2.0546842999756336
0.9321781892039034 39
0.9945549110432359 156
6 96.30485463256373 93.05715160586831 2.014742800005479
0.9266343721417359 39
0.9922278729090157 156
7 70.78916771444563 69.41671087778025 2.0752143999852706
0.9221217851884732 39
0.991431940328458 156
8 50.03733314597292 48.041409312783216 2.2873870999901555
0.922180130791989 39
0.988859612138022 156
0.9956162495592396 273
9 30.11816261055846 28.29893722528206 5.715690299984999
0.9290112452583545 39
0.9903428332035639 156
10 21.860014754956463 20.140542432907814 2.1570644000021275
0.9162668423537543 39
0.9758175448088516 156
0.9892005711856742 273
0.9944210162867197 390
11 13.826315809087484 12.614909056158814 15.862904499983415
0.9261863504396233 39
0.983755675575462 156
0.9913034239031753 273
12 9.800438321470207 8.361794045182975 6.267223400005605
0.918112560215594 39
0.9766133809564304 156
0.9841955671339943 273
0.9906012766389833 390
13 7.205473586256789 5.825701455372078 11.637052599980962
0.9192317142541296 39
0.9785634483840704 156
0.9856904497327343 273
0.9889044927756875 390
1.0000000000000002 393
14 5.177485825411205 4.238363745532422 16.636797799990745
0.9912394916631504 39
15 3.909818226200038 2.9634820136873383 0.5661216999869794
0.2651032778970044 39
0.8991656188068962 156
0.9678924045993857 273
0.9828566748194293 390
0.9999999999999999 393
16 3.1739693783398457 2.4340277488970328 25.382136300002458
0.9681356551785801 39
0.998609807999709 156
17 1.935834183460385 1.1746792835651338 3.2314954999892507
0.6689491442866212 39
0.7557922156662478 156
0.9057057780115161 273
0.9483747868063206 390
0.9999999999999994 393
18 1.5382484774845442 0.828937828758711 23.293024099984905
0.9952408247874416 39
19 1.3384003458821092 0.6509039593892696 0.47548819999792613
0.1720198403188355 39
0.9462776834198176 156
0.9796199755948853 273
0.988766106681 390
1.0000000000000002 393
20 1.1413446981386697 0.505830452250055 19.621529900003225
0.9940559682179443 39
21 1.0129034771896772 0.3760409919571606 0.46839470000122674
0.03755199438690219 39
0.9208313279796418 156
0.9668091056844822 273
0.9794497203059237 390
1.0000000000000002 393
22 0.9390037060921622 0.3153216842312476 19.33815299998969
0.9906676295755229 39
23 0.8717030859368992 0.2370943786412397 0.4844771999923978
0.024967576602163973 39
0.945026414886234 156
0.9747728350899213 273
0.9840914250844446 390
1.0000000000000004 393
24 0.8710167604991166 0.26343940179736014 13.254132800007937
0.9830255958678319 39
0.9996535220261006 156
25 0.7700572218299012 0.1526537455767254 2.2222659999970347
0.8621069994480557 39
0.8689118639503524 156
0.941301080438539 273
0.9629273820574242 390
1.0000000000000002 393
26 0.7376618199944994 0.12051085534989221 15.40788280000561
0.9971147314859297 39
27 0.7340238781674381 0.1165018261471826 0.4763715000008233
0.003167297340856371 39
0.7777906058138275 156
0.895637370963213 273
0.9311791897505545 390
1.0000000000000002 393
28 0.7172068614965436 0.10139616070922082 15.959696300007636
0.999185221512197 39
29 0.6964225498078626 0.08157843774562269 0.838093200000003
0.026296029333293773 39
0.9482226254435006 156
0.9787645155262491 273
0.987380783190198 390
1.0000000000000002 393
30 0.6770658754582993 0.06282029451737274 21.628051200008485
0.9954850061768018 39
31 0.6730085184794189 0.05948392963909209 0.49564539999119006
32 7.2813232406206225
-------------------------------------------------END------------------------------------------------------
------------------------------------Krylov only---------------------------------------------------
594.2861954124917 624.7440074612615
1.0000000000000002 40
0 527.1802515480157 555.163030522036 1.8149416999949608
1.0000000000000004 40
1 392.35533358620427 411.9625027591915 1.8341925999848172
0.9999999999999996 40
2 338.73441639550794 356.2176256130132 1.8423949000134598
0.9999999999999997 40
3 251.9844683261836 270.0031928604673 1.8205887000076473
0.9999999999999988 40
4 92.32021242099958 91.98970960844181 1.8196744000015315
1.0000000000000002 40
5 45.04145601613607 44.38204654105375 1.8160923999967054
1.0 40
6 44.30871945502781 42.486722547882025 1.7852189999830443
0.9999999999999992 40
7 12.518465357552616 11.933393289046496 1.8346069999970496
0.9999999999999993 40
8 8.031930318271197 7.449851618205911 1.8849117999779992
0.9999999999999991 40
9 2.8153470428052225 2.1739685228103376 2.029773700021906
1.0000000000000002 40
10 2.5921372453117537 1.8314482726264891 2.4054663999995682
0.999999999999999 40
11 1.62402622316126 0.9879121423746975 1.8361375000094995
1.0000000000000002 40
12 1.339384321109906 0.7376716399581055 1.8381249000085518
1.0 40
13 1.1137403464292066 0.5014262181433774 1.87125060003018
1.0000000000000009 40
14 1.0567663178867495 0.4734886508281967 1.939862200000789
1.0000000000000007 40
15 0.9734985001053752 0.3624611332145404 1.828665799985174
0.9999999999999993 40
16 0.9168822846847652 0.3201751373489184 2.0037675999919884
1.0000000000000009 40
17 0.8833313038497785 0.2740799730899648 1.817910399986431
0.9999999999999998 40
18 0.8348725300933908 0.23188801544828988 1.8357269000262022
1.0000000000000007 40
19 0.8174249514565323 0.21083016852330563 1.8665511999861337
1.0000000000000013 40
20 0.7860347270676108 0.1820589847227408 1.8188131999922916
0.9999999999999997 40
21 0.7719515428374116 0.16763033146349285 1.8709502999554388
0.9999999999999993 40
22 0.7506360843627922 0.14747490222254858 1.8106736000045203
0.9999999999999994 40
23 0.739450464623926 0.13782591444765238 1.8553493999643251
1.0000000000000004 40
24 0.7251868868749958 0.12564580987773674 2.3534478999790736
0.9999999999999999 40
25 0.7163350608598558 0.11604108373349256 2.6635025999858044
0.9999999999999994 40
26 0.7066716219133373 0.11164444809035871 2.455101100029424
1.0000000000000002 40
27 0.6999470841708352 0.1020445663108106 2.077770200034138
0.9999999999999997 40
28 0.6929555677096905 0.10139819726087838 2.0086717999656685
1.0000000000000007 40
29 0.6880534085991147 0.0931255495161597 2.000732099986635
1.0 40
30 0.6827958089131185 0.09285534056629918 2.1713012999971397
1.0000000000000007 40
31 0.6788978087183517 0.08607548087460726 3.2814818000188097
32 2.0029267187474034
-------------------------------------------------END------------------------------------------------------
------------------------------------Hybrid---------------------------------------------------
594.2861954124917 624.7440074612615
0.9997256802307809 39
0 531.2425108928246 558.6427241671477 0.6827036999748088
0.9997892538738293 39
1 439.70097042542716 462.17899608584236 0.8979274000157602
0.9998394086402458 39
2 337.7018110742 353.8051843540814 0.4872979000210762
0.9998005694619916 39
3 254.29588128286832 264.08570005263357 0.4781476999633014
0.9966684973966077 39
4 202.57079947337738 205.52766156474675 0.6228714000317268
0.9451210614263206 39
0.9999893903248451 156
5 197.4800069313973 200.42778589117825 6.998192700033542
0.9562871079215582 39
0.9999770107350519 156
6 185.99843714457847 191.64592018533432 7.307667099987157
0.990251752226169 39
7 124.48019939857367 124.48118332190228 0.5274280000012368
0.9275266169666618 39
0.9999725755739212 156
8 94.06870056366503 93.94976391737515 5.767674200003967
0.9671060188811674 39
0.999996732813112 156
9 86.02070452075762 85.84731554603383 5.671131299983244
0.9966655668190197 39
10 69.66547860031766 65.73473995967635 0.4533221999881789
0.9834315156865474 39
0.9999960835191902 156
11 55.17176325840556 52.39441983771687 5.459888200042769
0.9901263190369772 39
12 30.70794519815715 28.845783320461045 0.4931848999694921
0.9717194467255689 39
0.9999977836522612 156
13 25.046402529508782 23.48237297107745 5.467454000026919
0.9952864622607989 39
14 16.335296061614113 14.725666720595648 0.49323149997508153
0.9705689560067855 39
0.9999997474898067 156
15 13.812918841329857 12.404723283434334 5.310491400014143
0.9934363506067728 39
16 9.689855726455802 8.669006444487033 0.48076909995870665
0.9195782257946561 39
0.999999832744674 156
17 7.994877799299 7.172814728608855 5.452007199986838
0.9885910533389921 39
0.999999718750733 156
18 7.213229127651793 6.668588430148324 5.198476500052493
0.99820775508967 39
19 4.037200284263367 3.215667797690131 0.4705874999635853
0.9775327751127241 39
0.9999998758154501 156
20 3.380995341399019 2.6959534906343485 5.591346699977294
0.9969131034342736 39
21 2.4806079902308396 1.7621205267536633 0.505040000018198
0.5985126061936968 39
0.9999999180957159 156
22 1.9160549607507278 1.2004238971231829 5.396418699994683
0.9546314095798962 39
0.9999999833347052 156
23 1.5433223024441853 0.876932845962162 5.3334453999996185
0.9881037547250949 39
0.9999998963659168 156
24 1.2794999260296216 0.6417399603133619 5.34945500001777
0.995973268468971 39
25 1.0886388227366874 0.44406950521346283 0.48815030005062
0.09167583559310978 39
0.9999999340357916 156
26 0.9483000749666562 0.3136756660463371 5.402071199961938
0.9908314149271733 39
27 0.9231186429672283 0.29096861669487184 0.4997226999839768
0.007828005048403414 39
0.9999992777373486 156
28 0.868193710223927 0.2501967574564284 5.195635499956552
0.9983262312102547 39
29 0.7441896600446442 0.13123089246647532 0.46063439996214584
0.03353645904865298 39
0.9999997935013507 156
30 0.7004242588650473 0.09794845664994964 5.3186579999746755
0.9977999568757677 39
31 0.685796881768881 0.08272566725881149 0.460733900021296
0.0136878709432731 39
0.9999984328934952 156
32 0.6708691447510429 0.07236156573546328 5.274551899987273
0.9966538730709587 39
33 0.6594949092421973 0.06109581948116667 0.4517142999684438
0.001690834030555671 39
0.9999530474642899 156
34 0.6543486308926239 0.05903538358887567 5.351362400047947
0.9970233737778387 39
35 0.6450679099887388 0.04905416748617323 0.620233100024052
0.0008993573295915386 39
0.9999913120968381 156
36 0.640905290952139 0.04618599842779663 5.178530699980911
37 3.1242745432411194
-------------------------------------------------END------------------------------------------------------
12
------------------------------------Randomized only---------------------------------------------------
598.5252591741663 634.6215973596351
0.9997027181851813 39
0 534.9847243382012 566.3554829534837 0.47166889999061823
0.9997659230434865 39
1 442.72928804896736 466.8667045171998 0.4605965000228025
0.9998355805985665 39
2 341.12763882445745 357.09523310367166 0.4674497000523843
0.9998591640313358 39
3 268.37692681499317 277.2710486537694 0.49677949998294935
0.9992101662667596 39
4 199.5805871675679 203.04471732577593 0.5132943000062369
0.9528245172321403 39
0.996030926071144 156
5 140.16521332920465 139.13759335985344 2.0641182999825105
0.9436374624807425 39
0.9933779276539113 156
6 98.2624646928693 95.71655475915861 1.9744896999909543
0.9070221395398084 39
0.9900595740081135 156
7 69.4855279279341 67.56110775241055 2.1264936000225134
0.8972834628364673 39
0.9883163651904343 156
0.9956479253131514 273
8 45.2793172307703 43.599447900018106 6.80161920003593
0.9071541937777302 39
0.9889517591001331 156
0.9948156337934556 273
9 27.83753717924694 25.66540236583344 8.745526999991853
0.9103370512942336 39
0.9845318521718033 156
0.9927396820526256 273
10 17.787377430176317 16.618231216102092 5.010171899979468
0.8883387713668041 39
0.9750984844279167 156
0.985289647259099 273
0.9928562508762141 390
11 11.622641793548006 11.266428507284528 8.987061600026209
0.81954277639552 39
0.9724057985300447 156
0.9849882241113685 273
0.9901052647530536 390
12 8.218604318527602 7.638454729015091 8.435843700019177
0.875513436832608 39
0.9759814380982387 156
0.9847321759039046 273
0.9888337033554283 390
1.0000000000000002 393
13 4.885485396032899 3.973035187643564 8.747576100053266
0.932203569182584 39
0.9939296652526679 156
14 3.93783804686225 3.1436456019942693 1.9340511999907903
0.6431753175539792 39
0.8213144870525403 156
0.8914960489212832 273
0.9430988035485217 390
1.0 393
15 3.1181102821135056 2.245630745331508 11.22015680000186
0.9933398511387741 39
16 2.5105615087118522 1.765273829831447 0.9895904999575578
0.2542331133916121 39
0.911995209864277 156
0.9619507219471987 273
0.9805099741059248 390
0.9999999999999998 393
17 2.196129884410522 1.5447318319811993 17.829459900036454
0.9882740946476505 39
0.9993277215204333 156
18 1.6651731967386914 1.002877820466453 2.5509870999958366
0.8700272732577281 39
0.8868133589262766 156
0.9405598651722535 273
0.9686991779382585 390
0.9999999999999998 393
19 1.5046895561509237 0.8572254025576193 14.228543200006243
0.985163501656664 39
0.998921222967802 156
20 1.253574591588371 0.6191443007805729 2.1012755999690853
0.8061716417101478 39
0.8320690582081993 156
0.9295041690185862 273
0.9555335005937524 390
1.0 393
21 1.0872267664458104 0.4589358288892563 9.922673299966846
0.994752695125894 39
22 1.0744359126768952 0.4492606946964728 0.831506000016816
0.012609541119171773 39
0.3651328587556321 156
0.6965564863991429 273
0.7920347036739783 390
1.0000000000000002 393
23 0.9672678095658866 0.3525817612023821 10.323425499955192
0.9974840523582366 39
24 0.9231234556752773 0.30804331105124333 0.8263988000107929
0.10392292789445164 39
0.8420149312345581 156
0.9382832916931915 273
0.9603130229343552 390
1.0000000000000004 393
25 0.8384552412555347 0.2237126817113969 11.611259199969936
0.9937596346144913 39
26 0.8143907313005982 0.20172097125458774 0.8158201000187546
0.03071355553378495 39
0.881626018894887 156
0.9535665249003662 273
0.9748972091339603 390
1.0 393
27 0.7934326193133454 0.19014296908540632 11.406055000028573
0.9980443748787855 39
28 0.749183400805858 0.14656505190267638 0.8887893999926746
0.049763338521998914 39
0.9185711273696551 156
0.9709189317669348 273
0.9833981979985189 390
1.0000000000000004 393
29 0.7187023925605946 0.11665617188467985 9.220799800008535
0.9969345529633032 39
30 0.7048260082983934 0.10270028190816186 0.7672863999614492
0.05533225808342492 39
0.9137975364630927 156
0.9681610812717545 273
0.9826049643478647 390
0.9999999999999999 393
31 0.6861010784616436 0.08751090055230375 9.855538900010288
0.9947995648251851 39
32 0.6805702796230051 0.08079277926974382 0.6237818999798037
0.0016457573989909747 39
0.9226524982106713 156
0.9672046989659777 273
0.9806668741141112 390
1.0000000000000002 393
33 0.6735035952908202 0.07762759199109387 8.812351700034924
0.9947868137927639 39
34 0.6580098950150954 0.06049696418758554 0.6327701000263914
0.005336928512117029 39
0.9490975515651809 156
0.9778624813414959 273
0.9856730684089828 390
1.0 393
35 0.64731141218365 0.04723484774956013 9.359488500049338
0.9886221048741762 39
0.9996006532954491 156
36 0.6436577721103031 0.04192118558339302 4.680834300001152
37 5.317176572976924
-------------------------------------------------END------------------------------------------------------
------------------------------------Krylov only---------------------------------------------------
598.5252591741663 634.6215973596351
1.0 40
0 525.3542661220703 556.0101261889573 1.753489000024274
1.0 40
1 370.8384476717851 391.0454342804221 1.8449920999701135
0.9999999999999999 40
2 315.8155898416373 333.25115180559885 1.8284119000309147
0.9999999999999996 40
3 279.39331730464727 293.9017148371218 2.0799578999867663
1.000000000000001 40
4 244.2031502254724 252.45677640937996 2.1128598999930546
0.9999999999999998 40
5 181.3992786830361 191.0053300745522 1.8395131999859586
1.0000000000000002 40
6 57.49270223280991 59.12115199206367 1.910379400011152
1.0000000000000004 40
7 48.755558520390935 49.110113245577494 2.7302982000401244
1.0000000000000002 40
8 16.73989969662943 16.100008450658144 2.0341128000291064
0.9999999999999992 40
9 10.83120255957229 9.930473145102496 1.8063704000087455
0.9999999999999993 40
10 4.029848189389614 3.632120963087037 1.8160095000057481
0.9999999999999994 40
11 3.130406063593804 2.519136804758629 1.8634634999907576
1.0 40
12 1.953404104674485 1.3476011143063875 1.8580433999886736
1.0000000000000013 40
13 1.5046696625679548 0.8739444801801372 1.8835767999989912
1.0000000000000007 40
14 1.2325810104234758 0.6605977905201551 1.8049072999856435
1.0000000000000009 40
15 1.0872559109815054 0.4859375739453483 1.9013777999789454
1.0 40
16 0.9664158210505746 0.4087045698566116 1.8584352000034414
1.0000000000000004 40
17 0.9272882492041888 0.3407675867000586 1.7783886000397615
1.0000000000000007 40
18 0.8570370530541437 0.2912282651258689 1.8134329000022262
0.9999999999999992 40
19 0.827823379451395 0.24267804664437545 1.826543600007426
1.0000000000000007 40
20 0.7975574870690892 0.22240825065855035 1.8602548000053503
0.9999999999999996 40
21 0.7744279998623013 0.18772734273178923 1.8237442999961786
1.0000000000000016 40
22 0.7573810467797778 0.17554194343714477 1.8696796000003815
1.0 40
23 0.7411487947994768 0.1541872369210897 1.867334199952893
1.0000000000000004 40
24 0.7295841313628928 0.14435139445886025 1.8333403000142425
1.0000000000000004 40
25 0.7182989807500578 0.13082457770725994 1.8547361000091769
0.9999999999999993 40
26 0.709657530970233 0.12245390541670291 1.816608700028155
0.9999999999999994 40
27 0.7013336814795014 0.11302488795612654 1.8035208000219427
1.000000000000001 40
28 0.6949145788668415 0.10640163969776689 1.8535909000202082
0.9999999999999993 40
29 0.6882735567325124 0.0989834616341302 1.8222092000069097
1.0000000000000007 40
30 0.6832957640733325 0.09323366554275127 1.844079900009092
31 1.890118135488592
-------------------------------------------------END------------------------------------------------------
------------------------------------Hybrid---------------------------------------------------
598.5252591741663 634.6215973596351
0.9997027181851813 39
0 534.9847243382012 566.3554829534837 0.4688859999878332
0.9997659230434865 39
1 442.72928804896736 466.8667045171998 0.46911550004733726
0.9998355805985665 39
2 341.12763882445745 357.09523310367166 0.49170389998471364
0.9998591640313358 39
3 268.37692681499317 277.2710486537694 0.4513217000057921
0.9992101662667596 39
4 199.5805871675679 203.04471732577593 0.4621322000166401
0.9528245172321403 39
0.9999880935650475 156
5 193.05021534871426 196.34066922778794 5.594027999963146
0.9479558743284985 39
0.9999880910158028 156
6 189.64141772380088 192.37653045847802 5.321875599969644
0.994534034281855 39
7 105.13261504995984 103.80381408919303 0.5086066999938339
0.9263398119733243 39
0.9999639746428426 156
8 89.81578549258904 88.96784114238655 5.290648200025316
0.9573848881391641 39
0.9999956401496065 156
9 71.79144291872632 71.0514396982778 5.649966400000267
0.9704769469067005 39
0.9999984121171342 156
10 60.438472774504255 59.65445687328768 5.474631699966267
0.9830818753713305 39
0.999998616770655 156
11 54.768277224526415 54.35157614559648 5.377693300019018
0.9969140315381949 39
12 17.243386688677496 16.44566063267717 0.5059527999837883
0.9820533204023258 39
0.9999999100521355 156
13 13.929863367138116 12.927773217253371 5.506580599991139
0.9777692112533982 39
0.9999997686277706 156
14 10.005660341661336 9.140842595581 5.348439499968663
0.9925385157900162 39
15 5.263759443145143 4.399247981401117 0.49437999998917803
0.7751686218847075 39
0.9999999510116567 156
16 3.7772887272621585 2.9708751256763093 5.413876399979927
0.9627702696511234 39
0.9999999247655155 156
17 2.6813089833418773 1.9705451323642906 5.750817299995106
0.9901142799979663 39
18 2.2592255665640386 1.5457402262345172 0.48535119998268783
0.05615395902269261 39
0.999999042491788 156
19 1.7784010585074084 1.1241031561451802 5.26119499997003
0.9956419955934768 39
20 1.637449484765213 0.9645062246182546 0.48971749999327585
0.006494993031901816 39
0.9999959898323628 156
21 1.3166157898579047 0.7013083062102983 5.486474699981045
0.9990685659710986 39
22 1.0166764394290662 0.38561902927566105 0.4667613999918103
0.05699811819665296 39
0.9999996708722055 156
23 0.9082828056179784 0.28749531122923877 5.330628400028218
0.9854744556752051 39
0.9999999775870632 156
24 0.8706491568786027 0.2586481832314732 5.300864899996668
0.9971396043038983 39
25 0.8125498811184791 0.19653898880055395 0.46738540002843365
0.002233099635525067 39
0.9999931921816788 156
26 0.8088998177516612 0.20622773324055674 5.567018800007645
0.994561583580808 39
27 0.7359787358060225 0.13117106987242338 0.539793300034944
0.0037627768407021314 39
0.999991620775604 156
28 0.7119502200444505 0.11101840829509371 5.561519399983808
0.9733664472299692 39
0.9999999851262692 156
29 0.6981928996001899 0.10009413191738835 5.482740100007504
0.9930310888813718 39
30 0.6887670061340008 0.08898289236280958 0.47363149997545406
0.0002659269126108264 39
0.9998954801331061 156
31 0.6763618509377224 0.07887311579871766 5.409268399991561
0.9714452736947072 39
0.9999999729545771 156
32 0.6685701499057009 0.07178496211586466 5.4164343000156805
0.98949555376157 39
0.9999999484815831 156
33 0.6623424265250233 0.06562647673194634 5.429353000014089
0.9939692422039461 39
34 0.6544710236724502 0.05705900480021477 0.4988261999678798
0.0008920716376847936 39
0.999980877262431 156
35 0.6489168138857747 0.05181954896432357 5.282465099997353
0.9853365214242138 39
0.9999999262331053 156
36 0.6461262610660263 0.049422687258327866 5.526302799989935
37 3.4339564108066387
-------------------------------------------------END------------------------------------------------------
13
------------------------------------Randomized only---------------------------------------------------
516.5760899049047 545.5485168345419
0.9996471876501131 39
0 467.07364199147906 492.9455223634514 0.46296060003805906
0.9997644545845061 39
1 395.53768470729653 416.8040995583275 0.49314510001568124
0.9998191411744818 39
2 317.0602468665806 331.5455114113898 0.4973729000193998
0.9997955308747907 39
3 257.4688726956681 264.8866632678563 0.45744239998748526
0.9985863117623266 39
4 208.28652523552006 211.91804610545876 0.5031986000249162
0.9865525203920658 39
0.9990354158205492 156
5 163.18447832927578 164.57355649516276 2.0445512000005692
0.9841781345403846 39
0.9981126550098982 156
6 105.17517105367244 103.70647805720391 2.973214300000109
0.9930915819089792 39
7 64.17184003321918 61.36242141528229 0.6018944000243209
0.9681856999418136 39
0.9946473285055799 156
8 38.468535019438576 36.86732773647361 2.10661059996346
0.9228257305521012 39
0.9800119189929521 156
0.991293328623507 273
9 28.919965757072227 27.19312927275579 11.016916499997023
0.9927892999489661 39
10 23.947085253690464 22.43619197089231 0.5078996000229381
0.861073783083885 39
0.9644352135580221 156
0.9834187785627834 273
0.9931588263411373 390
11 18.507518567427358 17.074499959127067 8.7662224000087
0.9827108750757695 39
0.9979247664296838 156
12 13.446058749407651 12.37689637287901 4.769022900029086
0.9948398206022452 39
13 12.625017123364785 11.412646314809619 0.555699500022456
0.3067301440611423 39
0.7959657491121697 156
0.912123879396759 273
0.9539514162507079 390
0.9999999999999997 393
14 9.874353087939175 8.704010205645318 10.946300800016616
0.9975590880437701 39
15 8.111494667744918 6.9569982127067895 0.4950109000201337
0.876486474742332 39
0.9818709178566125 156
0.9927119784845667 273
16 7.1488039767248495 6.129667716752631 5.25555419997545
0.9825293082181676 39
0.9987346507872682 156
17 5.819999404213554 4.762551377772528 2.0569840999669395
0.9352912992349387 39
0.9745096010271869 156
0.9832221701459835 273
0.992218882938551 390
18 4.88579579198267 3.8622467950273087 8.732413100020494
0.9854160041249788 39
0.9952939430686767 156
19 4.593341546232946 3.63496464458869 2.0335117999929935
0.3876413324838852 39
0.6138849978639376 156
0.7657947713446693 273
0.86756524462922 390
0.9999999999999998 393
20 3.9828415931987817 3.06210151134006 8.908439000020735
0.9989888714112222 39
21 3.0151584169865577 2.269870139536245 0.48247089999495074
0.37872429200445695 39
0.8789449241644511 156
0.9536099513480735 273
0.9782772782818573 390
1.0000000000000002 393
22 2.3485602478894827 1.7715645491627974 8.291090700018685
0.9959217277594188 39
23 2.045265552708753 1.4163298769254211 0.5003801000420935
0.0504861103379946 39
0.8638292372072346 156
0.9552934100828749 273
0.9791133052843536 390
1.0000000000000004 393
24 1.678339842052372 1.0472390554530357 8.43420060002245
0.9987283026862203 39
25 1.4886721163066359 0.843990228165476 0.49896240001544356
0.037645639340588274 39
0.8725053264228132 156
0.9623050436356027 273
0.9825176812815838 390
0.9999999999999996 393
26 1.4644392600368241 0.8404880071258306 8.544141700025648
0.9990981889162445 39
27 1.1668346381494485 0.509624783251315 0.48694109998177737
0.38134835095051856 39
0.943271543970352 156
0.9856815727953377 273
0.9936942781440303 390
28 1.0632724850272317 0.44080197003147575 8.69002239999827
0.9979299405569746 39
29 1.0525964286472649 0.4262536463474446 0.47321530000772327
0.003839419236510943 39
0.6843309620504175 156
0.7710379769452146 273
0.7985869944497447 390
1.0 393
30 0.9971743097182665 0.397560467010012 10.220765099977143
0.9953304267617953 39
31 0.933022669578158 0.3294432354222696 0.5059700999991037
0.022801971537598983 39
0.9481625314617214 156
0.9781874383870952 273
0.983520901195011 390
0.9999999999999991 393
32 0.8906736337492177 0.28946707913468817 9.854392799956258
0.9962336347914322 39
33 0.8830921428309797 0.28057660326934697 0.4820009999675676
0.001479284320980734 39
0.9533352281736514 156
0.9817808887141206 273
0.9875191411281288 390
1.0000000000000002 393
34 0.8490230603288593 0.24782748733016866 15.645181600004435
0.9965887827477511 39
35 0.842816827211379 0.24199893767906624 0.47984960000030696
0.0007335891436136659 39
0.9585609307333205 156
0.9852967016581445 273
0.9910577749289124 390
36 0.8273354021181535 0.22866022527211435 19.252245599986054
0.9984632800086344 39
37 0.8260927110367553 0.2280878398759106 0.5357404000242241
38 4.4095246394786765
-------------------------------------------------END------------------------------------------------------
------------------------------------Krylov only---------------------------------------------------
516.5760899049047 545.5485168345419
1.0000000000000002 40
0 463.4506905200857 488.8625299544489 2.9072086999658495
1.0000000000000004 40
1 354.7899551409061 371.6699877402532 2.345723500009626
1.0 40
2 330.6293469715193 339.39093417510543 2.972431299975142
1.0 40
3 239.51441579887486 243.28711926065895 2.66594299999997
0.9999999999999996 40
4 190.63749300116314 194.43645182664108 2.903671400039457
1.000000000000001 40
5 142.73819099608696 145.0284143768561 2.7529579999973066
1.0000000000000004 40
6 62.33237661107485 62.215163491989294 2.6264033000334166
0.9999999999999992 40
7 31.101999240448645 30.353845532074438 2.721646599995438
1.0 40
8 9.294666049002966 8.079244875725347 2.619387699989602
1.0000000000000002 40
9 5.1979212921713565 4.407759042117895 2.4007946000201628
1.0000000000000007 40
10 3.3530617254248187 2.673231205264186 1.9605441000312567
0.9999999999999994 40
11 2.453593696608406 1.805804348302443 2.3873065000516362
1.0 40
12 1.9066055955944707 1.2315093264926449 2.7063418999896385
1.0000000000000004 40
13 1.6858910166755952 0.9799981440803105 2.2323889000108466
0.9999999999999991 40
14 1.3933479661896186 0.7355867279813915 2.6409304999979213
1.0000000000000002 40
15 1.3005973374740374 0.6401945607783991 2.0398729000007734
1.000000000000001 40
16 1.1122271258126502 0.49196290141974525 2.05195160000585
1.000000000000001 40
17 1.08451378464012 0.45602717604463 1.8983859000145458
1.0000000000000013 40
18 0.9149875829346734 0.326552558058368 2.061318299965933
0.9999999999999994 40
19 0.8658248852636751 0.2562739172872939 1.9731932999566197
0.9999999999999998 40
20 0.8403896613976709 0.2491896817330911 2.598366799997166
1.0000000000000018 40
21 0.8089963229372563 0.2041219689701351 2.7100131000042893
1.0000000000000002 40
22 0.7967570559766675 0.20157390121331062 2.799994200002402
0.9999999999999994 40
23 0.780366307776494 0.17678406188416232 2.523973500006832
1.0000000000000004 40
24 0.7707254244913812 0.17429060937328114 3.1270010000444017
1.0000000000000002 40
25 0.7601179377029808 0.15736704688781222 2.805205700045917
1.000000000000001 40
26 0.7520614757225359 0.15570625697040133 3.069738500053063
1.0000000000000013 40
27 0.7439497199857595 0.1418255446808966 3.1555160999996588
1.000000000000002 40
28 0.7374728219726415 0.14100387669138453 3.033414800011087
0.9999999999999998 40
29 0.7311976455980075 0.13021446588516147 3.1809880999499
0.9999999999999998 40
30 0.7257210811752498 0.12854653795824766 3.3786255000159144
1.0000000000000002 40
31 0.7206088562616558 0.12006141258668018 2.190933200006839
0.9999999999999982 40
32 0.7160986026123939 0.11812340017899227 2.2789618000388145
33 2.5976101303099175
-------------------------------------------------END------------------------------------------------------
------------------------------------Hybrid---------------------------------------------------
516.5760899049047 545.5485168345419
0.9996471876501131 39
0 467.07364199147906 492.9455223634514 0.5892751999781467
0.9997644545845061 39
1 395.53768470729653 416.8040995583275 0.7124960999935865
0.9998191411744818 39
2 317.0602468665806 331.5455114113898 0.5116259999922477
0.9997955308747907 39
3 257.4688726956681 264.8866632678563 0.4914433000376448
0.9985863117623266 39
4 208.28652523552006 211.91804610545876 0.4745419999817386
0.9865525203920658 39
0.9999986820907985 156
5 207.23050874746033 211.57252553044376 5.832606600015424
0.9784268461694572 39
0.9999964186278366 156
6 191.67051523104203 197.06517839390355 5.497277899994515
0.9615782396875505 39
0.9999933966903138 156
7 157.1180162554568 162.21334984983469 5.722419700003229
0.9815896493322719 39
0.9999965268023283 156
8 140.74854345955987 144.03538665682103 5.417341499996837
0.9923318950404656 39
9 105.97615673431137 110.90986104405695 0.47608210000908
0.9528279616693663 39
0.9999854787815693 156
10 90.45384384260801 94.34404224566683 6.846785000001546
0.9834450202124132 39
0.9999982970981265 156
11 84.77471452948907 87.64678390646527 6.14224410004681
0.9940687131275826 39
12 35.733591967714545 36.6661066694574 0.5206416000146419
0.9788669287931824 39
0.9999981995226357 156
13 32.67731200923885 33.57556602340328 5.439059399999678
0.9976291593745243 39
14 12.65680955150607 12.100691556972302 0.4870690000243485
0.9262962741286439 39
0.9999998455707756 156
15 10.885363988293259 10.212491820985955 5.620488899992779
0.9736717889431523 39
0.999999908365162 156
16 10.849288442180839 10.19540044305256 5.653069399995729
0.9953558788250327 39
17 5.44207337878091 4.435736266167514 0.46707700000843033
0.7885732597755711 39
0.9999999518566122 156
18 4.175520253749464 3.2905322411480893 5.444410299998708
0.9922910422719038 39
19 3.6036238535599243 2.647506843723013 0.49655750003876165
0.48936815116708066 39
0.9999999495081779 156
20 2.917253125671539 2.0725317433509116 5.38470990001224
0.9970889754701633 39
21 2.462805585685146 1.6032739095033304 0.4528681000228971
0.22018586763848982 39
0.9999999045089645 156
22 1.9401806169282156 1.1554187662529616 5.502553099999204
0.9948969886713512 39
23 1.762574233802651 0.9616573155027175 0.5117290999623947
0.02439360858001453 39
0.9999968771802571 156
24 1.7492064916929215 1.0971701539847325 5.340647100005299
0.9988025535620955 39
25 1.1196642157024959 0.43988988513230004 0.496989700011909
0.4895589502721913 39
0.9999999668096065 156
26 1.0216853808737418 0.3864630570972788 5.77550730004441
0.9970283852052125 39
27 0.9647146338317812 0.3124921381076989 0.47274759999709204
0.006440974158918051 39
0.9999979402981618 156
28 0.8780977197034352 0.24662447991474196 5.218754900037311
0.9876575333033741 39
0.9999999902767481 156
29 0.8459490637305854 0.22270103858704873 5.415734100039117
0.9958456772224968 39
30 0.7658138740536284 0.15383355435638005 0.47818229999393225
0.013621638780072214 39
0.9999988358898458 156
31 0.7382994642492987 0.13306794200977715 5.5572703999932855
0.9877984019618488 39
0.9999999894699787 156
32 0.7175523789316565 0.11507984897440401 5.393602599971928
0.9915148625225797 39
33 0.7013486552251332 0.09692424854028775 0.49898739997297525
0.0006889915187685536 39
0.9999756158144864 156
34 0.6834144333346118 0.08037396881122037 5.353324399970006
0.9716054328226738 39
0.9999999897401687 156
35 0.6752335986564492 0.07262248945419646 6.30626929999562
0.9979115536925531 39
36 0.6590105072893543 0.05779603048242543 0.518308500002604
0.003278213408227436 39
0.9999968872541593 156
37 0.6504909593931482 0.05037288294681386 6.743614099978004
0.9971036937741206 39
38 0.6448637726892099 0.04566513414526787 0.4520127000287175
0.002505816857323903 39
0.9999965396149991 156
39 0.6400401776870923 0.04151391463619867 5.380268100008834
40 3.3524148325042917
-------------------------------------------------END------------------------------------------------------
14
------------------------------------Randomized only---------------------------------------------------
560.3917552524986 598.1889905725217
0.9996963538387477 39
0 503.4471985396524 536.3387504691451 0.47741770002176054
0.9997434294896136 39
1 420.82350025377684 446.04026666899125 0.5260434999945574
0.9997776562018658 39
2 329.5450782866333 345.39771893145587 0.5069389999844134
0.9998167919539589 39
3 264.6286935907588 272.31334893526684 0.471579400007613
0.9993392178178536 39
4 220.75393890429334 225.12150915920614 0.48467190001974814
0.9066126764456504 39
0.996963850539351 156
5 138.22573947104897 132.41291972610995 2.3134339999814983
0.913942351157452 39
0.9929172369105407 156
6 85.93191335561748 83.09038077116085 1.9612210000050254
0.9062113871923998 39
0.9903205356532917 156
7 55.88101596139226 52.661165653135555 2.002530600002501
0.8942209616051875 39
0.9863228990971677 156
0.9954715242732743 273
8 36.39260077586441 32.774164642993505 5.0574424999940675
0.9243713962350909 39
0.9886768237151716 156
0.9951099845178657 273
9 23.38527686329164 20.990570987847136 5.044667399983155
0.9320131756228889 39
0.9880737832672581 156
0.9926244912013541 273
10 16.59329069536815 14.1446581361821 7.64094759998261
0.9234138277930537 39
0.9778985857709737 156
0.9837793655184367 273
0.991306276027964 390
11 11.221052719863854 9.54639577403555 9.055225499992957
0.9287608485044835 39
0.9840327023791852 156
0.9893872096083469 273
0.9925982652750163 390
12 8.37082395186151 6.680391361676731 10.73788559998502
0.7852806995484332 39
0.9366258591542563 156
0.9575503118708217 273
0.9662656362343286 390
1.0000000000000004 393
13 5.119339242414206 4.076851388107451 8.47298389999196
0.9539149288721784 39
0.9949951073089572 156
14 4.286786596673047 3.290056328906958 2.036663500010036
0.46253067118585683 39
0.7390791452254853 156
0.8490718003831731 273
0.8921326234085644 390
1.0000000000000002 393
15 3.4505321154376807 2.7496592562594695 9.15099910000572
0.9983736309176665 39
16 2.6659309537804394 2.0055750836513377 0.7292980999918655
0.2818539340600579 39
0.9176532578956312 156
0.9604201918894126 273
0.9760235886089206 390
0.9999999999999996 393
17 2.1438795624342535 1.500228087279307 8.604747200006386
0.9817709966416348 39
0.9990323390056797 156
18 1.673881483794194 0.9975560042597242 2.1160167999914847
0.6709489970337346 39
0.7260542001796971 156
0.859400408017922 273
0.9163569310211331 390
0.9999999999999996 393
19 1.4031514642463545 0.8102113340180273 8.949046599998837
0.9581921851309844 39
0.9963020417185537 156
20 1.2523250357644018 0.6138235676799612 2.72641420000582
0.6869538554313542 39
0.7181712489041568 156
0.85297177609799 273
0.9082799023562314 390
0.9999999999999997 393
21 1.1490464780193919 0.5424178038507764 12.796949699986726
0.9956829991139586 39
22 1.066528307071389 0.45025466426205923 0.49295189999975264
0.037996411236332774 39
0.907539582795931 156
0.964304559735058 273
0.9772842355026371 390
1.0000000000000002 393
23 0.9441683924044161 0.33290674207424287 18.28049629999441
0.9930773059053339 39
24 0.8894250040274068 0.2712225108925649 0.49557280002045445
0.07676101392054048 39
0.8934488210489981 156
0.9448784870725623 273
0.9631445894694945 390
0.9999999999999997 393
25 0.8316206619965657 0.21968714826103308 17.71414160000859
0.9928150844469305 39
26 0.7980259790626691 0.18158927183239684 0.5421823000069708
0.028535350604459397 39
0.929223676569199 156
0.962363169187344 273
0.9774289071005504 390
1.0000000000000002 393
27 0.7519870929986187 0.14338210704704238 21.554556899995077
0.9794130427024588 39
0.9990757232387851 156
28 0.7354880869869301 0.12304364421341288 2.3001282999757677
0.20478734432075735 39
0.20833900441538686 156
0.48856014266219355 273
0.6401388789916248 390
1.0000000000000002 393
29 0.7104924748649147 0.10386650390240043 18.155726299999515
0.9855887018783348 39
0.999588777703843 156
30 0.7016497191430382 0.0941753478331001 2.03081649998785
0.08100030997104811 39
0.08323887762794509 156
0.35735937958207736 273
0.5081990575785945 390
1.0 393
31 0.6861252680621339 0.08484619685763724 8.808720999979414
0.9928093797652954 39
32 0.6837096594826743 0.08204750041331875 0.48757389999809675
33 5.840181593936657
-------------------------------------------------END------------------------------------------------------
------------------------------------Krylov only---------------------------------------------------
560.3917552524986 598.1889905725217
1.0000000000000007 40
0 500.9990449071346 532.9213534973674 1.8509259999846108
1.0 40
1 391.03158343427134 412.22954756220633 1.8519354999880306
1.0 40
2 268.1177394104565 270.39773637378926 1.8245673999772407
1.0 40
3 100.76995787252731 99.90852963196652 1.8140373000060208
1.0000000000000002 40
4 58.43383562581351 57.46914036916631 1.990586899977643
1.0000000000000004 40
5 35.55675658489112 34.510587560515916 1.9366493999841623
1.0000000000000009 40
6 23.58336998326302 22.13471344438844 1.8095490999985486
1.0 40
7 4.379433942598693 3.4946633792558504 1.810916599992197
0.9999999999999998 40
8 3.6700912806938426 2.7819388063152326 1.9965374000021257
1.0000000000000004 40
9 3.2080395203131027 2.844799324141623 1.8978936999919824
0.9999999999999992 40
10 1.7785960793450468 1.1111833858867235 1.8439322000194807
0.9999999999999996 40
11 1.3995349791845129 0.8326270192542921 1.8397478999977466
1.0000000000000007 40
12 1.1626558911232239 0.6027374898862176 1.8478719999839086
1.0000000000000002 40
13 0.9991580381360476 0.4280208710113357 1.8247173999843653
0.9999999999999999 40
14 0.9263874827328488 0.3405648391307518 1.8540822999784723
0.9999999999999989 40
15 0.85579098657456 0.2652034196447279 1.8249833000008948
1.0000000000000016 40
16 0.7911287145523261 0.19584297627389338 1.832816099980846
1.0000000000000002 40
17 0.7484968404634854 0.15413797810029292 1.802736499987077
0.9999999999999991 40
18 0.7276544727633146 0.1317284374454416 1.8250429000181612
1.0 40
19 0.7057338737117378 0.10944611411759933 1.8868545000150334
1.0000000000000007 40
20 0.6932850428570085 0.09841196060488182 1.8490486999799032
1.0000000000000002 40
21 0.6845122183867662 0.09028071936195957 1.8558442000066862
0.9999999999999997 40
22 0.6760004833528321 0.08283712291848126 1.839080700010527
0.9999999999999994 40
23 0.6708290441235008 0.07797241918521028 1.8624672000005376
0.9999999999999999 40
24 0.6652044099347122 0.07309910079621776 1.8541819999809377
0.9999999999999999 40
25 0.6612639331148616 0.06943798718824673 1.8702208999893628
1.0000000000000002 40
26 0.6571683044760924 0.06592517092590282 1.8437731000012718
1.0000000000000002 40
27 0.6539655188912812 0.06288555280444806 1.8396049999864772
0.9999999999999993 40
28 0.6507972529879227 0.05980394807891988 1.89384710000013
0.9999999999999988 40
29 0.6482622643527095 0.05782622133736725 1.8442278000002261
1.0000000000000004 40
30 0.6458026096382771 0.0550226197927762 1.8307000000204425
31 1.8564316483820984
-------------------------------------------------END------------------------------------------------------
------------------------------------Hybrid---------------------------------------------------
560.3917552524986 598.1889905725217
0.9996963538387477 39
0 503.4471985396524 536.3387504691451 0.49697890001698397
0.9997434294896136 39
1 420.82350025377684 446.04026666899125 0.4663654000032693
0.9997776562018658 39
2 329.5450782866333 345.39771893145587 0.4826429999957327
0.9998167919539589 39
3 264.6286935907588 272.31334893526684 0.4690104000037536
0.9993392178178536 39
4 220.75393890429334 225.12150915920614 0.46848169999429956
0.9066126764456504 39
0.99999693100035 156
5 218.0492033399948 221.45207559040625 5.3899350999854505
0.9394058957898215 39
0.9999805330336538 156
6 218.0492033399948 221.45207559040625 5.49258409999311
0.9394058957898215 39
0.9999805330336538 156
7 214.9706364513549 218.52002226104844 5.565518699993845
0.9755449178917476 39
0.9999765936448411 156
8 207.22288103180682 210.08537176584483 5.674541600019438
0.9889079142471002 39
0.999998238280738 156
9 189.597053002518 191.38118807208124 5.783445900015067
0.9927985585587021 39
10 134.7228274475521 135.66671181401475 0.4565193000016734
0.9791901091681943 39
0.9999960883992466 156
11 106.55177438598928 108.3313915479294 5.509449400007725
0.9920518739778867 39
12 49.10368243732824 48.90833767638185 0.5125163000193425
0.9897999509549902 39
0.9999995433038605 156
13 36.75313665150696 37.111245422382694 5.431741200009128
0.9708201169105355 39
0.9999961001584383 156
14 27.823064907362813 27.49777507458984 5.501273299974855
0.9943616102712965 39
15 15.732411307486018 15.394806719352163 0.4945770999765955
0.9556075816028078 39
0.9999998632063825 156
16 12.690486809939033 12.494728407221679 5.362894499994582
0.9876048244755711 39
0.9999999647336419 156
17 10.131894814307126 9.736398494754502 5.41578749998007
0.9947750541720263 39
18 5.579761537443801 4.897913699903034 0.4648184000106994
0.9464990568877224 39
0.999999973724317 156
19 3.997400154871632 3.2973727989149078 5.4523863999929745
0.9596490431190499 39
0.9999999610746565 156
20 3.5224707646279034 2.934827502694242 5.492718399997102
0.9988378576242654 39
21 1.715648603360213 1.1103475260591718 0.47086609998950735
0.7553160187548706 39
0.9999999874474631 156
22 1.3510915455719075 0.7759119791744796 5.476900500012562
0.9898047131710864 39
0.999999991307728 156
23 1.177172737100636 0.6099331290774693 5.366207000013674
0.9982225061135912 39
24 1.0393037940806207 0.45664605393221963 0.5002043999847956
0.072225454260459 39
0.9999998936737999 156
25 0.9293222006222189 0.3525389036386687 5.460653299989644
0.9970714581974567 39
26 0.8944866787339186 0.3110969081924135 0.5169340000138618
0.0003374523984288322 39
0.9998157942799375 156
27 0.8800555636492343 0.2964898521252119 5.334832599997753
0.9993693212905044 39
28 0.7486875386880724 0.1579689180745517 0.4497181999904569
0.019371467113701663 39
0.9999921440211523 156
29 0.7154959476284423 0.1224840468776624 5.507325099984882
0.9864720902190969 39
0.9999999935593595 156
30 0.6966303914604699 0.10159181061948638 5.484505600004923
0.9932172903833251 39
31 0.6869584654832191 0.09148962293833883 0.4878980999928899
0.0004455892067659137 39
0.9999778962043884 156
32 0.6736535111196585 0.07823681856416376 5.372815300012007
0.9777193775137616 39
0.9999999842233526 156
33 0.6701968512876239 0.07555612846399588 5.463224899984198
34 3.419890344116378
-------------------------------------------------END------------------------------------------------------
15
------------------------------------Randomized only---------------------------------------------------
610.2886686693366 646.7657301786228
0.999603399734353 39
0 544.6585122012826 577.1406344464282 0.4606601999839768
0.9996940977795102 39
1 449.38800915389004 475.6427940498373 0.4614376999961678
0.9998001604195158 39
2 344.30259770122115 361.97341919337015 0.49958950001746416
0.9998853089877842 39
3 269.3942329575636 277.8212040988526 0.4569631000049412
0.999309134692739 39
4 197.78117514861236 198.59687007381086 0.48936060001142323
0.9623036141322128 39
0.9979128435420838 156
5 110.27854588479535 110.70946071557889 1.9807361999992281
0.971714152781262 39
0.9984563038287843 156
6 71.0222721513384 71.84783233756316 1.9748878999962471
0.9727867275379788 39
0.997472713241199 156
7 47.82049852465902 48.23674608150967 2.078882700006943
0.9668744064985945 39
0.9961573634431389 156
8 32.572105852805535 30.883390386818938 2.045086700003594
0.9554832379096386 39
0.993363430898733 156
9 22.929439825695976 21.597212428644006 1.964092200010782
0.9369970666262882 39
0.9817010399094126 156
0.9919913243133025 273
10 16.083823888910665 15.066789428312306 5.215970599994762
0.8840580428008294 39
0.970790999960575 156
0.9823282879210752 273
0.9910489950559805 390
11 11.894417556211433 10.523810487362324 8.070565000001807
0.9742637980522326 39
0.9962119127931252 156
12 9.110332301280092 7.575968496194437 2.140619500016328
0.7923799375295342 39
0.9259534640945656 156
0.9565667263728658 273
0.9748993099452494 390
0.9999999999999996 393
13 6.152518451781496 4.909116501096505 9.031680799991591
0.96265772312451 39
0.9898711379632517 156
0.9948716988868009 273
14 4.630154424304032 3.6138112751561113 5.065114700002596
0.9488643414080886 39
0.9827394066127823 156
0.9871739363760818 273
0.9933454084608888 390
15 3.7327275063061722 2.86658506902518 12.698921800008975
0.9897301771325879 39
0.9975390861303649 156
16 3.383350066918635 2.5853561183392633 2.286545000009937
0.5743694826877529 39
0.6271006712910296 156
0.7639122804529028 273
0.8306823590891667 390
1.0 393
17 3.030271669862429 2.287401070699406 10.590674899984151
0.9981131846580252 39
18 2.2181720525252437 1.544774940988403 0.4786391999805346
0.13252409375210136 39
0.9439810498915013 156
0.9758322495531905 273
0.985983303452152 390
0.9999999999999998 393
19 1.6621487532533392 0.9928200477577962 8.847228400001768
0.9881603444953815 39
0.999132023633417 156
20 1.5219878834898242 0.8378790549460244 2.1345942999760155
0.6984810744013037 39
0.7143885900119545 156
0.8512120704212381 273
0.916818171153927 390
0.9999999999999998 393
21 1.3243078451445802 0.6738815495479719 8.518924600008177
0.9977385868388812 39
22 1.2170709552481163 0.5440382320092552 0.5027993000112474
0.016096286023373454 39
0.791991710233711 156
0.9026378133528576 273
0.9483943768524701 390
1.0 393
23 1.1209219632464298 0.49340825912613356 8.968361100007314
0.9922476981363019 39
24 0.9834079004554971 0.33832410719968287 0.49058909999439493
0.03796140786622779 39
0.9377565018113287 156
0.9782724527602791 273
0.9887949354949498 390
0.9999999999999999 393
25 0.8973936400906259 0.25484885804310353 9.104461099981563
0.9947410257152476 39
26 0.839684411908175 0.20197356342115785 0.4878538000048138
0.012990523257850111 39
0.9576515790406478 156
0.9884955676702405 273
0.9947989028856545 390
27 0.7904783020502691 0.16954450736779472 8.461285999976099
0.9903441150519203 39
28 0.7789720994093683 0.15654615926898335 0.4937033000169322
0.0064342493632955425 39
0.8721185417915704 156
0.9072348814168606 273
0.9243851434991299 390
0.9999999999999998 393
29 0.7473643433351034 0.1379879740973679 9.02793500002008
0.9976460498214067 39
30 0.7248649524731677 0.11306065683532239 0.47704489997704513
0.018141495756204898 39
0.9113910056826606 156
0.9606165638263467 273
0.9712485562137367 390
0.9999999999999997 393
31 0.7192626775298979 0.11384888322992669 8.934969399997499
0.9918117875855111 39
32 0.6899810141195938 0.08098065701235296 0.4749555000162218
0.04135832934669823 39
0.9651540483319075 156
0.9917934084311455 273
33 0.6813240138846056 0.0738596651181878 5.011598299985053
0.988071447089658 39
0.9916667370012976 156
34 0.6812489039110436 0.07384517066195531 1.8885080000036396
35 4.051864011428552
-------------------------------------------------END------------------------------------------------------
------------------------------------Krylov only---------------------------------------------------
610.2886686693366 646.7657301786228
1.0000000000000002 40
0 538.0712536052763 569.6286807658109 1.8561858000175562
1.0000000000000002 40
1 396.6196751743577 416.1815087856414 1.8512359000160359
0.9999999999999996 40
2 297.834335549308 306.83611782863886 1.7965026999881957
1.0 40
3 124.59633259057296 122.84689443222238 1.8521633000054862
0.9999999999999983 40
4 53.75441506520783 54.01885603975851 1.994267600006424
1.0000000000000004 40
5 28.19923531644911 27.752650450710025 1.9697713000059593
1.0000000000000002 40
6 7.329558307156974 6.213396731067811 1.894158500013873
0.9999999999999997 40
7 4.262008430866523 3.4861992975853835 1.8436851000005845
1.0000000000000013 40
8 2.5492180929444954 1.6859698309519022 3.4413119000091683
1.0000000000000013 40
9 1.883743972184397 1.299232901513722 1.8382233000011183
1.0000000000000002 40
10 1.7829319260629644 1.2066924967491135 1.8138624999846797
1.0000000000000002 40
11 1.3073125821303122 0.7337407958016268 1.8324666999978945
1.0000000000000013 40
12 1.2015165970193855 0.62034452492425 1.8481855999852996
1.0 40
13 0.9823275681783874 0.41981513403715276 1.9035883999895304
1.0000000000000004 40
14 0.9457501306219663 0.3761312856502975 1.8296286999830045
1.0000000000000004 40
15 0.8724476293219257 0.31048964327619083 1.9341022000007797
0.9999999999999992 40
16 0.8396505431244492 0.2685227603574688 1.8398955999873579
1.0000000000000007 40
17 0.8022742586041393 0.22806004621505668 1.8758312999852933
0.9999999999999996 40
18 0.7885190294664706 0.21389229462963805 1.8393244000035338
1.0000000000000013 40
19 0.7624999667011181 0.18174728465104606 1.899969299993245
1.0000000000000004 40
20 0.7495962635988266 0.17123367390423005 1.8861242999846581
1.0000000000000029 40
21 0.7281376113778424 0.1423036712538841 1.8455998999997973
0.9999999999999997 40
22 0.7196425574194045 0.13638976742781153 1.8695662999816705
1.0000000000000013 40
23 0.7030582730808592 0.11420858302624953 1.846478899999056
1.0000000000000004 40
24 0.6971824080552116 0.10974127065326558 1.7808405000250787
1.0000000000000002 40
25 0.6857099754697105 0.09464721368697536 1.816185499978019
1.0000000000000009 40
26 0.6813596290190148 0.09092890743293944 1.8194368999975268
1.0000000000000002 40
27 0.6733706211361816 0.08092505173210524 1.8527024999784771
1.0000000000000007 40
28 0.669926194646841 0.07729220120198811 1.826214600005187
0.9999999999999998 40
29 0.6642367427066258 0.0710190986688204 1.8807291999983136
1.0000000000000002 40
30 0.6612330240633348 0.06732998494073379 1.8244877999823075
31 1.909765370964681
-------------------------------------------------END------------------------------------------------------
------------------------------------Hybrid---------------------------------------------------
610.2886686693366 646.7657301786228
0.999603399734353 39
0 544.6585122012826 577.1406344464282 0.5199133999994956
0.9996940977795102 39
1 449.38800915389004 475.6427940498373 0.47845199998118915
0.9998001604195158 39
2 344.30259770122115 361.97341919337015 0.4973806999914814
0.9998853089877842 39
3 269.3942329575636 277.8212040988526 0.47573480001301505
0.999309134692739 39
4 197.78117514861236 198.59687007381086 0.4582354000012856
0.9623036141322128 39
0.9999909123875032 156
5 179.69356692261863 184.62990934255185 5.427989999996498
0.9903357538318438 39
6 124.7571912671016 126.63637442342912 0.49058399998466484
0.8957013760022681 39
0.9999406990217096 156
7 107.60390893721384 107.77340399970878 5.634068699990166
0.9525148290545509 39
0.9999964565448167 156
8 91.6138023282329 90.90138943724276 5.544814699998824
0.9638787079435852 39
0.9999942565525279 156
9 66.50042110276596 63.84119863103563 7.026165799994487
0.9868379486200467 39
0.9999976002304399 156
10 45.33762273532483 43.379162467746056 6.9088988000003155
0.9936729884102999 39
11 20.537559133837856 19.86300849517053 0.49774900000193156
0.9927850276639318 39
12 13.81812068632641 12.563236939179877 0.5052627999975812
0.9277686364981242 39
0.9999993236160295 156
13 10.116107252974778 8.953099561553486 5.377628700021887
0.9554634941987664 39
0.9999996242315706 156
14 7.921292223404302 6.836375439277346 5.429588600003626
0.9796467977706469 39
0.9999995723790073 156
15 5.942514863038636 4.951545580602629 5.306352699990384
0.9893106118093107 39
0.9999997985882736 156
16 4.493648907983565 3.5965748087732865 5.243924700014759
0.99400322973669 39
17 2.2468004940788586 1.4700206842972892 0.47783679998246953
0.6647710173715313 39
0.9999999029059963 156
18 1.841888409695783 1.1077782852534406 5.360699599987129
0.9898319229169262 39
0.9999999490760512 156
19 1.661695638360925 0.9656160842840298 5.3489990000089165
0.995919023401232 39
20 1.2986845337474209 0.6374453020708838 0.5039756000041962
0.024291963337318322 39
0.99999803192968 156
21 1.1027072716015234 0.461192805823423 5.463251000008313
0.9821283884305217 39
0.9999999341906795 156
22 1.0310002696388036 0.4102138712857925 5.677087499992922
0.9958405273539173 39
23 0.8520042506432474 0.2507015380493815 0.7601611000136472
0.10747367517544176 39
0.9999998760346094 156
24 0.7926016403494425 0.19572863769641832 7.875815200008219
0.9939060560849818 39
25 0.7822187860819709 0.18472575779074862 1.0793747999996413
0.00015740313055238522 39
0.9997831802964741 156
26 0.7452777486910271 0.1490844981545096 9.075249399989843
0.9955380417762951 39
27 0.7364712721675241 0.13998777037987464 0.48190809998777695
0.00015928399903513614 39
0.9998371653678649 156
28 0.7135904652503359 0.1168296758860556 5.768078299995977
0.9965963406534212 39
29 0.7050962145206895 0.10813227537236562 0.6433023000136018
0.0002397746676491551 39
0.9998977255536208 156
30 0.6910170563448012 0.09298132222042109 9.770617000001948
0.9964972811230949 39
31 0.6828258573598707 0.08461347480729278 0.6203408000001218
0.00031424802913448686 39
0.999879811592845 156
32 0.6764830091899529 0.07692425075852755 9.485395200026687
0.9970112602058467 39
33 0.666962534383766 0.06778434424100122 1.0030255999881774
0.0008376867890883942 39
0.9999105462236416 156
34 0.6667587391088655 0.06620482297573539 5.570232199999737
35 3.736802694285455
-------------------------------------------------END------------------------------------------------------
16
------------------------------------Randomized only---------------------------------------------------
649.0594725793893 680.3348438241243
0.9997851108899671 39
0 576.3264251428354 604.7231017676675 0.4843897999962792
0.9998257184736163 39
1 470.8184710848869 494.7092436430985 0.5053501999936998
0.9998714594162227 39
2 354.7701904895336 373.059364922137 0.49656580001465045
0.9999137129453833 39
3 273.31733241250237 283.3400279922192 0.5010393999982625
0.9995375032701798 39
4 207.1535978064 210.6619008000766 0.5008330999989994
0.9435145929316867 39
0.9970802562674582 156
5 131.35051470577932 132.4092211282323 1.8977998000045773
0.8970247381750245 39
0.9894598707530651 156
0.9969067300064859 273
6 75.12389967612143 77.73664038705724 4.805812500009779
0.9278495089912184 39
0.9908670841581038 156
7 52.3339662303186 51.53117756971184 1.8524481999920681
0.9374629743759815 39
0.9901117836150122 156
8 37.414018183701884 34.71504869715497 1.9710244000016246
0.9274732846032028 39
0.9869050492503428 156
0.9938874628920529 273
9 25.2555327499267 21.756365450695018 5.0986392999766394
0.8813273962740886 39
0.9805015604296181 156
0.9887234875097092 273
0.9938374752938981 390
10 16.598447351936198 14.455633782097134 8.759341700002551
0.8732944230190066 39
0.9750786316095759 156
0.985135699149216 273
0.9908183120026489 390
11 11.700992152517056 10.146072418274787 8.785788500012131
0.906743275084714 39
0.9776937231014028 156
0.9862928904141167 273
0.990267753862711 390
12 8.857634208159745 7.792110690722554 13.081358800001908
0.7104715772908092 39
0.9054919381742439 156
0.9324107468983127 273
0.949779174921732 390
1.0 393
13 5.712512284253665 4.893770188492924 9.568514699989464
0.9174780194303308 39
0.9911888754461146 156
14 4.441798945198065 3.4080224523610427 2.0899976000073366
0.6089248909836847 39
0.7124647684145897 156
0.8548524510731381 273
0.9180939549627549 390
0.9999999999999996 393
15 3.9993314027989713 3.3366936547349497 8.77633560000686
0.9976090881221356 39
16 2.8367396021211375 2.1889531249100047 0.5000427000049967
0.7908402454348515 39
0.9661974787490911 156
0.9827937516671648 273
0.98912600292952 390
0.9999999999999992 393
17 2.0431653482450782 1.3023196112355777 12.051625199994305
0.9946648254296816 39
18 1.9085131026235898 1.2063883400244104 0.7131426999985706
0.040870365172129726 39
0.7969725777339197 156
0.907056194014474 273
0.9409073833499209 390
1.0000000000000002 393
19 1.7008014993569458 1.0294403071385854 9.200696899992181
0.998460300527956 39
20 1.4542718725804653 0.8309763431691861 0.6173656999890227
0.11126208369442114 39
0.8767261003037653 156
0.9346455942472 273
0.9558980484814331 390
1.0 393
21 1.2676666377291887 0.6389165284441573 9.849324400012847
0.9850868878343788 39
0.9988219646754588 156
22 1.193752867199828 0.5947387461027843 5.077348799997708
0.6900077947676846 39
0.7032365265173209 156
0.8270033315430873 273
0.8784028488292436 390
0.9999999999999998 393
23 1.0973750981767971 0.5041965222312587 9.363719899993157
0.9907787775294095 39
24 1.0595265318724236 0.4740584540134986 0.8277120999991894
0.02374823553374013 39
0.8831321261860068 156
0.9456807288328106 273
0.9613587163238165 390
1.0 393
25 0.9779199173340024 0.38363879094909825 10.817833100009011
0.9796343400444208 39
0.9989816090544696 156
26 0.9447336450309632 0.3608474437876884 4.113796999998158
0.19664308302124628 39
0.2028306321449927 156
0.47313325256245664 273
0.6047135993643127 390
0.9999999999999994 393
27 0.9201783128282417 0.3152246934745758 8.829868300003
0.9972933693276613 39
28 0.8757534299358757 0.2810539013796175 0.6966985999897588
0.02536898892106874 39
0.925939201183879 156
0.9614764794696979 273
0.97313199369458 390
0.9999999999999998 393
29 0.8543793695760272 0.2667064086598834 8.66884690002189
0.9928703293133592 39
30 0.8164748939641212 0.2289392412714962 0.834925100003602
0.040340628128949736 39
0.9402677780739849 156
0.9727660036548904 273
0.9797575031921669 390
0.9999999999999998 393
31 0.7944711254292326 0.19808234157153645 9.333451400016202
0.9671553646595391 39
0.999159174245658 156
32 0.7659497338195724 0.17441315287929593 4.952623499993933
0.7646771133928844 39
0.7712114050777591 156
0.8779892111999775 273
0.9195531973391041 390
0.9999999999999998 393
33 0.7512474435982819 0.16332748712808345 8.856188100005966
0.9897028626388105 39
0.9996788472447715 156
34 0.7310830623774662 0.1390597801588142 2.0511801000102423
0.4847802106855686 39
0.4894034433129159 156
0.6981747128910563 273
0.776475699249976 390
1.0000000000000002 393
35 0.7213798475335088 0.12224611931671635 8.889159999991534
0.9974965808577524 39
36 0.7077673140133407 0.11356858989815725 0.4845002999936696
0.02254210624846211 39
0.9429345873863676 156
0.9773584614376347 273
0.9825829843614371 390
0.9999999999999998 393
37 0.6894126498245827 0.09618599862630592 8.800649199984036
0.972694731454361 39
0.9989724682164834 156
38 0.6861971198589388 0.0913301740914972 2.173265400022501
39 5.048184738462367
-------------------------------------------------END------------------------------------------------------
------------------------------------Krylov only---------------------------------------------------
649.0594725793893 680.3348438241243
1.0 40
0 573.0766879394666 601.8371328979715 1.8301938000076916
1.0000000000000002 40
1 365.37232119784903 382.74310949854276 1.7861209000111558
1.0000000000000002 40
2 330.5525181326511 345.84820763664277 2.043851199996425
0.9999999999999996 40
3 329.9408291484135 347.4408963232752 1.7905771000077948
0.9999999999999997 40
4 168.48050765064235 174.60513953636425 1.8689220999949612
0.9999999999999996 40
5 75.77885549474189 76.33638248242484 1.9221658000024036
0.9999999999999986 40
6 49.28247737058022 48.7324130181435 1.882072699983837
1.0 40
7 46.0297986948782 45.528880252045106 1.8675187999906484
1.0000000000000007 40
8 9.834807096078773 9.200509130393181 1.8967961000162177
1.0000000000000013 40
9 6.609724779434868 6.387671900717279 1.83904680001433
1.0000000000000002 40
10 3.6413380652134175 3.241260517867251 1.8524328999919817
1.0000000000000002 40
11 2.6876055920545237 2.2256231372312985 2.0314870000001974
1.0000000000000007 40
12 2.204298355939291 1.6906232507172416 2.8560616000031587
1.0000000000000004 40
13 1.9526341239338711 1.375601017227906 1.972869699995499
0.9999999999999999 40
14 1.662306347830889 1.0664108212455352 1.7942572000029031
0.9999999999999998 40
15 1.2465722043933543 0.6683739464974804 3.176303599990206
0.999999999999999 40
16 1.1010547803662423 0.5175662435435135 3.1052473999734502
1.0000000000000009 40
17 1.0392465772339234 0.4981535673643566 2.336895699991146
1.0000000000000009 40
18 0.9748576832568179 0.4399188692348148 2.0986631000123452
0.9999999999999993 40
19 0.9068053550400662 0.3661051198739386 2.602619200013578
0.9999999999999994 40
20 0.8615771956508066 0.31797961668656344 1.9967849999957252
1.0000000000000013 40
21 0.8361774572817158 0.26951483763549844 1.8717383000184782
1.0000000000000004 40
22 0.7463036351766714 0.17633331825261772 1.8568077000090852
1.0000000000000002 40
23 0.7362908642822392 0.15555022015804865 1.8650082999956794
0.9999999999999991 40
24 0.7213100311891373 0.142477289101965 1.8104488000099082
0.9999999999999996 40
25 0.7141418004467163 0.1292985674409052 1.8465320999966934
1.0000000000000009 40
26 0.7068455065264391 0.12370310180752857 2.0073490999930073
0.9999999999999993 40
27 0.7014969456848097 0.11419778665441706 1.8040801000024658
1.0000000000000002 40
28 0.6966626428230966 0.11063877357923237 1.8589005999965593
1.0000000000000009 40
29 0.6924496365500387 0.10303332266608681 1.849569700018037
1.0000000000000009 40
30 0.6886852870455901 0.10045563921166888 1.8185713000129908
31 2.0367707645176956
-------------------------------------------------END------------------------------------------------------
------------------------------------Hybrid---------------------------------------------------
649.0594725793893 680.3348438241243
0.9997851108899671 39
0 576.3264251428354 604.7231017676675 0.48045910001383163
0.9998257184736163 39
1 470.8184710848869 494.7092436430985 0.4858243999769911
0.9998714594162227 39
2 354.7701904895336 373.059364922137 0.4812062999990303
0.9999137129453833 39
3 273.31733241250237 283.3400279922192 0.46058919999632053
0.9995375032701798 39
4 207.1535978064 210.6619008000766 0.47681870000087656
0.9435145929316867 39
0.9999799025344835 156
5 198.48718945451668 201.75425238069656 5.49056110001402
0.9719049987458862 39
0.9999575261581967 156
6 198.48718945451668 201.75425238069656 5.562536000012187
0.9719049987458862 39
0.9999575261581967 156
7 180.14260757117793 183.65110538898537 5.681150799995521
0.972611660743418 39
0.9999632804825324 156
8 168.85403616051377 168.49214322674996 5.324941700004274
0.9879116573073945 39
0.9999954218351224 156
9 143.4082666588311 142.20629738199304 5.530241800006479
0.9893510615959753 39
0.9999970102874846 156
10 114.31835341753815 114.81554602566743 5.245024700008798
0.9965560927360334 39
11 36.43306936944572 34.931597179560704 0.4815635000122711
0.9227986385863709 39
0.9999916424234534 156
12 29.966277544287127 28.586319169230393 5.3415986000036355
0.980590553311023 39
0.9999985921105655 156
13 23.572920987214687 22.3980863701323 5.433840700017754
0.9952215789771901 39
14 12.753732093473205 11.209527879251702 0.47597259999020025
0.9846804408078056 39
0.999999531282813 156
15 11.105714149220034 9.696459682487959 5.529244700010167
0.990551899103763 39
16 8.801200394791588 7.647855300347066 0.46717090002493933
0.9633870101541989 39
0.9999994663656763 156
17 8.578657751575484 7.517979509417617 5.473276700009592
0.989339999686308 39
0.9999997663130665 156
18 7.6785511651702985 6.813313848942034 5.383181399985915
0.9933237953252376 39
19 3.399644184674084 2.5290048359195256 0.5161183000018355
0.7200026634690513 39
0.9999998419281266 156
20 2.8352148208275647 2.1045542423212575 5.440253299981123
0.9800214393741901 39
0.9999999559042725 156
21 2.3100844406349252 1.6560782788754582 5.555186400015373
0.9869034422775935 39
0.9999999208318193 156
22 2.000231326224818 1.4000416592146894 5.296480999997584
0.9980117164858818 39
23 1.260811809806793 0.6456578975810373 0.45483689999673516
0.37304725360989816 39
0.9999999386795843 156
24 1.1322921859627924 0.5042577177342273 5.584144300024491
0.9929120534446928 39
25 1.1125070151974237 0.49626176295243274 0.47300610001548193
0.002293989059515637 39
0.9999902784100974 156
26 1.0173916277664532 0.38703443686918826 5.517487300006906
0.99055617407362 39
27 1.0031420169120977 0.3839482819470723 0.522764699999243
0.000767744898844947 39
0.9999781051756872 156
28 0.9355456900681255 0.3136245804519025 5.332163499988383
0.9845798386681758 39
0.9999997789914103 156
29 0.8963028265928571 0.28017232290969224 5.544349800009513
0.9948719395445964 39
30 0.8529706445189636 0.24268303487371556 0.48445440002251416
0.002704113095884561 39
0.9999638836091366 156
31 0.8123569884721954 0.2083303268352419 5.439585999993142
0.9850279136517005 39
0.9999999305749595 156
32 0.7869215420366934 0.18883480341180506 5.4727465999894775
0.9943050132181198 39
33 0.7650364553412017 0.1647790794681037 0.476808000006713
0.0010758144905506082 39
0.9999746479107361 156
34 0.7403575989702844 0.14451953813305704 5.595390500006033
0.9760799862669571 39
0.9999999762877101 156
35 0.7221036540505114 0.1284758766586704 5.542957700003171
0.9899308273181014 39
0.999999980117452 156
36 0.7181097749667299 0.1264631631189758 5.460944799997378
37 3.581483310814538
-------------------------------------------------END------------------------------------------------------
17
------------------------------------Randomized only---------------------------------------------------
576.3828745057131 615.1236460161474
0.9997588179892258 39
0 516.6012260153547 551.0829323666101 0.4743398000136949
0.9998389365860686 39
1 429.74073977055764 457.20422675486515 0.5104660000069998
0.9998986099496192 39
2 334.1267307463502 352.2842167040047 0.5191624000144657
0.9998115045498659 39
3 263.90177307848427 271.48307127209927 0.46719980001216754
0.9989338916583672 39
4 213.51536423102766 218.92184620878933 0.5021875000093132
0.9362286807061159 39
0.9979260080788985 156
5 157.63279422532392 158.95311685440646 2.052832000015769
0.9434957398394721 39
0.9965626423352658 156
6 94.49801205679962 93.35381000804576 2.310945499979425
0.9295638852699869 39
0.9964064878187058 156
7 59.566089837404995 60.08726210401578 1.9457634999998845
0.9321632730865658 39
0.9957084400993074 156
8 37.4669521523759 37.96629139926171 1.9955292000086047
0.9297144996750215 39
0.9917442747738785 156
9 27.5972757675705 26.943201962038213 1.9600977999798488
0.9074250849132425 39
0.9788720552549007 156
0.989889276447615 273
0.994798230178041 390
10 18.133103932236182 17.60358905691924 8.222504999983357
0.9663793814542395 39
0.9945862847672937 156
11 12.889968552631904 11.854075095350625 2.1288431999855675
0.7955000266814265 39
0.9029886013013282 156
0.95417491626642 273
0.9740309559956026 390
1.0000000000000007 393
12 8.160480665880092 7.227490329798818 8.851277899986599
0.9822393099825417 39
0.9951329771351364 156
13 6.79578024109714 5.75871302527218 2.0467439999920316
0.7742531393070381 39
0.8655792105907373 156
0.9463259709410438 273
0.9703559767302088 390
1.0000000000000002 393
14 4.407760401139552 3.5873512316457625 8.940185399987968
0.9826323062540148 39
0.9930886687757706 156
15 3.880432072845971 3.1537587212792073 2.0823329999984708
0.5482073841269236 39
0.7132526895166066 156
0.8868101934578707 273
0.9316807706366849 390
0.9999999999999999 393
16 3.819087317826673 3.4438364051122026 8.745508499996504
0.9964239172428756 39
17 2.2749968697187812 1.6587543560679807 0.4557059000071604
0.6416413838453336 39
0.9666774797791702 156
0.991009127574536 273
18 1.7315305413965412 1.109117782957112 4.905510600015987
0.9949658195828818 39
19 1.7049325159987365 1.0743926486344373 0.5039073000079952
0.010723988316483055 39
0.6576753668008215 156
0.7256543547010568 273
0.8601507338256789 390
1.0000000000000002 393
20 1.4033636574986823 0.8032300587415147 8.731316600024002
0.9959075504636168 39
21 1.3161594044557132 0.7074074733087129 0.4722030999837443
0.11201846166100987 39
0.8487479768303993 156
0.9270830706871833 273
0.9592401266676227 390
0.9999999999999997 393
22 1.1730627360663755 0.5452212115875851 8.872116000013193
0.9982438104915765 39
23 1.0606349481086896 0.45642925248993427 0.46930490000522695
0.19214310416623565 39
0.8873792152655458 156
0.9675757838261764 273
0.9817300158226995 390
0.9999999999999998 393
24 0.9770512365466774 0.3556749448729228 8.95393720001448
0.9983938804287854 39
25 0.9023598598521159 0.29985054658983995 0.5148096999910194
0.09994505976582327 39
0.9238201269237487 156
0.9793450887082318 273
0.990300017823896 390
26 0.8587100896502041 0.25104793364782313 18.574018899991643
0.9941099099270395 39
27 0.846698123060115 0.2442591522990379 0.8874957999796607
0.011294882975131053 39
0.8084094365521848 156
0.8628550610923867 273
0.8837009998345393 390
0.9999999999999999 393
28 0.8118486559366029 0.21162317682238704 11.00943720000214
0.9892108563347188 39
0.9998211913927311 156
29 0.7728648248450528 0.1737945426299496 4.4069571
0.8472955139197753 39
0.8538991716772227 156
0.9284786725673027 273
0.9508818526664409 390
0.9999999999999989 393
30 0.7547374251644015 0.15566811771013322 10.383996599994134
0.9957557297711528 39
31 0.7271750037730018 0.12864797692482016 0.8393925999989733
0.006038545078008844 39
0.9545415409221704 156
0.9820863826016887 273
0.9895266971651763 390
0.9999999999999998 393
32 0.7079487723050765 0.10712302491726476 11.626280900003621
0.9848275863351832 39
0.9998169977480476 156
33 0.6941131451468531 0.09615261345507395 4.927807400003076
0.9068007915290517 39
0.9091572802955246 156
0.9616965471843557 273
0.9768185327266066 390
1.0000000000000002 393
34 0.6788631122884512 0.07859575552543724 9.30976110001211
0.9966299124670777 39
35 0.6752038355912434 0.07563774876319487 0.718324899993604
36 4.453283452778123
-------------------------------------------------END------------------------------------------------------
------------------------------------Krylov only---------------------------------------------------
576.3828745057131 615.1236460161474
1.0000000000000004 40
0 508.9477224305649 542.273077041587 2.063057499995921
0.9999999999999994 40
1 352.1409803777396 369.70531624740585 2.156819900003029
0.9999999999999998 40
2 288.30296545831277 296.80039112771897 1.8939078000257723
0.9999999999999997 40
3 160.62534733129036 155.5652020036406 1.899929199978942
0.9999999999999997 40
4 83.12337707132058 81.48412458845463 1.9593980000063311
1.0000000000000007 40
5 52.872420370625214 55.30452103117286 1.8206808000104502
0.9999999999999997 40
6 13.446730202669912 12.900594098458976 1.79584390000673
0.9999999999999997 40
7 6.365501094311657 5.564715484860208 2.0241256000008434
1.0000000000000013 40
8 2.5829894108205202 1.7612575471688046 1.8508119999896735
0.9999999999999991 40
9 1.8111854408455337 1.2031572774887014 1.8804513000068255
0.9999999999999996 40
10 1.1362069495967821 0.5365250101962257 1.8934201000083704
1.0000000000000002 40
11 1.0090905463096849 0.4048270456654676 1.8706982000148855
1.0 40
12 1.0016269965788325 0.4079018154526358 1.8603210000146646
0.9999999999999996 40
13 0.80715126416083 0.20242236988254916 1.8543887000123505
1.0000000000000004 40
14 0.7799883608777622 0.18131183820262575 1.8370259999937844
1.0000000000000002 40
15 0.7485875499332661 0.1466803029905193 1.7843340999970678
0.9999999999999996 40
16 0.7351126699898292 0.13786697245707938 1.883453099988401
1.0 40
17 0.7162782156421587 0.11660382673072374 1.8580266000062693
1.0 40
18 0.7061235618030872 0.10792672282151614 1.880220899998676
0.9999999999999991 40
19 0.6951962390454505 0.0966373201658034 1.8634712000202853
1.0000000000000002 40
20 0.6872047548938858 0.0876550771242616 1.8791746000060812
0.9999999999999981 40
21 0.680498161453549 0.08243639205798248 1.8205170999863185
1.000000000000001 40
22 0.6744340098736953 0.07487501027747129 1.846856599993771
1.0000000000000002 40
23 0.6695983409421106 0.07215150481821375 1.8268054999934975
1.0 40
24 0.6647716385434844 0.06640754277928561 1.8634971000137739
1.0000000000000004 40
25 0.6609272066606596 0.06443884847490607 1.8439052999892738
0.9999999999999992 40
26 0.6572505261043632 0.059740710564867246 1.8185885999992024
0.9999999999999994 40
27 0.6541699771279976 0.05882948872768 1.845274099992821
0.9999999999999994 40
28 0.651335631284446 0.05510566295420837 1.844452999997884
1.0000000000000007 40
29 0.648890540320638 0.05441811550220724 1.8563054999976885
1.0000000000000007 40
30 0.6467055444629911 0.05147224433380599 1.8551656999916304
31 1.8784170645174585
-------------------------------------------------END------------------------------------------------------
------------------------------------Hybrid---------------------------------------------------
576.3828745057131 615.1236460161474
0.9997588179892258 39
0 516.6012260153547 551.0829323666101 0.5021071000082884
0.9998389365860686 39
1 429.74073977055764 457.20422675486515 0.5011394000030123
0.9998986099496192 39
2 334.1267307463502 352.2842167040047 0.4549146000063047
0.9998115045498659 39
3 263.90177307848427 271.48307127209927 0.46544169998378493
0.9989338916583672 39
4 213.51536423102766 218.92184620878933 0.4942078999883961
0.9362286807061159 39
0.9999738616187258 156
5 209.47541494442453 214.5909730830787 5.486582299985457
0.9506230351233781 39
0.999968196653036 156
6 207.13231218502196 213.80192658569572 5.816828099981649
0.9524768192950657 39
0.9999671795434113 156
7 187.68120267554013 194.83940807237954 5.866126400011126
0.9835657458904216 39
0.9999914680349806 156
8 180.7525084600695 189.41693132037483 5.5444327000004705
0.9933439213372942 39
9 84.890432039182 82.63533575790285 0.4832738000259269
0.9504268590971187 39
0.9999951074865412 156
10 71.0272238901883 69.62977714294264 5.7519849999807775
0.9675037875161918 39
0.9999815039670132 156
11 46.645585540908414 47.26849135033023 5.3646348000038415
0.9862311031806471 39
0.9999958462052488 156
12 33.48224012148748 33.52761298322743 5.497611099999631
0.9945936546986296 39
13 12.735739583365767 11.911927558541123 0.5003979000030085
0.9555522773478321 39
0.9999994704631251 156
14 10.290675520749756 9.67997363965836 5.522419200016884
0.9823058863104778 39
0.99999982187426 156
15 7.993132045770087 7.38278716567119 5.581265000015264
0.9893596631941112 39
0.99999993059474 156
16 6.058682027332446 5.423160589314366 5.191822900000261
0.9902740686874395 39
17 1.660695046130233 1.0073629342006927 0.49281860000337474
0.977998217566647 39
0.9999999763659814 156
18 1.3410391305239169 0.7078686308528825 5.820649100001901
0.9940391835548515 39
19 1.2476489261292982 0.6028610298635495 0.481942300015362
0.014790623074772642 39
0.9999807816686614 156
20 1.0480601905695108 0.42247004609421457 5.530561499996111
0.9794488396707111 39
0.9999999680919652 156
21 0.9761696175045579 0.35388725213801525 8.036755600012839
0.9980454539227999 39
22 0.7881969188847324 0.17970024341629415 0.9989388000103645
0.01991238305218147 39
0.9999969692793367 156
23 0.706464777826067 0.1018196068646073 8.596965100005036
0.9753630026354836 39
0.999999843741479 156
24 0.6914073235264028 0.08822688023701865 5.685583700018469
0.9989963071687727 39
25 0.6613005557108227 0.06124259620239001 0.7039996999956202
0.007183933151384943 39
0.9999972751459275 156
26 0.6590434561148153 0.05856051184754939 8.692443499981891
0.9994852693543619 39
27 0.6428159918553934 0.04336067170350247 0.6080733000126202
0.0009822951757083528 39
0.999979461408905 156
28 0.6378187020744778 0.03791005420377833 8.956972499989206
0.9984411629363948 39
29 0.6324594350245591 0.03409640953259099 1.073272099980386
0.00036510018831786904 39
0.9999501987842736 156
30 0.628031895786722 0.02941836843155312 5.649875800008886
31 3.8823884354853595
-------------------------------------------------END------------------------------------------------------
18
------------------------------------Randomized only---------------------------------------------------
464.62936837677444 489.2813976346726
0.9998124677830832 39
0 423.74715096743114 446.0954446200603 1.0538207000063267
0.999815860706893 39
1 365.01343045036697 383.762520911853 0.5175528000108898
0.9997562011468558 39
2 300.28791260890335 314.0649747652123 0.46557540001231246
0.9995907634621533 39
3 246.6932250217233 253.75514221110254 0.5090401000052225
0.9802605249134299 39
0.9991497273268449 156
4 197.34039210363613 203.42177842351387 2.0980182999919634
0.9242428569204734 39
0.9924745693154742 156
5 120.00614535762938 117.1205326180032 1.9082190000044648
0.9552220069830268 39
0.9953799051497952 156
6 63.629132818592666 60.798342212418504 1.9509472000063397
0.9217547116231212 39
0.9855841869152389 156
0.9955123930614996 273
7 37.21545034175067 35.740745838509085 4.637489300017478
0.9035512071549012 39
0.9864653669384116 156
0.9933398073335671 273
8 23.41464407388343 22.39033426180944 7.93341200001305
0.9011773105887515 39
0.9807832746178704 156
0.9893793631682283 273
0.9945395798071006 390
9 14.312888398038503 13.357903851773923 10.185536999983015
0.9170334447927968 39
0.9881949527142431 156
0.9928092813361555 273
10 10.549225101459049 9.189803181114707 10.478208599990467
0.7581454814855725 39
0.9041203397040417 156
0.9268938876259369 273
0.9588180705322226 390
1.0 393
11 8.992763193214614 8.342672463694184 17.690723100007745
0.982098328764613 39
0.9982666950667998 156
12 4.998072767715235 4.035256977693055 2.1395592000044417
0.8762183698478895 39
0.9591296697514282 156
0.9804676520903358 273
0.9896048896399553 390
1.0000000000000004 393
13 3.4865462684844357 2.6833191321519574 25.69999579997966
0.9891725008922013 39
0.9976894464720955 156
14 3.180614425391876 2.3805843221852268 2.930811600002926
0.9129702822498945 39
0.9379767910408057 156
0.9699920530753128 273
0.982656213799328 390
0.9999999999999992 393
15 2.7944562750174686 2.1553788471288264 23.252910100010922
0.992412142285009 39
16 2.161041334960171 1.4225891046694248 0.5274120999965817
0.28521263754926424 39
0.962618861149033 156
0.9854892175887271 273
0.99388647061154 390
17 1.733237411858188 1.072858767443991 18.96662770002149
0.9978021735809384 39
18 1.6775175329234011 1.006061301703111 0.5666644999873824
0.05202913720717344 39
0.6820572101651086 156
0.7942968378646107 273
0.8395525786540352 390
1.0 393
19 1.375251205423055 0.7730284255478582 18.97201729999506
0.975551416794282 39
0.9963299851123825 156
20 1.3311109777448378 0.703239695839685 1.9609218999976292
0.8920643392181855 39
0.8996175697995568 156
0.9409103859778611 273
0.9623692032317109 390
0.9999999999999994 393
21 1.1770393467473697 0.6026215188760637 13.229153399995994
0.999214618943328 39
22 1.0786979373637469 0.48228509506865014 0.49969189998228103
0.03571680082731997 39
0.7490621879797793 156
0.8848969506081487 273
0.9408655273643688 390
1.0 393
23 1.0132817493688306 0.43077008583553983 17.151261899998644
0.9916879657475055 39
24 0.9196010356866191 0.3282486150511752 0.8216972000082023
0.0642445656620934 39
0.9100013846941382 156
0.9697178243913286 273
0.9848928901082787 390
0.9999999999999998 393
25 0.8388033470420367 0.2596191937752851 15.074036200006958
0.9971320814069434 39
26 0.8141281232713898 0.228109118562841 0.5163200999959372
0.011136760033729867 39
0.9202257307684517 156
0.9741591225507569 273
0.9886822955846397 390
1.0000000000000002 393
27 0.7707850320871855 0.18896800225827315 29.521448499988765
0.9914200462088069 39
28 0.7518488643557777 0.16546800428390807 0.8140335000061896
0.024685373239531665 39
0.9244403668527577 156
0.9751223786387605 273
0.9899742104341577 390
1.0000000000000004 393
29 0.720976628710205 0.13113032766010377 13.734095400024671
0.9978188415648299 39
30 0.7142050156069003 0.12353645695833948 0.8281973000266589
0.017099985289860672 39
0.924424870685809 156
0.9732749939931036 273
0.988112870642894 390
1.0000000000000002 393
31 0.6965910804466002 0.10586305717181509 9.550967099989066
0.9994051674493847 39
32 0.6908439135350667 0.09969827167317467 0.8289501999970526
0.02031127763944729 39
0.9129636821255068 156
0.9651729043669202 273
0.9816898751215858 390
0.9999999999999997 393
33 0.6784831993658658 0.0833103780679622 9.469607700011693
0.9989258591030791 39
34 0.6758495153532331 0.08078460089324384 0.8216727999970317
35 7.637331340002129
-------------------------------------------------END------------------------------------------------------
------------------------------------Krylov only---------------------------------------------------
464.62936837677444 489.2813976346726
0.9999999999999997 40
0 419.9385305189256 442.8329262576694 2.1620191000110935
1.0000000000000002 40
1 327.7129018567584 342.85355094591637 2.4115149000135716
0.9999999999999999 40
2 309.26355698833595 323.3875117757905 2.162089100020239
0.9999999999999999 40
3 298.79224615978 312.6240077139028 2.262202799989609
1.0000000000000002 40
4 241.15755496308626 252.6826906073989 2.056472299998859
0.9999999999999998 40
5 187.13159007383004 193.42395742189086 1.9331654999987222
1.0 40
6 156.65276853743853 147.22611997218812 1.9017152999876998
0.9999999999999997 40
7 138.06648463020642 131.12374488527013 1.7985502000083216
0.9999999999999999 40
8 26.67796537480333 25.795098012367625 1.8389347000047565
1.0000000000000009 40
9 9.522154782575784 8.421218250001271 1.9556349000195041
1.0000000000000013 40
10 4.323984521258591 3.3830357831034683 2.0256979999830946
0.9999999999999993 40
11 3.391703901821979 2.53533591747888 1.9958150000311434
1.0 40
12 2.542989942236429 1.7904967591968939 2.011680700001307
1.0000000000000004 40
13 2.5263644625557267 1.827954519819949 1.8097571000107564
1.000000000000001 40
14 1.2280051753597454 0.6374556361256497 1.85148199996911
1.0000000000000009 40
15 0.9874107133810709 0.3711314526439668 1.9205498999799602
1.0000000000000004 40
16 0.8927928074067683 0.2980711173685629 2.028527300048154
1.0000000000000002 40
17 0.8225693821506058 0.2374678006969104 1.9997459000442177
0.9999999999999999 40
18 0.7834137415560611 0.20188854947210313 2.0379543000017293
0.9999999999999999 40
19 0.7591634929329338 0.17600796771103921 1.8401090999832377
0.9999999999999999 40
20 0.7337304310528271 0.15094883708261192 1.8020494999946095
1.0000000000000004 40
21 0.7118196122148928 0.1290377571185544 1.8918015000526793
0.9999999999999992 40
22 0.7039605879208145 0.11681173902856204 1.8196949999546632
1.000000000000001 40
23 0.6943182312252626 0.11003311278989912 1.7769682999933138
0.9999999999999998 40
24 0.687804865288107 0.09982259124819634 1.8285794000257738
0.9999999999999998 40
25 0.6816219405046731 0.09564942736810868 1.8332013000035658
1.0000000000000002 40
26 0.6761149121019594 0.08742411738322536 1.837616299977526
1.0000000000000002 40
27 0.671731421072452 0.08460685888824485 1.810094799962826
1.0000000000000004 40
28 0.6675924657781097 0.07832315110080242 1.8305254000006244
1.0000000000000009 40
29 0.6641116479422786 0.07613946172874264 1.8472278999979608
1.0000000000000002 40
30 0.660808362401483 0.0713005960507826 1.8513662000186741
31 1.9397659258092679
-------------------------------------------------END------------------------------------------------------
------------------------------------Hybrid---------------------------------------------------
464.62936837677444 489.2813976346726
0.9998124677830832 39
0 423.74715096743114 446.0954446200603 0.5085775000043213
0.999815860706893 39
1 365.01343045036697 383.762520911853 0.46409979998134077
0.9997562011468558 39
2 300.28791260890335 314.0649747652123 0.48793290002504364
0.9995907634621533 39
3 246.6932250217233 253.75514221110254 0.44367000000784174
0.9802605249134299 39
0.9999998861184619 156
4 243.95574539869438 250.4951016440748 5.635726800013799
0.9869480050477502 39
0.9999998131394195 156
5 243.95574539869438 250.4951016440748 5.604752500017639
0.9869480050477502 39
0.9999998131394195 156
6 239.98327540363772 246.76620294972858 5.63875729998108
0.9740592846955879 39
0.9999992043563141 156
7 236.17795294874836 244.085938645442 5.651129200006835
0.9764274824909225 39
0.9999954469129092 156
8 220.0483368365992 227.932319163915 5.524766199989244
0.9782755981384145 39
0.999991745897827 156
9 175.19952067888607 180.5716294162373 5.470974099996965
0.984586117773273 39
0.9999968828076845 156
10 148.1513296326851 152.89631637558952 5.555048799957149
0.9947515935110463 39
11 82.45345630804762 85.20172537521317 0.48283490003086627
0.9692347841808242 39
0.9999622956642029 156
12 69.94005715090246 72.57289181907346 5.411442199954763
0.9760273303962894 39
0.9999775157223892 156
13 56.97361808553799 58.834682706234794 5.543705400021281
0.9826331563194175 39
0.9999983195347164 156
14 47.95249858761648 49.76238987230151 5.350552599993534
0.9917763387694851 39
15 16.067780010855895 15.322407748265267 0.49327499995706603
0.9929031438625651 39
16 11.002516118909371 10.109832790071195 0.44901510002091527
0.8441825511202826 39
0.999999524673628 156
17 9.253809298512332 8.413697382118698 5.52516530000139
0.9715945843853471 39
0.9999999238507794 156
18 8.097441047442565 7.321195465030188 7.0941363999736495
0.9903134416921026 39
19 6.98601336971057 6.238653309800519 0.5093301000306383
0.23082847151524136 39
0.9999996566966125 156
20 6.97204019838612 6.39277201630173 5.5088974999962375
0.9973326714274918 39
21 4.867302591709698 4.244037637839171 0.4790860000066459
0.6359478340335057 39
0.9999999387092313 156
22 3.8901445173123013 3.2546534044946713 5.435917399998289
0.9854027916176454 39
0.9999999708018621 156
23 3.384945970303395 2.788498306612847 5.3562556999968365
0.9968514247274477 39
24 2.412062539954631 1.8277309628028566 0.5018267999985255
0.33576435048828457 39
0.9999999394811998 156
25 1.9626060867210875 1.3503074526120726 5.285959900007583
0.9715890099976678 39
0.9999996996741918 156
26 1.8082556029076535 1.2130992715468605 5.5951712999958545
0.9956954161902251 39
27 1.2274305524396678 0.6225534894343722 0.4448893999797292
0.1409058994189423 39
0.999999869047627 156
28 1.1434900409516808 0.5617072711586031 5.193473900028039
0.9970018660854528 39
29 1.0637180008549576 0.46706351362402365 0.47643790004076436
0.002226788873775573 39
0.999953583776139 156
30 0.9942591730056898 0.41441380109410897 5.2868034999701194
0.9977964113734721 39
31 0.9304731114140886 0.33699564625708567 0.5003922000178136
0.0022955239748662583 39
0.9999915774736943 156
32 0.8526687141241138 0.2630892575401373 5.333356499962974
0.9923071058753716 39
33 0.8429076926663838 0.24876304206649402 0.47230550000676885
0.0002928230309789906 39
0.9999389151797379 156
34 0.8018878876002765 0.2095396029834667 5.225644699996337
0.9948278789016777 39
35 0.7874511892409248 0.19268808375781868 0.4543074000393972
0.0004404002003613047 39
0.9999313783048182 156
36 0.776096220158799 0.18181290150323637 5.441806400020141
0.9976636422110909 39
37 0.7503571040397018 0.15495326205705606 0.4824370000278577
0.0005572515704569453 39
0.9998486387702159 156
38 0.7368980793344557 0.14106878514133495 5.317596199980471
0.9957077144364177 39
39 0.7232562231898045 0.12775820317381575 0.47778549999929965
0.0005062022857932743 39
0.999730995825205 156
40 0.7081459399712923 0.11051284707006093 7.058800099999644
0.9858358465673436 39
0.9999999854064348 156
41 0.7000646047219847 0.10180000226584478 8.77628360001836
0.9975881775562522 39
42 0.6862533472338394 0.09203883924076182 0.5118291999679059
0.009279184494068287 39
0.9999989381462718 156
43 0.6754877368471988 0.08081003552354885 5.274766799993813
0.9927033161351915 39
44 0.6732784818669789 0.07971576759549683 0.49623290001181886
45 3.494070120000591
-------------------------------------------------END------------------------------------------------------
19
------------------------------------Randomized only---------------------------------------------------
618.0993632774953 654.4132513476359
0.9996039525703507 39
0 550.9342637755888 582.8317284790987 0.4863093000021763
0.9997700414467688 39
1 453.33071405454416 478.2684763193818 0.48787569999694824
0.9998728113746448 39
2 345.65584808139096 361.60363725535666 0.47637819999363273
0.9998571606414157 39
3 263.96265077991086 272.10005582432854 0.5100984000018798
0.9990175161936882 39
4 207.85520881124376 212.90464357951265 0.47246899997117
0.9846191055594491 39
0.9992703321456364 156
5 146.01791984640641 146.6783917150193 1.8895531000453047
0.9917047324429602 39
6 88.11484392752837 85.00353661818374 0.5063563999719918
0.9660347143041713 39
0.9962274367445676 156
7 45.19457730077423 43.19143394703776 1.9797575999982655
0.9094342196017842 39
0.9801912563221369 156
0.9915970530896445 273
8 27.851704679829894 27.032943992898925 5.060867000021972
0.9787966018589368 39
0.9950746013551081 156
9 20.227621837190863 19.138935826625534 1.938408599991817
0.8551557659491514 39
0.9356871942278389 156
0.9628728913603943 273
0.9808781895501026 390
1.0 393
10 17.237766706316393 15.686572093344552 9.019540300010704
0.9994199335201989 39
11 11.883978525060316 10.648544066425986 0.47202220000326633
0.9190738180880834 39
0.9788053309527941 156
0.988262561402466 273
0.9937972550740448 390
12 9.504658019239601 8.3870321894511 8.550821000011638
0.988244745202556 39
0.9983257594819224 156
13 7.152801160859347 5.9545718612781835 2.174991499981843
0.7876129086898809 39
0.8526466192486101 156
0.9103385436947983 273
0.9356222925715023 390
0.9999999999999999 393
14 5.298983915664655 4.378940522656347 9.303223700029776
0.9971643528751138 39
15 4.646656301681735 3.624414039021341 0.4740351000218652
0.40791570587106424 39
0.7433191769977391 156
0.861977333568656 273
0.9137575509286286 390
1.0 393
16 3.8605264719032015 3.096753353688019 8.760962800006382
0.9991990276713605 39
17 3.225899151730587 2.4406167030060097 0.5137822000542656
0.33275819083520924 39
0.9071654573997466 156
0.9635874120694572 273
0.9794773792477612 390
1.0000000000000002 393
18 2.8981566392064875 2.149352865130114 8.934119699988514
0.9986019299176959 39
19 2.3331681947732816 1.551075939323126 0.49206479999702424
0.20028481971724876 39
0.9264045707788846 156
0.9738227011515183 273
0.98651865263337 390
1.0 393
20 2.0140371456030874 1.4002194872149694 8.263697399990633
0.975158926336594 39
0.9992320110106683 156
21 1.6255250287470229 0.9123015232138336 2.1352254999801517
0.9965035414205929 39
22 1.6217833115727323 0.9152796313998237 0.473303799983114
0.0006943182948131144 39
0.21171641847320638 156
0.7185452062085954 273
0.8469833723202232 390
0.9999999999999999 393
23 1.5147588437356858 0.915003050724408 8.986571300018113
0.9982373582049913 39
24 1.3127513504799833 0.6551525140394783 0.49965499999234453
0.7245115454690937 39
0.9657094853773145 156
0.9899264063361404 273
0.9953572596647258 390
25 1.2223377901891797 0.5992739282483426 8.295622200006619
0.9996036359499149 39
26 1.167703888436765 0.5605337268317162 0.5040917999576777
0.21463749217337952 39
0.8255002055307835 156
0.8950757877545978 273
0.9218793019681957 390
1.0 393
27 1.0496888550838976 0.443970465975227 8.766835400019772
0.993372709459376 39
28 1.0239766382187565 0.4165180300332099 0.5090396999730729
0.14186893918362234 39
0.9257526982619586 156
0.9623561585898354 273
0.9775783607160687 390
0.9999999999999998 393
29 0.965067536450733 0.37578451664294144 8.780647200008389
0.9995999900376024 39
30 0.9034499496736811 0.30604652188690046 0.4685410000383854
0.07113170409500008 39
0.9500578271184171 156
0.9836407339758533 273
0.9911568837597581 390
31 0.8739917782329633 0.2883468583844334 8.30888030002825
0.9990446551854797 39
32 0.8691322601144699 0.28214546105349 0.48552159999962896
33 3.605492993942321
-------------------------------------------------END------------------------------------------------------
------------------------------------Krylov only---------------------------------------------------
618.0993632774953 654.4132513476359
0.9999999999999996 40
0 544.7690744180007 575.6283851999652 1.826960499980487
1.0 40
1 356.8095963137891 372.1941933106573 1.8026008000015281
1.0 40
2 337.9335106391115 352.99692530806885 2.200570399989374
1.0 40
3 312.1207069684394 325.6967711754588 2.218624700035434
1.0000000000000002 40
4 289.87580153515444 286.89978437279353 1.8558734000544064
0.9999999999999983 40
5 154.50627565297125 153.1303866090952 1.8334365999908186
1.0000000000000004 40
6 80.44044927255744 76.98353312243987 1.8775854000123218
1.0000000000000004 40
7 26.91614402806033 24.612272695227208 2.0139210000052117
0.9999999999999998 40
8 16.26955525830374 14.837223446254885 2.005027700040955
0.9999999999999991 40
9 10.158333604496798 8.970295037747688 1.8274887999868952
1.0000000000000004 40
10 6.0332897584354725 4.983430364322055 1.8627756000496447
1.000000000000001 40
11 1.616670666111149 0.9112059727764306 1.8024017999996431
1.0000000000000004 40
12 1.4737398800738417 0.7350230293943779 1.8461679000174627
0.999999999999999 40
13 1.044527167641361 0.3914588559763876 2.008119500009343
0.9999999999999996 40
14 0.9140753353218852 0.2653950182891498 1.8546812999993563
0.9999999999999996 40
15 0.8560905688470833 0.23008903249741045 1.9881893999991007
1.0000000000000007 40
16 0.8058829573623066 0.175009882421675 1.8588725000154227
1.0000000000000009 40
17 0.7757790861139808 0.1630824938913966 1.8770579000120051
0.9999999999999992 40
18 0.7501674272898651 0.13316938696863234 1.7781168000074103
0.9999999999999992 40
19 0.7319223274341895 0.12736279611241041 1.8686267000157386
0.9999999999999989 40
20 0.7171028510292727 0.10847019753701634 1.8418743999791332
0.9999999999999992 40
21 0.7049670313621195 0.10394058357603189 1.8634663000120781
1.0000000000000007 40
22 0.695236760870274 0.0913586894459681 1.7599217999959365
1.000000000000001 40
23 0.687138125906013 0.08792640755123395 1.8136493999627419
0.9999999999999999 40
24 0.6803242248474709 0.07867679377523805 1.7927756999852136
0.9999999999999992 40
25 0.6746236043177399 0.07686806399960444 1.8534830000135116
0.9999999999999987 40
26 0.6696500060829467 0.06921402583812974 1.8027865000185557
1.0000000000000013 40
27 0.6655991371151176 0.0676713031117143 1.874404100002721
0.9999999999999992 40
28 0.6619279998550808 0.06246570010286325 2.018928799952846
0.9999999999999998 40
29 0.6588636103928853 0.06122878573094836 1.8447404999751598
0.9999999999999997 40
30 0.6559958544638615 0.05706430203183492 1.8447534999577329
31 1.8876736354863932
-------------------------------------------------END------------------------------------------------------
------------------------------------Hybrid---------------------------------------------------
618.0993632774953 654.4132513476359
0.9996039525703507 39
0 550.9342637755888 582.8317284790987 0.47235199995338917
0.9997700414467688 39
1 453.33071405454416 478.2684763193818 0.6113109000143595
0.9998728113746448 39
2 345.65584808139096 361.60363725535666 0.49965850001899526
0.9998571606414157 39
3 263.96265077991086 272.10005582432854 0.5060606000479311
0.9990175161936882 39
4 207.85520881124376 212.90464357951265 0.47798409999813884
0.9846191055594491 39
0.9999992939689234 156
5 206.51150351555566 212.75663816783089 5.93112750002183
0.9732546374357904 39
0.9999785596468911 156
6 191.55603369590412 197.92562240721767 5.738253900024574
0.9670885774557818 39
0.9999758536048072 156
7 171.85269433711613 177.00255519425414 5.898689399997238
0.9852541984996334 39
0.9999795082410096 156
8 138.27463960226225 143.08969245806483 5.461353599966969
0.9917833103549081 39
9 97.08477769692095 99.0816088931 0.4814980999799445
0.9825561500795217 39
0.9999867122937579 156
10 77.88921605870627 80.34491538200878 5.501999499974772
0.9873436931622177 39
0.9999932508309186 156
11 60.92946405556563 63.380215476172886 5.58604289998766
0.9954224089633594 39
12 18.310955234436268 17.15815635479882 0.47561669995775446
0.9329000022171814 39
0.999999674459758 156
13 14.485997826033271 13.71497110205474 5.441743800009135
0.9537125594078374 39
0.9999997129784058 156
14 11.471332871514354 10.6770570276816 5.559114200004842
0.9861376747348928 39
0.9999996808553757 156
15 9.182263731979873 8.476845654820332 5.161382999969646
0.9908486061193873 39
16 3.685215687470692 2.762154412491375 0.5186489999759942
0.898745191413039 39
0.9999999166214287 156
17 3.059340174701992 2.298613949281035 5.4305385000188835
0.9641788439873957 39
0.9999999456986558 156
18 2.3745587187553734 1.6732116213114878 5.57090170000447
0.9789419073362732 39
0.9999997556816369 156
19 1.8030127625929584 1.1696508748499947 5.300881800008938
0.9955753909078249 39
20 1.0753098973588666 0.42343285527542845 0.5040892999968491
0.7035928768695707 39
0.9999999752461001 156
21 0.8972046436283734 0.29535068390123786 5.3340081999776885
0.9737766653704428 39
0.9999998538254664 156
22 0.7861795690462181 0.1967515196171985 8.078942299995106
0.9986070070524456 39
23 0.7198898629373229 0.1183462639750533 0.521309600037057
0.0014872513003372659 39
0.9999664867256322 156
24 0.6912510910786033 0.10137432767077462 7.375486800039653
0.9975900401898506 39
25 0.6723681448657725 0.07678147212766692 0.4623478000285104
0.0008033319714373459 39
0.9999725045967957 156
26 0.6626289116710491 0.06719256417527374 5.38299630000256
0.9972996032179345 39
27 0.6494060842923217 0.05300126568736742 0.5000452000531368
0.0016187680130456917 39
0.9999729296955733 156
28 0.641536245213195 0.04681710196705092 5.403457900043577
0.9960262300872094 39
29 0.6368443164878672 0.04174675557775471 0.49861369997961447
0.00027734935570809333 39
0.9994763885747706 156
30 0.6318357854091431 0.036076962110188265 5.3303109999978915
0.9938676052108675 39
31 0.62989292687754 0.03409210037134961 0.4639039000030607
32 3.452520990627818
-------------------------------------------------END------------------------------------------------------
20
------------------------------------Randomized only---------------------------------------------------
579.9150269618088 610.927603903782
0.9998069216997237 39
0 519.200526480532 547.2338139892595 0.5064727000426501
0.9998550837335426 39
1 431.1970092971607 454.4123001895368 0.47589449997758493
0.9998544980046521 39
2 334.9805967057271 352.03166696571407 0.45696129999123514
0.9997078761347696 39
3 261.04652832636276 270.80026260440974 0.49124389997450635
0.9990591307679706 39
4 197.61326262657502 201.64702241157548 0.4943277999991551
0.9592184344695242 39
0.9981923099773149 156
5 149.84242046445226 154.75182272378964 1.8542457000003196
0.9643956404492756 39
0.9943976920208746 156
6 99.65170535165181 100.72537402199703 1.941198999993503
0.973220364001878 39
0.9937867687603532 156
7 62.19852422249195 59.98073743410219 2.1547113000415266
0.9586739780242564 39
0.9916309977748315 156
8 38.70713401933223 37.31687917488704 2.161464100005105
0.9346769180374733 39
0.9821317922386815 156
0.9920616208239879 273
9 24.426254821218187 23.955529035532425 5.3483538999571465
0.7483701296455787 39
0.9188998844496539 156
0.9593758509003226 273
0.9761652823899801 390
1.0 393
10 18.56248433111319 17.68294687120787 8.575966600037646
0.9943261430258928 39
11 14.690646188283182 13.750252888338792 0.4685569999855943
0.6325469476034186 39
0.947631655054225 156
0.9790142446209695 273
0.9890244855882686 390
1.0 393
12 10.217261234838507 9.316796409703196 8.703628899995238
0.9968120671293692 39
13 8.296948164610336 7.106761486462519 0.477168100012932
0.5530228126092174 39
0.9477914576282119 156
0.9820981633870771 273
0.9910979465464906 390
14 6.167021409745345 5.390047402662344 8.332229200052097
0.9945932970284035 39
15 5.389084326392025 4.463624594757948 0.4830493999761529
0.3418940702009873 39
0.8842324399729363 156
0.9327176297958779 273
0.9555924297971614 390
1.0 393
16 3.9505658999593756 3.156617753136723 8.605590599996503
0.9737020122474057 39
0.9965668703587827 156
17 3.4632612797811877 2.550674760675903 4.457753199967556
0.92780121245183 39
0.947338583194572 156
0.9726341430436141 273
0.9827183138496912 390
1.0000000000000004 393
18 2.6444582597683834 1.764300862265122 14.156981400039513
0.9969271586197425 39
19 2.376587749777238 1.4781740548517242 0.49945410003419966
0.13564980245226857 39
0.8589790841295954 156
0.9301692258245047 273
0.9625776072508553 390
0.9999999999999996 393
20 1.819266441006471 1.043753706226014 9.278650399995968
0.987839320665188 39
0.9991807527214732 156
21 1.6111310958010276 0.8498640183142135 2.228681799955666
0.7001153636159024 39
0.735890851838422 156
0.8796201365856959 273
0.9426210164998109 390
0.9999999999999998 393
22 1.5913522343552289 0.9456250175909636 9.089000900043175
0.9982028630257846 39
23 1.2688159377727837 0.6368046458470062 0.5794025000068359
0.6052352354575012 39
0.9639995040851507 156
0.9853251253573955 273
0.9937095568378712 390
24 1.1429309265500571 0.5487908582930687 8.591571299999487
0.9811667886000214 39
0.9973915889139361 156
25 1.1282461439662428 0.5340178404030947 1.9645904999924824
0.07955961704694547 39
0.11823237294470687 156
0.36022919957011934 273
0.46310503881264187 390
1.0000000000000004 393
26 1.0099957631477148 0.416992718097231 10.440615099971183
0.9979809243183025 39
27 0.977698103801128 0.3865009387730013 0.47953040001448244
0.0056020766824074406 39
0.9019612574649416 156
0.9503305405702037 273
0.9696242797519938 390
0.9999999999999999 393
28 0.8973756561819848 0.31627510526211106 10.579323599988129
0.9982122612823704 39
29 0.8595486690271297 0.27957665164126 0.5242608000407927
0.004501414851327128 39
0.9303122459838012 156
0.9768539881921152 273
0.9890513913946312 390
1.0 393
30 0.7975285019944206 0.21765945487554933 16.542332399985753
0.9981355175726163 39
31 0.7745387861099178 0.19701983078341154 0.5282988999970257
0.0027473963875199185 39
0.9317160556975398 156
0.9785987198856718 273
0.990187473710514 390
32 0.7487809198434774 0.1657361994542735 21.804442599997856
0.9765371942995704 39
0.996377682974858 156
33 0.7470523430038088 0.1620931778379955 1.9189083999954164
34 4.85867242059013
-------------------------------------------------END------------------------------------------------------
------------------------------------Krylov only---------------------------------------------------
579.9150269618088 610.927603903782
1.0000000000000002 40
0 517.0224219801312 545.7826407491485 2.7368147999513894
0.9999999999999998 40
1 409.4953131296502 432.03165082158654 2.183623599994462
1.0 40
2 312.68475558445573 334.4469193339435 2.988643200020306
0.9999999999999998 40
3 117.54507556873318 119.73043044045714 2.413159500050824
0.9999999999999994 40
4 74.61131633174361 69.50110652133698 2.6200572999659926
0.9999999999999994 40
5 16.024541429696104 14.137378946104308 2.4203477999544702
1.0000000000000013 40
6 7.884035782222579 6.601749497938289 2.5596130999620073
1.0000000000000002 40
7 7.703205652657435 7.247569470312988 2.4838291000341997
0.9999999999999991 40
8 2.6995651746685057 2.13840422151008 2.5066760000190698
0.9999999999999994 40
9 2.4651419803080397 1.9544781552400212 2.113492199976463
1.0000000000000002 40
10 2.1715679378508 1.6408305666326737 1.8620554999797605
1.0000000000000004 40
11 1.9504740537326357 1.459535271160421 2.14513929997338
0.9999999999999998 40
12 1.899622947418641 1.3741140354376444 2.644274999969639
1.0 40
13 1.4476478743196517 0.8972290130192629 1.9655404000077397
1.000000000000001 40
14 1.002431074717045 0.42157580887750884 1.820511500001885
1.0000000000000004 40
15 0.9612700277556724 0.36132727534588105 1.8950036999885924
0.9999999999999996 40
16 0.8760087477498417 0.28000365794449794 1.7975309999892488
0.999999999999999 40
17 0.8326614201173604 0.23779149059599056 2.0199918000143953
1.0000000000000007 40
18 0.7998996701594044 0.20323401614789888 2.00557390000904
1.0000000000000009 40
19 0.7813260156037233 0.18199767032731629 1.9029143000370823
1.0000000000000007 40
20 0.7608078518022674 0.1594715946303461 2.656320500012953
1.0000000000000004 40
21 0.7416410260372693 0.13924729729251412 2.7993273999891244
1.0000000000000013 40
22 0.7326943356648851 0.12518027848237076 2.7270651999861
0.9999999999999994 40
23 0.7189116435179321 0.11169794908525818 2.6272822999744676
0.9999999999999992 40
24 0.7019654038058003 0.09549097017286512 3.0973941999836825
1.0000000000000018 40
25 0.697380055423081 0.09077831740545242 2.8356165000004694
1.0000000000000007 40
26 0.6889577602092257 0.08336681885014562 3.1329707999830134
0.9999999999999986 40
27 0.6841297798171789 0.07931810082275995 3.180456099973526
0.9999999999999988 40
28 0.6786330932056454 0.07397164179464259 3.0997373000136577
1.0000000000000002 40
29 0.6749616675988309 0.07144076006704873 3.17671699996572
1.0000000000000018 40
30 0.6709244527842407 0.06715136729606556 3.420493000012357
31 2.51090881612242
-------------------------------------------------END------------------------------------------------------
------------------------------------Hybrid---------------------------------------------------
579.9150269618088 610.927603903782
0.9998069216997237 39
0 519.200526480532 547.2338139892595 1.0166974000167102
0.9998550837335426 39
1 431.1970092971607 454.4123001895368 0.7993181000347249
0.9998544980046521 39
2 334.9805967057271 352.03166696571407 0.5331012000096962
0.9997078761347696 39
3 261.04652832636276 270.80026260440974 0.5122239000047557
0.9990591307679706 39
4 197.61326262657502 201.64702241157548 0.5596054999623448
0.9592184344695242 39
0.9999981749526281 156
5 188.69626754840837 193.10107971898722 5.798604100011289
0.965376752236923 39
0.9999935859368201 156
6 187.27106216353351 191.35255621185433 5.503074399952311
0.9861563235259935 39
0.9999973708205478 156
7 176.08536299643555 180.6702982002669 5.685005799983628
0.9927738596221055 39
8 54.87935460641128 55.166659142570744 0.49952750001102686
0.8334278117037898 39
0.9999903717921266 156
9 38.365317224380654 38.36619553189403 6.882842599996366
0.9643603103946784 39
0.9999956803277006 156
10 28.426984944315873 28.245618568359124 5.40171119995648
0.9737635855431152 39
0.9999987325048892 156
11 22.462560988407724 22.133453576102987 5.475284299987834
0.9924840789991038 39
12 9.055854684360236 8.324959987991688 0.469237899989821
0.9353583174330049 39
0.9999997542779883 156
13 7.419287716408633 7.054911654738374 5.769820899993647
0.9536419414073919 39
0.9999987515446996 156
14 5.785872919588746 5.370033891359275 5.1432534999912605
0.9803986887812727 39
0.9999997101626382 156
15 5.108753958900889 4.571932251542992 5.3665622000116855
0.9944126109088046 39
16 1.7659592445686576 1.1669074752764867 0.6093393000192009
0.8320948577118104 39
0.9999999523290772 156
17 1.5341749511215013 0.9312121259828041 5.190656499995384
0.986296577243451 39
0.9999998889622399 156
18 1.2685925109219407 0.6578412890564169 5.307961499958765
0.9904081679109923 39
19 1.0314296289208034 0.4296591972180659 0.46344870002940297
0.026352130875196635 39
0.9999984640147356 156
20 0.932781426036053 0.3204279199272206 5.363075900007971
0.9892120478668613 39
0.9999999396346516 156
21 0.8890387248190538 0.27056845426353543 5.4740987999830395
0.9976099450847687 39
22 0.8287445005752925 0.22200378712562424 0.5048263000207953
0.0023450054049746613 39
0.9999001570069693 156
23 0.7840142671387319 0.1720585457129791 5.395680800022092
0.9919198232367296 39
24 0.7730749814818857 0.1657463216849034 0.4659271000418812
0.00016038639738742293 39
0.9991116637247874 156
25 0.7391999412111849 0.13031031043210486 5.27308960002847
0.985170239204723 39
0.9999999276158789 156
26 0.7379850955144877 0.1311739403878863 5.331640899996273
0.9984613459569246 39
27 0.6894236183918058 0.08422667474278296 0.48693959997035563
0.003339880729571892 39
0.999981613191809 156
28 0.6806851627498895 0.07797300305671367 5.251020099967718
0.9984963978651307 39
29 0.6636979953297883 0.061886550140762414 0.47734380001202226
0.001801643521251814 39
0.9998178179212223 156
30 0.6608620743090465 0.05909073587778798 5.280819200037513
31 3.4287657612904665
-------------------------------------------------END------------------------------------------------------
21
------------------------------------Randomized only---------------------------------------------------
646.5259321718779 687.587360215941
0.9996955307924608 39
0 574.1096871172657 610.6665712176349 0.462894199998118
0.9997552869837769 39
1 469.1886463613007 498.64999155764934 0.4570028999878559
0.999775657500769 39
2 353.02551684065116 373.4191654843796 0.48696969999582507
0.9998669156696621 39
3 269.31472904208124 279.78361495995824 0.475627199979499
0.9996563472624251 39
4 207.79722537827556 209.96655472942027 0.45855300000403076
0.9794150740755636 39
0.9989932181349435 156
5 171.59228815970368 172.35624221245257 2.071156999998493
0.9903450881286305 39
6 109.56401276025665 106.3577570145534 0.4612569999881089
0.9670485680998682 39
0.9979542973734442 156
7 80.1267434139972 76.11738113666954 2.0161568999756128
0.9834100604275109 39
0.9981280235534927 156
8 47.03987482637264 43.8447944207219 2.0668615000031423
0.98522731856911 39
0.9985874525630365 156
9 29.026481820678747 27.68628839351869 2.0251340999966487
0.989405999428439 39
0.9985664697986922 156
10 20.65022385807071 19.313360968388828 4.986030500003835
0.971065041380205 39
0.9903505719337824 156
11 18.00296386140066 17.352388277268684 3.227264199987985
0.7643238735448304 39
0.904004547819839 156
0.9565631087328014 273
0.9821376032224292 390
1.0000000000000002 393
12 13.594842750543787 12.71602605500361 14.368854200001806
0.9942632947436946 39
13 12.865955637083653 12.180377377700689 0.5020995999802835
0.43896174524332016 39
0.8596489006699435 156
0.9415843812442639 273
0.9758038111455298 390
1.0 393
14 9.771096560723757 8.909621658571748 16.386439199995948
0.9958764895477222 39
15 9.318399889102546 8.565128133721997 0.4868492000096012
0.32149408944966235 39
0.8789918048759063 156
0.9579610404622437 273
0.9811950851048471 390
1.0 393
16 8.305317585620427 7.362511818381126 14.875244499999098
0.9987900943615708 39
17 5.254499687585213 4.327767918348497 0.8456403000163846
0.8868098483963747 39
0.9925775965474068 156
18 4.311811178061863 3.5917585286472207 4.889340399997309
0.997542031920225 39
19 4.225557130511828 3.4789720802159794 0.5012172999850009
0.022456525993712905 39
0.4681922250698151 156
0.800056559505159 273
0.9117149524108307 390
1.0 393
20 3.4585565319032314 2.760038415450813 13.87098470001365
0.9956416375811884 39
21 3.389850559916236 2.66786324053552 0.4631809999991674
0.05468297887547622 39
0.6194613742207498 156
0.8685759667230804 273
0.9414363896825103 390
1.0 393
22 3.1553919548286578 2.517042237859679 9.423629400000209
0.996362664250196 39
23 2.412589672126177 1.7073029335977157 0.5078166999737732
0.5158202484199744 39
0.9740086689061734 156
0.9924888204391008 273
24 2.1206255489641013 1.4321427002388305 4.844788299989887
0.9995548010074177 39
25 2.0218712962149454 1.3249944551951893 0.47343650000402704
0.056822263697915286 39
0.7686299506821977 156
0.8431448370391488 273
0.92311865584389 390
1.0000000000000002 393
26 1.783973892117459 1.1385547323694174 8.538237399974605
0.9977663381729495 39
27 1.7556854299746119 1.0899814391104754 0.47112050000578165
0.012026104804602148 39
0.7529574055986449 156
0.8528093375480722 273
0.9297585914303399 390
0.9999999999999998 393
28 1.6163558576061463 0.9984836702731501 8.549726600002032
0.9995923723422739 39
29 1.5441578219581198 0.9062222520321352 0.48355949998949654
0.05412213524187101 39
0.8446777099598696 156
0.9249646786521113 273
0.9649383073145715 390
0.9999999999999998 393
30 1.4664039393516064 0.863940116597601 8.840356700005941
0.9994502731582073 39
31 1.3641683164789782 0.7406179816393689 0.4794793000037316
0.04013180178119832 39
0.9107064512649846 156
0.961311158579971 273
0.9827194282572528 390
1.0000000000000007 393
32 1.2504624320186957 0.6435140033444082 8.890435599983903
0.9959619268233122 39
33 1.205359532549989 0.5958357652465327 0.46819839999079704
0.01588542684849238 39
0.9448965702743543 156
0.9789750299783111 273
0.9926080333336456 390
34 1.0953407595646938 0.4966092128629831 8.602137299982132
0.9987388138962451 39
35 1.0829185528956153 0.48744752164228905 0.5007987999997567
0.0027493639354130343 39
0.9173057772244331 156
0.961122325217938 273
0.9775630057374535 390
1.000000000000001 393
36 1.0152182692321607 0.4205301608545918 8.789524499996332
0.9967947741439983 39
37 1.0055125278935237 0.41184310370333654 0.49587980000069365
0.006456617899393499 39
0.9320435459682898 156
0.9710176302923844 273
0.9853504185709803 390
1.0000000000000002 393
38 0.9543946153552916 0.36436836157830327 9.17334770000889
0.9990244718261801 39
39 0.9350632425226008 0.3450935420658209 0.48269460001029074
0.017761969923856116 39
0.9437336793760951 156
0.9775335014638977 273
0.990201563011348 390
40 0.899764947210377 0.3188000748211532 8.622575400018832
0.9977286350113851 39
41 0.8952386539683114 0.3103870571675325 0.4611894999979995
42 4.178183121425155
-------------------------------------------------END------------------------------------------------------
------------------------------------Krylov only---------------------------------------------------
646.5259321718779 687.587360215941
1.0000000000000007 40
0 570.8404671994027 607.0877359387407 1.8093616999976803
0.9999999999999994 40
1 442.117041635441 468.9816286453925 1.8304643999726977
1.0000000000000002 40
2 422.36916124375705 450.9661453561174 1.7977767999982461
0.9999999999999994 40
3 258.72279474314377 267.1087454972984 1.7995498000236694
1.0 40
4 130.82058183327277 122.03668762839621 1.8392117000184953
1.0000000000000002 40
5 77.02593856820599 75.5036289188297 1.8390727999794763
0.9999999999999986 40
6 24.52536721456386 24.934658112906902 1.8474890000070445
0.9999999999999998 40
7 24.02150127613046 23.441507609582338 1.8863301999808755
1.0000000000000004 40
8 10.069586044593864 9.12578900043148 1.7928585000045132
0.9999999999999997 40
9 7.231035142014522 6.987772660503406 1.9890171000151895
1.0000000000000002 40
10 4.497633890589063 3.8511898758921763 1.8330941000021994
0.9999999999999999 40
11 2.742735291516273 2.401674137620221 1.9603054999897722
1.0 40
12 2.415040134431677 1.6887526008276204 1.8700161000015214
0.9999999999999982 40
13 1.379016241961 0.8337694314341602 1.835579200007487
1.0000000000000007 40
14 1.1882448238117227 0.5464849988487062 1.8429013999993913
1.0000000000000004 40
15 1.038029015717001 0.433772396916118 1.8244188000098802
1.0000000000000007 40
16 0.9553802456976508 0.3632035554662819 1.85925270000007
1.000000000000001 40
17 0.865436333866572 0.27190300074634377 1.8822924999985844
1.0000000000000004 40
18 0.8265611713889304 0.23342346356792001 1.8768658000044525
1.0000000000000002 40
19 0.7934985614543858 0.20489046984029544 1.8394200000038836
1.0000000000000004 40
20 0.7715408411285734 0.17974057439289776 1.8173689999966882
0.9999999999999997 40
21 0.7496592468301461 0.16626306470191618 1.849724600004265
1.0000000000000007 40
22 0.7335826902166509 0.14336193403702988 1.8673438999976497
1.0 40
23 0.7199176026713258 0.13795421780618575 1.8402005000098143
0.9999999999999991 40
24 0.7077363942442031 0.11796607016869794 1.8208413000102155
1.0000000000000002 40
25 0.6982938534972475 0.11578167558740413 1.8235443999874406
1.0000000000000004 40
26 0.6893378682804212 0.09947510659115046 1.8584667000104673
0.9999999999999997 40
27 0.6828452157475569 0.09895148985692508 1.9020941999915522
0.9999999999999987 40
28 0.6764287517610281 0.08642642799376227 1.8964039999991655
1.0000000000000004 40
29 0.6717138056413623 0.0863889219594416 1.849583300005179
0.999999999999999 40
30 0.6668551077414722 0.07656475058080224 1.9188385999877937
31 1.8548286645166245
-------------------------------------------------END------------------------------------------------------
------------------------------------Hybrid---------------------------------------------------
646.5259321718779 687.587360215941
0.9996955307924608 39
0 574.1096871172657 610.6665712176349 0.49346920000971295
0.9997552869837769 39
1 469.1886463613007 498.64999155764934 0.4840814999770373
0.999775657500769 39
2 353.02551684065116 373.4191654843796 0.4669816000096034
0.9998669156696621 39
3 269.31472904208124 279.78361495995824 0.48842860001605004
0.9996563472624251 39
4 207.79722537827556 209.96655472942027 0.45885879997513257
0.9794150740755636 39
0.9999989434706386 156
5 203.83592623201466 207.19157151485598 5.763183699978981
0.9761307451069636 39
0.999996776956345 156
6 185.13271641441466 190.36554020053293 5.659158099995693
0.9726472396811682 39
0.9999958847814957 156
7 171.66868846066518 174.56989214187638 5.719421999994665
0.9856273218199056 39
0.9999989530116344 156
8 171.66868846066518 174.56989214187638 5.573445999994874
0.9856273218199056 39
0.9999989530116344 156
9 169.58727919201564 174.1520146783292 5.638717399997404
0.9938080814557598 39
10 135.56198449758236 142.35810934740934 0.5039908000035211
0.9861934287918406 39
0.9999921304911071 156
11 117.5146702871495 123.11810568074293 5.559486499987543
0.9853546141541834 39
0.9999928819553568 156
12 93.07475562047752 97.05608024524217 5.586643199989339
0.9902923291066906 39
13 46.348788409651604 48.567323321730406 0.4717769999988377
0.9904518279178388 39
14 27.14188475962394 26.39103797656613 0.4531117999868002
0.8349594782046562 39
0.9999993514707406 156
15 22.080044544537728 21.453333407360144 5.339769300015178
0.977408524673769 39
0.9999997761149118 156
16 18.561029945317184 17.869205475063207 5.597260400012601
0.9861044472158181 39
0.9999996890346574 156
17 16.323302035956797 15.671319128733233 5.460377799987327
0.994351683204396 39
18 9.31246611654624 7.835527996860425 0.47794450001674704
0.8796441526736155 39
0.9999999023103676 156
19 8.22339308569376 7.110116421447605 5.332964200002607
0.9951597456018731 39
20 5.961644186835756 4.762932775821952 0.48421480000251904
0.49105019333031724 39
0.9999999130465341 156
21 4.911346878696757 3.9587751053903184 5.4783937000029255
0.9895025381345687 39
0.9999999172603908 156
22 4.084355807029288 3.351379750692698 5.373355399991851
0.9958849550863953 39
23 2.690948621533365 1.8469465891810415 0.4522844000020996
0.3345779245506176 39
0.9999998928523517 156
24 2.346924984537478 1.644573837663214 5.488804399996297
0.9942419481776874 39
25 1.9341522349811109 1.1824442721650457 0.46690460000536405
0.006262038496748889 39
0.9999978190263177 156
26 1.6600054910355473 0.9885113210591605 5.3032229999953415
0.9948246838515303 39
27 1.4489589923445558 0.7550698213528808 0.47254010001779534
0.01209668829496092 39
0.9999991477964155 156
28 1.2286498987763264 0.5810394437198776 5.3668868000095244
0.9937071778443262 39
29 1.1538089691718476 0.49705734134871343 0.46771879997686483
0.01202938054987066 39
0.9999993660295164 156
30 0.9993106439414214 0.37032728019388933 5.665753700013738
0.9909184096967217 39
31 0.9734943006730964 0.3421911635927974 0.5053207000019029
0.002253514877368259 39
0.9999957482186119 156
32 0.884240774149558 0.2686242712271536 5.2362321999971755
0.9936211912194846 39
33 0.8649233032914461 0.24938807694230183 0.4827893000037875
0.0004582511937664441 39
0.9999725254394525 156
34 0.8142814603599552 0.20700542366009939 5.49150059997919
0.9959699410724144 39
35 0.7959796483485143 0.19041816774181933 0.4958221999986563
0.00039934405446239265 39
0.9998741532170646 156
36 0.7894000347426582 0.1860478438818256 5.526955400011502
0.9987270135138655 39
37 0.7492768726686015 0.14759684447963242 0.48693030001595616
0.0013440177253113356 39
0.9999682002443165 156
38 0.7352125086988791 0.13430328308148606 5.56166919998941
0.9917924900373133 39
39 0.7303632476787585 0.12974829475740432 0.4934771999833174
40 3.120746229998622
-------------------------------------------------END------------------------------------------------------
22
------------------------------------Randomized only---------------------------------------------------
569.6770407915593 613.3134248393776
0.9997176712446331 39
0 510.80307802745625 548.5953601927844 0.47664540002006106
0.9997975429662217 39
1 425.36554505651145 454.04122145415243 0.44786839999142103
0.9998501190572452 39
2 330.5378434178388 348.05998892214774 0.5592938999761827
0.9998506316744127 39
3 246.17529187311231 255.8362458039861 0.9066234999918379
0.9986766803531584 39
4 201.62050923271434 204.49932108807153 0.48086939999484457
0.976017544043752 39
0.9989322072671336 156
5 157.71904246361876 157.95855600304589 2.6458113999979105
0.9874634881502294 39
0.9989147497176764 156
6 83.61597061705302 81.92899762000793 1.9934518999943975
0.9904695366493595 39
7 61.36861466246042 58.40078104025376 0.4914456999977119
0.939444398039661 39
0.9908893169295294 156
8 39.58353259658235 34.4175609537272 2.1266914999869186
0.9723721183764643 39
0.9913278603826766 156
9 30.899056583422354 27.54228607882994 2.481782099988777
0.9636202238940644 39
0.9863082785802666 156
0.9944111792276767 273
10 25.136415392490076 22.281716967810535 5.8386406999779865
0.9886922509727305 39
0.9969085775441127 156
11 20.316957064906777 17.905083388461343 2.041363700001966
0.9523617691247692 39
0.9811309467989642 156
0.9907768135847124 273
12 15.622553532876136 14.594280935448085 5.309794600005262
0.9576824758656937 39
0.9901670513207036 156
13 13.633229040060058 12.66089669639234 2.203830799990101
0.9071454027757223 39
0.9485696388418419 156
0.9662639116902779 273
0.9826985203414995 390
0.9999999999999998 393
14 10.216462806459585 9.187907928756424 8.790616099984618
0.9859819605887404 39
0.9990877808033217 156
15 7.82989113526326 6.750711278124074 1.907504600007087
0.8460252643332954 39
0.9140969624645872 156
0.958558080205554 273
0.9790091252160026 390
0.9999999999999996 393
16 5.361922451945937 4.448584994814601 9.062410999991698
0.9894281435728612 39
0.9990629056274067 156
17 4.50464214284208 3.5263560351919088 2.118194200011203
0.9126451880658447 39
0.9517886380090911 156
0.97853216550317 273
0.9893210293192336 390
1.0000000000000009 393
18 4.381714056884787 3.5925273282294667 10.040797800000291
0.9995058846318225 39
19 3.0503422553930517 2.1965007569720987 0.8149700000067241
0.6743472812330048 39
0.9594112745035402 156
0.9808363500032271 273
0.9903257668282633 390
20 2.7930137116025673 2.225248102591995 8.9590739000123
0.9972491278969674 39
21 2.307021737278793 1.62105878108389 0.8109194999851752
0.11556154952172054 39
0.8953267996755152 156
0.9531613724723723 273
0.9692329346271134 390
1.0000000000000007 393
22 1.8844549868423925 1.2102290335394437 9.071671199984848
0.996180398489024 39
23 1.6363665415720094 0.9459200172541236 0.8999980000080541
0.2555630600205412 39
0.9346800174917638 156
0.9715569960809942 273
0.983376991176085 390
1.0000000000000002 393
24 1.3135093979904249 0.6806464594217273 9.153334499977063
0.9866669787809296 39
0.9994628038835467 156
25 1.1711019748046683 0.5623442060570741 4.795459999993909
0.9628593134265448 39
0.9720691229310381 156
0.9905860976203621 273
26 1.1176124435947703 0.5060261399227354 5.6591920999926515
0.9705157039336963 39
0.9858791529742227 156
0.9879984506128652 273
0.9931133509792831 390
27 1.0673863626857203 0.4649151618392198 21.242831899988232
0.9980131783046986 39
28 1.0541469850298133 0.44948355526944167 0.6567849999992177
0.0011922144793851451 39
0.8940351978581084 156
0.9198047392716824 273
0.928883255305367 390
0.9999999999999994 393
29 0.9600389145929643 0.3850385442020564 24.002407099993434
0.9951084705259566 39
30 0.9096562866472548 0.3256194504402328 0.5279663999972399
0.25249014642049344 39
0.9617958740325113 156
0.9861417976425704 273
0.9899662258895995 390
1.0 393
31 0.8580810279613718 0.2901265688407525 26.30858929999522
0.9979808156632761 39
32 0.822978584226334 0.2456168651151328 0.4986417999898549
0.026705777288625276 39
0.9669201923841063 156
0.9926283632598191 273
33 0.8029525020648755 0.2250006485694238 7.2340406000148505
0.981195678408453 39
0.992879435638519 156
34 0.8024460184309546 0.2228930298200751 2.1265494999825023
35 5.2196019285666155
-------------------------------------------------END------------------------------------------------------
------------------------------------Krylov only---------------------------------------------------
569.6770407915593 613.3134248393776
1.0000000000000007 40
0 508.68599322126414 546.049416172474 1.8358691000030376
0.9999999999999997 40
1 397.65735544648396 422.49306822674674 1.833601099991938
1.0000000000000004 40
2 299.00362441473465 312.8595358425823 1.8075723000220023
0.9999999999999999 40
3 153.71462390565105 155.79038793050736 1.7927870000130497
0.9999999999999991 40
4 112.90086381545034 112.51486786294772 2.0115744000067934
1.0000000000000004 40
5 68.08244234574352 69.59086883939823 2.0249494000163395
0.9999999999999998 40
6 33.80913509433554 33.53572028199552 1.9910180000006221
1.0 40
7 12.284350123595228 11.26789545777807 1.9295347000006586
1.0000000000000002 40
8 5.759893433555181 4.869616157136914 1.9939390000072308
1.0000000000000004 40
9 4.893877604160912 4.254071624349121 1.8570356000273023
1.0000000000000002 40
10 2.76220911036049 2.1413202889418073 1.7790291999990586
0.9999999999999988 40
11 2.2794545913755377 1.7666523932740141 1.8616723000013735
0.9999999999999986 40
12 1.9538615641450225 1.3423349767712556 1.8632505999994464
1.000000000000001 40
13 1.6529716412184545 1.1036490923658455 1.9770317999937106
1.0000000000000009 40
14 1.598480607820371 1.0580126304006177 2.114545200020075
0.9999999999999991 40
15 1.5589384841910858 1.017285522032849 2.1086202999867965
0.9999999999999997 40
16 1.5042876164477115 0.9591114825835306 2.034046499989927
1.0 40
17 1.4418221174665669 0.8909202203219375 2.087686799990479
1.000000000000001 40
18 1.3800036172681718 0.822646497210953 2.074795400025323
0.9999999999999999 40
19 1.3162751892104767 0.753234982010147 2.0476522999815643
1.0000000000000009 40
20 1.251021968472724 0.6862473570749701 2.104221499990672
0.9999999999999984 40
21 1.1863195099229378 0.6218710408269669 2.1484710999939125
0.9999999999999987 40
22 1.1252133564421687 0.5627358455594499 2.13478860000032
1.0000000000000016 40
23 1.0929393809826575 0.5411229927721726 1.969260400015628
1.0000000000000002 40
24 1.0686736139270805 0.5096038092659219 1.86049869999988
1.000000000000001 40
25 0.8081468047379886 0.22950043458240693 1.8538227999815717
1.000000000000001 40
26 0.7944068811079771 0.21550083411828416 2.696937300002901
1.000000000000001 40
27 0.7813532419928373 0.20242857052652155 3.491996900003869
1.0000000000000009 40
28 0.771452739683915 0.19136124670919155 1.8519823999959044
1.0000000000000009 40
29 0.7615660123798343 0.180896982761437 1.8879156000039075
0.9999999999999994 40
30 0.7531251421380901 0.17192793164133327 1.8487683999992441
1.0000000000000002 40
31 0.7449397970821057 0.1626889442840761 1.8322242999856826
1.0000000000000016 40
32 0.7378949839473747 0.1551152122222906 1.8466837000160012
1.0000000000000004 40
33 0.7310748200412426 0.14675604214508312 1.8720348000060767
1.0000000000000013 40
34 0.725449483440865 0.14183437248239864 1.8276255000091624
0.9999999999999998 40
35 0.7197192937334251 0.13344961796686444 1.8584268999984488
1.0000000000000004 40
36 0.7148879492899091 0.13060008602031542 1.8236663999850862
37 1.9982577378395945
-------------------------------------------------END------------------------------------------------------
------------------------------------Hybrid---------------------------------------------------
569.6770407915593 613.3134248393776
0.9997176712446331 39
0 510.80307802745625 548.5953601927844 0.4679669000033755
0.9997975429662217 39
1 425.36554505651145 454.04122145415243 0.4870878000219818
0.9998501190572452 39
2 330.5378434178388 348.05998892214774 0.4915888000105042
0.9998506316744127 39
3 246.17529187311231 255.8362458039861 0.49745439999969676
0.9986766803531584 39
4 201.62050923271434 204.49932108807153 0.49991560002672486
0.976017544043752 39
0.9999972540526174 156
5 192.59847512397934 197.5703839074456 5.455710900016129
0.9777727727427238 39
0.9999963306103403 156
6 192.57502257450577 197.32195005119445 5.635285600001225
0.9922356137753557 39
7 170.3595442443709 174.96913561780505 0.49970879999455065
0.9801905625397188 39
0.9999972494872856 156
8 155.72896237255338 156.53145038914607 5.5258298000262585
0.9809548088349809 39
0.9999977465793014 156
9 133.072558013938 132.65150041022594 5.415988399996422
0.9932631104670312 39
10 91.28132153182544 90.77875015715186 0.48084959998959675
0.9931040529688525 39
11 46.30163935705256 43.28277668570289 0.4910035000066273
0.8664250577032331 39
0.9999973348235285 156
12 38.652637901001505 36.07060277708466 5.526232100004563
0.9201893073261072 39
0.9999987810730218 156
13 31.71307390442686 29.553847924032834 5.43980819999706
0.93887506492718 39
0.9999946251684353 156
14 25.08708329416642 23.72465617107267 5.1687825999979395
0.9888440194583745 39
0.9999994827550572 156
15 22.13291802846713 21.149426208196463 5.384862699982477
0.9964418782454878 39
16 8.01475645356029 7.133142888986357 0.5408984000096098
0.9274065834657506 39
0.9999994921746398 156
17 7.4022947683330145 6.47623406286019 5.301734400010901
0.9892332027599096 39
0.9999998941699533 156
18 6.121240154314451 5.300144470212647 5.355332200007979
0.9928157438480899 39
19 3.3925561038847336 2.5660872025146118 0.5026264000043739
0.8050099428304088 39
0.9999999828826939 156
20 3.048767237191245 2.2830025350563465 5.289973699982511
0.9811345666581186 39
0.9999999447799715 156
21 2.5233431254942427 1.8188771307535936 5.339989300002344
0.9903265968180214 39
22 1.746879141745212 1.0172849463381848 0.4838570000138134
0.36551136225278147 39
0.9999999844615545 156
23 1.6358517792152687 0.9112940314235282 5.309487000020454
0.9973446628585162 39
24 1.0627108673019272 0.40558282862726946 0.49294409999856725
0.16111432321296362 39
0.9999990793129202 156
25 0.9466014628812683 0.31475326503936724 5.387478000018746
0.9910215434095693 39
26 0.9191502470568339 0.28551388113340637 0.5081172999925911
0.00027817773083202294 39
0.9999643690285208 156
27 0.8456816238110351 0.23300522487221584 5.403859000012744
0.9954867040726735 39
28 0.8232248262848171 0.20534237064309696 0.45136410000850447
0.0006055012970105759 39
0.9999673649114739 156
29 0.7762316830043041 0.17535222388976376 5.319955099985236
0.9966778138610771 39
30 0.7586345023105427 0.15129940203822775 0.49755800000275485
0.0004846893406021208 39
0.99997335880017 156
31 0.7285706076637898 0.13389235185688228 5.335429099999601
0.9973337786287394 39
32 0.7149447825769781 0.11441427927692809 0.49396819999674335
0.0003030066647605296 39
0.9999550695222799 156
33 0.6930140308876126 0.10084903806589347 5.353818200004753
0.9970725882070323 39
34 0.6854571128277364 0.08960723886862769 0.47056469999370165
6.296483691478426e-05 39
0.9995408108589934 156
35 0.6698623598588359 0.0794992893315873 5.352348599990364
0.9967299370272567 39
36 0.665540689377987 0.07299528349970555 0.4720551000209525
37 3.0035522594635777
-------------------------------------------------END------------------------------------------------------
23
------------------------------------Randomized only---------------------------------------------------
573.149430650383 609.3803458551571
0.9997069829095583 39
0 513.7658676987628 545.0558144400649 0.474576500011608
0.9997807776235152 39
1 427.41868740956716 451.1541440677063 0.4993366000126116
0.9998143279431705 39
2 331.47941736926794 345.3682395094223 0.814753099984955
0.9997509832488476 39
3 258.1196482796426 265.7362071631203 0.7338792000082321
0.9974640376882193 39
4 214.64613320513953 219.965903775759 0.4916236999852117
0.9800292123807951 39
0.9984690593607347 156
5 176.02550933182556 176.57374895062216 1.900242999981856
0.9733509409686613 39
0.9975317518209315 156
6 117.257550739775 112.91573619782878 2.11155209998833
0.9610368281900724 39
0.9958275887685502 156
7 76.6707604750458 76.73493604287074 2.077134899998782
0.9585706480138941 39
0.9937120732317924 156
8 51.659632041044816 51.23362373393713 2.4440415000135545
0.955702164654778 39
0.9907957299439016 156
9 37.5656487989832 35.988846807999316 2.0317784000071697
0.9644126544234973 39
0.9878396309107355 156
0.9958910046127862 273
10 24.757815513479418 22.626067222291802 4.9218772999884095
0.9587697838119997 39
0.9912524607269413 156
11 19.010503497477256 17.066644847906993 1.9670770000084303
0.9176499261577368 39
0.9640998536477294 156
0.9823555427920874 273
0.9909896601841153 390
12 13.365551549191832 11.429443364043383 8.615920599986566
0.9631516627365977 39
0.9929434722723538 156
13 10.680570597374201 8.93000440184738 2.0381167999876197
0.893542578927595 39
0.939017021973972 156
0.9659380959005426 273
0.9787798310552559 390
1.0 393
14 7.543231026516613 5.979169500481372 8.48081269999966
0.9978974543171939 39
15 6.894467367789277 5.290446787685416 0.48624450000352226
0.3782618343967046 39
0.7794945652813325 156
0.9007326403625912 273
0.9424023307588969 390
0.9999999999999994 393
16 4.858605312215489 3.6379469448835184 8.645365899981698
0.9843230162542532 39
0.9967514344104648 156
17 4.4090232143556545 3.314629829959913 2.0542498000140768
0.6019690037449834 39
0.6943505992018119 156
0.8779642704365587 273
0.9404601371955041 390
1.0000000000000004 393
18 3.248899398336661 2.3562045110300396 8.825453299999936
0.991029502928545 39
19 3.1030664890004678 2.1848732717331365 0.47923310002079234
0.06119040846510477 39
0.5712047894930599 156
0.8194827005101047 273
0.9093319933704059 390
1.0000000000000004 393
20 2.6591650773166595 1.8625169470440828 9.26453029998811
0.9989584199367233 39
21 2.231065310006731 1.4832756561200868 0.4829424000054132
0.07553314911191554 39
0.8569767404693761 156
0.9388352449996932 273
0.9702220447973319 390
1.0000000000000004 393
22 1.7505151354979018 1.133883848022895 10.677912899991497
0.9975015258959871 39
23 1.630840988465979 1.0169044311787723 0.5125375999778043
0.02524289769689367 39
0.8762632090763709 156
0.9502351485347861 273
0.9777130864466725 390
0.9999999999999998 393
24 1.3658584090430963 0.7795011920849001 8.600444200012134
0.9976336851827392 39
25 1.251533377183949 0.6706324749259729 0.4900375000142958
0.04641324586859328 39
0.8985063687529791 156
0.9595550509854441 273
0.9799933122981955 390
0.9999999999999994 393
26 1.0631843800300878 0.5040245556307434 8.792631799995434
0.9934174592545203 39
27 1.0119566247643736 0.4502333480793868 0.47366029999102466
0.014845761187676623 39
0.9336489522817301 156
0.976016655562164 273
0.9882464014014561 390
1.0000000000000004 393
28 0.9324162566981266 0.36740227073196435 8.738520599988988
0.9944801238534006 39
29 0.875039363169306 0.30618264662573136 0.49423060001572594
0.06692819470612904 39
0.9556581580839433 156
0.9841667232035302 273
0.9922556510014126 390
30 0.827710847210003 0.25698991661293785 10.07340209998074
0.9848873137293771 39
0.9946451032175073 156
31 0.8265136089865007 0.25591220334590215 2.23565069999313
32 3.779055343748041
-------------------------------------------------END------------------------------------------------------
------------------------------------Krylov only---------------------------------------------------
573.149430650383 609.3803458551571
1.0000000000000004 40
0 509.1464481983425 539.0562598914457 1.816131800005678
1.0 40
1 363.15390870001175 381.6102733515881 3.226113599987002
1.0000000000000002 40
2 339.90402971983406 352.06442577685584 3.121755400003167
0.9999999999999998 40
3 217.2984061097673 223.6993624846099 2.230875899986131
0.9999999999999994 40
4 123.03146509849502 123.66012534314096 2.0763660999946296
1.0000000000000007 40
5 80.62090389350831 79.42362310078707 2.4633676999947056
1.0000000000000007 40
6 37.008558068860815 36.34666476626821 1.836327800003346
1.0000000000000013 40
7 10.337281569100101 9.885169451952825 1.8445955000061076
0.9999999999999989 40
8 5.85086970526658 5.009534587033828 1.842919200018514
1.0000000000000002 40
9 2.074184758316037 1.4689617981617897 1.8627189999970142
0.9999999999999998 40
10 1.5826681420437247 0.9783703041609249 1.8782374000002164
0.9999999999999996 40
11 1.2918565110367553 0.74944137730909 1.887161799997557
1.0 40
12 1.252315524496358 0.7015015880459304 1.888731800019741
1.0000000000000004 40
13 1.1083835845300434 0.5596686051287653 1.9128593999776058
0.9999999999999989 40
14 1.0481522506444187 0.49835711421258244 1.8905992999789305
1.0000000000000004 40
15 0.9832339951007257 0.4203050697337987 1.9594627999758814
1.0000000000000007 40
16 0.9476556171780434 0.3937071306177777 1.8628278999822214
1.0000000000000009 40
17 0.9108912843449761 0.3448302066920955 1.8811363999848254
1.0000000000000004 40
18 0.8893588492064922 0.3280207360855719 1.8915612999990117
0.9999999999999993 40
19 0.8661114226323305 0.29466020991901565 1.874851900007343
1.0000000000000007 40
20 0.8485789268613669 0.28178585542741974 1.88613600001554
0.9999999999999994 40
21 0.8328347525316263 0.2592011102526445 1.923855300003197
1.0000000000000002 40
22 0.817284270213155 0.24814503551450834 1.9616653000121005
1.000000000000001 40
23 0.8058894056141176 0.2323776664593443 1.8920171999779996
1.0000000000000002 40
24 0.7918544652044633 0.22197881781485176 1.9083127999911085
0.9999999999999992 40
25 0.7824808858159803 0.2101925112519162 2.7884513000026345
0.9999999999999993 40
26 0.7695767637652784 0.19912875581975759 3.1515962000121363
0.9999999999999998 40
27 0.7607158395804079 0.18909973193317586 2.6946830000088084
1.0000000000000007 40
28 0.7492374493203537 0.1783882274855072 2.4351828999933787
0.9999999999999998 40
29 0.7413368020804499 0.17015836749779148 3.0722482999844942
1.0000000000000004 40
30 0.7316084530060692 0.16020604523024526 2.7722975999931805
1.000000000000001 40
31 0.7247075667958405 0.15360090159844486 4.484827899985248
1.0 40
32 0.717119563575601 0.14492262147046153 3.471352199994726
0.9999999999999998 40
33 0.7113656518278698 0.1392847943161179 4.746917799988296
1.0000000000000002 40
34 0.7056454373248003 0.1324437699838493 3.173606700001983
1.0000000000000002 40
35 0.7010476955538095 0.12758370742099207 1.9058588999905623
36 2.3754892055520838
-------------------------------------------------END------------------------------------------------------
------------------------------------Hybrid---------------------------------------------------
573.149430650383 609.3803458551571
0.9997069829095583 39
0 513.7658676987628 545.0558144400649 0.5238653999986127
0.9997807776235152 39
1 427.41868740956716 451.1541440677063 0.511283400002867
0.9998143279431705 39
2 331.47941736926794 345.3682395094223 0.4989025999966543
0.9997509832488476 39
3 258.1196482796426 265.7362071631203 0.5016946999821812
0.9974640376882193 39
4 214.64613320513953 219.965903775759 1.0546881000045687
0.9800292123807951 39
0.9999957888176879 156
5 207.33420955104953 210.4818569510054 7.835600000020349
0.9662289211426452 39
0.9999620942617768 156
6 199.54498900923588 202.60924030077317 8.316597299999557
0.9658104117185211 39
0.9999867195927247 156
7 191.84877183839504 190.05707327053133 9.12146599998232
0.8840378307615802 39
0.999778375667248 156
8 121.51996697622792 121.34855377314557 11.031175100011751
0.8988859143295995 39
0.999875750260319 156
9 77.21255362779908 78.45023451428943 6.0217682000075
0.9462305762778013 39
0.9997407593778246 156
10 35.273849295851946 34.56287124197755 7.482396699982928
0.9798317930320135 39
0.9999908004723959 156
11 22.40867154173323 22.035457419890605 8.61754030000884
0.9965339515558319 39
12 7.45585103375534 6.569079741865635 0.5354848999995738
0.8569896605634274 39
0.999999362150309 156
13 5.851003902569776 5.18143683197687 8.769439600000624
0.961343792989754 39
0.9999989526901305 156
14 4.811065741193219 4.316180908698281 8.598869699984789
0.987428030231439 39
0.9999987708413246 156
15 4.063982158067828 3.6531091684792734 5.56707649998134
0.9930793814309523 39
16 2.746724661524994 2.118007216059971 1.0430811999831349
0.5782148402212935 39
0.9999998565641788 156
17 2.2364029163210737 1.6720276479804408 8.639671599987196
0.9512425032234291 39
0.999999386036444 156
18 1.8798333764283932 1.3729737295293847 8.668078199989395
0.9929815987544862 39
19 1.3596049922265043 0.7495630333507345 0.5164938000089023
0.39800763980574433 39
0.9999999011243006 156
20 1.1836968172493156 0.6446292448722204 10.814505899994401
0.9975558742221017 39
21 1.0101925770490954 0.4331938256710961 0.49234090000391006
0.027453939499774115 39
0.9999987614651206 156
22 0.9227203314925068 0.3469750920775605 5.431987099989783
0.9851255460006717 39
0.999999884093991 156
23 0.8702276726767232 0.29314901158004125 5.526505799993174
0.9960374842839813 39
24 0.8381068182308132 0.2542509761262386 0.491975300014019
0.001523409551155845 39
0.9999814581949119 156
25 0.7923841660165563 0.20920956467102086 5.5454343000019435
0.9888231412435888 39
0.9999999363454909 156
26 0.7612607078801373 0.17830849225034598 5.4711260000185575
0.9962235368894709 39
27 0.747043590782802 0.16184351782755663 0.4697902000043541
0.000861679306488033 39
0.9999769162301116 156
28 0.7309485128286513 0.14705848546644448 5.20836939997389
0.9983401957377581 39
29 0.6970401131385977 0.11202455305844226 0.49878310001804493
0.003421210219979282 39
0.999982683243308 156
30 0.676997939647829 0.0912753492886788 5.468187299993588
0.995909156904369 39
31 0.6673842396341546 0.08186985170592755 0.4667741000012029
0.00043834353835510626 39
0.9998891083796423 156
32 0.6590199468268625 0.07166332020283184 5.25638410000829
0.9963359768371134 39
33 0.6496052263685447 0.06322513186483884 0.48194329999387264
0.0025687747901849338 39
0.9999934959302405 156
34 0.640237898147551 0.05450877055142859 5.699342000007164
0.9926547448760739 39
35 0.6376871348949917 0.051021531950662904 0.7206166999822017
36 4.497201077775874
-------------------------------------------------END------------------------------------------------------
24
------------------------------------Randomized only---------------------------------------------------
536.0712997168936 563.8052598420368
0.9997521026650157 39
0 483.12024549326486 507.2056551674949 0.8336082999885548
0.9998212546469463 39
1 406.46521257098516 424.82611700441305 0.49526629998581484
0.9997997045286005 39
2 323.1482272863455 335.09147148513375 0.46423159999540076
0.9998055170977265 39
3 263.56171787741465 271.88226080507167 0.48009329999331385
0.9992070675396358 39
4 229.99172827079371 234.15161944099196 0.4841590999858454
0.9803218972995402 39
0.9991581196078944 156
5 155.83482626476035 152.3903797034949 2.0568211000063457
0.953913827344625 39
0.9954669719924993 156
6 92.8652439016882 90.89795395917139 2.081528899987461
0.9336915245458608 39
0.9901025081425501 156
7 57.64118410141198 57.61890077284751 2.0328308999887668
0.9222685194937019 39
0.9821028958452315 156
0.9939691624252517 273
8 34.28282439038717 31.716303055136216 14.766548599989619
0.8944785337661662 39
0.9795184201509657 156
0.9899527716143528 273
0.9941599411223521 390
9 21.150105744000182 19.07312658819412 9.150749699998414
0.9577419110831985 39
0.9914748032878997 156
10 15.92059353960717 13.616557727280686 3.8444962999783456
0.8296869140649804 39
0.9395349560024102 156
0.9675545455562881 273
0.9800766145997394 390
1.0000000000000002 393
11 10.826297553283432 9.55401689380761 10.392535999999382
0.9705465790260908 39
0.9965270524437071 156
12 6.73059407221278 5.5334510393946745 4.254138900025282
0.6937777316631734 39
0.8372580856070991 156
0.932626363280718 273
0.9603451963660099 390
1.0 393
13 5.368919105406497 4.720599730581238 9.108382899983553
0.9867177589198237 39
0.9987592992337334 156
14 3.427313171871727 2.7212511723253123 4.052070499979891
0.9039011275461478 39
0.9422174793590976 156
0.9768287580228928 273
0.9869355811985447 390
1.0 393
15 2.813663760469886 2.161280003570403 11.485325600020587
0.9958289075729886 39
16 2.2811404729966336 1.6361833099239667 0.7986948000034317
0.1590726672730761 39
0.8751706003888656 156
0.9381040021001349 273
0.9615551616402124 390
0.9999999999999999 393
17 1.917528608501939 1.3634433815852836 9.180252700025449
0.9704654729802648 39
0.9969625122173092 156
18 1.5959860195858961 1.0037600199333232 2.393195199983893
0.35911405894487153 39
0.40953947083051595 156
0.7586493877516789 273
0.8686999779515268 390
0.9999999999999998 393
19 1.3590758908835812 0.7793513792469527 9.241299499990419
0.9819028366575676 39
0.9987751259884953 156
20 1.2284341729594144 0.6254115011303358 2.1735841000045184
0.7775059829271862 39
0.7897818770190436 156
0.8837563474962498 273
0.9186258121338287 390
0.9999999999999996 393
21 1.1056856434604543 0.5292480160375195 8.665293800004292
0.9943179508504683 39
22 1.021305025199136 0.4515189639869946 0.501306599995587
0.10369795603967635 39
0.8699414045389069 156
0.9395973977231262 273
0.9593085919290081 390
0.9999999999999998 393
23 0.9246716269369419 0.33021295774485565 10.262198100012029
0.9934260041874313 39
24 0.8648224427391693 0.2701775642474875 0.5358425000158604
0.01931807628798795 39
0.9322098952458899 156
0.9656187350719113 273
0.9747731215378805 390
0.9999999999999994 393
25 0.7950316377556094 0.20212442234549255 8.875115500006359
0.9990360758733596 39
26 0.7715977657937102 0.1797724815025126 0.49795640000957064
0.00537993682082276 39
0.854739938172105 156
0.9082657484780445 273
0.9302901223090243 390
1.0 393
27 0.7390109980205947 0.15181078956146218 8.641819799988298
0.9956152646642437 39
28 0.7229666381305502 0.13418582923224917 0.492516300000716
0.0016714556484615293 39
0.923339588068639 156
0.9505476247607582 273
0.9619461273970968 390
1.0000000000000002 393
29 0.6990687302908869 0.11409705430887844 9.564087799983099
0.9979676609122371 39
30 0.6927483422276317 0.10486580743224831 0.4890499000030104
0.00207194266660551 39
0.7943653607493825 156
0.8643246761030916 273
0.8944544935454751 390
1.0000000000000004 393
31 0.6776187699507363 0.09180893662097929 8.92020870000124
0.9972515446033452 39
32 0.6734953775031994 0.08494802098473628 0.47972840000875294
33 4.7786344878770635
-------------------------------------------------END------------------------------------------------------
------------------------------------Krylov only---------------------------------------------------
536.0712997168936 563.8052598420368
0.9999999999999997 40
0 480.40850713441966 503.8863047183201 1.8912279000214767
0.9999999999999998 40
1 394.02496452517545 412.32405681004997 1.833846999972593
0.9999999999999998 40
2 249.42370640206906 259.83698419051444 1.8541278000047896
0.9999999999999997 40
3 180.09358522808736 191.7443423367534 1.9639969000127167
1.0000000000000007 40
4 111.35022925417958 115.84317288647833 1.9953177999996115
0.9999999999999994 40
5 96.35335466094645 95.18797833820614 1.8620861000090372
1.000000000000001 40
6 18.15116625308655 17.458521560991706 1.8902966000023298
1.0 40
7 15.700054881487164 14.604473652091002 1.8295997999957763
0.9999999999999998 40
8 5.366767766180704 4.262218927844779 1.8285615000058897
1.0 40
9 2.0185563453161253 1.3386046475659452 1.838904400006868
0.9999999999999993 40
10 1.0857511470797006 0.4626223626574898 1.765916800010018
0.9999999999999996 40
11 1.0444055117539486 0.4243551886850948 1.822081899998011
0.9999999999999993 40
12 0.8468567045577973 0.2270105314128607 1.8418401000089943
1.0000000000000004 40
13 0.8210295057112317 0.20884189510683523 1.8596553999814205
0.9999999999999984 40
14 0.7761166026086502 0.16913327530184868 1.8035580000141636
0.9999999999999997 40
15 0.7554098948711735 0.14777842997388305 1.8695408000203315
1.0 40
16 0.742968499575875 0.14256458064710237 1.847142000013264
1.0000000000000009 40
17 0.7223044818497316 0.11997857547045138 1.7956790000025649
1.0000000000000007 40
18 0.7132563619142446 0.11598234632945872 1.8741719999816269
1.0 40
19 0.699067581100072 0.09924830143684374 1.9593364000029396
0.9999999999999998 40
20 0.6914491518871497 0.09581218946371994 3.4879926000139676
1.0000000000000004 40
21 0.6831780772812724 0.08496417881069397 1.8179978000116535
1.0000000000000004 40
22 0.6769729391162839 0.08200321255018649 1.8924872000061441
0.9999999999999987 40
23 0.6711411257812139 0.07365108680239228 1.870467100001406
1.0000000000000016 40
24 0.6662833386557498 0.07157981737597899 1.8306457000144292
1.0000000000000007 40
25 0.6622968556875216 0.06557446427626533 1.832741000020178
0.9999999999999998 40
26 0.6584202963905518 0.06408242314226038 1.7936729999782983
0.9999999999999998 40
27 0.6554136729864856 0.05933955930621933 1.8347894000180531
0.9999999999999994 40
28 0.6524177122952262 0.058248595978246456 1.805695499991998
1.0000000000000004 40
29 0.6500012088037561 0.054516970212809726 1.9313010000041686
1.0000000000000002 40
30 0.6475753586079683 0.05383606738937231 1.855923499999335
31 1.9090516774233566
-------------------------------------------------END------------------------------------------------------
------------------------------------Hybrid---------------------------------------------------
536.0712997168936 563.8052598420368
0.9997521026650157 39
0 483.12024549326486 507.2056551674949 0.4725138999929186
0.9998212546469463 39
1 406.46521257098516 424.82611700441305 0.5173795000009704
0.9997997045286005 39
2 323.1482272863455 335.09147148513375 0.6350430000165943
0.9998055170977265 39
3 263.56171787741465 271.88226080507167 1.048224800004391
0.9992070675396358 39
4 229.99172827079371 234.15161944099196 0.4783471999980975
0.9803218972995402 39
0.9999998822360776 156
5 229.3120812934062 232.60691729851484 5.94390129999374
0.9764518016223261 39
0.9999991549257665 156
6 229.3120812934062 232.60691729851484 5.605275799985975
0.9764518016223261 39
0.9999991549257665 156
7 225.08913846169483 227.79622503604384 8.828207500017015
0.9745764262671817 39
0.999996187209952 156
8 201.45180599601483 204.53356274809468 5.611110800004099
0.9838445079416365 39
0.9999935022092905 156
9 191.64469130654763 194.46254945167607 9.028749000019161
0.9937005232250915 39
10 86.09043280097112 86.5590171210365 1.0181708000018261
0.9318662745029548 39
0.9999866903477926 156
11 64.94153307638851 66.25961099134878 5.70696000001044
0.9787690722902543 39
0.9999951793221439 156
12 45.09026574904666 45.879655890758315 9.05199890001677
0.9946905235743716 39
13 16.445393539795337 15.224723910356378 0.5814456999942195
0.9335541998145678 39
0.9999987904136894 156
14 11.826524676976154 10.562984464861833 9.300544700003229
0.9447142332673291 39
0.9999992550789013 156
15 10.546296902223036 9.549740213462306 5.8658064999908675
0.9932458434173562 39
16 6.551001998292772 5.4574705584789 1.063291800004663
0.8643852011776759 39
0.9999999448330562 156
17 5.3433133954159775 4.54132299273667 5.736384599993471
0.9794661709224765 39
0.9999999588246958 156
18 4.140478656593619 3.4452678301791275 6.056342199997744
0.9888207628114225 39
0.9999999561703322 156
19 3.085395408897987 2.4549470307423205 5.602447899989784
0.9922806272830027 39
20 2.070150143000133 1.3618321974651753 0.5860733000154141
0.48336320195182153 39
0.9999999787025335 156
21 1.7276335742917799 1.087265856345973 5.457635700004175
0.9990669384077628 39
22 1.150945877960702 0.5019771325039248 0.4935950000071898
0.13699059443895567 39
0.9999999094254322 156
23 1.1336292566775585 0.5375065333561492 5.237491800013231
0.9995275477795297 39
24 0.832673019280293 0.22120223806690567 0.49740510000265203
0.030031384328381813 39
0.9999984080878882 156
25 0.7633352189708125 0.16993910824992808 8.323291499982588
0.9961257881352648 39
26 0.7213235152317228 0.12239710002885297 1.0031093999859877
0.038249375690146546 39
0.9999997975625343 156
27 0.7075986617227839 0.115545364648543 7.928961199999321
0.9994004105139341 39
28 0.6734184229017247 0.07965601925605502 0.4925537999952212
0.07155503945552795 39
0.9999998943903581 156
29 0.6701509707722261 0.08143405281129727 5.31549440001254
0.9996427727614502 39
30 0.6497547081726405 0.057786958896725395 0.4671840999799315
0.0025472709789144364 39
0.9999975386170132 156
31 0.6383067965404706 0.04576059947480037 5.382770500000333
0.992320480070261 39
32 0.6369744334033433 0.0446243230071704 0.5107506000204012
33 3.9348018878804534
-------------------------------------------------END------------------------------------------------------
25
------------------------------------Randomized only---------------------------------------------------
687.5610103372637 731.1910064228315
0.9997073215689979 39
0 608.2012785567696 646.5650156484621 0.4682316000107676
0.9997649179374322 39
1 493.0713554303035 523.1399135307548 0.46870189998298883
0.999798851671668 39
2 366.737054876874 385.2589925686045 0.47289820000878535
0.9998482196511373 39
3 273.0971644654667 280.6607162830646 0.48762660002103075
0.9993812403403194 39
4 217.2640437082362 222.05467356791772 0.45801649999339134
0.9471323843153525 39
0.9973674084313551 156
5 142.16032332388662 142.4688880202966 2.018038100010017
0.9654091822886381 39
0.99614870047686 156
6 96.55800419492677 97.67358437172807 2.1627841999870725
0.966466388697726 39
0.9941584014862938 156
7 65.16150176543107 63.428833128871496 2.13257159999921
0.9603847927654253 39
0.9917458130173894 156
8 44.38148405259929 40.90002153479499 5.817470100009814
0.9597603260199641 39
0.9899242250676168 156
0.9965216700936652 273
9 27.36061008255294 25.072469472356964 5.949924799992004
0.9403542337228987 39
0.9912091606191914 156
10 17.945167066005727 16.759732467840056 6.953383300016867
0.9474787965437517 39
0.9779951335864829 156
0.9901623113662258 273
11 13.221695313710972 12.226033887301332 5.209468999993987
0.9030198795921301 39
0.9671054085765558 156
0.981011598810339 273
0.988693473421279 390
1.0000000000000002 393
12 11.030250298234963 10.782912968214113 31.28842599998461
0.9822528445477076 39
0.9988222529493105 156
13 5.78033183152101 4.735465519373442 2.2580691000039224
0.9399732368260714 39
0.9715051375144805 156
0.9900839679742932 273
14 4.580315695640449 3.267811086235829 9.610015299986117
0.8706910684633431 39
0.9320795476877549 156
0.9456056057850339 273
0.9676553087276833 390
1.0000000000000004 393
15 4.036652601089697 3.095523654367689 9.138073299982352
0.9915514574869757 39
16 2.899384756217818 1.9226241207666765 0.951905900001293
0.615667641823356 39
0.9581069165282825 156
0.9835062950130601 273
0.9905769335634107 390
17 2.419541860829473 1.6048941402403827 8.653722399991238
0.9976901827374565 39
18 2.28585637111217 1.4718402272205708 0.7933307999919634
0.07034570594817931 39
0.7887681943890554 156
0.8566704375338046 273
0.882864954612697 390
1.0000000000000002 393
19 1.8502267142193043 1.1412995176612266 9.166513399977703
0.9914134022546143 39
20 1.7584865262330382 1.0324038088630745 0.9766058000095654
0.06417422260659034 39
0.8169662609881768 156
0.8927084621309251 273
0.9192525653946448 390
1.0 393
21 1.5361150856285124 0.8597755258947434 10.281946800008882
0.9954293760863826 39
22 1.3843822779536838 0.7114643417355823 0.46784820000175387
0.10571115522909941 39
0.8743027465592529 156
0.9388681450261933 273
0.9616098516649412 390
1.0000000000000002 393
23 1.180640023747236 0.535487649737307 8.744038199976785
0.9821286210896168 39
0.9985849902014216 156
24 1.0938070563200024 0.4660517115128439 2.0348559000412934
0.9060306963664281 39
0.911586453235765 156
0.9610454515093388 273
0.9802690228278689 390
1.0000000000000002 393
25 0.9544338364296678 0.37380852725947133 8.404790000000503
0.9919270986173122 39
26 0.9142020693118786 0.3222057858700414 0.4475933000212535
0.027807346957427936 39
0.8080023706244622 156
0.9267606169392099 273
0.9673158138377652 390
1.0000000000000007 393
27 0.8396740247913329 0.27336318952730654 8.678718800016213
0.9968075287295072 39
28 0.8037519464439484 0.2262130478755071 0.4913646999630146
0.07703133164934955 39
0.9384220811089923 156
0.9796762141920652 273
0.9921796521441535 390
29 0.7708231316450616 0.2022046253355712 8.741616700019222
0.993756722927403 39
30 0.7568663867318203 0.1840729552047763 0.48216519999550655
0.042863997262076244 39
0.9124107039643409 156
0.9347953423665984 273
0.9422579599916276 390
1.0000000000000004 393
31 0.7185381568524041 0.14123394657766472 9.043627100007143
0.9932060904101853 39
32 0.7124962481961771 0.13411858366467372 0.47709240001859143
0.03763638600138763 39
0.8686821642724399 156
0.92515079056754 273
0.9401708200304149 390
1.0 393
33 0.6910743247188963 0.11079603495136063 8.723501999978907
0.9969114484591395 39
34 0.6825870136140855 0.10093508510526897 0.4827200999716297
0.12959308278521586 39
0.9324847168152959 156
0.9677617355961771 273
0.9793001374274011 390
1.0000000000000004 393
35 0.671253016529342 0.08591117993792292 8.725379699957557
0.9989152489737304 39
36 0.6631201890850488 0.07768824144247818 0.4597955999779515
0.01210099619517051 39
0.9582931489628058 156
0.9799389727610448 273
0.986962130826289 390
1.0 393
37 0.6521887761306797 0.06563062466511936 10.108348600042518
0.9880459503456137 39
0.9997209289728832 156
38 0.649922321168581 0.0626672299093385 3.68277960002888
39 5.023434892307239
-------------------------------------------------END------------------------------------------------------
------------------------------------Krylov only---------------------------------------------------
687.5610103372637 731.1910064228315
1.0000000000000002 40
0 602.1784811626493 638.9119601709316 2.5256000999943353
0.9999999999999998 40
1 466.1285223086616 493.1024854457391 1.8077280999859795
1.0000000000000002 40
2 280.7184378923433 284.9235850345058 1.8148145000450313
0.9999999999999997 40
3 133.2469940392701 135.9143345033892 1.832066900038626
1.0000000000000007 40
4 106.96927115503918 109.10354953269061 2.3833054000278935
1.0000000000000002 40
5 86.54308299744132 87.96929433147993 3.4560110999736935
1.0000000000000007 40
6 45.44569783261718 46.63996583492835 2.127933599986136
0.9999999999999991 40
7 23.843204438129817 23.530956012615658 2.2161089000292122
0.9999999999999992 40
8 13.535261054346957 11.844002008810603 1.9137158999801613
0.999999999999999 40
9 6.185491218413308 4.899591501674976 2.0482796999858692
1.0000000000000002 40
10 4.592656022163048 3.5775506066447735 1.9632852000067942
0.9999999999999997 40
11 3.030344966241536 2.266316687835949 2.9763488000025973
1.0000000000000009 40
12 2.34779324778284 1.5412646348406593 3.451792799984105
1.0000000000000009 40
13 1.5022343867215442 0.786396160449723 1.8619315000250936
1.0000000000000009 40
14 1.3255381969359046 0.6753282395522586 1.8006981000071391
0.9999999999999996 40
15 1.211412646888088 0.5909914005909661 1.8390998999821022
1.0000000000000007 40
16 1.0933514572628076 0.48736461992090924 1.811739100026898
0.9999999999999994 40
17 1.0234277012087878 0.4217178514902609 1.743212000001222
0.9999999999999996 40
18 0.9715627934205026 0.3785521332173321 1.8567622999544255
0.9999999999999987 40
19 0.9308954226775342 0.33421518225301416 1.8301335999858566
1.0000000000000009 40
20 0.8977164305738681 0.31022060643546173 1.8729885999928229
0.9999999999999994 40
21 0.8725672284996087 0.28229572388076946 1.856990699947346
1.0000000000000004 40
22 0.8522913310216856 0.2639770688198879 1.8743981000152417
1.0000000000000009 40
23 0.8352933886057119 0.24893163361024181 1.8054799999808893
1.0 40
24 0.8204816498787404 0.23376960552413767 1.8299788000294939
0.9999999999999999 40
25 0.8079395682372067 0.21960042852241748 1.8524071999709122
0.9999999999999996 40
26 0.7962727915301407 0.2091263248294008 1.8644124999991618
1.0000000000000002 40
27 0.7866895420331979 0.19783321185865943 1.878128000011202
0.9999999999999992 40
28 0.7777726889806916 0.1896425720265816 1.9279435999924317
0.9999999999999998 40
29 0.7701065227966792 0.1801392910672716 3.296331499994267
0.9999999999999998 40
30 0.7628822440780629 0.1733663903256217 1.8372734999866225
0.9999999999999999 40
31 0.7566441414324286 0.16561000771074963 1.8541617000009865
1.0000000000000004 40
32 0.7507166180812632 0.15998708135418144 1.8418533999938518
1.0000000000000013 40
33 0.7452274144719109 0.15242225069433737 1.8409996000118554
0.9999999999999994 40
34 0.7399388228787496 0.147358799587405 1.8514057000284083
1.0000000000000004 40
35 0.7353284960415467 0.1417034767386963 2.018718399980571
36 2.071223299998868
-------------------------------------------------END------------------------------------------------------
------------------------------------Hybrid---------------------------------------------------
687.5610103372637 731.1910064228315
0.9997073215689979 39
0 608.2012785567696 646.5650156484621 0.4781273000407964
0.9997649179374322 39
1 493.0713554303035 523.1399135307548 0.4951870999648236
0.999798851671668 39
2 366.737054876874 385.2589925686045 0.48706230003153905
0.9998482196511373 39
3 273.0971644654667 280.6607162830646 0.5039091000217013
0.9993812403403194 39
4 217.2640437082362 222.05467356791772 0.4411166999489069
0.9471323843153525 39
0.9999920479391348 156
5 214.5620925273613 221.93935368322025 5.52100559999235
0.9770049890948154 39
0.9999941231200813 156
6 192.78544752814196 199.51928029198726 5.667051700002048
0.9800468631467896 39
0.9999810318126252 156
7 188.686321709528 191.47022395522845 5.462505000003148
0.9914933804816254 39
8 105.82239296274427 105.30547722993374 0.49554879998322576
0.9553951025540247 39
0.999994530258045 156
9 50.23858653412229 50.120360703785984 5.541720799985342
0.9549030707278121 39
0.9999914839052824 156
10 50.08187398448891 52.911886035230744 5.175734899996314
0.9851133700657296 39
0.9999986335375408 156
11 28.259189535974677 27.7756540821818 5.786955400020815
0.9974075166629498 39
12 6.538641657539993 5.526278763915039 0.49718809995101765
0.8117590957647395 39
0.9999997118320835 156
13 4.789711216173449 3.977646115278373 5.263831299962476
0.960447049905762 39
0.9999998507443733 156
14 4.7614444106489 4.058419261963832 5.521573299949523
0.9972616830566098 39
15 2.01990651863467 1.336465151991332 0.5150013000238687
0.6196228828077437 39
0.9999998761929001 156
16 1.9708626289956126 1.2648200498285656 5.168047100014519
0.9955380304805256 39
17 1.271249936310829 0.6021805891824706 0.4539157999679446
0.23179298965868209 39
0.9999990668874278 156
18 1.0901064792958342 0.44580734332030103 5.473026400024537
0.9930383820942985 39
19 1.0576040910316515 0.40618225084305937 0.4816911999951117
0.0014239871524587817 39
0.9996885829911543 156
20 0.9334219227267609 0.298640977624245 5.241415800002869
0.9904028338531707 39
21 0.9176660509643192 0.27956996941783224 0.5035704999463633
0.0014293956876650037 39
0.9999633297531857 156
22 0.8891284726064616 0.27542480320665313 5.192577400011942
0.9994203122234508 39
23 0.7654150797700385 0.14900853582786625 0.5074781000148505
0.17502520517143602 39
0.9999998602133803 156
24 0.7622317291475671 0.156231152143691 5.400089800008573
0.9991503225444754 39
25 0.7044377943953527 0.09892476263684462 0.4851111000170931
0.06155684885726338 39
0.9999995631897443 156
26 0.6863845676673451 0.08432096522651165 5.370286000019405
0.9922362823688778 39
27 0.6831739063419536 0.08191276324549507 0.4731018000165932
0.00019087654521478714 39
0.9997565621770623 156
28 0.671107726904613 0.07173660667137952 5.421080100000836
0.9959379386060726 39
29 0.6671757615059056 0.06892814511619984 0.4597619000123814
0.00019122647489343874 39
0.9998193597389307 156
30 0.6588029932078905 0.06135234799893824 5.40405529999407
0.9976313020243788 39
31 0.6545500486951072 0.05812844999649815 0.47597779997158796
32 2.948897024996768
-------------------------------------------------END------------------------------------------------------
26
------------------------------------Randomized only---------------------------------------------------
564.5567800987574 596.1562773475282
0.9997163135121273 39
0 506.72876906516177 534.8989944552078 0.49467480002203956
0.9997663507815933 39
1 423.1704724330613 446.20596063565847 0.7893741999869235
0.9998456983474893 39
2 331.5882912149676 347.6828021463808 0.637323499948252
0.9998874915811221 39
3 268.1926262327335 276.9609734581661 0.5961301000206731
0.9995827515555473 39
4 230.92650868306757 234.78566412638088 0.4806756000034511
0.9622832546065868 39
0.9980998216303979 156
5 139.53242122056588 135.25594063790118 2.0643041000002995
0.9804580730089444 39
0.9977029166657518 156
6 83.33193739638973 80.92019250322971 2.0756680000340566
0.9618340886596688 39
0.9968788662635355 156
7 52.72547120969233 50.62278629854647 2.035701400018297
0.946296927240547 39
0.9955933014156437 156
8 32.01168904118167 32.531575564982354 1.927892800013069
0.9461666459700822 39
0.9918503301914824 156
9 22.427608651085098 22.356553419280523 1.8644067000132054
0.8874788129023621 39
0.9697391209251018 156
0.9871212674585925 273
0.9932709372280195 390
10 14.521877587658542 13.669331921460305 8.567269699997269
0.9769712581215969 39
0.9946901612168989 156
11 12.051318539539869 10.667926418697949 1.9902858999557793
0.8330388229779897 39
0.9096752036984094 156
0.9503891168088818 273
0.9714736602273887 390
0.9999999999999999 393
12 8.678172415765697 7.274364899454366 8.708343799982686
0.9793874679564102 39
0.9948498584593297 156
13 7.337695028082861 5.826561644460797 1.8923943000263534
0.7542290290859837 39
0.852202083933544 156
0.9142220674285665 273
0.9565407355089334 390
0.9999999999999997 393
14 4.944057079135234 3.8744022300470142 8.88556740002241
0.9448315483843225 39
0.984780748261426 156
0.9920417173914889 273
15 4.029163589115819 3.1142456446854614 5.194487400003709
0.9484443623235139 39
0.968120941313668 156
0.9739024901329562 273
0.987014802437349 390
0.9999999999999998 393
16 3.1022578162493066 2.3576037510205734 9.194628999975976
0.9948277942233154 39
17 2.8592329133791785 2.0768568219758334 0.47437429998535663
0.07722580700034759 39
0.7893625396570213 156
0.8658836613439987 273
0.919852483102524 390
1.0 393
18 2.2324068723513655 1.6026887108712933 8.958244400040712
0.9864092860304744 39
0.9988936272120049 156
19 2.0406321925975512 1.3989839364940686 2.1234938999987207
0.8950937826285859 39
0.9067305562433632 156
0.9506578071236755 273
0.9720413298065677 390
1.0 393
20 1.709812711880287 1.1094852287132888 10.231905199994799
0.9982009867886409 39
21 1.6085817309771147 1.0036735546477231 0.5313305999734439
0.03696759620449055 39
0.7461875309961774 156
0.8709949937728348 273
0.9281594581278984 390
1.0 393
22 1.472528869587309 0.8817214682665745 8.927563300007023
0.9880851560749082 39
0.9995087915359449 156
23 1.2890679016089595 0.6904657810680118 2.0683725000126287
0.9352064126544984 39
0.9396916311635948 156
0.9703849876298029 273
0.9843343721114 390
1.0 393
24 1.16256785289209 0.5629719887178382 9.104649199987762
0.9972787425009012 39
25 1.0777625896757956 0.47407592983607433 0.47405600000638515
0.24107923242533288 39
0.9129848862761175 156
0.9598241564929747 273
0.9785356937360846 390
0.9999999999999998 393
26 0.9340629034112091 0.3392306393918747 8.586969600000884
0.989731449620388 39
0.9992709319546235 156
27 0.8912534351911021 0.2804377330124138 2.063995699980296
0.9807881591461955 39
0.9816183857195347 156
0.9927110070604238 273
28 0.8732526823069123 0.2683209838879803 5.330449900007807
0.9449702738390319 39
0.9552150022888427 156
0.956301413208237 273
0.9732004852630125 390
0.9999999999999996 393
29 0.8205949377178721 0.22214847446937214 10.838813100010157
0.9985462320621332 39
30 0.7886363359249746 0.18392235558166617 0.5264238999807276
0.21348194440617357 39
0.9234429319884098 156
0.9571492990253913 273
0.9756815601566325 390
1.0000000000000002 393
31 0.7403169540884014 0.1366685520421104 9.268774199998006
0.9985410416307916 39
32 0.7272461697530008 0.12312170679304188 0.4556268000160344
0.006986939733881079 39
0.9281820673462065 156
0.9657656857527019 273
0.9798952118529345 390
1.0000000000000002 393
33 0.7014369049278746 0.10315028812784627 8.808021100005135
0.9985425745113511 39
34 0.6896094284589687 0.0877008412973662 0.47548449999885634
0.004291952359540471 39
0.948106451905675 156
0.9742970086367928 273
0.9835064291597725 390
1.0 393
35 0.6742655418414316 0.07721565998857595 8.912420799955726
0.9990687461047619 39
36 0.6680935070920965 0.06848588126822283 0.49690670002019033
0.0006468155170701042 39
0.941843033129663 156
0.967296087263305 273
0.9768347308819421 390
1.0 393
37 0.6572520935221137 0.06192193282427815 8.852396500005852
0.9983278588570564 39
38 0.6544867827784941 0.057908316056808073 0.5064540000166744
39 4.2414321769237855
-------------------------------------------------END------------------------------------------------------
------------------------------------Krylov only---------------------------------------------------
564.5567800987574 596.1562773475282
1.0000000000000002 40
0 502.0313635928806 530.5963717710559 1.8148855000035837
1.0000000000000002 40
1 372.017854387811 389.27945637263423 1.8361367999459617
1.0000000000000002 40
2 370.6386783024015 389.3020145227334 2.0172881999751553
1.0000000000000004 40
3 150.9206064706818 155.63400460855536 1.8462395000387914
1.0000000000000002 40
4 94.557269701038 97.7399321540537 2.1746272000018507
0.9999999999999999 40
5 59.74093240598282 61.286874364212025 1.99048269999912
0.9999999999999989 40
6 26.82550712753687 26.45918414659916 1.9711888000019826
0.9999999999999997 40
7 16.155072020712886 14.265456742415797 1.8127900999970734
1.0 40
8 4.682954555028956 3.9211481141819577 1.84303380001802
1.0000000000000009 40
9 2.212297580008721 1.5392950762567643 1.7864202999626286
1.0000000000000004 40
10 1.8816779379922206 1.2984205662416348 1.81821660004789
1.0000000000000004 40
11 1.6191434057146417 1.0112175956349312 1.828473399975337
0.9999999999999992 40
12 1.3390279497026374 0.7285092545102083 1.8484339999849908
0.9999999999999996 40
13 1.1333192714164075 0.5349145669811546 1.8429099000059068
1.0000000000000002 40
14 1.016915327464034 0.40054946185227014 1.8637218999792822
0.9999999999999999 40
15 0.9522091380072744 0.3552144472853706 1.863606399972923
1.0 40
16 0.8687804789667598 0.2758668677457478 1.859957700013183
0.9999999999999997 40
17 0.8371803690202054 0.240098965942735 1.861868100007996
0.9999999999999999 40
18 0.7968998363904902 0.21320404468293014 1.8333422999712639
1.0000000000000016 40
19 0.7685299576057009 0.17462968453743877 1.8588161999941804
1.0000000000000002 40
20 0.7475122873695326 0.16509859158411275 2.0472597999614663
0.9999999999999993 40
21 0.7289345797486445 0.13670867145277976 3.2825825000181794
1.0 40
22 0.7160558013629568 0.13192341464747123 1.845573200029321
1.0000000000000009 40
23 0.7052589984448471 0.11421744149935785 1.8453125999658369
1.0000000000000004 40
24 0.696260863725447 0.11090824534048545 1.9056682999944314
1.0000000000000007 40
25 0.6887357389894442 0.09867611544766394 1.871817299979739
0.9999999999999992 40
26 0.6822117931759781 0.09617703009186145 1.8432031000265852
1.0000000000000002 40
27 0.6771052404679154 0.08797844039979412 1.842510599992238
0.9999999999999998 40
28 0.6720648422962048 0.08513844258685097 1.9297086000442505
1.0000000000000007 40
29 0.6682336193562692 0.07957882577863892 1.8579801000305451
1.0000000000000004 40
30 0.6642429214031206 0.07707032951458985 2.001567500003148
31 1.9305039677400924
-------------------------------------------------END------------------------------------------------------
------------------------------------Hybrid---------------------------------------------------
564.5567800987574 596.1562773475282
0.9997163135121273 39
0 506.72876906516177 534.8989944552078 0.8711774999974295
0.9997663507815933 39
1 423.1704724330613 446.20596063565847 0.468049900024198
0.9998456983474893 39
2 331.5882912149676 347.6828021463808 0.47331849997863173
0.9998874915811221 39
3 268.1926262327335 276.9609734581661 0.473305799998343
0.9995827515555473 39
4 230.92650868306757 234.78566412638088 0.527229500003159
0.9622832546065868 39
0.9999956688261248 156
5 226.309539911375 222.71684263185102 7.2168367999838665
0.9604689471708358 39
0.9997959794010146 156
6 214.87990475421086 223.0172429513972 5.213033100008033
0.9344852501836142 39
0.9998986849435166 156
7 167.16797434707513 174.31064640294264 6.185167799994815
0.9761875716679083 39
0.999944217907102 156
8 111.653963658866 115.15972908782066 5.3932770999963395
0.9974447592038522 39
9 52.68328445656636 51.96369405183327 0.48706130002392456
0.9438867446028276 39
0.9999799762826771 156
10 40.92419087900727 40.543916384395764 5.4821626000339165
0.9867665792795424 39
0.999994432224708 156
11 29.773979157204543 28.983966294622036 5.550447200017516
0.9941452769842413 39
12 15.866550290871837 14.449697248463945 0.48116940003819764
0.9600519507999637 39
0.9999958393638921 156
13 12.063345233150734 10.648458778616959 5.4301006000023335
0.9919302366988313 39
14 8.467536195740326 7.432916900707695 0.4997493000118993
0.9782739703747383 39
0.9999998711480932 156
15 6.585752464287731 5.645737870380072 5.465276800037827
0.9905396972286591 39
16 5.19487272380707 4.179199142266594 0.44838969997363165
0.9491677291214881 39
0.999999166496788 156
17 4.419400087168617 3.650620652172434 6.658895000000484
0.9882640085499257 39
0.9999999746417885 156
18 3.993807649251388 3.331764689854606 5.60918979998678
0.9953719634423667 39
19 2.4177959121311163 1.713992665230718 0.5468714000307955
0.8399655286807562 39
0.9999999865889164 156
20 2.090542159682443 1.464532683357577 8.473480199987534
0.9872058317061041 39
0.9999999735971844 156
21 1.8466396339994842 1.2688900808002135 5.628349300008267
0.9982046314162145 39
22 1.4351559018892166 0.7801792738969409 0.8016670999932103
0.08934660955540356 39
0.9999998673550625 156
23 1.2440750715637137 0.6299347134774146 7.902083199995104
0.9968626283833119 39
24 1.188017993889311 0.5514143727924001 0.4663353000069037
0.003457465881421517 39
0.9999986367727755 156
25 1.0349965166051511 0.4188575281942082 7.153101500007324
0.9933691349268564 39
26 1.0185223829980954 0.3928040463867554 0.4918922000215389
0.0004414788902761272 39
0.9999812697383252 156
27 0.9167293796848528 0.30651010531621137 5.318998400005512
0.9896193807823563 39
0.9999999943451318 156
28 0.8589505065884492 0.2583532028211547 5.552058499946725
0.996446756284299 39
29 0.8312932455670623 0.21827824161793086 0.4560158999520354
0.0016013064616056552 39
0.999996449494552 156
30 0.7792590852135429 0.182617667994216 5.435369899962097
0.9949156074987451 39
31 0.7441955477355177 0.1401002498106708 0.5318504999740981
0.009251082696383785 39
0.9999996123477625 156
32 0.7200272267855384 0.12439804042456634 6.869298900011927
0.9878601748292577 39
0.9999999911796121 156
33 0.7090719535670869 0.11863503640623817 9.736485500005074
0.9956788694379044 39
34 0.6954439362132787 0.10038424801915893 0.4953926000162028
0.0019250293903040096 39
0.9999978389853938 156
35 0.688289411647959 0.09842873426249123 5.580349299998488
0.997676618453111 39
36 0.6801375461232908 0.08820189219275353 0.5321309000137262
0.0007481611412933606 39
0.9999954693680905 156
37 0.6756654657744655 0.08748932766497597 5.2433957000030205
38 3.6881306315802873
-------------------------------------------------END------------------------------------------------------
27
------------------------------------Randomized only---------------------------------------------------
559.8588625712987 604.8819008842371
0.9997153324310523 39
0 502.99490020674494 541.6163296362257 0.47020909999264404
0.9997867435155721 39
1 420.5616628070952 449.2901205992791 0.4429208000074141
0.9998569526792384 39
2 329.7636725344327 346.05841024863486 0.4760612000245601
0.9998528518379258 39
3 267.000924091483 274.56538531957256 0.47784469998441637
0.998705739751613 39
4 226.53250527113573 229.58373119989471 0.4611393000232056
0.9516256564323805 39
0.9959968859360497 156
5 152.26769250316462 147.98920321047262 2.114406400010921
0.9111614549966199 39
0.9922144690422336 156
6 84.44675629846064 80.26483546884285 2.11284490005346
0.854916705953086 39
0.9832952890781617 156
0.9938644830900611 273
7 52.45002652160089 48.22285093627722 5.357288799947128
0.8607260909978741 39
0.9824000554981754 156
0.9908236900597035 273
8 30.46729951120626 28.353390799878493 5.100615500006825
0.8136070064441787 39
0.9750970836132674 156
0.9872455281762959 273
0.994116987341032 390
9 20.158937074434654 18.461464821671388 8.831652199965902
0.8664715301448768 39
0.9838642121831577 156
0.9918002256284559 273
10 13.690601581065083 12.346496681638765 5.313651799981017
0.751218769806729 39
0.9370805344070485 156
0.9570945742323349 273
0.9759012147877874 390
0.9999999999999997 393
11 8.450102703080193 7.675172432833993 9.010857599962037
0.959464995122855 39
0.9917353894767204 156
12 6.971216627156249 5.964400646447512 2.1226994000026025
0.7097566093173618 39
0.8445958564260786 156
0.9248803839523394 273
0.9520916168942387 390
0.9999999999999998 393
13 4.614941577660201 3.801356449258725 8.793484499969054
0.9327710948129043 39
0.989998426663928 156
0.995550771561304 273
14 3.672051460477621 2.970647253081465 4.9688504000077955
0.577728082039424 39
0.823182553112864 156
0.8580714847076352 273
0.9056718022585026 390
1.0000000000000002 393
15 2.9987774105018623 2.409138433693101 9.25012489996152
0.9846168581670166 39
0.9990350974506894 156
16 2.134379320126866 1.502957502105893 2.1433826999855228
0.6443629316458854 39
0.7236518146202032 156
0.8621963708112895 273
0.9318495916624489 390
1.0000000000000004 393
17 1.9841192249297885 1.3246778690400143 8.884251700015739
0.9816931020277077 39
0.998931590047167 156
18 1.4254408538043968 0.7405800341370348 2.1303608000162058
0.8552912951408977 39
0.882018011397913 156
0.9422948011500687 273
0.9667647308656695 390
1.0000000000000002 393
19 1.281483866645633 0.7486566552313192 8.94805050001014
0.9805547628556012 39
0.9990853877573715 156
20 1.0228885793915545 0.40145389054003816 2.0236122999922372
0.787615774371156 39
0.8052060367884649 156
0.8996897984725339 273
0.9416428378885525 390
0.9999999999999999 393
21 0.9787639666737091 0.383191413033657 9.14314469997771
0.9904177330121169 39
22 0.8552937703502601 0.24170548341039466 0.463391600002069
0.017818453156934574 39
0.908854898836958 156
0.9642557474554269 273
0.9785499947673966 390
0.9999999999999998 393
23 0.7873283449581627 0.19181735080838008 12.541769100003876
0.9984156941113511 39
24 0.7474756683675902 0.15317210246747476 0.6743267999845557
0.08622529144768408 39
0.888316533597927 156
0.9529431306808495 273
0.9694251846796935 390
0.9999999999999999 393
25 0.7032431900748024 0.10262638564562647 10.323616200010292
0.9946533658180273 39
26 0.6943632080180143 0.0957322499597156 0.4909863999928348
0.003585020621022469 39
0.7256309050941739 156
0.8264718870597306 273
0.8594257070987527 390
0.9999999999999997 393
27 0.6705472101925432 0.07347503432454199 8.59300870000152
0.9958736926552924 39
28 0.6667369387180706 0.06821684051247288 0.45992190000833943
0.0013269806494830426 39
0.8276820992496536 156
0.8822346537392373 273
0.9011485617027929 390
1.0 393
29 0.6520643030961056 0.05299519028065275 8.714709099964239
0.9829106761876423 39
0.9986916643715378 156
30 0.6503667374747797 0.05251008045578905 2.0111624999553896
31 4.608075693542618
-------------------------------------------------END------------------------------------------------------
------------------------------------Krylov only---------------------------------------------------
559.8588625712987 604.8819008842371
1.0000000000000002 40
0 496.4534865966432 532.114673725383 1.8246151000494137
1.0000000000000007 40
1 405.63435768064693 430.7005703653603 1.8496783999726176
1.0 40
2 277.758440412633 282.8103554698131 1.7996936999843456
0.9999999999999996 40
3 139.73045429528082 138.25404262323076 1.816552500007674
0.9999999999999992 40
4 86.12610595574617 87.71614305977799 1.8479399000061676
0.9999999999999996 40
5 43.71884280454338 44.503272021475205 1.9889625000068918
1.0000000000000007 40
6 26.501202809757903 25.627559093149838 1.9142024000175297
0.9999999999999987 40
7 11.906817554230607 11.415020273033232 1.8286388000124134
0.9999999999999994 40
8 8.510297921626101 8.165112726564354 1.8117178000393324
0.9999999999999998 40
9 3.7302038989493513 3.1449285826695905 1.7871641999809071
1.0000000000000016 40
10 3.5832854970883155 2.8596992581077365 1.8934455000562593
1.0000000000000013 40
11 2.4039907225190915 1.844144190417134 1.8153550999704748
1.000000000000001 40
12 1.80427365330291 1.2669095709476907 1.9635269999853335
0.999999999999999 40
13 1.5125665938660753 0.9847838887057039 2.0223363999975845
1.0000000000000004 40
14 1.2398363349254236 0.678653634120661 1.928443300013896
0.9999999999999994 40
15 1.0986593396792823 0.5151057943904175 1.9932978000142612
1.0000000000000009 40
16 0.9306361680526898 0.3328655144175475 1.843346300011035
0.9999999999999996 40
17 0.8240453047471649 0.23292295872624116 1.8342491000075825
1.0000000000000007 40
18 0.8151813554966956 0.21069053665353676 2.0382597999996506
1.0 40
19 0.791618883018797 0.19722212897915795 1.8979774999897927
0.9999999999999994 40
20 0.779088872738272 0.17282977357219886 2.569216099975165
1.0000000000000007 40
21 0.7670391259550022 0.17390582658536127 1.9668914999929257
0.9999999999999983 40
22 0.7555764538507559 0.15043858539217256 1.9664225000306033
1.0 40
23 0.7428175980216822 0.15018709465230376 3.380896100017708
0.9999999999999988 40
24 0.7331490651679449 0.13088806324559057 1.8586260000010952
1.0000000000000007 40
25 0.7218703361870905 0.12953886549405796 1.8593590999953449
1.0000000000000009 40
26 0.7144470234995784 0.11490953481734911 1.7649918999522924
1.0000000000000007 40
27 0.705765642069041 0.11285487274450169 1.856526700023096
1.000000000000001 40
28 0.6989053601425423 0.10133483403892128 1.8429743999731727
1.0000000000000007 40
29 0.6919794545374879 0.0985212852064458 1.8281621999922208
0.9999999999999986 40
30 0.686595097174776 0.09015297328369377 1.8285243999562226
1.0000000000000002 40
31 0.6809798814395688 0.08668152003625963 1.8798853000043891
0.9999999999999974 40
32 0.6765637763692411 0.08103008555010874 1.807875900005456
33 1.9427198545467532
-------------------------------------------------END------------------------------------------------------
------------------------------------Hybrid---------------------------------------------------
559.8588625712987 604.8819008842371
0.9997153324310523 39
0 502.99490020674494 541.6163296362257 0.4564032999915071
0.9997867435155721 39
1 420.5616628070952 449.2901205992791 0.45031960000051185
0.9998569526792384 39
2 329.7636725344327 346.05841024863486 0.46602100000018254
0.9998528518379258 39
3 267.000924091483 274.56538531957256 0.46550679998472333
0.998705739751613 39
4 226.53250527113573 229.58373119989471 0.4812604000326246
0.9516256564323805 39
0.9999943231882467 156
5 219.54029879371393 220.37926258708367 5.476715500000864
0.9537251102485323 39
0.9998871048161583 156
6 202.78974946256903 203.73638361149332 5.42200890003005
0.9692508900554613 39
0.9999619918282869 156
7 157.32075849849093 155.89952781747385 5.501603500044439
0.9811968996049635 39
0.9999772958756965 156
8 144.20719717508467 146.96730336229027 5.306497899990063
0.9971208408447715 39
9 21.587072962306866 21.197921688394654 0.490508199960459
0.9364559583993094 39
0.9999978082195866 156
10 14.570799276265584 14.29525355697438 5.234168099996168
0.9518212382965143 39
0.9999977344229807 156
11 10.727730600466835 10.469626502256773 5.904285600001458
0.9706867726998688 39
0.9999982050213234 156
12 7.962958609500143 7.534459921569592 5.377206399978604
0.9837869311578488 39
0.9999995593055168 156
13 7.714695117894813 7.164663226844834 5.288346099958289
0.9965638980688436 39
14 2.1465892690856267 1.3590222810209667 0.5041751999524422
0.8989387807315804 39
0.9999998725116548 156
15 1.7031294438362024 0.9732917427309828 5.425080100016203
0.9846617842306752 39
0.9999999224008095 156
16 1.4065482021223314 0.7160795112646661 5.5706023999955505
0.9933520244291874 39
17 1.2456451065459386 0.5590253768250789 0.4752773999935016
0.12137103367158067 39
0.999999259695004 156
18 1.222316792849214 0.5983489302515891 5.425677299965173
0.9914979859562864 39
19 0.9111651859543967 0.268474643224745 0.4658647999749519
0.02550884346680592 39
0.9999958274758531 156
20 0.8394236993071077 0.22450970475251217 5.387067999981809
0.991122285944661 39
21 0.7513172218022037 0.13696089661067742 0.4872630999889225
0.0028985476331651896 39
0.9999686955195769 156
22 0.6880047732632288 0.08240422440439982 5.340026799996849
0.9746002423235947 39
0.9999997510928034 156
23 0.6640654920906465 0.06366873154584582 5.4622031999751925
0.992618878359995 39
24 0.6493834126438914 0.04957028666291347 0.46739880001405254
0.007861920118633417 39
0.999995000945412 156
25 0.6371090770241524 0.03904642740159393 5.235362700012047
0.9907627770911538 39
26 0.633789488432309 0.035781933706355906 0.5202688000281341
0.0012693826981891227 39
0.9999749304871528 156
27 0.633186311518192 0.036647111621411606 5.852661299984902
0.9990011063728045 39
28 0.6250905227409066 0.029740231242215507 0.5015466999611817
0.005472012507343854 39
0.9999942375880125 156
29 0.6238025359886358 0.028494451397963236 6.540798799949698
0.9952912584238537 39
30 0.6223592984741433 0.027366110951123488 0.6000136000220664
31 3.24458517096073
-------------------------------------------------END------------------------------------------------------
28
------------------------------------Randomized only---------------------------------------------------
630.3261586017343 661.4938417001501
0.9997514802590008 39
0 561.0090730865767 588.6998153841456 0.5061015999526717
0.9997916604217463 39
1 460.4974371173885 482.91202456027224 0.47709999996004626
0.9998211845049874 39
2 349.80666548462113 365.65362331944215 0.5169486000086181
0.9998378772259281 39
3 271.02763970022835 281.048778551284 0.5031105999951251
0.9995422638195195 39
4 226.05104325206028 231.94061063002997 0.4780942999641411
0.9263115618363456 39
0.9972614595223983 156
5 158.74707949017204 160.1835346839713 1.962546399969142
0.9337301378344395 39
0.9929522526216018 156
6 93.72139052810583 93.14556840338616 2.054956499952823
0.9310686188805221 39
0.9907770479422813 156
7 52.76806920213696 51.99877913966897 2.1272788999485783
0.9324507735553058 39
0.9870016254499367 156
0.994813710397863 273
8 29.918783111514447 28.96461077184895 6.465988299984019
0.8994729187648112 39
0.9798408646859701 156
0.9915707128673887 273
9 19.032129944223364 18.33467334688412 6.435247899964452
0.9130887080095491 39
0.9801031895445045 156
0.9889734011675576 273
0.9938862714816743 390
10 12.546757261409573 11.512793615853465 18.609020100033376
0.9758031227581309 39
0.9948216583007031 156
11 10.080438715535445 8.90684452945966 5.142592600022908
0.8720077725945329 39
0.9363012849346646 156
0.9646228994918719 273
0.9758820496764127 390
1.0000000000000002 393
12 7.507395794371772 6.911166757787389 15.196660099958535
0.9832399094858549 39
0.9982587710744175 156
13 4.505357983741487 3.7682263800373565 2.079628599982243
0.7875090328869261 39
0.9251067859431331 156
0.9622092980812681 273
0.9785823504248443 390
1.0000000000000004 393
14 4.029650798104875 3.551889723255374 14.47742670000298
0.9955411837601419 39
15 2.615588449086013 1.9771458048969754 0.48168100003385916
0.20453973945311196 39
0.9363246671150123 156
0.9727082697637198 273
0.9845734031136333 390
1.0 393
16 2.2522777450342346 1.7406691733018147 18.59420739999041
0.9856668699804345 39
0.9994278993889365 156
17 1.48745275734918 0.8320640688326828 1.9482562000048347
0.8025305457863533 39
0.8341292371794287 156
0.925228087738873 273
0.9513593394895663 390
1.0000000000000002 393
18 1.223543696384311 0.5940225092241321 21.275340399995912
0.9740711686910446 39
0.9957742539606642 156
19 1.185414532656331 0.5492832101005729 3.074014099955093
0.09594269016593199 39
0.11035303837402506 156
0.5692036455253197 273
0.708823394403543 390
1.0 393
20 1.0435967789218747 0.4443768160694668 26.79428219998954
0.9902844035480751 39
21 0.970202484943548 0.3504851885954766 0.5477409000159241
0.01608881128060796 39
0.8121579919796723 156
0.9255209178984636 273
0.9569359851790709 390
1.0000000000000002 393
22 0.9039589853397371 0.3231212309705437 19.782064800034277
0.988752311509415 39
0.999632954109229 156
23 0.8249250332993401 0.23057422915728762 2.1565934999962337
0.45239510513613923 39
0.47375183719261593 156
0.8262645012505224 273
0.9100352766066814 390
1.0 393
24 0.7777356140425367 0.19774271861501255 21.267473999992944
0.9977715098398235 39
25 0.7577941570254385 0.1683697237112825 0.5133813000284135
0.0026173009718377083 39
0.8765430804220663 156
0.960265799572873 273
0.9793766083363659 390
1.0000000000000002 393
26 0.729318627555048 0.1389717550343461 18.632451799989212
0.9984032409103032 39
27 0.7097000404926451 0.11786036951607849 0.4930632999748923
0.004686302939511091 39
0.9547735326871236 156
0.9836028865952887 273
0.9908478023732493 390
28 0.6983580239318613 0.10454968113022993 14.115676599962171
0.9970425144713836 39
29 0.6975341070973845 0.10246564486454662 0.4918602999532595
0.00016014764187507208 39
0.6404777730928999 156
0.6816336101072207 273
0.6997293984322799 390
1.0 393
30 0.6792791908344267 0.08270510530020345 17.685831999988295
0.9925635031044124 39
31 0.675506250713657 0.07792654760719214 0.4936137000331655
32 7.6681323343636905
-------------------------------------------------END------------------------------------------------------
------------------------------------Krylov only---------------------------------------------------
630.3261586017343 661.4938417001501
0.9999999999999999 40
0 557.2047959449186 584.9350267672882 1.839710499974899
1.0000000000000002 40
1 438.2359327419278 458.20931890602554 1.810986700002104
0.9999999999999998 40
2 317.58339332715497 325.71175930208454 1.837948200001847
0.9999999999999994 40
3 263.28113559383775 271.29750764379025 1.8606982000055723
1.0 40
4 259.4416761807768 271.2110232734755 1.9559660999802873
0.9999999999999998 40
5 119.18788002620335 120.93574448005666 1.9442798999953084
1.0000000000000007 40
6 47.70044095184254 47.29975154876654 1.9650805999990553
0.9999999999999991 40
7 15.843351209763231 14.963330962578702 1.7931057999958284
1.0 40
8 5.066645733590493 3.959505473582551 1.8138769999495707
1.0000000000000007 40
9 3.825093537012038 2.9661004076277155 1.8376484000473283
1.0000000000000002 40
10 2.8060210371012255 2.1288120013731664 1.7835557000362314
1.0000000000000004 40
11 1.9549789535817566 1.257172894820264 1.8574859999935143
1.0000000000000016 40
12 1.5471777032413663 0.8578174329811938 1.9594475000048988
0.9999999999999998 40
13 1.3225019541177938 0.6348576967625427 1.8894024000037462
0.9999999999999987 40
14 1.1943061942168038 0.543655239658825 1.9435201000305824
0.9999999999999988 40
15 1.0995227101345808 0.4824220802490455 1.7948162999819033
0.9999999999999996 40
16 0.9463977759788029 0.3438570572350703 1.8348967000492848
1.0000000000000004 40
17 0.8756139701007002 0.2584057841655954 1.8416235000477172
1.0000000000000013 40
18 0.8648665465424756 0.2697631970784798 1.7645531999878585
1.0000000000000018 40
19 0.813554466373611 0.2064358903317059 1.8032516000093892
0.9999999999999996 40
20 0.80258118039303 0.20569254824469338 1.8522786000394262
0.9999999999999996 40
21 0.775501517797687 0.17474646594935506 1.8223913999972865
1.0000000000000009 40
22 0.7631370975980953 0.16488301337002206 1.8343726000166498
0.9999999999999988 40
23 0.74884720318445 0.15047864824890653 1.7890541999950074
1.0000000000000007 40
24 0.7382247621921084 0.13935176152542822 1.8288523000082932
1.0000000000000002 40
25 0.7284600600616261 0.13026132504224347 1.8379458999843337
0.9999999999999998 40
26 0.719847866916932 0.12129483131869306 1.8187769999494776
0.9999999999999998 40
27 0.7125302983972901 0.11457121811634523 1.816041900019627
0.9999999999999999 40
28 0.7054347770124156 0.10748975367242175 1.795761700021103
0.9999999999999993 40
29 0.6992247356919855 0.10002984162779942 1.8165176999755204
1.000000000000001 40
30 0.6929593867347172 0.09524258754095467 1.9523397999582812
1.0000000000000002 40
31 0.688189085816147 0.0893313429228441 1.817442400031723
32 1.8473009343779268
-------------------------------------------------END------------------------------------------------------
------------------------------------Hybrid---------------------------------------------------
630.3261586017343 661.4938417001501
0.9997514802590008 39
0 561.0090730865767 588.6998153841456 0.444936299987603
0.9997916604217463 39
1 460.4974371173885 482.91202456027224 0.49917460000142455
0.9998211845049874 39
2 349.80666548462113 365.65362331944215 0.49043689999962226
0.9998378772259281 39
3 271.02763970022835 281.048778551284 0.48778579995268956
0.9995422638195195 39
4 226.05104325206028 231.94061063002997 0.4781690000090748
0.9263115618363456 39
0.9999987250979778 156
5 222.8237475221458 227.9844394868181 5.413892200042028
0.9731196742136577 39
0.9999474210803226 156
6 213.47085929697474 218.43728654261724 5.370667099952698
0.9647829643614825 39
0.9999812874583472 156
7 213.47085929697474 218.43728654261724 5.547222300025169
0.9647829643614825 39
0.9999812874583472 156
8 213.47085929697474 218.43728654261724 5.79804999998305
0.9647829643614825 39
0.9999812874583472 156
9 211.04915020393412 216.26058055656938 5.538019699975848
0.9906120315835535 39
10 165.58051479960537 166.72032580534113 0.4894417999894358
0.9513915327723782 39
0.9999810141865937 156
11 158.5223267392294 160.49985832159513 5.314434900006745
0.9773565442157135 39
0.9999744246031339 156
12 147.87130526762002 150.1135721823894 5.333489599986933
0.9942107719600426 39
13 80.29832847888272 79.84606522399729 0.4731039000325836
0.970052546218752 39
0.9999954029986983 156
14 67.89134508032816 67.39755280535907 5.332320299989078
0.9817563018626386 39
0.9999984806793201 156
15 53.416390145797095 54.02742839870808 5.383572100021411
0.9951750578068184 39
16 19.162231887150096 18.313478457545184 0.5124342000344768
0.9428616507359456 39
0.9999995946156974 156
17 16.3496481327769 15.721119627864958 5.230530400003772
0.9708531432311187 39
0.9999990182826386 156
18 11.793867784846352 11.127245814404526 5.2531826999620534
0.9867957677113897 39
0.9999996383958851 156
19 11.149621448695218 10.72543082752894 5.149889399996027
0.9976310186499184 39
20 2.4216076248357825 1.6109371766135865 0.47721320000709966
0.8141115773417467 39
0.9999992297418215 156
21 1.51676759647062 0.8147182891662326 5.080098300008103
0.9955339748431414 39
22 1.1248579796593512 0.45331360778833424 0.48540279996814206
0.10065662057550583 39
0.9999997020120928 156
23 0.8710816640638189 0.24590301193969547 5.012725899985526
0.997021106277105 39
24 0.8080352928786207 0.18746186442703566 0.4664617999806069
0.005625844114979814 39
0.9999954445622398 156
25 0.7158012444097774 0.12051395667572092 5.391936199972406
0.9894197523254064 39
0.9999999797144097 156
26 0.6808884410171622 0.08885755692989247 5.31894370005466
0.9951090128906073 39
27 0.6628630442489054 0.07122184590935055 0.4862379999831319
0.0011531250370152494 39
0.9999501298166072 156
28 0.6543557000484246 0.06279917209659595 5.31766969995806
0.9941668854452618 39
29 0.6438985858047753 0.05335378389376147 0.5001527999993414
0.0011961821899918671 39
0.9999318688762839 156
30 0.6407235359141934 0.05127993428331275 5.2395247999811545
31 3.3005522709629016
-------------------------------------------------END------------------------------------------------------
29
------------------------------------Randomized only---------------------------------------------------
625.0100086466229 662.5493131340112
0.9996193687183071 39
0 556.9652446075818 589.194223786657 0.5128283000085503
0.9996635150231719 39
1 458.23475867391807 481.8966824297531 0.6727910000481643
0.9997026799411028 39
2 349.41408994884205 363.5453363077476 0.4474458000040613
0.9997842703421154 39
3 270.30464609435734 277.33754550114764 0.489706699969247
0.9994336489708636 39
4 215.46339610636872 220.4793338239665 0.46426430001156405
0.9693714073028603 39
0.9987651008052492 156
5 162.32631586107692 163.2223395558165 2.095172500004992
0.9787191373555703 39
0.9980759370591628 156
6 103.89100894286103 102.49845668239048 2.1671572999912314
0.9814156273893814 39
0.996944899541358 156
7 65.88765095957446 63.593563043514415 2.0805263000074774
0.9883230336488299 39
0.9966758635442476 156
8 43.8344933124464 42.4331838681216 1.9316909000044689
0.9556119219740791 39
0.9827623814745163 156
0.9920078128508096 273
9 28.937338188872616 28.430895870504884 5.3392006999929436
0.9514814762564405 39
0.9849090309676165 156
0.9901175003394708 273
10 19.509021408960376 19.140098577473157 5.12142889999086
0.9279844551355129 39
0.9797010793929548 156
0.985445125900138 273
0.9927647417791837 390
11 14.380027523485152 13.816136981709525 11.01215530000627
0.9904311651502438 39
12 10.843246679424047 10.279042721533006 0.5922763999551535
0.695273615820988 39
0.9570013050590757 156
0.9780864953293651 273
0.9865578428329248 390
0.9999999999999999 393
13 7.7452558434645 6.819097355597813 9.952067100035492
0.999151945969562 39
14 6.313181150071163 5.4221194099103815 0.5648023000103422
0.5285277784143907 39
0.9130300053977614 156
0.9645014609084226 273
0.9791957085764028 390
1.0000000000000002 393
15 4.677732534845845 3.7590337880729288 22.346165199996904
0.9990408319579511 39
16 4.052870711037536 3.176985579397148 0.4499558000243269
0.22524220312358006 39
0.8401277589017143 156
0.9412597620711166 273
0.968893328954375 390
0.9999999999999997 393
17 3.619479033564242 2.8231232435800644 21.245307000004686
0.9965332042063467 39
18 2.8475608892243653 2.0747359698930223 0.5235519999987446
0.5847233506626633 39
0.9440538423510111 156
0.9817310898264925 273
0.9907982775876546 390
19 2.660843633114463 1.9436919439586409 13.808393999992404
0.9984802694567888 39
20 2.315372239455803 1.5936708848686636 0.8082055000122637
0.5515951949911506 39
0.9179086372007367 156
0.9522537489000671 273
0.965843228530309 390
0.9999999999999993 393
21 2.0887711042157635 1.4624806783033386 12.839273000019602
0.9991203241169655 39
22 1.821876325526157 1.1709508934890005 0.8304559999960475
0.08857428138622458 39
0.9492587674362182 156
0.9787504691245692 273
0.9850841671788921 390
1.0000000000000002 393
23 1.7165306955835389 1.0694332413919907 10.499891699990258
0.9507264292358077 39
0.9978243452612421 156
24 1.6401358201054528 0.9951291207758495 4.091458300012164
0.992233558906644 39
25 1.6396429503549912 0.9943601085023315 0.793518699996639
0.00010566672373798523 39
0.041205823849175566 156
0.5918797781089076 273
0.6991629715957891 390
1.0000000000000002 393
26 1.5470918258386561 0.9063870866413061 10.916939500020817
0.9944821824205335 39
27 1.527352360524641 0.8872228724417571 0.8321103000198491
0.003444981213049962 39
0.6119413960074245 156
0.8608274721610262 273
0.9081329425394139 390
1.0000000000000002 393
28 1.4491726078021754 0.8126273224699557 10.53248509997502
0.9952583666104527 39
29 1.4355295642082642 0.8016537623964975 0.4768785999622196
0.0009956569415123112 39
0.8339906387575354 156
0.9483430705971917 273
0.9678332460911873 390
1.0000000000000009 393
30 1.3582978178482406 0.7309644196712283 9.068221700028516
0.9934943225528039 39
31 1.3494947546925955 0.7223253028623742 0.6392218000255525
0.00038111388048238913 39
0.8983059792837715 156
0.9713398877529068 273
0.98250668171508 390
0.9999999999999999 393
32 1.2754261166520333 0.6574738954492673 9.569922399998177
0.9896599091905122 39
0.999313225244506 156
33 1.2446183697913398 0.6253841502830368 2.8807231000391766
0.9649598345530263 39
0.9661900829552057 156
0.9897338969029857 273
0.9936989353119734 390
34 1.2097700534589058 0.5740413638456835 9.310903200006578
0.9994206810816417 39
35 1.1877098533042392 0.5571190758426956 0.5898787999758497
0.00348750550671891 39
0.8039305772589728 156
0.8499488852044639 273
0.8683174899562307 390
0.9999999999999997 393
36 1.1366333442127867 0.5126453016760931 9.993784099991899
0.9987870574426202 39
37 1.1258517032925175 0.4960706161171496 1.026357700000517
0.0013900878242976314 39
0.8374289141107671 156
0.8868070695221977 273
0.9086836898019884 390
0.9999999999999999 393
38 1.1108242071353622 0.4897320198592423 9.790869000018574
0.9990019872351315 39
39 1.015859131770941 0.3895678303697163 0.8956455999868922
0.00499264468442899 39
0.9202267112149967 156
0.9617155578418789 273
0.9805243547668181 390
0.9999999999999998 393
40 1.0014950016765003 0.3805640761899217 9.481289799965452
0.9976243267443263 39
41 0.9385893446438774 0.3191220430328662 0.7612440999946557
0.010157435186669195 39
0.9570942729466411 156
0.9818542324080507 273
0.9934218013091669 390
42 0.8945144485661832 0.27735376695247727 9.269715300004464
0.9932779778012706 39
43 0.8795889533182519 0.26343092358559217 0.6871484000002965
0.002153369764774828 39
0.9714460841167163 156
0.9858774277468729 273
0.9902540242587087 390
44 0.8532504270319796 0.23643203719253927 9.216548299998976
0.9972144873043495 39
45 0.8520139339510181 0.23623483149124094 0.7408402000437491
46 5.181748217394393
-------------------------------------------------END------------------------------------------------------
------------------------------------Krylov only---------------------------------------------------
625.0100086466229 662.5493131340112
1.0000000000000004 40
0 554.1393600355423 586.3483928734582 1.8069917000248097
1.0000000000000007 40
1 438.4685426367621 461.52435885437393 1.8716058999998495
1.0000000000000004 40
2 330.4815851039422 346.66595328051136 1.7862055000150576
1.0000000000000004 40
3 148.400197108832 148.0526843398932 1.8182070000329986
1.0 40
4 78.41974726677209 78.8223254116165 2.012941699998919
1.0000000000000004 40
5 49.36027641207456 49.15537058942919 2.10167270002421
1.0000000000000004 40
6 25.254211480409854 24.859719199707126 2.006578799977433
0.9999999999999997 40
7 15.226725473312987 14.307417760721393 2.0802565999911167
0.9999999999999991 40
8 4.870851433938831 4.078031006878924 1.7923229999723844
1.0000000000000002 40
9 4.6339860515391385 4.188212001768191 1.8194548000465147
0.9999999999999994 40
10 2.558826169683572 1.9721512252009985 1.8109617999871261
1.0000000000000002 40
11 1.950693825544422 1.3421011170922206 1.810677100031171
1.0000000000000002 40
12 1.310145135984181 0.6862759732663124 1.818939499964472
0.9999999999999999 40
13 1.144866530143278 0.5527503451065019 1.80257519998122
0.9999999999999999 40
14 0.9931423527444531 0.3940049400105391 1.7985250999918208
1.0000000000000002 40
15 0.9504877831924609 0.37532421910419966 1.8349837000132538
1.0000000000000004 40
16 0.8748327908075866 0.28791014083590105 1.8001903999829665
0.9999999999999991 40
17 0.8482162740426343 0.2673329180333518 1.8081964000011794
0.9999999999999996 40
18 0.8128777385547145 0.22925780097648688 1.835217299987562
0.9999999999999994 40
19 0.7916609150589579 0.2068507675164631 1.8217309000319801
1.0000000000000007 40
20 0.772376200546852 0.186455993796956 1.991108299989719
1.0000000000000007 40
21 0.7564186963754488 0.16893252160199643 1.8322380000026897
0.9999999999999989 40
22 0.7430779092239247 0.1563800551295947 1.8264940000372007
0.9999999999999993 40
23 0.7327421041328441 0.14369200487170253 1.8157114000059664
1.0000000000000009 40
24 0.7233566826740947 0.13408428540235554 1.7810261999838986
1.0000000000000009 40
25 0.7154601015900798 0.1241732276907871 1.8343571000150405
0.9999999999999997 40
26 0.7085117627157796 0.11758983420749373 1.795373200031463
1.0000000000000002 40
27 0.7024413927955091 0.10923134351045694 1.8402680999715813
0.9999999999999984 40
28 0.6970351952616439 0.10482186772308837 1.8576791000086814
1.0000000000000007 40
29 0.6922182070634066 0.09787581467149514 1.8283691999968141
1.0000000000000009 40
30 0.6879399362506486 0.09445618443644645 1.7976234999950975
31 1.8528542967772321
-------------------------------------------------END------------------------------------------------------
------------------------------------Hybrid---------------------------------------------------
625.0100086466229 662.5493131340112
0.9996193687183071 39
0 556.9652446075818 589.194223786657 0.49010190000990406
0.9996635150231719 39
1 458.23475867391807 481.8966824297531 0.45113770000170916
0.9997026799411028 39
2 349.41408994884205 363.5453363077476 0.46043670002836734
0.9997842703421154 39
3 270.30464609435734 277.33754550114764 0.48229189997073263
0.9994336489708636 39
4 215.46339610636872 220.4793338239665 0.4972286999691278
0.9693714073028603 39
0.9999858380161251 156
5 179.44379348698538 180.97146968141874 5.548625800001901
0.9696490077528933 39
0.9999283578305627 156
6 176.30973854824924 170.1384017293725 5.271618700004183
0.9807583412561158 39
0.9999554053894025 156
7 107.42900519058348 102.86452406919236 5.055110900022555
0.9273677834212247 39
0.9999329174218423 156
8 47.680542376488276 44.27574811251348 5.080980299971998
0.9329779681406222 39
0.9999486858201473 156
9 23.483287248641595 22.594089287533944 5.268963899987284
0.9907437284330985 39
10 11.138846022868174 10.603822111400554 0.49450380000052974
0.7542020730024275 39
0.9999813499995318 156
11 8.255414016423957 7.780398874880539 5.456801099993754
0.9156821824109254 39
0.9999906151629918 156
12 6.637040420068457 6.1699743901001805 5.375104500039015
0.9786217553476445 39
0.9999948292293439 156
13 5.501439109959863 5.049089490969836 5.30301790003432
0.9943369578868309 39
14 3.869482822706239 3.358928554915584 0.48688929999480024
0.5887933561089387 39
0.9999989918652814 156
15 3.258679595308985 2.7378810591209533 5.457840199989732
0.9930846679810924 39
16 2.8872732480100716 2.33661968186837 0.4619206999777816
0.13520320573446412 39
0.9999984354921032 156
17 2.3700558553949054 1.7989532534221488 5.548440999991726
0.9816638219685829 39
0.9999998256775383 156
18 2.2627835892243247 1.6795210517886445 5.298565300006885
0.996467532008095 39
19 1.472415144765389 0.8455850389718619 0.505765000008978
0.5156680303207692 39
0.9999998394953458 156
20 1.2111983604422047 0.6318755094954351 5.304316099965945
0.9978560442361183 39
21 1.092197082577528 0.4915453313303361 0.4897327999933623
0.054218701750081394 39
0.9999991468087135 156
22 1.0196073617335537 0.4340890211705083 5.2136513000004925
0.9993178851723736 39
23 0.8972296367587296 0.29878412182874137 0.49603690003277734
0.07197502327213355 39
0.999998109984034 156
24 0.840605352468451 0.24648397335198632 5.496842599997763
0.9925661797156072 39
25 0.8342567094636033 0.23845601252234122 0.49470730003667995
0.0005076688464877294 39
0.9989013856476919 156
26 0.7922165414269755 0.19674027763576277 5.357891499996185
0.9925739105388125 39
27 0.7871931926437233 0.19005048386657486 0.4657310000038706
0.0003774926786803245 39
0.9990371484784519 156
28 0.7740352972906023 0.18006163311665627 5.230974399950355
0.9988911548949333 39
29 0.7284881451967445 0.12950477823432924 0.4730159000027925
0.02329811503988033 39
0.999986442590789 156
30 0.7028964713852293 0.10555736740965514 5.11955579998903
0.9989080761944868 39
31 0.6901263818553254 0.09071379026800382 0.4574845000170171
0.004814913860714559 39
0.9999808556981531 156
32 0.6755639112353571 0.08053710877528565 5.10906420001993
0.9993891510350004 39
33 0.665096244252606 0.06686795396862905 0.5165998000302352
0.005109745847066236 39
0.9999616923028212 156
34 0.6523985135455381 0.05539643912664648 8.537946700002067
0.9979469080720093 39
35 0.6491618512205775 0.05149590677741844 0.5086296999943443
36 3.1185423833343924
-------------------------------------------------END------------------------------------------------------
30
------------------------------------Randomized only---------------------------------------------------
553.776107245711 584.2338913756657
0.9996312676138848 39
0 497.632986658201 524.4933585298089 0.47229559998959303
0.9996593578226766 39
1 416.10967490577565 437.1420400640933 0.4916563999722712
0.9996583618433718 39
2 325.6031072732768 339.2448056148571 0.4828049999778159
0.9996794859927579 39
3 257.6446901286208 265.4261120092525 0.4508022000081837
0.9969647253726137 39
4 200.2104021232339 201.66690354575164 0.46970240003429353
0.9701200500642195 39
0.9966362757107987 156
5 147.93789989440964 145.6619011218377 1.9639608000288717
0.9766998963493411 39
0.9972916828100483 156
6 98.06275383582823 97.78672987484639 2.022778099984862
0.9759938756698906 39
0.9961349586124348 156
7 63.79795792810824 61.65627786718948 1.86092450004071
0.9699870659688816 39
0.9945267722272928 156
8 42.132364392436166 38.63832496331075 1.9743805999751203
0.9574580317510427 39
0.9912592936240352 156
9 30.73572834505247 28.298126304940496 1.9830211999942549
0.936660034147839 39
0.9783516593611175 156
0.9903596817366321 273
10 21.90609437825074 19.721838571493596 5.019233999948483
0.9409042040197144 39
0.9825788035066066 156
0.989349085808557 273
0.9942887137979475 390
11 17.493091277777626 16.5390575806442 8.590983500005677
0.9921089712484741 39
12 12.777540393323221 11.386737298048095 0.47293540003011003
0.7971548747476724 39
0.9517025421343827 156
0.9731456158602172 273
0.9834252011567557 390
1.0000000000000002 393
13 8.456650297940561 7.2785850633764255 9.239116399956401
0.980374449453456 39
0.996915418306487 156
14 6.474323015612012 5.304500191284636 2.057039299979806
0.7467384389881938 39
0.8466335594972766 156
0.926218917330447 273
0.959070946479678 390
0.9999999999999993 393
15 6.241448587217382 5.394040522403379 8.936874600010924
0.9945423658611566 39
16 4.106356403444177 3.1793636242967485 0.4365596999996342
0.5898741762837967 39
0.9803614926475492 156
0.9930788949744396 273
17 3.034841939379868 2.204349297689347 5.314881499973126
0.9984111501577084 39
18 2.945792495178442 2.084486422361246 0.4650982999592088
0.035398664352015836 39
0.59139635571764 156
0.6965598754987471 273
0.8399379256290704 390
1.0 393
19 2.3717931185239465 1.6468124704636637 8.791511599963997
0.9798648192758506 39
0.998605205501086 156
20 2.2243973441925604 1.4732141737466684 2.061423300008755
0.8616498082391596 39
0.8902533832353839 156
0.9334062883388936 273
0.9654240508969829 390
1.0000000000000004 393
21 1.9388793668036266 1.28883845017314 9.614344199944753
0.9988229284659811 39
22 1.783624114543914 1.1279071086993888 0.5470388000248931
0.11396094624979856 39
0.8189155434551274 156
0.9085775048858012 273
0.956459468794029 390
1.0000000000000002 393
23 1.7818265611555908 1.2039114489581493 9.797598600038327
0.9996978595244743 39
24 1.454340723249895 0.8419126593620029 0.4731578000355512
0.11163289980285904 39
0.9099132483912303 156
0.9618176855898114 273
0.9817224345169637 390
0.9999999999999998 393
25 1.4371108402757917 0.8725090747654111 8.78559879999375
0.9988830850338695 39
26 1.1805199076808528 0.5742941330048058 0.46489800000563264
0.0463199888550437 39
0.9618015631112368 156
0.987215661911216 273
0.9947214745462604 390
27 1.062398426053679 0.4699650092848917 8.538636199955363
0.9735892387138305 39
0.9988381816220064 156
28 1.0149978321275304 0.40800866845877626 2.0526814999757335
0.36246857653678694 39
0.41496790982943105 156
0.7119445665163362 273
0.8210429399357737 390
0.9999999999999997 393
29 0.9399282723579938 0.3435321367709671 8.773744500009343
0.9994720668428064 39
30 0.8700063026833436 0.2664394374496425 0.4828603999922052
0.28530725463266066 39
0.9165807465783801 156
0.9720703252134413 273
0.9846762422021557 390
1.0000000000000002 393
31 0.7977321271136094 0.2025253764887023 9.593298099993262
0.997236912733197 39
32 0.7797161539344015 0.17578867578475427 0.4883838000241667
0.011510474312048814 39
0.928007206194633 156
0.9762929485907104 273
0.9881958738989761 390
0.9999999999999998 393
33 0.7302029633895927 0.13082724561786954 8.953709099965636
0.9965776836767042 39
34 0.7213304941682778 0.11807120065228623 0.4700855000410229
0.0015030204677823052 39
0.9363550040393724 156
0.9814018723636169 273
0.9912455525183327 390
35 0.7049282383043919 0.09704472856760012 8.631520700000692
0.9970463556885447 39
36 0.7042376892950793 0.09645560791631617 0.4852483000140637
37 3.8300213162123375
-------------------------------------------------END------------------------------------------------------
------------------------------------Krylov only---------------------------------------------------
553.776107245711 584.2338913756657
1.0000000000000004 40
0 492.9843680917291 519.4716363550149 1.7522059999755584
1.0 40
1 323.4187775727134 335.88618786117144 1.7847995000192896
1.0000000000000007 40
2 294.52589859670894 305.5294849233256 2.1052002999931574
0.9999999999999998 40
3 277.0906163014857 287.14715645598284 2.4250525000388734
1.0000000000000004 40
4 261.46191899181275 271.2840975478806 2.2643550999928266
1.0000000000000009 40
5 182.64844030361482 188.01007253728145 1.928945699997712
0.9999999999999986 40
6 164.80801264036182 164.41283535646642 1.9642970000277273
1.0000000000000024 40
7 96.92686365095996 97.43333602959936 1.982750900031533
1.0000000000000009 40
8 49.872213037361384 47.74715538692948 1.9171621999703348
1.0000000000000004 40
9 47.6913114492507 47.519063707073954 1.8027012000093237
1.0000000000000018 40
10 18.772967635508994 17.653044712914745 1.835673100023996
0.9999999999999999 40
11 7.349888405544002 6.131517844221049 1.7545913999783807
0.9999999999999993 40
12 5.242954474969083 4.48706493393972 1.837406100006774
1.0000000000000002 40
13 2.761545587248459 2.083639082217157 1.883822199946735
1.0000000000000009 40
14 1.7846695061570648 1.1937067554072749 1.7819513999857008
1.0000000000000007 40
15 1.2910360263394167 0.6212785812831915 1.8073295000358485
1.0000000000000002 40
16 1.1097511782449172 0.48168350704253304 1.81806769996183
1.0000000000000007 40
17 0.9972102317966748 0.36390288832491646 1.8118701999774203
1.0 40
18 0.956006111418056 0.33157455690491233 1.8679383999551646
1.0000000000000004 40
19 0.9007806332484722 0.27924796428543774 1.8291777999838814
1.0000000000000007 40
20 0.8718463480308546 0.251730078110415 1.795962199976202
1.0000000000000002 40
21 0.8447090189391773 0.2265979691065257 1.828203599958215
0.9999999999999994 40
22 0.8267023810309289 0.21089645851602495 1.7913640000042506
1.0000000000000009 40
23 0.8093340235707354 0.19591466981881747 1.8425195000017993
1.0000000000000009 40
24 0.7962361398866536 0.18415905062021345 2.819987500028219
0.9999999999999997 40
25 0.7826359805993794 0.17259613883625427 1.8130621999735013
1.000000000000001 40
26 0.772551086329906 0.16332871763131915 1.871005500026513
1.0000000000000004 40
27 0.7626798434939237 0.15496686191879866 1.8262742000515573
0.9999999999999997 40
28 0.7548986868229349 0.148030502180067 1.7522575000184588
0.9999999999999988 40
29 0.7472650379622352 0.1417375952840847 1.7995646999916062
0.9999999999999997 40
30 0.7411203459288787 0.1354579079563283 1.8334751999936998
0.9999999999999998 40
31 0.7347053233445099 0.13076433358226133 1.8223696000059135
1.0000000000000013 40
32 0.7294647260393915 0.12471052600849009 1.8289308999665082
1.0000000000000004 40
33 0.723735573975449 0.12059897086772674 1.7704032000037841
1.0000000000000002 40
34 0.7191230299376908 0.11518449406605982 1.8357124000322074
35 1.8967540114269859
-------------------------------------------------END------------------------------------------------------
------------------------------------Hybrid---------------------------------------------------
553.776107245711 584.2338913756657
0.9996312676138848 39
0 497.632986658201 524.4933585298089 0.4777454999857582
0.9996593578226766 39
1 416.10967490577565 437.1420400640933 0.473246100009419
0.9996583618433718 39
2 325.6031072732768 339.2448056148571 0.4592711000004783
0.9996794859927579 39
3 257.6446901286208 265.4261120092525 0.42980500002158806
0.9969647253726137 39
4 200.2104021232339 201.66690354575164 0.469047499995213
0.9701200500642195 39
0.9999926716610384 156
5 196.04979709577734 196.8164658092413 5.566284900007304
0.962229701584662 39
0.9999857148987618 156
6 189.50071394004385 190.05011895548117 5.435067799990065
0.9721080335921956 39
0.9999597817717614 156
7 170.09799652234688 172.13591990397748 5.474933099991176
0.9769958896675716 39
0.9999728953201388 156
8 134.00888159771762 135.5963062233017 5.364857400010806
0.9840609346325067 39
0.9999932296389916 156
9 102.82826192147367 104.8201239138922 5.341103599988855
0.9970802598740469 39
10 25.977492135589337 24.206435506964493 0.5196846000035293
0.9841772346070351 39
0.999998022799826 156
11 22.8568954697773 20.613109906601327 5.365834700001869
0.9972411282273244 39
12 12.854882562115936 11.396160538674671 0.4743523999932222
0.6501639204521509 39
0.9999987762803157 156
13 11.188755912635182 9.894657903693936 5.346701000002213
0.9815109535242643 39
0.9999996190778719 156
14 10.506849187852414 9.211268457922317 5.4209674000157975
0.9959185907692474 39
15 5.013154621537293 4.200917487771444 0.48674770002253354
0.9154900821494041 39
0.9999999721365919 156
16 4.0050736273701695 3.2750094778612366 5.633446199994069
0.9903653976565506 39
17 3.280786131117602 2.586062072112049 0.47364720003679395
0.3492520392689053 39
0.9999999376736886 156
18 2.3846116607311334 1.743088238551516 5.134883199993055
0.9691310066004372 39
0.9999999724730352 156
19 1.965841511471206 1.3566011370069013 5.460348799999338
0.9977262093497554 39
20 1.6007458735858162 0.9922130268109072 0.493283900024835
0.4346027233325356 39
0.9999999801064923 156
21 1.3977655948706786 0.8136220574211814 5.404791999957524
0.9982468234917219 39
22 1.2620075545489884 0.6591680720344228 0.47847500001080334
0.006502146126748199 39
0.999995889605573 156
23 1.128099923714134 0.5439032215727434 5.273441199969966
0.9979181665343819 39
24 1.053029318398035 0.45819391999750947 0.47931740002240986
0.0038245665675619854 39
0.9999961731176592 156
25 0.9462421612212613 0.36354736595756537 5.3981653999653645
0.9951926333521638 39
26 0.9249116089767428 0.33807447022942105 0.48432109999703243
0.0006653387146909021 39
0.9999495096029659 156
27 0.8537761710150771 0.27410028239990286 5.308889899984933
0.9930847127025677 39
28 0.8444992436020259 0.26270354322266 0.4740085999947041
0.00022265871172950818 39
0.9994578334169308 156
29 0.8284815225550696 0.25095448972524476 5.46728979999898
0.9992192415653837 39
30 0.759592847303793 0.18023975936317999 0.6495529999956489
0.006012637707775351 39
0.9999911410480485 156
31 0.7403265498119941 0.15881252649946792 5.843451600056142
0.9722255978900105 39
0.9999999182897057 156
32 0.7326154770070801 0.15086164085024928 9.802698599989526
0.9861808114824486 39
0.9999999695052504 156
33 0.7262782376694864 0.1447155511819185 5.904653000005055
0.9928397629466563 39
34 0.7147317791699616 0.13238883223904174 0.8213292000000365
0.001237464576287196 39
0.9999925338614772 156
35 0.7108783427079075 0.13023498983961002 5.226569399994332
36 3.369950397223066
-------------------------------------------------END------------------------------------------------------
31
------------------------------------Randomized only---------------------------------------------------
582.5911045709589 625.9793061607011
0.9998073590820685 39
0 521.2781730946984 559.300958133984 0.48989619995700195
0.999852135919374 39
1 432.14571675175887 461.1867404864591 0.4953277999884449
0.9998737491651435 39
2 334.25939152479305 351.1013580619703 0.4821818000054918
0.9998184778369854 39
3 259.10005693963933 266.53361697359725 0.49023769999621436
0.9975715289577298 39
4 189.42633514819912 192.66807423760287 1.0336152000236325
0.9422979702069983 39
0.9972159106408137 156
5 110.81474816264489 108.40234837774446 4.416082700015977
0.9730028794879731 39
0.9980713909655831 156
6 80.45768001761506 81.33634140334826 3.0477862000116147
0.973268168999137 39
0.9973986137434835 156
7 56.26871208979227 56.02525008904224 3.063813899992965
0.9663607204473301 39
0.9964379675284776 156
8 37.40193588532353 36.148570391376914 2.0783107000170276
0.9588682516696088 39
0.9924524752955569 156
9 26.860158000100462 25.34865039880892 1.9867723999777809
0.949263341044309 39
0.9849494953496253 156
0.9943536958019771 273
10 17.37102943135643 15.98287359596353 5.12419050000608
0.9545633344497759 39
0.9907787853230274 156
11 12.684040875627172 11.013037559191206 2.058136400009971
0.9397237713967082 39
0.9784026495853512 156
0.9885601953776496 273
0.9937967507099852 390
12 8.628590773841756 7.2428805124349385 9.285166499961633
0.8892357302030891 39
0.9810026274680147 156
0.9891302489057101 273
0.9927715515634877 390
13 6.012868209056529 4.56609656491308 9.050960700027645
0.9876107894355088 39
0.9974169304657762 156
14 5.112768898233785 3.675388234244843 1.9705105000175536
0.7896574190606721 39
0.8969626547062092 156
0.9369670023334455 273
0.9566328675889256 390
1.0000000000000002 393
15 3.5024764814189826 2.391687854604541 9.334022200026084
0.9696903587915193 39
0.9936860484224769 156
16 3.1508515614393215 2.0687434798126545 2.0512033999548294
0.656407439185862 39
0.7764486491811361 156
0.8900548564211875 273
0.9308526439301578 390
1.0 393
17 3.0600789357292095 2.2841677668561324 9.125690200016834
0.9976098843198273 39
18 2.0196487807703636 1.2473973600121666 0.44150379998609424
0.3791200054455465 39
0.9360551470511123 156
0.9782283297673445 273
0.9900588174808923 390
19 1.6145270798607534 0.8312701195768218 8.33749310002895
0.9682794006689948 39
0.9940089568945302 156
20 1.5737553388238823 0.7942271207759145 2.293487199989613
0.35879005081081267 39
0.3859042686157145 156
0.5675167777338213 273
0.6529523135083238 390
1.0000000000000007 393
21 1.3296529623297524 0.6226355354790238 8.82750859996304
0.9975364532716968 39
22 1.2667581703686221 0.5414492680458973 0.48031169996829703
0.019525360250314865 39
0.8044409269050227 156
0.885876774626334 273
0.9234853780023149 390
1.0000000000000004 393
23 1.1213939079423696 0.46928686740617936 9.135098800004926
0.9845471429516759 39
0.9991371440116987 156
24 1.0117987815515495 0.3476117112902641 1.85302270000102
0.882854499857285 39
0.8902124168482924 156
0.9437774412933843 273
0.9680006609591688 390
0.9999999999999991 393
25 0.9868414949406259 0.36927671870231854 8.91850929998327
0.9977845197497338 39
26 0.876400262320965 0.2474571364019281 0.4798646999988705
0.29033935162688573 39
0.9514667568639946 156
0.9827285883947493 273
0.9903657174599451 390
27 0.834413980538505 0.21686757128916637 10.316716000030283
0.9933366433332316 39
28 0.8320325638422496 0.2124734398636741 0.6965670000063255
0.0015733633477406708 39
0.7324954328308766 156
0.7688592753184138 273
0.7864569965078894 390
1.0 393
29 0.8217674562892014 0.2162676352911195 10.522664700052701
0.997188682861509 39
30 0.7612494595315348 0.15009009645296834 0.5096414999570698
0.2812472955448663 39
0.9816500075222295 156
0.9902392921911117 273
31 0.7510127539566245 0.1440573814942401 6.904371400014497
0.9415465593774636 39
0.9494656776657511 156
0.9506250682754853 273
0.9611150296907425 390
1.0000000000000002 393
32 0.7436093903640368 0.14447467674825096 9.702594400034286
0.9937849028882307 39
33 0.7019430970276682 0.10072089175978007 0.5038633000222035
0.04441982322438399 39
0.9769223191114006 156
0.9894351519982719 273
0.9930827158468375 390
34 0.692525599967546 0.09419335160357079 8.521824800001923
0.9947920985181627 39
35 0.6919739410749683 0.0928987309167481 0.4746443000040017
36 4.291766452779282
-------------------------------------------------END------------------------------------------------------
------------------------------------Krylov only---------------------------------------------------
582.5911045709589 625.9793061607011
0.9999999999999999 40
0 511.8077551536887 548.423458227632 1.8867968000122346
1.0000000000000004 40
1 344.59191727504714 364.126980743228 1.8391751000308432
0.9999999999999996 40
2 325.11318566276515 343.3587170443996 2.182543299975805
0.9999999999999994 40
3 305.77708956197847 324.3675511976419 2.0860439999960363
0.9999999999999999 40
4 244.8981157954406 259.03701867122595 2.05596130003687
1.0 40
5 90.10989517372035 89.73947392360685 2.0912876999937
1.0000000000000002 40
6 44.955286298642434 44.04668247844093 1.9690265000099316
0.9999999999999997 40
7 30.68138489638578 30.1558119904301 1.915994499984663
1.0000000000000016 40
8 30.282076739272732 30.495989712453447 1.9436633000150323
0.9999999999999998 40
9 9.671842588091371 8.80818881815372 1.9550227000145242
1.0000000000000002 40
10 4.779634949593103 3.8269635993074593 1.9174733000108972
0.9999999999999998 40
11 2.639673218154574 1.7701038198410988 1.927293999993708
0.9999999999999989 40
12 2.484746751540761 1.7014117674266425 1.9123548999777995
1.0 40
13 1.928821490566056 1.22225937877446 1.9420375000336207
1.0000000000000013 40
14 1.7010249711528471 1.1321401984456634 1.762435699987691
1.0000000000000007 40
15 1.041770044915923 0.39416105334133306 1.7930372999981046
1.0000000000000004 40
16 0.9576871390832002 0.3117749345500412 1.8322874000295997
0.9999999999999998 40
17 0.911307066367257 0.28018670089510106 1.9408893999643624
1.0000000000000007 40
18 0.8777814761258534 0.24634540727656695 1.791809199959971
0.9999999999999992 40
19 0.8510150808596487 0.2271127676999227 1.7967970999889076
1.0000000000000007 40
20 0.8228697487456677 0.19779507013124745 1.835292899981141
1.0000000000000004 40
21 0.802477660806292 0.18041689141553496 1.754730999993626
0.9999999999999992 40
22 0.7744997523760924 0.1502168492270066 1.7960924999788404
1.000000000000001 40
23 0.760592233953498 0.14192688993401026 1.818868600006681
0.9999999999999986 40
24 0.7394412875834862 0.11756283724524828 1.8063828999875113
1.0000000000000002 40
25 0.7291313349356381 0.11212314573896248 1.7985679000266828
1.0000000000000002 40
26 0.7182158471777786 0.10170279226952293 1.781306200020481
1.0000000000000016 40
27 0.7114247794067087 0.09661010106012352 1.80130759999156
1.0000000000000013 40
28 0.7043295830042529 0.09142019832140601 1.7938003999879584
0.9999999999999988 40
29 0.6994384250189783 0.08695543807957953 1.8085916000418365
1.0 40
30 0.6945474580013552 0.08397748832017575 1.8299201999907382
31 1.8827997677426245
-------------------------------------------------END------------------------------------------------------
------------------------------------Hybrid---------------------------------------------------
582.5911045709589 625.9793061607011
0.9998073590820685 39
0 521.2781730946984 559.300958133984 0.8405086999991909
0.999852135919374 39
1 432.14571675175887 461.1867404864591 0.705121600010898
0.9998737491651435 39
2 334.25939152479305 351.1013580619703 0.5070797000080347
0.9998184778369854 39
3 259.10005693963933 266.53361697359725 0.687743499991484
0.9975715289577298 39
4 189.42633514819912 192.66807423760287 0.45609150000382215
0.9422979702069983 39
0.9999681778970625 156
5 182.13855784725553 184.42113406533815 5.69233940000413
0.9634730737921037 39
0.9999795532332048 156
6 175.24223718159297 177.07922111553546 6.832600299967453
0.9790055255216035 39
0.9999817855010437 156
7 144.73116245141975 148.79019772115038 5.822988200001419
0.984013903527438 39
0.9999931152385069 156
8 124.71122703651767 127.92705206144534 8.561974900017958
0.9955079600718518 39
9 61.784202208806924 61.03357639232999 0.4406823000172153
0.9531823718089504 39
0.9999985594048992 156
10 51.45230176299396 50.386533768294136 5.983717199997045
0.9657058651476079 39
0.999999336831116 156
11 43.07116771794618 41.74284215283819 8.577644900011364
0.9569280522990247 39
0.9999996708273974 156
12 35.59753309824162 34.50551794995539 11.790525099961087
0.9860088649147921 39
0.9999992931325856 156
13 30.657475538155825 29.9079802427753 5.976407499983907
0.9965833906712233 39
14 11.751641850896362 10.632584426271428 1.284704599995166
0.971776648314986 39
0.999999919539683 156
15 9.674233797645572 8.740272263976982 5.923773700022139
0.9929219846682966 39
16 6.498047330468553 5.439301781201087 1.4962794000166468
0.9271225202521156 39
0.999999966413128 156
17 4.7864409878875165 3.914839820370369 9.201962999999523
0.9900422600085793 39
18 3.8137582243064565 3.113559735110131 1.5047485000104643
0.8351989514244649 39
0.999999986368044 156
19 2.707708227489478 2.026420505741742 9.137229199986905
0.9202620481605102 39
0.9999999655879979 156
20 1.8307871326613032 1.2341222526303477 8.929722499975469
0.9969255818443826 39
21 1.2481608314258832 0.6517224280621043 1.3285636000218801
0.5983865316439666 39
0.9999999810443887 156
22 0.9192823838804396 0.3094434057931672 9.868609700002708
0.9936267379945101 39
23 0.8537700670054975 0.24637864258639072 1.058921400050167
0.042706767458026436 39
0.9999998231400694 156
24 0.7884006459127739 0.18638831337276573 5.879812599974684
0.9978811921992702 39
25 0.7303810577364612 0.12757949982124658 0.7376765999943018
0.008838897473265503 39
0.9999991195895882 156
26 0.7000600311853395 0.10456260635176816 5.924526699993294
0.9982653651458763 39
27 0.6756466450784981 0.07890725006776081 1.0557287000119686
0.027053734165623674 39
0.9999997229629004 156
28 0.6625807324269103 0.06944731389659972 5.7282838999526575
0.9977005355765827 39
29 0.6496492211565774 0.055057155385312626 1.057683699997142
0.0030834996245474875 39
0.9999968210933056 156
30 0.6425759472592268 0.04991091849575211 5.67229200003203
0.9910692547111669 39
31 0.6412654124675773 0.04809490656659621 1.072799000015948
32 4.366835737500878
-------------------------------------------------END------------------------------------------------------
32
------------------------------------Randomized only---------------------------------------------------
534.0397766381128 570.6273202034898
0.9996115253624049 39
0 481.74413965562803 513.6538106008983 0.6011540999752469
0.9996944277148474 39
1 406.01850888352703 430.55835236559284 1.00032769999234
0.9997435094930988 39
2 321.81353565500433 337.06599777948594 0.46402620000299066
0.9998460386318463 39
3 259.2955814151278 265.4584987373175 0.5004267999902368
0.9992350095429843 39
4 190.66502118058503 189.66924224398198 0.4695986000006087
0.9662073769948325 39
0.9977252125022272 156
5 141.60299989962195 139.68870845402623 5.161717599956319
0.9493957942880995 39
0.9971082788208085 156
6 102.63286084956734 100.99079385165038 2.4121648999862373
0.9714278463301315 39
0.9976434093163852 156
7 69.1768663099459 68.45123364751137 3.155614899995271
0.9851477172301717 39
0.9984191937114718 156
8 37.257653337795816 35.19797713542882 1.9799086999846622
0.975625396746761 39
0.9956656887521209 156
9 21.78286390696445 21.137848392736903 1.9212614999851212
0.9506490467496149 39
0.9856745125625151 156
0.9938577544487734 273
10 15.06244745387137 14.882596662046259 5.290150300017558
0.9825571169460946 39
0.9964177362146812 156
11 11.688445860861583 11.019343138869909 2.6052987999864854
0.903901348311155 39
0.9555371009052138 156
0.9771329761505463 273
0.9872871243676452 390
1.0000000000000002 393
12 8.840313988589 7.984959479677919 11.998756999964826
0.9981837217559717 39
13 7.672484575355388 6.763921919825571 1.0025488999672234
0.5026008639212168 39
0.863241505647417 156
0.938349884766246 273
0.9659873107059919 390
0.9999999999999998 393
14 5.482873704786673 4.4504690705869505 10.907064999977592
0.9843462004457021 39
0.9980296004726235 156
15 4.5327382404164185 3.4541244832480187 2.1345468999934383
0.9432334115418541 39
0.9785438499713176 156
0.9888660856429404 273
0.9946507747070109 390
16 4.015807604055135 3.233233084253182 8.695753199979663
0.9977853541103795 39
17 3.3936306008126165 2.478668521538552 0.48264810000546277
0.2727397645544421 39
0.9057359005236247 156
0.9433757261849446 273
0.9645555893129594 390
1.0 393
18 2.5511977496597873 1.7554934142167975 12.75996610004222
0.9918849122026928 39
19 2.453339979327519 1.6386251351156371 0.5023566000163555
0.008988970003222383 39
0.8414255693200544 156
0.9197328149632241 273
0.9608295158416164 390
1.0000000000000004 393
20 2.0097539335372896 1.2524854687133973 20.747084599977825
0.9968858268036691 39
21 1.8659686251615204 1.1315524244639894 0.4841837999993004
0.07241134691902495 39
0.8458766803928103 156
0.9338671314260946 273
0.9717021593971044 390
1.0 393
22 1.7343067679092368 1.0740344281819247 20.774122400034685
0.999144697564921 39
23 1.4445935748337555 0.7706195108133295 0.6089714000117965
0.15374880365185686 39
0.92057499623262 156
0.9687593109361802 273
0.9880372032792257 390
0.9999999999999998 393
24 1.2576170968183626 0.614463663262075 23.52178389998153
0.9934834459437827 39
25 1.108537096954602 0.46091196406648827 0.7690462999744341
0.03982790269745403 39
0.9299635843915007 156
0.9739131753469451 273
0.9898354628547481 390
0.9999999999999994 393
26 1.0057230539166655 0.38859573339170583 26.574051600007806
0.9975165410688812 39
27 0.9246447650887348 0.28685865525477344 0.582024100003764
0.05151770177744857 39
0.9551936689251348 156
0.9846160462000088 273
0.9934976668301131 390
28 0.8544887689585831 0.23404446141978627 25.77102859999286
0.9979643891068758 39
29 0.8491985313645882 0.2294213300719189 0.8201006999588571
0.006177130303162478 39
0.6761760704393226 156
0.7338326394903548 273
0.7645631167676381 390
1.0 393
30 0.805882575146159 0.1939626178207364 19.886941300006583
0.9943339017330024 39
31 0.8011610484416264 0.18631000468957457 0.5802265999955125
32 6.72390178749265
-------------------------------------------------END------------------------------------------------------
------------------------------------Krylov only---------------------------------------------------
534.0397766381128 570.6273202034898
1.0000000000000002 40
0 477.3681280475135 508.33806513802745 1.8073801000136882
0.9999999999999996 40
1 372.4414767463058 394.02482863837423 1.8305204999633133
1.0 40
2 321.1653175116646 337.43071272023496 1.7970707999775186
0.9999999999999996 40
3 115.1134122561635 119.18637410723466 1.808787600020878
1.0000000000000002 40
4 90.71009727229801 93.12873131575476 2.2473642000113614
1.0000000000000004 40
5 69.19254761745937 70.41951704340873 2.080984100000933
0.9999999999999993 40
6 47.992665692603225 48.50568281205039 1.9243777000228874
0.9999999999999996 40
7 10.987341167908058 10.368712656437095 1.8383885000366718
0.9999999999999987 40
8 4.54826579823897 3.865595501268888 1.8112154999980703
1.0000000000000007 40
9 2.282617786215649 1.7645238105697016 1.784351099980995
1.0000000000000002 40
10 1.5412362730153177 0.9263315647254201 1.7812964000040665
1.0000000000000002 40
11 1.393629454697551 0.7819689006411972 1.8209902999806218
0.9999999999999979 40
12 1.0742488037786952 0.4533631964427915 1.8007024999824353
1.0000000000000009 40
13 0.9905179223922232 0.3746785406744517 1.8559675000142306
1.0 40
14 0.9147204966117135 0.29767459632244075 1.8619767999625765
1.0000000000000007 40
15 0.8551738665708135 0.23891567943452144 1.8380261000129394
1.000000000000001 40
16 0.814766797729921 0.2083861671700254 1.818458100024145
1.000000000000001 40
17 0.7789293445023592 0.17675176684634283 1.8931543999933638
0.9999999999999992 40
18 0.7572343842037519 0.157021027689044 1.8564072999870405
1.0000000000000007 40
19 0.7378845674279567 0.14148930202167537 2.0418151000048965
1.0000000000000013 40
20 0.7248718020514872 0.1259473394591503 1.8731416999944486
1.0 40
21 0.712896729888755 0.11674145257658765 1.9241136999917217
1.0000000000000004 40
22 0.7043688147071941 0.10656276549241042 1.928942900034599
1.000000000000001 40
23 0.6963318241396409 0.09889728168710477 1.8697020999970846
1.000000000000001 40
24 0.6897648821200695 0.09117677135934683 1.9525963999913074
1.0000000000000007 40
25 0.6836487550753687 0.08557639658648424 1.853815200040117
0.9999999999999989 40
26 0.6790580213650517 0.08093404235213238 1.827721300011035
1.0 40
27 0.6747357688937755 0.07669290364912122 1.8342448999756016
1.0 40
28 0.671168786987989 0.07350933397267706 1.8248094999580644
1.0000000000000002 40
29 0.6678159786353935 0.06991642260477791 1.8531140999984927
0.9999999999999989 40
30 0.6649297819975132 0.06749618963035642 3.4755430000368506
31 1.9263541741942567
-------------------------------------------------END------------------------------------------------------
------------------------------------Hybrid---------------------------------------------------
534.0397766381128 570.6273202034898
0.9996115253624049 39
0 481.74413965562803 513.6538106008983 0.49496839998755604
0.9996944277148474 39
1 406.01850888352703 430.55835236559284 0.4856302999542095
0.9997435094930988 39
2 321.81353565500433 337.06599777948594 0.4993282000068575
0.9998460386318463 39
3 259.2955814151278 265.4584987373175 0.6838711000164039
0.9992350095429843 39
4 190.66502118058503 189.66924224398198 0.8722416999517009
0.9662073769948325 39
0.9999907335327267 156
5 179.62360570941073 177.62456468318345 5.582368800009135
0.9812984957610089 39
0.9999904791934358 156
6 150.38228194663387 154.63541493830778 8.202406999946106
0.9943241831778096 39
7 72.5175722988965 71.45544993743556 0.4819446000037715
0.8459863882282663 39
0.9999892736887908 156
8 63.20128038214205 61.51775394876042 5.341823499999009
0.9795483856718019 39
0.9999985993037858 156
9 49.4857567464544 50.059582257919075 5.521351900009904
0.995974834496539 39
10 21.732014817530093 20.668568200472514 0.49520869995467365
0.9639796543205825 39
0.9999982278309131 156
11 18.363982598662712 17.13001230258909 5.7550067999982275
0.9779257301861909 39
0.9999987427164384 156
12 14.65957056306217 13.344906641530963 5.695538399973884
0.9969418321552701 39
13 8.439669252274127 7.630255676876563 0.543698100023903
0.9564807092841335 39
0.9999991750994323 156
14 6.474664216514621 5.572872266012127 6.398904800007585
0.9973886216881844 39
15 4.481030358272652 3.805635541425313 0.642173400032334
0.8863576052015246 39
0.9999995698580108 156
16 3.5277042992163357 2.8503409305641174 5.508072600001469
0.988347341991979 39
0.9999999697338466 156
17 3.503660854434557 3.0434397148742747 5.241539000009652
0.997775728971923 39
18 1.5451796043660582 0.9712045338875177 0.4690265000099316
0.7800243115964706 39
0.9999999845882142 156
19 1.3491638933173526 0.8112283515180388 5.374277499970049
0.9967620533098975 39
20 1.2344131437871295 0.6537803615509439 0.4761062999605201
0.004272275018941628 39
0.9999966984372226 156
21 1.0919087523948552 0.5388841607879488 5.268113500031177
0.9955548865011171 39
22 1.03451756896701 0.45647534489560415 0.5030990000232123
0.0032265377330597737 39
0.9999965807954497 156
23 0.9372406289904575 0.37915725557035823 5.416573300026357
0.9953708770714526 39
24 0.9055471038739864 0.32884375394657556 0.4622299999464303
0.000642374852015209 39
0.9999771931426159 156
25 0.8397989386299498 0.273985763809412 5.413997800031211
0.994944277537695 39
26 0.8191271333167979 0.2424231007797327 0.4847254999913275
0.00048198495878254584 39
0.999850088109255 156
27 0.7704687606391475 0.1950000496374759 5.211427800008096
0.9900801425819846 39
28 0.7599248647970785 0.1806927296523768 0.47681459999876097
0.0005685870529384328 39
0.9998320633023212 156
29 0.7245297401840737 0.14101034456700576 5.284775400010403
0.9549298640026779 39
0.9999999599336724 156
30 0.7062562190712068 0.11785666370622189 5.409704399993643
0.9950004113286519 39
31 0.6908234022635265 0.10481674734620813 0.48287860001437366
0.0016111606705901294 39
0.9999536304010902 156
32 0.6743239145476719 0.08444405081273404 5.36718960001599
0.9945023636934932 39
33 0.6713445036857447 0.08299252533945613 0.4691321999998763
34 3.0887102735269925
-------------------------------------------------END------------------------------------------------------
33
------------------------------------Randomized only---------------------------------------------------
515.1934938918916 543.0402444482393
0.9998454238639972 39
0 466.2161975859383 490.3477624188289 0.48992060002638027
0.9998820003420105 39
1 395.2071982015085 413.4484891532316 0.49536579998675734
0.9999004359598644 39
2 317.06326189974004 327.9042310069591 0.5079084999742918
0.999893745296263 39
3 261.19394785975663 268.14861049213664 0.4758717000368051
0.9988594236858821 39
4 232.88397620563973 235.54433209172245 0.9787337000016123
0.9862645118127499 39
0.9995179447756098 156
5 103.40141927422302 100.29779682564381 2.083318400022108
0.962685032762702 39
0.9953772908540758 156
6 66.29544649056338 62.23134846352354 2.216004600049928
0.8608383369130803 39
0.9800476843011988 156
0.9922006583365366 273
7 47.08854757425784 44.04349618791717 5.212492599966936
0.8679442525067301 39
0.9820731416061395 156
0.9913318659426545 273
8 32.670419354472685 30.03058500415428 5.2298388999770395
0.8849443814497374 39
0.9807573565828765 156
0.9897933171805531 273
0.9942035239201622 390
9 22.466262711412604 20.030018535924178 10.18850139999995
0.8374383972027147 39
0.9772703213655216 156
0.9874067279993697 273
0.9920435924858778 390
10 15.410699499503394 13.4968693911312 8.772718299995176
0.7673936036509499 39
0.9645513404291076 156
0.9817595597289792 273
0.9867062212313839 390
1.0000000000000004 393
11 9.227477868868148 7.699676700397342 9.03000129997963
0.9531421871074024 39
0.9945165315061762 156
12 6.5774512898284145 5.129593179226453 1.9077582999598235
0.8165691262201142 39
0.927671866783507 156
0.9647605407845994 273
0.9789104594856448 390
0.9999999999999998 393
13 5.441667134584504 4.290745157341792 8.736030200030655
0.944000818190042 39
0.9968526968503226 156
14 3.3796810040244236 2.1069052498782126 1.8522632999811321
0.8755656861662099 39
0.9402749023268789 156
0.9721370440081896 273
0.9878385736364171 390
1.0000000000000002 393
15 2.5626029165135122 1.560951643475445 9.043070000014268
0.9921277060069944 39
16 2.4852093691932087 1.4587236826196728 0.4597598999971524
0.012737155899735944 39
0.709039501147141 156
0.8552914155910195 273
0.937543139390565 390
1.0 393
17 1.9937185591465776 1.133657896831016 9.153935500013176
0.9708327262846403 39
0.9966243293049722 156
18 1.9163011934650633 1.0559715639400717 1.999450400006026
0.7500868941370288 39
0.7870423337634931 156
0.8913514334582766 273
0.9457103024308112 390
0.9999999999999997 393
19 1.6769592481190077 0.917632508246439 8.811515900015365
0.9970610905313516 39
20 1.5749645379092125 0.815664723288726 0.49291859997902066
0.06252307105069874 39
0.8101206260362336 156
0.9042446510470458 273
0.9456532173830169 390
1.0000000000000002 393
21 1.429653342411566 0.7115813903115366 9.388765900046565
0.9951738288825686 39
22 1.406424795192682 0.6835201222862447 0.4828235000022687
0.006387942043597933 39
0.8068085376034407 156
0.9026683865615074 273
0.9448295342537653 390
1.0 393
23 1.294924860662952 0.616016531165299 8.786720599979162
0.9970431165282352 39
24 1.246325966252503 0.5625564598762539 0.4672068999498151
0.0444338645653149 39
0.8573723489619678 156
0.9337703449489116 273
0.9627472821338363 390
0.9999999999999997 393
25 1.1602799747017525 0.5111046432501971 8.918754899990745
0.99612865320184 39
26 1.110956213819293 0.4556696535635024 0.466578199993819
0.04063560982451226 39
0.8857806961378057 156
0.9536825126016504 273
0.9756062205231505 390
1.0000000000000002 393
27 1.0167459893950255 0.37811344103308586 9.50098790001357
0.984498068944888 39
0.9986090401624994 156
28 0.9882363921594877 0.3424101202870689 2.1394517999724485
0.5364561122830949 39
0.5571455637721595 156
0.7946321201766551 273
0.897330582991942 390
1.0000000000000002 393
29 0.9336277002648327 0.31186167430821343 8.775011699995957
0.9967169948594853 39
30 0.850934699374087 0.23474999991855747 0.6451868999865837
0.017209082897913626 39
0.9029718612091614 156
0.9743408397652831 273
0.9879298817981493 390
1.0000000000000007 393
31 0.7753215124713995 0.1714248147384888 9.006835100008175
0.9810256425956049 39
0.9992541920180976 156
32 0.7460933689664132 0.1367887219072287 1.8608397000352852
0.9046397644460898 39
0.9068956093116719 156
0.9721442598683298 273
0.98608391329525 390
1.0000000000000004 393
33 0.706408803749184 0.10276344952067061 8.900737499992829
0.9907729637279783 39
34 0.7016741804248577 0.09716824874955697 0.4850612999871373
35 4.5132097085705025
-------------------------------------------------END------------------------------------------------------
------------------------------------Krylov only---------------------------------------------------
515.1934938918916 543.0402444482393
0.9999999999999998 40
0 464.63670227856824 488.4962582101645 1.8400486999889836
1.0000000000000002 40
1 340.3508258734229 355.5121431222486 1.8155916000250727
0.9999999999999999 40
2 320.2720606283349 329.9108469193452 1.8108469999860972
0.9999999999999998 40
3 113.12012293090164 116.8407065704733 1.8220023000030778
1.0000000000000004 40
4 75.5425572959508 77.50096651552275 1.878089799953159
0.9999999999999996 40
5 45.348945558864145 44.29717175015378 1.8160860000061803
1.0000000000000009 40
6 12.031904023430922 10.768141950496197 1.8559457000228576
0.9999999999999996 40
7 6.227625095292117 5.342000765291432 1.9775206999620423
1.0000000000000002 40
8 4.519742507242605 3.7383166498967655 1.8136389999999665
1.0 40
9 3.505742205838795 2.927220523868616 1.798010999977123
1.0 40
10 1.520374798163873 0.8191668763211623 1.8085396999958903
0.999999999999999 40
11 1.0393987153332862 0.3723426948897943 1.8362298000138253
1.0000000000000004 40
12 0.9628651428283077 0.3291595706980322 1.806525000021793
0.9999999999999997 40
13 0.8648997444277098 0.23003600359330625 1.8233351000235416
1.0000000000000004 40
14 0.8045814017387598 0.17825136360215715 1.8183564000064507
0.9999999999999992 40
15 0.7923777922191116 0.1750002595840916 1.797931500012055
0.9999999999999992 40
16 0.7657138451727106 0.1490836611040165 1.8167094999807887
0.9999999999999997 40
17 0.7632543350011072 0.15752355332698448 1.8023978000273928
0.9999999999999989 40
18 0.7423168304424825 0.13387810376972617 2.019447600003332
1.0000000000000002 40
19 0.7352422955385631 0.13277399355371863 1.788227100041695
1.0 40
20 0.707825423214248 0.10348015520031628 1.8176325000240467
1.0000000000000002 40
21 0.701137947085656 0.10036574048742003 1.8221636999514885
0.9999999999999998 40
22 0.6838895638456933 0.08236374756516988 1.8327461000299081
1.0000000000000018 40
23 0.6787047155756829 0.07947100623523003 1.8480601999908686
1.0000000000000004 40
24 0.6679439312427219 0.06915160718507013 1.8485023999819532
1.0000000000000013 40
25 0.6636749883206898 0.0659240708196078 1.7975187000120059
1.0000000000000004 40
26 0.6574236748109797 0.06068688600148258 1.8378425000119023
1.0000000000000009 40
27 0.6544620408675041 0.0579909500277986 1.8102679000003263
1.0000000000000002 40
28 0.6503240184761997 0.05463553863211669 1.845766700047534
1.0000000000000007 40
29 0.647980187912626 0.052764219205888946 1.8894586999667808
1.0000000000000009 40
30 0.6450312752915848 0.05025325806672902 1.8850131999934092
31 1.8380791580665015
-------------------------------------------------END------------------------------------------------------
------------------------------------Hybrid---------------------------------------------------
515.1934938918916 543.0402444482393
0.9998454238639972 39
0 466.2161975859383 490.3477624188289 0.8634045000071637
0.9998820003420105 39
1 395.2071982015085 413.4484891532316 0.538305299996864
0.9999004359598644 39
2 317.06326189974004 327.9042310069591 0.5289760999730788
0.999893745296263 39
3 261.19394785975663 268.14861049213664 0.5143070000340231
0.9988594236858821 39
4 232.88397620563973 235.54433209172245 0.6646978000062518
0.9862645118127499 39
0.9999996482095485 156
5 230.81612453490553 233.85039577844034 6.936666599998716
0.9869256482392154 39
0.9999913411823043 156
6 210.098104075985 215.1999164437096 5.791576599993277
0.9879950589400481 39
0.9999788730859787 156
7 170.1589885562981 171.6627838066997 5.633474699978251
0.992692144255543 39
8 106.87297315276342 107.07747517815552 0.4815884999698028
0.9480756039947104 39
0.9999531339198368 156
9 103.42040094910445 105.16283177777511 5.524649999977555
0.9933056795441787 39
10 54.19155838730419 52.56751275252008 0.4798198000062257
0.9872355328891723 39
0.999987533572709 156
11 42.04204670344749 40.941153102066835 5.364360399951693
0.9934909042763093 39
12 20.037663478119438 18.66183164520839 0.4724852999788709
0.9287592105902717 39
0.9999988424419286 156
13 16.315458364038424 14.874224101365233 5.4260458999779075
0.9910018974663922 39
14 10.527536570094519 9.267017239529196 0.5681932000443339
0.8547694892170855 39
0.9999990607575678 156
15 8.35934362726752 7.354138599094745 5.576739100040868
0.9820962173732142 39
0.9999997846230698 156
16 7.662229769109053 6.844176943789618 5.709979799983557
0.9957055044115527 39
17 4.045014165296899 3.2119496973477064 0.4768294999958016
0.7878386537091919 39
0.9999991027963465 156
18 3.368096100799095 2.6232862813336832 5.350423199997749
0.9928871545624732 39
19 2.7295978241326972 1.9807342392321985 0.4727182000060566
0.2762426600000649 39
0.9999997956055545 156
20 2.346899814247915 1.6215876761255972 5.278902999998536
0.9969143850055745 39
21 1.9686986645480566 1.2575032378478326 0.4367680000141263
0.10862049577180753 39
0.9999995745023533 156
22 1.6604845665154528 0.9737744723650411 5.468470400024671
0.9970666221355555 39
23 1.4857046494808495 0.8055418121857415 0.48947520001092926
0.019185537058109825 39
0.9999987275648988 156
24 1.2097176391409914 0.5443460174435996 5.678390400018543
0.9882700774495927 39
0.999999987041111 156
25 1.051605509824267 0.39291026716123234 5.429811000009067
0.9934949859706377 39
26 0.9773604450247483 0.33379467084677183 0.474153799994383
0.015517078556758303 39
0.9999988939440503 156
27 0.9674273557888168 0.31754504093135655 5.166223800042644
0.9972145957226388 39
28 0.7909142653503834 0.17181882477756877 0.5138208999997005
0.04316924163973193 39
0.9999996686443691 156
29 0.7882091500050685 0.17782778613454106 5.131924999994226
0.9977146771801501 39
30 0.7099609146332397 0.10565983631365702 0.49400190002052113
0.09867758845274413 39
0.9999998618048874 156
31 0.7001575234177168 0.0988083192309141 5.182421199977398
0.9994083064169483 39
32 0.6660078769130486 0.06455578396538834 0.4584032000275329
0.011042080738309056 39
0.9999991671403919 156
33 0.6603558678509551 0.06417077700099236 5.28251829999499
0.9990559089893034 39
34 0.6443854678523591 0.047039871136024654 0.45314380002673715
0.0038775417136154276 39
0.9999979561368529 156
35 0.6382371019084301 0.04274623234989624 5.039420399989467
0.9962706606785248 39
36 0.6328219102142663 0.0371089274855296 0.4635134999989532
0.002203144827970262 39
0.9999971672895417 156
37 0.6279689404505018 0.033602089065521555 5.213743400003295
38 3.0007986500016783
-------------------------------------------------END------------------------------------------------------
34
------------------------------------Randomized only---------------------------------------------------
618.1039860085499 659.443168053605
0.9997241793916725 39
0 550.3081694816098 586.4605838257808 0.5018509000074118
0.9997603199496351 39
1 452.3547600733662 480.28010245845576 0.5211698000202887
0.9998138256771729 39
2 344.6065281022875 362.3871774456034 0.4912639000103809
0.9998622145925559 39
3 263.3584079503691 270.5772297323255 0.4669075999991037
0.9991346121254225 39
4 216.1064525588748 221.20938047837828 0.4880831000045873
0.9341447645617406 39
0.9976825445091843 156
5 155.52426742656502 152.71898672804755 2.042930299998261
0.9488208698493853 39
0.9971602403755453 156
6 82.8396637370907 78.62727492439681 2.0751543000224046
0.9436576888765861 39
0.9942816681296721 156
7 59.94077078378999 57.03797487888469 1.9642331000068225
0.9551859316388617 39
0.9931299951284103 156
8 42.59065755912757 40.89190534971719 4.445371699985117
0.9482778438413676 39
0.990418425785719 156
9 29.69896246900526 26.865041990952864 3.2718113000155427
0.9314785498313443 39
0.9826580158059023 156
0.9931167244093976 273
10 19.234979038972295 17.40734064178379 4.869820099964272
0.9223349612113835 39
0.9808568740851515 156
0.9884201401410072 273
0.994670999114283 390
11 12.828945496239033 11.877143447069455 8.97645570000168
0.9375607274152709 39
0.986512526852834 156
0.9921800175326414 273
12 10.082005430757013 9.20906251368967 5.157070499961264
0.898921481150189 39
0.9666928929652486 156
0.9761844232455898 273
0.9844562778441843 390
1.0000000000000004 393
13 7.178601258501597 6.356410138474579 8.695949500019196
0.9887180236358706 39
0.9972750114646555 156
14 6.076769647226412 5.37443447399603 1.951783400028944
0.771545208573786 39
0.8830037594030858 156
0.9261559281013867 273
0.9561082782676251 390
1.0 393
15 4.243786192700802 3.6381963786467777 9.630781399959233
0.9899339516457266 39
0.9974432728318301 156
16 3.8158582107043424 3.0750278886396316 2.14376840001205
0.5285554796841202 39
0.7048683740869287 156
0.835412157276339 273
0.9109474430320608 390
1.0000000000000002 393
17 2.844544821031227 2.1163282774401506 9.033765699947253
0.9901945836998962 39
18 2.6848349018358317 1.962246867438144 1.1348093999549747
0.057890527892543425 39
0.7830098152218735 156
0.8857783459111799 273
0.9411421030324314 390
1.0 393
19 2.0505113441808795 1.4111285316133029 10.221660200040787
0.9904005721600254 39
20 1.9985624212709052 1.347672000266134 1.1644989000051282
0.011012610502067734 39
0.7959388082207081 156
0.9132995942240657 273
0.9514456265013235 390
1.0000000000000004 393
21 1.608634828731543 1.0000442695890814 9.414305899990723
0.9895780020422154 39
0.9988137809177282 156
22 1.5027188809981917 0.8953716280000222 3.939929199987091
0.4711728707067555 39
0.5094620818662158 156
0.7699372200415684 273
0.8634322009864116 390
1.0 393
23 1.2505416230254225 0.6547190398434916 8.943373399961274
0.9905976633413534 39
24 1.2130221770518645 0.6035752583739018 0.49528400000417605
0.016959751615465774 39
0.7568242737267245 156
0.8872228458058358 273
0.9391320717821275 390
0.9999999999999997 393
25 1.0363968218078372 0.42306982556284106 8.685793299984653
0.9911389904186862 39
26 1.0081509303432232 0.39634062970753975 0.46897980000358075
0.006354975023377478 39
0.8159266618582247 156
0.92682601501616 273
0.962328670872934 390
1.0 393
27 0.8826737393799878 0.2791432172462467 9.052409099997021
0.9906558500103377 39
28 0.8653737031525945 0.26060295425424657 0.4776854999945499
0.001558548161633399 39
0.8838471460575383 156
0.9602468212639823 273
0.9813580069074843 390
0.9999999999999998 393
29 0.7912948238366194 0.19527743891177 8.824603199958801
0.9905119587566065 39
30 0.7724124384489933 0.17202584248011335 0.49598929996136576
0.002860403300386306 39
0.9449626090649232 156
0.9817306980264904 273
0.9910115991241558 390
31 0.7434463940987135 0.1438308240440441 8.994353199959733
0.9961533626458978 39
32 0.7426203632628685 0.14373963811657745 0.5090781999751925
33 4.228815857567966
-------------------------------------------------END------------------------------------------------------
------------------------------------Krylov only---------------------------------------------------
618.1039860085499 659.443168053605
0.9999999999999997 40
0 546.4856222566044 581.6374419363192 1.8267348000081256
1.0000000000000004 40
1 424.35750093390124 447.5252539108307 1.7930876999744214
0.9999999999999999 40
2 243.52506583607484 243.89924058784666 1.779002399998717
0.9999999999999998 40
3 135.93968681317747 138.55429150644557 1.8300686999573372
1.0000000000000004 40
4 91.34046720912023 92.24804603850218 1.9110400000354275
0.9999999999999994 40
5 57.17753212313009 58.07925448863166 1.9391865999787115
0.9999999999999998 40
6 42.72687876936717 43.71075726464931 1.8440338000073098
1.0000000000000007 40
7 37.78965996193275 39.02475843654098 1.7979145999997854
0.9999999999999987 40
8 6.65569156059488 5.630160499261113 1.8432755999965593
1.0 40
9 3.980804053317732 3.121805341275832 1.9808703999733552
0.999999999999999 40
10 3.3605620949711925 2.65617159085099 1.8277567999903113
1.000000000000001 40
11 2.0353908334103705 1.3573691560993157 1.8830247999867424
0.9999999999999997 40
12 1.3289690115396018 0.6865511351791145 1.8356795000145212
1.0000000000000004 40
13 1.0903898569964772 0.459794881383451 1.8341116999508813
1.0000000000000007 40
14 1.020146226321115 0.3959691367232193 1.8171598000335507
0.9999999999999993 40
15 0.9496350090644955 0.33080508648085016 1.8339035999961197
1.0000000000000009 40
16 0.9168059993270236 0.3056096939383274 1.8176808999851346
1.0000000000000002 40
17 0.8851745183245979 0.275136155848891 1.8104408999788575
1.000000000000001 40
18 0.8588220602782701 0.2544638978522863 1.8241902999579906
1.0000000000000007 40
19 0.8407458566843956 0.2357113794465648 1.8022290999651887
0.9999999999999992 40
20 0.8190570874329232 0.2224379116511842 1.8362383000203408
1.0000000000000007 40
21 0.8068052158648922 0.20666726110894232 1.798198600008618
0.9999999999999997 40
22 0.789729372290677 0.1959061408677509 1.8474243000382558
0.9999999999999989 40
23 0.7804518828037391 0.1837727201992868 1.8476539000403136
1.0 40
24 0.7682457994450206 0.1772266480760231 1.8273125999839976
0.9999999999999997 40
25 0.760715648296209 0.16553275740761667 1.8476801000069827
1.0000000000000002 40
26 0.7516130884883437 0.16216249890121237 1.8169716999982484
0.9999999999999997 40
27 0.7456146580761258 0.151144860989981 1.8232772000483237
0.9999999999999988 40
28 0.7385513870813738 0.1495832984565979 1.8382846000022255
1.000000000000001 40
29 0.7335720359011696 0.13990833744584596 1.773261399997864
1.0000000000000002 40
30 0.727820373909325 0.13885575475834872 1.8280193000100553
1.0 40
31 0.723584960196846 0.13102750627252466 1.8459430999937467
32 1.8363017843730631
-------------------------------------------------END------------------------------------------------------
------------------------------------Hybrid---------------------------------------------------
618.1039860085499 659.443168053605
0.9997241793916725 39
0 550.3081694816098 586.4605838257808 0.48561969998991117
0.9997603199496351 39
1 452.3547600733662 480.28010245845576 0.4909353999537416
0.9998138256771729 39
2 344.6065281022875 362.3871774456034 0.4868401000276208
0.9998622145925559 39
3 263.3584079503691 270.5772297323255 0.45804860000498593
0.9991346121254225 39
4 216.1064525588748 221.20938047837828 0.5045648000086658
0.9341447645617406 39
0.9999975039314738 156
5 208.7817407865288 216.30765323781984 9.947496799984947
0.989265454057544 39
0.9999943049286072 156
6 200.48915421441808 209.30353104433814 8.748350899957586
0.9955495357801177 39
7 139.92334667949396 143.54840926538017 0.4707699000136927
0.9835089548750862 39
0.999986269709184 156
8 111.40203418712696 113.47051951344815 5.571846800041385
0.9869618959397783 39
0.9999952704415341 156
9 91.40828294609777 93.91055425594348 7.385229900013655
0.9965018329556458 39
10 39.93679083355406 39.144004033483824 0.48351749998982996
0.9888879202555592 39
0.999999338735326 156
11 28.1198515971163 26.574740384427123 5.587047600012738
0.9911258296393498 39
12 19.237245012176217 17.462139174198587 0.47047489997930825
0.8885477498229314 39
0.9999997703198971 156
13 16.91392107492726 15.773337933423077 5.478208599961363
0.9911708333818638 39
14 12.727634366290696 10.939744856353881 0.47620430000824854
0.9611288116465417 39
0.9999995215962255 156
15 10.606790013770372 9.325478285969924 5.296395699959248
0.9951448820745887 39
16 7.593634002938164 6.278665608583169 0.4966555999708362
0.9349788959235543 39
0.9999998603537585 156
17 6.482399346025635 5.353379720345528 5.429669100034516
0.9858462107076846 39
0.999999942696485 156
18 6.0221335313151565 5.187096042874984 5.504572800011374
0.9988494135428074 39
19 3.7665426994343028 2.771886908865235 0.4471608999883756
0.9169176645404541 39
0.9999999898579109 156
20 2.944270857039967 2.117793933741782 5.320742700016126
0.9967536040613416 39
21 2.639589822135012 1.74939265909487 0.47162059997208416
0.3928032978373854 39
0.9999999715702979 156
22 2.3933332375053826 1.5828688349827653 5.523383099993225
0.9975875412768905 39
23 2.240064171499123 1.4026163289933402 0.5117434000130743
0.02201533112624136 39
0.9999990446494398 156
24 2.00359310008661 1.2347000975940639 5.682813499995973
0.9966792845386793 39
25 1.9122020653495848 1.1195111023296855 0.5043600999633782
0.027263696421144578 39
0.9999996796857694 156
26 1.8309530472908397 1.1429085074965597 5.163418200041633
0.999093244145371 39
27 1.4458767706336855 0.7300933271057649 0.4780936000170186
0.2085945640902342 39
0.999999976524392 156
28 1.2681180650571728 0.6019529656676491 5.3659404999925755
0.995966135878787 39
29 1.168267969959205 0.49837550185462043 0.4714127999613993
0.12106844919921461 39
0.9999999597600109 156
30 1.04545198193045 0.40778303867212284 5.379986800020561
0.9901088009427373 39
31 0.983898823440817 0.34024464759537376 0.47460930002853274
0.05904464899007441 39
0.9999998916297241 156
32 0.9180016998012381 0.2913210315243009 5.580086100031622
0.9937630341714051 39
33 0.8614709898007388 0.23476559095864816 0.46560220001265407
0.00933752150093831 39
0.999999346603609 156
34 0.8056952328197429 0.18720998518717885 5.493016099964734
0.9933318329470678 39
35 0.7810201771459174 0.16776547787030677 0.4595967000350356
0.0025211076445271433 39
0.9999972527142474 156
36 0.7349595782367866 0.12950106613796508 5.4215149999945424
0.9944433023995356 39
37 0.7277315036732873 0.12316779121503998 0.48470430000452325
0.0010565708306308828 39
0.9999927984451737 156
38 0.7008651494504484 0.10302498657514224 5.352190500008874
0.9977047534644071 39
39 0.6939352318972081 0.09475112208494774 0.4668235999997705
0.0004956493036407064 39
0.9999854920163235 156
40 0.6776475483927881 0.08365093931741209 5.330887399963103
0.9982488213405808 39
41 0.6721493613109387 0.07615321977909076 0.48733810003614053
0.0001845333421901345 39
0.9999569237437449 156
42 0.6616050806258117 0.06924320936575248 5.333759600005578
0.9983864182476705 39
43 0.6575520489828911 0.0632396055407531 0.4399661000352353
44 3.0655277318186234
-------------------------------------------------END------------------------------------------------------
35
------------------------------------Randomized only---------------------------------------------------
781.7871425794017 828.4527082712344
0.9996415872145981 39
0 686.4432515618837 727.3097592165614 0.4682678999961354
0.99975238180724 39
1 547.5321148613685 579.1461777596751 0.4752295999787748
0.9998497362051088 39
2 393.357772754231 413.5191604708443 0.47012489999178797
0.9998570392364853 39
3 283.166811270182 293.09845616466123 0.49247850000392646
0.9996430183637104 39
4 229.26863132068678 236.16700668109397 0.4779795999638736
0.9661848526578809 39
0.9982973514650655 156
5 128.59468919782088 125.95675281054014 2.174019899975974
0.9130346515571248 39
0.9929897729405982 156
6 78.22548065276501 76.00030356332351 2.0529247000231408
0.9282170395756933 39
0.9911623298375163 156
7 54.401067316465735 51.97955941525705 1.911268799973186
0.9276726850728371 39
0.9879420217158873 156
0.9938425836145027 273
8 37.58427077495551 35.44784416115495 5.3387007000274025
0.9269721883815036 39
0.9893105064904607 156
0.993956304854597 273
9 25.374926968853 23.442818281471197 4.992949599982239
0.8801232895976805 39
0.979411801383189 156
0.9869673266839654 273
0.9938004787139944 390
10 16.415540240077636 14.704440161160539 8.570706300029997
0.843702212306017 39
0.9769118440275214 156
0.988275516024727 273
0.9930392821821389 390
11 11.003981852702953 9.804219080872656 8.772119600034785
0.9511760092276137 39
0.9869636593032222 156
0.9921313683738346 273
12 8.659418799207197 7.6921836957059515 5.518241600017063
0.7810981592038816 39
0.9163792743619559 156
0.9358112660425552 273
0.9617134561036843 390
0.9999999999999999 393
13 6.362188250699507 5.721853083490682 8.547696200024802
0.9936177975499316 39
14 4.827062278240253 4.0704051077094405 0.45305609999923036
0.6484673770578241 39
0.9400227066655468 156
0.9759170686243506 273
0.9842478796160916 390
1.0000000000000004 393
15 3.237848349905539 2.4913909431289367 8.766906299977563
0.9666018957571805 39
0.996508826183706 156
16 2.381629990424275 1.6379990222821166 2.0242332000052556
0.8520099319743809 39
0.8972143025370097 156
0.955421955796762 273
0.973961036449931 390
1.0000000000000004 393
17 1.8166567918887981 1.149349520155556 8.739384399959818
0.9940344171525558 39
18 1.5906874613341817 0.9410287562964574 0.4921372000244446
0.07280387035696907 39
0.8736124904888618 156
0.9438761185971343 273
0.9712856848739967 390
0.9999999999999998 393
19 1.3181714867562107 0.7599396160142564 10.80812549998518
0.9964286399897513 39
20 1.1572001720845826 0.5697005874144825 0.502001500048209
0.023934975156529766 39
0.8943702848729211 156
0.9584046991969085 273
0.975888842616797 390
1.0 393
21 0.9765413233086317 0.4087119653073637 8.96814389998326
0.9934258459822523 39
22 0.9239067006683217 0.35230223825751694 0.5018360000103712
0.015023989457746668 39
0.8733313754674563 156
0.936013681477533 273
0.9613683522191829 390
0.9999999999999999 393
23 0.8528214636475248 0.24996671801705492 9.174807199975476
0.9917345650849212 39
24 0.8111544106520844 0.21064168356782742 0.47124230000190437
0.015411470022648364 39
0.9099847872373823 156
0.9614930675387834 273
0.9754316819274526 390
0.9999999999999997 393
25 0.7609390643969799 0.16761653473069407 8.710600200050976
0.9973134945645282 39
26 0.7420426830263026 0.15016101304863594 0.47466379997786134
0.04234392447758386 39
0.8965540973118741 156
0.9549126784156144 273
0.9675466463112283 390
1.0000000000000002 393
27 0.7146321803413872 0.11574836985487301 8.562994999985676
0.9904477655818625 39
28 0.7022096182244495 0.10631840091940743 0.45247509999899194
0.002618976791060544 39
0.9442565540772551 156
0.9696233174519542 273
0.9788854394610341 390
1.0000000000000002 393
29 0.6812074685049265 0.08532541842524646 8.748627300024964
0.9947567626241679 39
30 0.6754866382532295 0.07898661801038646 0.5089982000063173
0.0037752409248632875 39
0.9480747099364529 156
0.9714410299628313 273
0.9783836437747142 390
1.0 393
31 0.6635001380460382 0.06582168622554746 8.859066699980758
0.9994849442969723 39
32 0.6580707907530401 0.06224855779035084 0.4771401999751106
0.013700243731785184 39
0.9052346523947178 156
0.9393077904361136 273
0.9529292567227003 390
1.0000000000000002 393
33 0.6485358134071649 0.05022878625915488 9.260883599985391
0.9958015817928636 39
34 0.6472853489573004 0.04928229684681804 0.4717776000034064
35 4.219765977142378
-------------------------------------------------END------------------------------------------------------
------------------------------------Krylov only---------------------------------------------------
781.7871425794017 828.4527082712344
0.9999999999999997 40
0 678.6928727727757 716.7541097252486 1.815699900034815
1.0000000000000002 40
1 503.40130156429336 532.7961923700357 1.812658199982252
0.9999999999999999 40
2 297.96268415390284 305.613503089898 1.8209688999922946
0.9999999999999996 40
3 252.92444291010938 256.455767504075 1.8417571000172757
1.0000000000000007 40
4 226.44313440364934 241.01932105442378 1.781975899997633
1.0000000000000004 40
5 177.72317946169153 169.48914028744085 1.8457969999872148
1.0000000000000002 40
6 81.37733886167811 80.19892753571888 1.8517061999882571
1.0000000000000002 40
7 18.6247622839614 18.164769258033722 1.9370145000284538
1.0000000000000007 40
8 9.096470934738212 8.354648929050999 1.9941662999917753
0.9999999999999998 40
9 6.941480550142388 6.290422837244835 1.7673709000227973
0.9999999999999996 40
10 3.2381058655201707 2.661038971009087 1.9180275999824516
1.0000000000000009 40
11 3.0790979729602594 2.587626478248842 1.9887352000223473
0.9999999999999996 40
12 1.4051653513278333 0.8087910126102535 1.8292452999739908
1.0000000000000004 40
13 1.220510037798154 0.5862728134058511 1.8291392999817617
0.9999999999999997 40
14 0.954923255486995 0.3401339478776768 1.8056126000010408
1.0000000000000002 40
15 0.8780345373228633 0.2422671914810733 1.8287284999969415
1.0000000000000002 40
16 0.837474219046521 0.2300312722485362 1.7866509999730624
0.9999999999999998 40
17 0.7759207031146116 0.15206190644499695 1.8788088000146672
1.0000000000000002 40
18 0.7737793060508513 0.16852786979834605 1.7450576000264846
1.0000000000000004 40
19 0.733452588368271 0.11969443451750007 1.814041699981317
1.0 40
20 0.7290679196710765 0.12394783718260495 2.0110898000421003
1.0 40
21 0.7076467138558075 0.10054378674227744 1.8228732999996282
1.0000000000000002 40
22 0.7009391703522738 0.098603013306755 1.7880278999800794
1.0000000000000009 40
23 0.690648285591971 0.08673164117446178 1.8253186999936588
1.0000000000000004 40
24 0.6847753692203264 0.08364074329819499 1.8024603000376374
1.0000000000000002 40
25 0.6788220261440495 0.07663428200898917 1.8282158999936655
0.9999999999999994 40
26 0.6744057755097403 0.07447980625998965 1.8552849999978207
1.0000000000000002 40
27 0.6702428810921803 0.06932201089332571 1.8836923000053503
1.0000000000000009 40
28 0.6667318616240913 0.06761464160853134 3.3635771000408567
0.9999999999999991 40
29 0.6634926733809977 0.06317017109755953 1.8439051000168547
0.9999999999999994 40
30 0.6607370270073996 0.06189653361790563 1.841849500022363
31 1.8954663677460273
-------------------------------------------------END------------------------------------------------------
------------------------------------Hybrid---------------------------------------------------
781.7871425794017 828.4527082712344
0.9996415872145981 39
0 686.4432515618837 727.3097592165614 0.4722084999666549
0.99975238180724 39
1 547.5321148613685 579.1461777596751 0.4882295000134036
0.9998497362051088 39
2 393.357772754231 413.5191604708443 0.4654133999720216
0.9998570392364853 39
3 283.166811270182 293.09845616466123 0.48611100000562146
0.9996430183637104 39
4 229.26863132068678 236.16700668109397 0.48054970003431663
0.9661848526578809 39
0.9999956862706904 156
5 208.20823461769024 213.09362216533842 5.416648400016129
0.9801673368021155 39
0.9999575313599867 156
6 168.5043123124622 172.22262942993368 5.542038700019475
0.9893527854581582 39
0.9999975995965621 156
7 102.6136444496291 104.25410571190727 5.43002799997339
0.9947548392666425 39
8 47.542969408035546 47.68834636020964 0.492176300031133
0.9715759217847294 39
0.999991761224502 156
9 31.65185587553155 30.847448852316536 5.240408200013917
0.9858460646711168 39
0.9999949577952212 156
10 23.94111615010593 23.078066516901266 5.240397799992934
0.9920600918854366 39
11 12.79789037867599 11.672324468940845 0.4688128999550827
0.986255760100901 39
0.9999986290106718 156
12 10.698234595336299 9.715495456024204 5.35168739996152
0.9960016343674174 39
13 7.501805308198051 6.164084569582432 0.48752279998734593
0.9815696476337729 39
0.9999988116572787 156
14 6.235959668428593 5.177528279045481 5.388601900020149
0.9942610475357954 39
15 3.877983920412574 2.9156528419404295 0.4763565000030212
0.9232125276259145 39
0.9999999377302404 156
16 3.1831357506354303 2.3780501608710054 5.4296213000197895
0.9927632643948044 39
17 2.577758825810727 1.712908622358131 0.45067610003752634
0.8396495445206752 39
0.999999816188937 156
18 1.9381685249438647 1.1954178636782047 5.438647500006482
0.9753940746828847 39
0.9999999838220716 156
19 1.7549438878167636 1.136833022231968 5.291122600028757
0.9974681869577005 39
20 1.1025027855806118 0.44218250495750894 0.48684939998202026
0.2232017647011561 39
0.9999998486293844 156
21 0.8928901278358937 0.2760206774134066 5.3870611999882385
0.9929335108095432 39
22 0.8038597361243178 0.18384668169266752 0.469866200000979
0.019006150168733766 39
0.9999996256295651 156
23 0.789136377927439 0.19025787667468078 5.434333199984394
0.9990319752055363 39
24 0.7018554963568555 0.0955127340874367 0.44373519998043776
0.006637473986224969 39
0.9999981109669269 156
25 0.6811527064477867 0.0810324421017279 5.35323500004597
0.9933039832723511 39
26 0.6759833864857812 0.07323971189938883 0.4506220000330359
0.00010772037811618548 39
0.9988418226334121 156
27 0.6648768393909835 0.06690406929484592 5.325280399993062
0.9960416745463695 39
28 0.6588832629420632 0.05864205049641144 0.4950113000231795
5.7476357894766506e-05 39
0.9993519351074667 156
29 0.6519213117069316 0.05465015162333541 5.543449499993585
0.9963948716261606 39
30 0.647168658280475 0.048439116987357804 0.503937799949199
31 2.852601280646218
-------------------------------------------------END------------------------------------------------------
36
------------------------------------Randomized only---------------------------------------------------
540.7077094015834 574.6938718973215
0.9996587647458812 39
0 487.04784102293496 517.0730639414171 0.45702889998210594
0.9996915516032912 39
1 409.29524811585003 432.8686893461613 0.4893531000125222
0.9997844607080526 39
2 322.92625849630207 337.5278513617847 0.4720861000241712
0.9997748292744231 39
3 259.88697311261745 267.0562930114074 0.4438007000135258
0.9977558259375485 39
4 186.32061314002448 187.1862411568352 0.7523501999676228
0.9520923637510048 39
0.9971100628253627 156
5 141.0607567746659 136.50677084512506 2.0129891999531537
0.945585871405912 39
0.9966731274888456 156
6 92.27364458367234 89.59967756842701 2.075915299996268
0.9281809637716839 39
0.993955149661071 156
7 62.200573524325584 60.23904334039411 2.113801700004842
0.9390459931495057 39
0.9944130919785843 156
8 39.2009892643031 37.20305782133862 1.9847298000240698
0.9199159305197764 39
0.9896487823037744 156
0.9965211851536555 273
9 25.26572492406348 23.878540006665833 5.099468900007196
0.923773147341322 39
0.9905593360102993 156
10 18.778825922165712 17.738520513010624 2.016677899984643
0.8671055266372316 39
0.9660773403804662 156
0.9815150566398598 273
0.9901623064764683 390
11 13.07199665212569 12.453040051478606 9.635172399983276
0.8981166174030755 39
0.9899942559691134 156
0.9937045305989921 273
12 9.201122436156222 8.522913198359069 5.104098699986935
0.8334949381941213 39
0.952158248521206 156
0.9663144485380616 273
0.9815847483478057 390
0.9999999999999999 393
13 7.727336757137454 6.921075924148441 8.631069099996239
0.985757147609475 39
0.9991689473618897 156
14 4.139412528015853 3.3903516350130425 2.0974567999946885
0.9583421973727407 39
0.980583530402013 156
0.9904407334637957 273
15 3.5343560408515056 2.9489968065961745 5.2492469000280835
0.933918627533294 39
0.9614479708199445 156
0.9683289169053297 273
0.9840131543520922 390
1.0 393
16 3.412087623487384 2.58381054046404 8.810213999997359
0.9761525983835555 39
0.9985330207091682 156
17 2.084128229132853 1.3872150518845292 2.2067176999989897
0.8818865182082504 39
0.91591172202432 156
0.9662140984773555 273
0.980207742230706 390
0.9999999999999997 393
18 1.9841403264085777 1.4477611566313702 8.94386790000135
0.9964495055164724 39
19 1.5334795039817348 0.9375156978120237 0.467020699987188
0.3652680693548676 39
0.912454142719476 156
0.968039042678356 273
0.9849934896694759 390
0.9999999999999997 393
20 1.5104612331319343 0.9458804224927934 8.803330400027335
0.9952823594071009 39
21 1.1752457358780273 0.5968906151787811 0.4772419999935664
0.7693165541316008 39
0.9818907703896094 156
0.9921069399921673 273
22 1.0719220910752876 0.4785572234919403 5.443190900026821
0.9735986460615194 39
0.9810837171688752 156
0.982536817651815 273
0.9911581183604146 390
23 1.0181103354721313 0.4144723996473865 8.291774199984502
0.9835700560218062 39
0.9951852307866128 156
24 1.0057075176187358 0.3980665634591344 1.8166288000065833
0.12369197620170669 39
0.1393951596461053 156
0.2836282458220777 273
0.3799065481946963 390
0.9999999999999998 393
25 0.898340065092369 0.29808151899766605 9.462870399991516
0.9915023626349728 39
26 0.8802835543729638 0.26853516103750746 0.47463789995526895
0.013377913001203981 39
0.8625668287234177 156
0.9172931480480474 273
0.9433481496479075 390
1.0000000000000002 393
27 0.8063863813616309 0.21121510703322482 10.065868499979842
0.9960221886810449 39
28 0.7878776527881071 0.1864248956931896 0.46472359995823354
0.04068212628735497 39
0.9010407411911018 156
0.9595467670233537 273
0.9776447460856952 390
0.9999999999999998 393
29 0.7326561152248011 0.1322247111908139 9.626323600008618
0.9930634295444671 39
30 0.7233943558903553 0.11865968909170439 0.4709381999564357
0.007750899729374275 39
0.8852883542616433 156
0.9584260075622739 273
0.9800091498108112 390
1.0 393
31 0.7233059495721228 0.1228490566716085 9.278477200015914
32 4.179345990620277
-------------------------------------------------END------------------------------------------------------
------------------------------------Krylov only---------------------------------------------------
540.7077094015834 574.6938718973215
1.0000000000000007 40
0 480.4725395158847 511.13823944238027 1.8180477999849245
1.0000000000000004 40
1 320.16308945267673 334.25313089647096 1.8103295000037178
1.0 40
2 313.20160501623303 325.3241593594203 1.9220898000057787
1.0000000000000004 40
3 166.46889425815993 165.1832327895373 1.7596776999998838
1.000000000000001 40
4 79.34245793456095 77.57549221327093 1.8005122999893501
1.0000000000000002 40
5 41.87817057560538 41.279671360178796 1.985112200025469
0.9999999999999994 40
6 34.148238255256395 33.268103415225106 1.9526346999919042
1.0000000000000009 40
7 16.911546863599867 15.87468003070564 1.9343470999738201
0.9999999999999996 40
8 8.44219837406065 7.544558369248107 1.9982382000307553
1.0000000000000002 40
9 6.5361903700467225 5.577727824338456 1.803657700016629
0.9999999999999994 40
10 2.9600383681272264 2.1552930215248036 1.8224135999917053
0.9999999999999997 40
11 1.8696898710293859 1.1700744876737794 1.828482199984137
1.0000000000000007 40
12 1.558112016251815 0.8901225835627045 1.9934405999956653
0.999999999999999 40
13 1.5065941532168283 0.8973763026681579 1.992532400006894
1.0000000000000002 40
14 1.4053856516098677 0.8061502521346745 1.991775200003758
1.000000000000001 40
15 1.1165425686943342 0.5027009891065921 1.8465774999931455
0.9999999999999997 40
16 0.8981057412032994 0.273006495116463 1.8576698999968357
1.0000000000000009 40
17 0.8470883069050072 0.23446893472317404 1.8734247999964282
1.0 40
18 0.8141539673871685 0.20190894677508725 1.8983191999723203
0.9999999999999994 40
19 0.7846743732667033 0.17634697624371126 1.8785265000187792
1.0000000000000004 40
20 0.7683874400921602 0.1606722932742241 1.8678105999715626
1.000000000000001 40
21 0.7511124679487597 0.14577063577271565 2.0004813999985345
0.9999999999999994 40
22 0.740369333427478 0.13719661068582167 1.9729941000114195
1.000000000000001 40
23 0.7292372107345542 0.12667793839864935 1.9824860999942757
0.9999999999999992 40
24 0.7216029739202722 0.12150014989922803 1.9462522000540048
0.9999999999999994 40
25 0.7137704605899226 0.11324924052772335 1.9400144999963231
0.9999999999999999 40
26 0.7078742071838038 0.10889369891564463 2.049693400040269
0.9999999999999997 40
27 0.7020937815877849 0.10317639449212537 2.3976499999989755
1.0000000000000002 40
28 0.6974038488465962 0.09902233124515303 2.215591599990148
0.9999999999999996 40
29 0.6930375933784246 0.09490952512493464 2.399005799961742
1.0000000000000004 40
30 0.6892747837095287 0.09128841344536356 2.406634899962228
31 1.9660136612890768
-------------------------------------------------END------------------------------------------------------
------------------------------------Hybrid---------------------------------------------------
540.7077094015834 574.6938718973215
0.9996587647458812 39
0 487.04784102293496 517.0730639414171 0.4670122000388801
0.9996915516032912 39
1 409.29524811585003 432.8686893461613 0.49187150003854185
0.9997844607080526 39
2 322.92625849630207 337.5278513617847 0.4578845000360161
0.9997748292744231 39
3 259.88697311261745 267.0562930114074 0.45967040001414716
0.9977558259375485 39
4 186.32061314002448 187.1862411568352 0.45850359997712076
0.9520923637510048 39
0.9999955891227722 156
5 175.62619049867723 176.6153058803106 5.817335799976718
0.9771334606178229 39
0.9999754532366756 156
6 172.69720379156678 171.89864095602488 5.81233590003103
0.9897805558870729 39
0.9999947402636936 156
7 151.68634293609153 153.05156994421267 5.463768900022842
0.9935506892469318 39
8 84.34092289523895 83.31699606381008 0.4718453999958001
0.991343357244146 39
9 47.140930329867246 47.30028783777178 0.560563999984879
0.9803727639545515 39
0.9999969257802064 156
10 34.64581800905735 35.59074739376076 8.773396900040098
0.9897134705314147 39
0.9999987483306673 156
11 27.784734574469027 28.5700070914225 9.204633600020315
0.9974753773866849 39
12 11.079627240905737 10.164714131105553 0.6820604000240564
0.9830084046864179 39
0.999999820301638 156
13 9.36018829935024 8.6203413402936 8.851097500009928
0.9925788622198712 39
14 6.690887300458318 5.967118960141626 0.5023017000057735
0.9071724524740824 39
0.9999994192095052 156
15 5.6731476112046435 5.115395328782429 5.367014700022992
0.981139456780495 39
0.9999997138835056 156
16 4.529195425152139 4.068798383630885 9.356800000008661
0.9916908822744784 39
17 2.971085082248878 2.3363630719459216 0.46463690005475655
0.7576216256280048 39
0.9999999683659457 156
18 2.6327840675936813 2.0156476006481245 9.72338610002771
0.9925938112581552 39
19 2.1698344896438693 1.565507681621774 0.47697419999167323
0.10029472083495358 39
0.999999722022107 156
20 1.8122833738597783 1.2278413094595897 8.496453600004315
0.9784466905956832 39
0.9999997631078655 156
21 1.65608016089948 1.0767788425440536 5.700399600027595
0.9971655938802 39
22 1.2959519515057194 0.6845790894953555 0.8059599999687634
0.0818168609331963 39
0.9999998490839694 156
23 1.1426390781085773 0.5462969227849462 8.534062099992298
0.9952999730080034 39
24 1.0778583467765765 0.4651225741044841 0.4530817999620922
0.0015868821643195326 39
0.9999796904047136 156
25 0.9537350278741007 0.3520938000880133 8.653067300037947
0.9916095876268135 39
26 0.9294301948158256 0.3182919133232558 0.4530432999599725
0.0007258696691966547 39
0.9999452334494212 156
27 0.8433953513775948 0.2398883104165068 8.381569999968633
0.9974192018237993 39
28 0.7659300812732712 0.1591014983782815 0.4437127999844961
0.085893164002585 39
0.9999997806670297 156
29 0.762540886388822 0.14697059419989905 8.470554200001061
0.9994699181810549 39
30 0.6967460198617546 0.09115636582540065 0.4672306000138633
0.23247333777786536 39
0.9999999479357644 156
31 0.68190029170362 0.07834861289187621 9.51865469996119
0.9904874662502603 39
32 0.6766461434040749 0.07341980644992291 0.7032959000207484
0.0002000915873156698 39
0.9991160106908059 156
33 0.6704969100846417 0.06856707702350635 8.785342399962246
0.9969333361687838 39
34 0.6622402901252928 0.061156713888344226 0.4928211999940686
0.0004072942846876222 39
0.9995289231480118 156
35 0.6583102176486342 0.05790720214085057 5.676744599943049
36 4.163863563892341
-------------------------------------------------END------------------------------------------------------
37
------------------------------------Randomized only---------------------------------------------------
604.7140511719978 643.3020443105368
0.9997258232827235 39
0 540.3491329892433 573.68336276134 0.467488800000865
0.9997720169947742 39
1 446.95929790046245 472.49080726081905 0.6558852000162005
0.9998281131596082 39
2 343.71224057323633 359.2186485597599 0.47302079998189583
0.9998225193199293 39
3 269.5052501615369 276.271216708328 0.4672016999684274
0.999647077326631 39
4 218.18231507955826 223.28634949662248 0.4978361999965273
0.961853377959111 39
0.9978358810453619 156
5 134.1099274826643 135.7071831574283 3.6698971000150777
0.9385044842002853 39
0.994687187018383 156
6 81.25826552363264 82.42179283398178 2.885736399970483
0.9606248466614316 39
0.9934736918720336 156
7 52.884324455039646 50.59317770400662 2.1448185999761336
0.961133581022678 39
0.99161927950053 156
8 37.36311814279534 35.41412496647272 1.9556183000095189
0.9489897623384379 39
0.9851716093528607 156
0.9929308254947368 273
9 26.40363272953938 24.96068985659346 6.602155099972151
0.9308441881346409 39
0.9821574163634164 156
0.9898788235385183 273
0.9943555489372685 390
10 18.496762659295563 16.328800496681524 16.039233699964825
0.9127714373312289 39
0.9815786756724938 156
0.9898279849467818 273
0.993625750360406 390
11 12.850142273712935 10.755977145864993 8.509823100001086
0.9346981986932535 39
0.9864400542113885 156
0.9919218168931191 273
12 10.05885221549069 8.104944762865431 5.03126949997386
0.8293010454673923 39
0.9537443214460066 156
0.9704924572584671 273
0.9811191722311388 390
1.0 393
13 7.7010067968371585 6.434333204257573 9.537241699988954
0.9907438619170681 39
14 5.420177817798111 4.027986651063991 0.5239270000020042
0.8014922727944347 39
0.9694292736286367 156
0.9896964326152267 273
0.9942652751915954 390
15 3.7259302992018783 2.7167796249991367 8.597027699986938
0.9675368425217875 39
0.9928815770818742 156
16 3.439440368361926 2.46233524671506 2.088232700014487
0.6957910177587101 39
0.770468402006635 156
0.8576585342869605 273
0.8925364668391939 390
0.9999999999999998 393
17 2.7060691974056708 2.044763790590736 9.096182000008412
0.9966961494650352 39
18 2.1718904149034186 1.3643976480784437 0.5339580000145361
0.24936978808391835 39
0.8693566703849204 156
0.9419569486583796 273
0.9658601877389837 390
0.9999999999999998 393
19 1.7229559938580663 1.2234241718803005 8.591238699969836
0.9848674053464634 39
0.9993227081950103 156
20 1.374982014194406 0.7654512290070058 2.30717949999962
0.6676320246338804 39
0.6971661916512302 156
0.8440575307928828 273
0.9094082263428951 390
1.0000000000000002 393
21 1.1940824629516142 0.6220985786655903 11.083184999995865
0.9893886238301463 39
0.9991467959420709 156
22 1.0085839018445923 0.42365709897179704 2.521450800006278
0.7934416056088547 39
0.8117297039516087 156
0.9151639938664011 273
0.9509588698647613 390
1.000000000000001 393
23 0.9689590108529988 0.36983146991792437 9.26710140000796
0.993210035723592 39
24 0.8684884459862031 0.26800298955164303 0.5395189999835566
0.11207966916783155 39
0.9473875224683984 156
0.9797968044066336 273
0.9876949265961763 390
1.0 393
25 0.7981629827997997 0.19876340778138787 8.349566999997478
0.9970890381825103 39
26 0.7714655695471075 0.17301278289711844 0.813186899991706
0.005156940301940914 39
0.9189194087546111 156
0.9623904515357757 273
0.9747470235005092 390
0.9999999999999998 393
27 0.7410286286913677 0.13252112806463526 9.45589799998561
0.9939011185407547 39
28 0.7242407358134831 0.11545377967277408 0.8235852000070736
0.0033486678943508348 39
0.9308845684012623 156
0.9636103884165833 273
0.973079223796976 390
0.9999999999999998 393
29 0.6986711359045017 0.10008739635846495 10.534370200010017
0.9974705326941312 39
30 0.6907673465922675 0.09002770097986086 0.8041827999986708
0.012548132536096216 39
0.8752338829754992 156
0.9261346937395603 273
0.9436236831409408 390
1.0000000000000004 393
31 0.6859110425319048 0.08646082770888328 9.87285589997191
32 4.835621062493374
-------------------------------------------------END------------------------------------------------------
------------------------------------Krylov only---------------------------------------------------
604.7140511719978 643.3020443105368
1.0000000000000004 40
0 537.2084651518917 570.4767779815872 2.5729175999877043
1.0 40
1 435.6667345593998 462.71860266813076 1.797098399954848
1.0000000000000002 40
2 237.9370798554904 244.83206586850145 2.4317766000167467
1.0000000000000002 40
3 210.97076126921633 215.07395784536027 1.88118680001935
1.0000000000000004 40
4 130.5626995366069 133.9473443156148 2.548542099946644
0.9999999999999994 40
5 62.28389850865053 64.55382148781588 2.0199037000420503
0.9999999999999996 40
6 56.23475473813906 56.63857472645349 2.4378200999926776
0.9999999999999992 40
7 17.119656566574065 15.153814346460766 1.8453944000066258
1.0 40
8 6.237495820872217 5.061232352895126 1.819592499989085
0.9999999999999998 40
9 4.259365746326115 3.7138488551985893 1.7703090000431985
1.0000000000000007 40
10 2.5092840415602944 1.8056105089336492 1.8909162000054494
1.0000000000000004 40
11 2.175601479968066 1.5401307634769532 1.8579491999698803
0.9999999999999994 40
12 1.6222673482334076 0.9628505617246967 1.8655942999757826
0.999999999999998 40
13 1.5966287784378566 0.9899015560903299 1.8410197000484914
1.0 40
14 1.416251485631879 0.8176774262469528 1.8366043000132777
1.0000000000000007 40
15 1.3302033910817344 0.7380081056863101 1.8165424999897368
0.9999999999999978 40
16 1.1912470067014393 0.603078221105516 1.7921844000229612
1.0000000000000013 40
17 1.1458508191638483 0.5475126964808444 1.8601084999972954
1.0000000000000013 40
18 1.061763046736814 0.4759469961323989 1.8395621000090614
0.9999999999999997 40
19 1.0180618557727252 0.41245095145945976 1.8130583000020124
0.9999999999999987 40
20 0.9660126653743834 0.37423415669342036 1.8284277999773622
1.0000000000000007 40
21 0.9312460765593041 0.32197514337247274 1.8056574999936856
1.0000000000000013 40
22 0.8895528193008462 0.2930415805915628 1.8206599000259303
1.0000000000000009 40
23 0.867272402240078 0.2605561579134293 1.7992915000068024
0.9999999999999994 40
24 0.8394830216940836 0.24300945958326492 1.8519731999840587
0.9999999999999998 40
25 0.8209879635450423 0.2147599515356913 1.837947099993471
1.0000000000000002 40
26 0.8009304526972768 0.20474960295991043 1.8680784000316635
0.9999999999999992 40
27 0.7885758134181732 0.1865274159049755 1.8216646000510082
1.0 40
28 0.7734003682483286 0.17752996194735848 1.8637423000182025
1.0000000000000013 40
29 0.7645462129333132 0.16446425617694682 1.8358093000133522
1.0000000000000007 40
30 0.7519000105327612 0.1567089559137923 1.8105791000416502
0.9999999999999999 40
31 0.7451983412381753 0.1473499590725488 1.8144157999777235
0.9999999999999998 40
32 0.7347059150600557 0.13990306398226698 1.796797399991192
1.0000000000000004 40
33 0.7284312895136441 0.13141590210266024 1.809573599952273
0.999999999999999 40
34 0.720263130928839 0.12527879201713363 1.8463657000102103
1.0000000000000013 40
35 0.7152124799960233 0.11883678838964037 1.830272999999579
1.0000000000000004 40
36 0.7085253475933873 0.11301025298419518 2.0231269000214525
1.0000000000000009 40
37 0.704273465179701 0.10804236443363709 1.8856773000443354
38 1.9128458184254429
-------------------------------------------------END------------------------------------------------------
------------------------------------Hybrid---------------------------------------------------
604.7140511719978 643.3020443105368
0.9997258232827235 39
0 540.3491329892433 573.68336276134 0.4889371999888681
0.9997720169947742 39
1 446.95929790046245 472.49080726081905 0.4730762999970466
0.9998281131596082 39
2 343.71224057323633 359.2186485597599 0.5028093000291847
0.9998225193199293 39
3 269.5052501615369 276.271216708328 0.5755025999969803
0.999647077326631 39
4 218.18231507955826 223.28634949662248 0.5825531000155024
0.961853377959111 39
0.9999973311410021 156
5 208.1587470838361 213.05308857467315 5.259857900033239
0.9385026688654498 39
0.9999306669191663 156
6 208.1587470838361 213.05308857467315 7.822445800004061
0.9385026688654498 39
0.9999306669191663 156
7 200.7750643950208 205.55669272372674 7.1339771000202745
0.9395304323345061 39
0.9999658545651369 156
8 200.7750643950208 205.55669272372674 5.680760900024325
0.9395304323345061 39
0.9999658545651369 156
9 194.84823192954178 199.2539906709201 5.855614500003867
0.9508876050947818 39
0.999986702898005 156
10 180.9803282969369 185.2401191169937 8.6509266999783
0.9900387097078578 39
11 106.0069810161134 108.267025938314 0.4955989000154659
0.971933445445184 39
0.9999956766250443 156
12 78.65809515343437 79.60835152890694 8.563345799979288
0.9732828987427348 39
0.99999433901506 156
13 67.23782590339789 68.15240843132221 9.623198500019498
0.9839435283611122 39
0.9999968027323447 156
14 67.08138878316576 67.9067988791189 5.642357000033371
0.9972819987189306 39
15 21.1443583852135 21.455308080387226 1.0564110000268556
0.8742926473661021 39
0.9999989766794758 156
16 16.807309458059137 16.71839147660726 6.191019700025208
0.9918772569985428 39
17 11.730970226227532 11.604742764948748 1.0478973999852315
0.6030083071366624 39
0.9999994497429529 156
18 8.753657886775345 8.27374207960963 5.656401099986397
0.9934481469942565 39
19 7.544027235973369 7.182986091367949 1.451781400013715
0.27585692403778783 39
0.9999980999157501 156
20 6.659223087502919 6.178890701982007 11.705935799982399
0.9976634522327267 39
21 5.138095590576177 4.616739851563565 1.0258287999895401
0.19691632977085402 39
0.9999984234670134 156
22 4.459925294184505 3.846301470708935 9.836557900009211
0.9942367427760264 39
23 3.6134696589795947 2.9775616578322004 1.050686000031419
0.09486901988844103 39
0.999994799313134 156
24 3.0763657156145743 2.4371471647441645 9.210094499983825
0.9958821761837718 39
25 2.631992253728658 2.0012743705421188 1.3450653000036255
0.06809174251701608 39
0.9999990247102717 156
26 2.374300488182898 1.7544456603258654 10.573274800030049
0.9825468483960212 39
0.9999999629422787 156
27 2.175545857799965 1.5610714790368465 7.913024699955713
0.9928951561722873 39
28 2.009324640437832 1.4041681848491325 1.2946375000174157
0.016287823360865046 39
0.9999827149941982 156
29 1.7736108032939395 1.177288126526658 6.059815099986736
0.9964186503778575 39
30 1.5812470334847362 0.9888288316988392 1.4662040999974124
0.059361677614787924 39
0.9999995766762495 156
31 1.426381125866074 0.8417850215966856 6.091485100041609
0.9955839370698665 39
32 1.3073818211801924 0.7125258564657329 1.3195156999863684
0.016390169327897126 39
0.9999953490780293 156
33 1.1582650715421023 0.5589455927576432 6.023509799968451
0.9903528601819915 39
34 1.1159502900922953 0.5145405845329706 1.0659327000030316
0.003090828202168039 39
0.999960334838608 156
35 1.0024387307949143 0.39260915608778113 5.657800299988594
0.9900263261638226 39
36 0.9799322909041078 0.37417747763649517 0.9844956999877468
0.0007810591088055731 39
0.9998393627333431 156
37 0.9009753576493064 0.29694176540227535 5.850739199959207
0.9926579881572013 39
38 0.8862779531456428 0.280098826690012 0.8688102000160143
0.0008896407629346498 39
0.999943949475018 156
39 0.833082227159745 0.23226851638915877 5.767118799965829
0.9951745915504916 39
40 0.8192460602778512 0.21366273441985145 0.49942349997581914
0.0013791951394508983 39
0.9999784211501401 156
41 0.7826701849597056 0.18020809617686617 7.538854699989315
0.9959428929553196 39
42 0.769110890099171 0.16435789141670973 0.8612481000018306
0.0017164129159925122 39
0.9999911072816651 156
43 0.7382573384008306 0.13544297010048173 6.746513000049163
0.9947687270736726 39
44 0.7315342419611836 0.12893628371936852 0.4521608999930322
0.0006824277370000466 39
0.9999826102195418 156
45 0.7080725132668889 0.10778990175303646 5.1351423999876715
0.9953506283701009 39
46 0.7043901369666321 0.10446325411740275 0.47229919995879754
47 4.2461839574475855
-------------------------------------------------END------------------------------------------------------
38
------------------------------------Randomized only---------------------------------------------------
586.4024360206283 622.0513616650278
0.9997688040987001 39
0 525.0366908988835 557.0951680863819 0.5179242000449449
0.9998307519164616 39
1 436.00123824235135 462.41020661574646 0.4764061999740079
0.9998800555821195 39
2 337.88892746351485 356.8097648412623 0.9918373000109568
0.9998911625338965 39
3 268.34236200851126 277.8865212939114 0.5092911000247113
0.9993311453590082 39
4 232.6005291098886 235.67477407286975 0.7383538999711163
0.9191483433796518 39
0.9961472669474887 156
5 123.12590005208084 120.17654881745719 3.0480004000128247
0.905095524502885 39
0.9921561088609805 156
6 78.15507136218358 77.05862950301442 1.8606207999982871
0.9330483046824453 39
0.9875052870587111 156
0.9956647312796156 273
7 48.83319819199408 47.0855977904093 5.587859599967487
0.9235165125674718 39
0.9885333367968003 156
0.9946945730030523 273
8 30.035294770857 28.879309346373564 5.2979200999834575
0.9073976493283424 39
0.9888339527572724 156
0.9942979803217343 273
9 18.547494118076663 16.77855410258865 6.614417600037996
0.8627457610897686 39
0.9838691256993134 156
0.9902503127550181 273
10 13.349309757582665 12.034567585408215 6.260670599993318
0.8679632944144343 39
0.9724553138150491 156
0.9805346600140541 273
0.9890919041627408 390
0.9999999999999996 393
11 9.00408890332878 7.848818729552203 13.9591347000096
0.9321771256909197 39
0.9952928438509596 156
12 5.641138617192766 4.59049189097509 2.055682700010948
0.8802913254568736 39
0.9486225840748221 156
0.9736886925999755 273
0.985601760767859 390
1.0 393
13 4.330851384124339 3.8278642154259397 20.60068410000531
0.9957138380013157 39
14 3.244069375620352 2.626497897306941 0.4583481999579817
0.2459285298798057 39
0.9093323651183692 156
0.9621928516645013 273
0.9801818821605278 390
1.0 393
15 2.2932012039777767 1.66236610899088 20.578263100003824
0.9885518926387604 39
0.9986848645811292 156
16 1.834029078052358 1.1814408896296644 2.1492037000134587
0.7578908034902788 39
0.7921414721810227 156
0.8986362249716571 273
0.9418593032820604 390
1.0000000000000002 393
17 1.8116061929502567 1.1879971588713252 23.95957940001972
0.9874778060627901 39
0.9992064107517356 156
18 1.2854353705732613 0.6323279824151029 2.417021700006444
0.809818335952462 39
0.830402152053319 156
0.9220244693866738 273
0.9579162163857484 390
1.0000000000000004 393
19 1.0829913730159397 0.4641847097390181 26.594090299971867
0.9950844151743258 39
20 1.0701646536217415 0.44095051254847806 0.5291035000118427
0.002867145085294948 39
0.6197276838751978 156
0.8175162755469738 273
0.8908115445609819 390
1.0000000000000004 393
21 0.9140299817962019 0.3072688191273065 25.74451400001999
0.9734766097911819 39
0.9970366566036054 156
22 0.8874308415878605 0.2764572858892841 2.434399100020528
0.4140830805017172 39
0.4332684748752789 156
0.7163339208247035 273
0.8538481728965331 390
0.9999999999999998 393
23 0.7980386221128521 0.20973240166000506 19.682910299976356
0.9905870332911733 39
24 0.7906275543932192 0.19788080967032096 0.5012684999965131
0.00921138706998657 39
0.689271293665632 156
0.8810065758298923 273
0.9455130129650873 390
0.9999999999999996 393
25 0.7364606848149129 0.1494047623928347 9.167851199978031
0.9894556750130519 39
0.9982075076926782 156
26 0.7282851782109441 0.14004289151227697 2.106485900003463
0.10799215401816398 39
0.11348604949444992 156
0.5995493104963229 273
0.813323585394674 390
0.9999999999999994 393
27 0.7006097358637875 0.1133564731268414 10.159224000002723
0.9976135247118165 39
28 0.6978507731933501 0.11078755435945845 0.49071429995819926
0.012010215741813485 39
0.6211605818940363 156
0.823076762927647 273
0.9065555134125601 390
0.9999999999999996 393
29 0.6824431041198233 0.09212484464701867 9.999010999978054
0.9919905199349461 39
30 0.6711387587838011 0.07867448942652962 0.4979340000427328
0.038493110656609715 39
0.8949286440016481 156
0.94707485350542 273
0.9651106795155071 390
1.0 393
31 0.6577073153392476 0.06409772527215869 8.830105900007766
0.995101074512525 39
32 0.6566743265979281 0.06258799500037944 0.46941969997715205
33 7.129947003030049
-------------------------------------------------END------------------------------------------------------
------------------------------------Krylov only---------------------------------------------------
586.4024360206283 622.0513616650278
1.0000000000000002 40
0 516.9277423702484 549.5173746982066 1.8061010999954306
1.0000000000000004 40
1 401.42666692729586 425.09844973541163 1.8127060999977402
1.0000000000000002 40
2 350.7356240704963 363.2534732956763 1.8166430999990553
1.0000000000000007 40
3 111.26834100150066 114.3011285048866 1.9920551999821328
1.0 40
4 61.73568779589101 63.667911181481074 1.9519744999706745
0.9999999999999999 40
5 30.76442717340995 30.948033113193933 1.9497398000094108
1.0000000000000009 40
6 30.103353118889384 29.032827401887694 1.846510200004559
1.0000000000000002 40
7 4.12674803186172 3.6299279067641925 2.604753100022208
0.9999999999999989 40
8 3.593688895211776 2.9225806341190563 2.2921729999943636
1.0000000000000013 40
9 1.7410497365802935 1.1930881863650347 3.370794999995269
1.0 40
10 1.4526103049485293 0.8929744469349323 1.9955282000009902
0.9999999999999996 40
11 1.274396202301194 0.7292911862844744 1.815410100040026
1.0000000000000002 40
12 1.0228963041547092 0.43446869547486433 1.8295894999755546
0.9999999999999991 40
13 0.9532282862895765 0.3920027475332163 1.8080469999695197
1.0000000000000004 40
14 0.8993506267799753 0.30337811338967574 1.8620039999950677
0.9999999999999998 40
15 0.8552231688171585 0.2765826682519892 1.834858999995049
0.9999999999999997 40
16 0.8113277355783425 0.2036492124157707 1.823742399981711
1.0000000000000002 40
17 0.771856640682761 0.17493612203036993 1.7862890000105835
1.0000000000000002 40
18 0.7536285147242309 0.1526143264395376 1.8556657999870367
0.9999999999999996 40
19 0.7364410597424657 0.13769558562656453 1.8604534000041895
1.0000000000000007 40
20 0.725204497846821 0.12413317210101923 1.8193349000066519
1.0000000000000004 40
21 0.7150619324035984 0.11583263934495809 1.8488096999935806
1.0 40
22 0.7070330643132577 0.10537118904576878 1.78416159999324
1.0 40
23 0.699975738750438 0.10007259379655707 1.8210420000250451
0.9999999999999992 40
24 0.6939240271871718 0.09144551598049422 1.8556180999730714
1.0000000000000004 40
25 0.6886161120102181 0.08874473181260391 1.7948257999960333
1.0000000000000002 40
26 0.6837666346229012 0.08131568612977205 1.8215497999917716
1.0000000000000002 40
27 0.6794882801607706 0.07972222661819807 1.8164434999926016
1.0000000000000002 40
28 0.6755806567084205 0.07354635028311367 1.8347874999744818
1.0000000000000004 40
29 0.6720846892443092 0.072657800937923 1.8316761999740265
0.9999999999999999 40
30 0.6689153034229053 0.06737404843186877 1.8311090000206605
31 1.9346579870926366
-------------------------------------------------END------------------------------------------------------
------------------------------------Hybrid---------------------------------------------------
586.4024360206283 622.0513616650278
0.9997688040987001 39
0 525.0366908988835 557.0951680863819 0.4874427000177093
0.9998307519164616 39
1 436.00123824235135 462.41020661574646 0.47464199998648837
0.9998800555821195 39
2 337.88892746351485 356.8097648412623 0.45328539999900386
0.9998911625338965 39
3 268.34236200851126 277.8865212939114 0.4897386999800801
0.9993311453590082 39
4 232.6005291098886 235.67477407286975 0.4927075000014156
0.9191483433796518 39
0.9999971925235137 156
5 226.68702811675138 228.9827523665383 5.52259279997088
0.9351733524235402 39
0.9999630242670106 156
6 226.68702811675138 228.9827523665383 5.580405600019731
0.9351733524235402 39
0.9999630242670106 156
7 222.37612953070487 221.90792010755177 5.663772200001404
0.9891589398047845 39
0.9999919067932527 156
8 221.44914700224996 226.5892748994957 5.364770199987106
0.9555740865625056 39
0.9998971453574799 156
9 190.0254467608122 195.60789585982423 5.500240400026087
0.9883950954114912 39
0.999990096398776 156
10 111.10245552761675 112.28904607326203 5.591842199966777
0.9855795162018932 39
0.9999915142933683 156
11 73.61601282050496 72.99958908269572 5.332966499961913
0.994923482331331 39
12 29.19358963521201 27.553267934611053 0.48445739998715
0.9761517543876514 39
0.9999936133886387 156
13 25.586055333694397 24.380042404406332 5.298967799986713
0.9936066024768604 39
14 13.974391609697888 11.970533614780747 0.46541040000738576
0.8910400694698711 39
0.9999988587967643 156
15 11.886066978392034 10.50717158374074 5.600445599993691
0.9907240397410135 39
16 8.253104154957645 6.797473384523854 0.4899923000484705
0.8475642740426034 39
0.9999993668922471 156
17 7.275432127209036 6.217333887678913 5.2488053000415675
0.9924628111856795 39
18 5.359141436148996 4.163121213622575 0.4839310999959707
0.8350728160410578 39
0.9999997930878352 156
19 4.336253544766837 3.3515416536652163 5.491876099957153
0.991207694251744 39
20 3.6129779677536273 2.7168453968885875 0.8105499999946915
0.5826540546225798 39
0.9999996071118978 156
21 2.8946419344505636 2.150215262273948 5.868018999986816
0.9959862719316501 39
22 2.5187570553263146 1.7313844152243825 0.6143134000012651
0.5487688928260954 39
0.9999996058853716 156
23 2.0813952054407148 1.3954249495352469 5.398514600005001
0.9969671441872048 39
24 1.8419485309550276 1.1282022529303433 0.48942559998249635
0.05706671455763267 39
0.9999996077175288 156
25 1.4784998611071531 0.8181379595071021 5.516304099990521
0.9933341152322559 39
26 1.4106427852461494 0.7456468735326364 0.4801653000176884
0.00899132076047686 39
0.9999983646895211 156
27 1.131524742697037 0.5117912030031934 4.932277399988379
0.9979608702845786 39
28 0.946951940031537 0.32777044473184463 0.4677596999681555
0.044729865985049536 39
0.9999995620774239 156
29 0.8438245130068888 0.2309780692923782 5.308962800016161
0.9943183906160528 39
30 0.7671137446042472 0.15508408248561684 0.4679854999994859
0.007444812058007092 39
0.9999778928287375 156
31 0.7559164867726803 0.1473225223599818 5.302905299991835
0.9984087451745939 39
32 0.6944328791694337 0.08693635335097605 0.5079636999871582
0.003422553398760697 39
0.9999886526324158 156
33 0.684108881071022 0.08223919370352203 5.228662600042298
0.9991479632635606 39
34 0.6578934911277492 0.05389606125227452 0.4759316999698058
0.0027087245408542256 39
0.9999942912524459 156
35 0.6469718784909088 0.04693391742111509 5.494612699956633
0.9957053876301252 39
36 0.6400996936520958 0.039322508197383865 0.45986389997415245
0.0010586550551248727 39
0.9999493466470011 156
37 0.6361748294655415 0.03800380432226528 5.330548900004942
38 3.096659431574057
-------------------------------------------------END------------------------------------------------------
39
------------------------------------Randomized only---------------------------------------------------
608.612170746974 648.1055071395303
0.9995055039445379 39
0 543.5013412232292 578.0535061533518 0.4843904000008479
0.9995809126183732 39
1 448.9937207648829 475.24276985772724 0.48571500001708046
0.999753745578251 39
2 344.12405618003044 358.61040326803004 0.5102349999942817
0.9998330834570891 39
3 267.62440765052264 274.86700750139704 0.5148989000008442
0.9983867840170588 39
4 202.9634729608373 205.14053509497327 0.8060625999933109
0.9637384514574868 39
0.9971629328179356 156
5 126.85542910381211 124.46777428828896 1.9638902999577112
0.9378139860843134 39
0.993101332029758 156
6 77.61000440018671 74.99551377607997 2.1189766000024974
0.9141646995734403 39
0.9891927655918114 156
0.9970877507594842 273
7 44.365384654530125 40.91020447994438 5.351279900001828
0.9011184849595942 39
0.9900666032210232 156
8 29.549165842892787 26.528051002074733 2.186088100017514
0.8303559737087753 39
0.9721371335286733 156
0.9871804688865978 273
0.9932095377304986 390
9 19.97065886631061 18.099720466850446 8.625572699995246
0.8418421415659253 39
0.9753424381265967 156
0.9871428607395287 273
0.9918019921744485 390
10 13.618256198850625 12.034843088640622 9.020349200000055
0.9165226660226402 39
0.982871000231931 156
0.989837043202348 273
0.9929627389388316 390
11 9.936678782787828 8.494621099561543 8.84001610003179
0.7559400773669267 39
0.9317538972188133 156
0.9558624539327023 273
0.9656549804418041 390
1.0000000000000002 393
12 7.774477594329579 6.4356711073114905 21.311285600007977
0.9953861919515404 39
13 5.782588458993469 4.659309031052373 0.4752588999690488
0.6607992285443997 39
0.950772636781238 156
0.9809885601676802 273
0.9885548097588921 390
1.0000000000000004 393
14 4.276721662473216 3.455530903005361 10.515768799989019
0.997701732506802 39
15 3.2740025763954503 2.34306194354756 0.5257459999993443
0.2894452853244035 39
0.8873299309988935 156
0.9640098276251293 273
0.9839608982683173 390
0.9999999999999999 393
16 2.979137377638999 2.3295493418945337 8.808132000034675
0.9956026947398982 39
17 2.0716937924735106 1.3526826251913013 0.4671352000441402
0.34143876780564253 39
0.9128582279488104 156
0.9744887131797088 273
0.9874328366115894 390
0.9999999999999999 393
18 1.5198666796309739 0.8313411591533568 10.785959400003776
0.9728690669922838 39
0.9955291442149846 156
19 1.3958487924617529 0.699937999393996 3.3552894000313245
0.44463412514223555 39
0.49360819562762176 156
0.7966691603783429 273
0.8907871425869711 390
1.0000000000000004 393
20 1.1709200888398485 0.5561948142191293 10.437093399988953
0.9978429802564959 39
21 1.1147731531841902 0.48184693166095544 0.4952474999590777
0.09295566513729688 39
0.7511386487105218 156
0.9073095885126342 273
0.9538629788425208 390
1.0000000000000004 393
22 1.008393218388762 0.434682409245215 9.584992499963846
0.9980433414736846 39
23 0.9308818944615516 0.3317827971578716 0.4767674999893643
0.11337958061607159 39
0.9030784692023001 156
0.9695657672298713 273
0.9856164435836624 390
0.9999999999999998 393
24 0.8883251947256962 0.30749213973116174 8.772420699999202
0.9965472476446428 39
25 0.8663283425913727 0.2769366955114085 0.48184770002262667
0.016900917595930744 39
0.9344183478117098 156
0.9802416749323245 273
0.9910564624686489 390
26 0.8175344804014777 0.23179335825727843 8.727187599986792
0.9879276607689614 39
0.9987290627698724 156
27 0.8092475374937145 0.2178093752761476 2.063681700034067
0.1482833615768495 39
0.16059429468324474 156
0.35874306281151086 273
0.45658469556207926 390
1.0000000000000002 393
28 0.759453906602966 0.17048108259623665 9.080862900009379
0.9993441134507133 39
29 0.7473197646065428 0.15300921376086526 0.49278239998966455
0.04964821652329101 39
0.839470463282069 156
0.9126588258053521 273
0.9350767667909484 390
1.0 393
30 0.7179444955218592 0.12378259718807634 8.857996999984607
0.9992488320706489 39
31 0.7064295779598396 0.10717266445629789 0.4648665999993682
0.025374250632356758 39
0.9216356252794756 156
0.9740971089995311 273
0.9838101345903145 390
0.9999999999999996 393
32 0.688985194392604 0.09349431852784074 8.724768000014592
0.9916032026654493 39
33 0.6803359391142138 0.0816702361292553 0.5154379999730736
0.0031026069249316043 39
0.9493068707961666 156
0.9886616269682404 273
0.9938256888750102 390
34 0.6729984412204592 0.0737918596844244 8.410389399970882
0.9968802884150281 39
35 0.6725138108020677 0.0728647214433955 0.4724569999962114
36 4.866968055554834
-------------------------------------------------END------------------------------------------------------
------------------------------------Krylov only---------------------------------------------------
608.612170746974 648.1055071395303
1.0 40
0 539.5012880052292 572.8485858282612 1.7968853000202216
1.0000000000000007 40
1 407.5172411324734 428.8717545421019 1.7686055999947712
1.0000000000000004 40
2 315.4481141556359 325.0760314877027 1.8241654000012204
0.9999999999999999 40
3 214.14291236554254 219.92178000615434 1.8140053999959491
1.0000000000000002 40
4 162.95160749366164 163.17516847304648 1.810277300013695
0.9999999999999998 40
5 100.88831614704662 95.87275129684915 1.9006056999787688
1.0000000000000004 40
6 56.18389761836295 51.491470661520125 1.8041163999587297
1.0000000000000004 40
7 26.624060196555696 26.880436833341353 1.8059887000126764
1.0000000000000009 40
8 19.04035856379752 18.875362013668468 1.7886623999802396
1.0000000000000004 40
9 12.377850686242848 12.030434186536972 1.8045566999935545
1.0000000000000004 40
10 4.426486358608337 3.770557985257109 1.8073227000422776
1.0000000000000007 40
11 2.8151321794222777 2.167246987667534 1.8118284999509342
1.0000000000000007 40
12 2.004998460935777 1.3895182870421092 1.8120085000409745
0.9999999999999999 40
13 2.002950533075898 1.3326392016748696 1.8429138000356033
1.0 40
14 1.6417065375979332 1.0399675980141971 2.0079340999946
1.000000000000001 40
15 1.267899604963365 0.6851521837681437 1.8849249000195414
1.000000000000001 40
16 1.2394718626027679 0.6364241820151486 3.4762637999956496
1.0000000000000002 40
17 1.1691371705931881 0.5629799503316647 1.8280193000100553
0.9999999999999991 40
18 1.1186296586858375 0.5254512423598624 1.7733550999546424
1.0000000000000013 40
19 1.035539198033458 0.4242930048650828 2.1240822999970987
0.9999999999999992 40
20 0.9775269280920674 0.3859000423876393 1.8466748999780975
1.0000000000000013 40
21 0.9294827134583018 0.32175651297505053 1.8262205999926664
0.9999999999999997 40
22 0.8918085632267674 0.30089314427369723 1.9080968000344
0.9999999999999998 40
23 0.8616952466666103 0.26147249114111765 3.346207999973558
1.0000000000000002 40
24 0.8325137276366152 0.24347233925268685 1.8461300000199117
1.0000000000000004 40
25 0.8151396753670686 0.21955847398664327 1.8930744000244886
1.0000000000000009 40
26 0.7926824392876802 0.20276927294469954 1.8108436999609694
1.000000000000001 40
27 0.7825343381780637 0.1892731736125011 1.8634918999741785
0.9999999999999987 40
28 0.7628723377797224 0.17261859429124088 1.8598475999897346
0.9999999999999986 40
29 0.7541228962217238 0.16190566874269036 1.817144599976018
1.0000000000000009 40
30 0.7411890918688038 0.1504059970431673 1.8541533999959938
1.0000000000000009 40
31 0.7341468278021909 0.14231756434972426 1.8735032000113279
0.9999999999999994 40
32 0.7249884170539953 0.13379917894150045 2.093584100017324
1.0 40
33 0.7191018397256276 0.12737581166955625 1.7951763000455685
1.0000000000000002 40
34 0.712493912360396 0.12107842071036794 1.8094898000126705
1.0000000000000004 40
35 0.7075050023168502 0.11593779546515785 1.8419577000313438
36 1.938114413889707
-------------------------------------------------END------------------------------------------------------
------------------------------------Hybrid---------------------------------------------------
608.612170746974 648.1055071395303
0.9995055039445379 39
0 543.5013412232292 578.0535061533518 0.5797419999726117
0.9995809126183732 39
1 448.9937207648829 475.24276985772724 0.48084119998384267
0.999753745578251 39
2 344.12405618003044 358.61040326803004 0.47787369997240603
0.9998330834570891 39
3 267.62440765052264 274.86700750139704 0.4810365000157617
0.9983867840170588 39
4 202.9634729608373 205.14053509497327 0.4844094999716617
0.9637384514574868 39
0.9998898053024287 156
5 195.3704757247801 197.855821574217 5.471623499994166
0.9769242889242618 39
0.9999472149557188 156
6 168.04718677285024 171.00009885651613 5.906835899979342
0.9931314353741763 39
7 133.59716713578894 135.2845260231656 0.4692323999479413
0.971242934230412 39
0.9999799398887177 156
8 110.78729017058825 112.32972647350503 5.485383699997328
0.987000442172789 39
0.9999810360666085 156
9 87.85908713614432 88.73000478584193 5.353544799960218
0.9934896802758215 39
10 47.73528118661931 45.74371102812189 0.48667890002252534
0.9292833285325542 39
0.9999987470523631 156
11 39.89488240883013 38.20165842025589 5.54622149997158
0.9236065500835929 39
0.9999992094451476 156
12 37.57338496044101 36.727071187006295 5.997120799962431
0.9897186954040972 39
0.99999946022413 156
13 31.086466208959877 30.25965311379175 5.245533200039063
0.9967571457324808 39
14 10.782741941254143 9.994914328778206 0.826047699956689
0.9729971547133403 39
0.9999999479212327 156
15 8.32520089417115 7.7003564733783945 5.425465999986045
0.9743276267371027 39
0.9999998746219783 156
16 6.056052502781236 5.49076661429134 6.866588999982923
0.9805126879931207 39
0.9999998694144862 156
17 4.702811648695131 4.109561879630479 5.472582600021269
0.9935231214577174 39
18 2.5636034013747384 1.817681342038503 0.5008213000255637
0.4980159172911716 39
0.9999997531777669 156
19 2.4359987955710123 1.9547527635808006 5.254732200002763
0.9886987249385739 39
0.9999999632129388 156
20 1.8514473744985998 1.33885790221528 6.671446399996057
0.9914290836901439 39
21 1.2776005596214555 0.6582441596368545 0.8342492000083439
0.09816925244137774 39
0.9999984452332226 156
22 1.1122188435441351 0.5056676762888949 6.953745100006927
0.9539386673571019 39
0.99999988799879 156
23 1.0586024703899133 0.44998363872017694 6.193439700000454
0.9953122466090737 39
24 0.9464268398926339 0.3365232734379175 0.48153009999077767
0.0034971104846726656 39
0.9999519270519607 156
25 0.8710202870808021 0.26503419179430465 5.407706699974369
0.9884690203675419 39
0.9999999771559678 156
26 0.8284634000129718 0.22622942276100216 5.755108100012876
0.9968530813745141 39
27 0.7881770437445229 0.1826263249726325 0.4978001000126824
0.006950232411594346 39
0.9999965491380741 156
28 0.7528437154394495 0.1500505921029619 5.296690299990587
0.9911765820491549 39
29 0.7462947453420266 0.14282304285095257 0.4915952999726869
0.00021534864215430168 39
0.9999165534861425 156
30 0.7208642472429199 0.11913276364011259 5.423286100034602
0.9922597231293597 39
31 0.7168847494968819 0.11573548097400692 0.49386649997904897
32 3.4785243749920483
-------------------------------------------------END------------------------------------------------------
40
------------------------------------Randomized only---------------------------------------------------
665.212134353738 701.184938881895
0.9997644403661989 39
0 590.0234181457989 621.505400540066 0.5048100999556482
0.9998138853592822 39
1 480.8678247437071 505.6945052938807 0.4577335999929346
0.9998635401110301 39
2 360.4865187721719 377.173284056682 0.4818857000209391
0.9998691375465292 39
3 271.90877390417467 281.14150978660024 0.4506520999711938
0.9993133163803555 39
4 213.60847935591386 219.5611836814424 0.4503641999908723
0.9491196256674553 39
0.998328500164429 156
5 140.12925855797926 138.46965034279046 2.1545573999756016
0.9578327884890824 39
0.9941392915812535 156
6 108.91792579750181 107.6711734615023 2.154931199969724
0.9417834968959824 39
0.9886246758617306 156
0.9965649627448163 273
7 65.99373904117775 63.82022418280204 5.121960000018589
0.8935423142566618 39
0.9825855401926701 156
0.995304799956412 273
8 33.15503911098081 33.38598411577227 7.882207000046037
0.8596571487207844 39
0.9770533032819735 156
0.9876987072340373 273
0.9930643536693451 390
9 21.03246400289771 21.19840600644362 9.51585599995451
0.8379109314510448 39
0.9777628188313019 156
0.9861471758853684 273
0.9912337647719714 390
10 13.339408226925196 12.58305716284733 8.309741400007624
0.7615498389343145 39
0.9518337990410914 156
0.9693908912296938 273
0.9778936625790449 390
0.9999999999999998 393
11 11.950383859359695 10.748917738613072 8.764750099973753
0.9968141817917862 39
12 7.092852956094925 6.461299628005871 0.45586980000371113
0.8032550404469786 39
0.9815194123227193 156
0.9924075238195947 273
13 5.254928556607923 4.49289066279638 5.417325199989136
0.9584056394213597 39
0.9871313908837096 156
0.9897925583015247 273
0.993358747549383 390
14 4.32776385720479 3.6333973430546043 8.53571369999554
0.8578762711136503 39
0.9470585146279958 156
0.9568831501919373 273
0.9625159850012076 390
1.0 393
15 3.4325084007505784 2.7124910660434627 8.849967500020284
0.9842394998145739 39
0.9986491237524915 156
16 2.5265941541918795 1.9257315315843224 2.1490025999955833
0.8650513171210457 39
0.9218957208461455 156
0.9566131307737945 273
0.9703238144921545 390
1.0000000000000002 393
17 2.0385536832306457 1.4549298334514906 9.021641399944201
0.991396033542326 39
18 1.9866690799670164 1.3864534155216488 0.47226109995972365
0.18085195892616562 39
0.7288653187950254 156
0.845377216662658 273
0.9016746171877537 390
0.9999999999999997 393
19 1.645239718782182 1.046409176902341 8.510469499975443
0.9972055827033262 39
20 1.574721374648771 0.9744744870115469 0.48967560002347454
0.24423574597542455 39
0.8099712915332858 156
0.9004473875936989 273
0.9407429971793042 390
1.0000000000000002 393
21 1.2919988984626467 0.6763528688258553 9.005361600022297
0.9787276678246231 39
0.9969339981734116 156
22 1.2293455055491016 0.6139566132657057 1.9425181999686174
0.6398560666554041 39
0.6589921723892029 156
0.8394222931396785 273
0.9144123819624138 390
1.0 393
23 1.0433233115875673 0.42562986428723587 8.982856799964793
0.9966640075307346 39
24 1.0228962625516989 0.40931725528189705 0.5124884000397287
0.024910388468697725 39
0.6613575933055876 156
0.8488850202277874 273
0.9230264348022794 390
0.9999999999999999 393
25 0.8986440604541104 0.2789902464055157 9.09884079999756
0.9784598889804044 39
0.9980964183532252 156
26 0.8704129967204052 0.25357796312924685 2.854169800004456
0.058442206255378694 39
0.07302178917624469 156
0.6206891671269084 273
0.8026062321402223 390
0.9999999999999998 393
27 0.7944243355908699 0.18014986995802354 9.366846999968402
0.9880519262898697 39
0.9982413922056429 156
28 0.7862444796714798 0.17244304383559808 2.135231499967631
0.053358991333125855 39
0.056157757130173486 156
0.5822699282025012 273
0.780124860181046 390
1.0000000000000002 393
29 0.7355743642965377 0.1284387583259895 8.88249160000123
0.989116218822043 39
0.9988303749572557 156
30 0.7284470992525854 0.12036815959190199 1.9581149999867193
0.07285270026712161 39
0.07530119841573966 156
0.587650614969979 273
0.7637249385258867 390
1.0000000000000004 393
31 0.7258994272157945 0.1137845856429743 9.283470599970315
32 4.817930203114884
-------------------------------------------------END------------------------------------------------------
------------------------------------Krylov only---------------------------------------------------
665.212134353738 701.184938881895
1.0000000000000007 40
0 586.0626442480024 617.901365329358 1.7722772000124678
0.9999999999999998 40
1 406.9846707522886 433.20719013252744 1.781960699998308
1.0000000000000002 40
2 330.8854246479231 343.10596890361603 1.84617169998819
0.9999999999999996 40
3 306.4267286259652 318.4948001241438 1.8278232999728061
0.9999999999999998 40
4 225.41790987871047 234.94135951139302 1.9360638000071049
1.0 40
5 104.02052524347512 104.10082941751057 1.8087346000247635
1.000000000000001 40
6 69.80350513792084 69.50464572076211 1.8090928999590687
0.9999999999999991 40
7 36.26580216311142 35.98065389254529 1.9543510000221431
0.9999999999999988 40
8 30.89026110481882 31.818229806269525 1.822525899973698
1.0000000000000018 40
9 10.51642948239272 9.207944899083357 1.812995399988722
0.999999999999999 40
10 5.54587093364783 4.732661251618032 1.785156800004188
0.9999999999999994 40
11 3.2110558935984614 2.381633882606021 1.8215874999877997
0.9999999999999998 40
12 1.8858643580163177 1.2880593329110788 1.8196258000098169
1.0000000000000009 40
13 1.1115486255457698 0.48872133355542285 1.8171890000230633
0.9999999999999992 40
14 0.982539935313647 0.3592953144569393 1.9145321999676526
1.0 40
15 0.9171250032498636 0.28998440145147586 1.9566904999664985
1.0000000000000013 40
16 0.8556188728649373 0.2443576711329172 1.830333599995356
0.9999999999999992 40
17 0.7812752086937776 0.1707641950164842 1.8258616999955848
1.0000000000000009 40
18 0.7685298653570873 0.16391076062908957 1.8588024000055157
1.000000000000001 40
19 0.7490795806274518 0.14195350360179745 1.8375821000081487
0.9999999999999987 40
20 0.741524248434899 0.13778343555240463 1.8449245999800041
0.9999999999999988 40
21 0.729688432413353 0.12583736615405305 1.894892699958291
1.0000000000000009 40
22 0.7229423955939963 0.11997172877239827 1.8240807999973185
1.0000000000000009 40
23 0.7160803728795684 0.11350840228319062 1.802988599985838
1.0000000000000004 40
24 0.7102657101063508 0.10765298310775887 1.7840298000373878
0.9999999999999997 40
25 0.7057305835178876 0.10378729382806137 1.8279406999936327
0.9999999999999998 40
26 0.7011132447518434 0.09905383451123291 1.893949099991005
1.0000000000000007 40
27 0.6975210321530488 0.0958266550560691 1.8097756000352092
0.999999999999999 40
28 0.6938382984334532 0.09183631950902778 1.8331860000034794
0.9999999999999991 40
29 0.6909419814721024 0.08933018568859183 1.7871152000152506
1.0 40
30 0.6878980909829295 0.08610922616412134 1.8070363000151701
31 1.8370734677394671
-------------------------------------------------END------------------------------------------------------
------------------------------------Hybrid---------------------------------------------------
665.212134353738 701.184938881895
0.9997644403661989 39
0 590.0234181457989 621.505400540066 0.4818989000050351
0.9998138853592822 39
1 480.8678247437071 505.6945052938807 0.4860072000301443
0.9998635401110301 39
2 360.4865187721719 377.173284056682 0.46505009999964386
0.9998691375465292 39
3 271.90877390417467 281.14150978660024 0.4723045999999158
0.9993133163803555 39
4 213.60847935591386 219.5611836814424 0.48000260000117123
0.9491196256674553 39
0.9999970790483411 156
5 196.11176599322624 201.88442819760192 5.4664074999745935
0.9818385141818321 39
0.9999450051469368 156
6 163.6291870611082 168.38602117962944 10.093911799951456
0.9628691781482427 39
0.9999840438014238 156
7 138.88570527060406 142.44305629862927 8.96121249999851
0.9735305221363821 39
0.9999881373303356 156
8 138.06184343918906 142.00951553307212 5.376325000019278
0.9938503206831798 39
9 56.219878528277945 56.64324718863789 0.48275049997027963
0.9790751471969873 39
0.9999928315685462 156
10 36.04469222138631 36.150409000409304 6.130344300006982
0.9913415293770644 39
11 18.618574417775548 17.60434034032485 0.47854159999405965
0.9106288756842058 39
0.9999991877977151 156
12 13.838349439616943 13.052777822039646 5.421964399982244
0.9479657943040579 39
0.9999983112367943 156
13 10.895933462081524 10.337957666175534 5.400612199970055
0.9854203063834883 39
0.9999987400515441 156
14 8.401857561140696 7.883394562891215 5.188708400004543
0.9933595793392277 39
15 3.6289928237313025 2.984431376829106 0.4731282999855466
0.844171258976518 39
0.9999999117712812 156
16 2.8945081799240704 2.3129679088431465 5.340731000003871
0.9650182113021073 39
0.9999992963416493 156
17 2.7175994429470465 2.121171912376256 5.440288699988741
0.9951670012796882 39
18 1.8317290468020602 1.2177324094135198 0.4762347000068985
0.10540484399833909 39
0.9999982803221219 156
19 1.7758949735745257 1.1317154535701217 5.418507700029295
0.9962410847386538 39
20 1.4194026041363037 0.7973830622548523 0.4893554000300355
0.01669982962010092 39
0.9999945231038626 156
21 1.2159143348163204 0.5925637398433061 5.218023199995514
0.9912079288598596 39
22 1.1325322281642762 0.509702384441312 0.49046929995529354
0.00280187552367705 39
0.9999770660624029 156
23 0.9523462014061086 0.3531230017355482 5.307004000002053
0.9924366630780522 39
24 0.8224854916470711 0.21112076249061099 0.482604100019671
0.050714072231712766 39
0.9999993530742837 156
25 0.7362667567533822 0.13546313488016387 5.276165799994487
0.9919306059060797 39
26 0.7117879871826177 0.10750309613386831 0.4945216000196524
0.004506881923026723 39
0.9999940867767514 156
27 0.6793089023891289 0.07914808696671538 5.267690800013952
0.9923896047728394 39
28 0.6675095109268986 0.0659818525213039 0.4844899000017904
0.0012074145174664993 39
0.9996975829084406 156
29 0.6531555947608524 0.05523265912432373 5.266858600021806
0.9903083465256493 39
30 0.6465241345904825 0.04822511081289753 0.6360171000123955
0.0005425053176446031 39
0.9998612846673025 156
31 0.638896983683695 0.04197573017119854 5.2221091000246815
0.9933949996703857 39
32 0.6346177531143535 0.03831113575201439 0.4816434999811463
33 3.2621783151513557
-------------------------------------------------END------------------------------------------------------
41
------------------------------------Randomized only---------------------------------------------------
639.4141059347081 682.4401382377929
0.9995717368824115 39
0 569.054634265844 606.5715258401896 0.4591463999822736
0.9996531191099065 39
1 466.6261625095237 495.77786811271824 0.4694247000152245
0.9997379044604277 39
2 353.36220776867646 371.84362107257505 0.49613139999564737
0.9998481351522427 39
3 272.21448913216534 280.00943404278513 0.48332469997694716
0.9993890996154826 39
4 200.6007262918629 202.76004996421474 0.49914570001419634
0.965963225363407 39
0.9988759511613438 156
5 108.97252202027002 107.8157856129251 2.054798600031063
0.9761592280277988 39
0.9974909126690599 156
6 77.46152449386362 76.9841132713176 2.188210699998308
0.9709481939998625 39
0.9962235674056846 156
7 54.92051582991085 52.0502222762431 4.547167500015348
0.9627411100509664 39
0.9955478967031133 156
8 36.55430843494249 33.783928461780235 1.9750600999686867
0.9519394989831573 39
0.9922126890708526 156
9 25.10393663599554 22.392507276262464 3.3688935000100173
0.9451695588651967 39
0.9853078457153687 156
0.9933339768440099 273
10 17.408169236779305 15.73157943758556 5.220431600057054
0.9005749657988978 39
0.9762101953568818 156
0.9871287973886447 273
0.9930777057875929 390
11 11.92518920128871 10.681322409024988 22.144023299973924
0.9571522613915301 39
0.9924370755611504 156
12 9.631956405378567 8.376800134484752 2.1859580000163987
0.8497476272011301 39
0.9329042003806994 156
0.9632685665227546 273
0.9793285693389345 390
1.0000000000000002 393
13 7.4648520740552105 6.456968629505523 20.455927400034852
0.9768554727038976 39
0.9981825805062668 156
14 4.360436432365123 3.4906186608286336 2.04766219999874
0.9651516007820522 39
0.9867330974696369 156
0.9936468746030607 273
15 3.682921549829289 2.8865384450773752 7.06028110004263
0.952628326457438 39
0.9756699744890378 156
0.9809189146151839 273
0.9897536653202951 390
1.0 393
16 3.513595043479681 2.891067494671374 8.887080100015737
0.9951711948093903 39
17 2.518940522881384 1.8001000465294854 0.5248366000014357
0.3101312248814766 39
0.9047241935958706 156
0.9642841645054715 273
0.9839024498275845 390
1.0 393
18 1.9854059965507396 1.3204568811246713 10.702002400008496
0.9853131329015744 39
0.9985690815091389 156
19 1.7688018386940763 1.0762162747401012 2.0280428000260144
0.7074094709912974 39
0.7332613931053676 156
0.8796513402518831 273
0.9371765955829292 390
0.9999999999999997 393
20 1.4250619064580816 0.7909786624990011 8.987992200010922
0.9952347700383158 39
21 1.366520235605133 0.7306876544011828 0.524706199998036
0.040406216006543115 39
0.7419607561062038 156
0.88506343095969 273
0.9457837030930166 390
1.0000000000000004 393
22 1.152412800687117 0.5330640837803077 9.384355299989693
0.9901298016208081 39
23 1.0711209190183963 0.4466754781330103 0.5448872999986634
0.03338561129073257 39
0.892465659139956 156
0.9621995279630398 273
0.9812807108802523 390
1.0000000000000002 393
24 0.9141186702499974 0.30748784500176407 8.606795899977442
0.9625267831115445 39
0.9968448683917875 156
25 0.8790075526450655 0.277002446074098 1.96090639999602
0.7969978575959998 39
0.8025553675018535 156
0.9194664295084805 273
0.9598531661630265 390
1.0000000000000004 393
26 0.8373221808822491 0.23978329479325533 9.4444719000021
0.9974803206869485 39
27 0.781727441999641 0.1749445451690283 0.4881953000440262
0.049510481395161156 39
0.8917731221078727 156
0.96378038677142 273
0.9815976361834617 390
0.9999999999999999 393
28 0.7443649300466839 0.1468660543088689 9.086480600002687
0.9865640709158223 39
0.9993801611787028 156
29 0.7144553980530233 0.11212800507770507 2.0112710000248626
0.507570155705954 39
0.516702987276196 156
0.8239026063734831 273
0.9142777785505365 390
1.0 393
30 0.687041252140317 0.08444498148023294 10.721986899967305
0.9931637159005586 39
31 0.6828566313050433 0.07913658910240899 0.4526666000019759
32 5.000383262506148
-------------------------------------------------END------------------------------------------------------
------------------------------------Krylov only---------------------------------------------------
639.4141059347081 682.4401382377929
1.0000000000000002 40
0 563.5605055027638 600.1167025413332 1.8076823000446893
0.9999999999999999 40
1 427.4111096680941 450.74487979544153 1.7837368000182323
0.9999999999999998 40
2 387.0666421589815 413.84701030231804 1.9121623000246473
1.0000000000000002 40
3 362.53461186479933 382.1232861129828 1.8245296999812126
1.0000000000000002 40
4 129.83604645424137 134.61265773068394 1.8565584999741986
0.9999999999999996 40
5 67.04203617319128 66.49914949646048 1.9355221999576315
0.9999999999999998 40
6 32.82336746721688 32.04232792225798 1.9074101999867707
0.9999999999999993 40
7 19.13008877169155 19.338582480590016 1.8842365000164136
1.0000000000000009 40
8 11.387731297958503 10.299724602635429 1.8173349000280723
0.9999999999999988 40
9 5.237721386418339 4.873019227142061 1.853282099997159
1.000000000000001 40
10 4.578047891816814 4.307959019218279 1.8686105000087991
0.9999999999999999 40
11 3.8458391370438476 3.401487913134259 1.840274500020314
0.9999999999999998 40
12 2.9461968451736307 2.5038978683788704 1.8042745999991894
0.9999999999999999 40
13 2.181174961395506 1.64385009725018 1.815611900005024
1.0 40
14 1.6879287504431686 1.1301384345956647 1.928176799963694
0.9999999999999993 40
15 1.4390176764309464 0.9017809307624585 1.819640800007619
1.0 40
16 1.2325204019100746 0.6327513007174739 1.823765400040429
0.9999999999999997 40
17 1.1293774599352928 0.5400513984573738 1.9694424999761395
0.9999999999999993 40
18 1.0579802382943064 0.5101864564115385 1.8197435999754816
1.0000000000000009 40
19 1.0448682365734419 0.4470828717453637 1.811432899965439
1.0000000000000002 40
20 0.989798910059782 0.42472036647180844 1.867776099999901
0.9999999999999992 40
21 0.9117203196355038 0.30924427930676723 1.8394864000147209
1.000000000000001 40
22 0.8785167247328285 0.29033982029370237 1.8146618999890052
0.9999999999999996 40
23 0.8082063731972283 0.21066675376003355 1.8257340000127442
0.999999999999999 40
24 0.7913994683900496 0.19614974155016368 1.8363782999804243
1.0000000000000002 40
25 0.7534478229313192 0.15743620477762932 1.8773919999948703
1.0000000000000002 40
26 0.7371666166778461 0.1438132613798378 1.8082195000024512
1.0000000000000004 40
27 0.7200902125686365 0.12512472037712885 1.806807100016158
0.9999999999999998 40
28 0.7100758228816019 0.11748890618542594 1.8664584000362083
1.0000000000000007 40
29 0.6996321640474249 0.10624630886935077 1.8288208000012673
1.000000000000001 40
30 0.6934970028217491 0.1016338948030425 1.8372009000158869
1.0000000000000009 40
31 0.6865021966177521 0.09382161669399931 1.8041827999986708
1.0000000000000002 40
32 0.6821133500527595 0.09014735709137439 1.8608814000035636
33 1.8471948060623342
-------------------------------------------------END------------------------------------------------------
------------------------------------Hybrid---------------------------------------------------
639.4141059347081 682.4401382377929
0.9995717368824115 39
0 569.054634265844 606.5715258401896 0.4820175000349991
0.9996531191099065 39
1 466.6261625095237 495.77786811271824 0.5028520000050776
0.9997379044604277 39
2 353.36220776867646 371.84362107257505 0.4650621999753639
0.9998481351522427 39
3 272.21448913216534 280.00943404278513 0.4843285999959335
0.9993890996154826 39
4 200.6007262918629 202.76004996421474 0.47318269999232143
0.965963225363407 39
0.999992074523389 156
5 192.74550519223772 194.27143550259964 5.59289719996741
0.9826512684474756 39
0.9999853184811729 156
6 186.3668220399601 191.79262798178416 5.43714120000368
0.9950962364084986 39
7 106.32480988711947 108.92526758565315 0.46922929998254403
0.9003087450376535 39
0.9999607485212862 156
8 96.66295760767714 94.52313489073167 5.443243300018366
0.9772947398368302 39
0.9999913334088156 156
9 58.62322005541028 58.469597750661315 6.773690700007137
0.9897381140877873 39
0.9999934474075873 156
10 38.529514880050385 38.6068536277271 5.333864500047639
0.9952726131613043 39
11 10.980857120184021 9.902371573519249 0.471163600042928
0.9759412225958917 39
0.9999998812957015 156
12 10.782031537744961 9.912769189780033 5.425402400025632
0.9787582358150733 39
0.9999994056412334 156
13 10.746823105376889 10.074552177685112 5.31437839998398
0.9978079587520596 39
14 4.666072448860122 3.6409039767414275 0.47264709998853505
0.928373420090972 39
0.9999999681437503 156
15 4.43768512790998 3.5093492606053314 5.346899600001052
0.9891882875467713 39
0.9999998587785144 156
16 3.6552131448962593 2.7928374626220958 5.324283999972977
0.9951342480780224 39
17 2.3779335469560468 1.570296549622832 0.4736189999966882
0.582962693771067 39
0.9999999788794492 156
18 1.9993266681017783 1.3203739958123994 5.34348429995589
0.9961804931020616 39
19 1.7714817410075485 1.0456261232465947 0.49777720001293346
0.09913738397472431 39
0.9999999161025208 156
20 1.4824375153914384 0.8167111721691108 5.301074099959806
0.9962686074792129 39
21 1.3581842503396488 0.6749724531465346 0.4476890999940224
0.026826469519439195 39
0.9999997329351284 156
22 1.2451106839643098 0.6261648121245257 5.227243000001181
0.9967160499559982 39
23 0.9333086340074289 0.3087466475973853 0.48265199997695163
0.14671045578000444 39
0.9999999584623321 156
24 0.863072686172587 0.26017704540183195 5.167983399995137
0.9982076029368051 39
25 0.7678261804560619 0.1552753755501964 0.48864390002563596
0.00502608316204609 39
0.9999950851498552 156
26 0.7610621055022273 0.1566059642958109 5.219686900032684
0.9993338297048683 39
27 0.700202214979372 0.0940346953744471 0.50182780000614
0.0098500786795126 39
0.99999903985041 156
28 0.6838466188368704 0.0796025988352091 5.260474600014277
0.9624687306538049 39
0.9999999869072651 156
29 0.6740876416631396 0.07117503360671835 5.217437600018457
0.9926180015808928 39
30 0.6674197347599494 0.06562607589813982 0.47765109996544197
0.0009848137798565075 39
0.9999957091400584 156
31 0.6586254502817314 0.05759484372354521 5.355234200018458
0.9881102554608592 39
0.9999999945251541 156
32 0.6524339335495378 0.05269386476196738 5.429210700036492
0.9954270571866656 39
33 0.6485476079108632 0.04999999122578455 0.4932643999927677
34 3.0940364000014275
-------------------------------------------------END------------------------------------------------------
42
------------------------------------Randomized only---------------------------------------------------
476.6140369424874 506.86404570445734
0.999716195889477 39
0 433.92370352830085 460.51262317220926 0.4512345000403002
0.9997819259654519 39
1 372.26990511565134 392.7293805150279 0.4950874999631196
0.999780751108058 39
2 304.6503839917903 318.0236572357726 0.49885719997109845
0.9996597413507408 39
3 253.45595519510098 261.14371878380734 0.4695870999712497
0.9884666631953495 39
0.9998445566838314 156
4 132.57554890879186 128.0438138309836 2.0327692999853753
0.9249396056020025 39
0.9888444604886286 156
0.9964617632131151 273
5 83.10448967577533 79.96266841225834 5.167296200001147
0.9250908530846159 39
0.9866764168712232 156
0.9947464116240144 273
6 47.907059595945164 46.23425048558953 5.254881800035946
0.9198082058130124 39
0.9855633261505035 156
0.9949467478679316 273
7 24.749911117387242 23.07479449042213 9.940246300015133
0.901927778655624 39
0.9754527585078862 156
0.9881461170205811 273
0.9933422468037427 390
8 14.446956940873013 13.651883068412221 9.171000399976037
0.8337443578932816 39
0.9564714722056034 156
0.9777012424358276 273
0.9856969000281348 390
1.0 393
9 7.645081098520948 6.788524927407691 8.795922100020107
0.8282697284615195 39
0.9525211068529604 156
0.975853787722769 273
0.985704108330241 390
1.0 393
10 4.559214658711864 3.749935054569768 8.996362300007604
0.8588950523446126 39
0.9756583212627353 156
0.987501395948752 273
0.9933302887337611 390
11 3.5876025798659583 2.91547794013306 8.284858200000599
0.7456208587179374 39
0.8854662797215257 156
0.9181151110206875 273
0.9337320859301644 390
1.0000000000000002 393
12 2.722567647296213 2.0645564710848467 9.213201899954583
0.9867108189860226 39
0.9979019009438341 156
13 2.325296983558404 1.667370250233637 2.137782000005245
0.2521554906495731 39
0.3550397646248527 156
0.6397577914877136 273
0.7638874014995055 390
0.9999999999999999 393
14 1.8045362028652656 1.100657204231496 8.643605099990964
0.9349240941903302 39
0.9901747811514 156
15 1.6825287181935251 0.987161801795884 2.1824739000294358
0.2103267025144544 39
0.23875051692799681 156
0.5478457956950511 273
0.7227321035597968 390
0.9999999999999998 393
16 1.4150322178773589 0.8074454165951281 8.773825799988117
0.9946646564649002 39
17 1.2927351842759454 0.6840699094146082 0.4637322000344284
0.07548838115571145 39
0.8266746849423313 156
0.902973073853591 273
0.936653743539974 390
1.0000000000000004 393
18 1.100683506660286 0.46743860105135365 8.47983490000479
0.987940657279231 39
0.9985990839363957 156
19 1.0207301511386138 0.38073456055342764 1.9798385000322014
0.0556193578845188 39
0.06840082359385415 156
0.4508221953797914 273
0.6263795755147189 390
0.9999999999999996 393
20 0.8970280701055866 0.2802758749938548 8.796027400007006
0.992719650804508 39
21 0.8807790251751274 0.2667970855770122 0.5363753999699838
0.006765175614981301 39
0.7658739657417047 156
0.8382996095777515 273
0.8844951047256219 390
1.0 393
22 0.8058800481811844 0.18941335414329663 8.928916899953038
0.983324022300581 39
0.9979177613612189 156
23 0.7940526247416471 0.1731887049764156 1.9496462999959476
0.12513764992222795 39
0.13099961753550518 156
0.39063568861385506 273
0.5549235681540599 390
1.0000000000000004 393
24 0.7512763584803838 0.13561824822579094 8.757078800001182
0.9899498900891374 39
0.9986258140376937 156
25 0.7437504977433784 0.13072209830697884 1.815471499983687
0.04743323011671484 39
0.05020473937172817 156
0.2371011702692255 273
0.3500417497752933 390
1.0000000000000007 393
26 0.7178855847296459 0.10550326042029713 8.529756299976725
0.9805629765054338 39
0.9949069043769135 156
27 0.7160025628019013 0.10322904078578127 2.2334443000145257
0.002977239356353985 39
0.004254704834807314 156
0.19520607864550515 273
0.33119081966176017 390
0.9999999999999998 393
28 0.6964553740278803 0.08895853729792089 8.711223200021777
0.9739043455899851 39
0.9914257988194559 156
29 0.6953806480506716 0.08772613141924768 2.123649699962698
0.0036164699624524435 39
0.0045825723581379915 156
0.18682385836726426 273
0.29060902825164586 390
1.0000000000000009 393
30 0.6823943152633781 0.07376865941684624 8.420287299959455
0.9928221986055653 39
31 0.6815694759137525 0.07329589135148126 0.4951385000022128
32 5.085294149996116
-------------------------------------------------END------------------------------------------------------
------------------------------------Krylov only---------------------------------------------------
476.6140369424874 506.86404570445734
0.9999999999999999 40
0 429.6634552821856 454.81290737919375 1.8147900000330992
1.0 40
1 375.1457188954474 389.88155231451674 1.762781500001438
1.0 40
2 260.084823790804 266.83299495805534 1.7709274000371806
1.0000000000000002 40
3 223.97280396801233 229.148524646005 2.047443499963265
1.0000000000000002 40
4 205.74025073063504 209.6657045646332 2.0805524999741465
0.9999999999999993 40
5 124.13090172781332 121.74913306068204 1.9570542000001296
0.9999999999999998 40
6 65.54640605131453 64.62872461998408 1.931822500017006
0.9999999999999993 40
7 37.4833225639934 34.77041255052284 2.1774509000242688
1.0 40
8 16.953157917987298 15.915954363380349 1.8961951999808662
1.0000000000000013 40
9 10.914886189519052 10.449632529936903 1.8521741000004113
0.9999999999999996 40
10 4.016693937571858 3.441647148815166 1.856610000017099
0.9999999999999993 40
11 3.735328398254828 3.295013190231204 1.8477358999662101
1.0000000000000002 40
12 1.5792828969598376 0.9702098832481881 1.829006500018295
1.0000000000000002 40
13 1.3614582478230972 0.7579431319658402 1.9820255999802612
0.9999999999999998 40
14 1.282822352944565 0.6665126601933384 1.9637444000109099
1.0000000000000004 40
15 1.1612394833899997 0.5380539378312029 1.9564267999958247
0.9999999999999998 40
16 1.1204025946322915 0.5035963809811984 1.8947506999829784
1.0000000000000007 40
17 0.8821469361334475 0.2723835458342464 1.7757680999930017
1.0000000000000013 40
18 0.8242566524070007 0.2083349309064688 1.7979936000192538
1.0000000000000007 40
19 0.8008100528416423 0.19194060771665347 1.8265185999916866
0.9999999999999993 40
20 0.7817030348340289 0.169024500048906 1.8368983000400476
0.9999999999999998 40
21 0.7680799598138669 0.1609765161595407 1.7686916999518871
1.0000000000000007 40
22 0.7561199215101405 0.14514809661577602 1.8305835999781266
1.0000000000000004 40
23 0.7469164817617179 0.14184387876454418 1.7960671000182629
1.0000000000000004 40
24 0.7384797557847063 0.12955955128800162 1.7848248000373133
1.0 40
25 0.7317675447049996 0.12728743123747188 1.8118311999714933
0.9999999999999999 40
26 0.7256040346087699 0.11783596715629864 1.757023099984508
1.0 40
27 0.7204378211833428 0.11611800817175424 1.7706011999980547
0.9999999999999996 40
28 0.7157040247640843 0.10891302456632401 1.7825767999747768
1.0000000000000007 40
29 0.7115322341576319 0.10737669716983161 1.8093144000158645
0.9999999999999997 40
30 0.707672847328553 0.10135669144441582 1.7833756000036374
31 1.863018058063913
-------------------------------------------------END------------------------------------------------------
------------------------------------Hybrid---------------------------------------------------
476.6140369424874 506.86404570445734
0.999716195889477 39
0 433.92370352830085 460.51262317220926 0.4779817999806255
0.9997819259654519 39
1 372.26990511565134 392.7293805150279 0.47943230002420023
0.999780751108058 39
2 304.6503839917903 318.0236572357726 0.5041479000356048
0.9996597413507408 39
3 253.45595519510098 261.14371878380734 0.47371280001243576
0.9884666631953495 39
0.9999999732330475 156
4 242.01338904232327 247.5812410552852 5.4090075000422075
0.9840370642691241 39
0.9999186912886812 156
5 229.10540002627144 234.11458729830386 5.889762600010727
0.9888577740128526 39
0.9999929140271895 156
6 224.99381144514666 228.55534561529706 7.278990499966312
0.9899372304397677 39
0.9999951333017199 156
7 194.98174235219437 191.27263916813286 5.474618199979886
0.9737864238602839 39
0.9999752348977371 156
8 167.0367270337062 158.42567645733496 5.186569799960125
0.9037573656276748 39
0.9994433168373414 156
9 69.41776285272779 67.49423835880563 5.17513449996477
0.9373538289464011 39
0.9996258052164305 156
10 34.36437289807024 33.52199240997373 5.398762799974065
0.9627318350742429 39
0.9999768125431533 156
11 19.35373023848885 19.085608374977515 5.413112500042189
0.996625561124484 39
12 8.427869873041997 7.972111412152897 0.46207199996570125
0.620908025400497 39
0.9999941402861221 156
13 6.827621386580607 6.355188280516638 5.4441517000086606
0.9611112369785999 39
0.9999958946242256 156
14 5.8717480671798725 5.470164646244939 5.220515900000464
0.9938396131136829 39
15 4.609976366068271 3.984719810828282 0.486452899989672
0.590131642736184 39
0.9999993308462078 156
16 3.793641541017338 3.2334849623791486 5.32815490005305
0.9931485649060927 39
17 3.516032512360726 2.947139751206831 0.48025529994629323
0.0682454913614175 39
0.9999967934509609 156
18 2.8206238713193574 2.278612888024286 5.218648699985351
0.9902747296621076 39
19 2.6799297075227457 2.126028884121471 0.46057910000672564
0.0519959525565954 39
0.9999755438885068 156
20 2.1499779242085855 1.604865577262146 5.249126699985936
0.9827231535291053 39
0.9999997156716106 156
21 1.815002264144769 1.2653922770333552 5.434732599998824
0.9944873953069517 39
22 1.643825081764345 1.1072682336754487 0.4971176999970339
0.03202877394427206 39
0.9999978127673494 156
23 1.5726946655740757 1.0172355585251298 5.2902897000312805
0.9980590707998261 39
24 1.1917023800574553 0.6480077466746655 0.47370469995075837
0.19695909780926477 39
0.9999998934714802 156
25 1.032698371212924 0.46937775140461363 5.2237159999785945
0.9954605536219314 39
26 0.938876114909089 0.3599242052223159 0.4601331000449136
0.07035648862346164 39
0.9999997564391832 156
27 0.8817709362008173 0.30655519499152134 5.410748999973293
0.9996832322556685 39
28 0.8107635353315176 0.22545814589995952 0.502528999990318
0.06181860718405349 39
0.9999997622261425 156
29 0.8013922222658162 0.22247550302717048 5.281080799992196
0.999710708007395 39
30 0.7435011104331788 0.15832567927133057 0.48338769999099895
0.05927121417647748 39
0.9999998663073509 156
31 0.7399805689304406 0.15897734182434028 5.237543200026266
32 3.4314429343721713
-------------------------------------------------END------------------------------------------------------
43
------------------------------------Randomized only---------------------------------------------------
617.2037125238991 662.4723699282712
0.9998018683251859 39
0 550.5322330416355 590.0838793979872 0.49069379997672513
0.9998677799990557 39
1 453.83376099070136 484.41157685048574 0.4940943000256084
0.999915011832674 39
2 347.032833879772 366.3197254676435 0.45849280001129955
0.9998966962636916 39
3 270.7151195765378 279.7045100151244 0.4612671000068076
0.9988691551287047 39
4 210.59599304925678 212.0999915162968 0.48620450001908466
0.9763298518538059 39
0.99904717027389 156
5 104.68665258738572 99.03793822562187 2.1854785999748856
0.9456604083652235 39
0.9962193330019462 156
6 57.5438245360301 53.322238707653106 2.0847408999688923
0.9344851214026093 39
0.9932507715157751 156
7 35.752837564896325 32.78690656568819 1.985106399981305
0.9386408029627007 39
0.9906780210774883 156
8 24.283298532350873 22.611748206596975 1.9464762000134215
0.8967374153774725 39
0.9759150432995702 156
0.9908251397151374 273
9 15.748614662275921 13.711815404180763 5.5639904999989085
0.8719852081383257 39
0.9737829334756053 156
0.9872140040909081 273
0.992851535970897 390
10 10.79982282941351 9.325126071776747 8.563337900035549
0.9012333492075562 39
0.979361782775507 156
0.9882785461073569 273
0.9920864632854448 390
11 7.8605547839801915 6.692504885307195 8.605130299984012
0.8098065769597971 39
0.9488021805965012 156
0.9659932837528044 273
0.9741370655346846 390
0.9999999999999998 393
12 5.8331760302218525 4.776408188889078 9.817484300001524
0.9790992241387821 39
0.9957135791431032 156
13 5.108439889452638 4.233757393073715 1.9724096999852918
0.8049138689736959 39
0.899351525037954 156
0.9412681537341184 273
0.9591480278421937 390
1.0 393
14 3.894594775213464 3.0575408793255363 9.281267000013031
0.9929639641128132 39
15 3.759098739693817 2.956643207536072 1.0623901999788359
0.27583972961874437 39
0.7541864964277821 156
0.8702130705300596 273
0.9210710330928048 390
1.0000000000000002 393
16 3.2575221405232377 2.4437600598140032 14.111976199958008
0.9952799358127721 39
17 2.497259044965206 1.7319236387558639 1.0284563000313938
0.15712850089239852 39
0.869562062979564 156
0.9556315538443967 273
0.9774611147126069 390
0.9999999999999999 393
18 2.0027019713018275 1.3317676360544666 9.310303299978841
0.9714393170055003 39
0.9964762055724252 156
19 1.5914501475643732 0.9734100900691798 2.0794289999757893
0.7616078816497776 39
0.7955451056837268 156
0.9041081137061444 273
0.9454406001039878 390
1.0000000000000004 393
20 1.4382609867892133 0.9199358502050585 8.716847400006372
0.9899082966454028 39
0.9994689758171643 156
21 1.1534067075087768 0.5722404376614875 2.1205587000004016
0.9161240670715272 39
0.923640835713377 156
0.9658165133238444 273
0.9800286882718701 390
0.9999999999999994 393
22 1.0212797465237697 0.44051687881009444 8.843052499985788
0.9860054170681047 39
0.9994043770876894 156
23 0.9116848373769774 0.3273083994438199 2.0637327000149526
0.7557021680993107 39
0.7675035220588974 156
0.8725597100140398 273
0.9246525597008682 390
0.9999999999999997 393
24 0.8976444073202449 0.31082336214194756 8.877384299994446
0.9886553694959404 39
0.9995702412126415 156
25 0.7806360976307227 0.18455896055537221 1.9721901000011712
0.5501316006345351 39
0.5830270844864828 156
0.8051066489884818 273
0.8945978352667745 390
1.0000000000000007 393
26 0.7768304087347682 0.17558633287270592 8.827869199973065
0.9974427848460803 39
27 0.7234947602962553 0.12069012670745428 0.48433559999102727
0.0898172997287375 39
0.9351509116097035 156
0.9763504662810155 273
0.9865995100807086 390
0.9999999999999997 393
28 0.7015910546969348 0.09922488350774912 9.26620269997511
0.993836839720521 39
29 0.6848937600948715 0.08160340555951497 0.500088200031314
0.01083356919845065 39
0.9509328391430087 156
0.9831704287294909 273
0.9890573936146583 390
0.9999999999999998 393
30 0.6813955239897127 0.07479908148499068 9.150390699971467
31 4.606818754834333
-------------------------------------------------END------------------------------------------------------
------------------------------------Krylov only---------------------------------------------------
617.2037125238991 662.4723699282712
0.9999999999999997 40
0 545.8999799365708 583.4924417452046 1.823629799997434
0.9999999999999996 40
1 432.20505657806183 456.9901522427979 1.8377573000034317
0.9999999999999998 40
2 343.4413289322432 352.01772671906986 1.7894373000017367
1.0 40
3 208.7471564877782 209.02677532777372 1.8261658999836072
1.0000000000000007 40
4 131.62928318759893 132.7092707008089 1.908771499991417
1.0000000000000002 40
5 82.55822170834024 83.27247767272681 1.9754334999597631
1.0000000000000004 40
6 47.287406836839544 48.47271684713503 1.929646800039336
0.9999999999999986 40
7 16.590562662506958 16.24829452774815 1.9188895999686792
1.0000000000000007 40
8 15.115912898665858 13.932961625585763 1.8104339999845251
1.0000000000000002 40
9 4.607840453587608 3.8715676891612314 1.8058283000136726
1.0000000000000004 40
10 2.805364912350055 2.2244066716728734 1.8135522000375204
0.9999999999999994 40
11 2.432029912445588 1.7586946094912324 1.8395187000278383
1.0 40
12 1.4653991796396997 0.8323418698927175 1.9483440999756567
0.9999999999999982 40
13 1.2224864437525054 0.6207198507539453 1.9552007999736816
1.0000000000000007 40
14 1.2223730331832274 0.6161305313197797 1.8102743999916129
0.9999999999999991 40
15 0.9416037804139854 0.33989846880901775 1.8122032000101171
0.9999999999999989 40
16 0.902268727028611 0.30541283170646044 1.825914399989415
1.0000000000000002 40
17 0.8724636877444458 0.27684583417021624 1.7719496000208892
0.9999999999999994 40
18 0.8524094991895191 0.25999885817214086 1.7920812999946065
0.9999999999999994 40
19 0.836160809952567 0.2432717811997775 1.706963500007987
0.9999999999999997 40
20 0.8234961800644455 0.2327651714335524 1.8132470000418834
1.0000000000000002 40
21 0.8123662629662253 0.22095080495535843 1.8040107000269927
1.0000000000000004 40
22 0.8032652372306799 0.21305949861363263 1.7697908999980427
1.0000000000000007 40
23 0.7950080789513159 0.20365668027480335 1.8287072000093758
1.0 40
24 0.7880819974752178 0.19674855865709928 1.815042199974414
1.0000000000000007 40
25 0.7817167652837311 0.18947284920883362 1.8156632999889553
1.0000000000000007 40
26 0.7763153206608769 0.18511818412485345 1.7821605000062846
1.0000000000000002 40
27 0.7712052588443556 0.17880571900320508 1.771377500030212
0.9999999999999992 40
28 0.7667585584739004 0.17496970154082514 1.8300287000020035
1.0000000000000007 40
29 0.7624421220740749 0.16948974285435026 1.8333802999695763
1.0000000000000004 40
30 0.7582263239691287 0.16639648880254057 1.784917899989523
31 1.8306555612906512
-------------------------------------------------END------------------------------------------------------
------------------------------------Hybrid---------------------------------------------------
617.2037125238991 662.4723699282712
0.9998018683251859 39
0 550.5322330416355 590.0838793979872 0.4710089999716729
0.9998677799990557 39
1 453.83376099070136 484.41157685048574 0.51838319998933
0.999915011832674 39
2 347.032833879772 366.3197254676435 0.4756883999798447
0.9998966962636916 39
3 270.7151195765378 279.7045100151244 0.49581799999577925
0.9988691551287047 39
4 210.59599304925678 212.0999915162968 0.49501109996344894
0.9763298518538059 39
0.9999985225871046 156
5 203.96194791360918 204.65499193338945 5.603896300017368
0.9475561227572917 39
0.9999862455818409 156
6 202.3684816651003 203.47181220369478 5.3892481999937445
0.9874628809247199 39
0.9999860343299245 156
7 163.06311526773734 164.8676532044618 5.4986442000372335
0.9841500667256938 39
0.9999934108475094 156
8 122.64251370202182 125.44796113872178 5.370478599972557
0.9930626528811927 39
9 62.65189275316915 62.94482990438006 0.481858299986925
0.9515679046795422 39
0.9999970722406542 156
10 62.31750520648289 62.337415902301835 5.448097700020298
0.9891256046547439 39
0.9999979365131145 156
11 47.61249362932207 47.10028120289309 5.301566100039054
0.9960328263664445 39
12 16.278777452833403 14.866529859598232 0.4758686000132002
0.9725143241532997 39
0.9999998268658441 156
13 13.391426612936549 12.161022679465894 5.271242299990263
0.9781297436606132 39
0.9999999588937265 156
14 11.870404948077878 10.671027436026721 5.2671817999798805
0.9926069652529317 39
15 5.466358235089137 4.521820709348656 0.4746506999945268
0.9538207146639263 39
0.9999999817684453 156
16 5.054447328655957 4.264105883333643 5.470923200016841
0.9852651494485952 39
0.9999999612228782 156
17 4.653040257927015 3.9867700762252287 5.524273199960589
0.9952878360320401 39
18 2.590162085936492 1.8171912265894252 0.47487769997678697
0.5546348395347488 39
0.9999998149787256 156
19 2.199493971542275 1.528254655660232 5.462799799977802
0.9942251811933487 39
20 1.9442394880400402 1.2530666878925296 0.4831564000342041
0.018440163974378077 39
0.9999994972950191 156
21 1.8122145298574404 1.1633218210338163 5.448529800050892
0.9855262217776225 39
0.9999999791145208 156
22 1.519343049512011 0.9147042094897105 5.569154500029981
0.996103002583435 39
23 1.3045580132947772 0.6675090616574407 0.5007541000377387
0.04324496569343772 39
0.9999998561326215 156
24 1.0874492731897858 0.5027862653496744 9.286825200018939
0.9974630015425138 39
25 0.9419314037783227 0.33300908124710593 0.49025229999097064
0.058789362166784986 39
0.9999997760485204 156
26 0.8672104930705958 0.2639536307612891 5.2912970000179484
0.8898872097581625 39
0.9999999836291747 156
27 0.7715492845526998 0.16979457749712987 5.8183498999569565
0.982588171624517 39
0.9999999760903534 156
28 0.7280276884122772 0.13167109315110742 5.2210648999898694
0.9977812985512522 39
29 0.6901128442029271 0.08870167986426812 0.5349605000228621
0.047753871443434175 39
0.9999993075761051 156
30 0.684133844276098 0.08267543700990809 5.705813600041438
0.9991065709962064 39
31 0.665404170048491 0.06391122804470357 0.5393240000121295
0.0051948785713848014 39
0.9999942935093011 156
32 0.6617588297840016 0.06094584538598159 7.6454963000142016
33 3.530499845457433
-------------------------------------------------END------------------------------------------------------
44
------------------------------------Randomized only---------------------------------------------------
747.1402449168467 796.1509690164087
0.9996539449298903 39
0 657.3507374377671 700.1656441437694 0.5047564000124112
0.999727646891747 39
1 527.1823932159147 559.904214885829 0.7065108999959193
0.999808407691805 39
2 383.43945211838593 403.4902567549985 0.718935800017789
0.9998780846447409 39
3 282.7024958681903 293.36240575757364 0.4629368999740109
0.9998018955526743 39
4 237.97022279559337 242.019641385244 0.47651130001759157
0.8863641395827349 39
0.9954131512020652 156
5 159.2761105643591 160.6469808751322 2.0347323000314645
0.9218809292830539 39
0.9927866392766187 156
6 89.25149877437265 89.64678988075731 2.109774300013669
0.9092790612872943 39
0.9860437958146759 156
0.9955074548751556 273
7 49.04252445834153 48.47940556934837 5.566286499961279
0.8250194952790434 39
0.9791214763493028 156
0.9912845829034896 273
8 29.53977519866723 26.76619355900162 10.49419240001589
0.84261937925752 39
0.97130231001994 156
0.9849715359554267 273
0.9928404579888815 390
9 18.94594549674334 16.579147186728893 10.266293200023938
0.8537211486840924 39
0.973705694473415 156
0.9876528046352431 273
0.9928975629359784 390
10 12.228664908118317 10.430321886265054 8.802530399989337
0.8190575488078771 39
0.9582990013195374 156
0.9763482350477445 273
0.982334084137556 390
0.9999999999999998 393
11 8.004958788478046 6.60711601004122 8.971888899977785
0.9849573711146535 39
0.9975130319948484 156
12 5.7614838506634625 4.514696968406805 1.940587899996899
0.7990727746593319 39
0.9103388345379765 156
0.9451241895737724 273
0.9644504296763418 390
0.9999999999999999 393
13 4.765797697243442 3.8618662200164797 9.075633400003426
0.9886936322572769 39
0.9990166246149816 156
14 3.139926396037769 2.2261226661801947 1.9661970000015572
0.6731424786532483 39
0.7586515548135041 156
0.8911887208409226 273
0.9320494219137686 390
0.9999999999999997 393
15 2.215768053267661 1.5674273684966868 8.95287969999481
0.9795406403691462 39
0.9976117456776747 156
16 1.9193507463878945 1.2913824394386928 2.0391224999912083
0.9499680380979585 39
0.961187666835228 156
0.9797343464689966 273
0.9875055248819252 390
0.9999999999999997 393
17 1.5963325122663485 1.0179280729259137 8.765080099983606
0.9913604439892615 39
18 1.417812411363643 0.8225801215154666 0.47673150000628084
0.10281218331459274 39
0.9025740190189521 156
0.9577142526141789 273
0.9739449253628744 390
0.9999999999999999 393
19 1.32914990292009 0.8047274011328 9.18460880004568
0.9720904240660481 39
0.9992200969598113 156
20 1.0112514165710622 0.4337940562645318 2.0669949000002816
0.8907100525455913 39
0.9011006552425461 156
0.953993738737964 273
0.9741058127125987 390
0.9999999999999999 393
21 0.9970063265076975 0.4159262124906295 9.086601099988911
0.9976931839971284 39
22 0.8527416304666149 0.24628278699173053 0.48950739996507764
0.2885756668594012 39
0.940465573307375 156
0.9751396680239449 273
0.9847280537032045 390
1.0 393
23 0.7916452922553463 0.1826253603873144 8.957453300012276
0.990252018572666 39
24 0.7449407992663151 0.1391853564889638 0.49689509999006987
0.015517346512976465 39
0.9309508555446904 156
0.9726795160248053 273
0.982684301219942 390
1.0000000000000004 393
25 0.7038078452273759 0.09719181290100176 8.57312680000905
0.9951568933350312 39
26 0.6905765776348685 0.08444653159041587 0.47366999997757375
0.11992141165427758 39
0.931978398843542 156
0.9647942135296875 273
0.975692254717245 390
1.0000000000000002 393
27 0.6692771584556942 0.06477202609185931 11.89692600001581
0.9933524802068274 39
28 0.6652749479603975 0.06319748194896864 0.7957909000106156
0.000787674098935629 39
0.8882869744441324 156
0.9484702605420106 273
0.9611928347955859 390
1.0 393
29 0.6543765220071304 0.05340093945288293 10.418284599960316
0.995484857724824 39
30 0.6518087233548522 0.05041669178604299 0.48240330000407994
31 4.750123987096407
-------------------------------------------------END------------------------------------------------------
------------------------------------Krylov only---------------------------------------------------
747.1402449168467 796.1509690164087
1.0000000000000002 40
0 652.4853005376307 693.0393558165965 2.1501432999502867
1.0 40
1 482.21339552711567 510.9961337982816 1.8270109999575652
1.0 40
2 312.4733774379797 322.8148960831108 1.84967649995815
1.0000000000000004 40
3 224.61555216469495 232.18440512240412 2.582555599976331
0.9999999999999996 40
4 68.19940301695026 64.19711158744755 2.1541145999799483
1.0 40
5 40.43453894396781 38.73040249979888 2.625188200036064
1.0000000000000002 40
6 16.9075714456512 15.471359505776277 2.021458300005179
1.0000000000000002 40
7 8.70186769465813 7.455021617323202 2.7862032999983057
0.9999999999999997 40
8 3.8242901777121134 3.103013632645556 2.666089899954386
1.000000000000001 40
9 1.7822386107761774 1.1692243837749545 2.2434075999772176
0.9999999999999991 40
10 1.4861315817211886 0.9021870706342793 1.8502136000315659
0.9999999999999991 40
11 1.356345445088931 0.7743561066448035 1.8184176000067964
0.9999999999999989 40
12 1.1368526558274377 0.5665559413082419 1.8075787000125274
1.0 40
13 1.0703093010844422 0.49058980844039746 1.8061371999792755
0.9999999999999991 40
14 0.9720522585656608 0.3989819480142452 1.895846100000199
1.000000000000001 40
15 0.9393684964107332 0.3485583481997604 1.80781519995071
1.0000000000000007 40
16 0.8844304056818242 0.3071099338206168 1.8519608000060543
0.9999999999999996 40
17 0.8531918384670087 0.25961185460015995 1.8104043999919668
0.9999999999999997 40
18 0.8163109450133855 0.23103980255601822 1.8082644999958575
0.9999999999999997 40
19 0.792236403340691 0.1961964384577547 1.8242558999918401
0.9999999999999997 40
20 0.7665865488290247 0.17421640402692937 1.838920300011523
1.0000000000000007 40
21 0.7536739857508541 0.15543143656292 1.833719700051006
0.9999999999999998 40
22 0.7349921961531103 0.13703958384740708 1.7882187000359409
1.0000000000000002 40
23 0.725864859027615 0.125717282230272 1.7769237000029534
1.0 40
24 0.7141565108995171 0.11273704012394085 1.7963594000320882
0.9999999999999998 40
25 0.7073563554585173 0.10598600836541595 1.977401899988763
1.000000000000001 40
26 0.699455350669403 0.09603430001417672 2.3776315999566577
1.0000000000000007 40
27 0.6942698592650831 0.09198765591565479 1.8721340000047348
0.9999999999999984 40
28 0.6883751181901347 0.08393717804821457 2.626014399982523
0.9999999999999994 40
29 0.6842043940321402 0.08145401534257662 1.8171043999609537
1.0000000000000007 40
30 0.6795757217303138 0.07477336940630722 1.7832769000087865
31 2.0217563645095535
-------------------------------------------------END------------------------------------------------------
------------------------------------Hybrid---------------------------------------------------
747.1402449168467 796.1509690164087
0.9996539449298903 39
0 657.3507374377671 700.1656441437694 0.4680621000006795
0.999727646891747 39
1 527.1823932159147 559.904214885829 0.46374929999001324
0.999808407691805 39
2 383.43945211838593 403.4902567549985 0.47020330000668764
0.9998780846447409 39
3 282.7024958681903 293.36240575757364 0.5045829000300728
0.9998018955526743 39
4 237.97022279559337 242.019641385244 0.48210339999059215
0.8863641395827349 39
0.9999969029965146 156
5 224.00755348940518 223.57525469751377 5.214239199995063
0.9574830037950707 39
0.9998030456618344 156
6 163.81290784960947 165.49680942215062 5.254510800004937
0.9743646673863479 39
0.9998488950199736 156
7 107.48521794805676 104.69809216628845 5.202333299966995
0.9840613279650834 39
0.99998525804327 156
8 66.3674206780431 65.3482478913246 7.083042400015984
0.9978887970021705 39
9 10.946591328445177 9.826583694496874 1.0603866999736056
0.9682954840988065 39
0.9999980661780241 156
10 8.551307459049827 7.530548264387194 6.706233500037342
0.9881724322833658 39
0.9999991170731359 156
11 6.725595015369635 5.86503907179131 5.390367500018328
0.9920460067162293 39
12 4.231302838997613 3.412646094544362 0.4545887999702245
0.6960854054016024 39
0.9999993711111217 156
13 3.414762246639333 2.719902700568134 5.355880699993577
0.9740456228431735 39
0.9999975046542406 156
14 2.854575496716155 2.218011473154079 5.143091399979312
0.9926890639159154 39
15 2.1917688766936276 1.5287569418804674 0.4816819000407122
0.09544026240702247 39
0.9999976602913405 156
16 1.7540658647465497 1.1323062561420536 5.377521099988371
0.9717817267720679 39
0.9999998306095733 156
17 1.707579011120909 1.1245951027981935 5.174172400031239
0.9976000446478961 39
18 1.0959551277850983 0.4724376057734173 0.48208089999388903
0.6589026255902297 39
0.9999999280074703 156
19 0.9394025902961294 0.32720054392105213 5.440911900019273
0.9982574744567775 39
20 0.8394607928317753 0.22324435275007237 0.4898316999897361
0.08908101068793767 39
0.9999997023559235 156
21 0.7608543383775696 0.15089368017862578 5.22498550004093
0.9970447104757408 39
22 0.725703456751632 0.11032261143568971 0.46289700001943856
0.016620262730167288 39
0.999998255414694 156
23 0.6895727084417005 0.07906869680158625 5.383253499981947
0.9970552172469975 39
24 0.6732779373384467 0.06241222901309891 0.47616049996577203
0.0028643027311051395 39
0.9999901763575423 156
25 0.6682123851744245 0.058959672863886266 5.380087699973956
0.998927479496497 39
26 0.6510642408050593 0.04281023185141354 0.47598310001194477
0.002992871377082802 39
0.9999869788364648 156
27 0.6471717649503358 0.04174469210525187 5.609014299989212
0.9950615427001352 39
28 0.6396823957962547 0.03423724583482361 0.5130748000228778
0.000981067115255036 39
0.9996366707979671 156
29 0.6339816536541495 0.030160054594154266 6.737544099974912
0.9879404732782805 39
0.9999998024075997 156
30 0.6304782635200591 0.028680376892169672 5.366928300005384
31 3.300951741936226
-------------------------------------------------END------------------------------------------------------
45
------------------------------------Randomized only---------------------------------------------------
614.7261546200882 647.9471630006371
0.9995297419237175 39
0 548.3426838986892 577.2251483153933 0.4882237000274472
0.9996340076393244 39
1 452.0250810788786 473.90319502852645 0.5131351000163704
0.9997685020654111 39
2 345.80284888814003 358.8329810861703 0.6873747000354342
0.9998667312673265 39
3 270.4189540524638 277.3646961102692 0.8412822000100277
0.9996164308130923 39
4 229.8800343236832 237.2538890335879 1.0457060000044294
0.9641287847395984 39
0.998591064292969 156
5 147.18471159983852 146.63553156111587 1.9084978000028059
0.9448583916233442 39
0.9916028767826818 156
6 99.08059230247268 96.89348370105299 4.691198499989696
0.9390302303156655 39
0.9896559022153597 156
0.9970047274125151 273
7 63.540175583633406 58.70782071952631 5.525621899985708
0.9387703378256981 39
0.9893596769485601 156
0.9956705040444589 273
8 36.252861305444625 33.49041362959563 5.52982160000829
0.8865383156772699 39
0.9773549257364096 156
0.9893619209765415 273
0.9948503297386331 390
9 19.49662654707441 18.663087065805573 13.619935400027316
0.9016283050881748 39
0.9826097970958418 156
0.9901737672770717 273
10 12.707102487969216 12.283242531660877 9.122328499972355
0.7723135653547768 39
0.9211669492111971 156
0.9477518715545487 273
0.9707461364942641 390
1.0 393
11 7.872772179265709 7.322885201803214 8.91938019997906
0.9571763477120101 39
0.9918788886631197 156
12 6.002036986823113 5.194372073452168 2.109163900022395
0.7950961259633282 39
0.9068665560190083 156
0.9488946000128193 273
0.97025319942132 390
0.9999999999999999 393
13 4.425240518071992 3.8299241329749774 9.178041200037114
0.9853483330510721 39
0.9980735249028161 156
14 3.2397622540836433 2.548859176574445 2.075635700020939
0.9057865214190752 39
0.9421747035750809 156
0.9744061718141342 273
0.984538469310248 390
0.9999999999999996 393
15 2.406354852268284 1.6854829464790646 9.085376400034875
0.9863210491104697 39
0.9986326697515503 156
16 1.9294680703905993 1.2543738304527374 1.9859815000090748
0.5290541278638711 39
0.6095570154580389 156
0.8092308147215793 273
0.8837569920696 390
1.0000000000000002 393
17 1.6083969730607157 1.0232485311788055 8.909055900003295
0.9944786563622637 39
18 1.4138604688834417 0.7800980851599312 0.48571169999195263
0.023527582970154167 39
0.883842805320269 156
0.9375491470304127 273
0.9614721063477011 390
1.0 393
19 1.274753462972253 0.6560339586640627 9.150983200001065
0.9949103217660424 39
20 1.0827495485483036 0.47148293964937615 0.8295586999738589
0.03170039107608934 39
0.9182203788951291 156
0.9613137171136987 273
0.9780480199988296 390
1.0000000000000002 393
21 0.9695870102783126 0.3750440940812784 9.028382599994075
0.996517820204791 39
22 0.8798644409739218 0.28529819112661736 0.4693791000172496
0.02052346645067799 39
0.881885787713003 156
0.9459889400199045 273
0.9672197324282447 390
0.9999999999999998 393
23 0.8067655934523232 0.20638421091592463 8.86994429997867
0.9968103154262538 39
24 0.7760368522990942 0.17247218337519907 0.49976060003973544
0.013795495803504185 39
0.910800728236154 156
0.9599770206154331 273
0.9711403653327498 390
1.0000000000000002 393
25 0.7298213949856986 0.13145545532189898 9.366464700025972
0.9925768315602587 39
26 0.7188126787205711 0.11662301185013207 0.4403702999697998
0.000713435550463974 39
0.9301855830554363 156
0.9576182251654294 273
0.9651619752152292 390
1.0 393
27 0.6981363638628578 0.09180491353613784 9.046688299975358
0.9969538513188043 39
28 0.6883548559495465 0.08286027375594528 0.4940328999655321
0.03034024187217843 39
0.8492385270554299 156
0.9039970879694406 273
0.9226623834027338 390
0.9999999999999999 393
29 0.672050176816641 0.06572002435158561 9.212522200017702
0.9883583030448394 39
0.9991289897975236 156
30 0.6684737124869664 0.06350453560549114 2.273179900017567
31 4.722668990327586
-------------------------------------------------END------------------------------------------------------
------------------------------------Krylov only---------------------------------------------------
614.7261546200882 647.9471630006371
1.0000000000000004 40
0 545.2479342686717 573.5093923818125 1.7963563000084832
0.9999999999999999 40
1 419.5527916631939 438.1790523940368 1.8113320999545977
0.9999999999999999 40
2 335.9348781471043 338.5816267345891 1.841559199965559
0.9999999999999998 40
3 206.4555595077978 210.34671624326077 2.914480299979914
1.0000000000000002 40
4 99.82343341152159 100.11646092545159 1.9725650000036694
1.0000000000000002 40
5 55.14069934921959 54.31623433943398 1.9440667000017129
0.9999999999999997 40
6 35.078279760567256 34.415884642883405 1.976016599975992
1.0000000000000022 40
7 19.87565840792311 19.859302834675503 1.793668800033629
1.0000000000000009 40
8 9.051542438900151 8.792588965003855 1.7803678999771364
1.0 40
9 2.609919315010424 1.8767533209757234 1.8558961999951862
0.9999999999999988 40
10 2.5700760436649914 1.8597222662016542 1.7995825999532826
1.0000000000000002 40
11 1.6326253714935428 1.003250248510357 1.851996399986092
1.0000000000000004 40
12 1.403006887123896 0.7977141728862754 1.9377064000000246
1.0000000000000007 40
13 1.166095789198676 0.5458252274913128 1.8256673000287265
0.999999999999999 40
14 1.0647525502200166 0.43913386354003164 1.8249419999774545
0.9999999999999991 40
15 1.0186960101950857 0.3885246481586798 1.8164153000107035
1.0000000000000007 40
16 0.9387315223645606 0.30848808253524795 1.7994173999759369
1.0000000000000013 40
17 0.9149755521026333 0.2836527439947223 1.8087022999534383
0.9999999999999993 40
18 0.8732550834183065 0.24363443279776625 1.8074016000027768
1.0000000000000004 40
19 0.8549556693967159 0.22631683196882435 1.7631737000192516
1.0000000000000016 40
20 0.8337962024421951 0.20824158673799706 1.7942545000114478
0.9999999999999996 40
21 0.8202363370773089 0.19656150286045765 1.8363478999817744
1.0000000000000004 40
22 0.8060873411703046 0.18386631320223001 1.8451977000222541
1.0000000000000007 40
23 0.7959418628838383 0.17413645779376333 1.8286925999564119
1.0000000000000009 40
24 0.7852191385450006 0.1667118964940616 2.567936000006739
0.9999999999999994 40
25 0.7769723768809197 0.1572107988550851 2.534843000001274
1.0000000000000007 40
26 0.7687952774811032 0.1543433495949821 2.6000994999776594
1.0000000000000007 40
27 0.7618336086767659 0.14443651133726734 1.8108787999954075
0.9999999999999996 40
28 0.7550553391874508 0.14223501010037848 1.8722971000242978
1.0000000000000013 40
29 0.7494482979746885 0.13396686666436514 1.8879463000339456
0.9999999999999999 40
30 0.7434438320465788 0.1318671377285424 1.9955964999971911
0.9999999999999997 40
31 0.7385120801370282 0.12486818120268324 1.8327832999639213
32 1.9477558531179966
-------------------------------------------------END------------------------------------------------------
------------------------------------Hybrid---------------------------------------------------
614.7261546200882 647.9471630006371
0.9995297419237175 39
0 548.3426838986892 577.2251483153933 0.4736457000253722
0.9996340076393244 39
1 452.0250810788786 473.90319502852645 0.46864100004313514
0.9997685020654111 39
2 345.80284888814003 358.8329810861703 0.5303829000331461
0.9998667312673265 39
3 270.4189540524638 277.3646961102692 0.44260120001854375
0.9996164308130923 39
4 229.8800343236832 237.2538890335879 0.446801999991294
0.9641287847395984 39
0.9999996375869747 156
5 226.04993984932844 232.66482219926866 5.467761500040069
0.9650862481518845 39
0.999967487229735 156
6 203.60444659227704 203.24255352910242 5.303190499951597
0.9685031249204699 39
0.9998835765880602 156
7 127.6832339828433 127.39542473113501 5.436371700023301
0.9786930946587195 39
0.9999523699527254 156
8 78.94814457869944 79.12806557772893 5.248854100005701
0.9880575869543426 39
0.9999835747963963 156
9 64.26240033302409 66.133369789413 5.229365899984259
0.9983513039784696 39
10 12.332521705868174 11.949457573695854 0.4884042000048794
0.9863398831170811 39
0.9999984683706563 156
11 11.55164934322998 11.162238847234029 5.215205200016499
0.9984429993517345 39
12 3.4233326672187583 2.59678770276404 0.48066390003077686
0.6907145162123643 39
0.9999996768642007 156
13 2.5051092972572713 1.7536211949406961 5.5160871999687515
0.9360495339972421 39
0.9999958148653124 156
14 2.404943760392243 1.7079165046058042 5.442053099977784
0.9978894188554598 39
15 1.2639597491768364 0.5917205361401691 0.4555734000168741
0.14165733728571162 39
0.9999992144742365 156
16 0.9940065113421046 0.3739381289963717 5.186313299986068
0.9934497398629845 39
17 0.888628258942988 0.2549983362056939 0.4671268999809399
0.026666811343823878 39
0.9999970928980622 156
18 0.7839692474676694 0.16705753272590662 5.549660199962091
0.9881008991378554 39
0.9999998864388507 156
19 0.7188784126297998 0.11456292432380598 5.204684399999678
0.9972712227850755 39
20 0.6818585134385187 0.07773030992725102 0.542533999949228
0.0044676935441641885 39
0.9999698752112487 156
21 0.6610882128298317 0.0609462825288135 5.276855000003707
0.9971366134311286 39
22 0.653156327772022 0.052003169004000364 0.49373849999392405
0.0005197560992586409 39
0.9998932204980897 156
23 0.6462700210440598 0.04701107041756202 5.131346500013024
0.9945698386296281 39
24 0.6409009106803026 0.041312879962761374 0.4671107000322081
0.0008485210103586276 39
0.9999430583238154 156
25 0.6343010770936552 0.03699331141109306 5.5776476000319235
0.9876095348428793 39
0.9999999163230325 156
26 0.631176603370325 0.03417955171253094 6.836678799998481
0.9938581394710466 39
27 0.6279514840733791 0.031418197655639135 0.5585816000238992
0.0006076547345742926 39
0.9998804149945716 156
28 0.6244034750681096 0.029252103929853578 5.920569200010505
0.9780342037705282 39
0.9999999498784651 156
29 0.6222043325746798 0.027346167077369726 5.593930900038686
0.9950360908202543 39
30 0.6213163147907927 0.026975844289371623 0.4808628999744542
31 3.2236530322622836
-------------------------------------------------END------------------------------------------------------
46
------------------------------------Randomized only---------------------------------------------------
607.9610487246268 643.008203543051
0.9995647099451425 39
0 542.7105901072879 574.0924966023117 0.47336810000706464
0.9997026817043406 39
1 448.31065018206925 473.6576062330479 0.49305220000678673
0.9997985069898493 39
2 343.81729052824676 360.4040568049451 0.4880700000212528
0.9998180702253952 39
3 268.9806581471932 275.54853303095774 0.506856299994979
0.9989516899863166 39
4 207.48135871028512 212.51665337895892 0.47454470000229776
0.9579245050518838 39
0.9955595954041803 156
5 162.67662323323725 164.00892628262193 2.3009748000185937
0.9566007019072588 39
0.9958497867630517 156
6 94.681813988276 91.79136758260994 2.085448700003326
0.9180251331428237 39
0.9917300141851657 156
7 60.49567122225282 59.18524177542173 2.168097499990836
0.9237766945274317 39
0.9890906859088219 156
0.9957476034420575 273
8 38.63406600919239 37.60158085678189 6.624438699975144
0.9155647382157578 39
0.9853383009465854 156
0.9922854063040416 273
9 25.031312888684724 24.058924831549486 7.558775700046681
0.9105834791055686 39
0.9829307155821986 156
0.9898616180175474 273
0.9945346735587047 390
10 15.69855556324096 15.21334670011732 17.968517899978906
0.9184525358003981 39
0.9829484409616348 156
0.9890660784830139 273
0.9923233377608102 390
11 11.30126046472534 10.419481594015295 12.40399590000743
0.9020825166207543 39
0.9763437780085407 156
0.9833687828292298 273
0.9869013325301274 390
0.9999999999999999 393
12 7.101957151328813 6.179983746061012 14.324682600039523
0.969106856710388 39
0.9956378471005829 156
13 5.5292980354093375 4.793339313197813 2.1278440000023693
0.7495351063211432 39
0.8899329456012484 156
0.9387552387681981 273
0.9580021790819166 390
0.9999999999999993 393
14 4.639532559987343 4.056631043766245 14.346817699959502
0.998021658468504 39
15 3.624265831328047 3.011423838177474 0.46358159999363124
0.5559055725096522 39
0.9156891023710685 156
0.9613679675056295 273
0.9756138102514363 390
0.9999999999999999 393
16 2.9360995924704394 2.37783747080407 17.95547520002583
0.9658464289358757 39
0.9979198029077246 156
17 2.3954267012827426 1.7610686567079996 2.141411999997217
0.8819501594054691 39
0.9032395094186483 156
0.9445006583566363 273
0.9632587414307494 390
0.9999999999999999 393
18 2.0179789892740616 1.3192971234040682 21.16352940001525
0.9954115071875186 39
19 1.9320246356036208 1.2476345792812613 0.8979037000099197
0.04364246261993169 39
0.5969056637866154 156
0.7711336461726886 273
0.8412492319310214 390
0.9999999999999997 393
20 1.6147383656887873 0.9374933792070141 26.34765080001671
0.9851844406938083 39
0.9969614010729815 156
21 1.5453023020089616 0.8685421057745271 2.2129823000286706
0.14557112540765607 39
0.18206303016307468 156
0.5746868205231926 273
0.7276917072943843 390
1.0 393
22 1.3044978724971357 0.6347616357778338 18.21881690004375
0.9918374586698453 39
23 1.2786691028028967 0.6089166331813536 0.5167517000227235
0.006947749651087574 39
0.6061619484025903 156
0.8088718113681598 273
0.8925889803640659 390
1.0000000000000004 393
24 1.100850181146059 0.4510986929898738 20.948425100010354
0.996483530695841 39
25 1.0700328550498603 0.4172941600649833 0.5320477000204846
0.004146360089048981 39
0.8238643052953148 156
0.920967235151793 273
0.9601247651193039 390
1.0000000000000007 393
26 0.9445466543822764 0.30796198757975185 19.487030099960975
0.9956778710068728 39
27 0.9275726644771654 0.2929924338712018 0.5020530000329018
0.0005814169500441915 39
0.8849628867371739 156
0.9464350021240261 273
0.9729611569622353 390
0.9999999999999991 393
28 0.8443214969028122 0.22162468118536138 13.889888099976815
0.9957202092526883 39
29 0.8315698364153581 0.20897210939042854 0.4903700000140816
0.0017607755328843044 39
0.9171676282149359 156
0.962498372876896 273
0.981044574062624 390
1.0000000000000004 393
30 0.7693936264703408 0.1554848239591467 17.01181260001613
0.9740280514310221 39
0.9979999986647159 156
31 0.7594779340377309 0.1498597766958876 2.1264099000254646
0.10621906807589178 39
0.11233662764395276 156
0.5491762032075357 273
0.7394337656802908 390
0.9999999999999997 393
32 0.7422488912887291 0.1334151508283993 8.972541099996306
0.9972805177281412 39
33 0.714418544949172 0.10870629135699629 0.4873611999792047
0.02981646537302936 39
0.9289853151413093 156
0.9689266429944429 273
0.9779885341887439 390
1.0000000000000002 393
34 0.688035060269916 0.0929616182149023 9.422085999976844
0.9925626755934025 39
35 0.6868032495491085 0.09141304106926333 0.4819335999782197
36 7.461542966672116
-------------------------------------------------END------------------------------------------------------
------------------------------------Krylov only---------------------------------------------------
607.9610487246268 643.008203543051
1.0000000000000002 40
0 537.6338515495635 568.0794996423363 1.7885888000018895
1.0000000000000002 40
1 388.0472044203204 407.8604884608195 1.7742481000022963
0.9999999999999994 40
2 254.59943485348248 260.4992987868622 1.783557999995537
0.9999999999999993 40
3 163.35835481664594 169.91992065151277 1.9506371000315994
1.0000000000000009 40
4 155.31883196923226 161.40339455781753 1.9165782000054605
1.0 40
5 110.59721967684561 112.18137346740306 1.7731392999994569
1.0000000000000004 40
6 54.50655945877548 53.26042934790566 1.8263060000026599
1.0000000000000007 40
7 18.68226527548202 17.93361211319376 1.7871941999765113
1.0000000000000002 40
8 12.555587433052963 10.74382868221303 1.8406722000217997
1.0000000000000007 40
9 3.8139090182106448 3.0040227053904283 1.8287761999526992
0.999999999999999 40
10 2.9466788612329315 2.235807546818803 1.8559888000017963
0.9999999999999996 40
11 2.328308163010449 1.762542844557025 1.794732699985616
1.0000000000000004 40
12 2.046046977993698 1.3249913782860814 1.8065010999562219
0.9999999999999998 40
13 1.7707604338160425 1.1485584718614876 1.8613560000085272
1.0000000000000009 40
14 1.7220862660944907 0.9989242092596049 1.826006099989172
0.9999999999999997 40
15 1.2296916778463405 0.6257071688937997 1.8336220000055619
0.9999999999999994 40
16 1.1804101775830667 0.5022283148805691 1.8585216000210494
0.9999999999999993 40
17 0.9860444628236981 0.38594457853419034 1.853128899994772
1.0000000000000002 40
18 0.9606615549090438 0.32006139188538313 1.7975912999827415
1.0000000000000013 40
19 0.8836010722427337 0.2830768402448253 1.8401562999933958
0.9999999999999998 40
20 0.8560008683955068 0.2358071302749821 1.8118717999896035
1.0000000000000018 40
21 0.8302375990603766 0.23018735154746464 1.8584679999621585
0.9999999999999986 40
22 0.8103179898552925 0.20098565716409597 1.8105890000006184
1.0000000000000013 40
23 0.7947537887192979 0.1953258659535647 1.8375251000397839
0.9999999999999996 40
24 0.7811853279157405 0.17630918058019615 1.8106738000060432
1.0 40
25 0.7694820190333203 0.17030655114117937 1.840449599956628
1.0000000000000013 40
26 0.760355776518697 0.15901459540011104 1.8501360000227578
0.9999999999999997 40
27 0.7502727323416933 0.1513364182568519 1.8599411000031978
1.000000000000002 40
28 0.7431878108043566 0.14405117300551457 1.8360904000001028
1.0000000000000004 40
29 0.7344652115076311 0.1355698816064305 1.8319874000153504
1.000000000000001 40
30 0.7284202591486268 0.13072450849012932 1.8233934000018053
1.0000000000000002 40
31 0.7211150319681392 0.12205022297895309 1.866512100037653
1.0000000000000007 40
32 0.7157469323944713 0.11799519358672592 1.811441499972716
0.9999999999999993 40
33 0.7099145493930133 0.1104594346507525 1.8336500999866985
0.9999999999999997 40
34 0.7054981875618819 0.10811477463636168 1.8329094999935478
35 1.831798334283355
-------------------------------------------------END------------------------------------------------------
------------------------------------Hybrid---------------------------------------------------
607.9610487246268 643.008203543051
0.9995647099451425 39
0 542.7105901072879 574.0924966023117 0.487286799994763
0.9997026817043406 39
1 448.31065018206925 473.6576062330479 0.4818121999851428
0.9997985069898493 39
2 343.81729052824676 360.4040568049451 0.4881593000027351
0.9998180702253952 39
3 268.9806581471932 275.54853303095774 0.543576700030826
0.9989516899863166 39
4 207.48135871028512 212.51665337895892 0.5042804999975488
0.9579245050518838 39
0.9999534694123745 156
5 198.9756544066143 201.2295784932075 5.551221499976236
0.9709632398023158 39
0.9999790012774733 156
6 195.46873478449626 198.45945159261836 5.637588499987032
0.9860055827236723 39
0.9999873395338998 156
7 167.8293583135018 167.18700746138526 5.457988000009209
0.9647043101907551 39
0.9999820690145377 156
8 132.84558872711986 132.95597176371825 5.292805599980056
0.9835812795957259 39
0.9999916298768419 156
9 127.58176587051517 126.05151952354858 5.985866100003477
0.996484559631603 39
10 65.87199427031821 64.21463770314773 0.4625878999941051
0.988574711100223 39
0.9999983327286339 156
11 44.16465314680663 43.375087508687706 5.478144099994097
0.9949264626481121 39
12 21.35647096038243 20.483023445250023 0.4780617000069469
0.980900996018049 39
0.9999995682096436 156
13 19.422865352315487 18.979264301995467 5.197886600042693
0.992174996978457 39
14 11.341603147151117 10.191756373329799 0.47136999998474494
0.9586505176022394 39
0.9999995339419979 156
15 10.909137126843829 9.729114713168716 5.125871600001119
0.9892759504601225 39
0.9999997170202544 156
16 10.258790495840064 9.41622462126855 5.392617999983486
0.9970024130582121 39
17 4.151052719024905 3.1788801915352396 0.4802351000253111
0.9119292440696416 39
0.9999998609404167 156
18 3.9036030698146873 3.2140022885441932 5.289049600018188
0.9953472776599052 39
19 2.907628289650997 2.0696427219616798 0.6693360999925062
0.31714936548346956 39
0.9999994160091431 156
20 2.3296591393264445 1.631506825750053 5.502145000034943
0.9938150910950082 39
21 2.1094773300961855 1.3436926615073235 0.4681751999887638
0.017931865040696483 39
0.9999983504350602 156
22 1.6632935415987595 0.980844779712594 5.5724596999934874
0.9823425895393216 39
0.9999999511667328 156
23 1.4514876237696437 0.820907657264548 5.166127700009383
0.9941822407115061 39
24 1.0770418684119039 0.43804454841185464 0.5999163000378758
0.3773722572646436 39
0.9999998825452685 156
25 1.0108844667269425 0.4209554478279204 5.102616699994542
0.9968638827426355 39
26 0.8576550442247826 0.24845609173170416 0.47966279997490346
0.015578237074644315 39
0.9999940289952542 156
27 0.8341425374349892 0.24545422349784793 5.300475399999414
0.9968623593947682 39
28 0.7517797807867564 0.1549905157117845 0.4886953999521211
0.005334274109237176 39
0.9999474439563437 156
29 0.7298329516029398 0.1363720439201913 5.524693600018509
0.9899134050992561 39
0.9999999309194182 156
30 0.7295499909978226 0.13865795852644003 5.228964599955361
31 3.1906347838699847
-------------------------------------------------END------------------------------------------------------
47
------------------------------------Randomized only---------------------------------------------------
689.3719680971891 723.77290954371
0.9997227513613043 39
0 610.0368664780286 640.4352155662298 0.48473859997466207
0.9998237983031515 39
1 494.7534348660591 518.9636580992079 0.48877659998834133
0.9999190358265146 39
2 367.51810020252725 383.71909285782954 0.45978630002355203
0.9999265931747972 39
3 277.1558354722745 285.2742549504613 0.48823439999250695
0.9995026667395449 39
4 202.23248087157995 205.47266997125513 0.47819949995027855
0.9841749988623515 39
0.9991860869834057 156
5 123.44602810266852 125.47619122852372 1.8860584999783896
0.976107226625458 39
0.9964425816949327 156
6 91.29143624631388 91.24048414891824 2.139898900000844
0.9656754796402756 39
0.9955777737717043 156
7 62.89057875163881 59.98103445035024 2.1656119999825023
0.967699117836238 39
0.9949663870930429 156
8 41.13681088131793 41.57876016345373 7.079410400008783
0.9666368579295164 39
0.9941551404964615 156
9 29.322870368894115 29.0716955117139 1.9606635000091046
0.9520677649001397 39
0.9876238770760152 156
0.9938619715179446 273
10 20.350641609515872 20.041839428125147 7.939284999971278
0.8922266690411622 39
0.9771432880034349 156
0.9859885154578373 273
0.9924167721248036 390
11 15.057364656271236 15.349098300370825 8.919207400002051
0.9843152713881729 39
0.9976969346045554 156
12 11.022172169508845 10.496562098571516 5.5257011000067
0.7886734726065612 39
0.9203602519724984 156
0.9571703376842783 273
0.9755653537569416 390
1.0000000000000007 393
13 10.77847494998672 10.270864286525418 11.705766399973072
0.993628146576008 39
14 6.280307708188293 5.292749668722032 0.8263875999837182
0.7284164071153297 39
0.9726778759562745 156
0.9900362480641222 273
15 4.526932700557011 3.7433878057527954 7.385165799991228
0.9062545358350598 39
0.9779143658411479 156
0.9833682922240837 273
0.9904887907514951 390
16 3.6709554679856775 2.934002176616876 9.129477299982682
0.9731544558641485 39
0.9925821859066756 156
17 3.5029787483708468 2.7683701253547675 3.40730339998845
0.5696222563988228 39
0.6830636175715311 156
0.754964725761074 273
0.8084034136685786 390
1.0 393
18 3.065757674762023 2.5004298340479054 10.378276199975517
0.9643553527552635 39
0.9972225713507725 156
19 2.1709127989019277 1.4890049541180488 2.389374599966686
0.7444581025692947 39
0.7993619387996359 156
0.9161952779926484 273
0.9538056692608118 390
0.9999999999999996 393
20 1.7461691973678157 1.1086466131670805 9.029401700012386
0.9955502420935027 39
21 1.6803367254379613 1.0140026393736485 0.574797999986913
0.04754994782739556 39
0.6807044227171883 156
0.8566201318010161 273
0.9198944924347213 390
0.9999999999999998 393
22 1.4500512982529745 0.8189737472986561 9.776973000029102
0.9890728233674599 39
0.999181665177468 156
23 1.2403807171789951 0.5744456883767521 2.2864582000183873
0.08126772028440919 39
0.14382547899836737 156
0.5880007140849436 273
0.7737235429344598 390
1.0 393
24 1.075307632538603 0.4392721776697782 10.092997499974445
0.9975530190079909 39
25 1.0085252344907674 0.35564611707592747 0.8101500999764539
0.0762410914291553 39
0.7615951300774171 156
0.8960889133027541 273
0.9446583763645712 390
0.9999999999999997 393
26 0.9011139057111908 0.28115280826966654 9.367650599975605
0.9939823121974568 39
27 0.8549315298694941 0.22709803593299524 0.8237836000043899
0.08065037174234628 39
0.8767530673141629 156
0.9517101782288082 273
0.9738182714787549 390
1.0000000000000002 393
28 0.8013779055368319 0.19642525408095385 9.718839399982244
0.9973682535250649 39
29 0.7682668162449585 0.15517901534109724 0.821241999976337
0.03877347577019718 39
0.8518210716208079 156
0.9438633762845392 273
0.9705499309630934 390
1.0000000000000004 393
30 0.7270370555744761 0.12097407142454383 9.341461499978323
0.9978984709747333 39
31 0.7184426396870597 0.11139524397003288 0.7992809000425041
0.0006901288464681661 39
0.852008611328821 156
0.9422119930433774 273
0.965764269497147 390
1.0000000000000002 393
32 0.693071497626018 0.09742178085237975 9.289472500036936
0.9990527913345025 39
33 0.6859713616977515 0.08530195511753264 0.5274214000091888
0.003588497233198021 39
0.8831511531049491 156
0.9503726316119888 273
0.9693231629865692 390
1.0000000000000002 393
34 0.6671672956426884 0.0709622298969031 9.16430310002761
0.9977935569462373 39
35 0.6646358865392993 0.06733458564699175 0.5996699000243098
36 4.673922969439041
-------------------------------------------------END------------------------------------------------------
------------------------------------Krylov only---------------------------------------------------
689.3719680971891 723.77290954371
1.0 40
0 605.9778105567815 637.1465327217003 1.9988780000130646
0.9999999999999998 40
1 465.350055822957 490.5473026667985 1.937450799974613
1.0000000000000002 40
2 262.51630459148015 273.7273120771288 1.9642072999849916
0.9999999999999996 40
3 177.74305190599367 180.78172159280618 1.9039225000306033
1.0000000000000002 40
4 91.20814765021382 93.91072767529707 1.8840165000292473
0.9999999999999999 40
5 43.648961295204465 45.24028819704705 2.3289025999838486
1.0 40
6 19.62754198215488 20.50178993942684 2.2788572999997996
0.9999999999999998 40
7 8.871253167568376 8.64990494923107 2.1165455000009388
1.0000000000000002 40
8 4.961434123096089 4.4929233942588676 2.4314711000188254
1.0000000000000002 40
9 4.257161870093233 3.548385103646836 1.9483972999732941
0.9999999999999998 40
10 2.0915344049714966 1.5185540700083706 1.8964301999658346
1.0000000000000002 40
11 1.1386666045406775 0.5436773606674512 1.894288100011181
1.0000000000000004 40
12 0.986683148300322 0.3831976191496977 1.867545000044629
1.0 40
13 0.9094720826834684 0.3281405173299692 1.8190467999665998
1.0000000000000002 40
14 0.8643964185619103 0.27360636149754297 1.8711941999499686
1.0000000000000002 40
15 0.8220953646942928 0.24020576159079707 1.8515513999736868
1.0 40
16 0.8007866169448313 0.21610970754171246 1.8580007000127807
1.0 40
17 0.7796548516608957 0.19611523105087714 1.8226511999964714
1.000000000000001 40
18 0.7654620674239709 0.18075039417685226 1.8480256000184454
1.0000000000000004 40
19 0.7527275570041103 0.16705192883239192 1.8275250000297092
0.9999999999999992 40
20 0.7422161680276338 0.15658859012079357 1.8383797000278719
1.0000000000000009 40
21 0.7341099638408892 0.1473026645332606 1.8177699000225402
1.0 40
22 0.7260464782555058 0.13912122706411612 1.818982299999334
0.999999999999999 40
23 0.7201908336201804 0.13231728711225124 1.81020389997866
1.0000000000000004 40
24 0.7140522868954884 0.12675362939039458 1.8188220000010915
0.9999999999999997 40
25 0.7096310480726592 0.12129213871392426 1.882315800001379
1.0000000000000009 40
26 0.7045958271006416 0.11678099223286864 1.8492650000262074
0.9999999999999998 40
27 0.7008187744002715 0.11216447788189461 1.8306815999676473
1.0000000000000002 40
28 0.6967077994386569 0.1084994718533334 1.821833299996797
0.9999999999999997 40
29 0.693552173465394 0.10479681003881652 1.8764351000427268
0.9999999999999999 40
30 0.6900763233204321 0.1016695609333675 1.8688638000166975
31 1.922014822582564
-------------------------------------------------END------------------------------------------------------
------------------------------------Hybrid---------------------------------------------------
689.3719680971891 723.77290954371
0.9997227513613043 39
0 610.0368664780286 640.4352155662298 0.4753352999687195
0.9998237983031515 39
1 494.7534348660591 518.9636580992079 0.46002020000014454
0.9999190358265146 39
2 367.51810020252725 383.71909285782954 0.49160879995906726
0.9999265931747972 39
3 277.1558354722745 285.2742549504613 0.4568437999696471
0.9995026667395449 39
4 202.23248087157995 205.47266997125513 0.4606844000518322
0.9841749988623515 39
0.9999992086848792 156
5 196.54545420146115 199.6145920036397 5.573579900024924
0.9839234213180439 39
0.9999983740645703 156
6 186.65016431554676 190.25874080313545 5.517409500025678
0.9885473409090612 39
0.9999932769862033 156
7 186.65016431554676 190.25874080313545 5.520334600005299
0.9885473409090612 39
0.9999932769862033 156
8 177.4531279439564 182.99014365524565 5.485336700046901
0.9913353394447295 39
9 88.49840319611742 88.92050510805385 0.4816356999799609
0.9105345382270054 39
0.9999860033381626 156
10 77.1091590985528 77.01514500928639 5.495213599991985
0.9284142940298816 39
0.9999480911389372 156
11 63.151302071637204 61.92277262339737 5.78128369996557
0.9571147641863065 39
0.9999959245626041 156
12 52.355834595424795 51.58978037499582 5.4459584999713115
0.987524999353097 39
0.9999986613740601 156
13 50.4220561476708 49.88262775491114 5.360367799992673
0.9977978479745159 39
14 14.609718204980174 13.425577579230689 0.4888275000266731
0.9960376452830096 39
15 11.198984588939519 9.82670131320578 0.6233006999827921
0.9239115082992907 39
0.9999992727550151 156
16 9.677002398778662 8.346552875342264 5.385812300024554
0.9875183174766691 39
0.9999997799855074 156
17 9.015538003177365 7.999680662274884 5.343406200001482
0.9941617423435565 39
18 4.435287875750561 3.479793101812903 0.46227899997029454
0.842963773054878 39
0.9999997981503321 156
19 3.709997223648151 2.839452227613422 5.071216700016521
0.9861224629896669 39
0.9999999561378822 156
20 3.0987016973309194 2.2770953373891536 5.387785899976734
0.9948219531996084 39
21 2.0105169483151513 1.243906752904802 0.4630258000106551
0.6120389528789835 39
0.9999999029614444 156
22 1.5921645963230535 0.8652052757652318 5.352470500045456
0.9683064357916624 39
0.9999999591753477 156
23 1.3409388717314235 0.6694882630499883 5.517809199984185
0.9865593587319411 39
0.9999999320909738 156
24 1.2092111156931695 0.5772831812295235 5.3801179000292905
0.9951995578586784 39
25 0.9764733803008272 0.32905029074403813 0.5006503000040539
0.0662441054264294 39
0.9999996976483941 156
26 0.8902830759157101 0.260664940022068 5.257396000029985
0.9863639493810696 39
0.999999974011442 156
27 0.825619955111343 0.2055290031883296 5.3116621999652125
0.9919557372215365 39
28 0.785015843429158 0.1611093064052457 0.4530953000066802
0.01991688166420107 39
0.9999990713148954 156
29 0.7366086190764215 0.13191660552290752 5.227174900006503
0.9930862028634423 39
30 0.7040549758877985 0.09422960447756946 0.46889189997455105
0.0690037730455412 39
0.9999997888878136 156
31 0.6837926466474818 0.09026786560068964 5.4059580999892205
0.9980839541213927 39
32 0.664319737316931 0.06465223471226657 0.49101499997777864
0.03511451178344261 39
0.999999626493509 156
33 0.654691246930331 0.060696571806965534 5.295188600022811
0.9918933024730566 39
34 0.6523631547961566 0.05638016640878143 0.4477678000112064
35 3.295441837143153
-------------------------------------------------END------------------------------------------------------
48
------------------------------------Randomized only---------------------------------------------------
533.165255181331 564.9641638810572
0.999674001602752 39
0 480.7249664644814 508.8165658701101 0.4862215000321157
0.9997297422695798 39
1 405.1040279997824 427.5075795853032 0.4669395000091754
0.9997961235426853 39
2 321.66343022973587 336.4555741463486 0.49292039999272674
0.9997873994730988 39
3 260.93706325410767 267.3180927526173 0.49564410001039505
0.9980224684040039 39
4 201.5214156022478 204.11379589873718 0.9748593000113033
0.9728761045278888 39
0.9974068710681441 156
5 175.29585684143217 171.90469761919388 2.026445200026501
0.9786301876865077 39
0.9977309764930473 156
6 111.43778017566767 109.1159318183778 2.199788800033275
0.9639830744458195 39
0.9954032557418357 156
7 71.64642297842286 71.80905215102425 2.0057715000002645
0.9436861697364747 39
0.9930284550131616 156
8 50.351474594216896 49.257808700080176 2.014445299981162
0.9568268595939754 39
0.9925904384496383 156
9 36.937044568095125 35.04511213054262 2.0034460999886505
0.9564392603877864 39
0.9884379903245064 156
0.9966701490442201 273
10 23.110216957320667 21.45995957848621 5.213999099971261
0.9139676614451735 39
0.9853053352747354 156
0.9934136253119072 273
11 15.327119685367574 14.564434963561848 5.083189799974207
0.8471311136457026 39
0.9720544461670568 156
0.9827599042742715 273
0.9919556978098827 390
12 10.256517165923 9.657381964675757 8.766172900039237
0.9357852867056862 39
0.9895910132502997 156
0.9942555417784389 273
13 7.696411147847491 6.644099232782808 5.054666299954988
0.8189552293229203 39
0.9466328035484306 156
0.9573693550432493 273
0.9775221968522586 390
0.9999999999999994 393
14 6.955229266445566 6.285184160638034 9.193955799972173
0.9780722917616474 39
0.9989491955457385 156
15 3.881590837505039 3.108720317733937 2.0717775999801233
0.8923136832269764 39
0.9458409401947354 156
0.976884882838816 273
0.9877256148431086 390
1.0000000000000007 393
16 2.95615036949423 2.262811250621192 8.887065000017174
0.9870668220717872 39
0.9975823639112178 156
17 2.7229511691924366 2.03591962798939 2.1472910000011325
0.47444420737065307 39
0.6019254491679947 156
0.8104709300385479 273
0.9024431469990802 390
1.0 393
18 2.294160329945646 1.659920126596641 9.076522900024429
0.9971844488579589 39
19 2.103364692548429 1.4833847939677993 0.49046420003287494
0.020331049610352397 39
0.7791249868299892 156
0.9230279311487131 273
0.9613695195446962 390
1.0000000000000002 393
20 1.8379228179262115 1.246822064803902 9.133352699980605
0.9956512846040908 39
21 1.6787336049057777 1.105278014973506 0.48059970000758767
0.0970350777063439 39
0.9043364292791426 156
0.9676244525403901 273
0.9825894156557369 390
0.9999999999999999 393
22 1.5194402906808346 0.9292904263317712 9.802534500020556
0.9860501591525838 39
0.9988296417209751 156
23 1.4268878845920194 0.8351546471329653 2.1799029000103474
0.7385630031374243 39
0.7609959371545993 156
0.8952665917947016 273
0.9432099767509103 390
1.0000000000000002 393
24 1.3884881329985113 0.7825109370995947 8.964177899993956
0.9984989340439538 39
25 1.1940408549616819 0.5842335389780937 0.5038410000270233
0.24665808202371217 39
0.9233980389536194 156
0.9687862337218885 273
0.9845193283845052 390
1.0000000000000002 393
26 1.1531815042464502 0.5929577118872673 9.048506199964322
0.9980293974575251 39
27 1.0216666883887588 0.43688218188050015 0.48816180002177134
0.3709836203464422 39
0.9505241431271041 156
0.9801504632353624 273
0.9899189418724783 390
1.0000000000000002 393
28 0.986784752784756 0.42944743038094335 9.633448800013866
0.988842836715321 39
0.9997461532920098 156
29 0.8807559432374567 0.29890879581865 2.0817433000192977
0.6798677592722125 39
0.7077859092730886 156
0.8891630114732795 273
0.9444441445545556 390
0.9999999999999998 393
30 0.8326083614154992 0.2526929108528229 9.272014599991962
0.995633507146803 39
31 0.8019420959728532 0.2179482493987191 0.46729569998569787
0.006009148889776267 39
0.9489650136045178 156
0.9809213705480083 273
0.989820248935301 390
1.0 393
32 0.7690880873652173 0.17371252515166047 8.946310100029223
0.9929070037023755 39
33 0.7381105125910516 0.1457977574768878 0.45761920005315915
0.010255814573226876 39
0.9777309168532339 156
0.9932682054650936 273
34 0.7178678459903737 0.12832115000069721 5.412293599976692
0.9786330791509176 39
0.9853128079539107 156
0.9864137972149295 273
0.9918655388027874 390
35 0.7109614735071996 0.11635873802624964 8.87325989996316
0.9880988134824931 39
0.9962078010407274 156
36 0.7105563095797395 0.11573057888337715 2.099925099988468
37 4.2431506297324555
-------------------------------------------------END------------------------------------------------------
------------------------------------Krylov only---------------------------------------------------
533.165255181331 564.9641638810572
1.0000000000000007 40
0 474.8880798783196 502.28662440453854 1.7937893000198528
1.0000000000000002 40
1 340.8530326277032 351.4846705730837 1.8062223000451922
1.0000000000000002 40
2 220.5174676348281 216.95105881173652 1.97769500000868
1.0000000000000004 40
3 209.07613957053817 204.45518932236513 1.80222660000436
0.9999999999999991 40
4 49.24580070764322 46.394973175160935 1.8347701000166126
1.0000000000000004 40
5 23.173610167705522 21.6579341523098 1.9710727999918163
1.0 40
6 11.92285735951709 10.796937587040233 2.0072394000017084
1.0 40
7 10.860808304446383 9.96103291399897 1.8210637999582104
1.0000000000000004 40
8 3.422198752736584 2.9552483939786316 1.8210822999826632
1.0 40
9 2.7466091618899533 2.0759976942004457 1.7899193999473937
0.9999999999999999 40
10 1.9181911519886974 1.368785065870637 1.797999800008256
0.9999999999999994 40
11 1.1818894557288515 0.5979922226116344 1.816822900029365
0.9999999999999994 40
12 0.9817356637507059 0.42253343578467323 1.7467027999809943
0.9999999999999999 40
13 0.9035315349647816 0.32556976056554443 1.8118137000128627
0.9999999999999991 40
14 0.8346040830757285 0.2554396783473408 1.8393820999772288
1.0000000000000007 40
15 0.80400822930989 0.22569993873898817 1.8481753999949433
1.0000000000000013 40
16 0.7847556942929858 0.20237430293550301 1.860135699971579
1.0000000000000002 40
17 0.768109657080465 0.18465782336778125 1.8339802999980748
0.9999999999999991 40
18 0.75472340701226 0.1700744217835414 1.8379294999758713
1.0000000000000009 40
19 0.7439530421664707 0.15787465850657112 1.8411942000384443
1.0 40
20 0.7336849445395085 0.1463422641296814 1.8335346999811009
1.0000000000000007 40
21 0.7254407607200556 0.13496700361800595 1.8442815999733284
0.9999999999999993 40
22 0.7172662878839895 0.12727477223381922 1.8145398999913596
1.0000000000000004 40
23 0.7104490889350887 0.11618308717020263 1.7989337000180967
1.0000000000000004 40
24 0.7039248793823079 0.11169130095708178 2.231951499998104
1.0000000000000002 40
25 0.6978514115774118 0.1017092158157002 2.04130109999096
0.9999999999999992 40
26 0.6926726921978437 0.09795616275180641 2.299393700028304
1.0000000000000002 40
27 0.6878586800387395 0.09055248858335707 2.5437590000219643
1.0 40
28 0.6836671832591684 0.08787766643129981 1.8950864999787882
0.9999999999999998 40
29 0.679703772650756 0.08230555969676953 1.8946984999929555
0.9999999999999997 40
30 0.6761325750042467 0.08024923468225598 1.8693945000413805
31 1.9008416806445307
-------------------------------------------------END------------------------------------------------------
------------------------------------Hybrid---------------------------------------------------
533.165255181331 564.9641638810572
0.999674001602752 39
0 480.7249664644814 508.8165658701101 0.464503200026229
0.9997297422695798 39
1 405.1040279997824 427.5075795853032 0.46881350001785904
0.9997961235426853 39
2 321.66343022973587 336.4555741463486 0.5614948999718763
0.9997873994730988 39
3 260.93706325410767 267.3180927526173 1.019215999986045
0.9980224684040039 39
4 201.5214156022478 204.11379589873718 0.48749560001306236
0.9728761045278888 39
0.9999792142694989 156
5 200.25002212188713 203.05842070541877 5.592183200002182
0.9341687919811252 39
0.9998382973761849 156
6 178.33932030385589 182.36466951326514 5.465884000004735
0.9507714034201613 39
0.9998853623609671 156
7 149.03275669304765 148.66411745545165 9.298539999988861
0.9896101711732054 39
0.9999921558787744 156
8 71.75744615136155 69.71738085914649 9.42033450002782
0.9947890674951654 39
9 31.461347442258518 30.04951204131738 0.6563377999700606
0.9498119719488073 39
0.9999952747558977 156
10 25.98062993687087 24.939649643832222 8.581457399995998
0.9888886066503036 39
0.9999994794326152 156
11 18.180058562170498 17.222236787384958 5.512588699988555
0.9944788994199208 39
12 8.225055588508424 6.588205175273959 0.5818284999695607
0.954461710687942 39
0.9999989951023353 156
13 7.345429750735325 6.017133740245933 8.982031499966979
0.9933038387075694 39
14 4.929862435091753 3.731856117458985 0.7101306000258774
0.8856607768701752 39
0.9999998944157169 156
15 4.387506883275235 3.4719221656560246 9.235764500044752
0.9920069733103779 39
16 3.4201519265417466 2.4492786465997805 0.5456423000432551
0.4562814848363012 39
0.9999998983279651 156
17 3.017173710375069 2.256356664441435 7.359616799978539
0.9962839463148657 39
18 2.5224420376244105 1.7127670234536376 0.9426606000051834
0.08718139416663302 39
0.9999974402861613 156
19 2.0587845013641783 1.3609335970830392 5.719336599984672
0.983944089555622 39
0.9999999471770719 156
20 1.821966067943094 1.194755053481156 7.246657299983781
0.9970115535459652 39
21 1.4697068073464892 0.8002086204548331 0.5033859999966808
0.029157574054845963 39
0.9999974040848074 156
22 1.4463787894447417 0.8247424198057397 7.2693499000160955
0.9985206815471174 39
23 1.204757922852877 0.563327590856771 0.47972780000418425
0.058258518758047904 39
0.9999996681367437 156
24 1.002649251526509 0.4045282925198811 7.449923700012732
0.9990817634318544 39
25 0.87215794176803 0.25652317312623746 0.4780324000166729
0.02560455675557595 39
0.999998057815773 156
26 0.816958143653796 0.21720186778965916 7.492996100045275
0.9980935867732036 39
27 0.7956693346436838 0.18868333049027133 0.5336980000138283
0.0003028809879845346 39
0.9999541177472787 156
28 0.7515482613514517 0.15165978036034675 9.292896599974483
0.9961092243177262 39
29 0.7439291227936965 0.14205200069332158 0.6631060999934562
0.00013794910826387468 39
0.9997897910369582 156
30 0.7126800190638418 0.11496676423467246 8.536130599968601
0.9944258894866335 39
31 0.708912926881378 0.11091269709684733 0.5543757000123151
32 4.128316887501569
-------------------------------------------------END------------------------------------------------------
49
------------------------------------Randomized only---------------------------------------------------
627.7470537913566 670.9789768626634
0.9996839262690821 39
0 559.1012971916056 596.2875901110853 1.0049987999955192
0.9997752831588127 39
1 459.17826203746216 486.7817019818101 0.576532099978067
0.9998421164561548 39
2 348.0584809909352 363.95785906266457 0.4813340000109747
0.9998281664223163 39
3 263.6508880464919 270.85768915932715 0.4707446999964304
0.9993848061837625 39
4 210.04868539121406 212.68826669036528 0.5260557000292465
0.9554372787016548 39
0.9975299238493958 156
5 148.5957096095811 148.2986055828841 2.4497111000237055
0.965630655711472 39
0.9963419030994862 156
6 96.18105678206861 92.16572888693307 3.722615099977702
0.9622409190815162 39
0.9941784959256552 156
7 70.06375744576765 68.9994648956796 2.5326159999822266
0.974204962170497 39
0.9923894068190813 156
8 54.40516947993869 52.42735721901329 2.051351899979636
0.973882785433737 39
0.9908311409454802 156
9 43.77434734729699 41.34437811717851 2.2086138000013307
0.9754808214992358 39
0.9904190832568531 156
10 36.1992499968915 32.6151637048785 3.2914156999904662
0.9711547517366917 39
0.9879194390470989 156
0.9943875613234053 273
11 25.941414330294496 23.958746963440937 12.90311000001384
0.9813960847981283 39
0.9943203165604608 156
12 19.706642974739733 17.59796810205373 1.9776860999991186
0.9078502081980252 39
0.9697804355140901 156
0.9838199782849492 273
0.9935413002748504 390
13 17.23591756785305 16.352191530012206 8.342342099989764
0.9975120917099102 39
14 11.662656222495333 10.435952957352466 0.48663379997015
0.9055938636488116 39
0.9801203481258906 156
0.9895429285390619 273
0.9944782564251515 390
15 8.44749961764788 7.532316756324502 11.644591799995396
0.9823789073061628 39
0.9967314561539132 156
16 7.233728991537455 6.299074845796507 2.951499100017827
0.8110778837669683 39
0.8713813401989925 156
0.9291401946716504 273
0.9478948211973867 390
0.9999999999999997 393
17 5.1425810504866325 4.241307909922008 9.466470899991691
0.9891389328788814 39
0.996886656485086 156
18 4.744590713985052 3.9011967275850816 2.0512564000091515
0.6014088455992365 39
0.6954169917704283 156
0.8393680460103629 273
0.8870322940458519 390
1.0 393
19 3.407831911190564 2.6175120124609563 9.168798800033983
0.9964732546809308 39
20 3.266657020771056 2.475613718368178 0.4689523999695666
0.22400916500428442 39
0.710431268599412 156
0.8552247348145005 273
0.9068453399886238 390
0.9999999999999998 393
21 2.406670491451377 1.7236531531380674 9.787839600001462
0.9764963415995589 39
0.9961985569356949 156
22 2.2319930865338042 1.5401505922068068 3.1677111000171863
0.7250661915427462 39
0.7553528974242276 156
0.8767513650235765 273
0.9293667127151727 390
0.9999999999999999 393
23 1.9789648406225526 1.313765162822282 9.879669899994042
0.9989295342112419 39
24 1.6882393469524593 1.015071509192023 0.5003401999711059
0.24554956194059208 39
0.8758559215517854 156
0.9490900592850142 273
0.97158909029309 390
1.0000000000000002 393
25 1.4060072734657263 0.7348612430441799 9.225348500011023
0.9982262120066872 39
26 1.3310590135339986 0.6755547583153482 0.45853039994835854
0.025383625169531045 39
0.8345790070625915 156
0.947322060122704 273
0.9697174869194941 390
1.0000000000000002 393
27 1.1469430222805277 0.5152378203037007 9.313924799964298
0.9990515074132664 39
28 1.0850879521036083 0.4489273487073102 0.6647254999843426
0.004800752653931198 39
0.8849769735671598 156
0.9617176392679713 273
0.9798568703152525 390
1.0000000000000002 393
29 0.9284231196354711 0.3165363162762447 9.290288800024427
0.9834507209645017 39
0.9983182249814865 156
30 0.9056360763359291 0.2997700040260832 3.443696500035003
0.5776022384862112 39
0.585342801339007 156
0.8481188741217948 273
0.9185530456724782 390
1.0 393
31 0.8322366128450549 0.2499055463778213 9.978670300042722
0.998510276562969 39
32 0.8049067178904681 0.214041695858998 0.588441799976863
0.008067614527269909 39
0.8966383058543016 156
0.9615997488656407 273
0.9821102404580379 390
1.0000000000000002 393
33 0.7792207248417621 0.1800425712100846 11.413735699956305
0.9988907335658449 39
34 0.7463424873588187 0.14951733269486403 0.6295334000024013
0.005371183061719079 39
0.9372859023238252 156
0.9801654127252725 273
0.9906870405511125 390
35 0.724512262267844 0.1268674793487269 9.25012769998284
0.9934643498272248 39
36 0.7227695050677718 0.12389973707896261 0.47123170003760606
37 4.509220167565021
-------------------------------------------------END------------------------------------------------------
------------------------------------Krylov only---------------------------------------------------
627.7470537913566 670.9789768626634
1.0000000000000002 40
0 556.3584308998506 591.7658108504583 1.808847899956163
0.9999999999999999 40
1 410.3136275409993 433.23056063050507 1.8224170000175945
1.0000000000000004 40
2 358.30316717449057 374.31524344125165 1.9727065000333823
1.0000000000000002 40
3 248.80220196484188 248.8009824942257 1.855528799991589
0.9999999999999999 40
4 139.57188019959702 137.01202551245922 2.6476306000258774
0.9999999999999993 40
5 76.27617997708835 77.8169721259092 2.18151530000614
0.9999999999999998 40
6 33.68599017183848 33.314713226336956 2.010764200007543
1.0000000000000002 40
7 14.39506057541807 13.08697492332835 1.8100253000156954
0.9999999999999999 40
8 5.223061352505052 4.653647799988152 1.833286400011275
1.0000000000000002 40
9 2.917246902952309 2.151810538183533 1.8269578000181355
1.0000000000000007 40
10 2.372021248284504 1.7782143035725289 1.7855075999977998
1.0 40
11 1.598199550671491 0.9522598607944089 1.868900700006634
1.0000000000000007 40
12 1.1136197708906042 0.5293852783584627 1.8056068000150844
1.0000000000000004 40
13 0.9925588774615182 0.3982667880544775 1.7961538000381552
0.9999999999999994 40
14 0.9095700257523341 0.324773241553862 1.8357372999889776
1.0000000000000007 40
15 0.8611139276295995 0.2707994682108473 1.7980466000153683
1.0000000000000004 40
16 0.8392607790568414 0.25049964652316686 1.827177600003779
1.0000000000000002 40
17 0.8154508795025293 0.22335371682747704 1.8703243000200018
1.0000000000000009 40
18 0.7991235143841307 0.2058341067073352 1.79896899999585
1.0 40
19 0.7852628243676975 0.19209547350375214 1.8193788999924436
1.0000000000000009 40
20 0.7736024772832257 0.17858996182890713 1.8263234000187367
1.0000000000000004 40
21 0.76327991578237 0.17087444912395103 1.7845825999975204
1.0 40
22 0.7542386138678364 0.15944456642756893 1.814660400035791
1.0 40
23 0.7461587902411657 0.15478630384732806 1.820057499979157
1.0000000000000007 40
24 0.7384889108673643 0.14404104957917832 1.7831600999925286
0.9999999999999984 40
25 0.7318081431687146 0.14096477552837564 1.8034196000080556
1.0000000000000007 40
26 0.724921161788843 0.13078285539779277 1.836665999959223
0.9999999999999982 40
27 0.719124166568611 0.12810299370292957 1.8399078999646008
0.9999999999999996 40
28 0.7130576808599753 0.11839407200301597 1.850908399967011
1.0000000000000004 40
29 0.7078630121259637 0.11641101436381956 1.9563870999845676
0.9999999999999991 40
30 0.7025822061323543 0.10783287416789299 1.8462892000097781
1.0000000000000004 40
31 0.6981249391540336 0.1065701944321039 1.8213729999843054
32 1.8737255500018364
-------------------------------------------------END------------------------------------------------------
------------------------------------Hybrid---------------------------------------------------
627.7470537913566 670.9789768626634
0.9996839262690821 39
0 559.1012971916056 596.2875901110853 0.4823993999743834
0.9997752831588127 39
1 459.17826203746216 486.7817019818101 0.4897359000169672
0.9998421164561548 39
2 348.0584809909352 363.95785906266457 0.46517989999847487
0.9998281664223163 39
3 263.6508880464919 270.85768915932715 0.492075800022576
0.9993848061837625 39
4 210.04868539121406 212.68826669036528 0.48971110000275075
0.9554372787016548 39
0.9999945770631764 156
5 198.81380743067936 199.8444200217167 5.520675799984019
0.98192921997161 39
0.9999887549763945 156
6 198.02359177147406 201.9298872435814 5.299543800007086
0.9929153819188801 39
7 109.47590534210804 106.71823969601459 0.46819639997556806
0.9671636366597309 39
0.9999905129990279 156
8 104.07996778998591 102.09545080474786 5.639261900039855
0.9932641908828215 39
9 55.2659054791074 52.42605193823656 0.5099797999719158
0.9713581061817819 39
0.9999958508188422 156
10 43.80268258741942 42.236196587625024 8.113971899962053
0.9934343621731367 39
11 23.839046804684585 22.34394368976858 0.5228868999984115
0.9283656783803911 39
0.9999951697779116 156
12 17.877478867196952 16.669810852170652 7.349202600016724
0.9834806663106546 39
0.9999988942624781 156
13 14.52085667457768 13.528284973717925 9.014992900018115
0.9956234547683741 39
14 8.4595580084657 7.460262703797267 0.9644887000322342
0.9670000201033145 39
0.999999493582858 156
15 6.64033522600625 5.794028649698511 5.6231160999741405
0.991766209833492 39
16 4.419372207151396 3.5909715054875666 0.9592344999546185
0.9277969619465071 39
0.9999998559111734 156
17 3.4909204281004627 2.780966178291262 5.825959599984344
0.9924108790850421 39
18 2.793890392745424 2.0328530658187782 0.7681527000386268
0.6439537303528545 39
0.9999999652466368 156
19 2.15243658943483 1.4683726916075008 6.586222600017209
0.9871156148243463 39
0.9999999757600881 156
20 1.7363179846728432 1.081403429233321 8.827549599984195
0.9964991992322768 39
21 1.461361890899273 0.7752773359985257 1.0475471999961883
0.16772629399123384 39
0.9999999454859455 156
22 1.1933205203292847 0.5411282078929298 9.48156270000618
0.9904289292973621 39
23 1.1586811913610946 0.49848638840161275 1.1132440000073984
0.0049354357384091795 39
0.9999984519341005 156
24 1.0880712920141573 0.47475317388950394 9.319928099983372
0.9996406847671631 39
25 0.8497669004958005 0.2303735759506498 1.306246300053317
0.10846218782572314 39
0.9999999212235343 156
26 0.8069331741817211 0.2153982942081185 10.361728999996558
0.9992194461596363 39
27 0.7383920245630152 0.14103302437637436 1.3911615000106394
0.04563450026331524 39
0.9999998052386216 156
28 0.7152531155192912 0.1250759398003649 9.33519279997563
0.9958578919493656 39
29 0.7107789462808491 0.11901981349288772 1.379506900033448
9.027420128701598e-05 39
0.9991920106489344 156
30 0.6952330191160941 0.10745776681350053 9.642011500021908
0.9976639563802534 39
31 0.6907935691497632 0.1023576178902678 0.8323262999765575
32 4.050718568751108
-------------------------------------------------END------------------------------------------------------
50
------------------------------------Randomized only---------------------------------------------------
688.6693149272103 737.8331536566105
0.9997982672354429 39
0 609.3898786957527 652.7622995006705 1.3061795000103302
0.9998411468102948 39
1 494.36663824339564 528.4474495608697 1.070267100003548
0.9998646503617984 39
2 367.950956000649 389.02478830414464 0.5072605000459589
0.9999166221739806 39
3 279.0531882069675 288.903305560276 0.4526752000092529
0.9997438359773124 39
4 233.39628443172975 235.4075106783324 0.4867822999949567
0.9833763602629276 39
0.9992902137880574 156
5 126.06526468802606 123.74347935615256 2.0199115999857895
0.8982397699401234 39
0.991693563532923 156
6 73.21868056877267 71.80309052430918 2.1059686000226066
0.9138103386613766 39
0.9906540636841885 156
7 53.296141792898624 51.82658718775465 1.790315999998711
0.9214349847145651 39
0.9883096981703842 156
0.9956356144417888 273
8 38.52673341950483 37.78407603800525 5.218385799962562
0.8896816408770597 39
0.9792473803091492 156
0.9918840047376297 273
9 25.030843575133368 24.562541549897144 10.008548300014809
0.9137742737822377 39
0.9858917951455315 156
0.9920132562125785 273
10 16.231971518352424 15.89306387789617 5.575646300043445
0.8921643324219488 39
0.9697763622855353 156
0.9796163014724272 273
0.9892957139519407 390
1.0000000000000004 393
11 9.60766688107498 8.807884208348195 12.715882099990267
0.9668306490583343 39
0.994908863111499 156
12 6.8798737746939 6.270547741762517 2.0287048000027426
0.8318142059537513 39
0.9322021244405948 156
0.9651298282058131 273
0.9798232463861786 390
0.9999999999999999 393
13 6.332847156320828 5.671718066602645 9.041198400023859
0.9874349063163984 39
0.9993438666714124 156
14 3.305426314641162 2.810590726268675 2.0238930000341497
0.7177792565150518 39
0.8281355303501686 156
0.9281913666215517 273
0.9613261255697609 390
0.9999999999999998 393
15 2.669156141370586 2.1582657519420927 8.53076080000028
0.9915066147953255 39
16 2.3108231005220974 1.7307378606732757 0.47655789996497333
0.04357411764098497 39
0.8650345860156771 156
0.9593135845780345 273
0.9768004415879644 390
1.0 393
17 1.968614383763833 1.4277589393355925 8.874175300006755
0.9690115196581548 39
0.9986268853849989 156
18 1.619326690684205 1.052188617516006 2.074784800002817
0.5192479278253346 39
0.5452412067143145 156
0.7370863180785615 273
0.8245505981652627 390
0.9999999999999993 393
19 1.5709780165565734 1.0174152291694039 8.64649620000273
0.9864834854323792 39
0.9990433614034562 156
20 1.3317592364530566 0.7476653370944283 1.8947779000154696
0.921014198207814 39
0.9285884905116766 156
0.9649661999929312 273
0.9783728384846995 390
1.0 393
21 1.1818913676907195 0.6314665095841628 9.013266600028146
0.9898320541406246 39
0.9977154640794369 156
22 1.165643924042557 0.6231604261067705 2.0214285000110976
0.06216120440174653 39
0.08148207256088301 156
0.4919461821724359 273
0.6410069858068227 390
1.0000000000000002 393
23 1.1154845649039236 0.5452562325790847 8.711156699981075
0.9974051971859398 39
24 1.0024084278020178 0.4501979625452441 0.4790068000438623
0.07823862280068704 39
0.960997019215669 156
0.9807999355679883 273
0.9878397073632624 390
0.9999999999999996 393
25 0.9201448995466228 0.32997747481692274 9.5206016000011
0.9896099899503044 39
0.9996442332087313 156
26 0.8463371253063522 0.25753914923383353 2.1433428999735042
0.7096641738579638 39
0.7263442066317264 156
0.8646737415214001 273
0.9165364654365914 390
0.9999999999999996 393
27 0.7776675234992751 0.18635833633261278 9.08758890000172
0.998250746232428 39
28 0.7630705750581671 0.1702476993035167 0.47292920004110783
0.008373334002962205 39
0.8218927552742532 156
0.9279826135737052 273
0.9578304336583489 390
1.0 393
29 0.7238666684935942 0.12468068147072461 9.151686199998949
0.9887880182564894 39
0.9993287718093495 156
30 0.7093203348812349 0.10803660960664677 2.1833005000371486
0.32303912361370857 39
0.3271105435453463 156
0.7046253230322577 273
0.8309882378051762 390
1.0000000000000004 393
31 0.6843075755082834 0.08812221460507058 8.70752190001076
0.9949166073622071 39
32 0.6807212093929591 0.08384986891804395 0.4534930999507196
33 4.508924100006522
-------------------------------------------------END------------------------------------------------------
------------------------------------Krylov only---------------------------------------------------
688.6693149272103 737.8331536566105
0.9999999999999998 40
0 604.8499386419503 647.6690532936899 1.8121087000472471
1.0 40
1 435.4870340159664 463.27592547811395 1.7696163000073284
1.0000000000000002 40
2 305.59310574738237 312.4712895491728 1.7765779999899678
1.000000000000002 40
3 204.78645203353406 206.17523973405542 3.2352827000431716
1.0000000000000007 40
4 140.34372384156433 139.57122118637668 1.9732110999757424
0.9999999999999998 40
5 97.84309978682825 98.59739668816965 2.066262700012885
1.0000000000000004 40
6 38.92936583067672 38.771517636154506 1.8982538999989629
0.9999999999999996 40
7 19.150000093928078 20.076107741324567 1.8117072000168264
1.0000000000000013 40
8 8.100523610413546 7.963551240393881 1.919368900009431
1.0000000000000007 40
9 4.027846506261912 3.371375625971817 1.8170987000339665
1.0000000000000004 40
10 1.798851803570899 1.1619458825451732 1.7965486000175588
1.000000000000001 40
11 1.6686418937316594 1.0751892121717128 1.7917613000026904
0.9999999999999997 40
12 1.0883013100734218 0.4970031168193709 1.7558634000015445
0.9999999999999999 40
13 0.9764119218760344 0.4019031214780576 1.8264195999945514
1.0 40
14 0.9042767193002837 0.31223021230201914 1.8448882999946363
0.9999999999999997 40
15 0.8484749042118012 0.2589098002980775 1.8254757999675348
1.0000000000000016 40
16 0.8138624850174834 0.22130510649707705 1.8273751999950036
1.0000000000000002 40
17 0.7867271266510103 0.19404940394585016 1.8215445999521762
1.0 40
18 0.7659427237748904 0.17328398496061773 1.8498433000058867
1.0000000000000013 40
19 0.7507348107454569 0.1562754246962212 1.8117489999858662
1.0000000000000009 40
20 0.7372945902509389 0.14566664578504462 1.8747798000113107
0.9999999999999999 40
21 0.7263139055959558 0.13347750199464292 1.8147815999691375
0.9999999999999994 40
22 0.7156618873192421 0.12509041813920893 1.8648283999646083
0.999999999999999 40
23 0.7074005741348864 0.11536929185030087 1.8477953000110574
1.0000000000000009 40
24 0.6991733944853357 0.1097022952887932 1.7889486000058241
1.0000000000000004 40
25 0.6931544763278367 0.10208543971782894 1.8043667000019923
0.9999999999999998 40
26 0.6874381908470539 0.09764656143975871 1.8382289999863133
0.9999999999999988 40
27 0.6829289938887092 0.09249004274231572 1.8329673999687657
0.9999999999999991 40
28 0.6785320336813122 0.08909060959243709 1.8472069999552332
0.9999999999999993 40
29 0.6749315108884373 0.08449138895389456 1.8169376000296324
1.0000000000000024 40
30 0.6715391672674743 0.08171229343082093 1.8157701999880373
31 1.8831473838691901
-------------------------------------------------END------------------------------------------------------
------------------------------------Hybrid---------------------------------------------------
688.6693149272103 737.8331536566105
0.9997982672354429 39
0 609.3898786957527 652.7622995006705 0.4558318000053987
0.9998411468102948 39
1 494.36663824339564 528.4474495608697 0.49516039999434724
0.9998646503617984 39
2 367.950956000649 389.02478830414464 0.4849883000133559
0.9999166221739806 39
3 279.0531882069675 288.903305560276 0.46707459999015555
0.9997438359773124 39
4 233.39628443172975 235.4075106783324 0.49773499998264015
0.9833763602629276 39
0.9999998057478817 156
5 227.37408348198022 229.25681434840226 5.553365400002804
0.9798470122440301 39
0.9999986373035986 156
6 219.3018085645807 221.6765275714678 6.992723300005309
0.9926079757081931 39
7 143.29555960509458 141.18058753967173 0.50945909996517
0.9794224660037683 39
0.9999955321144549 156
8 124.47300321651655 121.89068769505033 5.302445799985435
0.9892270485213348 39
0.9999982838516982 156
9 116.59199699403304 113.81736049742575 5.455189200001769
0.9916844414489699 39
10 80.31561618617363 77.5364177481592 0.468027200025972
0.9850240630796696 39
0.9999958989117183 156
11 76.03740237658471 73.12374418691331 5.518140800006222
0.9969884823024281 39
12 38.007864116221945 36.48307352661065 0.48834209999768063
0.9638717369720867 39
0.9999896508945075 156
13 31.66325016610748 31.000400317030014 5.328022999980021
0.9906914289174904 39
14 17.852961215406115 17.392780206857584 0.46463200001744553
0.9794886295694245 39
0.9999980780724494 156
15 14.536777765699936 13.780367006625225 5.624480699945707
0.9930831212358325 39
16 9.150148663755001 8.273179109289472 0.45697900000959635
0.8857484521437415 39
0.9999995127266309 156
17 7.979086037815325 6.901189573600612 5.500784000032581
0.9891213727349936 39
0.9999996935349843 156
18 6.795842362343092 6.025450913906159 5.269937100005336
0.995833129083072 39
19 3.6660883337886974 2.9779089662584495 0.4819519000011496
0.7604806325825615 39
0.9999999079479104 156
20 3.2256567015308235 2.652242411297632 5.278534899989609
0.9946845115183175 39
21 2.5402586291151934 1.8453617790978256 0.46660400001564994
0.1319666901373205 39
0.9999986990579747 156
22 2.020882066988195 1.4109601285369209 5.2198298999574035
0.9914062376660614 39
23 1.7936944031162882 1.1240944831751811 0.4695730999810621
0.08244432611660377 39
0.9999996763661575 156
24 1.4256148719142183 0.7993274853823619 7.989113300049212
0.9893891985350147 39
0.999999980825519 156
25 1.340172868742668 0.7518809156886893 8.11579549999442
0.9993162655187674 39
26 0.9038529463973722 0.28348257233028834 0.48660570004722103
0.03355916227738844 39
0.9999990345341718 156
27 0.8630002551054429 0.26661508368897446 5.205001399968751
0.9970267908246688 39
28 0.7543877339978107 0.1472743258465183 0.4656348000280559
0.04445271707801496 39
0.9999995011599337 156
29 0.7098559200144376 0.11110085113821286 5.257427399978042
0.9926352917726585 39
30 0.681785860261419 0.08656528487245209 0.46757669997168705
0.002982056842542618 39
0.9999684693042555 156
31 0.6616000711894436 0.07670446146695298 5.312566700042225
0.9938168531228083 39
32 0.6497678861110333 0.06034839033133218 0.48122449999209493
0.011031299776456545 39
0.9999988601860761 156
33 0.6421505969033203 0.054435210262223706 5.394511899969075
0.9915747839420584 39
34 0.6408187244290657 0.052504692247076344 0.5002741999924183
35 3.055015562855572
-------------------------------------------------END------------------------------------------------------
51
------------------------------------Randomized only---------------------------------------------------
611.2811890752874 643.6898910456003
0.9997916217170938 39
0 545.3190666916443 574.1152725982873 0.48048490000655875
0.9998436387022485 39
1 449.7498963259915 473.11082448099415 0.46798809996107593
0.9998970549846071 39
2 344.67533758247185 361.36764633574137 0.49310040002455935
0.9999086148732813 39
3 268.8920834267745 277.7122165446814 0.4868783999700099
0.9994312492541415 39
4 207.0093645213482 212.16419637505356 0.49471729999640957
0.9370907102521614 39
0.9964121485902757 156
5 140.61048273356585 138.72355780834863 1.9372990999836475
0.9406570445164981 39
0.9950638659773576 156
6 83.82854414199839 82.68238620196671 2.146742999961134
0.8935441115045507 39
0.988719613459661 156
0.996339476314747 273
7 45.40803593254817 44.09086778108832 4.929101500019897
0.9074437010068178 39
0.9862303031072585 156
0.9942334752961864 273
8 25.633952086513712 24.811376663946284 5.057245299976785
0.9099198216674487 39
0.9783907320505274 156
0.9893143177394573 273
0.994401397710013 390
9 15.091912811018958 13.678442737730107 9.15354989998741
0.9191604859141416 39
0.983219961075892 156
0.9917522086980768 273
10 10.222557821081047 9.582480317753296 5.191570800030604
0.7957269642914206 39
0.9277947753930686 156
0.9552925380796264 273
0.9714959229005399 390
1.0000000000000002 393
11 6.168642827193433 5.536826484901518 9.133662899956107
0.9760075450569239 39
0.9941635455970774 156
12 4.987607949299338 4.331727523770496 1.9956039999960922
0.719803130899621 39
0.8491090766189797 156
0.9239055076030941 273
0.9524336065376368 390
0.9999999999999999 393
13 3.79232294855188 3.1850567701469163 8.495566600002348
0.9953055455948224 39
14 3.038138009983008 2.3916225117702328 0.5070995999849401
0.177798930058221 39
0.8950813267557416 156
0.9532947014852619 273
0.9690488410674667 390
1.0 393
15 2.763247731711516 2.1776851807592283 8.966720399970654
0.9907886822572319 39
16 2.046589771214675 1.4895672300612612 0.4865938000148162
0.22475237639232365 39
0.9192224321990612 156
0.9709843673394969 273
0.9840515992600012 390
0.9999999999999996 393
17 1.6253967058982526 1.0453633321701277 8.945887300011236
0.968500771669911 39
0.998010128203375 156
18 1.285991828929876 0.7073662228416714 1.991152000031434
0.9394176367365459 39
0.9499635261680369 156
0.9772462182983247 273
0.9865986506589068 390
0.9999999999999994 393
19 1.0720192896078289 0.4823937457517525 9.431651899998542
0.9728131724612044 39
0.994260350989358 156
20 1.046332188067615 0.44524999427422673 2.2341738999821246
0.2508980547000272 39
0.2612646929033918 156
0.6356196088401014 273
0.7812676942157679 390
1.0 393
21 0.9000764556216414 0.2882297916790117 9.35839109995868
0.9916039886794635 39
22 0.8818717926434434 0.27044127188179606 0.5196775999502279
0.0070152469600750075 39
0.6947295812338581 156
0.8693296006183457 273
0.9297637436441619 390
1.0000000000000004 393
23 0.7912830667005946 0.18445558460511466 8.808432799996808
0.979530963683944 39
0.9979215080217702 156
24 0.7757214722787082 0.16548524166732295 1.94574349996401
0.7308734842841822 39
0.7334783770904678 156
0.8861594670440792 273
0.9459814135495789 390
0.9999999999999998 393
25 0.7211906992976116 0.12050399075759721 9.755588700005319
0.9805498170805413 39
0.9978410572829599 156
26 0.7148625711477289 0.11342879440228415 1.8671495000016876
0.14375917686276332 39
0.14538559352439545 156
0.6101794651191179 273
0.8178922466890292 390
0.9999999999999998 393
27 0.7026421770605268 0.10448721944590265 8.853017100016586
0.9903097882371527 39
28 0.6772999261239502 0.07558596688181297 0.5255969999707304
0.016860115288991884 39
0.9400462406936895 156
0.986798239187215 273
0.9928452463828449 390
29 0.6606435400838363 0.060640625294559186 21.21669309999561
0.9971289851629304 39
30 0.6601914295642559 0.06012764595989033 0.6738687999895774
31 4.727450009668246
-------------------------------------------------END------------------------------------------------------
------------------------------------Krylov only---------------------------------------------------
611.2811890752874 643.6898910456003
1.0 40
0 534.968444862831 563.0853375196717 2.753886100021191
1.0000000000000002 40
1 368.66918115110917 384.68551120824526 1.8050904999836348
1.0 40
2 277.0345224924989 287.6316388005177 1.7722199999843724
1.0000000000000002 40
3 198.30962137978156 206.26647736566437 1.8093470999738201
0.9999999999999999 40
4 156.26536238129486 161.7569605536422 2.0626233000075445
1.0 40
5 109.15941365793758 111.38060946001443 2.0251283000106923
1.0000000000000002 40
6 84.6238405780592 85.73617146337082 2.0424148000311106
1.0000000000000013 40
7 38.165864000839186 37.84203838056311 1.9306822000071406
1.0 40
8 31.137868706639523 29.514923383232183 1.804365099989809
0.9999999999999996 40
9 6.012094637871846 5.276331100150057 2.3948648999794386
0.9999999999999996 40
10 2.8850110879664133 2.1649392390653004 1.8611828000284731
0.9999999999999997 40
11 1.958114290402599 1.2405329180894824 1.9170261999825016
1.0000000000000007 40
12 1.6889845392346463 0.9928482833338352 1.9408507000189275
1.0000000000000004 40
13 1.3882508645486973 0.7491461815099358 1.8797064000391401
1.0000000000000004 40
14 1.140067125095287 0.5321025255456595 1.8027931999531575
0.9999999999999994 40
15 0.9463620447601454 0.3556605652593825 1.7795309000066482
1.0000000000000002 40
16 0.9144027849306483 0.3315883126975821 1.80270699999528
1.0000000000000013 40
17 0.8798551326342796 0.29469630500832067 1.804682900023181
0.999999999999999 40
18 0.8612928759638376 0.282445659728345 1.7986075999797322
1.0000000000000009 40
19 0.8373312249608372 0.25434077982100006 1.7673062999965623
0.9999999999999994 40
20 0.8205197804675787 0.24452183692985976 1.7725146999582648
0.9999999999999998 40
21 0.8064879755351502 0.22286550322830145 1.8088781000114977
1.0000000000000002 40
22 0.7883783413807911 0.20941560968653727 1.8074860000051558
0.9999999999999992 40
23 0.7751027640540841 0.189253380355424 1.7929349999758415
0.9999999999999996 40
24 0.7622411681198499 0.17693536420028932 1.7836837000213563
0.9999999999999989 40
25 0.7526947236328841 0.16420233667664963 1.7684423999744467
0.9999999999999998 40
26 0.7445298606629094 0.1543420209294423 1.835422699979972
1.0000000000000009 40
27 0.7374796763986952 0.1472873700020995 1.7983733000000939
1.0000000000000002 40
28 0.731545685332069 0.13851586655021839 1.8118797999923117
1.0000000000000007 40
29 0.7258374451126525 0.1338229230195028 1.79637300001923
0.9999999999999998 40
30 0.7214105901268778 0.12633089967500277 1.8354101000004448
31 1.889239196772612
-------------------------------------------------END------------------------------------------------------
------------------------------------Hybrid---------------------------------------------------
611.2811890752874 643.6898910456003
0.9997916217170938 39
0 545.3190666916443 574.1152725982873 0.500227399985306
0.9998436387022485 39
1 449.7498963259915 473.11082448099415 0.4498522999929264
0.9998970549846071 39
2 344.67533758247185 361.36764633574137 0.48483370000030845
0.9999086148732813 39
3 268.8920834267745 277.7122165446814 0.45853509998414665
0.9994312492541415 39
4 207.0093645213482 212.16419637505356 0.617350299959071
0.9370907102521614 39
0.9998708178086505 156
5 196.25276517645284 199.92020322062862 5.547066700004507
0.9645502719950895 39
0.9999190468211012 156
6 194.52753503564364 197.88207604257605 5.4046465999563225
0.9840185764366298 39
0.9999941838436418 156
7 162.34585942487703 166.7247736131313 5.492939000017941
0.9939593413136021 39
8 91.65479101731715 87.95744513961093 0.4625444000121206
0.987747777306451 39
0.9999966337757962 156
9 75.98582609806718 72.94301584199071 5.250516800035257
0.990967372699359 39
10 39.306835169043886 37.67837385925638 0.46044389996677637
0.9710731451222289 39
0.9999990234245267 156
11 32.20820950139602 30.638120422442785 5.520036200003233
0.9726784404375027 39
0.999999395160931 156
12 29.56807649300287 27.881715471772214 5.713037899986375
0.9837244520978585 39
0.9999992498249316 156
13 20.230275420556204 19.017607837718366 5.706570099981036
0.9927465665338328 39
14 7.213885727741499 5.8467166805815465 0.4533495000214316
0.9479814064476109 39
0.9999998785903488 156
15 5.904459277438337 4.784457535963746 5.29724119999446
0.9804700355279466 39
0.9999998618163861 156
16 4.867639402320257 3.9836884438736013 5.3944427000242285
0.9914933901298953 39
17 2.6418813321744796 1.7611499694858348 0.46720040001673624
0.936949610780652 39
0.999999979075447 156
18 2.107925328408691 1.3574256256487 5.314769100048579
0.9757747668730826 39
0.9999999741114917 156
19 2.0345557600493556 1.4307408444166927 5.2858199999900535
0.9977962634252059 39
20 1.1078956154327957 0.4207314611172435 0.5034506999654695
0.15918524505958614 39
0.9999997763061569 156
21 0.9802885767592919 0.32436947051709336 5.579950799990911
0.984974464035648 39
0.9999999870319676 156
22 0.9248624601568255 0.2879919619111177 5.352905799984001
0.9972111445543632 39
23 0.8240483777359313 0.1814313844581813 0.5005596000119112
0.013535847011322676 39
0.9999976326775418 156
24 0.82218148251434 0.210264700381401 5.489744099962991
0.9991484582516561 39
25 0.7108841947905686 0.09248395399514643 0.49872219999087974
0.015863068005244164 39
0.9999987242513869 156
26 0.6651476763558634 0.05956175536016731 5.294532299973071
0.9726304863922364 39
0.9999999786224008 156
27 0.6458564365043752 0.04828236305425281 5.381057699967641
0.9891238645603355 39
0.9999999353277035 156
28 0.6341772116183866 0.04328465733131755 5.491415600001346
0.995756140541856 39
29 0.6256588607823964 0.03485579580914096 0.4939513000426814
0.0012033802971434208 39
0.9999887140076077 156
30 0.6223135460278764 0.03340682265601138 5.497146799985785
31 3.3666083935437903
-------------------------------------------------END------------------------------------------------------