0
-------------------------------------------Classical LM---------------------------------------------------
373.1001011790613 384.8287047657932
0 373.1001011790613 384.8287047657932 1.7561163999926066
1 206.6347965630285 206.22689763155728 1.8142776000022423
2 88.2134151573138 89.05091886015879 0.8800626000011107
3 88.2134151573138 89.05091886015879 0.8747758000099566
4 88.2134151573138 89.05091886015879 0.941074700007448
5 88.2134151573138 89.05091886015879 1.8256303999951342
6 37.23961642251372 37.96104395971 2.5259108999889577
7 17.821327499419752 17.537975189665328 2.3752798000059556
8 17.821327499419752 17.537975189665328 1.801719699986279
9 10.190181502853669 9.641017623561147 2.4908746000000974
10 8.173165490595725 7.289652780624296 1.4001231000002008
11 4.862100446302982 4.1191222156881695 1.0150664999964647
12 4.862100446302982 4.1191222156881695 0.9082376000005752
13 4.046013281711021 3.5133584195279726 1.5916504000051646
14 2.8163385052140937 2.132973261197489 1.6944682000030298
15 2.8163385052140937 2.132973261197489 1.7361677000008058
16 1.7548865566391083 1.0778067727969818 1.3061309999902733
17 1.7548865566391083 1.0778067727969818 1.2451536000007764
18 1.573456649719779 0.8817567617515509 0.9569738999998663
19 1.5671902782026663 0.9254865772569856 1.0938231000036467
20 1.5671902782026663 0.9254865772569856 0.9588819999917177
21 1.3585227546583276 0.7108672960884981 0.9467165999958524
22 1.287041316984771 0.6611733824306896 0.9467340999981388
23 1.2259451210972474 0.6157724422241445 1.6533584999997402
24 1.2259451210972474 0.6157724422241445 2.3934214000037173
25 1.0817212281476416 0.46889846609458613 0.9663692000031006
26 1.0115345735362185 0.40572509462185213 2.2485478000016883
27 0.9779988260621881 0.39275763311336365 1.24185760000546
28 0.9779988260621881 0.39275763311336365 2.3879791000072146
29 0.8719609830114916 0.27114915358827246 1.836482700004126
30 0.8416695824646462 0.24885645896063385 1.1811527999961982
31 0.8416695824646462 0.24885645896063385 1.2819471999973757
32 0.7981343786168857 0.1972544564876319 1.7740751000092132
33 0.7769882595403257 0.17722840563407885 0.9070005000103265
34 0.776276045447172 0.17334318933856252 1.227783599999384
35 1.4910235942861099
-------------------------------------------------END------------------------------------------------------
-------------------------------------------Krylov LM---------------------------------------------------
373.1001011790613 384.8287047657932
102
0 373.1001011790613 384.8287047657932 1.7981797999964328
1 206.63435186696998 206.22555537798942 0.061090100003639236
102
2 78.2620804847742 79.56030294437538 1.7959017000102904
102
3 78.2620804847742 79.56030294437538 1.2467688000033377
4 78.2620804847742 79.56030294437538 0.07383219999610446
5 49.80042938682549 51.62068271203367 0.06316260001040064
102
6 49.80042938682549 51.62068271203367 2.1152173000009498
7 27.80199353105348 27.31897716822225 0.07606049999594688
102
8 27.80199353105348 27.31897716822225 1.2513971000007587
9 15.482107680677935 14.64760574423334 0.07801779999863356
102
10 15.482107680677935 14.64760574423334 1.9575346000056015
11 8.693384655314775 8.005655415614306 0.0642395999893779
102
12 6.1888294862769735 5.387417943416342 1.2225588000001153
102
13 4.891158026670533 4.0594088749836015 1.2273714000039035
102
14 4.891158026670533 4.0594088749836015 1.221514400007436
15 3.6447201793096435 2.7166864092152974 0.06362220000301022
102
16 3.100160161646337 2.259888635762485 1.3830477000010433
102
17 2.955956484244619 2.243492871645609 1.2455562000104692
102
18 2.955956484244619 2.243492871645609 1.2327308999956585
19 2.2629269941993693 1.5368591587272995 0.06463930000609253
102
20 2.2629269941993693 1.5368591587272995 1.2600201000022935
21 2.0012639641347696 1.2788116189253624 0.058953600004315376
102
22 1.8383634557668684 1.134544889272709 1.2443823000066914
102
23 1.6554747223513295 0.9863811960400358 1.2476857000001473
102
24 1.5348438956958743 0.9109697073290717 1.25173810000706
102
25 1.3248703318559703 0.7153854449879843 1.2420951999956742
102
26 1.2795322068637334 0.6675390075952661 1.2682995999930426
102
27 1.2795322068637334 0.6675390075952661 1.2554171999945538
28 1.202634435054281 0.6185508932320002 0.05981950000568759
102
29 0.919042067487522 0.33691047859245116 1.30100809999567
102
30 0.9027875208031765 0.30196382680456996 1.213122500004829
102
31 0.8010557783935408 0.2079891730434814 1.247010599996429
102
32 0.7761072098462503 0.16357535761008496 1.2192295999993803
102
33 0.7531371158145784 0.15181725020238468 1.2277423000050476
102
34 0.7400361063099202 0.1315999473296597 1.2435770000010962
102
35 0.7400361063099202 0.1315999473296597 1.2325660000060452
36 0.7400361063099202 0.1315999473296597 0.059996900003170595
37 0.7396213690010178 0.1359771546327753 0.0463447000074666
38 0.9453013684228369
-------------------------------------------------END------------------------------------------------------
------------------------------------Reduced subspace LM---------------------------------------------------
373.1001011790613 384.8287047657932
0.9786466799772614 10
0.9999956021393339 40
0 332.86739265336263 342.790486051248 0.42864539999573026
0.8775318240034674 10
0.9999206979521683 40
1 300.89408355729984 306.5373087799059 0.40444620000198483
0.5711269430539455 10
0.997903844442236 40
2 182.61254659509865 184.24944763254123 0.42473929999687243
0.8239030239248273 10
0.9959903699952563 40
3 165.27563499216203 169.95273358505673 0.4780126999976346
0.9818600164554098 10
0.9997967989365789 40
4 99.4579498461299 100.47134749019638 0.42697090000729077
0.9365780826249872 10
0.9998633982859679 40
5 29.807151761581032 30.11210210907994 0.4648752000066452
0.6597512637258286 10
0.9973223233186621 40
6 10.70335657729047 10.439697483479113 0.4313585000054445
0.8015304117978287 10
0.9997250629332634 40
7 4.453435414957263 3.7227482851479734 0.40307909999683034
0.8958260540384929 10
0.999872748955111 40
8 2.861065191144312 2.2178249556676084 0.419083300002967
0.789273517105104 10
0.9999385322628392 40
9 2.520538169739228 1.8765636450888383 0.41226920000917744
0.9010733967396654 10
0.9999535419287464 40
10 1.9905102267780477 1.3426559049590816 0.42920410000078846
0.5512889426930005 10
0.9999129673003342 40
11 1.7270089152457717 1.1367855196351866 0.5357895999914035
0.8082455029060632 10
0.9998846432119202 40
12 1.555349411311824 0.989636711008844 0.4074188999948092
0.8537787275998285 10
0.999958342910455 40
13 1.3581529349495363 0.8071953368216181 0.4353456999961054
0.9380919806646254 10
0.9999648223334594 40
14 1.2745250632736058 0.7280241298526565 0.41085840000596363
0.9470404136517657 10
0.999975587720366 40
15 1.16150233401668 0.6023454453139241 0.4309405000094557
0.9271526595721974 10
0.9999539139546311 40
16 1.080685580176511 0.5110574756365533 0.448278299998492
0.6382648761753626 10
0.9998776366744206 40
17 1.020773980932331 0.4408801944686238 0.42646639999293257
0.9484500727874687 10
0.9999507897357223 40
18 0.9746053255990209 0.385168606711109 0.9029236999922432
0.4799263067885711 10
0.9991137900272012 40
19 0.9334376352136227 0.34166209716353135 0.4399084999895422
0.9294147501926487 10
0.9999580884138436 40
20 0.9010492192080106 0.2984038115158924 0.7492533999902662
0.4931633517822706 10
0.9994706422640013 40
21 0.8738800429073783 0.2736695044658552 0.42630110000027344
0.8843841894739254 10
0.999962641700971 40
22 0.8514355324486245 0.2451186384458147 0.40589100000215694
0.5313009885184111 10
0.9996913952839237 40
23 0.83261539427584 0.22742676768628375 0.418975100008538
0.7486096687086 10
0.9999473492641217 40
24 0.8159747323245381 0.2065849312868293 0.41307019999658223
0.7561443247465952 10
0.9999454052565839 40
25 0.8020386526456597 0.19580848570020004 0.4228673999896273
0.6958382064881476 10
0.9998518957491899 40
26 0.7894560737058317 0.18019734938518284 0.4246218000043882
0.8904759190294492 10
0.9999645345366508 40
27 0.7788735732909953 0.17190014123999306 0.4133399999991525
0.8275623157978178 10
0.9999551509703996 40
28 0.7685818022948347 0.15844827046924712 0.4272947999997996
0.9266041061916597 10
0.9999685413033913 40
29 0.7596684593345985 0.15176230833701634 0.42311780000454746
0.8478041679284091 10
0.9999616672459491 40
30 0.7508911710168754 0.14007720166624169 0.42739340000844095
0.9311069731169086 10
0.9999710634910083 40
31 0.7435936864692045 0.1338739614334455 0.41306059999624267
0.8542849187648515 10
0.9999651001771855 40
32 0.7365266746513064 0.1245750139231933 0.41641999999410473
0.9295993188517381 10
0.9999621567583158 40
33 0.7305639132456163 0.12042697641146154 0.43457820000185166
0.8155630237605039 10
0.9999497866420779 40
34 0.7245624541295098 0.11190923113132814 0.4286332999909064
0.9184468289087868 10
0.9999634166131526 40
35 0.7194710230315658 0.10826926924073599 0.4271336999954656
0.6913763837407362 10
0.9992915757046494 40
36 0.7143784120559474 0.1010101409821763 0.4333543999964604
0.8709911401366034 10
0.9999646431169841 40
37 0.7098200599406335 0.09785128001418243 0.43241110000235494
38 0.44995608420982824
-------------------------------------------------END------------------------------------------------------
1
-------------------------------------------Classical LM---------------------------------------------------
393.29028025335685 416.060857740944
0 393.29028025335685 416.060857740944 0.8616715000098338
1 393.29028025335685 416.060857740944 0.9514185000007274
2 253.90618152205738 258.18877077162057 0.9789438000007067
3 253.90618152205738 258.18877077162057 1.0417234000051394
4 253.90618152205738 258.18877077162057 0.9437514999881387
5 253.90618152205738 258.18877077162057 0.9494033999944804
6 163.42402479934697 165.70900832876643 0.9307934999960708
7 49.476041459946565 48.90114461582045 0.8857392000063555
8 44.17039079053348 42.19519189353232 0.8996825000067474
9 20.527428263758203 19.32432902501998 0.9085911000001943
10 15.039715098997915 13.798040296734168 0.8894674000039231
11 10.764685328331037 9.946102594283472 0.8592806999949971
12 10.764685328331037 9.946102594283472 0.8892360000027111
13 3.9489597695164638 2.9709604194580588 0.8969344000070123
14 2.077666463352109 1.3768893093706527 0.9059173999994528
15 2.077666463352109 1.3768893093706527 0.8915434999944409
16 1.7749826079065192 1.0855535507063605 0.9270470999908866
17 1.572975358924982 0.9176003633861373 1.1234939000132727
18 1.572975358924982 0.9176003633861373 0.8817895000101998
19 1.0302966600458352 0.4050851094569415 0.9314014999981737
20 0.9232083130382074 0.30476681779944365 0.9540478999988409
21 0.9232083130382074 0.30476681779944365 0.9406125999958022
22 0.8229478355808194 0.20555617028838183 0.9674407999991672
23 0.7870321861612545 0.16951459793813434 1.1882856000011088
24 0.7656021039214417 0.14829223983815246 1.0185104999982286
25 0.7656021039214417 0.14829223983815246 0.9219045999925584
26 0.7307296374341715 0.115554928398814 0.9334584000025643
27 0.7307296374341715 0.115554928398814 0.9394866000075126
28 0.7204009130678716 0.10726513662311662 1.019461300005787
29 0.712480663887351 0.09799463664223608 0.9045484000089345
30 0.7058039801639068 0.08903543850147475 0.9628687999938847
31 0.6923814538381344 0.07729244350284904 0.9210363000020152
32 0.6892944854722557 0.0792137620962299 0.8762597999884747
33 0.9422954969702528
-------------------------------------------------END------------------------------------------------------
-------------------------------------------Krylov LM---------------------------------------------------
393.29028025335685 416.060857740944
102
0 393.29028025335685 416.060857740944 1.2035343000025023
1 393.29028025335685 416.060857740944 0.05497540000942536
2 253.9061815045177 258.1887707563828 0.05998829999589361
102
3 253.9061815045177 258.1887707563828 1.2112387000088347
4 253.9061815045177 258.1887707563828 0.05851440000697039
5 253.9061815045177 258.1887707563828 0.05581819999497384
6 163.42402479811844 165.7090083160671 0.0679087000025902
102
7 49.47604147711898 48.901144626703534 1.2687782000139123
102
8 44.17039070777081 42.19519181998046 1.2295432000100845
102
9 20.524953571486765 19.321746065932093 1.212445299999672
102
10 15.006610408833215 13.766641194223194 1.2199311000003945
102
11 11.363277696119496 10.550146147703806 1.2129570999968564
102
12 9.160941877480354 8.017566497939349 1.253054399989196
102
13 4.82812856501375 4.054105654467034 1.2365188999974634
102
14 4.82812856501375 4.054105654467034 1.21395420000772
15 4.82812856501375 4.054105654467034 0.061383699998259544
16 2.5307350240839037 1.7473321782231677 0.06836639999528416
102
17 1.35465745425939 0.6899068849016015 1.2291532000090228
102
18 1.35465745425939 0.6899068849016015 2.118825500001549
19 1.041656728827928 0.4404863398549138 0.06834899999375921
102
20 0.9607636575117383 0.3561946543270357 1.221452900004806
102
21 0.9136466465311373 0.29431422155571696 1.2583135000022594
102
22 0.9136466465311373 0.29431422155571696 1.2246029999951134
23 0.7558546816969733 0.13208491214968815 0.07307470000523608
102
24 0.7558546816969733 0.13208491214968815 1.2182509999984177
25 0.7283553110215077 0.11180074606150577 0.058707100004539825
102
26 0.7225795153855757 0.10287862739271968 1.239381699997466
102
27 0.718324276967492 0.09678400289572232 1.2238562000129605
102
28 0.6923071687932048 0.07668568942666042 1.2052155999990646
102
29 0.6923071687932048 0.07668568942666042 1.2353907999931835
30 0.6725437535452721 0.06109771063288206 0.061664499997277744
102
31 0.6671215432405766 0.056432393427883316 1.4952628000028199
102
32 0.6603181715190782 0.050820643110732096 1.313090399999055
102
33 0.6603181715190782 0.050820643110732096 1.276130500002182
34 0.6541010546354682 0.045745335874666365 0.06598709999525454
102
35 0.6509296504836856 0.04233765451039021 1.2500642000086373
36 0.8757134500014622
-------------------------------------------------END------------------------------------------------------
------------------------------------Reduced subspace LM---------------------------------------------------
393.29028025335685 416.060857740944
0.9942354282286289 10
0 364.1247118771282 382.9396801520495 0.10347269999329001
0.9924221839413463 10
1 322.7928036351193 336.2927435681549 0.11839550000149757
0.9801604579693589 10
0.9999958626076626 40
2 262.289353195161 269.72454434304393 0.43227639999531675
0.724342416161874 10
0.9979564695046269 40
3 202.3006448361245 204.95659747716925 0.43591810000361875
0.7354258930898077 10
0.9924229824842223 40
4 129.65888434538266 131.11128795166238 0.4072639999940293
0.5987180145987993 10
0.9888460753581063 40
0.9978520086777588 70
5 103.65114137939595 105.42191436906589 0.9212444000004325
0.6974519101003942 10
0.9985912486291636 40
6 46.50407928750456 45.37665553943783 0.457011100006639
0.9804467342822939 10
0.999915020357663 40
7 15.65933031080578 14.998711282225775 0.4384764999995241
0.9640042655368907 10
0.999822278277828 40
8 10.126366258048101 8.98168572379381 0.42022020000149496
0.9527546195890416 10
0.9996890594076535 40
9 5.256744544942319 4.268534423767381 0.44012329999532085
0.9601464987500986 10
0.9999318413378614 40
10 4.340235307528059 3.5299862717037422 0.4283833999943454
0.923557223248929 10
0.9996021669058383 40
11 3.665545026110647 2.8820675287369673 0.44096340000396594
0.9796957708276769 10
0.9999735278915401 40
12 3.2071760075975324 2.5443409874582548 0.4205094999924768
0.9775211801731964 10
0.9999860785864693 40
13 2.8730779873267207 2.0975867200561833 0.4180796000000555
0.9823042370383726 10
0.9999712876971298 40
14 2.5637094424066387 1.8643137850100735 0.4342208000016399
0.9771138280939801 10
0.9999645462852422 40
15 2.432797128138449 1.6940113800385326 0.45743660000152886
0.9909600351529468 10
16 2.2744108747680287 1.4880583771408007 0.1930348000023514
0.008199560288192919 10
0.994732226062439 40
17 2.209503343540122 1.5135264867631455 0.6482491999922786
0.9721027554546511 10
0.9998452936356278 40
18 2.1066710941630498 1.4315796380116228 0.752486500001396
0.9843295348453268 10
0.9999679735932241 40
19 1.9321149771926005 1.2760296645128064 0.42465960000117775
0.9307745203841026 10
0.9997120670109396 40
20 1.8383072832264862 1.2096565801183894 0.41592720001062844
0.9331538766092792 10
0.9999657899358316 40
21 1.729979016240331 1.0957204801672888 0.442119500003173
0.9276255958649916 10
0.9997160070818721 40
22 1.62621490432104 1.012473592454885 0.41734420000284445
0.8736155862528321 10
0.9999801339965583 40
23 1.5519958421151336 0.9280646494604037 0.40294850000645965
0.924673783343051 10
0.9997369089675552 40
24 1.463778006497514 0.8516457004548712 0.4286397000105353
0.86919009689826 10
0.9999894383860601 40
25 1.403294909690282 0.7828528962163613 0.45436760000302456
0.9231883428719108 10
0.9997823794405875 40
26 1.3366360779876585 0.7293238653546551 0.4332602000067709
0.8942661529321434 10
0.999984126387462 40
27 1.286565506771397 0.6726473438260885 0.4338807000021916
0.9365241163871197 10
0.9999439314913713 40
28 1.234159130329624 0.6313661150494488 0.4234411000070395
0.9179542718133822 10
0.9999800515754768 40
29 1.1925032823857757 0.5812190626532997 0.41711570000916254
0.9220442172683329 10
0.9999576149012578 40
30 1.155127431176749 0.5540090608522525 0.4331119000125909
0.9065288815227113 10
0.9999793040126476 40
31 1.1239806104149586 0.5152914147545536 0.43113819998688996
0.9131693976588608 10
0.9999546823866173 40
32 1.095904864322447 0.4981906865289933 0.41015349999361206
0.8534770648807136 10
0.9999646851946474 40
33 1.069472024316061 0.46307588780230247 0.4106917000026442
0.9225455960294127 10
0.999968567440731 40
34 1.0432602613281434 0.44506404903027275 0.42406210000626743
0.8095003358904922 10
0.9999871052520344 40
35 1.0208485652559927 0.4147911491834734 0.4573789999994915
0.8945520263142023 10
0.9999679307293928 40
36 1.0012493690238473 0.4057757974288675 0.40852860000450164
0.6908250049286934 10
0.9999851205049731 40
37 0.9836952609138403 0.37997998965157714 0.4752361999999266
0.8522312382582178 10
0.9999591187452268 40
38 0.967029554858922 0.37202561022484515 0.4317709000024479
0.5993384244724683 10
0.9999628036962932 40
39 0.9522002579289099 0.35007890662762725 0.4442901000002166
0.82662118356058 10
0.9999551401822856 40
40 0.9383012976747108 0.3436878784157536 0.41762829999788664
0.5891690006802596 10
0.9999420786351744 40
41 0.9259144631355762 0.3249185061319438 0.5187106999946991
0.7964859915383983 10
0.9999425498666453 40
42 0.9142642801901091 0.31955393287996686 0.4315017000044463
0.6285954219366724 10
0.9999442773213397 40
43 0.9038103983857756 0.30346209785329314 0.645581000004313
0.7639238900227274 10
0.9999205595404028 40
44 0.8941615662140612 0.29854978052154024 0.4156698000006145
0.6680394373522315 10
0.9999242183878605 40
45 0.8851387202257185 0.28415131594092397 0.4236713999998756
0.6717036595882624 10
0.999933791181517 40
46 0.8766577981054535 0.279072874091463 0.40444250000291504
0.623967497552822 10
0.9998639974913092 40
47 0.8689786070566854 0.26837996999835523 0.4134339000011096
0.5795872722035119 10
0.9998469964623042 40
48 0.8614479475725307 0.2629141150841367 0.4051521999936085
0.6089437060238566 10
0.9997261880859646 40
49 0.8545599394180768 0.25374742766890546 0.4382275999960257
0.5513603492045902 10
0.9998391244890283 40
50 0.8478749558522377 0.24788432668359478 0.4133962000050815
0.563104860140482 10
0.999730198608191 40
51 0.8416738963982725 0.24094510452174697 0.427452899995842
0.526139081202091 10
0.9998693150662935 40
52 0.8356667982207571 0.23447793022190513 0.41770660001202486
0.5174034091509107 10
0.9997360635879153 40
53 0.8305103870516035 0.22822729945486273 0.40167180000571534
0.5539063429120457 10
0.9999410675893577 40
54 0.8255465254902367 0.22361275140490117 0.4199235999985831
55 0.4360364072739189
-------------------------------------------------END------------------------------------------------------
2
-------------------------------------------Classical LM---------------------------------------------------
395.15998622827635 418.0281877407779
0 259.51476270292585 261.24205035425337 0.887990200004424
1 117.96991927591944 117.51165263701488 0.9167627999995602
2 117.96991927591944 117.51165263701488 0.8812905999948271
3 117.96991927591944 117.51165263701488 0.9493890999874566
4 117.96991927591944 117.51165263701488 0.9606216000101995
5 117.96991927591944 117.51165263701488 0.9091647000022931
6 117.96991927591944 117.51165263701488 0.9655043999955524
7 70.49201569673347 67.60784093290923 0.9757759000058286
8 70.49201569673347 67.60784093290923 0.9046708999958355
9 32.360106050279825 28.831801501508263 0.9247159999940777
10 19.535422383714728 17.41936574206219 1.142249399999855
11 14.213918250075471 12.535174886146464 0.922069600012037
12 14.213918250075471 12.535174886146464 0.9711752000002889
13 11.832405035571721 10.396520180924403 1.0176588000031188
14 10.443988058922365 9.186675572130422 0.9703842000017175
15 8.559250615193529 7.482395909566694 0.8682605000067269
16 7.358566418929189 6.378581761768395 0.9428674000082538
17 5.69888140479235 4.830024137776181 0.9951819999987492
18 5.606525464132986 4.829559635717146 0.8888660999946296
19 4.52327995617017 3.8223904652273983 0.9187626000057207
20 4.52327995617017 3.8223904652273983 0.8843108000000939
21 2.9177983364837745 2.1771253467286176 0.9273654999997234
22 2.591786161455141 1.7935226561478848 1.0060569000052055
23 2.591786161455141 1.7935226561478848 1.5374765999877127
24 2.591786161455141 1.7935226561478848 1.1450676999957068
25 2.111797924559057 1.425472971332579 0.963294400004088
26 2.111797924559057 1.425472971332579 1.7175716000056127
27 1.8201590369693665 1.1590043642473828 2.1147889999992913
28 1.670372140332115 1.0293011532026233 0.9818484999996144
29 1.6425079507209877 0.9915040454992683 2.0693996000045445
30 1.6425079507209877 0.9915040454992683 0.9378060000017285
31 1.3764781296830801 0.7461566827050284 0.9674553999939235
32 1.3604073734735784 0.7238838419414427 1.5884738999884576
33 1.3567929620905943 0.7150891029327024 0.8900201000069501
34 1.0777734705886413
-------------------------------------------------END------------------------------------------------------
-------------------------------------------Krylov LM---------------------------------------------------
395.15998622827635 418.0281877407779
102
0 267.5012222832497 270.46957884022976 2.5780864999978803
102
1 148.35184937728206 152.66704710593058 1.258915900005377
102
2 148.35184937728206 152.66704710593058 2.5622030000085942
3 148.35184937728206 152.66704710593058 0.09134569999878295
4 148.35184937728206 152.66704710593058 0.0937184999929741
5 148.35184937728206 152.66704710593058 0.09014859999297187
6 148.35184937728206 152.66704710593058 0.0709430999995675
7 109.50173636018692 103.78783442582376 0.07873059999838006
102
8 109.50173636018692 103.78783442582376 1.2216574999911245
9 59.30211957584163 58.19360744758186 0.04656409999006428
102
10 25.82639859772646 25.03454324659927 2.0504059999948367
102
11 18.15968420996188 18.06469936918483 1.2272669000085443
102
12 18.15968420996188 18.06469936918483 1.9918681000126526
13 14.157873847959342 13.707183147328863 0.06497620001027826
102
14 12.548088625306026 11.887522934201508 1.2199523000017507
102
15 10.705593051663698 9.808512044336702 1.5997063999966485
102
16 8.098168005260526 7.016105969015101 1.240801099993405
102
17 7.865908678171811 6.808728983057086 1.3309952999989036
102
18 7.865908678171811 6.808728983057086 1.2333217999985209
19 5.221142440898907 4.2308947095125236 0.04899560000922065
102
20 4.5630490079309896 3.627321508005468 1.8752873999910662
102
21 4.404407365894143 3.3686529879770566 1.2614910999982385
102
22 3.768070146952468 2.9175865249174593 2.1625912000017706
102
23 3.6005731225384108 2.7170427704160285 1.2973588000022573
102
24 3.031056699791862 2.293392328838074 2.2988469999982044
102
25 2.788798192627248 2.087055346400806 1.3208852999960072
102
26 2.7157009990471184 2.005769910802471 3.0907566999958362
102
27 2.6545826719221473 1.9825359076938927 1.8894187999976566
102
28 2.6363346504264857 1.958206407312733 2.5423864999902435
102
29 2.6206453834688714 1.967359608172126 1.2362188999977661
102
30 2.584564978135168 1.9150851680601486 2.548749500012491
102
31 2.5643195360544415 1.9198341630250084 1.5051428000006126
102
32 2.5257469394464045 1.8639511784452056 2.811809600010747
102
33 2.5100373892368415 1.860364548351792 1.4936278999957722
102
34 2.4748897618059034 1.811854928427505 2.5479593999916688
102
35 2.458714575277511 1.8056323172274538 1.2310778999963077
102
36 2.4273719588601392 1.7630794802026404 2.582363499997882
102
37 2.412286949273231 1.7596334208762572 1.2275908000010531
102
38 2.3879608305562536 1.7302869311404203 2.462321500002872
102
39 2.372239539699327 1.7270514155418837 1.222830900005647
102
40 2.351290965633809 1.6942425122433562 2.539335099994787
102
41 2.3361316725067307 1.6884144999038777 1.3361533999996027
102
42 2.3196569183468045 1.6666279583917807 3.5224678999948082
102
43 2.3098204509518845 1.6625264118666514 1.930257600004552
102
44 2.2954642877796805 1.646596311965199 3.38391680001223
102
45 2.2820362303253643 1.6371746747134466 1.8818476000014925
102
46 2.26852083408701 1.613153430713985 1.84350980000454
102
47 2.2592325517966594 1.6132613380638694 1.4058202000014717
102
48 2.248539519161626 1.5960983155445514 1.5504841999936616
102
49 2.238882307594674 1.592740466868573 1.491630599994096
102
50 2.2254769008573096 1.5764305617925343 1.4221105999895371
102
51 2.2161737873019485 1.5702548280970527 1.2745270000013988
102
52 2.204663249271373 1.5499913284965183 1.275962999992771
102
53 2.1968983195965093 1.5490599757421628 1.2903210000076797
102
54 2.186428307772638 1.5296149166214572 1.2452525999979116
102
55 2.177718311763931 1.5278934251349428 1.231455700006336
102
56 2.1687488563115878 1.5116900137292888 1.2561840999987908
102
57 2.1591609336754547 1.5126806903467425 1.2376432000019122
102
58 2.150367770743457 1.492432742960386 1.2684660999948392
102
59 2.1414094012054687 1.49385411178272 1.2451513999985764
102
60 2.132463007351353 1.4764108245126295 1.2223519000108354
102
61 2.125298692622466 1.4793426225885962 1.2408694000041578
102
62 2.1175084339156705 1.4657859359644823 1.2605247000028612
102
63 2.1070461027214673 1.4637766675306831 1.2322550999961095
102
64 2.0997223474933735 1.451999803686202 1.250889900009497
102
65 2.0882657881656645 1.4450972409460707 1.2342178999970201
102
66 2.0831416776351466 1.443305710026108 1.2575866000115639
102
67 2.0723766390553475 1.4324001584169637 1.2295958000031533
102
68 2.065453223194165 1.4308126066092184 1.2360241999995196
102
69 2.0520792121603595 1.4175052452780021 1.2552755000069737
102
70 2.0503941569370823 1.4254990802276328 1.2466353000054369
71 1.493071026760883
-------------------------------------------------END------------------------------------------------------
------------------------------------Reduced subspace LM---------------------------------------------------
395.15998622827635 418.0281877407779
0.9919116280605511 10
0 366.40795544314255 385.443133920832 0.09655060000659432
0.9927294013066245 10
1 324.4429876893656 338.1378653827399 0.10430029999406543
0.9930997826530971 10
2 277.5760592966111 285.90997512750437 0.11965280000003986
0.9780706093288043 10
0.9999951683979119 40
3 222.78980429675832 233.01378510929894 0.7934080999984872
0.5608627899851439 10
0.9913596130239511 40
4 118.73832581910365 120.7854828993254 0.6870746999920812
0.4606183175605829 10
0.9835187027542117 40
0.9978525190580447 70
5 103.43813943556432 106.92766047277878 0.9083419000089634
0.8987778197107493 10
0.9977175441226562 40
6 86.22029792910676 83.64095574456914 0.4371383999969112
0.9371154774987782 10
0.9995217062837349 40
7 51.53252548718384 50.48382524687244 0.4189459000044735
0.9898201476868055 10
0.9998919973306657 40
8 9.80557780716351 8.506303068161465 0.41755909999483265
0.9696424926894253 10
0.9999613588175674 40
9 5.440868563949243 4.5890628060746 0.4416256999975303
0.8415235835695117 10
0.999687736450384 40
10 3.699565459013904 2.683516145527241 0.432432699992205
0.9402369461707952 10
0.9999601399470613 40
11 3.145394759568595 2.3040889998875067 0.42294670001138
0.9867727224206279 10
0.9999724320506213 40
12 2.584286336724246 1.8400956395520638 0.43489750000298955
0.912245795348103 10
0.9999678629304347 40
13 2.5824618112355147 1.865084945284847 0.6100560000049882
0.9400892305441045 10
0.9999750483102503 40
14 2.072509926761061 1.419173031868565 0.6091012000106275
0.8992145076915408 10
0.9999695158815491 40
15 1.861392450459778 1.1764443627797767 0.681026500009466
0.8894994049223272 10
0.9999639763062002 40
16 1.7479786550949334 1.1060950074808524 0.6554099000059068
0.9050134785683401 10
0.9999650917570924 40
17 1.7306550793609117 1.0470082908586795 0.4887899000023026
0.9514977826884047 10
0.9999826794246264 40
18 1.6048898102530034 0.9512704794530418 0.4139448000059929
0.9622228550457634 10
0.9999849704385073 40
19 1.520416267568606 0.8428382551284822 0.4718544000061229
0.9598211254565647 10
0.9999840675863159 40
20 1.4644223109537262 0.8127971069089781 0.40790770000603516
0.9684619648592663 10
0.9999858844472514 40
21 1.4096519899021664 0.7480881261368477 0.46096009999746457
0.9630290230688133 10
0.9999857422297053 40
22 1.3586758842233932 0.7185002658084793 0.40821139999025036
0.969650232154929 10
0.9999856645492674 40
23 1.3092033140139108 0.6614852225378395 0.43960270000388846
0.9645062183861928 10
0.9999859240950539 40
24 1.2612641107182454 0.6313904089087582 0.4123002000123961
0.9686600696848293 10
0.9999854372042764 40
25 1.219901841716357 0.5847431155331894 0.4300902999966638
0.9635401489720861 10
0.9999854565770544 40
26 1.177564244775939 0.5575127888388911 0.4026537999889115
0.9679165587629224 10
0.9999850043956603 40
27 1.1416743092409496 0.5165138230125689 0.4243716999917524
0.9619675397134039 10
0.9999853799805547 40
28 1.1083596842471044 0.49729907107485477 0.5145957000058843
0.9683994658158798 10
0.9999867590430278 40
29 1.081392736243943 0.4649762229184037 0.4319340999936685
0.9647707775474916 10
0.9999860312332011 40
30 1.0538575893090674 0.4475440379182118 0.4130873999965843
0.9714550846094094 10
0.9999873750094124 40
31 1.0287023964220363 0.41865367226275374 0.42813590000150725
0.963076867823523 10
0.9999858442136123 40
32 1.007919238486592 0.40536901635567074 0.41510899999411777
0.9702066706703191 10
0.9999877836930812 40
33 0.9860702492626146 0.379650141519754 0.41190439999627415
0.9590307005252202 10
0.9999854823947645 40
34 0.9705407315213921 0.37011050442329607 0.41638560000865255
0.9666847307382825 10
0.9999876426652672 40
35 0.9526300334924752 0.34819927992062233 0.41271220000635367
0.9530801336410902 10
0.9999853462079551 40
36 0.9399204970303483 0.3406564012016283 0.4138227000075858
0.9617849945290559 10
0.9999871703015407 40
37 0.9251029076748346 0.3216103900632089 0.519953600000008
0.9441716814550912 10
0.99998539246949 40
38 0.9141317053477341 0.3154670909032073 0.41323520000150893
0.956276006384865 10
0.9999871217097078 40
39 0.901688213607506 0.29828270745014707 0.4169837999943411
0.9341940791658792 10
0.9999860422426126 40
40 0.89205665565909 0.2933932640910045 0.42286170000443235
0.9504669044783853 10
0.9999873529273804 40
41 0.8816122266629011 0.27806421465583747 0.5376660999900196
0.9198379109726195 10
0.9999840233426261 40
42 0.8733050733120734 0.2747890778494553 0.4153941000113264
0.9409477711513963 10
0.999980846301019 40
43 0.863818343690313 0.2606001937726226 0.4072621999948751
0.8939694504350859 10
0.9999841240735368 40
44 0.8559112269920394 0.2563628390630587 0.4263232999946922
0.9284912450758945 10
0.9999861417624311 40
45 0.8487094902816027 0.2451040961176549 0.4285362999944482
0.8619557465761408 10
0.9999782633152086 40
46 0.8425152485769976 0.24355327305188368 0.5301160999952117
0.8892067952126685 10
0.9999854340165529 40
47 0.8362854310745963 0.23225474577490166 0.4196488000015961
0.8420635991402873 10
0.9999793408139205 40
48 0.8308089243044922 0.23143888128015272 0.4212069000059273
0.8574036681936458 10
0.9999859567793984 40
49 0.8253037686422172 0.22131422799597855 0.426521600005799
0.830032821419536 10
0.9999813327944377 40
50 0.8203936786674503 0.22083960676076725 0.4283704000117723
51 0.4529984725499982
-------------------------------------------------END------------------------------------------------------
3
-------------------------------------------Classical LM---------------------------------------------------
377.3690701755643 393.6264531123671
0 377.3690701755643 393.6264531123671 0.8599726999964332
1 377.3690701755643 393.6264531123671 1.0105489999987185
2 298.6059908900956 305.0150021704638 0.9891340999893146
3 298.6059908900956 305.0150021704638 0.9434604000125546
4 231.596510365719 218.99396402404457 1.1652289000048768
5 118.99037564235833 115.97430728060338 0.9836153000069316
6 118.99037564235833 115.97430728060338 0.9126365999982227
7 44.29574897136167 41.99558117696495 0.9484033999906387
8 44.29574897136167 41.99558117696495 0.9152931999997236
9 21.575805891179126 19.76587857620482 0.9499684000038542
10 21.575805891179126 19.76587857620482 0.9413248000055319
11 8.07880560603127 6.967259115192905 0.9783087999967393
12 5.165169789546146 4.257825395960547 2.06592969999474
13 3.4628634962434517 2.6358195716651713 0.9040701000049012
14 2.7606694498471587 1.9879525949206258 0.9502848999982234
15 2.7606694498471587 1.9879525949206258 0.9896156000031624
16 1.822328580313734 1.1242902117090565 0.9119437000044854
17 1.5317855637648703 0.8917745456308896 2.0813265000033425
18 1.5317855637648703 0.8917745456308896 0.9715824999875622
19 1.2108010786061156 0.5718782127414003 0.9866220999974757
20 1.0355036785191432 0.3958988749241697 2.0852401000011014
21 1.0355036785191432 0.3958988749241697 0.8763701999996556
22 0.8966273903117133 0.27083958458823476 0.9138371000008192
23 0.8321631935804228 0.21028147672639702 1.0230337999964831
24 0.8321631935804228 0.21028147672639702 0.9052029000013135
25 0.7940352282334137 0.17478269849664702 0.955396400007885
26 0.7665776855443712 0.1479600793366632 0.9285661000030814
27 0.756898741400772 0.13961275509596635 0.9494137000001501
28 0.7366840456821153 0.12288189947761945 0.9450574999937089
29 0.7366840456821153 0.12288189947761945 0.9211159999977099
30 0.6852527233410934 0.07442964173542836 0.9782018999976572
31 0.679139995660661 0.06914856275590114 0.8750787000026321
32 0.6708450902327907 0.06239531257499533 0.8760099999926751
33 0.6565901902591632 0.049425505131319485 0.97096629999578
34 0.6545537106733447 0.04795470643507977 0.9351483999926131
35 1.0456545657137342
-------------------------------------------------END------------------------------------------------------
-------------------------------------------Krylov LM---------------------------------------------------
377.3690701755643 393.6264531123671
102
0 377.3690701755643 393.6264531123671 1.2312127000041073
1 377.3690701755643 393.6264531123671 0.06523969999398105
2 298.6059908959949 305.01500217801606 0.056048300000838935
102
3 298.6059908959949 305.01500217801606 1.2158416000020225
4 231.5965101234523 218.99396382156962 0.07041790000221226
102
5 118.8374445264799 115.83963396837012 1.2120758999953978
102
6 118.8374445264799 115.83963396837012 1.200653699997929
7 44.26710264177093 41.94947591643389 0.06421159999445081
102
8 44.26710264177093 41.94947591643389 1.232579599993187
9 21.608770387520618 19.80706282581111 0.047958199997083284
102
10 21.608770387520618 19.80706282581111 1.2280002000043169
11 8.054322867392441 6.945849450617277 0.060207200003787875
102
12 5.161111418074054 4.256580293897444 1.224841400005971
102
13 3.4436903817336644 2.6148844667291176 1.2179067999968538
102
14 2.9497396734594323 2.1505734055417425 1.2313161000056425
102
15 2.808943228357722 2.095928818938797 1.242082600001595
102
16 2.808943228357722 2.095928818938797 1.2059055999998236
17 1.7076373843185422 1.0410256590727187 0.06468860000313725
102
18 1.68400724886166 1.0461917071027205 1.2363658999965992
102
19 1.400469521320477 0.7407719743588721 1.2389708000118844
102
20 1.0351858811383035 0.42651718706448866 1.2357899000053294
102
21 1.0351858811383035 0.42651718706448866 1.2362926000059815
22 0.987010247390386 0.37646876514843125 0.07943859999068081
102
23 0.8051892550884892 0.18864381623005813 1.2217100000125356
102
24 0.7321837790310537 0.11744103843298563 1.3433543999999529
102
25 0.7133460866960211 0.10225574411843692 1.2116333000012673
102
26 0.6913034870070767 0.0797319045390654 2.01835059998848
102
27 0.683103738763789 0.07356011041642893 1.2205472000059672
102
28 0.6772104651175919 0.06853519746440202 2.4427574000001187
102
29 0.6722526677376267 0.06483136899988003 1.2414545000065118
102
30 0.6702519048684322 0.06386511489698964 2.6740923000033945
31 1.041030490323582
-------------------------------------------------END------------------------------------------------------
------------------------------------Reduced subspace LM---------------------------------------------------
377.3690701755643 393.6264531123671
0.9751316441940039 10
0.999993276948084 40
0 344.963788443649 359.4117481650009 0.4106290999916382
0.9408600494952446 10
0.9999648362295999 40
1 291.76693480834945 296.8243737440255 0.8813396000041394
0.7972495356599065 10
0.9994241379724139 40
2 267.4134597693652 264.56300671696414 0.43532000000413973
0.9147923563063884 10
0.9990698463041392 40
3 121.03144513422517 119.43273349802307 0.5456891999929212
0.9270254031453133 10
0.998407201512672 40
4 116.31185698522415 122.73375496255731 0.41881600000488106
0.9711320299987849 10
0.9998603034135088 40
5 29.119437127938664 28.665123904856205 0.43899200001033023
0.8573045486097028 10
0.9999521417181928 40
6 15.747996786138284 14.695742893748191 0.48483990000386257
0.8647228725462315 10
0.9999377097642898 40
7 6.672318279688748 5.910352984157867 0.44032480000169016
0.8741154004625445 10
0.9998821597017478 40
8 3.860576048718056 3.007781867025922 0.442440800004988
0.9419946575923203 10
0.999891660364157 40
9 3.000055438958724 2.2113555403087366 0.470855899999151
0.942123993230573 10
0.999940816898304 40
10 2.5175180678054625 1.7886666418861896 0.7751228999986779
0.9394552833621339 10
0.9999245336585643 40
11 2.1918522242099785 1.427149508921044 0.5483234999992419
0.9318460915487116 10
0.9999084541366547 40
12 2.0167748057206984 1.2765975068216464 0.4243321999965701
0.9170764622502086 10
0.9999447002030849 40
13 1.845574019566898 1.080773394007941 0.42926980000629555
0.9063567092553327 10
0.9999284834368909 40
14 1.7310207586034025 0.9843755269886711 0.4205210999934934
0.9093442062165964 10
0.9999578643052695 40
15 1.6111544870044676 0.8788874652710079 0.4084949999960372
0.8934979324276173 10
0.9998195363551924 40
16 1.5127289941985615 0.788528123568081 0.526999199995771
0.9284102298998618 10
0.9999514447982281 40
17 1.408057560542308 0.710608991733117 0.4238266000029398
0.9138259481105446 10
0.9998910457666176 40
18 1.3273780974158187 0.6407827502932012 0.40909390000160784
0.9291411659151029 10
0.9999625107969795 40
19 1.236871605691838 0.5642625864740187 0.43261200000415556
0.9483738576458691 10
0.9999391213263716 40
20 1.174624051130167 0.5146630179274734 0.4160167999943951
0.9376255320036613 10
0.9999662648022308 40
21 1.1178670839798241 0.46157755891666874 0.43147169999429025
0.9570148398916231 10
0.999973450249225 40
22 1.0710445532570452 0.4217573975442817 0.41780070000095293
0.9353506293549787 10
0.9999685968637787 40
23 1.0329711826348997 0.3903310204672774 0.40442620000976603
0.9572636970495271 10
0.9999850133649922 40
24 0.9970639802547001 0.3544760520513025 0.4154819999967003
0.9126298599381238 10
0.9999665080859529 40
25 0.9680840334253189 0.3305056630306368 0.529154700008803
0.9605933911775763 10
0.9999753178603643 40
26 0.940659062698829 0.30228109664886255 0.4202281000034418
0.8673274279160369 10
0.9999779188336317 40
27 0.9190079188668231 0.2848288553994419 0.4410059999936493
0.955401558567593 10
0.9999697514892923 40
28 0.8994263346563078 0.26361044037211634 0.42436459999589715
0.834036700727899 10
0.9999579337553763 40
29 0.8822205591868613 0.25103109836096416 0.4388540999934776
0.935824722470027 10
0.9999684699679257 40
30 0.8650915213254197 0.23177200101898687 0.42118230000778567
0.7846345978460659 10
0.9999508004218368 40
31 0.8494201914660265 0.221494374272824 0.43403200000466313
0.9335987190747473 10
0.9999602801159929 40
32 0.8359714612395753 0.20586322961572848 0.4149106999975629
0.7822695634294652 10
0.9999625011074328 40
33 0.8236560591864325 0.1980831139181077 0.41913139999087434
0.9259626469954587 10
0.999972781575377 40
34 0.8122027284275397 0.18412653623618083 0.43594219999795314
0.7783154753723267 10
0.9999469596745406 40
35 0.8021210926895669 0.17771248803445405 0.4114398999954574
0.9015177776616092 10
0.9999611388051152 40
36 0.7914179080711682 0.16415776915419275 0.4130991999991238
0.679886143241867 10
0.9999312898761015 40
37 0.7818961690171851 0.1576338977194804 0.43435280000267085
0.8726278695342248 10
0.9999671841400031 40
38 0.774244383476838 0.14849948310196937 0.4184479000105057
0.7089547762380989 10
0.9999396337072197 40
39 0.7673024491846214 0.1442051301537572 0.4255618999886792
0.8862493566770114 10
0.9999782273660808 40
40 0.761145864145207 0.13662465738704146 0.4323262999969302
0.6539000928848536 10
0.999954573283483 40
41 0.7554795850412117 0.1326575142834676 0.4328677000012249
0.8217527907410851 10
0.9999683600740814 40
42 0.750350099329126 0.12643259371146204 0.40581950001069345
0.5594530947961982 10
0.9999093305216167 40
43 0.7449576257588456 0.12193260511818581 0.5316079999902286
0.6123051722704628 10
0.9999661264167959 40
44 0.7402331196095956 0.11617018138650911 0.4318109000014374
45 0.4570929133333266
-------------------------------------------------END------------------------------------------------------
4
-------------------------------------------Classical LM---------------------------------------------------
359.85281786067907 375.1074364193196
0 297.4647907149601 308.73266876651934 0.9305611000017961
1 162.75441153890532 164.7141308514141 0.904516100010369
2 162.75441153890532 164.7141308514141 0.9183048000122653
3 162.75441153890532 164.7141308514141 1.2040781000105198
4 162.75441153890532 164.7141308514141 0.9951032000099076
5 139.88927555057649 135.12664515825088 0.9335604999942007
6 80.80588528974235 82.66023520406682 0.9626527999935206
7 80.80588528974235 82.66023520406682 0.8870258999959333
8 80.80588528974235 82.66023520406682 0.9410279000003356
9 46.82993700934641 47.62297328678193 0.9340064999996684
10 46.82993700934641 47.62297328678193 0.9319144999899436
11 23.438006242084484 23.420140312669943 0.926235099992482
12 18.29875204273828 17.111844097436805 0.8727049000008265
13 11.101324715120167 10.271169452559123 0.929375899999286
14 7.46400254099413 6.662149346195124 0.9498166999983368
15 7.46400254099413 6.662149346195124 0.8982217999873683
16 6.554390976471166 6.069625510407939 1.028066699989722
17 6.554390976471166 6.069625510407939 0.9046745000086958
18 4.923483017558588 4.357896915938267 0.9635876999964239
19 3.880407416400445 3.241270644887857 0.941748600002029
20 3.113455010559001 2.4586486867540076 0.9495072999998229
21 3.113455010559001 2.4586486867540076 0.9372354000079213
22 2.7713586902432654 2.132451262499763 1.1293291999900248
23 2.7713586902432654 2.132451262499763 0.9313151000096695
24 2.4911497092997723 1.8543383851388744 0.9681588000094052
25 2.461971558069674 1.8300081922146973 0.9702927999896929
26 2.3973458961526934 1.7805554934949757 0.871134200002416
27 2.3973458961526934 1.7805554934949757 0.9588946000003489
28 1.9604926754375898 1.343877589208353 0.9723121999995783
29 1.9604926754375898 1.343877589208353 0.9149349000072107
30 1.8923646677558128 1.2791247218924495 0.9420954999950482
31 1.8509846816642639 1.2509585157960115 0.9554085999989184
32 1.8509846816642639 1.2509585157960115 0.963742000007187
33 1.7782700249290444 1.182554056137469 1.316717099995003
34 1.740132474026268 1.1513329258911853 0.9411627000081353
35 1.6928344758632625 1.1108390690731949 0.8979562999884365
36 1.5922637446498678 1.013075597597264 0.8717382999893744
37 1.530428385929696 0.9430467800016805 0.9412417999992613
38 1.530428385929696 0.9430467800016805 0.8827521999919554
39 1.3645505939993834 0.7759755526622042 0.9694506999949226
40 1.3167261298933202 0.7166879542279933 0.8903164999937871
41 1.3167261298933202 0.7166879542279933 0.9733208999969065
42 1.2733473162798148 0.6752497613052574 1.081390300008934
43 1.238477389896374 0.6403924034721704 0.9321507000131533
44 1.2088739694517958 0.6084975162273356 0.9061651000083657
45 1.2088739694517958 0.6084975162273356 1.1636735999927623
46 1.1497530693222604 0.5692530614237749 0.9736324999976205
47 1.107132162467511 0.5203129044511727 0.8868325999937952
48 1.107132162467511 0.5203129044511727 0.8894493999978295
49 1.0970663848115434 0.515073565021514 0.9326624000095762
50 1.0635143273115442 0.47781719973045583 0.953336099992157
51 1.0635143273115442 0.47781719973045583 0.8990495000034571
52 1.0464370918811121 0.4602397057467235 0.9002030999981798
53 1.0181091270728821 0.4337743902081745 0.8869526000053156
54 1.0181091270728821 0.4337743902081745 0.9636181999958353
55 1.002924266563661 0.415178089890525 0.9199945000000298
56 0.9856266259065587 0.3983121253504964 0.9334541999996873
57 0.9651263239590682 0.3717629111888599 0.9781414999888511
58 0.9651263239590682 0.3717629111888599 0.8839975000009872
59 0.9452311491933321 0.3541291811557835 0.9199527000018861
60 0.9386374823473732 0.34774460312739724 0.9403944999939995
61 0.9386374823473732 0.34774460312739724 0.9086427000002004
62 0.9099626351816623 0.31639266892992035 0.8997730000119191
63 0.9085324308739302 0.31562313137097125 0.923225899998215
64 0.9497327031247096
-------------------------------------------------END------------------------------------------------------
-------------------------------------------Krylov LM---------------------------------------------------
359.85281786067907 375.1074364193196
102
0 304.8862246131862 315.73347818882144 1.2397640999988653
102
1 113.83714138870211 114.23503069534193 1.2191094999870984
102
2 113.83714138870211 114.23503069534193 2.148268500008271
3 87.00847642155374 86.17158611466846 0.06231169999227859
102
4 87.00847642155374 86.17158611466846 1.2277278999972623
5 87.00847642155374 86.17158611466846 0.058912899999995716
6 87.00847642155374 86.17158611466846 0.06933460000436753
7 41.33496743999447 39.035039131800616 0.05669169999600854
102
8 41.33496743999447 39.035039131800616 1.2598164999944856
9 29.647178797424072 29.243978240942116 0.07437630000640638
102
10 15.837926942599033 14.853471385756581 1.213524899998447
102
11 15.287359847685096 14.25842660746977 1.2254240000038408
102
12 15.287359847685096 14.25842660746977 1.2041307000035886
13 10.091695624898517 9.49838384173151 0.0717168999981368
102
14 7.106387035443025 5.865824408944287 1.2102649999869755
102
15 7.106387035443025 5.865824408944287 1.2401596999989124
16 5.792015606157788 4.807554581424048 0.05869749998964835
102
17 5.792015606157788 4.807554581424048 1.1995281999988947
18 4.472892171521622 3.5602561726471933 0.06308269999863114
102
19 4.472892171521622 3.5602561726471933 1.2053638999932446
20 3.9978278076930516 3.015125339535208 0.06735809998644982
102
21 3.754834597800674 2.860686938900587 1.2250777000008384
102
22 3.4818182840837353 2.6293407122281325 1.2099059999891324
102
23 3.3229285242309974 2.5561872410853046 1.2858702999947127
102
24 3.0750417864445745 2.299587355298383 1.2694588000013027
102
25 3.0750417864445745 2.299587355298383 1.240235900011612
26 2.5253559550160767 1.7056756290432689 0.07570139999734238
102
27 2.4145850040139734 1.652541215835457 1.2307883000030415
102
28 2.4145850040139734 1.652541215835457 1.2165477000089595
29 2.2146708594702975 1.417682735787268 0.047560999999404885
102
30 2.1294764028161937 1.3540180801287367 1.2432286999974167
102
31 2.1294764028161937 1.3540180801287367 1.255034000001615
32 2.0419662030685637 1.250726023510786 0.06330559999332763
102
33 1.983794590489912 1.199448325035734 1.2294999000005191
102
34 1.9480451926880726 1.1804076684317137 1.2573760000086622
102
35 1.9480451926880726 1.1804076684317137 1.2186041999957524
36 1.8614420180216704 1.1189460990260645 0.04662569999345578
102
37 1.8614420180216704 1.1189460990260645 2.1883199000003515
38 1.7631723295848285 1.0417470954907484 0.0702298999967752
102
39 1.6985031128144568 0.9998884625179503 1.2087794999970356
102
40 1.660310096843511 0.980311268223441 2.055786500000977
102
41 1.5919420587060042 0.9186792459167848 1.2261791999917477
102
42 1.5584782065728777 0.9099044855178042 1.8084866000135662
102
43 1.5584782065728777 0.9099044855178042 1.2152605999872321
44 1.5584782065728777 0.9099044855178042 0.04847550000704359
45 1.480649994718989 0.8468122086938576 0.04643760000180919
102
46 1.4329408682604905 0.8229025154303407 1.2435250000125961
102
47 1.4329408682604905 0.8229025154303407 1.2264505000057397
48 1.3826834895804028 0.7725264909586076 0.05639559999690391
102
49 1.3460364294274845 0.750416523592251 1.8840764000051422
102
50 1.3460364294274845 0.750416523592251 1.2193616000004113
51 1.2960778536998274 0.6944461444281453 0.05901359999552369
102
52 1.2702577288867656 0.6714964550918516 1.6625743999902625
102
53 1.2702577288867656 0.6714964550918516 1.2562617999938084
54 1.2385920866545634 0.6354954279723972 0.07280209999589715
102
55 1.220511917754815 0.6195291089839332 1.2856380000011995
102
56 1.220511917754815 0.6195291089839332 1.5155169000063324
57 1.2011434051008694 0.5992016847981992 0.056079600006341934
102
58 1.1837999725523536 0.5832282123679431 2.157235300008324
102
59 1.1649665513957488 0.5630501822556997 1.2438315999897895
102
60 1.1649665513957488 0.5630501822556997 1.7264558000024408
61 1.131612714140538 0.5264559326447924 0.06855779999750666
102
62 1.131612714140538 0.5264559326447924 1.2301638000062667
63 1.102095422956692 0.495761721218289 0.04850649999571033
102
64 1.0998039770814518 0.49516548573844105 1.2434216999972705
65 0.9294493815375833
-------------------------------------------------END------------------------------------------------------
------------------------------------Reduced subspace LM---------------------------------------------------
359.85281786067907 375.1074364193196
0.9880184244577482 10
0.9999914925648832 40
0 328.6449246680172 339.1602257647992 0.42406569999002386
0.9793226941744246 10
0.999969588666466 40
1 324.1391677018832 329.4363091974567 0.43884699999762233
0.8058279584559956 10
0.99751491257401 40
2 255.06723775521633 255.11833107431042 0.4391118000057759
0.9278785012967115 10
0.9990754869241729 40
3 164.72260011611795 162.203405776609 0.4265360999997938
0.9685575812791287 10
0.9997386768417857 40
4 119.84384132279843 119.45557158156598 0.4126183999906061
0.7861343006743903 10
0.9994956510647909 40
5 81.56386071751551 77.65574631724809 0.43353819999902043
0.9463744526198347 10
0.999882273493625 40
6 26.65189710128048 24.75476462406837 0.45439870000700466
0.8988923326590011 10
0.9998005924966991 40
7 17.62416973533044 16.49760883710818 0.4265458000008948
0.9692666629018799 10
0.9999330684425665 40
8 5.819869263502007 4.910172760849338 0.4295752999896649
0.9458211156237902 10
0.9999683960586475 40
9 4.242019370876138 3.5101810800414315 0.4287112000019988
0.9948359047522728 10
10 3.455082589300043 2.655099251263715 0.10123030000249855
0.20340947688584485 10
0.9999004688214026 40
11 2.7762559226591343 2.1353044270766546 0.4296436000004178
0.93732668467426 10
0.9994753713022381 40
12 2.456456614818256 1.7533373832062225 0.39919359999476
0.836769464730003 10
0.9996317814530346 40
13 2.127411377030461 1.4571821584497968 0.41465779999271035
0.9444958854063793 10
0.9999841756911547 40
14 1.929933481427416 1.2585515153225413 0.4291487999871606
0.7942463385260735 10
0.999966816520786 40
15 1.7819974036087998 1.1016001706039678 0.4366159999917727
0.9263702656162844 10
0.9999719686473448 40
16 1.6779691166233013 1.0155787916217447 0.5304684000002453
0.9349424541396728 10
0.9999794364644714 40
17 1.5579649168160885 0.8734345957237131 0.4367531999887433
0.9578417950000995 10
0.9999790347372965 40
18 1.4896707584806514 0.8306558026859074 0.4229454000014812
0.9741238136508139 10
0.9999836546745885 40
19 1.4049090356569471 0.7362230162146578 0.5565723999898182
0.9781643325529665 10
0.9999854196749112 40
20 1.3536416717800153 0.7130067203077717 0.40623839999898337
0.9710110703721675 10
0.9999831111420665 40
21 1.3001107555267102 0.6471692991849579 0.41449480000301264
0.9849936524958486 10
0.999987014771123 40
22 1.2582155941151587 0.6306280112198606 0.4325077999965288
0.9681638365675277 10
0.9999795568994827 40
23 1.2210906264913661 0.57963673732093 0.42887550000159536
0.9869970771958947 10
0.9999851399568871 40
24 1.1877978413335686 0.5683221900282553 0.42932029999792576
0.9764959061794064 10
0.99998424551582 40
25 1.1596959776030933 0.5290175994682187 0.42608479999762494
0.988441296746799 10
0.9999826004208218 40
26 1.127493377724833 0.5120280490761842 0.44640690000960603
0.9839656503768043 10
0.9999849121305137 40
27 1.1050754228647195 0.48425228708052226 0.4527220000018133
0.9883929398556567 10
0.999979842767138 40
28 1.0805435830660375 0.47123555514732146 0.44306249999499414
0.9819457349692187 10
0.9999853208176287 40
29 1.0602263733785795 0.44208302951975115 0.41738790000090376
0.987612633723133 10
0.9999781371519372 40
30 1.040074640416254 0.43051715338206825 0.5073144000052707
0.9818040487477386 10
0.9999851613594792 40
31 1.022686875538436 0.4090401747122348 0.4252876999962609
0.984444366582883 10
0.9999768856227889 40
32 1.005326705811855 0.3965454481806792 0.4170450000092387
0.9790536762012666 10
0.9999840876818068 40
33 0.9891012154881659 0.3793313023821865 0.4417001999972854
0.9833577243814844 10
0.9999773270673076 40
34 0.974314833481095 0.3659803495427048 0.4465706999908434
0.982322244006207 10
0.9999836019761209 40
35 0.9601593108005109 0.35049157844290757 0.4381763999990653
0.9795797634982772 10
0.9999828697638115 40
36 0.9474502664154737 0.33970998444935224 0.4279564000025857
0.9802699613338718 10
0.9999848132883871 40
37 0.9344592962487288 0.3281112776181202 0.4032267000002321
0.973402994686286 10
0.9999809479702421 40
38 0.9232313656807801 0.3166109289506619 0.42945250000047963
0.9796652777251773 10
0.9999842438943672 40
39 0.9116478954100494 0.30675660952667816 0.48710579999897163
0.9596336943768707 10
0.9999779793071665 40
40 0.901636635680174 0.29764468246351483 0.44877800000540446
0.9752227854018336 10
0.9999829249799357 40
41 0.890964223442092 0.28751237199474605 0.43369810000876896
0.9308358158881472 10
0.9999742701563215 40
42 0.8815720062242596 0.27967041053661573 0.4902338999963831
0.9683325230976917 10
0.9999779192691771 40
43 0.8713203969305965 0.2685286072400852 0.6242866999964463
0.9068821745230432 10
0.9999365585079228 40
44 0.8619197528800793 0.26208773012816394 0.7213185000000522
0.9583307451619829 10
0.9999806444350778 40
45 0.8527497215936768 0.2530787996741621 0.4280052000103751
0.8838053660719135 10
0.9999368565685757 40
46 0.8445904739572389 0.24697234772445853 0.4156061999965459
0.9430086631167541 10
0.9999705423602882 40
47 0.8368493053344526 0.23766943376969357 0.4190689000097336
0.8675748978039295 10
0.9999310553355422 40
48 0.829647622327321 0.2335430219604416 0.41490210000483785
0.9108820250159289 10
0.9999777352880074 40
49 0.8228655567952204 0.22548821447860226 0.49033080000663176
0.8681460084217886 10
0.9999770964353306 40
50 0.8164582214217401 0.22091863091234135 0.4260557000088738
0.852730435780237 10
0.999975579913577 40
51 0.810304390683816 0.21374162948811393 0.4099180999910459
0.8450123252088371 10
0.9999797280677732 40
52 0.8045178495924984 0.20917351688278155 0.41819749999558553
0.7860331772434126 10
0.9999776693812937 40
53 0.7989434089781025 0.202909854071585 0.43426090000139084
0.8240942488742553 10
0.9999775152681891 40
54 0.7936732049963051 0.1989230492538436 0.4285800000070594
0.7526472735846252 10
0.9999660073752594 40
55 0.788716201683003 0.19302551453339642 0.41355110000586137
56 0.4394447517853613
-------------------------------------------------END------------------------------------------------------
5
-------------------------------------------Classical LM---------------------------------------------------
359.6936892368594 376.80077373750834
0 359.6936892368594 376.80077373750834 0.9467079000023659
1 359.6936892368594 376.80077373750834 0.9196501999977045
2 280.3413565070441 284.5653421758459 0.9392827000119723
3 280.3413565070441 284.5653421758459 0.8704553999996278
4 228.06684217864805 233.7246215106664 1.014162400009809
5 53.649446232372235 51.24052543537698 0.9285910000035074
6 53.649446232372235 51.24052543537698 0.9000960999983363
7 36.34847776511363 35.65866233392709 1.0758486999984598
8 12.849844303444096 11.401532309388882 0.9141386999981478
9 9.289374415466352 8.422573689526 0.8883628000039607
10 9.289374415466352 8.422573689526 0.9512785999977496
11 9.289374415466352 8.422573689526 0.9608631000010064
12 3.385785756411079 2.4643836123501033 0.9653763999958755
13 2.4356587988857163 1.6190028487954602 0.9380374000029406
14 2.4356587988857163 1.6190028487954602 0.9625651999958791
15 1.8878008160228241 1.1193932958092774 0.9715590999985579
16 1.7190133411901556 1.005477254861461 0.8308530999929644
17 1.638015680448495 0.9672749732080242 0.9444820999924559
18 1.638015680448495 0.9672749732080242 0.8784432999964338
19 1.638015680448495 0.9672749732080242 0.9878333999949973
20 1.3113146080758096 0.6527650538237313 0.9626401999994414
21 1.1865552040638672 0.5315726783366551 0.9106396999995923
22 1.105179258125407 0.4456995071392643 0.9056948999932501
23 1.019887064536399 0.3741852987744006 0.8950612000044202
24 1.019887064536399 0.3741852987744006 0.9087580000050366
25 0.9476403048219904 0.30134608762215737 0.9793442999944091
26 0.8882299376341906 0.25462871452220603 0.9070760000031441
27 0.8882299376341906 0.25462871452220603 0.9022901999996975
28 0.8512704928685926 0.21644156269457826 0.9791848000022583
29 0.8255264926178381 0.19436697311717685 0.9047747000004165
30 0.8098609782684292 0.1827188900684501 0.8982086000032723
31 0.8085021904698922 0.18784423305466008 0.8454326000064611
32 0.9308654000001297
-------------------------------------------------END------------------------------------------------------
-------------------------------------------Krylov LM---------------------------------------------------
359.6936892368594 376.80077373750834
102
0 359.6936892368594 376.80077373750834 1.2069208000029903
1 359.6936892368594 376.80077373750834 0.055141699995147064
2 280.3413565069568 284.5653421759015 0.054064399999333546
102
3 280.3413565069568 284.5653421759015 1.2452804999920772
4 228.06748000101322 233.72507964345166 0.06940259999828413
102
5 54.86336328466969 52.38346955745052 1.2551505000010366
102
6 54.86336328466969 52.38346955745052 1.2097538999951212
7 37.08697150694772 36.09655031421008 0.06272820000594947
102
8 12.252379630452316 10.73854261808155 1.2017599000100745
102
9 8.55504437886672 7.721136344921444 1.2465872999891872
102
10 8.55504437886672 7.721136344921444 1.2088848999992479
11 8.55504437886672 7.721136344921444 0.066092099994421
12 3.2651986827261585 2.384427611336866 0.05611200000566896
102
13 2.3841454898865186 1.5839786208203517 1.2225835999997798
102
14 2.3841454898865186 1.5839786208203517 1.2110001999972155
15 1.9280180163612137 1.1625637976969379 0.057517399996868335
102
16 1.7267498408451676 1.0078648266407364 1.2284881999948993
102
17 1.7140855118243592 1.0422750283151136 1.466004800007795
102
18 1.7140855118243592 1.0422750283151136 1.4329213999881176
19 1.4196517244210833 0.7217187167323929 0.08552799999597482
102
20 1.2675523936269562 0.6083688171720929 1.8646613000018988
102
21 1.2675523936269562 0.6083688171720929 1.830074399986188
22 1.1408680483798344 0.48674470545173015 0.0856709000072442
102
23 0.9994805283817517 0.36711125351776636 1.9999985999893397
102
24 0.9831998807627479 0.34751917496529144 2.1052410999982385
102
25 0.8859319736873503 0.2645660506876884 1.397620099989581
102
26 0.8859319736873503 0.2645660506876884 1.56498909999209
27 0.8090425350110907 0.18444007982500785 0.07280949999403674
102
28 0.7925081278466912 0.17157201383841186 2.0809999000048265
102
29 0.7925081278466912 0.17157201383841186 1.9602002000028733
30 0.7610653355049424 0.13695487695179254 0.0869603999890387
102
31 0.7610653355049424 0.13695487695179254 1.40114370000083
32 0.743043526494941 0.12118901156941214 0.060167399991769344
102
33 0.7328466680226565 0.11308295208705772 1.253077299988945
102
34 0.7248388832620097 0.10900131118353258 1.2275741999910679
102
35 0.7203015042673835 0.10404547890380114 1.2139729999908013
36 0.9957523194413321
-------------------------------------------------END------------------------------------------------------
------------------------------------Reduced subspace LM---------------------------------------------------
359.6936892368594 376.80077373750834
0.9901982879573058 10
0 336.65284562301713 350.4408667296888 0.11651800000981893
0.9881068992745813 10
0.9999965508091876 40
1 295.54040450389164 306.543297748905 0.4053906999906758
0.5985369817697739 10
0.998526545269163 40
2 190.62256268142545 196.11349276827298 0.4155698999966262
0.686417762484638 10
0.997932180081823 40
3 114.67797765171774 114.74607975125117 0.40665989999251906
0.7066378633305479 10
0.9982692711188882 40
4 80.28449764216934 81.09403858372018 0.42262230000051204
0.8735385758667708 10
0.9993563334285446 40
5 23.12759737949935 22.679362229631145 0.42536660000041593
0.5649173203032405 10
0.9997023305607239 40
6 9.322662096710303 7.73820458695313 0.419548499994562
0.9607348227820415 10
0.9999178744186402 40
7 4.110632071386087 3.017684852471778 0.4230217000003904
0.8900995658458007 10
0.9999465535853708 40
8 3.432842108068628 2.5686676671554167 0.4187262999912491
0.9596627868845503 10
0.9999565934151519 40
9 2.838690162780821 2.0275950563713527 0.5330831999890506
0.7347158953807811 10
0.9997512957996056 40
10 2.5175941591626576 1.7872341111417738 0.44039829999383073
0.980029790627623 10
0.9999830280530486 40
11 2.373318775812912 1.6363046629838873 0.4691768000047887
0.9513262599883069 10
0.9999542089267482 40
12 2.1034595321130523 1.4197508035911461 0.7341389999928651
0.9702228786870936 10
0.9999842657203288 40
13 1.9442511919708092 1.2663075835958415 0.7149861999932909
0.9851656402083409 10
0.9999801147494264 40
14 1.8219055099283756 1.1033182603491922 0.42467029999534134
0.931362509173923 10
0.9999492778995773 40
15 1.5762235777443485 0.9038211059051013 0.4197642000071937
0.9655679941966016 10
0.9999755193996923 40
16 1.4279266107099 0.7512667364980912 0.43363480000698473
0.9339264964853212 10
0.9999472578062958 40
17 1.338777012188905 0.6867218807774452 0.42497600000933744
0.9320916147693 10
0.9999633600267461 40
18 1.26663009252173 0.599670183867378 0.41257970000151545
0.8991723662046023 10
0.999915109300519 40
19 1.1959055720089913 0.5444265327717897 0.4062816999939969
0.9002671293158578 10
0.9999414433342128 40
20 1.13871867801492 0.4785142958319997 0.395617600006517
0.9064619313843565 10
0.9999374184503372 40
21 1.0861875938510828 0.43776920124514895 0.4345527999976184
0.807031193796606 10
0.9999060574716138 40
22 1.0320968615411075 0.38299125087324043 0.7718108999979449
0.9194200888665717 10
0.9999410149165673 40
23 0.9860617286985612 0.3490484556360734 0.5278983000025619
0.7263310570756554 10
0.999411115617812 40
24 0.9504548123500255 0.31128810635259074 0.6100688000005903
0.8915656808045508 10
0.9999552044146547 40
25 0.9225936694186925 0.2927377812625682 0.41783740000391845
0.7523319083685317 10
0.999944221423075 40
26 0.8995407187791494 0.26803819318603156 0.7811082000116585
0.8094792931101558 10
0.9999689906225285 40
27 0.8797327947454978 0.25589611217892244 0.42707780000637285
0.8642997532920078 10
0.9999663232295888 40
28 0.8624239989267789 0.2361993663636986 0.5794568000128493
0.8933253395363847 10
0.9999708814977823 40
29 0.8478291602376361 0.2285475984881535 0.4061560999980429
0.872941232338907 10
0.9999621042818588 40
30 0.8349393134904088 0.21275904095617137 0.783869599996251
0.8793672834083465 10
0.9999681161815547 40
31 0.8240511033205817 0.2078622153336944 0.4200012999936007
0.857297144553267 10
0.9999628734142043 40
32 0.8136533000228215 0.19564334917452963 0.4068757000059122
0.8293135281291822 10
0.9999614244613356 40
33 0.8047827234249365 0.1908721652692748 0.4932564999908209
0.8323389552164971 10
0.9999657094790501 40
34 0.7964353411834559 0.18172918838151533 0.4765260000131093
0.7639827373964607 10
0.9999582458128141 40
35 0.7889611981030995 0.17647902062435125 0.4329942000040319
0.7477947567426126 10
0.9999507990469066 40
36 0.781706962811257 0.16934322789013015 0.4262713999924017
0.6735169816405799 10
0.9999478694439281 40
37 0.7751481194072872 0.16372498189527737 0.43760950000432786
0.7076895846941719 10
0.9999570861121697 40
38 0.7691790988251618 0.15878874218730687 0.5457829000079073
0.4775534444057438 10
0.9998128321677526 40
39 0.7631721854284117 0.15260130087068227 0.417110499998671
0.3079221924824902 10
0.9998667091129824 40
40 0.7576091564421419 0.1465359682139679 0.4417080999992322
0.4541305048568133 10
0.9998827266702714 40
41 0.7527585912202305 0.14291257934015186 0.4140735999972094
42 0.47416138333348845
-------------------------------------------------END------------------------------------------------------
6
-------------------------------------------Classical LM---------------------------------------------------
353.9311079885533 366.62403704993835
0 353.9311079885533 366.62403704993835 0.9299358999996912
1 313.65294048530075 328.95809738720106 0.952436099993065
2 148.79889693953794 149.04616402134576 1.0533476000127848
3 148.79889693953794 149.04616402134576 1.486183400003938
4 148.79889693953794 149.04616402134576 0.984206399996765
5 70.59683689351971 73.16850420177848 0.9854366000072332
6 70.59683689351971 73.16850420177848 0.9095130999921821
7 33.49138372491861 30.99342981823892 0.9531723999971291
8 33.49138372491861 30.99342981823892 0.950302900004317
9 16.07141007528585 14.163876099815413 0.9508932000026107
10 16.07141007528585 14.163876099815413 0.926024000000325
11 9.574437426760857 8.486384714690715 0.9424310000031255
12 5.740826127263942 4.511929947353524 0.9167986000102246
13 4.8573044887990235 3.8692251398548967 0.8992956000001868
14 4.7909227503520535 3.6584680729013943 0.9652961000101641
15 3.403653122659481 2.431916257687639 1.70287749999261
16 3.403653122659481 2.431916257687639 0.9141530999913812
17 3.215919739418695 2.489659557730058 0.9938900999986799
18 1.7517943418964554 0.9955731285100865 0.9111444000009215
19 1.7517943418964554 0.9955731285100865 0.8819075999927009
20 1.5101823600377178 0.8317956873362957 0.9633589000004577
21 1.4184799590350863 0.7405679522010628 0.9153723000054015
22 1.4184799590350863 0.7405679522010628 0.9222186999977566
23 1.2896029819843513 0.6999291854367957 1.2320379999873694
24 1.274966136230035 0.6662614307283349 1.0384650999912992
25 1.274966136230035 0.6662614307283349 1.0349596000014571
26 1.01868893755498 0.44745785993408593 0.9374221000034595
27 0.9789098508325598 0.3969947127809344 0.9490681000024779
28 0.9720307745223506 0.3832876150021791 0.9737258000095608
29 0.8777335913320583 0.28174049844969945 0.9290424000064377
30 0.8777335913320583 0.28174049844969945 1.0012895000108983
31 0.804665255078136 0.2154989772975788 0.8855381999892415
32 0.8042551694250673 0.21341788586758456 0.899826299995766
33 0.9967142606064127
-------------------------------------------------END------------------------------------------------------
-------------------------------------------Krylov LM---------------------------------------------------
353.9311079885533 366.62403704993835
102
0 353.9311079885533 366.62403704993835 1.253547800006345
1 313.65313445927603 328.95826335761006 0.06621679999807384
102
2 134.61125023976803 135.99307675496487 1.2416921999974875
102
3 134.61125023976803 135.99307675496487 1.2447288000112167
4 88.76225272122524 89.14782177972926 0.06759439999586903
102
5 88.76225272122524 89.14782177972926 1.2231593000033172
6 88.76225272122524 89.14782177972926 0.0751103999937186
7 42.696250954916835 41.295785221915764 0.060739100008504465
102
8 42.696250954916835 41.295785221915764 1.246037199991406
9 31.175760837084475 30.87024951483109 0.07241670000075828
102
10 29.096002295625162 25.691505438152767 1.2148270000034245
102
11 28.671821462230955 26.64530531060203 1.2192635999963386
102
12 18.706668741955525 18.547369644519502 1.2148855999985244
102
13 18.706668741955525 18.547369644519502 1.252174000008381
14 8.874684366220919 7.89178198068339 0.05581980000715703
102
15 7.76357428627639 7.389926831181865 1.226598399996874
102
16 3.2146363349295135 2.4840789428299264 1.2443876000033924
102
17 3.2146363349295135 2.4840789428299264 1.2370109999901615
18 2.7117498196517253 2.095036671419884 0.07490310000139289
102
19 2.161860724859859 1.4959206445761692 1.225761199995759
102
20 2.161860724859859 1.4959206445761692 1.2242248999973526
21 2.019762228147614 1.3664190200973854 0.04980930000601802
102
22 1.5523367133999557 0.867978112838875 1.2210890999995172
102
23 1.3996748689992218 0.7736679155872727 1.213461899998947
102
24 1.3996748689992218 0.7736679155872727 1.2331477999978233
25 1.2560322817994771 0.6364604288361859 0.06759959999180865
102
26 0.9775687978093348 0.34782406759727263 1.2244082999968668
102
27 0.96258909284737 0.3373906021826513 1.240285899999435
102
28 0.9289512314325304 0.30463600040080635 1.2281722000043374
102
29 0.9020575052520795 0.280160034042267 1.2153756000043359
102
30 0.9020575052520795 0.280160034042267 1.2185364000033587
31 0.9020575052520795 0.280160034042267 0.06261300000187475
32 0.9001933053346572 0.2763538844450889 0.05553939999663271
33 0.8415496181820125
-------------------------------------------------END------------------------------------------------------
------------------------------------Reduced subspace LM---------------------------------------------------
353.9311079885533 366.62403704993835
0.99179461362368 10
0 331.08792823906737 342.131355655555 0.09348369999497663
0.9945412950180731 10
1 299.2177012622107 307.37107009151566 0.09296419999736827
0.9953092727685569 10
2 265.67772965506276 271.0046784870999 0.10303379999822937
0.9968351073462283 10
3 236.96460774486474 240.73722058380602 0.09495450000395067
0.995952232873767 10
4 195.9601733980686 197.2015874767857 0.10539920000883285
0.972114703069532 10
0.999996379522859 40
5 188.7430427814924 189.3788027691818 0.7137670000083745
0.9634097057622502 10
0.9999880300340317 40
6 148.0297842762636 146.2776084956278 0.4816094999987399
0.82713676301052 10
0.9952656016726955 40
7 108.62666073563958 111.48256577008468 0.8155888999899616
0.8211728898536002 10
0.9903968526833944 40
8 61.7376555612169 60.28799884283789 0.43295930000022054
0.9417201432529214 10
0.999286302938805 40
9 15.408407575101545 14.28633292583029 0.7132786999864038
0.8109415713720447 10
0.9996509516442718 40
10 8.863453688261288 7.461427364462008 0.41390559999854304
0.8892852453629927 10
0.9998386701557562 40
11 5.617431311627196 4.773365186190751 0.41921069999807514
0.89536285152171 10
0.9995445300936016 40
12 4.297298187854151 3.543470188425964 0.4145914999971865
0.7344160593549744 10
0.9996749916217875 40
13 2.996373919956969 2.3556859568199497 0.4110692999965977
0.8024733949896697 10
0.9996671036621037 40
14 2.3456123651634857 1.7005466868589434 0.43598380000912584
0.8118834330503207 10
0.9998262861869405 40
15 1.9337206645767306 1.3056003261555533 0.44076149999455083
0.9355056927800304 10
0.9998934553684014 40
16 1.4902118580943815 0.8237843010746398 0.4131706000043778
0.8216121812020125 10
0.9998208819802548 40
17 1.382907573123302 0.7408600499733146 0.4066935000009835
0.8464190550213004 10
0.9998146490915316 40
18 1.2728326656477618 0.634346131520336 0.41380080000089947
0.937127233167249 10
0.9999209893765089 40
19 1.2204115865728886 0.5998491181803525 0.43745660000422504
0.845452724746741 10
0.999847412096727 40
20 1.1371931199100207 0.4998181594282956 0.43368630000622943
0.9666973211110137 10
0.99991733679251 40
21 1.0886118989959896 0.46348014908869095 0.44713299999420997
0.8604562793473882 10
0.9998171568026333 40
22 1.035373348046928 0.39786583853599666 0.5336810000007972
0.9648756394663166 10
0.9999005474417202 40
23 0.9999875529429665 0.3710961628658857 0.43310740000742953
0.815638340578447 10
0.9995551894878891 40
24 0.9627259804799931 0.32894064543047175 0.42343360000813846
0.9246820096762915 10
0.9996319883540941 40
25 0.937286803322547 0.3043966345713802 0.4158776999975089
0.8236498828118092 10
0.9997854454435603 40
26 0.9105427551181814 0.2754597602117103 0.4214980000106152
0.8393909724193598 10
0.999534862390802 40
27 0.888995288163142 0.2545377582199462 0.4000776000029873
0.8236504863779147 10
0.9998658960250887 40
28 0.8672730981434139 0.23447419855103754 0.4088910999998916
0.7855484994891375 10
0.9997458920557417 40
29 0.8508129780719562 0.21842095870017147 0.42056939999747556
0.7868075286195889 10
0.9998760702828474 40
30 0.8334962887251842 0.20471647536618878 0.41236420000495855
0.7506463226585671 10
0.9997434605962264 40
31 0.8203383745986459 0.19084022857164018 0.438650999989477
0.7668306459187937 10
0.9998948091886114 40
32 0.807122385958625 0.18213743537281177 0.42113880001124926
0.7303937637134482 10
0.9995942948110563 40
33 0.7969543242648524 0.1697285325552596 0.43488450000586454
0.7154777028771014 10
0.9998223658820048 40
34 0.7861922619907519 0.1647349204724103 0.42786480000359006
0.8101214731953397 10
0.9997423781527577 40
35 0.778106577591495 0.15332528760853212 0.42104469999321736
0.8283554001897038 10
0.9997569475098592 40
36 0.7700155453540481 0.1504701746960244 0.42159860001993366
0.926484787783009 10
0.9999080976808287 40
37 0.7643646412689135 0.14291991575140564 0.4201893999997992
0.9420063011710985 10
0.9998865378733325 40
38 0.7570690939384364 0.13970921749660647 0.43025229999329895
0.9649381552330608 10
0.9999272604564294 40
39 0.7512135511283694 0.13134912938768564 0.44795800000429153
0.9677512201932982 10
0.9999414039421209 40
40 0.7456800648917591 0.12957646246947296 0.41403479999280535
0.9706263770621707 10
0.9999290142014742 40
41 0.7405004724184518 0.12210354821571358 0.4504914999997709
0.9731976418744759 10
0.9999432637597439 40
42 0.7356948793819115 0.12081140696355623 0.43974910001270473
43 0.4132990581406481
-------------------------------------------------END------------------------------------------------------
7
-------------------------------------------Classical LM---------------------------------------------------
415.13930583521716 436.75075950080213
0 415.13930583521716 436.75075950080213 0.9297030000016093
1 237.4416582843842 249.89888760608343 0.9288009000010788
2 151.59381688965786 151.00892961439578 0.8815873999847099
3 151.59381688965786 151.00892961439578 0.932058699982008
4 151.59381688965786 151.00892961439578 0.926054200012004
5 113.90204793826518 116.58335322673332 0.9607487999892328
6 62.25689583959747 58.2409126788716 0.8794718999997713
7 62.25689583959747 58.2409126788716 0.9206066999759059
8 35.74882608747715 33.453402586268645 0.9246627999818884
9 33.13107943164595 32.009511556777625 0.8581900999997742
10 33.13107943164595 32.009511556777625 0.9385018000029959
11 11.152738503679453 10.244064771083071 0.9185524999920744
12 11.152738503679453 10.244064771083071 0.9566568000009283
13 5.066455356949127 4.398761813707671 1.3486010000051465
14 5.066455356949127 4.398761813707671 0.9631740999757312
15 3.029055847669147 2.4918549435740895 0.9537645999807864
16 2.171577993133162 1.6373267802400406 0.922201799985487
17 1.7154540727537293 1.1081205750427134 0.924720500013791
18 1.4109825574829715 0.8397318789344103 0.9325164000038058
19 1.4109825574829715 0.8397318789344103 0.9261935999966227
20 1.1535136437015094 0.5613390476557757 1.0943215999868698
21 1.1242410480996659 0.49254694436483953 0.9004724000114948
22 1.1242410480996659 0.49254694436483953 0.9805754999979399
23 0.8461927170220628 0.24408970249258555 0.9942458999867085
24 0.8156297413749249 0.21311155167247445 0.8747098000021651
25 0.7367245761556531 0.13091654039109937 0.9613910999905784
26 0.7333759732201303 0.12563954342508799 0.8914767000242136
27 0.7333759732201303 0.12563954342508799 0.8765530999808107
28 0.675908789206569 0.06690235736333233 0.8960395000176504
29 0.675908789206569 0.06690235736333233 0.8534723999910057
30 0.6676717383894749 0.05910536719278429 0.9250217000080738
31 0.6621633874237949 0.05365057976486083 0.8947604999993928
32 0.6581482235632586 0.050544158245375156 0.9232010999985505
33 0.939182087875176
-------------------------------------------------END------------------------------------------------------
-------------------------------------------Krylov LM---------------------------------------------------
415.13930583521716 436.75075950080213
102
0 415.13930583521716 436.75075950080213 1.204062899982091
1 237.45418539821435 249.91980297293188 0.055252699996344745
102
2 146.19058749074867 145.6950151625051 1.2246835000114515
102
3 146.19058749074867 145.6950151625051 1.2078205999860074
4 146.19058749074867 145.6950151625051 0.06266319999122061
5 127.46722833007192 136.86837791040847 0.04708829999435693
102
6 45.13203652766726 41.68869282935145 1.2444375999912154
102
7 45.13203652766726 41.68869282935145 1.207085600006394
8 40.925130937144914 40.296458764794934 0.058836499985773116
102
9 40.925130937144914 40.296458764794934 1.212447300000349
10 15.017588324664137 14.68145732908356 0.05209209999884479
102
11 9.331061859798085 8.452601773932289 1.2207092999888118
102
12 9.331061859798085 8.452601773932289 1.2210055000032298
13 6.116072757938391 5.531221021336261 0.05802409999887459
102
14 2.9673323812937835 2.32691165193738 1.21996560000116
102
15 2.9673323812937835 2.32691165193738 1.2303632000111975
16 2.322330937384304 1.7369726743385996 0.0614734000118915
102
17 2.322330937384304 1.7369726743385996 1.2352213000121992
18 2.001452549630565 1.4629508079492706 0.058980199974030256
102
19 1.6447454590905233 1.0787051864174408 1.2309830999874976
102
20 1.489044623269981 0.9863655375588721 1.2440585999866016
102
21 1.489044623269981 0.9863655375588721 1.2216090000001714
22 1.1785505161913286 0.6284139553440337 0.05791709999903105
102
23 1.0907433242267943 0.5334434868392409 1.3184374999837019
102
24 0.9664485392526089 0.3785899339111395 1.6077869000146165
102
25 0.9664485392526089 0.3785899339111395 1.2928900999831967
26 0.8906458587406391 0.3012081778369261 0.07626030000392348
102
27 0.8345521891646449 0.22534611078922884 1.2535627000033855
102
28 0.824212229637634 0.22967355906029618 1.2480600000126287
102
29 0.8210051367992637 0.22255537258889366 1.2888287999958266
102
30 0.8210051367992637 0.22255537258889366 1.2639558999799192
31 0.8172050881282774 0.23345890310857162 0.06776729997363873
32 0.8454478187459245
-------------------------------------------------END------------------------------------------------------
------------------------------------Reduced subspace LM---------------------------------------------------
415.13930583521716 436.75075950080213
0.9891093972895522 10
0.9999898511756559 40
0 374.19980074224435 391.732631501973 0.42696800001431257
0.982289222648845 10
0.9999810034933264 40
1 287.5889449396478 298.22717202863544 0.6586962000001222
0.6021038383019124 10
0.9971162847951067 40
2 264.4290454457529 273.66413146374765 0.6462456999870483
0.7820373070943709 10
0.9990968104737135 40
3 231.36007590774213 240.8678660659538 0.4881820000009611
0.9386116050771264 10
0.9999062263361927 40
4 152.73780132913794 149.57959757326125 0.44416879999334924
0.9792583684065492 10
0.9999864580353761 40
5 94.33352130432495 93.90704191726513 0.4106485999946017
0.8604756361420809 10
0.9999071261252328 40
6 76.45907055852643 75.24315821601937 0.4260307000076864
0.9826778474220077 10
0.9999597276057315 40
7 48.18294348399814 47.7009688274332 0.4644444999867119
0.9787184986984733 10
0.9999716353942443 40
8 30.842003115859068 30.133472040408627 0.45329549998859875
0.9591671766361776 10
0.9999303580359132 40
9 19.433035568712018 18.304083350580985 0.4719325000187382
0.9758783650083538 10
0.9999646915076499 40
10 10.504585985005065 9.290644744057492 0.4263912999886088
0.9887654552940017 10
0.9999838483786281 40
11 4.718455070808273 3.526155925994976 0.4103173000039533
0.9708681849213215 10
0.9999892480430637 40
12 3.373525269018214 2.3590991057871222 0.4135715000156779
0.9493493554206841 10
0.9999886052674705 40
13 2.832654874780935 1.9722966140415237 0.41307929999311455
0.9733277902738152 10
0.9999947897997549 40
14 2.645495817148244 1.7525283319869782 0.42544099999940954
0.9898747963618145 10
0.9999920384484378 40
15 2.2835637885311915 1.4942127868317734 0.41069900000002235
0.9480306255056593 10
0.9999922945764887 40
16 2.13647534982645 1.3193687059728096 0.5256459999945946
0.9901509035134621 10
17 2.0845608979347867 1.268591172432611 0.10696489998372272
0.00020864442768616553 10
0.9845839922637075 40
0.9990514021770615 70
18 1.861527563966811 1.1075270026791173 1.0179218999983277
0.9399827631341497 10
0.9999470595018819 40
19 1.7249364350325487 1.0050393401049267 0.4237042000168003
0.9835686604513619 10
0.9999863800067715 40
20 1.6067266079874654 0.8949501478274201 0.5387210999906529
0.9711452748096121 10
0.9999923125934582 40
21 1.5158322007492524 0.8090285075970879 0.41781499999342486
0.9324310446271006 10
0.9999850740267872 40
22 1.4210958886818168 0.7325974848317439 0.41809700001613237
0.9710723717136518 10
0.9999921751608002 40
23 1.3390360451664538 0.6515153825195783 0.4662022000120487
0.9403038419301677 10
0.9999835803091274 40
24 1.2764086117647042 0.6036887257373846 0.4309126000152901
0.9739114210823573 10
0.9999929662939097 40
25 1.2261610888031145 0.5480662389299935 0.4163070000067819
0.9115314262085044 10
0.999956791838763 40
26 1.1849872557567493 0.5163378943869001 0.44817290001083165
0.9723693530894394 10
0.9999872424448891 40
27 1.1479861204679092 0.47975370074160945 0.41751950001344085
0.879700920581003 10
0.999791381603968 40
28 1.1171200827658572 0.45877577931555524 0.4217560999968555
0.9648062150131759 10
0.9999865825272747 40
29 1.092477893689955 0.42668231924767724 0.5318075999966823
0.8163663416902505 10
0.999875546665816 40
30 1.0699067883923494 0.41470250154872373 0.7963003999902867
0.9548583980756562 10
0.9999949044625692 40
31 1.0500192941887967 0.3899113168640431 0.41335849999450147
0.7955762656123522 10
0.9999270983620087 40
32 1.0310127035784833 0.3788803923318274 0.587849700008519
0.9394572898005692 10
0.9999940984383308 40
33 1.0155285467038786 0.36188002858883467 0.5365635999769438
0.7209500578697554 10
0.9998954452017021 40
34 1.0006752472735736 0.35055957717446834 0.47946679999586195
0.9030238047931084 10
0.9999913181653852 40
35 0.9877967345575973 0.3373536809271915 0.8018241999961901
0.6540660205387145 10
0.9999638471339642 40
36 0.9761914751214276 0.3303201876115689 0.4475644000049215
0.829353206567961 10
0.9999883551315784 40
37 0.9652519287839012 0.3173997674143865 0.44980329999816604
0.6715851284178267 10
0.9999785249072726 40
38 0.9544757681802021 0.312941860007276 0.44857030001003295
0.8236033120404367 10
0.9999911291961724 40
39 0.9452750634741944 0.3009180771188581 0.4390608000103384
0.7273312421148294 10
0.9999802102532688 40
40 0.935715742084899 0.29547016283842453 0.6448709999967832
0.7314610538573694 10
0.9999849067784924 40
41 0.9269330841274681 0.28543449973242796 0.7414958000008482
0.7511548762939828 10
0.9999821042482788 40
42 0.9192963306426644 0.28018237602196133 0.6185269999841694
0.7194553711484503 10
0.9999745592277696 40
43 0.9124115746361836 0.2705405920490104 0.4352142999996431
0.7431088448085785 10
0.999983529068438 40
44 0.9054034532997485 0.26684866301022636 0.4182899000006728
0.6112161764901396 10
0.999928209908913 40
45 0.8985487759996346 0.25892096653261637 0.5321244999940973
0.7983625200291631 10
0.9999810607163243 40
46 0.8922467093395591 0.2533693366671918 0.4181024999998044
0.5558342180829773 10
0.9999065550506379 40
47 0.8867207441847297 0.2472127131700466 0.41447980000521056
0.7152018901990489 10
0.9999866063500791 40
48 0.8807856014355184 0.24238350689070556 0.4125781999900937
0.5851120534640731 10
0.9999313251289169 40
49 0.8752468309371502 0.23601557726443223 0.42860499999369495
0.7817256631297967 10
0.9999853294447341 40
50 0.870202003094642 0.2318381144419085 0.4210124000092037
0.5264906404597476 10
0.9996430707366609 40
51 0.8651921248260229 0.22614880695132455 0.40790459999698214
0.7647450551490251 10
0.9999942646633175 40
52 0.8603953916529126 0.22100887951865142 0.513258399994811
53 0.4863865150941562
-------------------------------------------------END------------------------------------------------------
8
-------------------------------------------Classical LM---------------------------------------------------
405.71760550028216 424.02770485709755
0 405.71760550028216 424.02770485709755 0.9397947000106797
1 322.33139469986844 333.8487796560592 0.9476671000011265
2 201.76700497162275 201.6743478199058 0.9331950999912806
3 150.1167014973741 154.79762937222182 0.9031062999856658
4 150.1167014973741 154.79762937222182 0.8595523999829311
5 77.39501493809377 74.8026914052556 0.9955568000150379
6 77.39501493809377 74.8026914052556 0.9117452999926172
7 77.39501493809377 74.8026914052556 1.1458979999879375
8 31.06882105942449 29.569651546688625 1.1680545999843162
9 31.06882105942449 29.569651546688625 1.5368642999965232
10 31.06882105942449 29.569651546688625 1.1536277999985032
11 15.005064001839 13.415730130656618 0.9492752999940421
12 9.464232712247778 8.235523041056418 0.9604430999897886
13 6.434741660865051 5.545544994792504 1.0911359999736305
14 5.630995518467603 5.071185289704072 0.946770300011849
15 5.630995518467603 5.071185289704072 0.960017900011735
16 3.2352477137877846 2.4825585640915944 0.9480136999918614
17 3.1443672343481572 2.434515100082419 0.9227427000005264
18 3.1443672343481572 2.434515100082419 0.9240706999844406
19 2.4408414298472443 1.763061537757429 0.9722211999760475
20 2.278353067036002 1.5865877326472073 0.8926071999885608
21 2.278353067036002 1.5865877326472073 0.927094999991823
22 1.9982352792054814 1.268933161267373 0.9579006999847479
23 1.8991938669320014 1.1822701983703514 0.9106953000009526
24 1.8991938669320014 1.1822701983703514 0.9278348000079859
25 1.7617359953416751 1.033084604827132 0.9178508999757469
26 1.65336947386963 0.94795392122092 0.8990197000093758
27 1.5914882685426774 0.9130792362041716 0.8922487999952864
28 1.5914882685426774 0.9130792362041716 0.910381800000323
29 1.3038724787402687 0.6350163936533124 0.9460686000238638
30 1.2078651322614493 0.5828745148406995 0.9386987999896519
31 1.1263011724317669 0.5089123865157327 0.8762699000071734
32 1.1263011724317669 0.5089123865157327 0.9213672000041697
33 0.9644903799926691 0.35561412910190926 1.1320422000135295
34 0.9644903799926691 0.35561412910190926 0.894522299990058
35 0.9000120381338776 0.3033250404908756 0.9903307000058703
36 0.8885906260949723 0.29579088357468714 1.1295628999941982
37 0.8885906260949723 0.29579088357468714 0.9277165000094101
38 0.8471190619517903 0.25914246381722716 0.8855317000125069
39 0.8415486638892388 0.25677443335195765 0.9006432000023779
40 0.8415486638892388 0.25677443335195765 0.9153325999795925
41 0.8105314831299525 0.22615699002596662 1.0089978000032715
42 0.7984753132735645 0.21537466407449146 0.8957742000056896
43 0.7984753132735645 0.21537466407449146 0.8735838000138756
44 0.7853035569291493 0.20094271809298783 0.9243403000000399
45 0.7733454303265094 0.1885284803425719 0.885697000019718
46 0.7629128698509534 0.17654030038616275 0.9107826999970712
47 0.7629128698509534 0.17654030038616275 0.8823119000007864
48 0.7390432517091949 0.1466724914466345 1.0889543000084814
49 0.7264210595623717 0.13164004035532567 0.9601645999937318
50 0.7237752316287498 0.1268526337764564 1.282554799981881
51 0.9720908921547508
-------------------------------------------------END------------------------------------------------------
-------------------------------------------Krylov LM---------------------------------------------------
405.71760550028216 424.02770485709755
102
0 405.71760550028216 424.02770485709755 1.2743178000091575
1 322.3738012241991 333.89202268501117 0.0775967999943532
102
2 205.9454046573002 206.67351046377766 1.2367148000048473
102
3 122.31663682445581 127.4084261035266 1.2099813000240829
102
4 122.31663682445581 127.4084261035266 1.2258865000039805
5 108.715361506906 108.67995741461328 0.05672480000066571
102
6 58.05437272217416 54.75992893517476 1.2270120999892242
102
7 58.05437272217416 54.75992893517476 1.2189399999915622
8 54.6550262213761 52.821000884902716 0.057334300014190376
102
9 54.6550262213761 52.821000884902716 1.2331440999987535
10 54.6550262213761 52.821000884902716 0.055719299998600036
11 34.93403635260051 35.57656300201271 0.056340300012379885
102
12 27.492702083029133 26.10198433106888 1.2371774000057485
102
13 19.79705049081097 20.326080812714842 1.2189711999963038
102
14 17.197158230115225 16.379944682392807 1.2205439999816008
102
15 5.567845131097333 4.979235827069244 1.2354849000112154
102
16 5.0322979466163575 4.231795287979101 1.2185487999813631
102
17 3.6356997742318513 2.9462669116955706 1.1996223999885842
102
18 1.9181060721097678 1.2569719675378819 1.252091999980621
102
19 1.9181060721097678 1.2569719675378819 1.1862391000031494
20 1.9181060721097678 1.2569719675378819 0.053334099997300655
21 1.9181060721097678 1.2569719675378819 0.062205900001572445
22 1.8719954865155206 1.2216682135208279 0.046088900009635836
102
23 1.320874358572232 0.7059667645324452 1.2178071000089403
102
24 1.320874358572232 0.7059667645324452 1.2186239000002388
25 1.280175200270636 0.7348520204902657 0.07028630000422709
102
26 1.0793903260466169 0.48940776962325255 1.2408426000038162
102
27 1.0793903260466169 0.48940776962325255 1.2243708999885712
28 1.0793903260466169 0.48940776962325255 0.04771980000077747
29 0.9801960083607548 0.4058414040783268 0.07141020000563003
102
30 0.8952742417512385 0.2997346196697369 1.2200041000032797
102
31 0.8952742417512385 0.2997346196697369 1.2144429000036325
32 0.8553970423281331 0.257041825241319 0.04785629999241792
102
33 0.8276098330086851 0.22766881025207386 1.2227472999948077
102
34 0.80925088829794 0.20561007678354748 1.1975624000187963
102
35 0.7908724519262805 0.1734357428718117 1.206786499998998
102
36 0.7846410621787203 0.17152149496498953 1.2046643999929074
102
37 0.7613000273028377 0.1489982783459828 1.2544462000078056
102
38 0.7552059218447351 0.1466144835654418 1.2070342999941204
102
39 0.7332315829217371 0.12531697950081044 1.2218466000049375
102
40 0.7248944862932134 0.11878965390199926 1.2062918999872636
102
41 0.7121921569583229 0.10731228532997819 1.2183073999767657
102
42 0.704793497039481 0.10057489157069423 1.2470169000152964
102
43 0.6953667693310268 0.09149232497887498 1.5334313999919686
102
44 0.6915985856399961 0.0878262449152927 1.2683706999814603
45 0.9204864644439011
-------------------------------------------------END------------------------------------------------------
------------------------------------Reduced subspace LM---------------------------------------------------
405.71760550028216 424.02770485709755
0.9932788030642078 10
0 375.93934054302235 392.0018014753974 0.10481409999192692
0.988450510966483 10
0.9999896180871739 40
1 317.5891954766589 329.0090412216881 0.4404596000094898
0.9269665777078059 10
0.9998846303553952 40
2 220.83275655392126 226.49863973805108 0.5445542000234127
0.8810304615982335 10
0.9978627318264282 40
3 209.90853719032015 214.32515787748667 0.4293044999940321
0.9423094429877193 10
0.998453233927318 40
4 66.45856610901025 66.83095076167633 0.46631009998964146
0.8792874888098567 10
0.9981426858616764 40
5 44.33891597268737 42.203921891909296 0.4408590999955777
0.9248374767110696 10
0.9992645174890893 40
6 12.652551496514624 11.935560341945159 0.4204325000173412
0.911615623973523 10
0.9998190497780349 40
7 8.804402659295949 7.487405527653938 0.4475031000038143
0.9640346528459427 10
0.999822360618144 40
8 3.701937720864045 2.925851779175471 0.41376349999336526
0.9339577129670337 10
0.9997149454535552 40
9 3.2210676879449065 2.5544664374239 0.4602610000001732
0.9779403970422496 10
0.9999547903134757 40
10 2.5755337617368887 1.9125435802557385 0.43723789998330176
0.904414446981254 10
0.9998149343247533 40
11 2.3632102753188193 1.7015236026544753 0.4169594999984838
0.8768289902017279 10
0.9998681170573241 40
12 1.9996586619170837 1.3311886195297757 0.4398788000107743
0.9390460824298509 10
0.999896765249017 40
13 1.7765917951247139 1.0903619343747821 0.41846389998681843
0.8941592764052121 10
0.9998916441793019 40
14 1.5880340297464228 0.9049679921534345 0.5300555999856442
0.9496797281024462 10
0.9999255628579614 40
15 1.4720722958797225 0.7800267054970056 0.4151892000227235
0.685567609142753 10
0.999629176327835 40
16 1.3882888046834811 0.7266139138417138 0.40261889999965206
0.908017852406652 10
0.999905881322902 40
17 1.3340259089778486 0.6761057947407694 0.43168680000235327
0.5742190892999532 10
0.9997997546301547 40
18 1.2841277535703524 0.638621834568044 0.41425440000602975
0.6600686489537981 10
0.9992365878740133 40
19 1.2611846287054143 0.6281576436822688 0.43945370000437833
0.6529553430647757 10
0.9998318908699858 40
20 1.2052055334296998 0.5593674502237946 0.42460910000954755
0.6046983066932291 10
0.9995468470810069 40
21 1.182677709144402 0.5489302836693014 0.45184109997353517
0.7092723121131427 10
0.9998397792579073 40
22 1.1282546837475294 0.48922310374709504 0.4276634000125341
0.6985027136367002 10
0.9998416878707366 40
23 1.1180491916270667 0.48708041411051795 0.5765734000015073
0.8160264606838021 10
0.9998810805068176 40
24 1.0670334299214435 0.43273821364177334 0.42606899997917935
0.7681598208132998 10
0.9998841024587278 40
25 1.0583779248594685 0.4290197702780164 0.9162275999842677
0.8617699641479006 10
0.9998866036072002 40
26 1.0148978070556063 0.38398492179966437 0.4294483999838121
0.8119972664260675 10
0.9998660517592013 40
27 1.0066274371983426 0.3778813600985378 0.9748263999936171
0.8895168147628736 10
0.9998836578911261 40
28 0.969934111795349 0.3406176656947285 0.43571869999868795
0.8556725970113654 10
0.9998456275151055 40
29 0.9614388609520796 0.33323453306342354 0.9573794000025373
0.9081863224253655 10
0.9998872414320862 40
30 0.930700478098476 0.30217668836068406 0.8713080000015907
0.8905462748509507 10
0.999839887322134 40
31 0.9219888381158251 0.2948419803155797 0.6502293999947142
0.9203567375487625 10
0.9998958625476732 40
32 0.8962892170555897 0.2684845374608541 0.42154159999336116
0.9097365540380675 10
0.9998382120378514 40
33 0.8874164602220324 0.26135468506702214 0.4231230999866966
0.9258519497577126 10
0.9998932615885905 40
34 0.8663481321325637 0.23921333066798992 0.4270054000080563
0.915469492852618 10
0.9998293666229091 40
35 0.8577460059058887 0.2334704372585872 0.4166253000148572
0.9287288108210882 10
0.9998799451029181 40
36 0.8400324061986836 0.2140595676674329 0.4123519000131637
0.923364744446201 10
0.9998256274331717 40
37 0.8317107846108899 0.20813431619819453 0.4383449000015389
0.9259239314143182 10
0.9998716881424303 40
38 0.8172417743955082 0.19246489848203496 0.4295509000075981
0.923537588459757 10
0.9998222956423569 40
39 0.8095468575276357 0.18701113002926373 0.4417935000092257
0.9235699955317016 10
0.9998625137971631 40
40 0.7973322789948725 0.1737545486925356 0.4367381000192836
0.927138368307689 10
0.9998264886391779 40
41 0.7901915198552378 0.16787072978116163 0.4597222000011243
0.9151522809083584 10
0.9998588016212869 40
42 0.7801146118470207 0.15759005028724768 0.42875979997916147
0.9270766781017659 10
0.9998284543587438 40
43 0.7736676266846032 0.15176312954641724 0.4303000000072643
0.907829104121392 10
0.9998750646606616 40
44 0.7651605154454127 0.14346505648308513 0.41413269998156466
0.9265536002584418 10
0.9998521818528567 40
45 0.7593003536373117 0.1378601378898108 0.4504322000138927
0.8954847746161934 10
0.9998932249757038 40
46 0.7519096943755645 0.1314636294693903 0.4021597999962978
0.9232867392004188 10
0.9998436418309872 40
47 0.7466411067538893 0.12644532875751377 0.4381366000161506
0.8670306692362865 10
0.9998995104983193 40
48 0.740473979550332 0.12074126667762451 0.4293967999983579
0.9152952348116574 10
0.9998204598754244 40
49 0.7359962479371673 0.11644960625834781 0.42249649998848327
50 0.47557131199981084
-------------------------------------------------END------------------------------------------------------
9
-------------------------------------------Classical LM---------------------------------------------------
377.54249336411834 399.7505787112195
0 347.84854605188457 353.484116259939 0.8942795000039041
1 347.84854605188457 353.484116259939 0.8797445000091102
2 347.84854605188457 353.484116259939 1.0105445999943186
3 330.55947425779766 340.53957983832544 0.9982799999997951
4 202.91897130384856 189.92100231570086 0.875481299997773
5 202.91897130384856 189.92100231570086 0.9006596000108402
6 202.91897130384856 189.92100231570086 0.9532400999742094
7 122.1222841242781 128.57089688037826 0.9366479000018444
8 112.8078708942769 105.84929835120053 0.9077148000069428
9 51.80059852305686 50.09993169341523 0.8435216999787372
10 51.80059852305686 50.09993169341523 0.8888180000067223
11 51.80059852305686 50.09993169341523 0.9237979000026826
12 36.37518058836855 36.13131688245481 0.982058199995663
13 36.37518058836855 36.13131688245481 0.887743799976306
14 17.50724104333795 15.941268429226383 0.9121665000275243
15 11.065960901931946 10.068390340717317 0.9857373999839183
16 8.0477583076165 7.225829298498644 1.2643167999922298
17 8.0477583076165 7.225829298498644 0.9100725000025705
18 4.824851300022921 3.967924238301247 0.9902235000045039
19 4.820290462855028 4.045902981617996 0.956059499992989
20 4.802355655366228 3.9851821401860836 0.928694899979746
21 3.705082945906291 2.913989526014757 0.9054119999927934
22 3.705082945906291 2.913989526014757 0.9350957999995444
23 2.9568274520472855 2.3303165194094735 0.9304578999872319
24 2.9568274520472855 2.3303165194094735 0.9901167000061832
25 2.7010806565020147 2.088147198970475 0.9380953999934718
26 2.7010806565020147 2.088147198970475 0.9304969999939203
27 2.535169507396323 1.9091326557449977 0.9624571000167634
28 2.465329863493379 1.866234185733019 0.9175619000161532
29 2.465329863493379 1.866234185733019 0.8728378000087105
30 2.3632419691791577 1.7384860409028078 0.9754590000084136
31 2.303397481866531 1.6980645407877983 0.9766030999890063
32 2.2991617052014766 1.7215268975354874 0.8933812000032049
33 0.9411447848472039
-------------------------------------------------END------------------------------------------------------
-------------------------------------------Krylov LM---------------------------------------------------
377.54249336411834 399.7505787112195
102
0 360.1968499409901 362.71497838823325 1.2087906999804545
102
1 360.1968499409901 362.71497838823325 1.215074400010053
2 360.1968499409901 362.71497838823325 0.05852020002203062
3 311.0102957841837 319.70834570303066 0.06428990000858903
102
4 113.6989694614998 111.76709442898549 1.2293662000156473
102
5 113.6989694614998 111.76709442898549 1.2134326999948826
6 113.6989694614998 111.76709442898549 0.058312300010584295
7 113.6989694614998 111.76709442898549 0.05396570000448264
8 74.82222735564588 73.89375368487758 0.05929629999445751
102
9 74.82222735564588 73.89375368487758 1.188495399983367
10 46.2138972542978 42.29493720208227 0.05211399999097921
102
11 30.912067147677963 29.755718143070105 1.2286682999983896
102
12 25.823033127741667 23.354371266979623 1.2374884999881033
102
13 20.80191662746235 19.23726633524144 1.275910099997418
102
14 10.797207748637657 9.263770829395696 1.2714283000095747
102
15 10.797207748637657 9.263770829395696 1.5181232999893837
16 7.5848815795392355 6.60009060159915 0.0710968000057619
102
17 7.5848815795392355 6.60009060159915 1.5056551999878138
18 7.507047005417907 6.450728988666761 0.07769779997761361
102
19 7.507047005417907 6.450728988666761 1.2700980000081472
20 6.7704081730039105 5.66597765584411 0.056543299986515194
102
21 6.7704081730039105 5.66597765584411 1.2081841999897733
22 4.886871354499863 3.9795417433945084 0.05829059999086894
102
23 4.694756164399693 3.790525876161667 1.2036559999978635
102
24 4.395673150081103 3.5352646600768773 1.2052366999851074
102
25 3.873037943039092 3.108785703349397 1.218748700019205
102
26 3.334577762863254 2.671340750175404 1.2336715999990702
102
27 3.334577762863254 2.671340750175404 1.2194232000038028
28 3.140575478836382 2.514483327653479 0.06299880001461133
102
29 2.8929137448946487 2.2828041598782227 1.23809210001491
102
30 2.6881000754355044 2.0768862441565714 1.2098380000097677
102
31 2.376238664652801 1.758995760103954 1.1802244999853428
102
32 2.376238664652801 1.758995760103954 1.2176438999886159
33 2.2963107846065443 1.7094089709215265 0.060896000009961426
102
34 2.20724760315846 1.5933004538752467 1.2246047999942675
102
35 2.20724760315846 1.5933004538752467 1.8399779000028502
36 2.1096178950681024 1.5136751587013848 0.07639959998778068
102
37 1.9637540470376444 1.3696361183255372 1.2086740000231657
102
38 1.9637540470376444 1.3696361183255372 1.2437563999847043
39 1.8752881567864708 1.2633382187814859 0.06448160001309589
102
40 1.8752881567864708 1.2633382187814859 1.2132360999821685
41 1.8351837870842136 1.2069842438020286 0.07455499999923632
102
42 1.828863010440871 1.2069026546823673 1.2193868000176735
102
43 1.8255868931529162 1.2041123198093746 1.2017965999839362
44 0.8545031931809551
-------------------------------------------------END------------------------------------------------------
------------------------------------Reduced subspace LM---------------------------------------------------
377.54249336411834 399.7505787112195
0.9960307893028124 10
0 351.13920598486186 369.5434266482765 0.10137119999853894
0.995503166003831 10
1 313.1961929717441 326.0394870994841 0.11539789999369532
0.9922408254443231 10
2 270.73416346031905 278.5371398678655 0.09178829999291338
0.9774259993358897 10
0.9999973301690265 40
3 230.0486143062667 234.18974754436962 0.44704790000105277
0.7709920701326547 10
0.994228796002116 40
4 224.84457417168477 226.77001616691285 0.43217340001137927
0.9528155966556485 10
0.9962828264770702 40
5 140.86332903181366 141.4365834090868 0.4546349000011105
0.918270734306025 10
0.9996790954345757 40
6 53.36467535791071 52.1001962653234 0.7701316000020597
0.790047665272943 10
0.997790948973116 40
7 52.85688640996563 50.082425815999095 0.41460920000099577
0.9184979262495943 10
0.9990750564254242 40
8 20.36962344873128 18.64659600067679 0.4253123000089545
0.5522828245782124 10
0.9985500750582889 40
9 11.892318817004783 10.514845496359351 0.44076500000664964
0.7880207938453392 10
0.9992553839381294 40
10 8.14460212589819 6.922527880817444 0.4814956999907736
0.9582151687028819 10
0.9998945557290804 40
11 6.335407188759643 5.323756137761614 0.4057924000080675
0.9820799569803925 10
0.9999572451666582 40
12 3.650147279916373 2.676916377814201 0.5368735000083689
0.9560925459252523 10
0.9999364948646646 40
13 3.2188180197774092 2.4039949916313765 0.41043940000236034
0.9451359042062102 10
0.9999339636634843 40
14 2.9155397833215404 2.068401636765802 0.4213848999934271
0.9654822890662454 10
0.9999389350104031 40
15 2.7189944315196173 1.9924937736814963 0.4256050999974832
0.9181549556007299 10
0.9999349174569211 40
16 2.438674523497719 1.6445090622037644 0.4176994000154082
0.9627240162980899 10
0.9999357631337659 40
17 2.3349695746560486 1.6019942416809905 0.5210347000102047
0.9328484532769512 10
0.9999182220709163 40
18 2.1103264930124643 1.3017674071510363 0.42607200000202283
0.9580069319544825 10
0.999898780544074 40
19 2.0501906324421433 1.3023215088230413 0.5531083999958355
0.9500256125196791 10
0.9999016472413028 40
20 1.9011107932814124 1.1107665760257195 0.42511340000783093
0.9778418252843192 10
0.9998808865680656 40
21 1.8652718335042024 1.124611258428988 0.4335018999991007
0.9581052289037002 10
0.9999067305523174 40
22 1.7440516539245203 0.9756430401474553 0.4173132000141777
0.9782412485837783 10
0.9998836599269082 40
23 1.7017038590940268 0.9622746434397381 0.7877522999770008
0.9682711707375178 10
0.9998955101286395 40
24 1.6260778047568776 0.8573026528797905 0.5267253000056371
0.9776235831280348 10
0.999900541687529 40
25 1.5848824319788843 0.8454522740176201 0.4344608999963384
0.9680060406481994 10
0.9998843085389366 40
26 1.5355020561014103 0.775757892702946 0.44659870001487434
0.9729167617242873 10
0.9998887934699275 40
27 1.5023682652525843 0.7662196218029673 0.4731278999825008
0.9629974305081825 10
0.9998633574368686 40
28 1.4621526956364133 0.7142996246666797 0.7736052999971434
0.9705185260634897 10
0.9998841914947059 40
29 1.4335017282561058 0.6943827938720412 0.8785211000067648
0.9594163858474455 10
0.9998828309505234 40
30 1.4005695791141952 0.6561745249229088 0.536418000003323
0.9708037381210024 10
0.9999176275566941 40
31 1.3757427159577298 0.6396301672000508 0.4210412000247743
0.9510746723879266 10
0.9999027155899216 40
32 1.3479937181629638 0.6079192274818798 0.40594330002204515
0.967593438071361 10
0.999867275254154 40
33 1.3270940936300453 0.5954832739559449 0.42416870000306517
0.9546312470095605 10
0.9999361844930692 40
34 1.304335905569969 0.5695633342369081 0.42266700000618584
0.9629918130978277 10
0.9999011018027844 40
35 1.2857924654636594 0.5608268630483102 0.41533760001766495
0.9311225697544949 10
0.9999276827363083 40
36 1.2669636615257973 0.5382796374548452 0.4226858999754768
0.9482007453524787 10
0.9999322313006438 40
37 1.249702919513802 0.5310939025040649 0.427107800001977
0.8809734863817359 10
0.9999088215451789 40
38 1.233044746247384 0.5107526357949053 0.5534690000058617
0.9435826170122821 10
0.9999472314459115 40
39 1.2183248384279635 0.502708275735294 0.42741930001648143
0.8760680758623675 10
0.9998926260672807 40
40 1.2045949993328937 0.4880916996305248 0.5437838000070769
0.9448764355752771 10
0.9999505982580661 40
41 1.19329393171798 0.48277658249041194 0.7325220000057016
0.8903197194757667 10
0.9999416188415108 40
42 1.1824810425961467 0.4714499110138794 0.8527209000021685
0.922894067425234 10
0.9999625710371002 40
43 1.1721994754925626 0.46633155594700204 0.43065919997752644
0.8786962461792547 10
0.9999352760621093 40
44 1.162517495466236 0.45549427104846973 0.40367450000485405
0.9109258166585159 10
0.9999589332222499 40
45 1.1529347966842804 0.45198705789659405 0.42108500000904314
0.888646640153417 10
0.9999387593926408 40
46 1.144264813023044 0.44212929311803006 0.41306280001299456
0.9045324905023369 10
0.9999487122452132 40
47 1.1355683086767059 0.43756596104464884 0.39943429999402724
0.8778424184316572 10
0.9999067798227974 40
48 1.1278959805122037 0.43038235167427785 0.41387160000158474
0.9066616139299586 10
0.9999678014353981 40
49 1.1201678305396816 0.42471031635659506 0.41021529998397455
0.8538053240865299 10
0.9999068096555059 40
50 1.1131495965225104 0.4190690626047588 0.43110370001522824
0.8878634431588435 10
0.999971403572131 40
51 1.1058336573180827 0.4135906459274266 0.42087119998177513
0.8480086409417983 10
0.9999122136619696 40
52 1.0988897320880178 0.4074845259027896 0.4969058000133373
0.8846240556731707 10
0.9999601309358112 40
53 1.0915240698465982 0.4020868306549764 0.4050596000161022
0.8640752564675763 10
0.9998977081497976 40
54 1.0845793872742313 0.3972202841962319 0.5402926999959163
0.8847867696087869 10
0.9999647677752054 40
55 1.0771922030988763 0.3901632748455119 0.42672030001995154
0.792530975774748 10
0.9998452577995413 40
56 1.070999499995062 0.384644893930236 0.43625659999088384
0.8654375942864425 10
0.9999766410706076 40
57 1.0646987888620325 0.37907778607763515 0.422542499989504
0.7905024260107866 10
0.9998677448894495 40
58 1.0583946124828159 0.3756399654589537 0.441496699990239
0.8669158897054384 10
0.9999676437635414 40
59 1.0519164344479897 0.36741942109589765 0.44595619998290204
0.8423974069213535 10
0.9999373936492953 40
60 1.0449998744613673 0.36445432176418013 0.7868772999790963
0.8704675511964508 10
0.9999621478506363 40
61 1.0375759138293335 0.357654227826068 0.43179519998375326
0.8548213324318802 10
0.9999434970792751 40
62 1.0322519578515876 0.35189058568676523 0.533959499996854
0.8871196164015526 10
0.9999703801454892 40
63 1.0261660631844374 0.34785621710441694 0.4236242999904789
0.7150516546128516 10
0.9998485383089672 40
64 1.020752547160523 0.3423337623001494 0.4413407999963965
0.8853732774849986 10
0.9999558047051736 40
65 1.015020297195206 0.339176179889117 0.41914990000077523
0.622852128306975 10
0.9997849069571186 40
66 1.009630184113052 0.33314443012201295 0.43054649999248795
0.8810823553362497 10
0.999968860595925 40
67 1.0036424355874267 0.32715625086549144 0.5433031000138726
0.6030123967689175 10
0.99982737127904 40
68 0.9978980307895469 0.3232090336679694 0.4350708999845665
0.8744182900451326 10
0.9999671827956076 40
69 0.9927568053948674 0.31797103595114884 0.4222705999854952
0.6558116374446218 10
0.999877594084588 40
70 0.9879937289025271 0.31460334021188086 0.4459831000131089
71 0.4668714211274817
-------------------------------------------------END------------------------------------------------------
10
-------------------------------------------Classical LM---------------------------------------------------
358.1786246797075 372.472549668298
0 358.1786246797075 372.472549668298 1.013255099998787
1 358.1786246797075 372.472549668298 0.9660636000044178
2 219.76775971932756 222.5929271059679 1.0082196999865118
3 219.76775971932756 222.5929271059679 0.9438000000081956
4 157.68449405856703 159.72519049682904 0.9991088999959175
5 126.1927093837799 124.93093510669443 0.9791626999794971
6 78.75656360559215 74.52444648050569 0.8751350000093225
7 78.75656360559215 74.52444648050569 0.9317588999983855
8 23.80638324299043 22.578022698234115 0.9201797000132501
9 20.668950001711817 19.41506075654808 0.9525750000029802
10 20.668950001711817 19.41506075654808 0.8462037999997847
11 10.014089752064319 9.102660970121459 0.9292127000226174
12 10.014089752064319 9.102660970121459 0.9708166000200436
13 5.04394353171537 4.6347272646490865 1.0177950999932364
14 5.04394353171537 4.6347272646490865 0.9160998000006657
15 3.094608895836168 2.4445193901875593 0.969306199986022
16 2.5383158344296834 2.070967313803122 1.0116737999778707
17 2.5383158344296834 2.070967313803122 0.9112249000172596
18 2.0938642229180338 1.491391018788924 1.0052252000023145
19 1.6002753932336313 1.0846153949849673 0.9301524000184145
20 1.6002753932336313 1.0846153949849673 0.9192817999864928
21 1.2961636823152678 0.7244828016730138 1.0366432000009809
22 1.0459913856959082 0.4665890318258041 0.8920232999953441
23 1.0459913856959082 0.4665890318258041 0.9241365999914706
24 0.9353892725554069 0.34105572969953607 1.000444699981017
25 0.8712857563946793 0.2716754204012323 0.8968439000018407
26 0.8270422473281751 0.22751968230154704 0.9402878999826498
27 0.7770506133290922 0.17647516559951054 1.2942364999908023
28 0.727556902249746 0.12355892353962944 1.3227241999993566
29 0.7204631786656431 0.11175782742778907 1.3133764000085648
30 0.7204631786656431 0.11175782742778907 1.196772499999497
31 0.6710680825378124 0.06285178217660799 0.9754304000234697
32 0.6617885334336857 0.052800189135301566 0.9307128999789711
33 0.6611064398367927 0.05384067760681521 1.5535283999925014
34 1.0086297588226016
-------------------------------------------------END------------------------------------------------------
-------------------------------------------Krylov LM---------------------------------------------------
358.1786246797075 372.472549668298
102
0 358.1786246797075 372.472549668298 1.871120099996915
1 358.1786246797075 372.472549668298 0.079716299980646
2 219.7677597200912 222.59292710663632 0.08801799998036586
102
3 219.7677597200912 222.59292710663632 1.576258399989456
4 157.6844072437872 159.72503987076306 0.07778349998989142
102
5 126.13454801323874 124.87809037277589 1.2766388000163715
102
6 76.80003984909368 72.52365518689143 1.2891519000113476
102
7 76.80003984909368 72.52365518689143 1.2055774999898858
8 26.87543865070087 25.66810485704403 0.054217199998674914
102
9 26.87543865070087 25.66810485704403 1.216588800016325
10 15.192880205880405 14.031813720070561 0.05822599999373779
102
11 9.08711590860525 8.41428026883869 1.214750000013737
102
12 6.881736938220629 6.137347504259953 1.215567600011127
102
13 6.881736938220629 6.137347504259953 1.2314705000026152
14 4.020652173407796 3.3790444113059914 0.05702649999875575
102
15 3.364634857078933 2.6838277135836335 1.2097364000219386
102
16 3.364634857078933 2.6838277135836335 1.221663800009992
17 2.4534145778840766 1.6569779982831656 0.06054619999486022
102
18 1.1852873574925786 0.5156946749139768 1.229724000004353
102
19 1.1852873574925786 0.5156946749139768 1.2046546999772545
20 0.8588174633825524 0.24518716815803676 0.05520510001224466
102
21 0.7606996197981546 0.14673420384297758 1.221231000003172
102
22 0.7150646992694104 0.09868818695175043 1.221657399990363
102
23 0.7122201006002781 0.1027024698775947 1.2037390999903437
102
24 0.6763270707915332 0.06407164728968043 1.2131693999981508
102
25 0.6763270707915332 0.06407164728968043 1.2220506999874488
26 0.6682291648300659 0.06007378004627952 0.05499090001103468
102
27 0.653778981744769 0.04281070021999868 1.202857900003437
102
28 0.653778981744769 0.04281070021999868 1.2302803000202402
29 0.6499133930767151 0.041352474061550994 0.04897180001717061
102
30 0.6433604837511033 0.03334797849875819 1.2923033999977633
102
31 0.6433427526023933 0.035321588313015004 1.233391700021457
32 0.8949464031265961
-------------------------------------------------END------------------------------------------------------
------------------------------------Reduced subspace LM---------------------------------------------------
358.1786246797075 372.472549668298
0.984375762786676 10
0.9999935952428882 40
0 335.45262299974934 348.3852753632186 0.40824350001639687
0.9099604068876913 10
0.9999270698114633 40
1 253.87544876028304 261.17267637249296 0.43047910000314005
0.8302305272683649 10
0.9991637362387912 40
2 211.00586835087353 212.65773010996682 0.4723742000060156
0.7679036298746035 10
0.9998066203043964 40
3 182.51313816114688 183.85257842802807 0.5159688999992795
0.9597245374816191 10
0.9999658160292277 40
4 136.2576490049796 137.5832160312255 0.4657936999865342
0.9850241130036717 10
0.9999917059267364 40
5 56.53229554850189 54.44120431931394 0.41997459999402054
0.9922416087515351 10
6 29.431341990726466 28.469679365379037 0.114085300010629
0.7388409049017124 10
0.9999772726398889 40
7 17.0210883693808 15.57106819943744 0.4640535000071395
0.9024831469265199 10
0.999989112452371 40
8 9.190817258847408 8.143032864963441 0.532367100007832
0.9256324591899605 10
0.9999602197508832 40
9 4.8739552409523945 3.897547187571875 0.46176109998486936
0.9633113908747288 10
0.9999290234482031 40
10 3.202761408999782 2.3130487272527627 0.7259710999787785
0.8234692612388576 10
0.9999515396215919 40
11 2.901354561625336 2.0005918120480066 0.5453538000001572
0.9637275117265555 10
0.9999812385677749 40
12 2.148877143323616 1.4200524022413084 0.8244132000254467
0.8503008583435596 10
0.9999761743012637 40
13 1.7040430889688083 0.8981496173683932 0.5929724000161514
0.8637298016070769 10
0.99998432467999 40
14 1.5184182147353718 0.7849902686701767 0.5368142000224907
0.6615805889797077 10
0.9999625430928838 40
15 1.3743846888784206 0.6121102839127052 0.4691867000074126
0.7989027982220096 10
0.9998645422480155 40
16 1.292184000115422 0.5655133013471716 0.42894080001860857
0.9164050610754896 10
0.9999758229559281 40
17 1.2198306390431413 0.48893356849261677 0.9418035999988206
0.8708845128564596 10
0.9999681595601796 40
18 1.1657425350732378 0.46390603927357676 0.41154470000765286
0.9090441456087587 10
0.9999592734846436 40
19 1.1131120123630518 0.41702332456314695 0.7760326999996323
0.8110833679892859 10
0.9999276328945328 40
20 1.0718118319860217 0.3922897666908745 0.4291965999873355
0.8529270281562665 10
0.999908493716579 40
21 1.0335710737060517 0.35815976909563646 0.5884974999935366
0.7104355644891608 10
0.9998335679335388 40
22 1.0030094499378315 0.3412872433967542 0.4716628000023775
0.8315669740734972 10
0.9997994199787112 40
23 0.9743475727453768 0.3132561394823493 0.7516921000205912
0.7796722812119008 10
0.9999105700182014 40
24 0.9498737425943881 0.3003208401432198 0.4293053000001237
0.8288140842813021 10
0.9998575805069647 40
25 0.9259386311022297 0.2741968127197097 0.4318388999963645
0.7831143026133119 10
0.9999031532309939 40
26 0.907102465570395 0.26598360679446387 0.4425288000202272
0.8290535407239975 10
0.9999301702274118 40
27 0.8872776804399366 0.2427947045826539 0.44177240002318285
0.7866015157962036 10
0.9999040320053809 40
28 0.8725587149299762 0.23633812350522468 0.4338809000037145
0.8193527658649966 10
0.9999479736927013 40
29 0.858600613325233 0.21780745322801096 0.5552788999921177
0.7955737889847961 10
0.9998593825188244 40
30 0.8472551377376927 0.2143504254276417 0.4244943000085186
0.7822380888589585 10
0.9999561579224973 40
31 0.8370116321154597 0.20106373453843132 0.5715622999996413
0.7665008502753866 10
0.9997261188211864 40
32 0.8279463945096559 0.19796613395839488 0.45023760001640767
0.7605736882505234 10
0.9999362949396912 40
33 0.8198149024426099 0.18738851219563593 0.43109610001556575
0.7673940124752844 10
0.9997818568737038 40
34 0.812323790371779 0.1842753842574969 0.749394399987068
0.7414153850063812 10
0.9999374720399761 40
35 0.8054224818394453 0.17513354507809717 0.6672135000117123
0.7432783908742642 10
0.9994238524377316 40
36 0.7990375438686591 0.17242415873456957 0.5030059000127949
0.7654317507780277 10
0.9999640257170689 40
37 0.7927066952673357 0.1649477654335751 0.4154497999988962
0.7273089033479677 10
0.9991019261297621 40
38 0.7868414390286091 0.16247509773971927 0.431543300015619
0.8024964238937915 10
0.9999636396622712 40
39 0.7817881199573139 0.1566365579041656 0.4071134000259917
0.7635659844932274 10
0.99907106897599 40
40 0.7771822749783847 0.15450541033837825 0.5194855000008829
41 0.5142532804932605
-------------------------------------------------END------------------------------------------------------
11
-------------------------------------------Classical LM---------------------------------------------------
361.05279725721243 374.36200025184485
0 361.05279725721243 374.36200025184485 0.920026699983282
1 361.05279725721243 374.36200025184485 1.3308380999951623
2 298.91097289595126 304.2797652838461 1.5586250000051223
3 229.0185806124622 230.19713427016973 1.3103882999857888
4 229.0185806124622 230.19713427016973 1.7096544000087306
5 158.64677212751914 162.37907136429214 1.7422701999894343
6 157.3221124751831 155.36948140576962 1.082110500021372
7 66.8150985768348 65.8223229637139 1.109779399994295
8 66.8150985768348 65.8223229637139 0.9900408000103198
9 66.8150985768348 65.8223229637139 1.0131848999881186
10 26.45321286828897 24.97587745407968 0.9068810000026133
11 15.367018159624061 14.296791288234918 0.947376299998723
12 8.340768190505827 7.748044839509758 0.9134500999934971
13 8.340768190505827 7.748044839509758 0.9441034999908879
14 5.238141012531341 4.75820563954181 0.9639707000169437
15 5.238141012531341 4.75820563954181 0.92286689998582
16 2.9117957381223487 2.3666062484030848 0.958189199998742
17 2.57745595766863 1.9624180960142814 0.8904633999918588
18 2.57745595766863 1.9624180960142814 0.9222215999907348
19 1.4924437694089543 0.8886515351413723 0.9352162000141107
20 1.292522327610715 0.6958427570537453 0.9341139000025578
21 1.1960925190797453 0.6049809021086937 0.8796642999805044
22 1.1960925190797453 0.6049809021086937 0.9156255999987479
23 0.9095512814184386 0.30528533223688736 0.9634821999934502
24 0.8617423503773339 0.24343098739284896 0.943599299993366
25 0.8617423503773339 0.24343098739284896 0.9104450999875553
26 0.7708711926841232 0.15482920803597214 1.011952700006077
27 0.7448510477859447 0.13074988734180068 0.8424283000058495
28 0.7311195236519836 0.12033398492741275 0.9579830000002403
29 0.726538083549473 0.12235099893533583 1.1800588000041898
30 0.726538083549473 0.12235099893533583 0.965852499997709
31 0.6612761098825124 0.05371779168604057 1.0831609000160825
32 0.6567121534254813 0.04998331884151445 0.9519079999881797
33 1.048846418180002
-------------------------------------------------END------------------------------------------------------
-------------------------------------------Krylov LM---------------------------------------------------
361.05279725721243 374.36200025184485
102
0 361.05279725721243 374.36200025184485 1.2307047999929637
1 361.05279725721243 374.36200025184485 0.06662210001377389
2 298.9109728998704 304.2797652851378 0.07602979999501258
102
3 228.97951099532227 230.14837874543733 1.2416770000127144
102
4 228.97951099532227 230.14837874543733 1.2657921999925748
5 157.16785349537304 160.80739507272065 0.05748949997359887
102
6 157.16785349537304 160.80739507272065 1.7984189999988303
7 49.254926329522334 47.27393262772601 0.0737968000175897
102
8 49.254926329522334 47.27393262772601 1.7339331999828573
9 34.53037839718269 30.977037302080184 0.058349200000520796
102
10 34.53037839718269 30.977037302080184 1.5055580000043847
11 17.521832492887572 14.445758048584873 0.07157339999685064
102
12 13.34892199800731 12.44320438237772 1.4174435999884736
102
13 13.34892199800731 12.44320438237772 1.2142400000011548
14 6.996389824767547 5.77479877377488 0.0756186000071466
102
15 4.548385728770501 3.67871905469578 1.2217984000162687
102
16 3.5384209984711386 2.748892876992701 1.2077181999920867
102
17 3.0803668719745176 2.324225345825287 1.225065699982224
102
18 2.2939597080539693 1.5782602660935716 1.2406016000022646
102
19 2.2939597080539693 1.5782602660935716 1.2144112000241876
20 1.988730566494981 1.3569156812053673 0.057716799987247214
102
21 1.988730566494981 1.3569156812053673 1.2281521999975666
22 1.7196103394004976 1.0680691612148465 0.07608159998198971
102
23 1.6841759847878526 1.1089861660253946 1.2312085999874398
102
24 1.6841759847878526 1.1089861660253946 1.2144167000078596
25 1.414939931983329 0.7749223330671842 0.05745270001352765
102
26 1.3299026598578163 0.7058133421153077 1.2360725000035018
102
27 1.2072094073672854 0.5885683222837501 1.2336962000117637
102
28 1.0442087148084032 0.41997104796906165 1.2284484000119846
102
29 0.9335732094990784 0.31916655213209616 1.237698899989482
102
30 0.8602262896215427 0.21623201333412867 1.2338624999974854
102
31 0.8602262896215427 0.21623201333412867 1.2281932999903802
32 0.8338625175475689 0.2025892568681358 0.058439500018721446
102
33 0.8338625175475689 0.2025892568681358 1.1822468000173103
34 0.7732826826120907 0.14309169265847202 0.07321139998384751
102
35 0.717096561776063 0.09558238840628294 1.2170806000067387
102
36 0.7137046714449374 0.09470227169258504 1.2257392999890726
37 0.8923394675673351
-------------------------------------------------END------------------------------------------------------
------------------------------------Reduced subspace LM---------------------------------------------------
361.05279725721243 374.36200025184485
0.9943934807437906 10
0 337.87016374889527 349.4063720880727 0.10405290001654066
0.9951476475464709 10
1 304.2084852961958 314.33770602448493 0.10403950000181794
0.9952225463908803 10
2 265.83585990282717 274.20216565709325 0.09826679999241605
0.9891405625422207 10
0.9999719699496734 40
3 264.0993729977634 267.21871634565423 0.4448436000093352
0.7725123733339694 10
0.9892739314252699 40
0.9954712753070644 70
4 169.94844607839534 172.27823517560907 0.7306390999874566
0.7869820791993544 10
0.9830468600074254 40
0.9945400967843545 70
5 48.914003331474504 45.072849823468424 0.7927802999911364
0.5196394790089893 10
0.9899959201116094 40
0.9960723892751484 70
6 26.100861580900567 24.3734202025635 0.8356752000108827
0.6715387523426755 10
0.9949583570216591 40
7 14.0027911752808 12.65665086386656 0.4218321999942418
0.7174750083401629 10
0.9996773589894761 40
8 8.221152860559275 7.0003513693330826 0.417805800010683
0.9571301234722213 10
0.9997804311586593 40
9 5.449537359385718 4.294408238674803 0.4278174999926705
0.8885212809507111 10
0.9997286013972098 40
10 4.224409765611724 3.239261569147621 0.41839760000584647
0.9716850421468113 10
0.9998507672587467 40
11 3.195376046335999 2.331631952255626 0.41502139999647625
0.8503498547516154 10
0.9997622244112667 40
12 2.82192604039534 1.984367412713646 0.5257717000204138
0.8115536267829536 10
0.9998018745106244 40
13 2.572818914900143 1.8445300299945697 0.43094240000937134
0.9101735168517388 10
0.9998094190278998 40
14 2.2885029611918255 1.600914970841564 0.6985461000003852
0.6713014236181113 10
0.9998732742719207 40
15 2.091741603198116 1.44866021521251 0.4077625999925658
0.5991166150746687 10
0.9996661334371778 40
16 1.9246408886466169 1.2921403650249275 0.4663754000212066
0.6244624931926221 10
0.999468835173494 40
17 1.785359949626747 1.1385076417008317 0.539237699995283
0.6788034219021758 10
0.999566837013532 40
18 1.6771032445989555 1.0688026729648337 0.43914940001559444
0.5593602803711482 10
0.9994911251661417 40
19 1.5840481904681878 0.9482039582400289 0.43572810001205653
0.8199821679465835 10
0.9997750073490783 40
20 1.5127926834893066 0.9094284043373513 0.4502441000076942
0.5523506912207173 10
0.9994571853882912 40
21 1.4514350478473872 0.8297505518235366 0.4521989999921061
0.7621946261297285 10
0.999688900466021 40
22 1.3951970802594083 0.7843572180717198 0.442371400014963
0.5416503025830804 10
0.9998431895158315 40
23 1.3477484495160195 0.7358130751580755 0.5823531000060029
0.6823440111337532 10
0.9995194104711995 40
24 1.3069178286048253 0.6964736924844385 0.7841426999948453
0.5745496204969738 10
0.999599771002375 40
25 1.270493349680605 0.6594648926729617 0.7600348000123631
0.6659081607244249 10
0.999538482613537 40
26 1.237413333466242 0.626679714813222 0.4111739000072703
0.6056180295855684 10
0.9995121311103151 40
27 1.2067242746371436 0.5949913849836821 0.42463610001141205
0.6835585185460153 10
0.9997308294149122 40
28 1.178394346428446 0.5643273759383465 0.41960689998813905
0.7319268993373411 10
0.9997985012559424 40
29 1.1525321911811193 0.5391383147441968 0.41435430001001805
0.6924054035790409 10
0.9998004990684992 40
30 1.1281249151045354 0.5114163220749799 0.4449986999970861
0.7878542119227276 10
0.9998917668285499 40
31 1.105619107515929 0.48951033916865777 0.41005500001483597
0.6510564554221465 10
0.9997637672527805 40
32 1.0836735880956414 0.46509648613865884 0.42152919998625293
0.7801341968296269 10
0.9999062499142165 40
33 1.0631731678793246 0.44402652230893136 0.440174899995327
0.6039948881652998 10
0.9997689911179063 40
34 1.0428111206186985 0.4227969712142392 0.42596860000048764
0.7057473709261182 10
0.9999123535121643 40
35 1.023702613532787 0.40169544710997357 0.4215245000086725
0.5804921139437861 10
0.9997692930726133 40
36 1.005390707354182 0.3841661689214493 0.42662430001655594
0.6581366149783184 10
0.999892836453701 40
37 0.9891437005550857 0.36304636573842985 0.4403833999822382
0.5233601364482797 10
0.9998061052431437 40
38 0.972904384084927 0.35289899646578027 0.40499099998851307
0.5357463653303381 10
0.9999121873285203 40
39 0.9580815454465792 0.3311007756348227 0.41689799999585375
0.5576023594886328 10
0.9998519338521521 40
40 0.94530140965023 0.3244776324916413 0.4279674999997951
0.40976088327462146 10
0.9998506794294388 40
41 0.9338863545362522 0.3060919506431096 0.42106980000971816
0.5508052309760817 10
0.9998591258966665 40
42 0.9218129192718899 0.30012784917865876 0.40772829999332316
0.4570674833546259 10
0.9998598567872022 40
43 0.9107270061526793 0.282569390383783 0.4073006999969948
0.7764124596283466 10
0.9999160814128075 40
44 0.9009106758285114 0.28026490805526744 0.42043690002174117
0.49547025633325453 10
0.9998858380801755 40
45 0.8920097532887042 0.264664243317599 0.5426726000150666
0.7336924509129462 10
0.9998757416561701 40
46 0.8838198065196877 0.26276156498750536 0.43332890002056956
0.5566818796126637 10
0.9999168130082321 40
47 0.8761705087790302 0.2496101584899863 0.6933019999996759
0.7466259883525432 10
0.9999158423114748 40
48 0.8686198414409869 0.2493228415115021 0.4297028000000864
0.6218406345528951 10
0.9999090072327639 40
49 0.8616552395726147 0.23644261179927042 0.438900500012096
0.7422022012860349 10
0.9999342296408342 40
50 0.8544996757247806 0.23471412564891397 0.42182419999153353
0.6550745951269141 10
0.999903316869826 40
51 0.8477514135119917 0.22447995130549128 0.42811670000082813
0.8086585147947772 10
0.999928386404418 40
52 0.8416603920756511 0.22209834137691223 0.42226079999818467
0.6985945764926115 10
0.9999156420464208 40
53 0.8358480485860451 0.21413095390164252 0.4336632000049576
0.8112184425346035 10
0.9999191213803371 40
54 0.8305350200230165 0.21135374606602228 0.4307707999832928
0.7201302688805227 10
0.9999295097681741 40
55 0.8253575889925981 0.20494833840657464 0.507170099997893
0.8021775736961366 10
0.999923085352683 40
56 0.8206288193286382 0.20190342263440575 0.421130800008541
57 0.46028589123090025
-------------------------------------------------END------------------------------------------------------
12
-------------------------------------------Classical LM---------------------------------------------------
360.9797371076993 376.9598196779798
0 360.9797371076993 376.9598196779798 0.9300801000208594
1 360.9797371076993 376.9598196779798 0.971377100009704
2 284.407480139009 292.3467629119935 1.0297159999900032
3 284.407480139009 292.3467629119935 0.9850500999891665
4 284.407480139009 292.3467629119935 0.9863965999975335
5 284.407480139009 292.3467629119935 0.9545728000230156
6 238.97837552300595 246.8013971471902 1.2524982999893837
7 76.96464662604863 72.50014244680507 0.8763132999883965
8 76.96464662604863 72.50014244680507 1.5816437000175938
9 35.53253935368422 33.42474832700565 1.8996158999798354
10 17.76508057638508 16.293508884639515 1.2297734999738168
11 9.431806030057047 8.331832115536976 0.8729846999922302
12 5.296470164068813 4.398916492191348 0.9035225999832619
13 3.2758585108486358 2.6073813704454634 1.040252499980852
14 2.6403940231509058 2.035111229195927 1.3748998000228312
15 2.6403940231509058 2.035111229195927 1.214314100012416
16 1.7879654090650325 1.1766530456776707 1.8275311999896076
17 1.677897969551972 1.0898162718550144 1.3408487999986392
18 1.677897969551972 1.0898162718550144 1.6178010999865364
19 1.114731809776922 0.5299344396591139 0.9585349000117276
20 1.0900773852877752 0.5213908806231282 1.0107308000151534
21 1.0900773852877752 0.5213908806231282 0.9203464000020176
22 0.8719334440123637 0.2916238659628816 0.9456484999973327
23 0.828806022804647 0.25216869588619734 0.9314535999728832
24 0.7635623641667092 0.17675958736791886 0.9434406999789644
25 0.717327950303674 0.12350137095741837 1.0154968999850098
26 0.7129885494063058 0.11531656532870939 0.9677817999909166
27 0.7129885494063058 0.11531656532870939 1.1204635000030976
28 0.6551372205655902 0.053226565167547576 0.9675652000005357
29 0.6460594981134778 0.04217251227019857 0.9992227999900933
30 0.6460594981134778 0.04217251227019857 0.98019210001803
31 0.6374892470764661 0.03354933010291408 0.9634253999975044
32 0.6330649207242067 0.028656606001743228 0.9341471999941859
33 1.1075043030273677
-------------------------------------------------END------------------------------------------------------
-------------------------------------------Krylov LM---------------------------------------------------
360.9797371076993 376.9598196779798
102
0 360.9797371076993 376.9598196779798 1.240427400014596
1 360.9797371076993 376.9598196779798 0.07701269999961369
2 284.40748013528923 292.3467629064679 0.06601929999305867
102
3 284.40748013528923 292.3467629064679 1.24601740000071
4 284.40748013528923 292.3467629064679 0.05784629998379387
5 284.40748013528923 292.3467629064679 0.056760799983749166
6 238.97837551633575 246.80139713989098 0.05794559998321347
102
7 76.96464662211228 72.50014244254977 1.2180145000165794
102
8 76.96464662211228 72.50014244254977 1.2304785000160336
9 35.532539351938794 33.424748326048295 0.06313300001784228
102
10 17.765080575486294 16.29350888385539 1.2153924999875017
102
11 9.431806371310085 8.33183253897564 1.2326925000234041
102
12 5.296293641505919 4.398670704745455 1.2177854999899864
102
13 3.275996847387027 2.608341726274783 1.2354516999912448
102
14 2.6429779916396363 2.0460374573461695 1.2160718999803066
102
15 2.6429779916396363 2.0460374573461695 1.2187766999995802
16 1.7901755284975185 1.1810464865604513 0.05782680000993423
102
17 1.687694646288141 1.0989555661638517 1.2305888000119012
102
18 1.687694646288141 1.0989555661638517 1.2034272000018973
19 1.1195391161439443 0.5390174657101797 0.06157649998203851
102
20 1.0669631577598475 0.4990116382114497 1.2260987000190653
102
21 1.0669631577598475 0.4990116382114497 1.2250867999973707
22 0.8822589979827921 0.3025564439381557 0.05824189999839291
102
23 0.8315734399608958 0.2556742993320571 1.2192731999966782
102
24 0.8027332640127458 0.21615351457768356 1.2127344000036828
102
25 0.7380464530147456 0.14911052651997456 1.2163692000031006
102
26 0.7264601818471965 0.13550835826066135 1.2557334000011906
102
27 0.7064209005533012 0.10974311042587373 1.29596109999693
102
28 0.6759047216996612 0.0796881089679358 1.2241711000096984
102
29 0.6639407420424208 0.06523658291695736 1.7494234000041615
102
30 0.6563894633968916 0.056655458719232485 1.2340207000088412
102
31 0.6482225639180967 0.04733694155111239 1.2119890000030864
102
32 0.6444274799564186 0.04227512572025156 1.2293230000068434
33 0.9261112575768493
-------------------------------------------------END------------------------------------------------------
------------------------------------Reduced subspace LM---------------------------------------------------
360.9797371076993 376.9598196779798
0.9899971957209421 10
0.9999920879728862 40
0 313.62183580838285 325.567940046076 0.5453575999999885
0.8721180056750301 10
0.999957780123877 40
1 299.11834962458227 310.27134462457934 0.503971600002842
0.7894364365435481 10
0.9999689802573603 40
2 285.2035700368517 294.95821633204804 0.5106455000059213
0.930762780643691 10
0.9999918590306115 40
3 178.82979009207753 180.1503771398203 0.4207170000008773
0.9625856891962342 10
0.9999205405867096 40
4 137.62239424613261 136.14747788663422 0.4294013000035193
0.9139428976804561 10
0.9999748325532272 40
5 113.56938788645554 106.79304607550739 0.43256950000068173
0.9560665966721896 10
0.9999029164695978 40
6 95.96688486295908 92.39527876194572 0.4405636000155937
0.9793034219331506 10
0.999989015599138 40
7 13.414024854039631 12.058539492345329 0.43421890001627617
0.9595528516733284 10
0.9999752685350489 40
8 8.438075901319671 6.959470353606956 0.4466039999970235
0.9549570841019365 10
0.9999884355799674 40
9 3.917370823830071 2.7145719523718537 0.47931329999119043
0.9352754288535281 10
0.9999033333952355 40
10 3.508733818800439 2.4738408354845505 0.6262827999889851
0.9648264886582005 10
0.9999945119477329 40
11 2.329880705886521 1.4383485159282494 0.42288420000113547
0.8339157138839216 10
0.9999802785618702 40
12 2.0611115569532745 1.2341455815193405 0.5447329999879003
0.9841918917174589 10
0.9999943291794761 40
13 1.7961006400595543 0.9966472313436575 0.4178263999929186
0.9886909583807675 10
0.9999954070544188 40
14 1.5847488882685887 0.8127670488676857 0.4059055000252556
0.9938654082338825 10
15 1.5477685895004574 0.7539486155009419 0.11754649999784306
0.0003475394589205314 10
0.997373394049721 40
16 1.4177671389972606 0.6669385436890582 0.40424410000559874
0.9908119791052101 10
17 1.4081861038138646 0.6490847143778787 0.10498589999042451
6.510201564388776e-05 10
0.9980452241474065 40
18 1.3105293135681173 0.5606453600863128 0.5505681000067852
0.9934945276588929 10
19 1.29202904012137 0.5340314638209854 0.10132509999675676
0.000405310456268714 10
0.9984951507126663 40
20 1.2076614234540521 0.49455448646429967 0.4256495999870822
0.9815171217834129 10
0.9999923608127087 40
21 1.140480874246399 0.42545882250115663 0.4390953999827616
0.9793968432912746 10
0.9999960568120005 40
22 1.0862521908688494 0.3980854272948378 0.43566180000198074
0.9602383376630743 10
0.999996762443477 40
23 1.0423577751080702 0.36147887608373375 0.4363479999883566
0.954633535984176 10
0.9999724996558774 40
24 1.00650488538537 0.3348302647432749 0.4295071999949869
0.9498648730864317 10
0.9999929194462799 40
25 0.9835580756784131 0.3091232390496358 0.42642080000950955
0.8886215534544669 10
0.9999680666899025 40
26 0.9631637175714163 0.2993161155630003 0.4143346000055317
0.9361570458978729 10
0.9999974221204857 40
27 0.9464510716815024 0.28209369207018337 0.46689209999749437
0.8276775158964443 10
0.9999620042399338 40
28 0.9318042353419863 0.2751090066228084 0.41557599999941885
0.8925353232725518 10
0.9999977763294916 40
29 0.9184163426833948 0.2617996116345483 0.4459246000042185
0.7867322121301321 10
0.9999342139445667 40
30 0.906271523475182 0.2554631580869589 0.4148317000071984
0.7856316564148977 10
0.9999970280838394 40
31 0.894965711061635 0.2429535636084571 0.5179026999976486
0.8720149129405179 10
0.9999693236680873 40
32 0.8850420069085608 0.24081636583288168 0.44146159998490475
0.890419712542289 10
0.9999976931754996 40
33 0.8763723103553748 0.2305789776403627 1.0661151999956928
0.9269090595669613 10
0.9999890807017164 40
34 0.8668700776407046 0.22603222764862477 0.4419626999879256
0.8473203068954428 10
0.9999975917890781 40
35 0.8584082603827384 0.21846615790245266 0.9037897999805864
0.8909324135253959 10
0.9999928202563804 40
36 0.851456771338583 0.2167373855540846 0.4581441000045743
0.7387289037219921 10
0.999996524189209 40
37 0.8449288637208043 0.21006077929753295 0.7551929999899585
0.9331570141496455 10
0.9999951649011338 40
38 0.8391983255302952 0.20944259498017362 0.42736250002053566
0.7412105229779848 10
0.9999973794816167 40
39 0.8336733203188632 0.20328930393840303 0.41110379999736324
0.9482781486592395 10
0.9999933291559099 40
40 0.8283005036348301 0.20170998411356403 0.4285727999813389
0.6781087461645664 10
0.9999959805301304 40
41 0.8233092642769599 0.19675225506139588 0.4244907000102103
42 0.46109534761801896
-------------------------------------------------END------------------------------------------------------
13
-------------------------------------------Classical LM---------------------------------------------------
404.75625602511644 422.07221328200507
0 404.75625602511644 422.07221328200507 0.9528114999993704
1 307.219329683759 310.38962474995765 1.0628820999991149
2 307.219329683759 310.38962474995765 0.9381216999900062
3 307.219329683759 310.38962474995765 0.9618909000128042
4 231.96550023057955 233.49144295020724 1.8971619999792892
5 231.96550023057955 233.49144295020724 1.5524743999994826
6 80.45656902995638 75.34909581979116 1.0027034000086132
7 80.45656902995638 75.34909581979116 1.4312219999847002
8 23.690031670809123 21.94705823637072 1.011491700017359
9 23.690031670809123 21.94705823637072 1.230962300003739
10 13.676204943893064 11.955036740651957 0.959251399995992
11 8.281196669146459 6.972802095543446 1.010019100009231
12 5.842110150206399 4.705083189646315 0.9205235999834258
13 4.302370859502926 3.4707035747699293 0.9492613000038546
14 3.5307529523413788 2.778291630564133 0.8800234000082128
15 2.4423539904915486 1.7987746479184632 0.9691918999888003
16 2.4423539904915486 1.7987746479184632 0.9005187000147998
17 1.9774655373787413 1.3821130670792043 0.9412773999792989
18 1.9774655373787413 1.3821130670792043 0.9257215000106953
19 1.840048566789407 1.2443343110689902 0.9880702999944333
20 1.7114876953537426 1.1181777716707597 0.9535292999935336
21 1.629556755819871 1.0514416215124347 0.9203663000080269
22 1.629556755819871 1.0514416215124347 0.9233570999931544
23 1.3274239400496268 0.7248098623023871 0.8954133999941405
24 1.3274239400496268 0.7248098623023871 0.9008717999968212
25 1.2304920680087643 0.6327481711834737 0.9244639000098687
26 1.1759631836327993 0.570957730399186 0.8934969000110868
27 1.1759631836327993 0.570957730399186 0.9352526000002399
28 1.094226193068936 0.49294783876002174 1.0933157000108622
29 1.0494052388417325 0.4418409464676389 0.9166007999738213
30 1.0016819100041419 0.3864390365672929 0.9225063000048976
31 1.0016819100041419 0.3864390365672929 1.0886342999874614
32 0.936569985586469 0.3237131962471663 0.9246133999840822
33 0.9170726788520047 0.30545437897693656 0.8638253000099212
34 0.9170726788520047 0.30545437897693656 0.8846867999818642
35 0.8632710370216726 0.2544531635253962 0.9056197000027169
36 0.8421290081923593 0.23829746520465425 0.927882000018144
37 0.8339115216113905 0.23479906973787276 0.9536900999955833
38 0.8339115216113905 0.23479906973787276 0.8920068999868818
39 0.7964626193167514 0.19583293524175507 0.9724461000005249
40 0.7882494301174771 0.18834198981753306 0.8675632000085898
41 0.7882494301174771 0.18834198981753306 0.8112370999879204
42 0.7796631264086554 0.17927216988082884 0.9320039000012912
43 0.7734780475535861 0.1725688786155519 0.9025464000005741
44 0.7681280642969271 0.16598520610103945 0.8958262999949511
45 0.767269448894603 0.16318863479516205 0.9358382000064012
46 0.9896342260857953
-------------------------------------------------END------------------------------------------------------
-------------------------------------------Krylov LM---------------------------------------------------
404.75625602511644 422.07221328200507
102
0 404.75625602511644 422.07221328200507 1.211530100001255
1 307.2251660008639 310.39548042656565 0.07039449998410419
102
2 307.2251660008639 310.39548042656565 1.2276698999921791
3 307.2251660008639 310.39548042656565 0.04710049999994226
4 231.9624321630004 233.48901360990905 0.06184820001362823
102
5 231.9624321630004 233.48901360990905 1.2078385000058915
6 80.4616604713601 75.35669681883734 0.06003800002508797
102
7 80.4616604713601 75.35669681883734 1.2329443999915384
8 23.682173310211247 21.93990814796617 0.0725127000187058
102
9 23.682173310211247 21.93990814796617 1.8884582000027876
10 13.677452292813518 11.956947194017427 0.13043889999971725
102
11 8.279805933108364 6.971755361229285 1.364024899987271
102
12 5.841982528178391 4.704379131676396 1.3023478999966756
102
13 4.336697408016248 3.492949115241086 1.2617056000162847
102
14 3.856450669496682 3.116058395389684 1.2592791999923065
102
15 2.543340503343488 1.892360171446319 1.2504363000043668
102
16 2.543340503343488 1.892360171446319 1.2294704000232741
17 2.2148513966828878 1.6273085106904182 0.06702170000062324
102
18 1.9635938897041247 1.4035673811832 1.212165000004461
102
19 1.9635938897041247 1.4035673811832 1.2276236000179779
20 1.7822827570065136 1.1807553769596224 0.05748879999737255
102
21 1.5646111022965428 0.9748414378243139 1.2190695999888703
102
22 1.5646111022965428 0.9748414378243139 1.23739170000772
23 1.414483036660023 0.7851098321604556 0.059061899984953925
102
24 1.2731793289125746 0.6556113847525544 1.2162974999810103
102
25 1.2013136202850019 0.6039767093034939 1.2219055999885313
102
26 1.180083179520927 0.5521362497369744 1.2445496000000276
102
27 1.180083179520927 0.5521362497369744 1.230908500001533
28 1.180083179520927 0.5521362497369744 0.06555050000315532
29 0.9401655271802402 0.3250236571945257 0.06954470000346191
102
30 0.9183288572705773 0.30590177670311214 1.2434874000027776
102
31 0.9183288572705773 0.30590177670311214 1.1777163999795448
32 0.8383809723097636 0.23246078672498474 0.05812640002113767
102
33 0.8221557034484531 0.22030166622505784 1.2302212000067811
102
34 0.8221557034484531 0.22030166622505784 1.2351888999983203
35 0.8082823590137316 0.2065525577717317 0.049705399986123666
102
36 0.7992041642257911 0.19939031153805126 2.1884893999958877
102
37 0.7905062439883496 0.19221875009902034 1.4096060000010766
102
38 0.7824032656175888 0.18436112991328302 1.4913130000059027
102
39 0.771116326018612 0.17078561227106537 1.2912622000148986
102
40 0.751347845826967 0.1471517863395971 1.217058200010797
102
41 0.7453043605668256 0.1388637155795094 1.2373449000006076
102
42 0.7406240905283126 0.13334247375973557 1.2419381999934558
43 0.9320482441872564
-------------------------------------------------END------------------------------------------------------
------------------------------------Reduced subspace LM---------------------------------------------------
404.75625602511644 422.07221328200507
0.9968549550551075 10
0 373.0281498928108 388.48628894677745 0.1165980999940075
0.9974835881526756 10
1 327.44337777794965 339.6325796294331 0.09042500000214204
0.99638673966703 10
2 277.8028452551326 284.7167495083178 0.09972769999876618
0.9408779444318539 10
0.9999991337712641 40
3 258.13510186384207 259.2686864439795 0.7985616999794729
0.9064570941062832 10
0.9981776256669349 40
4 194.70796459346707 194.4856267277706 0.414683499984676
0.8253658850238013 10
0.9932995365603893 40
5 93.54663976818104 92.33628610986297 0.8361206999979913
0.7827190538163651 10
0.994756209236439 40
6 35.808533351257026 35.086666115861945 0.5474812000175007
0.5785847424418817 10
0.9939215490893508 40
7 17.620389472552347 17.22486894008991 0.4255484000022989
0.910451607843044 10
0.9991593320510388 40
8 8.55548302477913 7.800236203715192 0.4447476000059396
0.9814912068178273 10
0.9997253169503149 40
9 6.277123796857937 5.513973913505525 0.5012085000053048
0.8869525816714798 10
0.999767182309082 40
10 4.201601097721879 3.1664016287116366 0.729197300010128
0.909999315769238 10
0.9997713764888941 40
11 3.3755390324165018 2.575426036788745 0.6954333999892697
0.8834418157213809 10
0.9997524759761915 40
12 2.7348952465343603 1.9183704253766638 0.696363900002325
0.9273682723877105 10
0.9998222050006954 40
13 2.3776243115535136 1.6133375343429257 0.4429492999915965
0.8340716931454728 10
0.9995963067468622 40
14 2.0924300030018275 1.3264534701524584 0.4154335000202991
0.8453574256021489 10
0.9993624740358916 40
15 1.940316887181403 1.1893877723350292 0.41648680000798777
0.8288928525583628 10
0.9990018205676797 40
16 1.762498200315877 1.023938232505745 0.4089572999801021
0.8093650784407782 10
0.999725915455517 40
17 1.6477277131868509 0.9123251452323927 0.5374215999909211
0.823849410638636 10
0.9991768012050904 40
18 1.5322196056802762 0.7996581716009923 0.43039379999390803
0.7501853161846536 10
0.9998647620413158 40
19 1.4476830428516239 0.7108621569570807 0.4254463000106625
0.8397249275884437 10
0.9990805465407263 40
20 1.3726818526641882 0.6578150989865849 0.42969789999187924
0.8059728332868306 10
0.9999044455271753 40
21 1.3139720311373904 0.5987158936539733 0.4393649999983609
0.8083939253807889 10
0.9989521647710029 40
22 1.2579560673669108 0.5710517971170955 0.42360809998353943
0.8376450389527542 10
0.9999026700258147 40
23 1.2142182593511535 0.5136531218692483 0.4215929000056349
0.823339645659455 10
0.998884179893044 40
24 1.1747194612872913 0.5002003717512055 0.48932009999407455
0.8434364341830412 10
0.9998179490059038 40
25 1.1370121403406626 0.4537846375042061 0.4319565999903716
0.8637259940999875 10
0.9993223524969107 40
26 1.1024322914066365 0.4418544685719198 0.44319250000989996
0.8815580104622371 10
0.9998735143952895 40
27 1.0762208979537438 0.40126682360677673 0.4221100999857299
0.8246336129079228 10
0.9994714532352529 40
28 1.052497395506471 0.40138550361643976 0.47033049998572096
0.8212824866562249 10
0.999894772329153 40
29 1.0321222612075014 0.3635120973260174 0.4285764999804087
0.7475431514036506 10
0.9990526031020961 40
30 1.0120863169140222 0.36577365103526066 0.8003780999861192
0.7193298458297589 10
0.9998400712579405 40
31 0.9941315530076806 0.3329773005339812 0.6622184000152629
0.6703297658648647 10
0.999243746712003 40
32 0.9762010547541364 0.3338163429882146 0.8871050000016112
0.6385579871834919 10
0.9998388716920511 40
33 0.9595949168957333 0.3064106617257001 0.4449742000142578
0.6344707378118356 10
0.9993725529324741 40
34 0.9454306469134337 0.3081131478202818 0.9298016999964602
0.41939834655382285 10
0.9995145320680395 40
35 0.9323311666074185 0.28374657421219973 0.7767295999801718
0.5882258522531901 10
0.9988423358762795 40
36 0.9193009690716942 0.2848895685583591 0.6946630000020377
0.3893068996246027 10
0.9992959270121337 40
37 0.9068494769028461 0.2632340955040016 0.41918519997852854
0.6028592434222758 10
0.9984881451612024 40
38 0.8946693697540926 0.2630983404885992 0.4230158999853302
0.466005628590194 10
0.9993824921001007 40
39 0.8836864944985191 0.2452120691693817 0.5030670000123791
0.6058413865324107 10
0.9992921382506423 40
40 0.8741869456352545 0.24548017877151015 0.42499090000637807
0.5069583254919371 10
0.9991109037898853 40
41 0.8647483710421817 0.22944001215038343 0.45201259999885224
0.500090215491909 10
0.9995089945057836 40
42 0.8558065294449944 0.2306534661864117 0.5231818000029307
0.6151708322171113 10
0.9996162464787547 40
43 0.8478197786739449 0.21564306527005533 0.41937369998777285
0.5728713180182764 10
0.9996398724605079 40
44 0.8401895842351645 0.21421499457559784 0.45644049998372793
0.5756788836537833 10
0.9994609815981392 40
45 0.8336622440283007 0.20476845254707404 0.44287569998414256
0.5556889388471453 10
0.9994614274719177 40
46 0.8277298904603354 0.20361065391540067 0.4147444999834988
0.5792314644602451 10
0.9995369632028382 40
47 0.8221888176683968 0.19548101009665306 0.4124394999817014
0.4341499692470033 10
0.9994997206152609 40
48 0.8168799630338915 0.19348662861898636 0.43058190000010654
0.5818413250797543 10
0.9994945937262075 40
49 0.8107477982720552 0.18728125074061389 0.4334104000008665
0.4232483553889808 10
0.9991220933331771 40
50 0.8049298449952174 0.18306209634836682 0.42214969999622554
0.7840723846094982 10
0.9998215581102806 40
51 0.8005515401418657 0.17781113659632727 0.525804100005189
52 0.49561690768873984
-------------------------------------------------END------------------------------------------------------
14
-------------------------------------------Classical LM---------------------------------------------------
371.2597202236761 386.67609649430125
0 371.2597202236761 386.67609649430125 0.8969851000001654
1 309.0378682295859 312.46996005809586 0.9512118000129703
2 309.0378682295859 312.46996005809586 0.9241768000065349
3 144.87228792156213 146.80769672827302 0.9291155000100844
4 144.87228792156213 146.80769672827302 0.8879316999809816
5 139.6154320169278 142.78448908071388 0.9865919999720063
6 139.6154320169278 142.78448908071388 0.8949955999851227
7 30.418046173941704 31.697801810069947 0.9372593000007328
8 30.418046173941704 31.697801810069947 0.8747108999814373
9 19.705240552067846 17.884684659054432 0.9732453000033274
10 10.413337137797276 10.14054394381571 0.9757376000052318
11 9.283182828113878 8.546084189451332 0.9085017999750562
12 9.283182828113878 8.546084189451332 0.8952624000085052
13 5.3789922368601575 4.450168590762332 0.925074400001904
14 4.36565466273407 3.4677442454391465 0.8740058999974281
15 4.36565466273407 3.4677442454391465 0.897111500002211
16 2.8866437099380504 2.136869288959048 0.9568982000055257
17 1.8035837253486755 1.1272523394732155 0.8624767999863252
18 1.4791175112299366 0.8273014365100748 0.9510918000014499
19 1.4791175112299366 0.8273014365100748 0.896823699993547
20 1.2240809111902633 0.578568030213954 0.9835299999976996
21 1.2240809111902633 0.578568030213954 0.9665787999983877
22 0.9052684178194992 0.3039838364086949 0.9751388999866322
23 0.9052684178194992 0.3039838364086949 0.9112009000091348
24 0.8505299106929098 0.24374685164606497 1.0116218000184745
25 0.8310159829173052 0.22730086296244964 0.8618185000086669
26 0.811330530943879 0.20574345873284353 0.903113599983044
27 0.7766511676704236 0.17116762525499002 0.8979247999959625
28 0.7766511676704236 0.17116762525499002 0.9137118000071496
29 0.7588114340748933 0.15701119721576032 0.9246478000131901
30 0.7480766527844939 0.14508237400050206 0.8825098999950569
31 0.7480766527844939 0.14508237400050206 0.9214150999905542
32 0.7389529369596225 0.13580925791072407 0.946511999994982
33 0.7327309980126895 0.12880795423819066 0.9286988999811001
34 0.7302600399427153 0.1254058011075791 0.9350264000240713
35 0.9246473514267044
-------------------------------------------------END------------------------------------------------------
-------------------------------------------Krylov LM---------------------------------------------------
371.2597202236761 386.67609649430125
102
0 371.2597202236761 386.67609649430125 1.224999400001252
1 309.0377437452214 312.46972807861744 0.057947799999965355
102
2 309.0377437452214 312.46972807861744 1.2193076999974437
3 140.81081303662975 141.99255114488284 0.04829930001869798
102
4 140.81081303662975 141.99255114488284 1.2496027000015602
5 138.53356677631487 141.130669176087 0.0643176999874413
102
6 138.53356677631487 141.130669176087 1.2191528999828734
7 27.969697546635768 28.548055810302817 0.07344199999351986
102
8 27.969697546635768 28.548055810302817 1.4612512000021525
9 20.059355672213766 17.808330043655378 0.06733170000370592
102
10 9.625117941316526 9.012939308061272 1.4052887000143528
102
11 9.625117941316526 9.012939308061272 1.2863872000016272
12 4.984915338961107 4.180407988872515 0.07585319998906925
102
13 4.984915338961107 4.180407988872515 1.2629731000051834
14 3.5786982455370735 2.8692811029548886 0.07433979999041185
102
15 3.3710838892554915 2.6728855759142816 1.230596199980937
102
16 2.492436878203932 1.8442260016650889 1.252907200017944
102
17 2.492436878203932 1.8442260016650889 1.662023400014732
18 1.7548987004841656 1.0579533068534341 0.05936189999920316
102
19 1.375427317075929 0.7291169485414039 1.3259420999966096
102
20 1.1563619899436646 0.5255428732141517 1.2938293000042904
102
21 1.1242998508153756 0.48972938624601964 1.3151592000212986
102
22 1.1242998508153756 0.48972938624601964 1.265699500014307
23 1.0103577561255763 0.39100268527384674 0.05441039998549968
102
24 1.0103577561255763 0.39100268527384674 1.325183199980529
25 0.9059159118083844 0.29711261231889313 0.052852499997243285
102
26 0.9059159118083844 0.29711261231889313 1.3178567000140902
27 0.890183257171544 0.28309026974901746 0.05169000002206303
102
28 0.8743783392011083 0.2698856511068344 1.211174199997913
102
29 0.8652507547585326 0.26390013356513553 1.474561699986225
102
30 0.8652507547585326 0.26390013356513553 1.298163100000238
31 0.8322912458868379 0.23181857053975574 0.05820939998375252
102
32 0.8191619798124752 0.218623609970498 1.272267299995292
102
33 0.804706580896365 0.2025190226647298 1.2721628000144847
102
34 0.7759844348011322 0.17324190830310465 1.231166999990819
102
35 0.7596889811400737 0.15999356019534877 1.2217055000073742
102
36 0.7391306815540727 0.13599996825090904 1.2275772000139114
102
37 0.7298695582594634 0.1291991801212585 1.2087436000001617
102
38 0.7259872840568341 0.1205534087789582 1.2146060999948531
39 0.9150857410262315
-------------------------------------------------END------------------------------------------------------
------------------------------------Reduced subspace LM---------------------------------------------------
371.2597202236761 386.67609649430125
0.9810732817135775 10
0.9999949570548752 40
0 337.1062478790783 349.9787708352068 0.413790999999037
0.9183485027678051 10
0.9999441406371106 40
1 312.4407958607289 321.6575848102909 0.419655400008196
0.6693833784542035 10
0.9996153040819509 40
2 221.93532825302034 226.2615069042512 0.4366557000030298
0.9128557131353292 10
0.9987644989667938 40
3 157.04818392700116 165.7899436566703 0.4224877000087872
0.8639797231138598 10
0.9974965359895069 40
4 54.832491257420045 56.03693981303397 0.4266875000030268
0.8724359397664561 10
0.9974935704993749 40
5 42.84830406695243 44.71591889906813 0.5176012000010815
0.9693589699135158 10
0.9999161483293638 40
6 11.327681299279984 10.77866440564716 0.4249918000132311
0.9362713205254448 10
0.999929717787683 40
7 10.000420504983055 9.154627905220645 0.4206973999971524
0.9908511438774189 10
8 5.388681832547989 4.465723219715277 0.11735919999773614
0.14410185761651367 10
0.9997396154766798 40
9 3.706066617187945 3.0561167700743463 0.42302400001790375
0.9846385415052233 10
0.9999873375528064 40
10 3.0052691402732896 2.3347459903636234 0.4314400999865029
0.9915537643265216 10
11 2.553405843462774 1.8327506880911957 0.09307259999332018
0.0048770096288194295 10
0.9927545216652043 40
12 2.3423251725420147 1.6870155447277468 0.9450573999783956
0.9570960321360705 10
0.9999487364466575 40
13 2.047691744793042 1.384523088128089 0.49252509998041205
0.9856693722733438 10
0.9999598598429399 40
14 1.7862109420267014 1.081229299609187 0.4688252000196371
0.9311915665718948 10
0.9999578874007884 40
15 1.4629361237625715 0.7675328045857028 0.42454890001681633
0.9302837704095452 10
0.9998149746606626 40
16 1.2774173338788863 0.5759041276797704 0.44848810002440587
0.9458699408766488 10
0.9999162556425861 40
17 1.187884975910023 0.5068988811351303 0.5686136999865994
0.9452993809218163 10
0.9999788339837299 40
18 1.108024040881661 0.4269295515360882 0.8232428999908734
0.9623798201079594 10
0.9999507654319686 40
19 1.0642837744254336 0.39711965181766323 0.41616580000845715
0.956170533174373 10
0.9999817666513875 40
20 1.0226181764070779 0.3496216628614823 0.44662659999448806
0.9522712248889292 10
0.9999513810092732 40
21 0.9948643481291929 0.3319557989829875 0.4323773999931291
0.9654708835990942 10
0.9999664271512864 40
22 0.964344002501589 0.30123605120258024 0.5328073000127915
0.9484869037279083 10
0.9999399225736122 40
23 0.9416423757672081 0.28483756427176354 0.4294466999999713
0.9637052951101535 10
0.9999719671584417 40
24 0.9196636810057869 0.26816349985569565 0.4247629000165034
0.9562089416919988 10
0.9999580019434866 40
25 0.9017985112031555 0.252330431072408 0.4340564000012819
0.9649675508569526 10
0.9999823197280748 40
26 0.8846677325740276 0.24140442755430497 0.45265249998192303
0.9574506353594204 10
0.9999642445779412 40
27 0.8693707746125962 0.22542374089618872 0.559757199982414
0.9748955149147716 10
0.99998717938186 40
28 0.8553108647575295 0.22152118228538661 0.4216104999941308
0.967490398034418 10
0.9999738431362842 40
29 0.8412249885302212 0.20235123841645258 0.43365459999768063
0.9769142869842398 10
0.9999859663924717 40
30 0.8308315157718833 0.2007513766476144 0.4225575999880675
0.9717117034264625 10
0.9999735733735103 40
31 0.8193997035973006 0.1845902747156472 0.42143899999791756
0.9796947355495688 10
0.9999838028860303 40
32 0.8108505056508059 0.18344238655809544 0.42642960001830943
0.9733993693228014 10
0.9999708826491787 40
33 0.8013118192932511 0.17097038458544866 0.43398960001650266
0.9817994481046287 10
0.9999801626725762 40
34 0.7940058980979544 0.16925960767962273 0.4231128999963403
0.9751153322621798 10
0.9999730006397751 40
35 0.7858660329602996 0.1595809284640669 0.4321357000153512
0.9817532730726903 10
0.9999781513325899 40
36 0.7792746378449579 0.1568658514950223 0.4407323000195902
0.9759752971809705 10
0.999976581161422 40
37 0.7723188633567403 0.14908599785332757 0.680442699987907
0.9795213114482296 10
0.9999830463506929 40
38 0.7666285024772388 0.1469030796119367 0.42561510001542047
0.9710894387210699 10
0.9999822171637638 40
39 0.7605043812952307 0.13881657708594752 0.43176400000811554
0.9786634137684375 10
0.9999848217146821 40
40 0.755717465520943 0.1373933326309153 0.4535446000227239
41 0.4559620951242722
-------------------------------------------------END------------------------------------------------------
15
-------------------------------------------Classical LM---------------------------------------------------
379.5434110888644 400.31245457621594
0 379.5434110888644 400.31245457621594 0.9821398000058252
1 379.5434110888644 400.31245457621594 0.9323161999927834
2 270.3411768294749 275.9425548689547 0.9230536000104621
3 194.15326402584142 193.04600036876906 0.9642184000113048
4 183.6644867623603 173.17408644045997 0.958097299997462
5 183.6644867623603 173.17408644045997 0.9160427999740932
6 183.6644867623603 173.17408644045997 0.9683674999978393
7 145.51596163395223 138.56675008291438 1.1274913000233937
8 47.6005627358598 44.21569742976585 0.962721900024917
9 47.6005627358598 44.21569742976585 0.9602851000090595
10 32.08669740564225 31.0991062155138 1.2912118000094779
11 22.042597301343704 20.03253491750673 0.9116422999941278
12 22.042597301343704 20.03253491750673 0.8849143000261392
13 13.565958244951927 12.554203535567035 1.2732737000042107
14 13.565958244951927 12.554203535567035 1.125800599984359
15 6.696697596241076 5.56945241098888 1.5291963999916334
16 6.559588364924991 5.700793710981457 1.3263822000008076
17 3.9422950728016453 3.3066525463598153 0.9354678000090644
18 3.9422950728016453 3.3066525463598153 0.9318168000027072
19 2.445607501895234 1.8559459584981324 1.0133962999971118
20 2.2010036174950915 1.5792996868549352 0.942726599983871
21 2.077113216795314 1.4520379842241065 0.9216990999993868
22 2.077113216795314 1.4520379842241065 0.9111228999972809
23 1.469379292441612 0.8477676593157029 0.9472362000087742
24 1.469379292441612 0.8477676593157029 0.8915286000119522
25 1.3903569755892298 0.7574854933066352 1.3270569000160322
26 1.3007675734190842 0.6714642261557806 1.8073023999750149
27 1.3007675734190842 0.6714642261557806 1.0798127999878488
28 1.2064573903155231 0.579509446432526 1.6313077000086196
29 1.1290775838747449 0.5063353057848345 1.3751870000269264
30 1.0808435811531665 0.45500991795852086 1.2916145999915898
31 0.9653640295246352 0.3411862667516275 0.9583563000196591
32 0.9653640295246352 0.3411862667516275 0.9201793000102043
33 0.8655476395950307 0.24564919992398468 1.123365699982969
34 0.8655476395950307 0.24564919992398468 1.0880798999860417
35 0.8453486565763058 0.23063421942296375 1.4841862000175752
36 0.8263485222263302 0.21190757051725848 1.6377206000033766
37 0.7997036523356472 0.1885837225240802 1.5374359000124969
38 0.7702783204768128 0.1621983492679224 0.8584399000101257
39 0.7610201134216731 0.1584287995195387 1.0809545000083745
40 0.7545905289081308 0.15188649176850078 1.422491400007857
41 0.7545905289081308 0.15188649176850078 1.6846615000104066
42 0.6793634663114025 0.07144206851721377 1.2215582000208087
43 0.6793634663114025 0.07144206851721377 0.9927516999887303
44 0.6686738169273183 0.05978781102265487 0.963018300011754
45 0.6660967691824491 0.0570627368501948 0.947255100007169
46 1.1296714217428614
-------------------------------------------------END------------------------------------------------------
-------------------------------------------Krylov LM---------------------------------------------------
379.5434110888644 400.31245457621594
102
0 379.5434110888644 400.31245457621594 1.2592612000007648
1 379.5434110888644 400.31245457621594 0.06943529998534359
2 270.34117687695726 275.94255492933047 0.06868539997958578
102
3 194.11476519453566 192.99520265900426 1.244840799976373
102
4 186.17353108359254 176.62389670362208 1.250472899992019
102
5 186.17353108359254 176.62389670362208 1.2438952999946196
6 186.17353108359254 176.62389670362208 0.05843870001262985
7 148.8932153699948 144.09826655148154 0.0567348999902606
102
8 47.285884980160695 43.82592654322721 1.2214549999916926
102
9 47.285884980160695 43.82592654322721 1.2546657999919262
10 33.78773882176232 32.53844215564712 0.05887650002841838
102
11 31.384073704111156 28.476079773490977 1.2692472000198904
102
12 31.384073704111156 28.476079773490977 1.2433670999889728
13 28.901094078624656 27.68266934564987 0.07754729999578558
102
14 14.512530072923246 13.574604816742507 1.2315854000044055
102
15 14.512530072923246 13.574604816742507 1.2442444000043906
16 5.335703657603113 4.560593826180692 0.059715399984270334
102
17 5.335703657603113 4.560593826180692 1.2502083000144921
18 3.2280858896749334 2.474612923825909 0.07759560001431964
102
19 2.716127589840293 2.0011706813469456 1.2139676999941003
102
20 2.391963001452321 1.7772465831632787 1.2317127000133041
102
21 1.819083115800094 1.2742062804636125 1.2296404000080656
102
22 1.7754354687004532 1.240065106074078 1.241064899979392
102
23 1.7754354687004532 1.240065106074078 1.23087279999163
24 1.7754354687004532 1.240065106074078 0.07626620001974516
25 1.3199290709443365 0.7297676774398261 0.05549929998232983
102
26 1.2167127839720737 0.639201253909106 1.2156891000049654
102
27 1.1344735642797263 0.573998797977697 1.363708199991379
102
28 1.1134104587753673 0.5377513993777846 1.2560006999992765
102
29 1.021157973322435 0.4310373050494212 1.2309460999967996
102
30 1.021157973322435 0.4310373050494212 1.2181161999760661
31 1.021157973322435 0.4310373050494212 0.05838510001194663
32 0.9915453200552019 0.4122602403555328 0.06901609999476932
102
33 0.8592128272537212 0.2722026818452868 1.2339448000129778
102
34 0.8592128272537212 0.2722026818452868 1.2619235000165645
35 0.8363482417104277 0.25488050055862344 0.05874370000674389
102
36 0.8109458931222309 0.22603839471946138 1.2704610000073444
102
37 0.7939319493806548 0.20910385257307726 1.2502720000047702
102
38 0.7854381245528448 0.20119215202905247 1.243705900007626
102
39 0.7854381245528448 0.20119215202905247 1.2667085999855772
40 0.7572193368547869 0.1714920839115613 0.06487880001077428
102
41 0.7572193368547869 0.1714920839115613 1.2058376999921165
42 0.7434456741228075 0.15769929344179848 0.07213080002111383
102
43 0.7313731897609834 0.14310188135993243 1.2637264000077266
102
44 0.7313731897609834 0.14310188135993243 1.2271096000040416
45 0.7260993747328041 0.13734291012203176 0.06701349999639206
102
46 0.7190344623833931 0.12825919592896123 1.242752999998629
102
47 0.7153810431271804 0.12506489971333892 1.2153834999771789
48 0.8515781416663231
-------------------------------------------------END------------------------------------------------------
------------------------------------Reduced subspace LM---------------------------------------------------
379.5434110888644 400.31245457621594
0.9926904338308321 10
0 352.5263131839802 369.5099378929987 0.14671629999065772
0.9945244510105447 10
1 314.3793569943459 325.33953692704665 0.10035939997760579
0.989038884124774 10
0.99999643513399 40
2 273.62629326407574 282.2329701192438 0.42427629997837357
0.711662552595908 10
0.9998136839854971 40
3 247.36278426452932 253.77482913574602 0.48560729998280294
0.8074939515290351 10
0.9927670111867135 40
4 215.36079540330175 220.26171651873284 0.42965689999982715
0.8596005978936483 10
0.9953325249369335 40
5 79.52878106474444 76.37737574639998 0.44179409998469055
0.8067642889012834 10
0.996745244395326 40
6 49.6287186854196 51.338551025076555 0.5356243000132963
0.943261462301723 10
0.9997840620544826 40
7 15.681822274195493 14.174582407296558 0.5502373000199441
0.9326131346571145 10
0.9997410755653767 40
8 14.34744935376406 14.123306005430676 0.42622490000212565
0.9956803843503245 10
9 7.3486212238767825 6.617614760454822 0.11320849999901839
0.6401463716568243 10
0.9999023831235888 40
10 5.019891381527971 4.147559482867976 0.40097790001891553
0.9120760964200708 10
0.9997989505609167 40
11 3.5807935242917615 2.7405912123425518 0.4258461999997962
0.84638956210275 10
0.9998786921129817 40
12 3.186790303458916 2.3575086453457823 0.42598320002434775
0.8993341057079106 10
0.999956853851836 40
13 2.807107358212797 2.0082864037423094 0.4265550999843981
0.9595787536695501 10
0.9999617931158683 40
14 2.5668271897381785 1.8155806697808898 0.42322300001978874
0.9093442946153766 10
0.9999442347066748 40
15 2.2922885322551223 1.606878255673472 0.4362546000047587
0.9057326770604143 10
0.9999731010318104 40
16 2.1031036924779305 1.4505907666334883 0.42288189998362213
0.8113351832106119 10
0.9999054975964101 40
17 1.910262949763273 1.2621290569771146 0.4273121999867726
0.918260499940161 10
0.9999665869049043 40
18 1.7791252170653833 1.1817536479262802 0.5097755000169855
0.849149557409206 10
0.9996671561637597 40
19 1.664781885515208 1.0573369609160792 0.4161219999950845
0.9421880597581338 10
0.9999716768416089 40
20 1.580936798362972 1.0060566916968996 0.4334346999821719
0.8818474982598611 10
0.9999257348930094 40
21 1.5090090539063625 0.927613440406149 0.424885299988091
0.9509243589117112 10
0.9999760283391305 40
22 1.4463619337207154 0.8836355817627481 0.4168405999953393
0.8711090042775199 10
0.9999419858255266 40
23 1.3914522977972739 0.8240514224446588 0.42171419999795035
0.9412323993809689 10
0.9999551695047477 40
24 1.3433985293883726 0.7776541959213996 0.42821560002630576
0.9347352331098588 10
0.9999198672278475 40
25 1.3000184431387882 0.7287880150731253 0.40983229997800663
0.8899663028048773 10
0.9996004078246739 40
26 1.2644565068812863 0.6951737488791125 0.4221792000171263
0.8721665228631623 10
0.9998929031414403 40
27 1.2332275688170562 0.6598344166907129 0.44944339999346994
0.8859735965042483 10
0.9999572040158157 40
28 1.2050760860130234 0.6366067724327437 0.4418617000046652
0.8261469067500198 10
0.9999441210406429 40
29 1.1821049968632957 0.6064590940374398 0.42024019997916184
0.9497340733440215 10
0.9999691367320293 40
30 1.1575421427266195 0.5897092392627217 0.42218470000079833
0.9472201004343948 10
0.9999708578931171 40
31 1.1421216238934986 0.5671962453490224 0.5363563999999315
0.9667166949758234 10
0.9999621617015888 40
32 1.1151500153597536 0.5474559495248688 0.4242550000199117
0.9598313637675266 10
0.9999709255630705 40
33 1.106217902428723 0.5288411070794732 0.41711290000239387
0.9702524859969321 10
0.9999528827456288 40
34 1.0709924427288047 0.498076896835778 0.43287859999691136
0.9584742667430332 10
0.9999581179958706 40
35 1.056864180835088 0.47755497838394656 0.4295050000073388
0.9694005694654297 10
0.9999492774941381 40
36 1.0206317678142098 0.4438737449847249 0.41019280001637526
0.9594803341004188 10
0.9999580584533027 40
37 1.0070132801047367 0.4279674222483923 0.4477568000147585
0.9699215042481962 10
0.9999487689383532 40
38 0.9787432156483316 0.3980490235025435 0.42467529998975806
0.9547169759173786 10
0.999957363472289 40
39 0.9693637183895415 0.39082785914724505 0.7746670999913476
0.9671194773172285 10
0.9999547823534285 40
40 0.9466056356707164 0.36410573150082715 0.4232064000098035
0.9490015703296961 10
0.999955472066102 40
41 0.9372207522307608 0.35928567809183265 1.052421400003368
0.9646440673603904 10
0.9999580241820405 40
42 0.9207585773667833 0.33720959889328195 0.4233356000040658
0.944584805332102 10
0.9999553778146762 40
43 0.9129984827176184 0.33465914302462874 1.0855206999985967
0.9618235858118487 10
0.9999606014396701 40
44 0.9001932351503605 0.3158627061847977 0.4119821999920532
0.940121298469024 10
0.999955376842058 40
45 0.893712147415172 0.3143787625163662 0.8893490000045858
0.9597409456366351 10
0.9999633495902368 40
46 0.8833853040702979 0.29830667533921684 0.44352150001213886
0.9352084997254335 10
0.9999549929485106 40
47 0.877782062978798 0.29716124684649425 0.7868541000061668
0.9579122553648748 10
0.9999653237397713 40
48 0.8692236740338974 0.2833462554334956 0.41604959999676794
0.9297646406471579 10
0.9999551155241089 40
49 0.864236150229431 0.28220016119876223 0.7363841999904253
50 0.47250986800005196
-------------------------------------------------END------------------------------------------------------
16
-------------------------------------------Classical LM---------------------------------------------------
366.0553345803465 382.13573938878216
0 366.0553345803465 382.13573938878216 0.9729307999950834
1 366.0553345803465 382.13573938878216 0.9698884000245016
2 230.25831362773482 235.24517970031187 1.0314942999975756
3 230.25831362773482 235.24517970031187 2.11344879999524
4 144.21113699420076 140.63125176537272 2.1276118000096176
5 144.21113699420076 140.63125176537272 0.9495026000076905
6 66.27183013546895 67.53395638067825 0.9866276999819092
7 59.8622536994691 58.456340274989316 1.7577501000196207
8 19.8604032325616 19.95536676948754 0.9297512999910396
9 19.8604032325616 19.95536676948754 1.3158771000162233
10 7.443437108929047 6.906543356873978 0.9642153000168037
11 4.5538016799551 3.9394178151044543 0.9424815999809653
12 4.5538016799551 3.9394178151044543 1.3729866999783553
13 2.7794679448998516 2.074944670826513 0.9892446000012569
14 2.7794679448998516 2.074944670826513 0.8973774999903981
15 1.9858845014885098 1.3127712497116035 0.9772131999779958
16 1.7104948599781855 1.0777393685692984 0.9637648000207264
17 1.4986120849701714 0.8767110350302397 0.9278041999787092
18 1.4986120849701714 0.8767110350302397 0.9173243999830447
19 1.1843770208903726 0.5652890424907091 0.9067601000133436
20 1.073977490703938 0.45664643589891935 0.8956860000034794
21 1.0395632023958263 0.4185939176685159 0.9762083000096027
22 0.9645048723103188 0.3474034321296123 0.9099756999930833
23 0.9645048723103188 0.3474034321296123 0.900970699993195
24 0.7508398919462991 0.14336896519600317 0.986579399992479
25 0.743141269714745 0.13995054186719846 0.8616973999887705
26 0.743141269714745 0.13995054186719846 0.8909336999931838
27 0.7059101510332246 0.10530232930441748 0.9369133000145666
28 0.6963404697427956 0.09451507317358904 0.8583314999996219
29 0.6842224942378674 0.07849874241216447 0.8814008999906946
30 0.6842224942378674 0.07849874241216447 0.8973229999828618
31 0.6648801375977523 0.05842764445667127 1.0242533000127878
32 0.6603344068950824 0.0529654544431991 0.9014210999885108
33 1.0586590787861496
-------------------------------------------------END------------------------------------------------------
-------------------------------------------Krylov LM---------------------------------------------------
366.0553345803465 382.13573938878216
102
0 366.0553345803465 382.13573938878216 1.3144832999969367
1 366.0553345803465 382.13573938878216 0.07534239999949932
2 230.25831362745538 235.2451796999813 0.06528170002275147
102
3 230.25831362745538 235.2451796999813 1.2124728000198957
4 144.2111405160303 140.63125429746844 0.06931289998465218
102
5 144.2111405160303 140.63125429746844 1.2222535000182688
6 66.27184680432826 67.5339614950211 0.05668130001868121
102
7 59.860844381412385 58.45465157640363 1.2325440999993589
102
8 20.183001106176537 20.277317871291185 1.2344994000159204
102
9 20.183001106176537 20.277317871291185 1.225941500015324
10 7.424826910447672 6.871538221481856 0.07344690000172704
102
11 4.5406740237704115 3.9350095782784273 1.2181762999971397
102
12 4.5406740237704115 3.9350095782784273 1.2464265000016894
13 2.786879091543331 2.0731469320058475 0.07183830000576563
102
14 2.786879091543331 2.0731469320058475 1.214403099991614
15 1.993110075370832 1.3171395426740244 0.04677709998213686
102
16 1.6955504812409512 1.0594364963271625 1.2255392999795731
102
17 1.4602017143912802 0.8301265248167021 1.210540400003083
102
18 1.4602017143912802 0.8301265248167021 1.2148234999913257
19 1.1698596522163498 0.5555032253775658 0.05440879997331649
102
20 1.0565552917622885 0.4431886817227844 1.23315059999004
102
21 1.0433598521613645 0.4210625700872134 1.2320753000094555
102
22 0.9313605479055849 0.31640689490566387 1.2146997000090778
102
23 0.896111589142813 0.3029383842114672 1.1998222000256646
102
24 0.8227318675924258 0.23695996290549334 1.240876500000013
102
25 0.7233471963250202 0.1266286962637721 1.2456894000060856
102
26 0.7021559069380823 0.09889809511889196 1.2198661000002176
102
27 0.7021559069380823 0.09889809511889196 1.3432927999820095
28 0.7010442635903844 0.09763457587168632 0.07460309998714365
102
29 0.6825184165953034 0.07776738336711334 1.1974011000129394
102
30 0.6800071574745432 0.07271158412673015 1.2378044000070076
31 0.8943378806467198
-------------------------------------------------END------------------------------------------------------
------------------------------------Reduced subspace LM---------------------------------------------------
366.0553345803465 382.13573938878216
0.9869001388086751 10
0.9999936769476299 40
0 329.62110969307395 341.4241788267928 0.4692724000196904
0.898698081702947 10
0.9999736410617126 40
1 297.55398292180547 300.1328893985115 0.4466377999924589
0.8918886717131825 10
0.9997632452832226 40
2 236.15770286043258 242.2810001821324 0.5083340000128374
0.8254796011257098 10
0.9965901668113601 40
3 152.27237984178942 158.2367291022322 0.44185079997987486
0.9145151320307565 10
0.9990297990190272 40
4 72.7918715527925 71.40609977614174 0.43017529998905957
0.9808967881560557 10
0.9999121760237512 40
5 39.38997206096363 39.07297967486618 0.44360450000385754
0.9898139667854976 10
0.999975192878604 40
6 8.02106058532195 7.242787442640287 0.5496956999995746
0.9280881526252226 10
0.9999739314135354 40
7 5.05356142867189 4.357294826056182 0.4390424999874085
0.9640643890665255 10
0.9999850687897798 40
8 3.2195616382644476 2.6394535260102474 0.4329611000139266
0.985768945024085 10
0.9999823569774795 40
9 2.5570612317592176 1.8811714490628069 0.42779040001914836
0.9604487172910734 10
0.9999865517712416 40
10 2.10112047866565 1.3653216223780678 0.5746089999738615
0.9214489424767592 10
0.9999800921497514 40
11 1.9274735806433796 1.2308512794116588 0.44946099998196587
0.7043803521467155 10
0.9998750541543949 40
12 1.8315319963574481 1.1604603813591603 0.5423970999836456
0.9842302441617318 10
0.9999772179802583 40
13 1.6150118661628563 0.9668053276147623 0.5009467999916524
0.8784833274184983 10
0.9999702385655539 40
14 1.4029462026488204 0.7275740472956342 0.6386461000074632
0.9339682694525788 10
0.9999598258450146 40
15 1.2804778326928348 0.6239759956585409 0.5369257999991532
0.9429768293748616 10
0.9999602407468757 40
16 1.1597821485444295 0.49553016675409217 0.4230655999854207
0.8601268242676979 10
0.9999745935330508 40
17 1.1123845060836335 0.45921807111938173 0.4672586999949999
0.915979106394717 10
0.9999203388967478 40
18 1.057028641400443 0.40681271983717676 0.42710400000214577
0.9294378258847532 10
0.9999770894478475 40
19 1.021321210719398 0.3744818929348941 0.4439935999980662
0.7551226037163825 10
0.999544533681236 40
20 0.9912397674972779 0.3456032725656223 0.6302721999818459
0.9090541318600515 10
0.9999733761642846 40
21 0.9636386735032877 0.3221802603896863 0.5203642999986187
0.7639982216813167 10
0.9996041882837245 40
22 0.9406188737860328 0.2990585594017431 0.6442536000104155
0.9026280345480961 10
0.9999720800838987 40
23 0.9184335032597857 0.2817372608749355 0.41652020000037737
0.79549359977082 10
0.9998447283922424 40
24 0.900271754549358 0.2644189152147301 0.8693058000062592
0.814654540590259 10
0.9999649173182756 40
25 0.8832760713551514 0.25441005031204617 0.4374666000076104
0.8636403882628142 10
0.9999437512736726 40
26 0.8661856625778138 0.23687694239250687 0.4576577999978326
0.7900708909984696 10
0.9999408118837525 40
27 0.8504567583683753 0.22511564156864713 0.4729430000006687
0.7794722088013815 10
0.9993871181151209 40
28 0.8380098485843993 0.21296566620777396 0.4277873999963049
0.7831698365925819 10
0.9998946729467366 40
29 0.8262834676029184 0.2050229507907789 0.4307281000073999
0.8104634374740246 10
0.9999080491572093 40
30 0.8158278925262931 0.19381859794722345 0.4415985000086948
0.7445726486011566 10
0.999840113487722 40
31 0.8056747490950099 0.18648544479946316 0.5658516999974381
0.8353906304240972 10
0.9999479557988052 40
32 0.7960918148994209 0.17590898224908882 0.638139200018486
0.6953170582941094 10
0.9997354496565121 40
33 0.7871734162166578 0.1689210697351832 0.4388512999867089
0.8663809719857352 10
0.9999492412669281 40
34 0.7788452269027364 0.1595327336625777 0.4795371000072919
0.6930454197175363 10
0.9995248197909624 40
35 0.7717880690028951 0.15425805312624002 0.5780237000144552
0.9133462979845108 10
0.9999690583319056 40
36 0.765191645782002 0.14760740523169746 0.5574719999858644
0.5486435252120293 10
0.9994702427136066 40
37 0.7593385000628609 0.14271012575723985 0.4395261000026949
0.9215750325268299 10
0.9999687865663246 40
38 0.7536891961413088 0.1377038253841728 0.43767290000687353
0.40939667140014535 10
0.9986954882768947 40
39 0.7485259360979288 0.13265637274880895 0.4437092999869492
0.9110710949687892 10
0.9999717640078613 40
40 0.7435122149310006 0.12840090187413516 0.4556886000209488
0.327891277977128 10
0.9954290253258414 40
41 0.738959648467815 0.12423728545526962 0.6016461999970488
42 0.4994949476185
-------------------------------------------------END------------------------------------------------------
17
-------------------------------------------Classical LM---------------------------------------------------
401.3084960152405 421.6462697268375
0 401.3084960152405 421.6462697268375 0.996269499999471
1 381.0137840315845 392.0116478903992 0.9640586999885272
2 275.7994365729098 277.80167632358706 2.1081485000031535
3 251.331253970572 254.26658892535949 0.9450539000099525
4 198.64826070380386 200.58935044101614 1.79851459999918
5 198.64826070380386 200.58935044101614 0.97786049998831
6 86.87209988162098 78.01571171130331 0.9736595999856945
7 86.87209988162098 78.01571171130331 1.238970700011123
8 86.87209988162098 78.01571171130331 1.3490199999941979
9 73.90302002174914 71.92316855318462 1.0006217999907676
10 73.90302002174914 71.92316855318462 0.9305462000193074
11 36.9168729143342 34.42321345517282 0.9773940999875776
12 36.9168729143342 34.42321345517282 1.06321800002479
13 36.9168729143342 34.42321345517282 0.9264409999886993
14 15.732500396863756 14.553672488410802 0.9212835000071209
15 8.274511738951967 7.000436674491322 0.8948834000038914
16 6.675534721699715 5.577845089889745 0.9250609999871813
17 5.2824988493333676 4.360695812201006 0.8720494999724906
18 3.5283879242759104 2.6709575744685763 0.9194336000073235
19 2.902860626463031 2.120999167331172 0.9803223999915645
20 2.902860626463031 2.120999167331172 1.0355334999912884
21 2.902860626463031 2.120999167331172 1.0086265999998432
22 2.101271029220455 1.311623300825629 0.9002677999960724
23 2.0809717088768935 1.3416002116088799 0.9001506000058725
24 2.0809717088768935 1.3416002116088799 0.9507753000070807
25 1.6776210086233607 0.9515515417453309 1.2424119999923278
26 1.6776210086233607 0.9515515417453309 1.01969950000057
27 1.6013702365167954 0.8750451418046632 0.9338505000050645
28 1.5407164788777417 0.8174376920132509 0.8886509999865666
29 1.4737237907221143 0.7644501591220455 0.9623133999994025
30 1.40165842461294 0.7139355084549858 0.917054299992742
31 1.40165842461294 0.7139355084549858 0.9461220000230242
32 1.2653342343536402 0.5782883721056377 0.9660997000173666
33 1.2653342343536402 0.5782883721056377 0.9323416999832261
34 1.1796684913797115 0.5015208073845924 0.9449790000217035
35 1.1168679163613895 0.45347786596789275 0.9297558000253048
36 1.0506496872047741 0.40154145332888524 0.875008600007277
37 0.9358721270354534 0.31183509170850504 0.932118900003843
38 0.9309120512631293 0.31028645538195837 0.9320575000019744
39 1.025144312821048
-------------------------------------------------END------------------------------------------------------
-------------------------------------------Krylov LM---------------------------------------------------
401.3084960152405 421.6462697268375
102
0 401.3084960152405 421.6462697268375 1.2297958999988623
1 381.0252708601837 392.02833610020167 0.04925630000070669
102
2 284.78963625097566 290.0877640790682 1.2242701000068337
102
3 203.00374032708132 210.2573029808598 1.224869600002421
102
4 61.332856942343085 61.5180110607323 1.222107599984156
102
5 43.37895014149456 41.08506613610336 1.219032100023469
102
6 43.37895014149456 41.08506613610336 1.2224677000194788
7 43.37895014149456 41.08506613610336 0.05874459998449311
8 43.37895014149456 41.08506613610336 0.06972450000466779
9 28.572228747875464 26.982229314102565 0.0538372999872081
102
10 28.572228747875464 26.982229314102565 1.2226696999859996
11 28.572228747875464 26.982229314102565 0.06365339999319986
12 12.151600062451624 11.19260919794363 0.07343889999901876
102
13 12.151600062451624 11.19260919794363 1.2124326000048313
14 7.5163293273861145 6.528761216230067 0.06277710001450032
102
15 5.560771370720268 4.657810941357368 1.190659300016705
102
16 4.434300168059392 3.8103618650685345 1.2117820999992546
102
17 3.4254274059188132 2.832580012071927 1.2067653000121936
102
18 3.3453488064935795 2.5728177168734994 1.2455266000179108
102
19 3.0796939982224107 2.3959592827676044 1.2415665999869816
102
20 3.0796939982224107 2.3959592827676044 1.22772170000826
21 2.9045127711549554 2.1658953257592586 0.05737409999710508
102
22 2.9045127711549554 2.1658953257592586 1.2050165999971796
23 2.205725483410112 1.5330602791168868 0.07774989999597892
102
24 2.205725483410112 1.5330602791168868 1.2232178999984171
25 1.7125771186471153 1.0454678733010505 0.07448370000929572
102
26 1.4589133709387971 0.8243529779544565 1.2409809000091627
102
27 1.4047617909618169 0.7824808561203438 1.2115988000005018
102
28 1.4047617909618169 0.7824808561203438 1.2299425000092015
29 1.2764070711804274 0.6350819566993319 0.07946760000777431
102
30 1.2764070711804274 0.6350819566993319 1.5003834000090137
31 1.2764070711804274 0.6350819566993319 0.06644860000233166
32 1.0646798340649837 0.4403451698082554 0.05360030001611449
102
33 1.0190556611962782 0.3931774309960566 1.2603279000031762
102
34 0.9732540899301126 0.3476832508107162 1.2315346999967005
102
35 0.927890361625105 0.30560130388959045 1.224738700024318
102
36 0.8830926683100512 0.2694210642259569 1.2268782000173815
102
37 0.8692960635209043 0.26572032271590534 1.2285983000183478
102
38 0.8692960635209043 0.26572032271590534 1.2619919999851845
39 0.8089899076268375 0.20583558404694483 0.07445409998763353
102
40 0.8066004981140124 0.2065070653664779 1.2351106000132859
41 0.836512141467055
-------------------------------------------------END------------------------------------------------------
------------------------------------Reduced subspace LM---------------------------------------------------
401.3084960152405 421.6462697268375
0.9949408266547286 10
0 371.100320974041 389.13885926042894 0.10684760002186522
0.9961456366114275 10
1 327.27853188180325 341.54898569367083 0.10081060000811704
0.9970223056059522 10
2 279.20628775087584 287.3385476513441 0.23228880000533536
0.9954259026916025 10
3 244.60544113020356 251.41304709473545 0.1251744999899529
0.9779944413330594 10
0.9999987620417231 40
4 237.87416601930164 243.63681648727513 0.7896277999971062
0.9363426294141115 10
0.999986342985909 40
5 229.45447463281593 234.69600149539963 0.9536757000023499
0.8007816451190239 10
0.9998640932227318 40
6 210.12840107201404 212.6328504605652 1.058786899986444
0.9822663406880142 10
0.9998884201232111 40
7 168.22263761641764 167.91980918376626 0.6029374999925494
0.891520505925269 10
0.999888263632466 40
8 112.90805476201265 108.62299328489168 0.4258470000058878
0.8941669457347775 10
0.9997101393659973 40
9 40.47965279318241 38.01433868696094 0.427450500021223
0.9802966585710325 10
0.9999803988075366 40
10 14.617908716181036 13.498691616716856 0.46821180000551976
0.9420452529706915 10
0.999981034394863 40
11 8.858682488204405 8.390907155376015 0.42598779997206293
0.9452327730040725 10
0.999619071939119 40
12 3.337447594798998 2.571854551991598 0.40197489998536184
0.9173676386643759 10
0.9999049144967269 40
13 2.648820201420557 1.8710882824497674 0.4283356000087224
0.9740260079328282 10
0.9999911755472484 40
14 2.058027981232274 1.4338518395330593 0.42184789999737404
0.9520308970633253 10
0.9999912558176579 40
15 1.717064639680524 1.103925721110961 0.4387521999888122
0.6521773717681905 10
0.9999587966422321 40
16 1.4798417051864052 0.8537240655723028 0.5373652999987826
0.9769235047391379 10
0.9999895892168713 40
17 1.2917712924356828 0.6376275997503166 0.6156978000071831
0.9269307728092825 10
0.9999820538369354 40
18 1.172436439441214 0.5340920219454567 0.4648133000009693
0.9907236220401979 10
19 1.1392158988920833 0.48193706977238715 0.09404200001154095
0.00043882637420749514 10
0.9528280075315784 40
0.9981377733421614 70
20 1.1235518567284488 0.48359460645464664 0.8691052999929525
0.97089166299169 10
0.9999838557851867 40
21 0.8894064811138496 0.2689030975309875 0.42797809999319725
0.7420311606990116 10
0.9999013178249333 40
22 0.8569701296432147 0.22931710917125905 0.44817109999712557
0.7320356571768911 10
0.9998489734195934 40
23 0.831857462916791 0.20951051176456528 0.4304998000152409
0.9434077402706177 10
0.999984208621251 40
24 0.8142940460316639 0.19433367029849752 0.4044833999942057
0.5643496359115312 10
0.9997929100973562 40
25 0.7983633829327237 0.17760420480034853 0.6085267000016756
0.8463834924512317 10
0.9999816967644503 40
26 0.7863658372637231 0.17174020271768428 0.4425020999915432
0.873139464115087 10
0.9999674427093144 40
27 0.775809399997333 0.15924357716416268 0.6352486000105273
0.8033273014959544 10
0.9999646392613347 40
28 0.7675055911585078 0.1550914292812169 0.46934139999211766
0.887365792123708 10
0.9999732975691761 40
29 0.7589848725337485 0.14317231085731613 0.9659350999863818
0.8515341099233631 10
0.999983320784792 40
30 0.7523102561434518 0.14070198222172992 0.5586427999951411
0.9069335460324455 10
0.9999749844830632 40
31 0.7452403076542833 0.13083453645931656 0.41707599998335354
0.8668398737163568 10
0.9999785943145009 40
32 0.7391738648617057 0.12745328702650452 0.41593630000716075
0.9188488664658769 10
0.9999845579185398 40
33 0.7332394799744283 0.1181058958399806 0.44620130001567304
0.9200616722548989 10
0.9999815342968704 40
34 0.7281690268576154 0.11600105799622323 0.6190715000266209
0.8919000422374878 10
0.9999725490708651 40
35 0.7231042134701509 0.10856714447653056 0.5149516999954358
0.9195664438080114 10
0.9999890267233261 40
36 0.7185169968961175 0.10631914111677397 0.40841200001887046
37 0.49196104594660495
-------------------------------------------------END------------------------------------------------------
18
-------------------------------------------Classical LM---------------------------------------------------
443.00912749137433 467.5911841333337
0 395.7863386243932 381.68186392946126 1.1487225000018952
1 395.7863386243932 381.68186392946126 1.8907194000057643
2 338.2924495168303 342.5702273690607 0.9845682000013767
3 276.71068398330857 286.9600507162373 1.6651469000062207
4 276.71068398330857 286.9600507162373 1.8639294000022346
5 111.71341271394179 101.44232311057239 2.367482400004519
6 111.71341271394179 101.44232311057239 2.4406784000020707
7 111.71341271394179 101.44232311057239 1.0121700000017881
8 42.1167462155104 39.171519057598694 1.0057808999990812
9 42.1167462155104 39.171519057598694 1.8741960999905132
10 27.007118629509804 24.575337556267623 1.01261049999448
11 27.007118629509804 24.575337556267623 0.9743255000066711
12 18.973917210964874 16.73073556190952 0.933937199995853
13 15.098564826694357 13.149874398987578 0.9376922999945236
14 7.53001543828188 6.019055725136189 1.4246409999905154
15 7.53001543828188 6.019055725136189 1.783086799987359
16 7.53001543828188 6.019055725136189 0.976839499999187
17 5.632320145796475 4.475114042519746 0.9856814999948256
18 5.232001149655354 4.025359488171568 1.1113427999953274
19 5.018536893914524 3.732636766960106 1.4601631999976235
20 4.1244320319466015 3.05197598989447 1.23209940000379
21 3.4568256247289084 2.360300193305743 1.010826099998667
22 2.564622874565706 1.6845303883940812 1.6433139000000665
23 2.564622874565706 1.6845303883940812 1.8417309999931604
24 2.2330164594107518 1.4538561409900306 2.3687888999993447
25 2.0061080019970863 1.2693830335725442 2.406662499997765
26 2.0061080019970863 1.2693830335725442 1.6205229000042891
27 2.0061080019970863 1.2693830335725442 1.7490282000071602
28 1.8466885022680755 1.1477207316552527 0.9809363999956986
29 1.6720368228171436 0.9638271652455144 0.9976543000084348
30 1.6720368228171436 0.9638271652455144 2.2978590999991866
31 1.5885745421129671 0.9050583290217341 1.8147601000091527
32 1.4717764735659138 0.8058064620098803 1.7821727999980794
33 1.3498165974634464 0.7221114253663087 1.4958210999902803
34 1.2679515817057068 0.6441076815600238 0.972228599988739
35 1.2679515817057068 0.6441076815600238 0.9655749999947147
36 1.1773842377380062 0.5532230777117905 1.4669979000027524
37 1.1031311820730847 0.471385706856284 1.7246318999968935
38 1.1031311820730847 0.471385706856284 1.762049400000251
39 1.050285421389015 0.44012351511197856 1.7634831000032136
40 1.0212023490894258 0.4031378268788428 1.0539106999931391
41 1.0212023490894258 0.4031378268788428 1.2377577000006568
42 0.9645440474004437 0.35566451011339995 1.1841476999979932
43 0.9354862531116367 0.3197062720144974 0.9479215000028489
44 0.9354862531116367 0.3197062720144974 2.100588199988124
45 0.8975092932185975 0.2823984140946196 1.252544000002672
46 0.8762789222283893 0.25828983030246083 0.8849168000015197
47 0.8603291268307366 0.24758416076341902 1.230050999991363
48 0.8603291268307366 0.24758416076341902 0.9742508999916026
49 0.809768385859587 0.19695612988521302 1.0012295999913476
50 0.7961490325824416 0.1864910805139299 1.0593172999942908
51 0.7875716849915507 0.18196981730429543 0.9122082000103546
52 0.7723468729199034 0.1701148033991113 1.2636561999970581
53 0.7723468729199034 0.1701148033991113 0.9668685000069672
54 0.7379912214444756 0.12941450900114776 0.9841679999954067
55 0.730999248581911 0.1223233687796802 1.2333167000033427
56 0.730999248581911 0.1223233687796802 0.9543561999889789
57 0.7231881018175673 0.11384011330188036 0.9514902000082657
58 0.7185379428923677 0.10885190563379595 2.02738749999844
59 1.389338033897082
-------------------------------------------------END------------------------------------------------------
-------------------------------------------Krylov LM---------------------------------------------------
443.00912749137433 467.5911841333337
102
0 402.02226243879693 394.7340431185201 1.2178920000005746
102
1 128.61356690142057 126.67011879388451 1.5985868999996455
102
2 128.61356690142057 126.67011879388451 1.2235055000055581
3 128.61356690142057 126.67011879388451 0.0645554000075208
4 128.61356690142057 126.67011879388451 0.0559095999924466
5 89.09877158458256 87.76640739112753 0.06017109999083914
102
6 89.09877158458256 87.76640739112753 1.6944478999939747
7 66.63443873724589 63.83145310290972 0.06521909999719355
102
8 66.63443873724589 63.83145310290972 1.2062252000032458
9 34.908255932334185 32.46238581988419 0.05471539999416564
102
10 34.908255932334185 32.46238581988419 2.5029661000007764
11 18.827886838322563 16.38494758661524 0.08480080000299495
102
12 16.35500420586009 15.121067198193384 1.2352408000006108
102
13 16.35500420586009 15.121067198193384 2.4150652999960585
14 11.046212062572177 9.495557007880882 0.08529499999713153
102
15 11.046212062572177 9.495557007880882 1.22084840000025
16 10.481526220385835 9.279307716354555 0.07266229999368079
102
17 7.334461156067691 6.209075796248924 2.513256600010209
102
18 7.334461156067691 6.209075796248924 1.2053030999959446
19 7.109547606363995 6.157981280310134 0.06061869999393821
102
20 5.699836755446388 4.925934866414351 2.457422099992982
102
21 5.584252403784869 4.810244004271766 1.223632599998382
102
22 4.5740176913552775 3.8840736121175112 2.410660800000187
102
23 4.5740176913552775 3.8840736121175112 1.2451442000019597
24 3.9388522514767508 3.250230242710684 0.07014070000150241
102
25 3.5634323091609295 2.8305000382747574 2.3249426999973366
102
26 3.5634323091609295 2.8305000382747574 1.225157599998056
27 3.1775734517573784 2.516172458986888 0.07098289999703411
102
28 3.138962032470933 2.432637568502055 2.2537749000039184
102
29 3.0016351476721677 2.268984217453727 1.2142863999906695
102
30 3.0016351476721677 2.268984217453727 1.6158979999891017
31 2.629251064511686 1.9672854085988103 0.08196609999868087
102
32 2.557272732107511 1.8625206401080332 1.2403263000014704
102
33 2.4785472793045127 1.754100782538028 1.2822051999974065
102
34 2.1693477098063747 1.4930550751078204 1.2179841000033775
102
35 1.9363040836821772 1.2331465737366452 1.214478499998222
102
36 1.9363040836821772 1.2331465737366452 1.1974435000011
37 1.893171384264723 1.209549577257613 0.06947480000962969
102
38 1.526894126078254 0.8430494822287347 1.2132156000006944
102
39 1.5171817459214665 0.851351910184969 1.2087399000010919
102
40 1.4894292915798022 0.8137421572983364 1.2205978999991203
102
41 1.473620288107551 0.8097692789346046 1.4859349000034854
102
42 1.473620288107551 0.8097692789346046 1.4663593000004767
43 1.4729324752525708 0.8018866093950767 0.06471419999434147
44 1.0843810999990224
-------------------------------------------------END------------------------------------------------------
------------------------------------Reduced subspace LM---------------------------------------------------
443.00912749137433 467.5911841333337
0.9925418101497272 10
0 405.3999461202114 426.92993563783403 0.108094399998663
0.9936676822605369 10
1 351.0727730801628 367.10685397514004 0.10561199999938253
0.9906903394776152 10
2 291.7001930933061 301.6046646852923 0.10268789999827277
0.9650937284749329 10
0.9999981546177257 40
3 279.856412015524 287.9175029348162 0.49918120000802446
0.9267154092108101 10
0.9999428604138962 40
4 262.3574667117751 269.76563922636865 0.5208473000093363
0.8164257421368207 10
0.999337130707367 40
5 241.89691014918756 242.99311687021785 0.5311268999939784
0.8579050729208013 10
0.998260820166109 40
6 163.51864320143494 165.97915876506198 0.44916669999656733
0.8848698856270184 10
0.9824978541672175 40
0.9980914563005931 70
7 136.2473717982247 137.99742829064186 0.9025901999993948
0.8591017149004941 10
0.9966995283485438 40
8 71.83005407495007 69.52355964362243 0.6902566999924602
0.9587666655983794 10
0.9992139278613114 40
9 24.87755709566421 24.77126176049451 0.48245299998961855
0.9833129684576583 10
0.9996711259421467 40
10 11.97454243647599 10.531027650809941 0.48677580000367016
0.9720081988734539 10
0.9998657605390239 40
11 4.974269128780428 4.089605567193386 0.5647573999885935
0.9226744438632429 10
0.9997282006172074 40
12 4.150427596421399 3.3010481753318146 0.6487959999940358
0.9810608858251196 10
0.999897603910449 40
13 3.7243177818799165 2.9376803085725225 0.45114079999621026
0.9890279046187126 10
0.9999259607783498 40
14 2.992178715061059 2.0964838869142244 0.6106813000078546
0.9367628740843231 10
0.9997913460175694 40
15 2.8137144362132074 2.064657557268903 0.5021380999969551
0.9367285988479407 10
0.9999196361160527 40
16 2.572431781030113 1.6988189449094726 0.42255639999348205
0.9566326507263853 10
0.9997947024907377 40
17 2.380184099330685 1.595236127256357 0.5913777000096161
0.9140779985466199 10
0.9998792425056707 40
18 2.1825089364359966 1.3543248016754375 0.449169500003336
0.9555843738685889 10
0.9999417883886278 40
19 2.0363150883513943 1.2678248701403072 0.41723089999868535
0.9315585708934077 10
0.9998029838566037 40
20 1.908211172316094 1.1174136116503137 0.4369074999995064
0.9748769896551038 10
0.9999155980682622 40
21 1.8135197010110011 1.0617456257107747 0.4184897999948589
0.9596556573342923 10
0.9997323931317929 40
22 1.7295544584638505 0.9809089439741612 0.4355060000088997
0.9815772975415016 10
0.9999293945995711 40
23 1.6467229828552055 0.9186409425785468 0.42922320000070613
0.9630582268061824 10
0.9995940306651444 40
24 1.5795877573177652 0.8516921747200062 0.4203183000063291
0.9892177873493423 10
0.9999426580625063 40
25 1.5262328850139126 0.81064849484373 0.40239040000597015
0.9587826749538259 10
0.999617714612206 40
26 1.477356262898737 0.7659141473539296 0.43618900000001304
0.9817378145006844 10
0.9999467001698759 40
27 1.441793030388427 0.7376918478859491 0.4195361000020057
0.9496734496042513 10
0.9999106925480762 40
28 1.4049412961892467 0.7076170695302006 0.4256788000056986
0.9632040044613581 10
0.9999566827741608 40
29 1.3779389475426265 0.6849913815671964 0.41921999999613035
0.9659991814206225 10
0.9999626099476636 40
30 1.3468217994872673 0.6632610740421842 0.4294758999894839
0.9495586006228227 10
0.9999475619071058 40
31 1.3241352541221927 0.6416529471432445 0.44357659999514
0.9724614450477596 10
0.9999612881644052 40
32 1.2973367014441837 0.6254116212214361 0.5752894000033848
0.9279643812669344 10
0.9999356034882836 40
33 1.2792126586421098 0.6063619925695942 0.5501611000072444
0.9694892705617475 10
0.9999606096995054 40
34 1.2555760223292098 0.5898545414335864 0.41499889999977313
0.91131724352819 10
0.9999290956024455 40
35 1.2396653672960871 0.5734945370363363 0.41198969999095425
0.9653045473161269 10
0.9999593936280964 40
36 1.218656363782304 0.5571625640591973 0.4124305000004824
0.9062550062010585 10
0.9999494610468137 40
37 1.2045589744410057 0.5445070464324409 0.41647500000544824
0.961923772982477 10
0.9999634709855157 40
38 1.1860157720415312 0.5264590741575328 0.414526599997771
0.9142052053483868 10
0.9999456956088998 40
39 1.1728905557955926 0.5162969986841245 0.4199376000033226
0.9594835003791117 10
0.9999636777145262 40
40 1.15700720960785 0.4997521340205521 0.41548860000330023
0.9198525117943505 10
0.9999482523543173 40
41 1.1440921466000304 0.491667317262401 0.41788829999859445
0.9601540374070555 10
0.9999722951080012 40
42 1.129403944302244 0.4738343519189765 0.41897870000684634
0.941122052006077 10
0.9999489330634467 40
43 1.1179913017846084 0.4683887393228456 0.4068945999897551
0.9636778789816834 10
0.9999657039700328 40
44 1.1044248642370547 0.45182469802555525 0.4198949999990873
0.9529926178170667 10
0.9999507695217427 40
45 1.0929174339735055 0.4459679619572505 0.4186473999870941
0.9650859315293226 10
0.9999648208797266 40
46 1.0813349772710281 0.4297846906071154 0.4349229999934323
0.9638260533528434 10
0.9999439159013163 40
47 1.0704676660688242 0.4265617267436019 0.43328769999789074
0.9667128670085217 10
0.9999669398519638 40
48 1.0592127813679562 0.4100979411116264 0.4382866000087233
0.9724670660289713 10
0.9999611263154595 40
49 1.0481883536350287 0.4061672665411508 0.44925160000275355
0.9702322164468423 10
0.9999685699420257 40
50 1.0377214353768796 0.39077764920889696 0.43656689999625087
0.977561892297668 10
0.9999554855406732 40
51 1.0267644716463848 0.38606134208970766 0.7304764000000432
0.9723103227012011 10
0.9999599529590186 40
52 1.0168877834970564 0.3727330406673111 0.4670968999998877
0.9787287538184314 10
0.9999501593240144 40
53 1.005465706031136 0.36527950116173685 0.4352511999895796
0.9734931849294526 10
0.9999669247806316 40
54 0.9965020623210749 0.35382426863440375 0.4242506000009598
0.9794313575034678 10
0.9999460860240013 40
55 0.9845316969150801 0.344968335083368 0.4403253000054974
0.9738807010715285 10
0.9999617400546311 40
56 0.976081473176413 0.3354351039808772 0.41704939999908675
0.9783064074393589 10
0.9999548715908826 40
57 0.9637607898334413 0.32411846758194146 0.4278994999913266
0.9748792663417638 10
0.9999599122437758 40
58 0.9552106511822827 0.3148888373056819 0.44545410000137053
0.9779973308895975 10
0.9999579611956467 40
59 0.943516346296281 0.3035022241862986 0.4250307000038447
0.9752117378615631 10
0.9999589274134906 40
60 0.9348908958583779 0.2943466582721518 0.4485350000031758
0.9780848214287021 10
0.9999578015328888 40
61 0.923887661982291 0.2840189929790385 0.7182907000096748
0.9724976371001633 10
0.9999605514469055 40
62 0.9147974474178634 0.2750045898276164 0.5302974000078393
0.9777211434862577 10
0.9999566795563017 40
63 0.9048214782805262 0.2646325569678219 0.4158287000027485
0.9724733102307354 10
0.9999688677627396 40
64 0.8964913191918147 0.2564985534302109 0.41193159999966156
0.977408970906794 10
0.9999623701707078 40
65 0.8870807830546339 0.24660931937013408 0.41592830000445247
0.9736220233593504 10
0.9999637715514157 40
66 0.8793154596630854 0.2402705777784237 0.4107796000025701
0.9735805563474058 10
0.999962321526911 40
67 0.8707103340924054 0.23140381334342786 0.41578179999487475
0.9734540386995174 10
0.9999675260486384 40
68 0.8636275582431746 0.22505282760064305 0.421505000005709
0.9732081762457135 10
0.9999651397527831 40
69 0.8556489148431863 0.2172213334543468 0.40495510000619106
0.9695760976925581 10
0.9999712237435929 40
70 0.8491224201633527 0.21102406581404473 0.4109524999948917
0.970322600827599 10
0.9999624759466976 40
71 0.8411871810757758 0.20368244241173544 0.4281212000059895
0.9635513576901128 10
0.9999735464997852 40
72 0.8345795481230806 0.19711121075198235 0.4386232000106247
0.9707949852696317 10
0.9999597376937126 40
73 0.827523924061775 0.18991377062239503 0.4209605000069132
0.9649723322082083 10
0.9999766817881578 40
74 0.8217424613273296 0.1852470369069608 0.42800139999599196
0.9663649224270495 10
0.9999584217321401 40
75 0.8153536224448406 0.17891791692771425 0.4534811999910744
0.9551668947892769 10
0.9999730354586018 40
76 0.810094970592374 0.1738800745855292 0.4745937999978196
0.9626416447722141 10
0.9999547521677453 40
77 0.8041380597594779 0.16814151141226819 0.7337362999969628
0.9501038791237083 10
0.9999717735079797 40
78 0.799151211500792 0.16367172534557484 0.4095371999865165
79 0.4552372607593705
-------------------------------------------------END------------------------------------------------------
19
-------------------------------------------Classical LM---------------------------------------------------
411.95048492666706 433.02287458010636
0 258.96989175076783 251.3185366735405 0.8727261000021826
1 93.8621451574329 92.89036158819482 0.8588203000108479
2 93.8621451574329 92.89036158819482 0.9981605000066338
3 93.8621451574329 92.89036158819482 1.7833401000098092
4 93.8621451574329 92.89036158819482 0.9896882000030018
5 93.8621451574329 92.89036158819482 1.1756778999988455
6 93.8621451574329 92.89036158819482 0.9413531000027433
7 45.66931289261073 44.70469387354319 0.9493100000108825
8 26.37244740146282 25.591597154350406 0.888319199992111
9 16.43978335175635 15.47558354006196 1.255019899996114
10 13.669813280699122 12.616915848783426 0.9437070999993011
11 9.76463631231664 9.280054260793985 1.6579969999875175
12 9.76463631231664 9.280054260793985 1.0169372000091244
13 7.54759082358199 6.858965108825522 0.9461411000083899
14 4.657925125560962 4.041929129290775 1.7114877999993041
15 4.657925125560962 4.041929129290775 0.9072039000020595
16 3.7274872744385177 2.93343283191874 0.9956333000009181
17 2.874956973433374 2.1578727333925936 1.2580598999920767
18 2.874956973433374 2.1578727333925936 0.9685000000026776
19 2.874956973433374 2.1578727333925936 0.9533376000035787
20 2.627500990264006 1.8737006262999034 0.8926621999999043
21 2.627500990264006 1.8737006262999034 1.585641300000134
22 2.449201370241507 1.684349388949217 1.2829117000073893
23 2.379816561333654 1.6070230239513434 0.8979214999999385
24 2.3603999194474854 1.6734408348865517 0.8993085999973118
25 2.353063526351097 1.6516547849436445 0.9115291000052821
26 2.353063526351097 1.6516547849436445 1.06058320000011
27 2.1661724184655586 1.4842394287779417 1.9730904000025475
28 2.148105592372937 1.4636468538054328 0.8893580000003567
29 2.148105592372937 1.4636468538054328 0.9619319000048563
30 2.0502895399157626 1.368624609565462 0.9782199000037508
31 2.019999997555338 1.3607350972052052 0.9028513999946881
32 1.9888313464305263 1.316311705721602 0.8382419999979902
33 1.9888313464305263 1.316311705721602 0.8574440000083996
34 1.8776582245671816 1.2349032625699492 0.9429388999997173
35 1.793267716466835 1.123334879399628 0.9393026999896392
36 1.720004773031891 1.0808007659301786 0.8909012999938568
37 1.5985590567801187 0.9417729264936131 0.8886244000022998
38 1.5328387985558816 0.8801210526246804 0.9282945999875665
39 1.5328387985558816 0.8801210526246804 0.8917293999984395
40 1.3192190158754933 0.653336550325884 1.1353115999954753
41 1.2815587897320198 0.6237999060080888 0.8688625999930082
42 1.2815587897320198 0.6237999060080888 0.9728929999982938
43 1.1825413669712574 0.5280307197806928 2.3213178000005428
44 1.159565293737795 0.5079635401857363 0.9253734999947483
45 1.159565293737795 0.5079635401857363 0.9444377999898279
46 1.0825143023383357 0.43695970597579126 0.8962542000081157
47 1.0593994629201287 0.42623299871341525 0.8895791999966605
48 1.0593994629201287 0.42623299871341525 0.8861663999996381
49 1.0072650645451038 0.3740281378362868 1.3056590000051074
50 1.0072650645451038 0.3740281378362868 0.9032889000081923
51 0.9088076321978087 0.2740107141259245 0.963850200001616
52 0.8936147101027693 0.2642745962453148 1.3092986999981804
53 0.8936147101027693 0.2642745962453148 0.9206390000035753
54 0.8730780076788845 0.24429945702445197 0.9086571999941953
55 0.8639353840240288 0.23807662652654363 0.9905346000014106
56 0.8597451171545474 0.23816264260682773 0.8967413999926066
57 1.0618205578949735
-------------------------------------------------END------------------------------------------------------
-------------------------------------------Krylov LM---------------------------------------------------
411.95048492666706 433.02287458010636
102
0 273.85488568030576 264.415512315545 1.9921976999903563
102
1 104.79594709257694 104.88188380167561 1.2273906000045827
102
2 104.79594709257694 104.88188380167561 1.9574641000072006
3 104.79594709257694 104.88188380167561 0.0687717000109842
4 104.79594709257694 104.88188380167561 0.07025640000938438
5 104.79594709257694 104.88188380167561 0.06558650000079069
6 69.80701772955845 69.56557969120044 0.06460549999610521
102
7 69.80701772955845 69.56557969120044 1.2344186000118498
8 25.2709528703128 24.8982587820215 0.058901399999740534
102
9 22.753537074982617 20.9311137090704 1.7298616000043694
102
10 11.48428049367353 10.48003104595522 1.2240464000060456
102
11 11.48428049367353 10.48003104595522 2.1194613999978174
12 11.48428049367353 10.48003104595522 0.0639841000083834
13 7.086218052322127 6.139080008655243 0.06868019999819808
102
14 5.851111536809873 4.942601209038376 1.2228334999963408
102
15 4.892381466363967 4.032938281980426 2.1267002999957185
102
16 4.081063247471676 3.332553569658459 1.224535500005004
102
17 4.026516416766309 3.3757262003630086 1.7805750999978045
102
18 3.045232867426142 2.248962862926473 1.2400196000089636
102
19 3.045232867426142 2.248962862926473 1.2319426000030944
20 2.9320576480595526 2.237223995020461 0.06413780000002589
102
21 2.81251280414413 2.107134230202272 1.2241920999949798
102
22 2.81251280414413 2.107134230202272 1.2466500000009546
23 2.81251280414413 2.107134230202272 0.07313710000016727
24 2.3173117029413115 1.673359854334239 0.06910220001009293
102
25 2.2627799739426324 1.5871628659074235 1.2459024000127101
102
26 2.2627799739426324 1.5871628659074235 1.3089551000011852
27 2.094545582049303 1.4746319810914112 0.06645070000377018
102
28 1.926311137673645 1.3139627354666599 1.7245704999950249
102
29 1.8320124108226985 1.2745489720786078 1.2196742000087397
102
30 1.767851493970968 1.1552204788416833 1.2345994000061182
102
31 1.767851493970968 1.1552204788416833 1.5938228000013623
32 1.7053279996986348 1.1546139938338684 0.05932270000630524
102
33 1.628498983751189 1.0085972475001674 1.299178999994183
102
34 1.628498983751189 1.0085972475001674 1.330564100004267
35 1.6108568646496544 1.0427092527652617 0.0748124999954598
102
36 1.5549732950667723 0.9379053356433469 1.5010017000022344
102
37 1.5549732950667723 0.9379053356433469 1.782703799995943
38 1.53337138238911 0.9477224716650839 0.0793093999964185
102
39 1.4973484796157668 0.8837944604180809 1.7244876999902772
102
40 1.4969122534514376 0.9194981237603006 1.220795499990345
41 0.9979415487820317
-------------------------------------------------END------------------------------------------------------
------------------------------------Reduced subspace LM---------------------------------------------------
411.95048492666706 433.02287458010636
0.9914190750006896 10
0 379.98943511142363 397.9347775747598 0.11624679999658838
0.989180919592105 10
0.9999934152490538 40
1 312.8028882381341 324.7085806710919 0.536933900002623
0.9020683337616974 10
0.999760070972683 40
2 246.09483151455876 253.20534395626245 0.41586789999564644
0.9248170509172686 10
0.9993822673373719 40
3 168.15039794323894 169.36723601984593 0.4201889999967534
0.7411094676809774 10
0.998438756634977 40
4 37.14720580055731 34.53255320731536 0.4241909999982454
0.7887294652929223 10
0.9992587159205318 40
5 28.36760660692391 27.932632252947528 0.4209597000008216
0.9460651074484471 10
0.9996264564406449 40
6 7.539272442307498 6.709397787544655 0.4105258000054164
0.8941445642219426 10
0.9994405168503424 40
7 3.7961301199878528 2.813921729125016 0.4203214000008302
0.936971960393028 10
0.9991224914395401 40
8 2.433277815376125 1.6739984692204648 0.42238640000869054
0.42782331723187766 10
0.999440036703375 40
9 2.1174501851076246 1.4038252162482272 0.40151940000941977
0.9601029268635819 10
0.9999238236310939 40
10 1.7918731873300342 1.0935036674456144 0.4125934000039706
0.7943903038175719 10
0.9998828534840648 40
11 1.6477814834582358 1.0036415385425663 0.41007889999309555
0.8735729822277304 10
0.9999350269863058 40
12 1.5269218660291306 0.8829022245114682 0.4075502000050619
0.7483320579367734 10
0.9989295287212924 40
13 1.4590392616808643 0.8358985210536225 0.4027861000067787
0.929144687985248 10
0.9998516115690504 40
14 1.3900209415971567 0.771005811669106 0.41500839999935124
0.8172306007259511 10
0.9992340621684367 40
15 1.3485182447236785 0.7382905502720843 0.4230383000103757
0.9377992019605986 10
0.9999379472298283 40
16 1.279160635492091 0.6654714128729592 0.42681989999255165
0.8419916298251261 10
0.9996571015509311 40
17 1.2533751527838344 0.642513256411172 0.43605489999754354
0.9232938514304667 10
0.9999412493333374 40
18 1.190438417224242 0.5829328846333157 0.4455769999913173
0.8265669031274224 10
0.9992205953940768 40
19 1.1679263153662771 0.5584821237850985 0.7826403000071878
0.9005042204994089 10
0.999913918246582 40
20 1.1182519797883927 0.5090015314788923 0.5212739999988116
0.8122461663702526 10
0.9996274808096044 40
21 1.0890457947451342 0.47421816040559767 0.7763852000061888
0.8474017471342843 10
0.9997986596737576 40
22 1.0618361360463877 0.44695892628637357 1.2560983000003034
0.8103367544807388 10
0.9996698954063316 40
23 1.0359953433143168 0.41744701883416113 0.7366791999957059
0.831342974994299 10
0.9996862875745793 40
24 1.011417868530545 0.3862859150051768 0.42163960001198575
0.8027919904739012 10
0.9997158080168203 40
25 0.9896853430495804 0.36704636370844523 0.42260380000516307
0.8104233780894596 10
0.9996696520477394 40
26 0.9667228942510337 0.3327214514998739 0.41224700000020675
0.7897108616395233 10
0.9997794011224793 40
27 0.9435603017560177 0.31472517307484665 0.42076710000401363
0.7690944168684344 10
0.9996137846550011 40
28 0.9219339507647565 0.2811299936563636 0.4136971999978414
0.7825137746254824 10
0.9998453738364053 40
29 0.8969509310544876 0.26344356520989354 0.42947540000022855
0.6908808389150763 10
0.9996110878327346 40
30 0.8753594389216043 0.2315786947179338 0.42152160000114236
0.7860655088642456 10
0.9999016030106481 40
31 0.8530738994087184 0.21890578253234538 0.3978581999981543
0.7738077457931719 10
0.9999266459874224 40
32 0.8314075245058288 0.1889460490614469 0.508766500002821
0.73843224335954 10
0.9999041404752143 40
33 0.8150145878402717 0.18276986643153975 0.4183145999995759
0.8214658607472124 10
0.9999686072922869 40
34 0.7946118583308862 0.15577020682194273 0.4167075000004843
0.6778250191392525 10
0.999939935678989 40
35 0.7821910915733555 0.15249011011253105 0.4185656000045128
0.7250490354616685 10
0.99995240406641 40
36 0.7676315381755104 0.1322632123701326 0.4346260999882361
0.5708106021504435 10
0.9999456197039723 40
37 0.7578153973181361 0.1283756008691862 0.4123947999905795
0.4999656890107171 10
0.9998715365642556 40
38 0.7486833956830419 0.11653431795636794 0.43453739999677055
0.6122840557855779 10
0.9999631951582936 40
39 0.741897364611762 0.11367653959966788 0.4191465000039898
0.5330675360744757 10
0.9998894838106409 40
40 0.7353307094807963 0.10587236254743725 0.42486689999350347
0.6144383519711936 10
0.9999508524437049 40
41 0.7297509155029603 0.10272777151208731 0.407463400013512
0.5009016634359491 10
0.9998216615680232 40
42 0.7239363999389636 0.0966627659925583 0.4314924000063911
0.6145583274308153 10
0.999921022917561 40
43 0.7188292037213702 0.0934393920824789 0.4228205999970669
0.5989758233999769 10
0.9999101796772414 40
44 0.7145636790589397 0.08856741162440337 0.42725399999471847
45 0.4612998133340928
-------------------------------------------------END------------------------------------------------------
20
-------------------------------------------Classical LM---------------------------------------------------
387.8878871524192 406.4904524052454
0 387.8878871524192 406.4904524052454 0.9932568999938667
1 379.6301513238089 378.1296528791491 0.9814986999990651
2 299.38860912122163 308.3708569961827 0.9322948000044562
3 299.38860912122163 308.3708569961827 0.9319531999935862
4 149.46357672723016 149.55407717816098 0.9614725999999791
5 149.46357672723016 149.55407717816098 0.988200699997833
6 76.40345743885713 76.68626818011096 0.9678109999949811
7 76.40345743885713 76.68626818011096 0.9080739999917569
8 25.30498304441388 24.449522814905716 0.9345553000021027
9 25.30498304441388 24.449522814905716 0.9022985000046901
10 17.48039888972073 16.14538208474564 0.9285831000015605
11 14.163909857932923 13.203920774336998 0.9402639000036288
12 14.163909857932923 13.203920774336998 0.9075869000080274
13 6.224411389393224 5.288870946070256 1.0047574000054738
14 3.704591510658123 2.907870531659932 0.9406902000046102
15 3.704591510658123 2.907870531659932 0.9033932000020286
16 2.4420110168383617 1.7457304092887178 0.9719232000061311
17 2.4420110168383617 1.7457304092887178 0.9109757999976864
18 1.9056397702745853 1.293478723385935 0.9904154000105336
19 1.7940136130419404 1.2088959349084645 0.8754192000051262
20 1.606838008425431 1.051735822701034 0.9487281999900006
21 1.5454048278335326 0.9430786650899811 0.937543200008804
22 1.2490713908241233 0.6311953278311707 1.618632500001695
23 0.9023283586180357 0.2943603209707248 0.890355899988208
24 0.9023283586180357 0.2943603209707248 0.8889750999951502
25 0.780176892527241 0.17446220804258653 0.9484132999932626
26 0.7448580527395314 0.12989200089885683 0.848701599999913
27 0.733735067184308 0.11878557787472795 0.9716640999977244
28 0.733735067184308 0.11878557787472795 0.915978199991514
29 0.6529651333744301 0.03910352106162695 0.948282500001369
30 0.6529651333744301 0.03910352106162695 0.8815262999996776
31 0.6452027057698647 0.03237095032111029 0.9146194999921136
32 0.6427932388601615 0.030196563759650855 0.9012829999992391
33 0.9542462848480544
-------------------------------------------------END------------------------------------------------------
-------------------------------------------Krylov LM---------------------------------------------------
387.8878871524192 406.4904524052454
102
0 387.8878871524192 406.4904524052454 1.2242474999948172
1 379.62942692686386 378.1303801902977 0.060408499994082376
102
2 134.838312908915 138.7946331445953 1.2186911000026157
102
3 134.838312908915 138.7946331445953 1.2099926000082633
4 87.06107528845125 86.9206751457229 0.05932300000858959
102
5 87.06107528845125 86.9206751457229 1.2143658000131836
6 60.081543133051476 62.872135236551955 0.05627529999765102
102
7 60.081543133051476 62.872135236551955 1.21993009999278
8 28.682024735509383 27.64077813502586 0.05848949999199249
102
9 28.682024735509383 27.64077813502586 1.2482036000001244
10 13.627932744890117 12.974983179188321 0.05766080001194496
102
11 13.14621658096416 12.379524604094657 1.2281814000016311
102
12 3.592531419529311 2.8638772201670033 1.341663499988499
102
13 3.592531419529311 2.8638772201670033 1.3340360000001965
14 3.1177205518451294 2.3835751736797106 0.07432349999726284
102
15 2.181432082099624 1.4847155915279422 1.4615580999961821
102
16 1.874793205798626 1.2059098744784589 1.448015200003283
102
17 1.874793205798626 1.2059098744784589 1.2590863999939756
18 1.874793205798626 1.2059098744784589 0.059041799991973676
19 1.283750441036646 0.6957210731776722 0.04961200000252575
102
20 0.9794249570628534 0.3661197703037552 1.2538737000140827
102
21 0.9794249570628534 0.3661197703037552 1.2659480000002077
22 0.9362028936511082 0.32367348333797724 0.07256110000889748
102
23 0.8808321002942786 0.2677560737203969 1.3880445999966469
102
24 0.8808321002942786 0.2677560737203969 1.2323700999986613
25 0.861049461969922 0.2476183257893017 0.08078289999684785
102
26 0.8376450168736754 0.22618172301790804 1.501345600001514
102
27 0.8154545894974382 0.20915818036969516 1.5156713999895146
102
28 0.8052579405288559 0.19593023040237814 1.2855217000033008
102
29 0.8052579405288559 0.19593023040237814 1.242533700002241
30 0.7736035691386576 0.16148977577978593 0.058322100012446754
102
31 0.7717194763853505 0.15800197071546074 1.238870000001043
32 0.8755922062505306
-------------------------------------------------END------------------------------------------------------
------------------------------------Reduced subspace LM---------------------------------------------------
387.8878871524192 406.4904524052454
0.9898522695909465 10
0.999995529894402 40
0 344.68101795169775 358.76248432566086 0.4374919000110822
0.8706468307385834 10
0.9999398998776967 40
1 298.27767038967835 307.1690048857324 0.42340849999163765
0.7506121798285648 10
0.9987097258120007 40
2 236.12787135582147 238.43443852170105 0.41418439999688417
0.8609025435693273 10
0.9990981344833727 40
3 180.8764391085782 181.88133750286838 0.4737435999995796
0.9389724019109912 10
0.9997248264442601 40
4 52.978386179897036 54.20032830916978 0.4349810999992769
0.7897763426497234 10
0.999863336500716 40
5 23.119081855390863 21.66523527398967 0.5686812999920221
0.8616192650590045 10
0.9996071523807086 40
6 7.650808118595033 6.907560744181674 0.43392989999847487
0.9594835505675005 10
0.9999002288826264 40
7 3.725390897645261 2.8072087540071307 0.43983469999511726
0.9771082171079033 10
0.9999679045045291 40
8 2.574768991065277 1.7171466589248998 0.4290112000016961
0.9673986792580109 10
0.9999348587634442 40
9 2.185117543285028 1.4506960272316574 0.4286065999913262
0.9771843575166352 10
0.99994020453018 40
10 1.8064343416466364 1.0589301848796686 0.41760230000363663
0.9934002759266307 10
11 1.7207472513938613 0.9800822575352205 0.11562039999989793
0.005382993458960866 10
0.9885460716284072 40
0.9989107096088077 70
12 1.4913021918933063 0.789692837302515 0.9074815000058152
0.8291181151023831 10
0.9997669889852564 40
13 1.3323256704842368 0.6143344063287326 0.4305080000049202
0.7591526824127649 10
0.9998822048393133 40
14 1.2117582202062156 0.5063406472406181 0.435398499990697
0.8473471485814436 10
0.9993232544145431 40
15 1.1363230115737157 0.444819668256851 0.4298819000105141
0.6079131321887314 10
0.9990646174473147 40
16 1.0810681241362505 0.381828085205732 0.4396005000016885
0.8584478829561683 10
0.9998193495849645 40
17 1.0415022303623438 0.3603812031635322 0.5079429999896092
0.6858390579191654 10
0.999923801251453 40
18 1.0081605406073328 0.3201232643491126 0.5294735000061337
0.8696719068050957 10
0.9999168157560842 40
19 0.9812333496282168 0.306426329759567 0.4590730999916559
0.6306576979002712 10
0.9999367098156852 40
20 0.958476655389593 0.27955504300340633 0.5663349000096787
0.8018583076919061 10
0.9999206432398563 40
21 0.9391739706637965 0.2684668675564174 0.41717070000595413
0.4443501232016495 10
0.9997833008251957 40
22 0.9220025364486959 0.25130976965224233 0.9241170000022976
0.7031043281269744 10
0.999879372041324 40
23 0.9060060179579179 0.23890268895937403 0.42682380000769626
0.41152709349752653 10
0.9993585745063768 40
24 0.8918469710302234 0.22734661212868068 0.840206599998055
0.6661198793405241 10
0.9994248060329252 40
25 0.8796660177851889 0.2190449747438928 0.6804434999939986
0.4631126739601467 10
0.9997436848187227 40
26 0.8686836034458228 0.20945529729327467 0.42465650000667665
0.6468052411432601 10
0.9994917432472271 40
27 0.8592973917153593 0.2021481409002434 0.4159032000025036
0.45752830771774977 10
0.9998121343460972 40
28 0.8506474325422885 0.19530055517601946 0.4168433000013465
0.5950185294472901 10
0.9994652080016113 40
29 0.8425676952728318 0.1888865034419929 0.4237849000055576
0.458623495069209 10
0.9997121188637231 40
30 0.8349444256512668 0.18258384073385844 0.41657619999023154
0.5284661731947989 10
0.9995601805022649 40
31 0.8278592969038713 0.17720129829994466 0.42528550000861287
0.416947776670537 10
0.9993845039795891 40
32 0.8212179180927524 0.1718064179279904 0.4110755000001518
0.4677514923980246 10
0.9997927318515295 40
33 0.8144229385317152 0.16605914616649967 0.4187767000112217
0.42479851159516874 10
0.9991006124863805 40
34 0.8081122201308716 0.1614543673775655 0.4088938000058988
0.6026247449806909 10
0.9999557338707763 40
35 0.8010953727626831 0.15564633586355378 0.4368882999988273
0.575941764981264 10
0.9997551770797128 40
36 0.7943817101545115 0.14939488677017837 0.43937069999810774
0.870342223587903 10
0.9999766372291184 40
37 0.7890500121931989 0.14520385920559403 0.43979819999367464
0.5665156765051861 10
0.99991154828295 40
38 0.7838503162782943 0.14048690908417644 0.4335289000009652
0.8773626934154057 10
0.9999731062165141 40
39 0.7795557111941165 0.13697855539028964 0.45164389999990817
40 0.47436445000057575
-------------------------------------------------END------------------------------------------------------
21
-------------------------------------------Classical LM---------------------------------------------------
384.01961349395367 404.86640220327934
0 384.01961349395367 404.86640220327934 1.801565000001574
1 236.27518667788567 237.99963137293054 0.9109327999904053
2 236.27518667788567 237.99963137293054 1.03097209999396
3 236.27518667788567 237.99963137293054 0.9862335999932839
4 236.27518667788567 237.99963137293054 0.9577760999964084
5 156.72171521621965 159.51345500253407 0.9902029000077164
6 89.91314112569096 87.45463407907201 0.9615142999973614
7 89.91314112569096 87.45463407907201 0.8918697000044631
8 37.99139262981101 34.91087228092391 0.9828706999978749
9 30.022685736866197 27.557598388192513 1.001561800003401
10 29.1171954040783 28.492580482425854 1.0190034999977797
11 10.444260617736013 9.324542478580918 1.110612399992533
12 10.444260617736013 9.324542478580918 1.0357528000022285
13 7.532579235949327 6.725187711695681 0.9042591000034008
14 7.532579235949327 6.725187711695681 0.974986599991098
15 3.2540341995546687 2.512188981778857 1.0331825999892317
16 2.866444542955113 2.211878769048076 0.9652567999874009
17 2.8174187165278464 2.1271766730639 0.9432339999912074
18 2.8174187165278464 2.1271766730639 0.946486000000732
19 1.8603356516808391 1.1690815780030028 0.9070377000025474
20 1.8603356516808391 1.1690815780030028 0.965146000002278
21 1.7033483989272944 1.0464253627617328 0.961314999993192
22 1.5957787854830476 0.940988510218556 0.9529973000026075
23 1.4754575905981016 0.8367864329536965 0.8747168000118108
24 1.4754575905981016 0.8367864329536965 0.9251256999996258
25 1.363607293361867 0.7195905214378556 1.0567171000002418
26 1.2461068624004976 0.601946319543885 0.9242254999990109
27 1.2461068624004976 0.601946319543885 0.939241400003084
28 1.1504167296901848 0.5137764467980731 0.9431132000026992
29 1.0951303277911835 0.4709447832498673 0.9220784999924945
30 0.9847165630018563 0.37395114294466364 0.915714199989452
31 0.9468678238169126 0.3235556608029375 0.9227852999902098
32 0.8828982893046857 0.25699199523474614 0.9313776999915717
33 0.8828982893046857 0.25699199523474614 0.948048900012509
34 0.7482092663756789 0.12565260407280374 0.9520511000009719
35 0.7448098536067324 0.12138621285758924 0.9299353999958839
36 0.983886099998118
-------------------------------------------------END------------------------------------------------------
-------------------------------------------Krylov LM---------------------------------------------------
384.01961349395367 404.86640220327934
102
0 384.01961349395367 404.86640220327934 1.2762859999929788
1 236.27956369745266 238.00564785926468 0.06067049999546725
102
2 236.27956369745266 238.00564785926468 1.235445600003004
3 236.27956369745266 238.00564785926468 0.06655859999591485
4 236.27956369745266 238.00564785926468 0.05743479999364354
5 156.72367809421752 159.51578607575252 0.07074999999895226
102
6 89.92011385676672 87.46278079019272 1.2409118000068702
102
7 89.92011385676672 87.46278079019272 1.2956974999979138
8 38.015637269206294 34.93236613726012 0.0657130000035977
102
9 30.03578696753265 27.575379166489117 1.263217200001236
102
10 29.129585475252394 28.51596115392596 1.3430139999982202
102
11 10.767962836688893 9.53221094260402 1.3870807999919634
102
12 10.767962836688893 9.53221094260402 1.2882775000034599
13 7.245199369626207 6.476536692764435 0.06132009999419097
102
14 7.245199369626207 6.476536692764435 1.3211519999895245
15 3.2702698953145575 2.5137592309293466 0.05874959999346174
102
16 2.827216691937943 2.1646386004591145 1.8012147999979788
102
17 2.4045546098748884 1.7380118381228171 1.3955052999954205
102
18 2.4045546098748884 1.7380118381228171 1.2237477000016952
19 1.8814492771272127 1.1896388842212045 0.05733409999811556
102
20 1.864887729225243 1.1886932018110474 1.2432517999986885
102
21 1.864887729225243 1.1886932018110474 1.2154740999976639
22 1.5857676021902198 0.9227378745834328 0.06355040000926238
102
23 1.4842050380498082 0.8308403159075725 1.234550399996806
102
24 1.4842050380498082 0.8308403159075725 1.2083582000050228
25 1.366743965715558 0.7024290142450821 0.06805619999067858
102
26 1.366743965715558 0.7024290142450821 1.228130699993926
27 1.2570310787230092 0.6062040039814378 0.06441910000285134
102
28 1.1979707827067942 0.5537925417667343 1.503031500003999
102
29 1.1012615570618394 0.4634595283957538 1.3467479000100866
102
30 1.0272226295730267 0.3876167760390992 1.2431631999934325
102
31 0.923823906866631 0.2892418091961134 1.2684623999957694
102
32 0.923823906866631 0.2892418091961134 1.2455561999959173
33 0.8750645777810275 0.24453839809478012 0.05894409999018535
102
34 0.8750645777810275 0.24453839809478012 1.2411339999962365
35 0.8476592622066949 0.21469338601259766 0.07601699999941047
102
36 0.8224756715297633 0.19157371890216898 1.2266623000032268
102
37 0.7962405992767504 0.16635080213819248 1.2071277999930317
102
38 0.7853653817121927 0.1549965462149305 1.2350213000026997
102
39 0.7853653817121927 0.1549965462149305 1.2101150999951642
40 0.7589331069354605 0.13325775863321235 0.06536809999670368
102
41 0.7469982674086183 0.12270581794046506 1.2069210000045132
102
42 0.7469982674086183 0.12270581794046506 1.259736400010297
43 0.7337005405554025 0.11037360165015238 0.07509379999828525
102
44 0.7240988824438634 0.10346167001388622 1.184950499999104
102
45 0.7220249766511835 0.1009002400890848 1.215732199998456
46 0.886209926085544
-------------------------------------------------END------------------------------------------------------
------------------------------------Reduced subspace LM---------------------------------------------------
384.01961349395367 404.86640220327934
0.9923441719710852 10
0 355.78209550994706 373.5820013703194 0.10432589999982156
0.9955422018011147 10
1 316.1607634142624 329.11779193870615 0.11761120001028758
0.994542444104969 10
2 273.3932781284669 280.270335588393 0.09860670000489336
0.9727930218175287 10
0.9999968108677003 40
3 229.91200515868394 227.44012167519645 0.42105640000954736
0.7406031102013351 10
0.9904177289412152 40
4 101.89864992767598 99.58464671545424 0.4192042000067886
0.8034368444671055 10
0.987800261911388 40
0.9973954046760053 70
5 74.84371935366799 73.24543329310448 0.8955485000042245
0.8686586973810262 10
0.9971466440944441 40
6 49.7692603536454 47.570882775261914 0.47617629999876954
0.9395255245030006 10
0.9994806366514649 40
7 16.73355194370003 15.135254554147817 0.4046131999930367
0.8182575751346456 10
0.9995645721159441 40
8 10.718688914932399 9.509669245422646 0.41955019999295473
0.9469176874850138 10
0.9998834333726709 40
9 4.814282155942512 3.911862699891379 0.40272890000778716
0.8222205434692502 10
0.9998005505116838 40
10 3.267853754312773 2.5805594921418478 0.42063530000450555
0.9695642802018497 10
0.9999532133990006 40
11 2.807524677131114 2.078862083581796 0.48422369999752846
0.9797325322678477 10
0.9998944501792478 40
12 2.389079822660423 1.6169116661463991 0.4164076000015484
0.8632536703436391 10
0.9998623457876035 40
13 2.0541012302971287 1.3348927839927263 0.7943089999898802
0.8951272177619906 10
0.9999021189960203 40
14 1.9121400624394613 1.1659435029180774 0.4132641999894986
0.9241879648913648 10
0.9999411422119627 40
15 1.7688727616217388 1.0446417403971366 0.7866484999976819
0.8547673839988889 10
0.9998094574475447 40
16 1.677744017540467 0.9525887228638247 0.4144681000034325
0.8777128704620392 10
0.999889580254827 40
17 1.5937571558690944 0.8833333510269731 0.8171768999891356
0.9206226894223254 10
0.9999506581521221 40
18 1.527733134205241 0.7998904414660237 0.41126099998655263
0.9069438489739208 10
0.9999596813504322 40
19 1.4690561244531444 0.7595866971992213 0.5514691999997012
0.9537713501903975 10
0.9999052237117738 40
20 1.421436837594747 0.6998906536818035 0.4188657000049716
0.943075027347752 10
0.9999294862582208 40
21 1.3803593314347715 0.6756809764670031 0.45411230000900105
0.9667255971801714 10
0.9999325257048999 40
22 1.3451332368858138 0.6325070022095167 0.4250754000095185
0.9637843415374933 10
0.9999585664010907 40
23 1.3150204068195002 0.6206832971411018 0.6309216000081506
0.9741142789487588 10
0.9999511437750649 40
24 1.2863069521473416 0.5842525071551756 0.4121664999984205
0.9701117475113611 10
0.9999789498601507 40
25 1.2609364035527166 0.5755834147066899 0.436728899992886
0.9759479762896603 10
0.9999607557728771 40
26 1.2369647771604435 0.5424897752062449 0.5167083999986062
0.9687428866675921 10
0.9999807066998835 40
27 1.2137950327630176 0.5350606293722245 0.42620309999620076
0.9747688264447403 10
0.9999569304170317 40
28 1.192111832345411 0.50682769922578 0.4343185000034282
0.9672191302012567 10
0.9999783343705296 40
29 1.1704882348598322 0.49434075040334335 0.4389344999945024
0.9738968608939101 10
0.9999664668075855 40
30 1.1504911270799978 0.46917982807551645 0.5719529000052717
0.9602564315068681 10
0.9999812321997745 40
31 1.1304771094308286 0.45620084757620183 0.5273451999964891
0.9630444896151288 10
0.9999561295812653 40
32 1.1119174668170217 0.43237961233017935 0.426383199999691
0.9532246286764309 10
0.9999758536337484 40
33 1.096113145680242 0.4228142963182231 0.43206399999326095
0.9423607176475651 10
0.9999584707229298 40
34 1.0813127923198784 0.40225584980108625 0.4256147999985842
0.9571942191353329 10
0.9999737955418746 40
35 1.0674766942993232 0.39429361212180203 0.4152732999937143
0.9198315657618829 10
0.9999436783965138 40
36 1.0546109168875561 0.3767536163973583 0.42321890000312123
0.9603278121524499 10
0.9999760584025079 40
37 1.0423093030183281 0.36932930394974095 0.4162304000055883
0.9051299398933936 10
0.9998985333478452 40
38 1.0311102448403826 0.355780994084383 0.4342544000101043
0.9565312149158497 10
0.999979789270817 40
39 1.019712190582318 0.348129546778744 0.40593820001231506
0.9120502589685192 10
0.9998997001460815 40
40 1.0096833186373173 0.33562089245921733 0.4222540999908233
0.9505923708826445 10
0.9999845286022796 40
41 0.9992248367367347 0.3290321130977999 0.44037769999704324
0.9100894438930124 10
0.9999003618051016 40
42 0.9895792350672524 0.3163260560407108 0.7958267000067281
0.9392243558828398 10
0.999988002271609 40
43 0.9796234179558647 0.3107338276198873 0.41654649999691173
0.9064027877451074 10
0.9999178524270452 40
44 0.9704577208502174 0.29839139841627627 0.4374701000051573
0.9348722703748129 10
0.9999890574390666 40
45 0.9616165978984547 0.29279073946782475 0.42068269998708274
0.9056006856105782 10
0.9999101169020114 40
46 0.9530907743052912 0.2820531612638283 0.4289144999929704
0.9249157261345406 10
0.9999880525012198 40
47 0.9448707059452826 0.27643549877355067 0.43219959999260027
0.9151958689303024 10
0.9999250716308407 40
48 0.93709507432414 0.2686504598843969 0.44137169999885373
0.9272565466108278 10
0.999988803398565 40
49 0.9295777253521935 0.26179688451658367 0.4392212999955518
0.9257460550878683 10
0.9999472900937552 40
50 0.9229089604661455 0.25695890779999253 0.4475063999998383
0.9108830258868813 10
0.999982338761094 40
51 0.9164758333698559 0.24925438624243829 0.6582174000068335
0.9143640475492608 10
0.9999347768013374 40
52 0.9100634535593174 0.24527771690432842 0.43535939999856055
0.8987822186156377 10
0.9999887395021531 40
53 0.9040098499135972 0.23797097274607765 0.4726834000030067
0.9313581172517682 10
0.9999261581699589 40
54 0.8985083126719478 0.23475632955387413 0.5150380999984918
0.8949164653057256 10
0.9999841242846174 40
55 0.8931441687354911 0.22854735270429763 0.4069791000074474
0.9307080544526665 10
0.9999550971518634 40
56 0.8879255002921189 0.22554210310970702 0.42393360000278335
0.9060264945539546 10
0.9999909759433951 40
57 0.8828239056052902 0.21950492817826844 0.5287306000100216
0.9456624537004399 10
0.9999799367389729 40
58 0.8785290278205125 0.21735148757279082 0.4235210000042571
59 0.46319371355959943
-------------------------------------------------END------------------------------------------------------
22
-------------------------------------------Classical LM---------------------------------------------------
380.925658846058 399.89795694438493
0 380.925658846058 399.89795694438493 0.8775237999943784
1 202.96105506341829 207.50685160508698 0.884703100004117
2 202.96105506341829 207.50685160508698 0.9424769999895943
3 202.96105506341829 207.50685160508698 0.9526601000106893
4 95.11879387212049 91.35994572939094 1.098203299989109
5 95.11879387212049 91.35994572939094 1.4487859999935608
6 82.36940035621649 81.63522607351013 1.4615568000008352
7 82.36940035621649 81.63522607351013 0.9907553999946686
8 43.33459955941205 43.98328928961609 0.9431983999966178
9 22.665767958226148 20.04917803160707 1.0323474000033457
10 22.665767958226148 20.04917803160707 0.9355890000006184
11 19.082016023395155 18.50452535002093 0.9691181000089273
12 7.900669387161242 6.832835766014794 0.9930530000128783
13 7.900669387161242 6.832835766014794 1.0043720999965444
14 5.517646134206599 4.457276224555539 0.9732952999911504
15 4.007611160248319 3.0307284656696893 0.9537753000040539
16 3.197396383299725 2.3265984088856806 0.9775202000018908
17 2.3548615729447135 1.5858835368308009 0.9940013000014005
18 2.3548615729447135 1.5858835368308009 0.9908034999971278
19 1.7532801189252287 0.9904691528100048 0.978264899997157
20 1.7532801189252287 0.9904691528100048 0.8790902000037022
21 1.5001945821302858 0.7891880263104051 0.9931616999965627
22 1.407776668867428 0.726707960256863 0.9182808000041405
23 1.2146632932857666 0.5617884156036513 0.9369082999910461
24 1.1106463094318237 0.48225437989189895 0.9283111999975517
25 1.1106463094318237 0.48225437989189895 0.920953400011058
26 1.0281740296253696 0.4093444435194514 0.9098168000055011
27 1.0114578942564685 0.40921278266520156 0.9693589999951655
28 1.0114578942564685 0.40921278266520156 1.2269763000076637
29 0.9217732412081227 0.3098771371669908 1.258885699993698
30 0.9038147037033697 0.29597241530423346 0.9194818000105442
31 0.9038147037033697 0.29597241530423346 1.252874999991036
32 0.8651223361423723 0.2528684535003454 2.081002199993236
33 0.8569564599596324 0.2445963334343284 0.9470730999892112
34 0.8569564599596324 0.2445963334343284 1.911075299998629
35 0.8357941330074254 0.22211315114842592 1.2814514999918174
36 0.8253411526495594 0.2108499955646678 0.9714956000098027
37 0.8174960775816403 0.20008013911702432 1.2790287999960128
38 0.8174960775816403 0.20008013911702432 0.9446266000013566
39 0.7933113308075375 0.17753461025183156 0.9492523999942932
40 0.7933113308075375 0.17753461025183156 1.6548238999966998
41 0.7866146355692643 0.1728972473940914 1.438672400006908
42 0.7824572381565262 0.1672360085827327 0.9360858000000007
43 1.0909463209296348
-------------------------------------------------END------------------------------------------------------
-------------------------------------------Krylov LM---------------------------------------------------
380.925658846058 399.89795694438493
102
0 380.925658846058 399.89795694438493 1.3199206000135746
1 202.96536640881158 207.5134934480145 0.06709609999961685
102
2 202.96536640881158 207.5134934480145 1.2316577000019606
3 202.96536640881158 207.5134934480145 0.07864399999380112
4 95.12190903816033 91.36182678689072 0.056631899991771206
102
5 95.12190903816033 91.36182678689072 1.2169173000002047
6 82.38808760011928 81.65431104259702 0.05325140000786632
102
7 82.38808760011928 81.65431104259702 1.2187621000048239
8 43.38699316653037 44.037900308889846 0.0693050999980187
102
9 22.685893742323096 20.068886202391724 1.2187152999977116
102
10 22.685893742323096 20.068886202391724 1.2212025000044378
11 19.18148512148848 18.60562572172861 0.06278690000181086
102
12 7.927368850503813 6.859968517435207 1.2077299999946263
102
13 7.927368850503813 6.859968517435207 1.215578400006052
14 5.529424117678765 4.469275705146714 0.05777249998936895
102
15 4.011962226688192 3.033656234771438 1.1975991999934195
102
16 3.205708856148658 2.3290128896292988 1.236740499996813
102
17 2.3383187602203805 1.549331686390075 1.2121326999913435
102
18 2.3383187602203805 1.549331686390075 1.2210697999980766
19 1.755733408781189 0.9955352351914579 0.07095130000379868
102
20 1.5856406723417407 0.8722633297398058 1.201380300000892
102
21 1.2136563499441917 0.5598905907023568 1.230124199995771
102
22 1.1243963927454468 0.5088671540810745 1.2291969000070821
102
23 1.0278250017497137 0.38341136374579016 1.240355300004012
102
24 0.9614723896679145 0.35389602163034645 1.2214199000009103
102
25 0.9614723896679145 0.35389602163034645 1.232886999991024
26 0.9469983883830236 0.3297928343515595 0.048204000006080605
102
27 0.9133697935262364 0.3065516562143803 1.22282450000057
102
28 0.9133697935262364 0.3065516562143803 1.20850259999861
29 0.9033487017227315 0.2881648101592425 0.06427610000537243
102
30 0.8765005679151742 0.2598856922972228 1.2182720999990124
102
31 0.8765005679151742 0.2598856922972228 1.2147445000009611
32 0.8765005679151742 0.2598856922972228 0.07388740000897087
33 0.8199120312670404 0.20320046752603793 0.06955779998679645
102
34 0.8074146051086322 0.1856365154557887 1.1823714999918593
102
35 0.8074146051086322 0.1856365154557887 1.2372442000050796
36 0.7789493601821076 0.15901720541600312 0.058032999993884005
102
37 0.7788579931800096 0.1551554489038444 1.2020729999931064
38 0.8260478842099761
-------------------------------------------------END------------------------------------------------------
------------------------------------Reduced subspace LM---------------------------------------------------
380.925658846058 399.89795694438493
0.986269658261634 10
0.9999933839539936 40
0 346.96113437309725 363.38944064281543 0.427966600007494
0.9559610777492921 10
0.9999850468585687 40
1 292.1320087308439 302.3787056734191 0.4023957000026712
0.8950102483575014 10
0.9993667243248654 40
2 172.83142190365328 169.4416229562657 0.42235949999303557
0.6767593579660293 10
0.9935529871350742 40
3 111.45401415737527 108.70338548516361 0.40599590000056196
0.7464937941079322 10
0.9985157954330859 40
4 41.08370022734202 40.36033515902813 0.40086160000646487
0.8500269623817502 10
0.9995925771207004 40
5 16.812845603612416 15.642473942195704 0.43053389999840874
0.9241756233511416 10
0.9998721375643901 40
6 7.729343105830913 6.587914090810597 0.40963490000285674
0.8831485380239448 10
0.9999304010733331 40
7 3.7490682280865126 2.7734080415676234 0.41679850000946317
0.9060502040290433 10
0.9999658889009172 40
8 2.812687199665173 2.0057959252459305 0.4369713000050979
0.8535491746546574 10
0.9999417608782277 40
9 2.308810959775536 1.5171959305560991 0.42992349999258295
0.9422961242615117 10
0.9999776607548674 40
10 1.7980220478269395 1.0606980749108257 0.4370487999985926
0.8431748104175116 10
0.9999270906589242 40
11 1.6444400826104901 0.943675901629648 0.4108950000081677
0.9217452794876769 10
0.9999833961157544 40
12 1.4094082488798922 0.70642038294296 0.44435650001105387
0.921256057381503 10
0.9999817670268023 40
13 1.243185772491225 0.5437770857291714 0.40147579999757
0.9180348508745277 10
0.9999786684671043 40
14 1.1398120290596643 0.4711813039442315 0.5675357000000076
0.9027749938596906 10
0.9999742173020832 40
15 1.0511459546092243 0.3898959990230189 0.41710150000290014
0.8645424978658297 10
0.999926550457311 40
16 0.9898505484699405 0.34849058480930734 0.4022444999864092
0.919998904068609 10
0.999970998662939 40
17 0.9506217401333728 0.30465026739016016 0.4294194999965839
0.8618782331853265 10
0.9999587710814424 40
18 0.9207230800450991 0.28715399249385143 0.4190792000008514
0.9108321829683762 10
0.999968695036234 40
19 0.8984356438389713 0.2582242760670746 0.4083169999939855
0.7978500514076533 10
0.999916832871868 40
20 0.8805278865537804 0.24808353671117406 0.4310907000035513
0.9066185514956621 10
0.9999651098993032 40
21 0.865822016966314 0.23006183608091674 0.40517470000486355
0.8024710020578038 10
0.9999398060727832 40
22 0.8528778213626492 0.22265918231834608 0.4185189999989234
0.9247081203201188 10
0.9999695897641581 40
23 0.8426939686062087 0.20994789289513952 0.40903249999973923
0.7518432637864165 10
0.9998479038685402 40
24 0.8333607046802446 0.20464565724968864 0.3928784000017913
0.9083294635120337 10
0.9999635512219274 40
25 0.8256285136171853 0.19472643769223202 0.4201792999956524
0.7267844575393176 10
0.9998893099859273 40
26 0.818343892876434 0.19062768652684223 0.4242592000082368
0.8752048326551369 10
0.9999615432776242 40
27 0.812012509692973 0.18292248442197961 0.42485910000687
0.6926040226960618 10
0.9998722874302696 40
28 0.8061251152870211 0.17929924456857804 0.4468371999973897
0.8596878385456003 10
0.9999616243252241 40
29 0.8008523565638286 0.17351673299088638 0.42058829999587033
0.6568091238946268 10
0.9998966663021395 40
30 0.7959212817858609 0.170119363775405 0.42446860000200104
31 0.4238323193557951
-------------------------------------------------END------------------------------------------------------
23
-------------------------------------------Classical LM---------------------------------------------------
368.2183889166908 381.75515527056143
0 368.2183889166908 381.75515527056143 0.9296371999953408
1 315.0052687031464 329.64267181874465 0.9281207000021823
2 189.8915395924818 190.9429611793402 0.976390600000741
3 189.8915395924818 190.9429611793402 0.9371800999942934
4 189.8915395924818 190.9429611793402 1.000402399993618
5 84.97210477332196 74.67578529799444 0.9626516999996966
6 84.97210477332196 74.67578529799444 0.8916343000018969
7 39.81029137028773 36.57275462019537 0.9173704999993788
8 39.81029137028773 36.57275462019537 0.8739707000058843
9 21.81348080565045 19.58346011695959 0.9418230999872321
10 21.254664393417404 21.963388877389065 1.045505599991884
11 9.49670708369514 8.938165031683765 0.9464396999974269
12 9.49670708369514 8.938165031683765 0.9254484999983106
13 4.336382604200359 3.7957672049897355 1.1151523000007728
14 3.5329490571153146 2.7490730636019425 1.1787043000076665
15 3.5329490571153146 2.7490730636019425 1.2483210999926087
16 2.3679627449412326 1.7089717497148968 1.0063558999972884
17 2.3679627449412326 1.7089717497148968 0.9034551000077045
18 2.0505255860673315 1.431596121122519 0.9691715999942971
19 1.8993131070430382 1.2660863184062956 0.8527973000018392
20 1.7429943612248027 1.1398242769173448 0.8817917999986093
21 1.7429943612248027 1.1398242769173448 0.9450374000007287
22 1.4990785430284337 0.8953216070704432 0.9228280999959679
23 1.4119300326787816 0.8280329224261316 0.9145204999949783
24 1.4119300326787816 0.8280329224261316 0.942230999993626
25 1.2058254231359633 0.6272402218534722 1.0204139000124997
26 1.15465542017109 0.558155152057261 0.8338758000027156
27 1.15465542017109 0.558155152057261 0.9113214999961201
28 1.0428008276606353 0.472523153543732 0.9722272000071825
29 0.9991404671209811 0.4232237605996389 0.853582900002948
30 0.9991404671209811 0.4232237605996389 0.900142099999357
31 0.9478556994745788 0.3715175095389548 0.9299019000027329
32 0.9221554120582232 0.34107513270859463 0.8877293999976246
33 0.889898310276675 0.3000882103632708 1.001226799999131
34 0.8756746163951251 0.2764380494590085 0.8810962999996264
35 0.8756746163951251 0.2764380494590085 0.9245664000045508
36 0.8042889766219017 0.19723622254372306 0.9327294999966398
37 0.8042889766219017 0.19723622254372306 0.9572109000000637
38 0.7946758950761125 0.1876955729562159 0.9549447000026703
39 0.7851380155037213 0.17689489419200488 0.8524793999968097
40 0.7851380155037213 0.17689489419200488 0.9457006000011461
41 0.7778436731205187 0.1687390041070849 0.9098241999890888
42 0.7703651907613208 0.1609652843514815 0.8534159000118962
43 0.7703651907613208 0.1609652843514815 0.8975027999986196
44 0.7651218636357475 0.1547058806739397 0.9281430000119144
45 0.7590098167273092 0.14854925149722567 0.8670117000001483
46 0.7563765032346144 0.14655423275936738 0.9240016999974614
47 0.9424678744677643
-------------------------------------------------END------------------------------------------------------
-------------------------------------------Krylov LM---------------------------------------------------
368.2183889166908 381.75515527056143
102
0 368.2183889166908 381.75515527056143 1.234444000001531
1 315.0074546148996 329.64489919849126 0.056403300011879764
102
2 189.18142461697897 188.5810934429114 1.230234600006952
102
3 189.18142461697897 188.5810934429114 1.2323116999905324
4 189.18142461697897 188.5810934429114 0.06193949999578763
5 98.28655361195311 84.70748925401013 0.07563139998819679
102
6 77.59736469769162 72.39482780325454 1.2045262000028742
102
7 55.16435645823246 53.295244239656924 1.218106499989517
102
8 55.16435645823246 53.295244239656924 1.2375337999983458
9 55.16435645823246 53.295244239656924 0.0727918999909889
10 29.54961985839668 30.61468462244005 0.06211109999276232
102
11 29.54961985839668 30.61468462244005 1.2452240000129677
12 10.660256690358624 9.786403381173438 0.07002729999658186
102
13 4.043045586015638 3.161949928548221 1.2206039000011515
102
14 4.043045586015638 3.161949928548221 1.228209799999604
15 3.1710494649431187 2.2947457922330288 0.057318599996506236
102
16 3.037528646014523 2.139881413320922 1.2325890999927651
102
17 3.037528646014523 2.139881413320922 1.2454685999982757
18 2.497884732988831 1.7322355665280207 0.059528099998715334
102
19 2.2052439871558907 1.4194658230307104 1.2394382000056794
102
20 1.9277073187698301 1.2079507457473369 1.2536219000030542
102
21 1.9277073187698301 1.2079507457473369 1.333214999991469
22 1.7371988258981008 1.013360925004249 0.0564998000045307
102
23 1.5583727361678574 0.8526408963667874 1.3311964000022272
102
24 1.5583727361678574 0.8526408963667874 1.3018101999914506
25 1.4572452976601917 0.7443243501419322 0.07078639999963343
102
26 1.4572452976601917 0.7443243501419322 1.2338653999904636
27 1.4183203196737315 0.7222411244275206 0.07498659999691881
102
28 1.3554728195666692 0.6567551438110688 1.2383143000042764
102
29 1.3554728195666692 0.6567551438110688 1.3937314999930095
30 1.3120224190333225 0.6223002385430823 0.05842419998953119
102
31 1.239632876250863 0.5558531808209609 1.257301199992071
102
32 1.2095130671774081 0.5279487105590099 1.2499011999898357
102
33 1.191175334157648 0.5201521703042638 1.502768799997284
102
34 1.191175334157648 0.5201521703042638 1.5889594000036595
35 1.1518591955715676 0.4861585048250079 0.05904670000018086
102
36 1.0152043483213835 0.3667768621456778 1.943160299997544
102
37 1.0152043483213835 0.3667768621456778 1.8972233999957098
38 0.9784726420677864 0.3397569804433079 0.048324700008379295
102
39 0.8907870750536951 0.25879717762162935 2.0500232000049436
102
40 0.8783922425739391 0.25940987888571004 2.032058299999335
102
41 0.809770485887623 0.18485746979116965 1.2351185000006808
102
42 0.809770485887623 0.18485746979116965 1.398947900001076
43 0.7980277985594812 0.18323493019566262 0.08034299999417271
102
44 0.7499430732279511 0.13227556070185212 2.0635527999984333
102
45 0.7493617280806129 0.13619892186097574 1.9870292999985395
46 0.978796782606957
-------------------------------------------------END------------------------------------------------------
------------------------------------Reduced subspace LM---------------------------------------------------
368.2183889166908 381.75515527056143
0.9546122859925853 10
0.9999925591133392 40
0 338.66836871710484 349.1546098999163 0.6080638999992516
0.9602329980888719 10
0.9999638667583466 40
1 311.0702344895788 318.3713597426269 0.4120229999971343
0.7991663217825175 10
0.9988179025077746 40
2 193.7414544815142 193.46825517992056 0.43278730000020005
0.7119190927337341 10
0.9945434313146151 40
3 144.65854805297425 142.57596052220688 0.4796803000062937
0.7938612300603722 10
0.9974084957302927 40
4 103.54056745519796 102.88718908513914 0.4705037999956403
0.8473660016121617 10
0.9997284097372121 40
5 44.882374721278055 44.1182778281614 0.4339157000067644
0.9375120787077955 10
0.9987768245019589 40
6 35.354353052361986 35.035639202996435 0.42103889999270905
0.9621301041916557 10
0.9999737270230534 40
7 7.113541635714227 6.022447995541682 0.4593109999987064
0.9291476500982933 10
0.9999380872303933 40
8 4.0693079992300945 3.1604588183648965 0.5821241000085138
0.9450718174451238 10
0.9999600393199792 40
9 3.029055716960896 2.1682345492305406 0.7518054999964079
0.9462167758410329 10
0.9999760708100048 40
10 2.518635422501787 1.7068945600325987 0.4245526000013342
0.9679667277704598 10
0.999965931817094 40
11 2.2372730416893134 1.5100599528329421 0.44695990000036545
0.9690393182830336 10
0.9999826290955853 40
12 1.9759150263013805 1.224830041066831 0.42272430000593886
0.8138286895823996 10
0.9999152892016632 40
13 1.8204575230272797 1.1228481558361059 0.41340109999873675
0.9747405095848533 10
0.9999696546826012 40
14 1.6541753448943353 0.9421301774164956 0.4097964999964461
0.7814057630247214 10
0.9998989030790308 40
15 1.548659882704355 0.8537224856311311 0.4064472000027308
0.9754760451140044 10
0.999976196723853 40
16 1.4397682628443578 0.7580839457568368 0.41375870000047144
0.7956837437140327 10
0.9999220381271994 40
17 1.351957271844403 0.668124867189031 0.39918110000144225
0.9753377351987894 10
0.9999764667569921 40
18 1.2640746778063623 0.6025833938163158 0.4117019999976037
0.768249634537501 10
0.9998747798869896 40
19 1.1860259737235022 0.5213762659878552 0.5222226000041701
0.9798706557822123 10
0.9999812475149863 40
20 1.1159814629138611 0.4663232505596999 0.4012265000055777
0.5495083772763597 10
0.9982550296022753 40
21 1.0643386844528662 0.40838632828284227 0.40459620000910945
0.9785639886756561 10
0.9999805407219643 40
22 1.01956711497534 0.36822953927913 0.4871054999966873
0.5760249153452889 10
0.999421477698676 40
23 0.9850621946733209 0.3348817389096987 0.41926290000265
0.8613989534031117 10
0.9999793585518477 40
24 0.9565090046527351 0.30611500477208375 0.4164295999944443
0.7371853477788809 10
0.9999479502945655 40
25 0.9321560687810762 0.2915298946668166 0.4087067000073148
0.49175995784249993 10
0.9998905057427745 40
26 0.9119970570104738 0.26493683146052965 0.41708569999900647
0.7827088637884129 10
0.9999425793158931 40
27 0.8942286757210158 0.2555134210840117 0.41498349999892525
0.5121361638884045 10
0.999717714842597 40
28 0.8788983936466329 0.23334082233185688 0.4172519999992801
0.739016108514621 10
0.9999536255711383 40
29 0.8647795758685944 0.2294209676088411 0.41018890000123065
0.6054341463380503 10
0.9998266279526488 40
30 0.8517790772996017 0.2081925688464931 0.5132731000048807
0.7051497505926053 10
0.9999580899148034 40
31 0.8399358957291599 0.20841428228559816 0.3980147999973269
0.6189599934068548 10
0.9999177590945839 40
32 0.8289874252072519 0.19047910434551546 0.39064719999441877
0.6559060914170964 10
0.9999363699484676 40
33 0.8192632806389505 0.18991895364329991 0.4372321999981068
0.5521218728355431 10
0.9998814298350722 40
34 0.8094634951953389 0.1732302084993014 0.4279067000024952
0.5839502548177056 10
0.9999140946931594 40
35 0.8007020260900718 0.17329579251613075 0.49946629999612924
0.4689513013492094 10
0.999930641999125 40
36 0.7929634622127698 0.15901320133837346 0.4354282999993302
0.45230519873493547 10
0.9998831802186221 40
37 0.7859073730702514 0.16023858273237948 0.4139130999974441
0.3307745517832306 10
0.9997859206918102 40
38 0.7794723035441704 0.14681472163259207 0.5621032000053674
0.33343896350432917 10
0.999711752303347 40
39 0.7735042617530997 0.1490854896197668 0.4611589999985881
0.3038624019221468 10
0.9998933224131664 40
40 0.7677166370618306 0.13706118862490516 0.7277679999970132
0.2883644938903447 10
0.9997825504822598 40
41 0.7624180390358666 0.13880191579404094 0.4275662000000011
0.19573144603284087 10
0.9997355076311298 40
42 0.7574036174152229 0.12788861277924926 0.4485430000058841
0.27943417676630017 10
0.9997173870105329 40
43 0.7526089725510132 0.1292627511455592 0.43294430000241846
44 0.45670005454601115
-------------------------------------------------END------------------------------------------------------
24
-------------------------------------------Classical LM---------------------------------------------------
370.56488938173607 387.96325739107147
0 370.56488938173607 387.96325739107147 0.876764299988281
1 370.56488938173607 387.96325739107147 1.006935400000657
2 258.7137933342893 264.2537397368855 0.9761403999873437
3 147.89743986691204 145.05557719615646 0.9096850999922026
4 147.89743986691204 145.05557719615646 0.9065206000086619
5 51.13861267257421 50.69600735724739 1.017304900000454
6 51.13861267257421 50.69600735724739 0.8509724999894388
7 23.537359290243785 21.90138881199495 1.0950683999981266
8 23.537359290243785 21.90138881199495 0.8985785000113538
9 11.738726871995553 11.178529974939945 1.6085253000055673
10 7.228125660182481 6.458065113985991 0.9129371000017272
11 7.013149807478607 6.479737663868425 0.8833610000001499
12 6.875939511219121 6.233876422148869 0.8749659999884898
13 6.875939511219121 6.233876422148869 0.9349810999992769
14 2.9220496610040625 2.4740646226022016 0.9301260000065668
15 2.9220496610040625 2.4740646226022016 0.9355319000023883
16 2.009228126475657 1.3772694104652479 0.927546099992469
17 1.6232972100452623 0.9942212803824482 0.8693647000036435
18 1.476644742508428 0.8365009284675977 0.9469479999970645
19 1.476644742508428 0.8365009284675977 0.8614293999999063
20 1.0134690601209626 0.3708670906784449 0.9457490000058897
21 0.9530329031198482 0.31643561906286255 1.5947515000007115
22 0.9530329031198482 0.31643561906286255 0.8990745000046445
23 0.830820568262665 0.2126861764082048 0.9632689999998547
24 0.7820412565559862 0.15566757060899414 0.9256416999996873
25 0.7577507728710088 0.12387921521331914 0.8858967000123812
26 0.7577507728710088 0.12387921521331914 0.921581899994635
27 0.7157684163070577 0.09057850073480568 0.9033464000094682
28 0.7028046261751283 0.07871670170560098 0.9324495999899227
29 0.7028046261751283 0.07871670170560098 0.8890004999993835
30 0.6914883535442372 0.07054563000880498 0.9434184999990975
31 0.6858912036578231 0.06584238170437044 1.1629652999981772
32 0.6858912036578231 0.06584238170437044 1.2065595999883953
33 0.6796861950808256 0.06018414342992443 0.9774295999959577
34 0.675511034183846 0.056585872545476236 0.8984117999934824
35 0.9792352085704417
-------------------------------------------------END------------------------------------------------------
-------------------------------------------Krylov LM---------------------------------------------------
370.56488938173607 387.96325739107147
102
0 370.56488938173607 387.96325739107147 1.2579194999998435
1 370.56488938173607 387.96325739107147 0.05742919999465812
2 258.71379333620723 264.25373973885723 0.07357239999691956
102
3 147.81249704619358 145.01714650894925 1.2345759000018006
102
4 147.81249704619358 145.01714650894925 1.2429152999975486
5 51.18589169810559 50.74665682178903 0.07324959999823477
102
6 51.18589169810559 50.74665682178903 1.2225774999969872
7 23.523186843295804 21.873947104842813 0.05949519999558106
102
8 23.523186843295804 21.873947104842813 1.2184011000063037
9 11.740897851833086 11.167982648354462 0.0595000000030268
102
10 7.218629415465239 6.446079856283035 1.2467178999941098
102
11 6.982743360841884 6.42582658968479 1.2311935000034282
102
12 6.982743360841884 6.42582658968479 1.2100333999987924
13 3.1192529679769643 2.465790869177145 0.07335200000670739
102
14 2.7747228347505066 2.2924380886602425 1.2595153000002028
102
15 2.7747228347505066 2.2924380886602425 1.2594828000001144
16 1.940488499828404 1.3641675518206708 0.04865090000384953
102
17 1.7374109640490394 1.1436608770074617 2.1380952999898
102
18 1.7374109640490394 1.1436608770074617 1.2312216999998782
19 1.4103947338043625 0.7739375735790686 0.07654510000429582
102
20 1.335682808477754 0.6846076373260325 1.6960381000099005
102
21 1.1798156949392764 0.540067110841343 1.2422356000024593
102
22 1.1798156949392764 0.540067110841343 1.241615399994771
23 1.0197692142217443 0.38037637134582203 0.07828489999519661
102
24 0.9629740642008664 0.3339961122357494 1.2045043000107398
102
25 0.9181573536392571 0.29716637098801096 1.7734032999869669
102
26 0.8790222141964925 0.2679228588666457 1.2182770000072196
102
27 0.873453976772631 0.2688564799214584 1.9294319000036921
102
28 0.8387814419140052 0.22427661466476825 1.224998699995922
102
29 0.80282569654901 0.19556709238432188 1.503576700008125
102
30 0.7659022486778296 0.15056377318732933 1.2237997000047471
102
31 0.7519465612185914 0.13961761928440836 1.1821874000015669
102
32 0.7308901453407186 0.11437339732389697 1.2495905000105267
102
33 0.7286660963070276 0.11473810058044938 1.2267288000002736
34 1.0079151735301233
-------------------------------------------------END------------------------------------------------------
------------------------------------Reduced subspace LM---------------------------------------------------
370.56488938173607 387.96325739107147
0.9731251134455414 10
0.9999944506587768 40
0 342.27541994604496 356.2976296278684 0.4132800000079442
0.9859216035523553 10
0.9999766909329613 40
1 280.22154306326627 288.58824954287275 0.4108769000013126
0.8987376173419055 10
0.9998364401321653 40
2 250.59611450323044 256.217038772388 0.5063837000052445
0.8772474441803728 10
0.9997890613984143 40
3 229.902133448382 235.89540154644502 0.6522049999912269
0.991373469815986 10
4 169.02826080832858 171.58082627213594 0.11519630000111647
0.5560017845988365 10
0.999780604676589 40
5 151.5937734124056 152.99730452401732 0.5542061000014655
0.8877293521672335 10
0.9999935362513315 40
6 135.38175519583427 136.50470522138752 0.5985495000059018
0.9819907056908278 10
0.9999941170046948 40
7 109.68459307119853 108.7046031170109 0.5563810000021476
0.9907506150775538 10
8 65.26037858315078 65.11384825046413 0.10264649998862296
0.4688046590372814 10
0.9999609595108552 40
9 47.44578142616695 46.82283342408197 0.6834670000098413
0.8268484804009107 10
0.9999846889045272 40
10 41.446400306954864 40.46404119568779 0.4200427000032505
0.9638507529469674 10
0.9999858625178929 40
11 10.685399187230628 10.212670287154772 0.44086539999989327
0.942233660607958 10
0.9999905560281259 40
12 5.133716067368658 3.9745368663204426 0.4319831999891903
0.9395115080361407 10
0.9999863269205727 40
13 3.8198014728790746 2.8874454444980717 0.7066159000096377
0.874415098061842 10
0.9999781486516409 40
14 3.80638360667383 2.993817553841242 0.5286837000021478
0.9918010656987299 10
15 2.9479257804286587 2.0656672482130114 0.11485070000344422
0.1972336206671038 10
0.9999850752730302 40
16 2.51460674123382 1.707408377122508 0.4151332000037655
0.8833260285647863 10
0.999977804293288 40
17 2.293218213452636 1.516342069944535 0.437614599999506
0.8816394772085553 10
0.9999959731245546 40
18 2.1701136093299787 1.3669614403240602 0.4198177000071155
0.8984716662289423 10
0.9999927037022417 40
19 2.0655971621490905 1.3489278102254982 0.4202263000042876
0.9407408929318627 10
0.9999969273778369 40
20 1.9914892104040234 1.214855920615254 0.41700119999586605
0.7973370315045301 10
0.9999842814916681 40
21 1.9199588831443937 1.2032506007958585 0.4082763000042178
0.9574281036648751 10
0.9999968225741739 40
22 1.8574453363267893 1.108843026394393 0.42838559999654535
0.9142074557961141 10
0.9999955788087914 40
23 1.782602819079681 1.0681384457328762 0.4215611999970861
0.9397623456771121 10
0.9999934347321269 40
24 1.7159043612428562 0.9911165971751777 0.5416590999957407
0.9119999960540272 10
0.9999949301545438 40
25 1.6235487105622226 0.9048003704403481 0.41590950000681914
0.8906208236798632 10
0.9999889079636586 40
26 1.5294612399748952 0.8232335560986378 0.8736773999989964
0.9537916186149699 10
0.9999961257850312 40
27 1.4482216511831252 0.7517803374297988 0.4023655999917537
0.7102973647318674 10
0.9999396614317109 40
28 1.374413605265962 0.6855987383804986 0.5917626000009477
0.9724389907028969 10
0.999997647682443 40
29 1.3085477972010757 0.6356004725410485 0.4186706999898888
0.8513063446356665 10
0.9999920494519019 40
30 1.249196220214128 0.5736015649516353 0.7901920000003884
0.9743442261262578 10
0.9999961939113813 40
31 1.1954968839128324 0.5313107417690419 0.43306440000014845
0.9276259284020697 10
0.999997452355404 40
32 1.1502541311095944 0.48280084272072027 0.768146100002923
0.9837685800024816 10
0.9999928758927628 40
33 1.1054694200635415 0.4399639551510392 0.4314567999972496
0.9262969988550569 10
0.999992485165222 40
34 1.0695674115509766 0.39951039269389277 0.43215850001433864
0.9851634257057857 10
0.9999939583842696 40
35 1.0348767635866232 0.37113054449937305 0.4277910999953747
0.8604563897867297 10
0.999978283806361 40
36 1.0059254383309937 0.33895753678494545 0.4601351000019349
0.9797608094025837 10
0.9999943932960388 40
37 0.9804564463874956 0.315189671862487 0.5358386999869253
0.8809745559043071 10
0.9999861803944133 40
38 0.9578556587979913 0.2922368129516053 0.6870725000044331
0.9621559391133462 10
0.9999918277309022 40
39 0.9376735304883445 0.2746630392122548 0.4163903000007849
0.9103576685862935 10
0.9999925411360735 40
40 0.9192145330227044 0.25627567124993955 0.4282729999977164
0.9425303903577517 10
0.9999938609045992 40
41 0.9026687566085791 0.24223931003271393 0.4161473000131082
0.9081723986282374 10
0.9999918193146096 40
42 0.8874070016241727 0.2276996915811567 0.4083145000040531
0.8914434015493741 10
0.9999947061235741 40
43 0.8731595650778472 0.21566773528377414 0.4271827999909874
0.9151386552662183 10
0.9999948382095027 40
44 0.8600215787816312 0.20388589154178566 0.4229120999807492
0.7660741804241564 10
0.9999914463837647 40
45 0.8478264837429001 0.1949031259462451 0.41064069999265485
0.9111482105816708 10
0.9999947309501035 40
46 0.836202695988989 0.18643245304631562 0.5497473000141326
0.4901590274949428 10
0.9995738956559306 40
47 0.8256176299339617 0.17647904649513232 0.39886879999539815
0.93339662617682 10
0.9999957709316705 40
48 0.8148628297696969 0.17024546059590115 0.42073830001754686
0.8582285997201832 10
0.99999425840285 40
49 0.8046546429968728 0.15861682505379834 0.8510653999983333
0.9577046407744944 10
0.9999970945257624 40
50 0.7952933794056959 0.15385653622201984 0.420028699998511
0.9498826176268517 10
0.9999948265060687 40
51 0.7865955887011109 0.1436036322862935 0.41158919999725185
0.9613629297302114 10
0.9999969967735742 40
52 0.7786345607474359 0.14053568416542772 0.41052020000643097
0.960388495313757 10
0.9999967885357546 40
53 0.771663266766094 0.13196743953250495 0.42820100000244565
0.9554352138520541 10
0.9999973124961286 40
54 0.7652682877490959 0.1295981215768689 0.4291490000032354
0.9568993431754516 10
0.9999961118564709 40
55 0.7597144783958536 0.12224244378632036 0.42523190000792965
0.9388473159343574 10
0.9999951767592018 40
56 0.754556042803613 0.12054285506192128 0.395805099979043
0.9457640621929365 10
0.9999950808267289 40
57 0.7496267654151181 0.11366147471990681 0.5400088999886066
58 0.4728442120690958
-------------------------------------------------END------------------------------------------------------
25
-------------------------------------------Classical LM---------------------------------------------------
383.39349941917186 403.72078509883187
0 383.39349941917186 403.72078509883187 0.9125596999947447
1 277.818595314236 276.46301958979086 0.9880899999989197
2 211.40869333078027 216.46960059342888 0.9147990999917965
3 211.40869333078027 216.46960059342888 0.9271137000177987
4 114.24204243335384 118.20044194363209 1.005744299996877
5 114.24204243335384 118.20044194363209 0.9324036999896634
6 53.0760924326739 53.580170476440806 0.9195037999888882
7 53.0760924326739 53.580170476440806 0.8918615999864414
8 53.0760924326739 53.580170476440806 0.9812829000002239
9 23.575880478660814 23.380174182663346 1.0220942000159994
10 23.575880478660814 23.380174182663346 0.9407417000038549
11 14.349074611586769 13.662082066931612 0.9810823000152595
12 9.347073157192002 8.105595197507148 0.8888187000120524
13 6.816548495639729 5.783040911735095 0.8999029999831691
14 4.361977808979321 3.59283522282378 0.8460687999904621
15 4.361977808979321 3.59283522282378 0.8698980000044685
16 4.243421678952817 3.4100485195415478 0.9029671000025701
17 4.243421678952817 3.4100485195415478 0.8705343999899924
18 3.4536028250141686 2.8531520394051424 0.9998902000079397
19 3.2087917601688942 2.574999818756739 0.9094022000208497
20 3.0330121682008455 2.529372514431604 0.9098938000097405
21 3.0330121682008455 2.529372514431604 0.9094084000098519
22 2.735395610260873 2.1789740295102997 0.968117100012023
23 2.735395610260873 2.1789740295102997 0.9447991999913938
24 2.4720738314710995 1.912088265739606 0.9996075000090059
25 2.3490945733586313 1.7923971316675813 0.8923301000031643
26 2.3490945733586313 1.7923971316675813 0.928078099997947
27 2.141727905426446 1.52959888392845 0.926467400015099
28 2.004579073017567 1.3989859412741208 0.8838739000202622
29 2.004579073017567 1.3989859412741208 0.9225843000167515
30 1.8916239272602746 1.2624522442217332 0.8760450999834575
31 1.8172801441763393 1.2014119267660728 0.9251051000028383
32 1.7124748217131638 1.0954956755683056 0.9765268999908585
33 1.578827792000291 0.9567218245024816 0.9143565999984276
34 1.578827792000291 0.9567218245024816 0.9366126999957487
35 1.5092333668030264 0.8936023655493373 0.9397848999942653
36 1.5092333668030264 0.8936023655493373 1.1649732000078075
37 1.4792438059650463 0.8586060889832413 1.001370699988911
38 1.446067211311083 0.8333584559131769 0.9800973999954294
39 1.446067211311083 0.8333584559131769 0.9552646000229288
40 1.4133244999830568 0.7960713120831852 0.9754931000061333
41 1.3777772393352004 0.7642112196667342 0.9256440000026487
42 1.3474467138064448 0.7329449956500642 0.8232130999967922
43 1.3474467138064448 0.7329449956500642 0.8847037999948952
44 1.262858391831371 0.6470352393685594 1.2369204999995418
45 1.262858391831371 0.6470352393685594 0.991720299993176
46 1.216404418380269 0.5978230719808373 0.9834236000024248
47 1.1697624624403669 0.5482037594171522 0.9558907000173349
48 1.113013837101114 0.48421729104329525 0.9672903000027873
49 1.0680350843850694 0.4138765877940485 0.9165667000052053
50 1.0680350843850694 0.4138765877940485 0.9267887999885716
51 0.9092543973108211 0.2668630146192105 0.8839818999986164
52 0.8741384409002527 0.2398946550203812 0.8836371999932453
53 0.8411925596316386 0.21953303896314935 0.9055770999984816
54 0.82241736158706 0.2093843017698461 0.9040593999961857
55 0.8079202211055633 0.19992131471391408 0.8625769999925978
56 0.7716911342245021 0.17016665129916844 0.8780738999776077
57 0.7716911342245021 0.17016665129916844 0.9483001999906264
58 0.7348295864651189 0.1278573352560959 0.9417978000128642
59 0.7348295864651189 0.1278573352560959 0.9458744000003207
60 0.7287973933625246 0.11976305232334218 0.9245457999932114
61 0.7249932507161064 0.11678358888430093 0.8935322999896016
62 0.9374140048392057
-------------------------------------------------END------------------------------------------------------
-------------------------------------------Krylov LM---------------------------------------------------
383.39349941917186 403.72078509883187
102
0 383.39349941917186 403.72078509883187 1.2252695999923162
1 277.82451084429107 276.46699083101316 0.060235399985685945
102
2 212.38888139480906 216.43919520040595 1.921970399998827
102
3 108.30502636116985 109.71567670643431 1.2055881000123918
102
4 82.67175368092931 85.40461256288447 1.2340035999950487
102
5 82.67175368092931 85.40461256288447 1.249225400009891
6 82.67175368092931 85.40461256288447 0.06432320000021718
7 82.67175368092931 85.40461256288447 0.06893189999391325
8 53.73471409108384 53.31138739862006 0.05265140000847168
102
9 53.73471409108384 53.31138739862006 1.1942250999854878
10 44.754103861443994 43.83603083481814 0.06747520001954399
102
11 31.53582439436306 31.34052468884694 1.2259996999928262
102
12 31.53582439436306 31.34052468884694 1.207981400017161
13 13.121772824949852 12.097383031475813 0.05737120000412688
102
14 6.879118254340536 6.506901695018535 1.2156852000043727
102
15 6.879118254340536 6.506901695018535 1.2359828999906313
16 5.895252967375673 5.541466823752345 0.055818900000303984
102
17 3.8549014905849712 3.136061952622532 1.2389368999865837
102
18 3.8549014905849712 3.136061952622532 1.222459800017532
19 2.8681462525072368 2.296866907590977 0.06544010000652634
102
20 2.239670658134257 1.6932299122745034 1.2080394999939017
102
21 2.239670658134257 1.6932299122745034 1.2234929999976885
22 2.1020292704744716 1.5597795392150786 0.06258959998376667
102
23 2.0824490578846704 1.5791070725187941 1.221624800004065
102
24 2.0824490578846704 1.5791070725187941 1.4946823000209406
25 1.8981940384303515 1.3728542221248177 0.06986400001915172
102
26 1.8591660590010615 1.364060828383368 1.4519506999931764
102
27 1.8591660590010615 1.364060828383368 1.3919278000248596
28 1.7645221775488342 1.253574644941042 0.06256940000457689
102
29 1.722879941253858 1.217968590384248 1.6855415999889374
102
30 1.6926972000484959 1.2073752588863984 1.5234887999831699
102
31 1.6521474627203336 1.1226712898764946 1.2190906000032555
102
32 1.6521474627203336 1.1226712898764946 1.2209303999843542
33 1.573727313573944 1.022983500285238 0.06653419998474419
102
34 1.573727313573944 1.022983500285238 1.2734090999874752
35 1.573727313573944 1.022983500285238 0.059064899978693575
36 1.5083544339627835 0.9610892066910599 0.0732160999905318
102
37 1.492158215097174 0.9428686407089165 1.223771199991461
102
38 1.4754865274479747 0.9200807010820009 1.2281638999993447
102
39 1.4604779181895005 0.8913769471306634 1.5261038000171538
102
40 1.4604779181895005 0.8913769471306634 1.5325503000058234
41 1.4280045796677154 0.8499415658983922 0.06475540000246838
102
42 1.407553566644493 0.8148717071483695 1.230033400002867
102
43 1.407553566644493 0.8148717071483695 1.2506058999861125
44 1.3936921000946059 0.7946632336094412 0.07672879999154247
102
45 1.3866271039531206 0.7715639986277215 1.2607090000237804
102
46 1.3866271039531206 0.7715639986277215 1.2094821000064258
47 1.3801748670423946 0.7672769762285379 0.07653510000091046
102
48 1.358988245273511 0.7434634998001843 1.2211780000070576
102
49 1.358988245273511 0.7434634998001843 1.2349050000193529
50 1.3389423866190966 0.7307956222483196 0.04766490001929924
102
51 1.3148970699961628 0.7113997897775101 1.2291423999995459
102
52 1.3148970699961628 0.7113997897775101 1.2213182999985293
53 1.3056828893853742 0.7046057123120808 0.07207950000884011
102
54 1.2911323285202847 0.6918815410254203 1.2295472999976482
102
55 1.2652586284486458 0.6675272416681897 1.2072523000242654
102
56 1.2430209118354827 0.64005918330171 1.217440100008389
102
57 1.2430209118354827 0.64005918330171 1.2395047999743838
58 1.2430209118354827 0.64005918330171 0.04881899998872541
59 1.206466393575904 0.6013211623677308 0.06396100000711158
102
60 1.1861051367365676 0.5851852312948821 1.2157792999933008
102
61 1.1617411445455978 0.5585170275342743 1.229300000006333
102
62 1.1336383773212488 0.5233710785870387 1.3210784000111744
102
63 1.108007547658996 0.4939892219607776 1.7559345999907237
102
64 1.108007547658996 0.4939892219607776 1.2295527000096627
65 1.0867568714406806 0.46627973096465053 0.07198749997769482
102
66 1.0867568714406806 0.46627973096465053 1.341195000015432
67 1.0799951359947295 0.45796316358909106 0.0775007999909576
102
68 1.0732785020125872 0.45029103965191897 1.2300382000103127
102
69 1.0732785020125872 0.45029103965191897 1.2019300000101794
70 1.0674126154122474 0.4463357185703153 0.05321000001276843
102
71 1.0600221139649708 0.4397884510076579 1.2256715999974404
102
72 1.0536309732954598 0.43356041756627894 1.2171811999869533
102
73 1.0536309732954598 0.43356041756627894 1.2379115000076126
74 1.0536309732954598 0.43356041756627894 0.07337339999503456
75 1.044911625439855 0.42763773898025637 0.05369439997593872
102
76 1.0410547456508563 0.42421638185851884 1.2376792000140995
77 0.8787384610396338
-------------------------------------------------END------------------------------------------------------
------------------------------------Reduced subspace LM---------------------------------------------------
383.39349941917186 403.72078509883187
0.9949846958407974 10
0 355.3801317031288 372.3555477688211 0.11906850000377744
0.9962329139160746 10
1 315.55757050521703 327.13948086739066 0.11522219999460503
0.9939535289472041 10
2 272.1098034099212 278.7253163054732 0.12260750000132248
0.974178529852868 10
0.9999865926405727 40
3 241.74380097826338 239.5626730466981 0.7403965999837965
0.7455909177079856 10
0.9783384643731831 40
0.9927245061163706 70
4 216.85450749901793 222.80985360563756 1.3642480999988038
0.5599847368961957 10
0.9741396788159556 40
0.9928512854061021 70
5 147.80599962722718 154.6480696539957 0.9142088000080548
0.904089946915486 10
0.9950512918665699 40
6 60.36818268120261 64.39708476738124 0.42708789999596775
0.9600255183258941 10
0.9990924854038837 40
7 24.828100171424897 24.861975323815226 0.5632332999957725
0.9558444418833641 10
0.999935366349042 40
8 13.646845858317226 12.90751106494251 0.4243494000111241
0.9054398773918462 10
0.9999372875423851 40
9 12.202676707313008 11.82006845425375 0.40783760001068003
0.9624466343163292 10
0.9999263990431729 40
10 8.959252800568201 8.186709426866745 0.5330487999890465
0.9900385067048004 10
11 7.0289614314010835 5.922298624616641 0.11642720000236295
0.08807969151328897 10
0.9998622189237032 40
12 5.856955751320012 4.917606351434613 0.5805428999883588
0.9626779044839615 10
0.9999923278312125 40
13 4.6328236558757165 3.5659632053388046 0.3992137999739498
0.9461142047043154 10
0.9999597735790001 40
14 4.3726988750443985 3.453679059612649 0.5655963000026532
0.9921391264880675 10
15 4.178133072938857 3.215417295169802 0.10218329998315312
0.004341667833190106 10
0.9976235262387784 40
16 3.8594224765698892 2.928869420467497 0.4279285999946296
0.9912338257783809 10
17 3.7688517795394145 2.810887530868439 0.11222119999001734
0.0030530551548367314 10
0.9961811130864843 40
18 3.538403698109324 2.652659307721107 0.5075705000199378
0.9871746222633566 10
0.9999920694802606 40
19 3.1185292340633683 2.296484505547933 0.4513335000083316
0.9881763598194873 10
0.9999955404008054 40
20 2.777295670199059 1.997472146168578 0.7291904999874532
0.7792500490676902 10
0.999984651913665 40
21 2.60903864994896 1.8661753405978183 0.4509243000065908
0.971001694245987 10
0.999990617369202 40
22 2.4743150221660164 1.709938089093361 0.43309939999016933
0.9571001855640235 10
0.9999902709619859 40
23 2.37389105730801 1.6259285542496722 0.4124137999897357
0.9801861874808069 10
0.9999913283007587 40
24 2.27384994589204 1.5179268497703926 0.4276759999920614
0.9830829126195734 10
0.9999924757808131 40
25 2.1905073513545568 1.4504953412173167 0.4134141000104137
0.9852403220557525 10
0.9999926913545027 40
26 2.1142896978145695 1.3647451327324536 0.4287564999831375
0.9832644354602161 10
0.9999903989880223 40
27 2.0474824368030515 1.3162323018234656 0.4266615000087768
0.9816102844204913 10
0.9999846056831666 40
28 1.9827389349599183 1.2384767033620157 0.4191376999951899
0.9812654281841559 10
0.9999872219984087 40
29 1.917383214465811 1.1937703941487572 0.39666959998430684
0.9816835904983418 10
0.9999806034740497 40
30 1.852433667637025 1.1173552778999845 0.42092599999159575
0.9825429096099833 10
0.9999862469719109 40
31 1.7922625612016265 1.0792879815839906 0.40239989999099635
0.9773780210345249 10
0.9999805018836251 40
32 1.73474747336063 1.0107995152740892 0.40144169999985024
0.9750145907786932 10
0.99998334919072 40
33 1.6827705200943077 0.97414815011065 0.4326665000116918
0.9699508889685745 10
0.9999824253103251 40
34 1.6351190998754894 0.9188578466126587 0.4317348999902606
0.9664461074889912 10
0.9999834563838853 40
35 1.5897233076263522 0.8852775698088974 0.44543459999840707
0.9559372993784848 10
0.9999709999577521 40
36 1.5453362107453663 0.8353650514576072 0.5333467999880668
0.9632185837972463 10
0.9999929753368482 40
37 1.5073023468960425 0.8082914180494847 0.44249950000084937
0.9556505583307329 10
0.9999646990360707 40
38 1.4722598220602183 0.772474726221654 0.5150643000088166
0.9390198509597146 10
0.9999942684872295 40
39 1.439806379948742 0.7438955067961521 0.4431378000008408
0.9223145805908788 10
0.9999362659871402 40
40 1.4088367065705105 0.7183721740133652 0.41713989997515455
0.9319073615786478 10
0.9999915122657982 40
41 1.380712044770074 0.6897603944609128 0.8025459999917075
0.9252487202687377 10
0.9999160265115626 40
42 1.3533505344181291 0.6685481502813031 0.43197790000704117
0.9391016244311811 10
0.9999934452202339 40
43 1.3286865313753904 0.6404381839337636 0.5196397000108846
0.9115779197545619 10
0.9999277683692469 40
44 1.3042323417914503 0.625487347701198 0.42393170000286773
0.9453428936762147 10
0.9999870255152277 40
45 1.2807679743510916 0.5965622902445845 0.6540905000001658
0.8991413157076849 10
0.9999601923103912 40
46 1.258847214897056 0.586516906650852 0.4319083000009414
0.9465179737133256 10
0.9999894551187357 40
47 1.2393773954428813 0.5571583911889297 0.41432190002524294
0.911276678259709 10
0.9999759258950435 40
48 1.2209083086622672 0.5513615597090782 0.39854449999984354
0.9501878606034885 10
0.9999840865966094 40
49 1.2042130049867867 0.5247533533326765 0.4310680000053253
0.9347705966359634 10
0.999984481906476 40
50 1.1882039876070885 0.5222450798636988 0.4249310000159312
0.9511916368876875 10
0.9999858431088273 40
51 1.1736080484549618 0.4976738510048468 0.43106669999542646
0.9425121595969327 10
0.999986198460611 40
52 1.1594316427516569 0.4968385342754778 0.5088355999905616
0.9431993934421885 10
0.9999951619568315 40
53 1.1464773423346346 0.4736858151189612 0.7140073000045959
0.9494116163609078 10
0.9999886466848394 40
54 1.1338580889839367 0.47543476515108163 0.43384579999838024
0.9391962674874158 10
0.9999962224107831 40
55 1.122176636411891 0.45340796386535864 0.4189217999810353
0.9551832868926357 10
0.9999873158449525 40
56 1.1109497989244173 0.4549509446270691 0.4306129000033252
0.9375728013918001 10
0.9999946991381142 40
57 1.1002156200844562 0.43500097343135735 0.4213619999936782
0.9561757027908262 10
0.9999887491949916 40
58 1.0898264169793517 0.43738881292099313 0.4134198999963701
0.9365445731419421 10
0.9999934396847868 40
59 1.0797222608363357 0.4169905192719741 0.43035799998324364
0.9530482959779697 10
0.9999882139318738 40
60 1.0699575821879597 0.4206187192669281 0.4065493000089191
0.9352172435939965 10
0.9999927481983741 40
61 1.0607735594220558 0.4012323318377928 0.4306972000049427
0.9577154733729523 10
0.9999848817098727 40
62 1.0518450613557804 0.4042955472284211 0.5139173000061419
0.9327934225968814 10
0.9999935046056163 40
63 1.0435421738172073 0.3881213936244135 0.3990207999886479
0.9678424790179706 10
0.9999889666581968 40
64 1.0353175851448961 0.390616778253164 0.4221230999974068
0.9286368901468107 10
0.9999940330354525 40
65 1.0273758761286358 0.37546711017381806 0.41860250002355315
0.9647012410070828 10
0.9999875070747439 40
66 1.0195255685807234 0.37687470641535953 0.42043059997376986
0.9294777302891579 10
0.9999936545736027 40
67 1.011575615274826 0.3621865526230119 0.4257884999969974
0.9633709383828916 10
0.9999807180081206 40
68 1.0036763772913215 0.36438434184864255 0.41446699999505654
0.9258790646331724 10
0.9999949538426196 40
69 0.9965260797235507 0.35077855911362205 0.4070256999984849
0.9745639726643774 10
0.9999872733726829 40
70 0.9897172971988438 0.3515093954553544 0.4204815000121016
0.9240953933281698 10
0.9999959748854933 40
71 0.9831305787335994 0.340172852044153 0.4290599999949336
0.9610349833101816 10
0.9999873333447175 40
72 0.9769244735729291 0.3400324885561469 0.6734905000193976
0.9198468523771712 10
0.999995498767531 40
73 0.9709125043092856 0.33080477140129344 0.5281635999854188
0.9539229940095564 10
0.9999879034861593 40
74 0.9651825754246794 0.3296104638255636 0.8785016000038013
0.9109435728717624 10
0.9999958009004386 40
75 0.9593956406130346 0.32140332996653015 0.40581029999884777
0.9370834703641546 10
0.9999880056253819 40
76 0.953924916045832 0.3200178092793193 0.4194998999882955
0.9027764364322303 10
0.999994977173923 40
77 0.9487207586085682 0.312112454771288 0.4328238999878522
0.912031591972084 10
0.9999800260195877 40
78 0.9436482118405631 0.3101585202960429 0.4097996999917086
0.8803003105349341 10
0.9999891970269629 40
79 0.9386366377177167 0.3045528318697364 0.43653249999624677
0.9076119756690207 10
0.9999851303036843 40
80 0.9337605918483095 0.30139437849286493 0.4259746999887284
81 0.46015075308430287
-------------------------------------------------END------------------------------------------------------
26
-------------------------------------------Classical LM---------------------------------------------------
403.1774326213534 420.72688396098226
0 403.1774326213534 420.72688396098226 0.9423481000121683
1 322.663064869435 327.79986832645784 1.0225557000085246
2 260.1981660979896 266.0210498780103 0.9266624999872874
3 260.1981660979896 266.0210498780103 0.8717834000126459
4 189.36965719271106 195.20188726677972 0.9823215000214987
5 189.36965719271106 195.20188726677972 0.8963433000026271
6 58.5561207949667 55.722533271896104 1.3059279999870341
7 58.5561207949667 55.722533271896104 0.8903313000046182
8 41.44268538260701 40.772295409331726 1.3637027000077069
9 41.44268538260701 40.772295409331726 1.945097399991937
10 40.5358292823842 37.81933804231867 2.0917803999909665
11 40.5358292823842 37.81933804231867 0.9800158999860287
12 15.587291835817211 13.515562336697387 0.986255900003016
13 8.394930847934726 7.332268569968688 2.0380757999955676
14 6.614287763785692 5.750810775898703 0.8879218000220135
15 6.614287763785692 5.750810775898703 0.9533611000224482
16 4.545265598144955 3.6951524788605004 1.0018143999914173
17 3.6376842465795898 2.7874882896904882 0.9274230000155512
18 3.6376842465795898 2.7874882896904882 0.9407116999791469
19 3.0275800419719476 2.1934282965704908 0.9262370000069495
20 3.0275800419719476 2.1934282965704908 0.9119625000166707
21 1.944699363786428 1.1833409136643722 0.986676600005012
22 1.722276442424716 1.0203323545190033 0.880808000016259
23 1.6915469487871386 1.0342319980864718 0.906759300007252
24 1.6915469487871386 1.0342319980864718 1.1146401999867521
25 1.3760989583805434 0.6922757895977902 0.9591740999894682
26 1.3760989583805434 0.6922757895977902 1.2210401000047568
27 1.3235877575032746 0.6391283030176708 0.9659026999725029
28 1.2956182812775923 0.6182388401735652 0.9592238999903202
29 1.2708736653342056 0.601635709593349 0.9065120000159368
30 1.2374680123755144 0.5866314734173008 1.0196793999930378
31 1.2374680123755144 0.5866314734173008 0.936657300015213
32 1.151950403170821 0.505393331015958 0.9947975999966729
33 1.1365459005787784 0.5039681026843552 0.9474213999928907
34 1.1365459005787784 0.5039681026843552 0.9217967999866232
35 1.0973982438017802 0.46763564022799603 0.9598181000037584
36 1.0973982438017802 0.46763564022799603 0.8960306000080891
37 1.081422431631077 0.45572876403497026 1.0377862000023015
38 1.0748711862797842 0.45222202863712124 0.927373800019268
39 1.0748711862797842 0.45222202863712124 0.9158702999993693
40 1.060577805452299 0.4400099338564903 0.9381279000081122
41 1.0540074784364355 0.43470618302782704 0.8934731000044849
42 1.0517599121466774 0.433264996368605 0.967992999998387
43 1.047678972094937
-------------------------------------------------END------------------------------------------------------
-------------------------------------------Krylov LM---------------------------------------------------
403.1774326213534 420.72688396098226
102
0 403.1774326213534 420.72688396098226 1.2381750000058673
1 322.64671949143724 327.78305104821374 0.06730910000624135
102
2 271.89899838821157 279.2863302541825 1.2226865999982692
102
3 271.89899838821157 279.2863302541825 1.2203188000130467
4 130.82687045276325 129.7783586155939 0.0541261000034865
102
5 69.02178591582184 68.41075977716469 1.222161200013943
102
6 69.02178591582184 68.41075977716469 1.223895699979039
7 69.02178591582184 68.41075977716469 0.047280400001909584
8 34.879432107947544 34.92201722326905 0.06397450002259575
102
9 34.879432107947544 34.92201722326905 1.2226062999980059
10 19.939507482278366 18.63625644623897 0.04946949999430217
102
11 19.939507482278366 18.63625644623897 1.2153141000017058
12 10.200542122318529 9.04029362382758 0.04700130000128411
102
13 6.514962009850257 5.495788533460144 1.199987699976191
102
14 6.514962009850257 5.495788533460144 1.202732500009006
15 4.471243299565172 3.4402585893934665 0.056970999983605
102
16 3.2787557154035487 2.450731168260185 1.2329221999971196
102
17 2.9487561305260095 2.03164175353484 1.2030802000081167
102
18 2.9487561305260095 2.03164175353484 1.2562378000002354
19 2.233227842644227 1.4277648462173262 0.07287289999658242
102
20 2.233227842644227 1.4277648462173262 1.2210403999779373
21 2.0233184165833897 1.2453209681812218 0.05937339999945834
102
22 1.9256049585298969 1.176677361397013 1.2263187000062317
102
23 1.9256049585298969 1.176677361397013 1.2347842000017408
24 1.7751411443748992 1.0647950053661956 0.057095700001809746
102
25 1.695864631402617 1.0094280509269118 1.2192586000019219
102
26 1.6110578693640059 0.9658290258553976 1.2176562999957241
102
27 1.585393166580794 0.9303180186271852 1.2255853999813553
102
28 1.585393166580794 0.9303180186271852 1.2067292000283487
29 1.2654036705777663 0.5891953967099688 0.06635589999496005
102
30 1.2654036705777663 0.5891953967099688 1.222093100019265
31 1.170705750226235 0.5052059755877085 0.07234909999533556
102
32 1.170705750226235 0.5052059755877085 1.2184849999903236
33 1.1454317325581338 0.48468003480732136 0.06729229999473318
102
34 1.1150294634547473 0.455352955540699 1.9147386999975424
102
35 1.0890399126454475 0.43130038051279224 1.2712881000188645
102
36 1.06357944242116 0.4110351106698459 1.283291100000497
102
37 1.0071659618039435 0.36304041235403284 1.5528038000047673
102
38 0.9560869170720916 0.32130470898475244 1.4437782000168227
102
39 0.9560869170720916 0.32130470898475244 1.6625269000069238
40 0.8599728902985833 0.22739360247877233 0.07225910000852309
102
41 0.8562301150311289 0.2208566531483892 1.6586469000030775
42 0.887925547620398
-------------------------------------------------END------------------------------------------------------
------------------------------------Reduced subspace LM---------------------------------------------------
403.1774326213534 420.72688396098226
0.9951617361789796 10
0 372.36976757125257 387.25925063652136 0.19237209999118932
0.9962090177814384 10
1 327.8891748564664 339.07142534125745 0.10553540001274087
0.9959350560481347 10
2 278.6666914172234 285.98780743923504 0.09628280001925305
0.9784958130058367 10
0.9999966977933346 40
3 272.97483998172737 272.971480793091 0.4206168999953661
0.6104187489908021 10
0.9525214357476162 40
0.9734845421750736 70
0.9908180276031596 100
4 200.2695287256681 199.84560889528365 1.268836300005205
0.759548594503283 10
0.9838855166288 40
0.9961534917422887 70
5 178.92236758340445 179.44025419559847 0.8620503999991342
0.8725232933488198 10
0.9989684376392104 40
6 60.39133958668437 60.46477902417117 0.5335060999786947
0.8796478983638414 10
0.9987976108373429 40
7 28.98644431545164 28.907397202656618 0.47316069999942556
0.8327754453665329 10
0.9992325430849787 40
8 16.2791989112773 15.407813856422743 0.5265151000057813
0.9679219689304239 10
0.9999421924655689 40
9 5.614974400745179 4.53435615613843 0.44003240001620725
0.9277718945935131 10
0.9998829573779561 40
10 3.4845658597932916 2.404684164296906 0.4261642000055872
0.8054818940869983 10
0.9993691326023919 40
11 2.7912569541923156 1.8121877661982992 0.43335010000737384
0.8801466869018277 10
0.9997696453792869 40
12 2.358834072369415 1.4975027737144402 0.5637875999964308
0.8364883986609375 10
0.9992500421669188 40
13 2.18303046563793 1.3682073059455662 0.415502199990442
0.9415084252972342 10
0.9999559836765706 40
14 1.9090785092557496 1.117369107287705 0.4151541999890469
0.8964381523684868 10
0.9996428940338984 40
15 1.8033302198889531 1.0754414982284048 0.41293859999859706
0.9625295804049653 10
0.9999642363040657 40
16 1.6129729063979261 0.8799461599690519 0.4224519999988843
0.9391413867730327 10
0.99980331073697 40
17 1.5225999520240607 0.8446389291773383 0.4090958000160754
0.9805708997514911 10
0.9999641256100333 40
18 1.4185746016246819 0.7363414411867989 0.43868409999413416
0.9642058056797811 10
0.9999526880654342 40
19 1.350590072535021 0.6953802409160562 0.41715369999292307
0.9828681770469705 10
0.9999716382718944 40
20 1.288952914722885 0.6259174545369297 0.41026330000022426
0.9636842703437383 10
0.9999502180296737 40
21 1.2431078706146144 0.5967443939792383 0.4356728999991901
0.974365870566287 10
0.9999758827404118 40
22 1.2048916480328964 0.5550409217127735 0.40901050000684336
0.9497471998196552 10
0.999960469371297 40
23 1.169253098486182 0.5292419339128803 0.40648969999165274
0.9755301697766661 10
0.9999789087434174 40
24 1.1389711443825796 0.4983702934139135 0.4039511000155471
0.9422493694365345 10
0.9999579921101475 40
25 1.1121664140138572 0.4771829709540251 0.41783970000687987
0.9733568089714973 10
0.9999753823009276 40
26 1.0841743534071213 0.44725587761622926 0.41557960002683103
0.9494738892329617 10
0.9999625143292793 40
27 1.0637971516259022 0.43149606268001833 0.4277713000192307
0.9732097329180748 10
0.9999717024332976 40
28 1.0422079315566093 0.4074100265005813 0.40637129999231547
0.9417073085550445 10
0.9999632706906015 40
29 1.0253235860549343 0.39364810829734825 0.5277008000120986
0.9750722302871883 10
0.9999714702212288 40
30 1.0069595711471346 0.3774963639740639 0.7427141000225674
0.9395300684636022 10
0.9999574919319857 40
31 0.9936318248921889 0.3663376717695195 0.42676709999796003
0.9753421966087238 10
0.9999722930461489 40
32 0.9787998679692127 0.3508238772544287 0.4491388000024017
0.9284919921159881 10
0.9999571349927383 40
33 0.9671191406684043 0.3421070168269978 0.553160100011155
0.9745385591187918 10
0.999980309610687 40
34 0.9541194814430921 0.3296065418373698 0.8733247999916784
0.9347959012742241 10
0.999960018185026 40
35 0.9439840985858551 0.3222949321653 0.42739320002146997
0.975353459391757 10
0.999973005313204 40
36 0.9332972134669326 0.310664683967576 0.42039919999660924
0.9288937743463759 10
0.9999543486341688 40
37 0.9250033422825451 0.30452690385357706 0.42353390000062063
0.9736498646244119 10
0.9999752721382684 40
38 0.9159204567890927 0.2946556695975388 0.4219050999963656
0.9363677339601099 10
0.9999523976874138 40
39 0.9090026120184015 0.2895313006349038 0.4251778000034392
0.973316417768411 10
0.9999623617146576 40
40 0.9013249791671758 0.2805981978148708 0.41040970000904053
0.9375073873117011 10
0.9999623900568446 40
41 0.8954769114238479 0.2772639289147936 0.42477809998672456
0.9770748429637662 10
0.999963342301456 40
42 0.8887433931361567 0.26917295011229375 0.4249292000022251
0.9264149738641778 10
0.9999559762846606 40
43 0.8834187415227625 0.2655720519997287 0.40740230001392774
0.9775220889115787 10
0.9999677904601657 40
44 0.8774256026443922 0.2585081451595348 0.4113767000089865
0.9236630276646702 10
0.9999603109882051 40
45 0.8726428254258634 0.25527682958525594 0.4209856000088621
46 0.4608094913077682
-------------------------------------------------END------------------------------------------------------
27
-------------------------------------------Classical LM---------------------------------------------------
383.9485243759557 404.06879848062374
0 383.9485243759557 404.06879848062374 0.899064700002782
1 324.82565732994937 341.32034319959547 0.9448856999806594
2 324.82565732994937 341.32034319959547 0.8985656000149902
3 246.34995006433 249.42662267505355 1.021611700009089
4 246.34995006433 249.42662267505355 0.880312799999956
5 77.77524035457766 78.48118903766674 0.9128441000066232
6 77.77524035457766 78.48118903766674 0.9078826000040863
7 33.19872915600203 32.78596367704768 0.9263407999824267
8 33.19872915600203 32.78596367704768 0.9155902999918908
9 15.838633565526145 15.135660367701181 0.960424899996724
10 12.360191894713594 11.778547794345414 0.873991800006479
11 6.503028441161377 5.410893301265014 0.9595029000192881
12 5.735055335509793 5.122782900459929 0.8597220000228845
13 5.735055335509793 5.122782900459929 0.940413800009992
14 3.381797936204755 2.464330235807137 0.9914657999761403
15 3.381797936204755 2.464330235807137 0.9520709000062197
16 2.633349271801908 2.013773369868986 0.9841281999833882
17 2.633349271801908 2.013773369868986 0.8697683999780566
18 1.628593667508104 1.0416464171434099 1.0032635999959894
19 1.5402427435934245 0.945216359702174 0.9246521000168286
20 1.2604922863377985 0.7018822265989709 0.8974903000053018
21 1.2604922863377985 0.7018822265989709 0.8586121000116691
22 1.0764432181099917 0.4852055036608127 1.2813316000101622
23 1.0673304719528358 0.4935027109776255 1.3698328000027686
24 1.0673304719528358 0.4935027109776255 0.9296663999848533
25 0.9554252360230403 0.35551331251422197 0.9486779000144452
26 0.9209563070205053 0.32311380109437066 0.9594326999795157
27 0.8957302191938105 0.2947637686332458 0.8976044000010006
28 0.8957302191938105 0.2947637686332458 0.8751485999964643
29 0.8381002620798603 0.23097159505008086 0.963607999990927
30 0.8173034728902994 0.2065197454129649 0.9581726000178605
31 0.808515870610121 0.19324146138339376 0.8728056999971159
32 0.8042950721944689 0.1882497274413687 0.9612931000010576
33 0.9515205727278071
-------------------------------------------------END------------------------------------------------------
-------------------------------------------Krylov LM---------------------------------------------------
383.9485243759557 404.06879848062374
102
0 383.9485243759557 404.06879848062374 1.1908445000008214
1 324.8347464823613 341.3302850299614 0.04517389999818988
102
2 324.8347464823613 341.3302850299614 1.2136466999945696
3 246.60967645011232 249.88088137541902 0.06345429999055341
102
4 207.65760959449025 209.21260412488306 1.2519971000147052
102
5 56.16364615156025 53.94994437501823 1.2165703999926336
102
6 56.16364615156025 53.94994437501823 1.1916843999933917
7 56.16364615156025 53.94994437501823 0.051574000011896715
8 23.47642889655163 24.02337533189633 0.0575148000207264
102
9 23.47642889655163 24.02337533189633 1.2328665000095498
10 16.69856729051456 16.010152659593157 0.0579884999897331
102
11 8.332095487801341 8.056563964442114 1.2183874000038486
102
12 8.332095487801341 8.056563964442114 1.2353863999887835
13 4.037679012694186 3.2816940324595505 0.057298700005048886
102
14 2.9992296020613582 2.251523969296944 1.1960402999829967
102
15 2.9992296020613582 2.251523969296944 1.1838780000107363
16 1.9653257703904787 1.291872991162913 0.07294149999506772
102
17 1.733363762893903 1.1002312679040809 1.195337400014978
102
18 1.733363762893903 1.1002312679040809 1.205456800002139
19 1.3237545664543169 0.7205259892217086 0.07791329998872243
102
20 1.179324539570443 0.5919093502686983 1.2285379999957513
102
21 1.022036279746263 0.4222629358109266 1.2098931999935303
102
22 1.022036279746263 0.4222629358109266 1.231609699985711
23 0.8819945908031718 0.2602409332919388 0.04707080000662245
102
24 0.8312994751231371 0.2051858817102916 1.2192179999838118
102
25 0.8128587220080853 0.18909811401693907 1.1991284000105225
102
26 0.7735235872515507 0.1442467759601915 1.2285501000005752
102
27 0.7735235872515507 0.1442467759601915 1.2311002000060398
28 0.7717465978227347 0.14209757860479852 0.04809000002569519
102
29 0.7434157979650969 0.12056273584996621 1.253345699980855
102
30 0.7434157979650969 0.12056273584996621 1.227823699999135
31 0.7419248126181864 0.11567101538565637 0.05775249999715015
32 0.8186898499998279
-------------------------------------------------END------------------------------------------------------
------------------------------------Reduced subspace LM---------------------------------------------------
383.9485243759557 404.06879848062374
0.9958207096559656 10
0 355.68307651965426 371.7340610491186 0.10125839998363517
0.9940086236659292 10
1 315.87349634384736 326.3939730919819 0.10996450000675395
0.9802960868825887 10
0.9999951375314707 40
2 315.83124501372566 320.446287797399 0.4221252999850549
0.8666888618479872 10
0.9971469626610182 40
3 233.07665519793412 238.47172085944516 0.42434850000427105
0.9476777080205936 10
0.9980290558093414 40
4 134.11773411145742 135.72179427157744 0.4018719999876339
0.7262794496844416 10
0.9912436238880913 40
5 48.324502486471815 49.19354238975462 0.564015100011602
0.5736884441375434 10
0.9870364752944394 40
0.9983789723883221 70
6 30.725435293162473 30.06199078244462 1.1523793999804184
0.9091603754417918 10
0.9992698394520784 40
7 14.72440463733766 15.290650843056286 0.7878494999895338
0.911776451521499 10
0.9996815552525977 40
8 6.580115758612844 6.150385885752701 0.42349379998631775
0.9472946763407392 10
0.9998560806272997 40
9 4.111468180821483 3.683354720806139 0.4232686999894213
0.8789752485946095 10
0.9997478414742751 40
10 2.4563172740954755 1.6986893956708855 0.5264363999885973
0.7969499689691918 10
0.9994991440665596 40
11 2.0156889400532108 1.3555089292326967 0.4187404999975115
0.8793533288897721 10
0.9998957216513943 40
12 1.6626689238813324 0.9920874330394817 0.44758929999079555
0.8487967165150706 10
0.9997651420242746 40
13 1.50462501130446 0.8399637960081542 0.41910560001269914
0.9061533789891121 10
0.9998079103159219 40
14 1.3932694721251877 0.7435920448036579 0.4287430999975186
0.9114902623267483 10
0.9998983606998236 40
15 1.285367134928174 0.6363498320865492 0.5649695000029169
0.9038160293211019 10
0.9997211999279234 40
16 1.2340562459360054 0.5972007878754444 0.45286650001071393
0.9209578493835446 10
0.9998562979876384 40
17 1.1653416086925525 0.5260841249500506 0.7729784999974072
0.8946735937564759 10
0.9997942096788737 40
18 1.1248812750383117 0.5073775736795153 0.657643000013195
0.9436204833680734 10
0.9998682816364056 40
19 1.0809115212034537 0.44582823406385985 0.5113603000063449
0.8966058453816762 10
0.9999019173959766 40
20 1.0464273378917208 0.43315806679234553 0.4306012000015471
0.9522317391228083 10
0.9998972430046073 40
21 1.010903801920946 0.38137076002375964 0.4352780999906827
0.905418819281604 10
0.9999290615114331 40
22 0.984637339979794 0.3710662344328022 0.42917479999596253
0.9509396152628007 10
0.9998832626660762 40
23 0.9559449440177233 0.3296817829748238 0.4141234000271652
0.9050006170614016 10
0.9999044362765719 40
24 0.9356510219670036 0.3196078398880833 0.4202921999967657
0.9433604181498368 10
0.9998577596209856 40
25 0.9127188318638073 0.28869892037433986 0.5351337999745738
0.8854043478593125 10
0.9998457604547131 40
26 0.8956984730868007 0.2794009877345787 0.4398092000046745
0.9344913756975862 10
0.9997399362959393 40
27 0.8775984303907292 0.25210517805516625 0.5282783999864478
0.8541170740760176 10
0.9998258002938076 40
28 0.8623517828561617 0.24566939269069724 0.40745450000395067
0.9183288478356503 10
0.9995694878829484 40
29 0.8462341252941417 0.22071144705525989 0.43381819999194704
0.8293194301967498 10
0.9996876388787077 40
30 0.8326028113875648 0.21603351143304403 0.41062839998630807
0.9228395683575696 10
0.9998082487286377 40
31 0.8199347619030508 0.1994310572867591 0.40667929998016916
0.7121751683277601 10
0.999571682960959 40
32 0.8094854823763418 0.19386562378382538 0.41318849998060614
0.8667330107252071 10
0.9996186978455194 40
33 0.7991993679586729 0.1792435844816181 0.4134677000110969
0.7117506868351863 10
0.9997062600258277 40
34 0.7902772891366343 0.17472584806822686 0.5167575999803375
0.8577100231684501 10
0.9996510105191531 40
35 0.7819810009345223 0.16256308125876742 0.43414720002328977
0.6978765368755155 10
0.9997637143313998 40
36 0.7745992935103991 0.15874669912947129 0.5944318999827374
0.8437123361111439 10
0.9995452364724011 40
37 0.7680289950472288 0.1489927375338069 0.4211494000046514
0.6234023293988021 10
0.9997985363779534 40
38 0.7613894896877346 0.14430379208454963 0.7888033999770414
0.7611339147790722 10
0.9996702672138909 40
39 0.7556779866194174 0.13787170463616882 0.41247070001554675
0.6183279484282969 10
0.9997708533635595 40
40 0.7506835888849867 0.13423236032952712 0.6387601000024006
41 0.4862306317039084
-------------------------------------------------END------------------------------------------------------
28
-------------------------------------------Classical LM---------------------------------------------------
353.9590934461916 369.30240814558977
0 323.3097287825514 315.7442519278955 0.8983991999994032
1 185.977659192106 192.2706101852943 0.9354755000094883
2 185.977659192106 192.2706101852943 0.8748296000121627
3 185.977659192106 192.2706101852943 0.9765145999845117
4 185.977659192106 192.2706101852943 0.9865198999759741
5 185.977659192106 192.2706101852943 0.9523273999802768
6 98.36527250914192 91.90526250184874 1.0025751999928616
7 40.15983034773313 37.62515326727874 1.2911727000027895
8 40.15983034773313 37.62515326727874 0.9199130999913905
9 34.33732562502982 31.45902120504686 0.9577518000151031
10 34.33732562502982 31.45902120504686 0.9451899999985471
11 20.691564395713037 19.40030288043202 0.9544891999976244
12 14.33925206090888 12.723850530359067 0.8776369000261184
13 12.632314514977006 11.798458788704334 0.9380275000003166
14 7.6321595463491745 6.836565286967131 0.9261000000115018
15 7.6321595463491745 6.836565286967131 0.9888880000216886
16 6.39208800506277 5.791740719919784 0.952427100011846
17 6.39208800506277 5.791740719919784 0.9379907000111416
18 6.374924024424062 5.916371370695982 0.9746244999987539
19 6.374924024424062 5.916371370695982 0.8824824999901466
20 5.083549286735266 4.504929335824076 0.9949580999964382
21 5.083549286735266 4.504929335824076 0.8711141000094358
22 4.781290508707988 4.295616196552412 0.9367094999761321
23 4.674382539393281 4.1753474512224 0.9205127999885008
24 4.610971708985826 4.091988848344468 1.3430800999922212
25 4.1917333115069 3.642415085776164 1.1425549999985378
26 3.84634177429083 3.26830002004774 1.3000670000037644
27 3.7555865565216418 3.1650280150127337 1.0658139000006486
28 3.7555865565216418 3.1650280150127337 1.0396668000030331
29 2.8259732595142943 2.2669266689977268 1.0045886000152677
30 2.6435285880062827 2.0280947947717256 0.9265823000168893
31 2.5150077519634944 1.8609807667088283 0.9576340999919921
32 2.114618431206787 1.4513984068439991 0.8935056999907829
33 1.9365292369901326 1.1813423627393873 0.9068930000066757
34 1.9365292369901326 1.1813423627393873 0.9238177000079304
35 1.9365292369901326 1.1813423627393873 0.9863830000103917
36 1.387028248194511 0.7722652691084239 0.9915384000050835
37 1.3407971309258429 0.701694742580795 0.8833803000161424
38 1.3407971309258429 0.701694742580795 0.86121929998626
39 1.0981336199499154 0.4970362084396406 0.9462411999993492
40 1.0981336199499154 0.4970362084396406 0.9232464999950025
41 1.018821211388782 0.4198202032527349 0.9928543999849353
42 0.9911565086498227 0.39082537087715824 0.8821789000066929
43 0.9911565086498227 0.39082537087715824 0.9311323000001721
44 0.9639411855197144 0.3691383409127786 1.005227100016782
45 0.944068038289874 0.34814326503333726 0.8952313000045251
46 0.944068038289874 0.34814326503333726 0.8667275999905542
47 0.9280490777544405 0.33529934994971866 0.9297541000123601
48 0.9145370504741137 0.32097103870350235 0.9548124999855645
49 0.9145370504741137 0.32097103870350235 0.9156275000132155
50 0.904110490517436 0.31214313021615553 0.9503360000089742
51 0.8937119556130013 0.3009226160546034 0.8903919000003953
52 0.8859514406307105 0.29016299540344614 0.8957470000023022
53 0.8859514406307105 0.29016299540344614 0.8508068000082858
54 0.8669074117933117 0.2729918250179579 0.968219800008228
55 0.8566028648107076 0.26044797810514714 0.9479620000056457
56 0.8482353485908192 0.24748007745974795 0.9690110000083223
57 0.8482353485908192 0.24748007745974795 0.9539092000050005
58 0.8286704539264618 0.2286140918904498 0.99892130002263
59 0.8166033013680883 0.21357663519637152 1.0864825999888126
60 0.797993432352793 0.19198137835165827 1.00216430000728
61 0.777217239402204 0.1737414379523263 1.2410672999976669
62 0.777217239402204 0.1737414379523263 1.3031373999838252
63 0.7530040449032389 0.14499070807922845 0.9859221000224352
64 0.7344287215697598 0.1266436523042904 0.9387996000004932
65 0.7344287215697598 0.1266436523042904 1.521830299985595
66 0.721745674057097 0.11330525970244354 1.1303371999820229
67 0.7128117644247294 0.10317558557602967 1.123580800020136
68 0.7128117644247294 0.10317558557602967 1.760774800000945
69 0.7026701016664362 0.0926861109220644 1.7566961999982595
70 0.7000764516297462 0.08929342712598035 1.267524199996842
71 1.012817046480437
-------------------------------------------------END------------------------------------------------------
-------------------------------------------Krylov LM---------------------------------------------------
353.9590934461916 369.30240814558977
102
0 323.7077671061693 315.83526972337637 1.331973599997582
102
1 195.0172176849287 199.3670149430671 1.22054229999776
102
2 195.0172176849287 199.3670149430671 1.221497399994405
3 195.0172176849287 199.3670149430671 0.05286649998743087
4 195.0172176849287 199.3670149430671 0.059319799998775125
5 135.22076680591144 129.74147490380898 0.05393509997520596
102
6 45.43028600337069 49.38807420312787 1.2079975999949966
102
7 45.43028600337069 49.38807420312787 1.193938700016588
8 45.43028600337069 49.38807420312787 0.06337230000644922
9 33.48428789923549 31.09934290210607 0.04610500001581386
102
10 33.48428789923549 31.09934290210607 1.211728199996287
11 21.391625116095987 21.18190532908906 0.06901340000331402
102
12 16.878651936450996 16.90420569220678 1.229630999994697
102
13 16.878651936450996 16.90420569220678 1.197211699996842
14 14.570890790079279 14.585654992474744 0.04600060000666417
102
15 12.336470187037346 12.26257135710143 1.2416890000167768
102
16 10.253303373424593 9.966869275657825 1.2180996000242885
102
17 7.847899026900911 7.2608292303242274 1.2087409000087064
102
18 7.847899026900911 7.2608292303242274 1.207608099997742
19 6.7596085531891745 6.130685655294881 0.06512040001689456
102
20 6.7596085531891745 6.130685655294881 1.2188590000150725
21 5.537171271599832 4.92504435022644 0.06294000000343658
102
22 4.980728804046332 4.353724639804131 1.2149169000040274
102
23 4.326039288247848 3.636364413922432 1.1692973999888636
102
24 3.773827473210373 3.045190117949638 1.2089309000002686
102
25 3.2863324796052273 2.5764190542901657 1.2209349000186194
102
26 2.8930696362148054 2.1586497155036515 1.1998861999891233
102
27 2.816612428523866 2.0358451043968895 1.2182910999981686
102
28 2.4410643778115855 1.6967796944573506 1.2545781999942847
102
29 2.4410643778115855 1.6967796944573506 1.2112656999961473
30 2.4410643778115855 1.6967796944573506 0.05592879999312572
31 2.4410643778115855 1.6967796944573506 0.046126099972752854
32 2.3364231941858247 1.6496123002881204 0.05464500002563
102
33 2.1726691014899093 1.5325003082602093 1.2151930000109132
102
34 2.021771759159568 1.4162110952242741 1.2381048999959603
102
35 2.021771759159568 1.4162110952242741 1.2209039999870583
36 1.9775533618397545 1.394255206497783 0.07325789998867549
102
37 1.8501416821159478 1.276053672968516 1.2253173000062816
102
38 1.7831129718809515 1.246467534071413 1.2124953999882564
102
39 1.7831129718809515 1.246467534071413 1.2331734000181314
40 1.7831129718809515 1.246467534071413 0.06272469999385066
41 1.6630592164224602 1.1017522282909131 0.0703403000079561
102
42 1.5585188271798622 1.0021779430581554 1.1872062999755144
102
43 1.455726120809537 0.8712972567923466 1.1943017000157852
102
44 1.3471145126189241 0.7457576873567018 1.225972600019304
102
45 1.230636017701145 0.6398591621033126 1.2260102999862283
102
46 1.172826052948636 0.5679491963844716 1.199260499997763
102
47 1.0639932783443158 0.48512095464932947 1.207931600016309
102
48 1.0414551245953414 0.4768000502845274 1.2259390999970492
102
49 0.9697753890939239 0.3873707932998401 1.1722549000114668
102
50 0.8990122684084516 0.3282127718619639 1.2261719000234734
102
51 0.8758735581673387 0.2943056352545793 1.2297279000049457
102
52 0.8613167223066645 0.28393004840571173 1.2267488999932539
102
53 0.8472206299239183 0.26393087468088666 1.2320286000031047
102
54 0.8382761912008809 0.25826481589615397 1.2277757999836467
102
55 0.8259460130110369 0.2402270144787282 1.3512901000212878
102
56 0.8147142321957673 0.2323759363223206 1.217342899995856
102
57 0.8080406955325476 0.22011522904283648 1.5580320000008214
102
58 0.7962059432375691 0.21230909186296662 1.23582569998689
102
59 0.7933419054377804 0.20357907851839493 1.2300449000031222
60 0.9368061333346608
-------------------------------------------------END------------------------------------------------------
------------------------------------Reduced subspace LM---------------------------------------------------
353.9590934461916 369.30240814558977
0.9967900090033436 10
0 331.8858652149096 343.858672635659 0.11341720001655631
0.9964309675219634 10
1 300.4147330805987 307.85372424369234 0.10438169998815283
0.9954099184310969 10
2 266.4775350917616 271.29363810038063 0.11250099999597296
0.995599922478689 10
3 237.03489472145634 240.68743771551607 0.10827389999758452
0.9910496909642337 10
4 199.6178771065579 200.38027912151836 0.11222569999517873
0.9654869123900577 10
0.999993142978292 40
5 190.5784029197179 190.5322313538546 0.8776861000224017
0.857775968196783 10
0.9999768879538056 40
6 159.80257742562006 161.06516888988054 0.8003988999989815
0.8800867505938335 10
0.9981482827432799 40
7 134.32638615373 131.1975375069057 0.8130626000056509
0.8665504183475619 10
0.9997552762326778 40
8 93.37520038230305 91.5358017289282 0.4676747999910731
0.8309891770946377 10
0.9993009119033736 40
9 47.434562895087936 43.872842587514796 0.4663058000151068
0.9767692019793847 10
0.9999418304411539 40
10 18.005905616372296 16.275479260486133 0.42699339997489005
0.947054275450882 10
0.9995845797225036 40
11 6.282160345172679 5.492220085438344 0.4307404000137467
0.9789930144727265 10
0.9999736127892771 40
12 3.5321719820211306 2.60927268093125 0.42362290000892244
0.8589035060641294 10
0.999900694022351 40
13 2.8249914163092087 2.121381342055459 0.41099979999125935
0.9352722587192464 10
0.9999190040963302 40
14 2.2552896390170645 1.69501341236978 0.4244464999937918
0.9520483179694686 10
0.9999675108815475 40
15 1.9819010207727086 1.407162525179714 0.4623790000041481
0.8601474509138758 10
0.9999390240249048 40
16 1.7333042883991017 1.1657882347064434 0.467017399991164
0.7321068544230177 10
0.9996877624628321 40
17 1.4997182311282906 0.8959101830917146 0.5824294000049122
0.8478646214692261 10
0.9999724418198737 40
18 1.4129343724988708 0.7923425441336855 0.4192408999952022
0.7651920045306855 10
0.9991017590099799 40
19 1.0805795256528827 0.4602282442203406 0.41921669998555444
0.9608579224845557 10
0.9999763404204589 40
20 1.0034925690451197 0.3903264746177312 0.5192944000009447
0.9673691045280801 10
0.9999593286878535 40
21 0.961911954797993 0.32131688378548356 0.41848160000517964
0.9788817963703147 10
0.9999723688331107 40
22 0.9070538113260381 0.2911837514456559 0.42723110000952147
0.9682588974721744 10
0.9999669053711869 40
23 0.8792891771075411 0.24814647117829394 0.4227338999917265
0.973749918819876 10
0.9999623675379556 40
24 0.8507224256739581 0.23492115657875906 0.41819159997976385
0.9629716051746166 10
0.9999725746543923 40
25 0.8313614244796228 0.20895678259983186 0.42098570000962354
0.9645965737693987 10
0.9999593418095113 40
26 0.8108622814708746 0.19513856998947604 0.4290896999882534
0.9673002793419779 10
0.9999653879389956 40
27 0.7955194091887764 0.18003764882607992 0.4116732999973465
0.9562332171684931 10
0.9999426078808696 40
28 0.7800684457180802 0.16506320196582805 0.41796079999767244
0.9573102441069815 10
0.9999773584942205 40
29 0.7696284304028727 0.1563902979950546 0.4299649999884423
0.9568002138760845 10
0.9999476693714061 40
30 0.7586717558477564 0.1433389785031215 0.40149079999537207
0.9511473817421524 10
0.9999736175774296 40
31 0.7507735994992969 0.137600755842319 0.41827480000210926
0.9649943415951348 10
0.9999678220062017 40
32 0.742513323559934 0.1266944953428858 0.4195923000224866
0.9322247033773463 10
0.9999571642411247 40
33 0.7361670581968386 0.1227310462059808 0.4249255000031553
0.958693562649787 10
0.9999518129143038 40
34 0.7300283002337589 0.11339132345806167 0.4718744000128936
0.9250264644202871 10
0.9999714801261099 40
35 0.7249550847869028 0.11117274939711728 0.43787940000765957
0.9463843546464811 10
0.9999430780913682 40
36 0.7199652505102322 0.10354308268312445 0.5423128999827895
37 0.42905327837797813
-------------------------------------------------END------------------------------------------------------
29
-------------------------------------------Classical LM---------------------------------------------------
407.98184236713576 426.8440467663813
0 407.98184236713576 426.8440467663813 0.896105499996338
1 197.1933895624711 199.0965974577826 0.9439819999970496
2 197.1933895624711 199.0965974577826 0.8903915000264533
3 197.1933895624711 199.0965974577826 0.94663649998256
4 162.65784478946767 162.03285145726133 0.9416158999956679
5 154.6875738641239 157.89094424761456 0.9849596000276506
6 154.6875738641239 157.89094424761456 0.908164399996167
7 71.67243615244467 68.86386092996064 0.9487585000169929
8 64.73527464008262 64.38270775227825 0.9026442999893334
9 60.252362935570815 58.86656507669576 0.8771725000115111
10 60.252362935570815 58.86656507669576 0.8824223999981768
11 20.78827334355389 19.864569883334802 0.9643859000061639
12 20.78827334355389 19.864569883334802 0.8954208999930415
13 7.529807688346277 6.900448427882189 0.9436091000097804
14 7.529807688346277 6.900448427882189 1.1960442999843508
15 3.4071428533108863 2.7399334281307057 0.9488025000027847
16 3.4071428533108863 2.7399334281307057 0.9380133999802638
17 2.7513326043985393 2.141413383107578 0.9954082999902312
18 2.399460690387893 1.7918266337302857 0.9017412000102922
19 2.399460690387893 1.7918266337302857 0.9272880000062287
20 2.149104368278003 1.541776427973096 0.9657544000074267
21 1.9230198148746065 1.3043732787667182 1.0306969999801368
22 1.9023657698254166 1.3273927782001564 0.9572584000125062
23 1.8899623967281514 1.2785292441656302 0.9888065999839455
24 1.5330579131828836 0.9141592722282372 0.8683957999746781
25 1.5330579131828836 0.9141592722282372 1.2941692000022158
26 0.9573672074465831 0.3462087944535353 1.2253490000148304
27 0.8523313046258383 0.24862242167758034 0.989093199983472
28 0.7969475422172576 0.18842261524727755 1.3395461000036448
29 0.7536018644040295 0.1412706825811476 1.0893916999921203
30 0.715308129066766 0.1040492291588668 0.9539044999983162
31 0.715308129066766 0.1040492291588668 1.5544380999926943
32 0.6576494018362653 0.04213883662800368 1.681495700002415
33 0.6576494018362653 0.04213883662800368 1.0864994000003207
34 0.6455887025230788 0.03177674909756985 0.9700959000037983
35 0.6425729469902924 0.02769336325491712 1.0130923000106122
36 1.0233764999995603
-------------------------------------------------END------------------------------------------------------
-------------------------------------------Krylov LM---------------------------------------------------
407.98184236713576 426.8440467663813
102
0 407.98184236713576 426.8440467663813 1.681464599998435
1 197.1752707341241 199.0745834408382 0.07610389997716993
102
2 197.1752707341241 199.0745834408382 1.2969396999978926
3 197.1752707341241 199.0745834408382 0.05085410000174306
4 162.50767832650644 161.87810253797 0.05809959999169223
102
5 154.63423264652835 157.81749727245474 1.3241508000064641
102
6 154.63423264652835 157.81749727245474 1.8087719999894034
7 70.464191108992 67.5839590469389 0.07989180000731722
102
8 64.2367737065545 64.210161319752 1.5656679999956395
102
9 58.20890477318496 56.899595730044894 1.764728100009961
102
10 39.06127096229241 38.49186007538483 1.2276746999996249
102
11 26.793879514218187 27.02948641537936 1.253583499987144
102
12 26.793879514218187 27.02948641537936 1.251948299992364
13 26.793879514218187 27.02948641537936 0.057860400003846735
14 15.734857160584472 15.504444915022251 0.0468834999774117
102
15 15.734857160584472 15.504444915022251 1.2113004000275396
16 7.59288110607788 7.3268886259363795 0.05737229998339899
102
17 4.8759629304197105 4.225006909135505 1.2181543999759015
102
18 4.8759629304197105 4.225006909135505 1.2462544000009075
19 2.201757507677546 1.660746613836424 0.056692799989832565
102
20 2.201757507677546 1.660746613836424 1.2992106000019703
21 1.4367379158110367 0.8144514200616486 0.08633930000360124
102
22 1.4367379158110367 0.8144514200616486 1.2288105999759864
23 1.249249832960336 0.5824308550875853 0.060152499994728714
102
24 1.1572465533492862 0.5096244545317156 1.2183738999883644
102
25 1.0669797413199773 0.43621023179793467 1.2322221999929752
102
26 0.9568439186128482 0.35549316059545116 1.2382295000134036
102
27 0.8824261373784978 0.26178585906946955 1.2182387999782804
102
28 0.8824261373784978 0.26178585906946955 1.2213980999949854
29 0.7860606624770308 0.1790759109139858 0.058996700012357906
102
30 0.742593055355312 0.12604936534114036 1.2308440000051633
102
31 0.742593055355312 0.12604936534114036 1.2369507999974303
32 0.7190679551024239 0.10872037771285864 0.05761779999011196
102
33 0.700744814680069 0.08802642735937637 1.3420080000068992
102
34 0.6953797740074342 0.08812911548771296 1.204380899987882
102
35 0.6782437771229434 0.06867172230849869 1.1987492000043858
102
36 0.6687003581492803 0.056139556799222175 1.2013311000191607
102
37 0.6588104695454172 0.04187770538906034 1.2130322000011802
102
38 0.6549797579196904 0.03874952905788761 1.243397800019011
39 0.9262738794846556
-------------------------------------------------END------------------------------------------------------
------------------------------------Reduced subspace LM---------------------------------------------------
407.98184236713576 426.8440467663813
0.991664419526014 10
0 376.7863804745986 392.7590849415288 0.10607760000857525
0.9905706662664829 10
1 331.49501168491 343.7500116105458 0.1035820999823045
0.9875715638738318 10
0.9999819916853862 40
2 303.17996813133215 314.39097835705616 0.43737440000404604
0.8476482898195191 10
0.9990777291824485 40
3 220.5199607186243 221.92070257237077 0.44366360001731664
0.6144574750755845 10
0.9983978726713473 40
4 163.08431784043498 157.74601025077908 0.4258914999954868
0.4930357423695562 10
0.9826233616163454 40
0.9948304371178317 70
5 137.61081139637568 136.96788819870144 0.9247146999987308
0.8180316949526485 10
0.9935880923669077 40
6 48.06549926175785 43.72958683290228 0.44006069999886677
0.8137438625273619 10
0.9978393230609949 40
7 26.515620395583177 26.690314035287056 0.4453266999917105
0.9040772994961149 10
0.999371701405153 40
8 9.822962407090042 9.112524796363962 0.45975549999275245
0.745735234282317 10
0.9997342553138819 40
9 4.775237432953421 3.811526991765948 0.6946936000022106
0.7825733791983014 10
0.999926857677105 40
10 4.031393748350266 3.220143800032415 0.5883670999901369
0.8871843179642889 10
0.9994889691364401 40
11 2.6944513282073714 1.9127078789099543 0.5021163999917917
0.975045526394839 10
0.9999627433584108 40
12 2.335135431497405 1.6292282647261955 0.5330333999881987
0.87219359382254 10
0.999960123916464 40
13 1.926021340745162 1.2573798531312386 0.42234669998288155
0.9681118985169664 10
0.999950430831384 40
14 1.7935930273324996 1.1565540312796845 0.4120536000118591
0.963967107716094 10
0.9999287741161421 40
15 1.6134702682321636 0.979783212962273 0.4099024000170175
0.9669163419255014 10
0.9999281135970066 40
16 1.5167248345827644 0.8642488404456562 0.43720919999759644
0.9480901304336824 10
0.9998975088488441 40
17 1.4537744140070958 0.8071327535321869 0.392822800000431
0.9645623739493251 10
0.9999102400678628 40
18 1.397988625449688 0.746064332283044 0.44051929999841377
0.9577078026839219 10
0.9995483561660419 40
19 1.3460787702339951 0.6952582682587113 0.4232705000031274
0.972073925368723 10
0.9999526536460708 40
20 1.3061443942580178 0.6505019933560785 0.5438436000258662
0.9611003244282808 10
0.999632620869435 40
21 1.2543955706732695 0.6040501756797464 0.41866789999767207
0.9713716691367755 10
0.9999415516483608 40
22 1.2182340204565434 0.5556157709470696 0.435014200018486
0.9507011011316014 10
0.9997683338268145 40
23 1.1776303632598155 0.5268107819896161 0.40928260001237504
0.9669409130586167 10
0.9999600186895369 40
24 1.1375543969409962 0.4763118480217663 1.0744324999977835
0.9529773671979269 10
0.9998395590016909 40
25 1.1080124615703617 0.46302592423922306 0.4054437000013422
0.9649489510170085 10
0.9999290933073394 40
26 1.0807665449831654 0.4312423032306313 0.9284973999892827
0.955339979840127 10
0.9998866365122328 40
27 1.0592698952548028 0.41692441483987625 0.436798299982911
0.9644088068004204 10
0.999889547685865 40
28 1.0384177492136408 0.3916351816896838 0.436843699979363
0.9587893646432778 10
0.9999011277914157 40
29 1.0193747087991432 0.38105621803816514 0.44583469998906367
0.968667352184897 10
0.9999041494309654 40
30 1.002493993642999 0.36021843250436064 0.5409730999963358
0.9509628614476369 10
0.9999426202640859 40
31 0.9842389403486932 0.34778120364139087 0.5912199000013061
0.9632879717461976 10
0.9998919396843212 40
32 0.9685728867043268 0.32769335957895296 0.4313329000142403
0.945071804060578 10
0.999905632765124 40
33 0.9536291131609398 0.31916822563180447 0.4241313000093214
0.9571017713826098 10
0.9998662106268196 40
34 0.9401342661540589 0.30103734982766306 0.412811199988937
0.934887463701073 10
0.9998763162337143 40
35 0.9272061730294207 0.29430280696406785 0.4138368999992963
0.9483101910165441 10
0.9998207390116339 40
36 0.9149358932039652 0.2776345108807656 0.4234305999998469
0.9241948688822044 10
0.9998009690752961 40
37 0.9038425740310002 0.2724039484008711 0.40637989999959245
0.942802406236597 10
0.999775839177925 40
38 0.8927388564438931 0.25700929078434775 0.4205179999989923
0.9162595512865883 10
0.9997067500621871 40
39 0.8830548846676068 0.253187231229871 0.43377820000750944
0.9374746212537503 10
0.9997078422850025 40
40 0.8727880020884513 0.2384014776143794 0.4133387999900151
0.914521282948688 10
0.9995142233774572 40
41 0.8642342858541077 0.23477565945477874 0.5170793000143021
0.9353552077482515 10
0.9996730722972248 40
42 0.8552017848424671 0.2220601021096636 0.4062345999991521
0.9100945096363634 10
0.9996287868729206 40
43 0.847115696714323 0.2181653061673225 0.41864600000553764
0.9258234909313198 10
0.9996609551847476 40
44 0.8375238456416986 0.20514846542474222 0.407824800000526
0.9245603923449761 10
0.9998022017758482 40
45 0.8305583690740301 0.20193488634814094 0.4164998999913223
0.9206689585969526 10
0.999805321607867 40
46 0.8235143635021456 0.19225652168982552 0.418172899982892
0.903883225008176 10
0.9999139226219242 40
47 0.8169027418816901 0.18863571486210998 0.4248096999945119
0.9281739818710858 10
0.9998907675574663 40
48 0.8103887093613914 0.18079115023725587 0.41250080001191236
0.9264501646570207 10
0.99996116837326 40
49 0.8047161644504538 0.17797421761991064 0.42871560002095066
0.9225314364522981 10
0.9999336744304171 40
50 0.7989395462498324 0.17047159106380708 0.42722799998591654
0.9386720303234523 10
0.9999712142904276 40
51 0.7940544928794887 0.16775380234612008 0.4243633000005502
52 0.46521665576885707
-------------------------------------------------END------------------------------------------------------
30
-------------------------------------------Classical LM---------------------------------------------------
396.8566704345139 420.1454991787514
0 396.8566704345139 420.1454991787514 0.8772563000093214
1 313.08286110220763 323.81904457068117 0.9280463000177406
2 207.94081242366138 215.8972007077384 0.8767345999949612
3 159.31768532901475 160.14109313442103 0.921781800017925
4 159.31768532901475 160.14109313442103 0.9689127999881748
5 87.0036070196065 85.81801828064367 0.9522943000192754
6 87.0036070196065 85.81801828064367 0.9430264999973588
7 87.0036070196065 85.81801828064367 0.8942530000058468
8 30.061412751707095 29.131516160527056 0.9738601999997627
9 30.061412751707095 29.131516160527056 0.9104697000002488
10 16.091866921176855 15.5585238756698 0.9984117999847513
11 16.091866921176855 15.5585238756698 0.8959793999965768
12 11.947907501171072 11.36034359510702 0.9562272000184748
13 5.022992403459623 4.3837605442171315 0.9128599000105169
14 4.424582218946873 3.6816852245355056 0.8969431000004988
15 4.424582218946873 3.6816852245355056 0.8709697000158485
16 2.5936954829345433 1.904420458831997 0.9331151000224054
17 2.5936954829345433 1.904420458831997 0.9052315999870189
18 2.167829536786713 1.5110252207913308 0.9582904999842867
19 2.1260476256007554 1.4637420150629141 0.8791871000139508
20 2.1260476256007554 1.4637420150629141 0.9285746999958064
21 1.6902483144182 1.0440347428397572 0.9430464999750257
22 1.6012625945075003 0.970899555098745 0.908109100011643
23 1.5767954840606468 0.9543141503709001 1.7111882999888621
24 1.5488509897518463 0.9413122066830442 0.9185403999872506
25 1.5488509897518463 0.9413122066830442 0.9710901000071317
26 1.5488509897518463 0.9413122066830442 1.0299796000181232
27 1.2444704698975477 0.6201077737004869 0.9796057000057772
28 1.1743807418862187 0.5556962882904015 0.8974280999973416
29 1.124945643902975 0.5034904395874195 0.9384851999930106
30 1.0789197494414824 0.4564115464607964 0.9554831999994349
31 1.0789197494414824 0.4564115464607964 0.9527915999933612
32 1.0177321042058831 0.39013256089267506 1.0174764999828767
33 1.0037172141494701 0.38223574792820625 0.9289797999954317
34 1.0037172141494701 0.38223574792820625 0.919730299996445
35 0.9569864586423853 0.33241610615196837 1.100807500013616
36 0.94581078317006 0.32628070051024827 0.9013898999837693
37 0.94581078317006 0.32628070051024827 0.910162100015441
38 0.9010964397801076 0.2792499691611909 1.00887980000698
39 0.8851699788851587 0.2659217015006758 0.88863499998115
40 0.8614005237841804 0.24303745430931825 0.856213499995647
41 0.8609037888906208 0.2504841749190804 1.253950399986934
42 0.9612951952384763
-------------------------------------------------END------------------------------------------------------
-------------------------------------------Krylov LM---------------------------------------------------
396.8566704345139 420.1454991787514
102
0 396.8566704345139 420.1454991787514 1.2795609000022523
1 313.1089660817088 323.8493935792736 0.048837499984074384
102
2 213.8585474753288 220.90518332685048 1.2764482999918982
102
3 82.47764761808337 76.98713737453545 1.2343897999962792
102
4 82.47764761808337 76.98713737453545 1.2844931999861728
5 82.47764761808337 76.98713737453545 0.07460799999535084
6 57.086792014056826 54.555987324536794 0.06550980001338758
102
7 57.086792014056826 54.555987324536794 1.222552799998084
8 25.370515284362504 26.05557341341547 0.07581010001013055
102
9 25.370515284362504 26.05557341341547 1.2440318999870215
10 14.679635869464104 15.153341539781122 0.06083660002332181
102
11 14.679635869464104 15.153341539781122 1.2421226000005845
12 9.250461282689189 8.843873699825973 0.07557280000764877
102
13 8.56885543688956 8.62133130164934 1.2171406999987084
102
14 5.425744427434698 4.826737548000206 1.2320318999991287
102
15 3.5012961103872016 2.815992736586137 1.2545449000026565
102
16 3.5012961103872016 2.815992736586137 1.2075913000153378
17 3.5012961103872016 2.815992736586137 0.05578280001645908
18 2.278019596541125 1.6849170367035002 0.0636571999930311
102
19 1.8048117306078122 1.1628949589849307 1.240612499997951
102
20 1.6903981124008665 1.0048284517979258 1.2375349999929313
102
21 1.6903981124008665 1.0048284517979258 1.2290149999898858
22 1.4591116789563707 0.787654160311196 0.056993800011696294
102
23 1.4591116789563707 0.787654160311196 1.2260920999979135
24 1.375941186323133 0.7102727519069068 0.06019010001909919
102
25 1.357762188442847 0.7127262731418704 1.1856978999858256
102
26 1.357762188442847 0.7127262731418704 1.2239371000032406
27 1.1998883199440167 0.558502799206813 0.07215639998321421
102
28 1.1387821427173062 0.5107285858642217 1.2750599999853875
102
29 1.0343608001941464 0.4112441385604443 1.222508500010008
102
30 1.0343608001941464 0.4112441385604443 1.2379995000083
31 0.9789736451811939 0.35865296166869975 0.048873000021558255
102
32 0.9634848717762999 0.34658120803364273 1.220325900008902
102
33 0.9562517869482171 0.3422370749152613 1.2189518999948632
102
34 0.9145330345728071 0.3050144203898905 1.2299053999886382
102
35 0.8668622803003551 0.2475187451640108 1.2063568999874406
102
36 0.8619771778316768 0.2694474612122774 1.234150000003865
37 0.8551860567570878
-------------------------------------------------END------------------------------------------------------
------------------------------------Reduced subspace LM---------------------------------------------------
396.8566704345139 420.1454991787514
0.989724921451827 10
0.9999952566654663 40
0 352.78832608040256 369.9296861060839 0.42246699999668635
0.943054238862928 10
0.9999642809969503 40
1 331.17754475057774 340.2355975302026 0.8234894999768585
0.7373213466143226 10
0.9993850137844481 40
2 176.44857125792296 179.82472332112437 0.43206049999571405
0.9057278999272004 10
0.9997160178105713 40
3 127.18814279894293 128.15774952700792 0.45062119999784045
0.9837643817534797 10
0.9997499583340888 40
4 34.357963285095714 34.39831021795132 0.42622100000153296
0.9173962723139051 10
0.9999001952312574 40
5 12.223071705225488 11.625855001787789 0.45779009998659603
0.9591646108649601 10
0.9998795833757157 40
6 8.15844819804703 7.662889071245526 0.6643777999852318
0.9308988101333359 10
0.9993621788782303 40
7 3.717101220921325 2.866972672178402 0.7006000999826938
0.8124853224406398 10
0.9996835629335838 40
8 3.6550544590619407 2.986784640554485 0.5301448999962304
0.9062318621104474 10
0.9999602250891644 40
9 2.5269550915182823 1.8577894200623006 0.4377925000153482
0.9094319433592847 10
0.9998714339925101 40
10 2.397485935543766 1.817165741414625 0.4202432000020053
0.8574145600714602 10
0.9999467811820005 40
11 2.09879142317728 1.5039138768507838 0.4303012999880593
0.82490666172553 10
0.9999628609245409 40
12 1.9971796217320072 1.4004572607094283 0.431185599998571
0.9223183365389954 10
0.9999812013588483 40
13 1.830101054932874 1.2331093982950543 0.5667474999791011
0.7807172944723785 10
0.9999682608283876 40
14 1.784353673044473 1.1716319156326378 0.42034459998831153
0.9334362786846452 10
0.9999832840708299 40
15 1.6376297741520442 1.054163927484779 0.5099101999949198
0.8310258351406702 10
0.9999733989180307 40
16 1.6053953215719907 0.9804922469032985 0.42264060000889003
0.9240746845733702 10
0.9999777585254227 40
17 1.4708640030047793 0.8826373862547304 0.45183589999214746
0.8519849304481569 10
0.9999774096531678 40
18 1.3984222616473425 0.7611470297086591 0.46021019999170676
0.8794826920671717 10
0.9999677099163384 40
19 1.2934186334698268 0.6969963222183366 0.4533831999870017
0.8065083664355053 10
0.9999749838584666 40
20 1.2143849881204514 0.5760961835029409 0.6248972000030335
0.7181306304003524 10
0.9998432844339918 40
21 1.1373791628496357 0.5383570838953972 0.527352199977031
0.7269851457949188 10
0.9999228733688584 40
22 1.0793425201968152 0.4433180059673974 0.4420657000155188
0.7651325471972664 10
0.9999639717962041 40
23 1.0305268167370591 0.41930849102071266 0.4186143999977503
0.9328766513718694 10
0.999969517518784 40
24 0.9910608373553838 0.35451295204882394 0.42000779998488724
0.8944867135832439 10
0.9999804720748386 40
25 0.9580942148428914 0.3391074968590619 0.42140500000095926
0.9729680820629736 10
0.9999760045410074 40
26 0.9271398943965076 0.2928958094161775 0.4237977000011597
0.8518532239386101 10
0.9999697224248736 40
27 0.9037944237820812 0.2791276122941472 0.41684809999424033
0.9774159601218816 10
0.9999802226883961 40
28 0.8798666178922832 0.2478832828398234 0.5331715999927837
0.8555133008563992 10
0.9999461741324851 40
29 0.8620557878933852 0.23610328433490102 0.4325544000021182
0.983481098736358 10
0.9999775521567906 40
30 0.8443142453713727 0.21217832149675567 0.418215700017754
0.8559236541713283 10
0.999926806468472 40
31 0.8304081422705254 0.20393916967656817 0.5050102999957744
0.9769284852607346 10
0.9999778208000215 40
32 0.8169596536165853 0.18606665879744405 0.4267785999982152
0.8462306257733516 10
0.9999354331574594 40
33 0.805102118499921 0.17751606251589064 0.41366330001619644
0.9754659947512542 10
0.9999808451807158 40
34 0.7941107952981096 0.16574540254276868 0.4262276999943424
0.7823370368990068 10
0.9997200350692433 40
35 0.7844766721359989 0.1577071549834925 0.4057776999834459
0.9420754695281842 10
0.9999758722380807 40
36 0.7760364728295163 0.14773770081783108 0.4731488000252284
0.6341847779829543 10
0.9993354597335332 40
37 0.7674041668730639 0.14252266013324333 0.40574309998191893
0.8894858022333868 10
0.9999781700518805 40
38 0.7597330284466834 0.13331846637019118 0.6026212999713607
0.6231485242392263 10
0.9991201684609733 40
39 0.753817934350712 0.1308669787468739 0.4461289000173565
0.8572256330641045 10
0.9999747342356493 40
40 0.7482672677748362 0.12244464583132068 0.6860653999901842
0.5535687046081388 10
0.9996740296952353 40
41 0.7422488401070143 0.11930012402295426 0.6860829000070225
0.8194236748138468 10
0.9999728022266976 40
42 0.7369577923420004 0.11243792783525901 0.42600149998907
0.5665191082715691 10
0.9999049215050769 40
43 0.7319047851243579 0.1089373165904584 0.43647640000563115
0.5429997003056665 10
0.9999095545379213 40
44 0.7272871647275301 0.10335123027525689 0.42542780001531355
45 0.4834766755520832
-------------------------------------------------END------------------------------------------------------
31
-------------------------------------------Classical LM---------------------------------------------------
413.90233862512184 431.039539378593
0 413.90233862512184 431.039539378593 0.8721713999984786
1 251.37804018012193 254.7350290944198 1.0135833999956958
2 251.37804018012193 254.7350290944198 0.9640427000122145
3 205.17677459043347 206.41265052558907 2.51185219999752
4 97.17582698484973 94.63611126202768 1.503057900001295
5 97.17582698484973 94.63611126202768 1.206949200015515
6 80.70311944298554 79.41756212175882 1.0004121999954805
7 47.504663451354766 49.074185311480804 0.9356722999946214
8 47.504663451354766 49.074185311480804 0.9755821999860927
9 47.504663451354766 49.074185311480804 2.0977892999944743
10 35.974242126697874 35.199467079157415 1.5072302999906242
11 12.8955253960795 12.573033669233263 1.2762485000130255
12 11.848419636358656 11.588822954122556 1.1587872999953106
13 11.848419636358656 11.588822954122556 0.922899299999699
14 6.2684083934268315 5.82437446749658 1.3573250000190455
15 6.2684083934268315 5.82437446749658 2.3032777000044007
16 2.973251657687057 2.3293270688166623 1.5914686999749392
17 2.84471172438392 2.333925967694482 1.4055946999869775
18 2.84471172438392 2.333925967694482 1.225483999995049
19 2.2399343321559018 1.6089720978780222 1.9691410000086762
20 2.1773504762046856 1.4898250670200823 1.1487803000200074
21 2.1773504762046856 1.4898250670200823 1.6932228000077885
22 1.720393442284622 0.9981203103768773 1.23942490000627
23 1.2821628042638553 0.6215393375964948 1.3683358000125736
24 1.269951549225021 0.5985497827635339 1.4478904000134207
25 1.1931253987159467 0.5926860774418649 1.2569790999987163
26 1.1840186864809712 0.5924695041723935 2.8099700000020675
27 1.0535094605838484 0.4388124346452264 1.62956950001535
28 1.0379217154404303 0.42979238178291324 2.441879299993161
29 1.0379217154404303 0.42979238178291324 1.485399500001222
30 0.8294682683670122 0.2235486322072237 1.1664242999977432
31 0.8105665050917435 0.2042781008697382 2.1368845000106376
32 0.7298486833059126 0.11804429705929385 1.5125723999808542
33 0.7298486833059126 0.11804429705929385 2.6277001000125892
34 0.6349429025793925 0.02265294145363386 2.2193421999982093
35 0.6326425150742462 0.02096671503470401 1.7143533999915235
36 1.5471471611122576
-------------------------------------------------END------------------------------------------------------
-------------------------------------------Krylov LM---------------------------------------------------
413.90233862512184 431.039539378593
102
0 413.90233862512184 431.039539378593 2.9334089000185486
1 251.36412657961398 254.7254028265115 0.11498919999576174
102
2 251.36412657961398 254.7254028265115 1.2018671999976505
3 205.7209944501709 207.1011390035961 0.058392299979459494
102
4 99.89074209734716 97.85757438538184 2.591024199995445
102
5 99.89074209734716 97.85757438538184 1.1897944000083953
6 99.89074209734716 97.85757438538184 0.046352699981071055
7 48.748498569457695 46.53834492553843 0.05133179997210391
102
8 43.64142391171678 45.765155888626815 2.5242792000062764
102
9 43.64142391171678 45.765155888626815 1.2408447000198066
10 19.62136019114508 19.982947194995585 0.0630617999995593
102
11 19.62136019114508 19.982947194995585 2.5817954000085592
12 8.630793868524243 7.927447029720605 0.09126679998007603
102
13 6.490397734490206 5.938115950165544 1.228148099995451
102
14 3.9532237676308664 3.211469342245886 2.426708900020458
102
15 3.9532237676308664 3.211469342245886 1.2330047999857925
16 3.2985743876582143 2.572816784934831 0.0602820000203792
102
17 2.927737016901875 2.284879297215907 2.540795500011882
102
18 2.522838651486638 1.8597028529227004 1.2344309999898542
102
19 2.522838651486638 1.8597028529227004 2.452124100003857
20 2.138721721920554 1.564016707748673 0.08188760001212358
102
21 2.044990360120112 1.4388858346350601 1.2280108999984805
102
22 2.044990360120112 1.4388858346350601 2.5513371000124607
23 1.6913901429719662 1.104192346077462 0.08297039999160916
102
24 1.6913901429719662 1.104192346077462 1.321436400001403
25 1.481570967527631 0.8887569544945293 0.06267849999130704
102
26 1.3233382588961773 0.7251363412083228 2.468968400004087
102
27 1.3233382588961773 0.7251363412083228 1.2322350000031292
28 1.2221021997372128 0.6218717737850659 0.06737750000320375
102
29 1.132595914517654 0.5280806049268482 2.27071809998597
102
30 1.0416961246842038 0.41814597916693025 1.2726448999892455
102
31 1.0189209193734603 0.37288155199093653 2.151061100012157
102
32 1.0189209193734603 0.37288155199093653 1.2157769000041299
33 1.0086640758430374 0.36560040455341153 0.056861699995351955
102
34 1.0086640758430374 0.36560040455341153 2.306892299995525
35 0.8956755438050586 0.2636514151141848 0.08739390000118874
102
36 0.8956755438050586 0.2636514151141848 1.239857699983986
37 0.8833693406021356 0.25498202947134213 0.06496309998328798
102
38 0.8720170293366521 0.24215148087385988 2.4584330999932718
102
39 0.8712399465002123 0.2368839214451795 1.293251400027657
40 1.2344664749994991
-------------------------------------------------END------------------------------------------------------
------------------------------------Reduced subspace LM---------------------------------------------------
413.90233862512184 431.039539378593
0.994350297115022 10
0 382.1479955733722 397.31517937768695 0.22501310001825914
0.9889314936684993 10
0.9999962950847074 40
1 320.6954185444989 331.3225697793708 0.45498710000538267
0.8875007461056276 10
0.9998940322681062 40
2 225.17894365217415 228.6846263695666 0.45843229998718016
0.835046660408014 10
0.9980034306261253 40
3 166.7656777182092 169.81872011887805 0.46380699999281205
0.5031085410504205 10
0.9967056264695813 40
4 116.07412278934167 119.30564237524298 0.5282918000011705
0.6737922193988636 10
0.9951219341170924 40
5 53.95958692794676 53.101897587854175 0.5194535000191536
0.8283899296112609 10
0.9999226429284117 40
6 26.97781489726877 24.213611561354206 0.4445277000195347
0.9772954362922728 10
0.9998694541782941 40
7 6.307002646386153 5.5774628964557875 0.46978220000164583
0.9823237930997464 10
0.9999374612469659 40
8 3.756674707926737 3.0206311354217634 0.4373148000158835
0.6666781199666477 10
0.9994784686671787 40
9 2.8231095719932444 2.1566499023480357 0.7659852999786381
0.8116466692092534 10
0.9995112319829949 40
10 2.4016967278182366 1.602026910746208 0.4090995999868028
0.9233821700046424 10
0.9998830925229133 40
11 1.915732654945206 1.2242106324343585 0.42519999999785796
0.9746083063668762 10
0.9999278794962785 40
12 1.7046890012172167 1.0394315338766937 0.41458219999913126
0.8616119777746477 10
0.9994034183662901 40
13 1.577930967860427 0.9345676426495827 0.4251661000016611
0.9406957194765885 10
0.9999422571387991 40
14 1.4875232466248043 0.8591659449442388 0.41013450000900775
0.8153742996818307 10
0.9998821559455427 40
15 1.418484110007208 0.7973906292604931 0.40696230001049116
0.8754857272710003 10
0.9999296870898329 40
16 1.360923641489751 0.7504805005708184 0.4339715999958571
0.8932441345280827 10
0.999942687444416 40
17 1.3115999114489905 0.6996918551521446 0.4226380999898538
0.3685347702690071 10
0.9989109698069767 40
18 1.2696988452817397 0.6630843222782169 0.4201770000217948
0.7548650426818797 10
0.9998569847499913 40
19 1.2305658716112433 0.6224404287140519 0.40385949998744763
0.4525306350588032 10
0.9998429777889165 40
20 1.198580987687512 0.5890097569638991 0.42204070001025684
0.593558749903853 10
0.9945859148993196 40
21 1.1696124860571497 0.5640830568078922 0.5106815000181086
0.520160547779268 10
0.9997999804349585 40
22 1.1462216509666183 0.5396460320454812 0.4133482000033837
0.6370468188174238 10
0.9991988286599699 40
23 1.122467692522348 0.5169733707619836 0.4142860000138171
0.7332599651813139 10
0.9999171072171312 40
24 1.1032311458500463 0.49845184671649967 0.41829580001649447
0.6934621602980217 10
0.9997910259274678 40
25 1.0815037891861228 0.4736319181641948 0.4303276000136975
0.7945208393455312 10
0.9998930251907816 40
26 1.0628992095392307 0.45731007789993977 0.4323378999833949
0.7466801074715615 10
0.9998384756987402 40
27 1.041385147880513 0.4322694975200136 0.41630260000238195
0.8435467280079489 10
0.999876629902417 40
28 1.0231631104150123 0.41323351048014517 0.5274285999767017
0.7441928894905705 10
0.9998206095487641 40
29 1.0023644935649514 0.3886274240605995 0.5296264000062365
0.8445811246170174 10
0.9998630074802219 40
30 0.9834224269308074 0.36866382550542165 0.4416105999844149
0.7338346094403218 10
0.9996215472408606 40
31 0.9620633174172559 0.34286081006801844 0.42748679997748695
0.7993091652408081 10
0.9998066162101941 40
32 0.9434118997857509 0.3241333140826681 0.4272001000063028
0.7511080509308218 10
0.9998231002518997 40
33 0.923386728756141 0.3016736056726785 0.44679309998173267
0.7229329654047771 10
0.999401638493875 40
34 0.9066900763999048 0.28704087347857365 0.5250221000169404
0.7010106428004346 10
0.9997470234660389 40
35 0.8892151950248645 0.26770910267972303 0.596789200004423
0.6366075811879387 10
0.997397815493768 40
36 0.8739093199763022 0.25425900712274424 0.41710549997515045
0.5636624005542135 10
0.9985927314789469 40
37 0.8571314031843482 0.23589856678939855 0.426766199991107
0.7039982709438054 10
0.999848237884098 40
38 0.843163659461948 0.22653742136720426 0.43157469999277964
0.7822781783111354 10
0.9998729215528817 40
39 0.8304141624242531 0.21062527973433848 0.5414498999889474
0.7816994915256302 10
0.9999391228737137 40
40 0.8186961542630227 0.20422598109673823 0.709136599994963
0.8407869356584047 10
0.9999355712272251 40
41 0.8073542253106738 0.18887853617710867 0.4159021999803372
0.8358220227589704 10
0.9999495274642014 40
42 0.797295842685432 0.18371097369129424 0.4580840000126045
0.8917873910228021 10
0.9999347122147187 40
43 0.7875444666402531 0.16963682259885884 0.4096205999958329
0.8580405488705878 10
0.9999435593403069 40
44 0.7790145059590644 0.16647252992085193 0.5388451000035275
0.894333477685423 10
0.9999415752019526 40
45 0.770676223855975 0.1542523431416891 0.3918707999982871
0.8764864824080286 10
0.9999507029705281 40
46 0.7630981989482639 0.15181144245047784 0.4402332000026945
0.928472702109743 10
0.9999311523679867 40
47 0.7563515953112324 0.14244944398897402 0.42713450000155717
0.8979332035202652 10
0.9999318807112615 40
48 0.7501064305782422 0.13939519170077527 0.43432580001535825
0.918589075179477 10
0.9999183976671057 40
49 0.7443538583379242 0.13163035959464325 0.5233325000153854
0.9102548769958669 10
0.9999596686813557 40
50 0.7391079591898002 0.1290792854525528 0.42514000000664964
0.901412150838781 10
0.9999203901772433 40
51 0.734567539596678 0.122394883654974 0.4297008999856189
52 0.45652279615415653
-------------------------------------------------END------------------------------------------------------
32
-------------------------------------------Classical LM---------------------------------------------------
385.5251338125567 404.317101961674
0 385.5251338125567 404.317101961674 0.9233593999815639
1 385.5251338125567 404.317101961674 0.9445878999831621
2 336.4711214491568 340.545822514304 0.992017799988389
3 295.52044397765127 309.6350380057356 0.9374476000084542
4 128.65776478247508 129.01081847234607 0.9327369999955408
5 128.65776478247508 129.01081847234607 1.0034401000011712
6 128.65776478247508 129.01081847234607 1.0271696000127122
7 51.68499445970652 52.94590924527204 1.1941194999963045
8 51.68499445970652 52.94590924527204 1.191531299991766
9 32.98494364459461 32.28159161847418 1.0473802000051364
10 31.995058281351415 29.356822718854243 0.9586399999971036
11 23.209074118335174 22.8039527607925 0.946826700004749
12 23.209074118335174 22.8039527607925 0.904173399991123
13 16.235862894076263 14.51132482457117 0.9550793999806046
14 16.235862894076263 14.51132482457117 0.9013608999957796
15 5.32985721726886 4.386422148889627 0.9694236000068486
16 3.412690918550318 2.423714613208123 1.1818204000010155
17 3.412690918550318 2.423714613208123 0.9933487999951467
18 2.5111540659558873 1.6395864075179816 0.9387435000098776
19 2.256675215577877 1.4520959475735802 0.9933635999914259
20 2.117929079562936 1.4063252768381842 1.078602099994896
21 2.117929079562936 1.4063252768381842 1.0871987999998964
22 1.5598487271287995 0.8688104132116479 0.9341934000258334
23 1.5197492580235958 0.8603802059886067 1.0560151999816298
24 1.5197492580235958 0.8603802059886067 1.6022660000016913
25 1.264612318037763 0.6225369328306528 1.0192663999914657
26 1.264612318037763 0.6225369328306528 1.0441985999932513
27 1.199768474244431 0.5736883154804093 1.0987817000132054
28 1.199768474244431 0.5736883154804093 0.8972212999942712
29 1.1719601235817285 0.5541038234603882 0.9986252000089735
30 1.1580534874549702 0.5391197384514528 0.9249623999930918
31 1.1580534874549702 0.5391197384514528 0.9852315000025555
32 1.1389963902769464 0.5260921365669117 0.9946712999953888
33 1.1264499785091815 0.5122173297055922 0.9109569999855012
34 1.1264499785091815 0.5122173297055922 1.0055154000001494
35 1.115290983180795 0.5046820208584597 0.914327400008915
36 1.1045715170422157 0.4929009910948819 1.017958299984457
37 1.098870961793832 0.4834683342133967 1.7942767000058666
38 1.098870961793832 0.4834683342133967 1.7449439000047278
39 1.0721431605341525 0.46217063192682806 1.0139011999999639
40 1.0627106681814567 0.45024378717334845 1.2151204000110738
41 1.0627106681814567 0.45024378717334845 1.1376056000008248
42 1.048133329129994 0.43866083075436835 1.0208648999978323
43 1.038123616004177 0.4271392887419835 0.9992132000043057
44 1.038123616004177 0.4271392887419835 1.099876199994469
45 1.0298147955172832 0.42043145566794937 0.9386788999836426
46 1.0208262193121735 0.4105936739711951 1.719318099989323
47 1.0127641407933075 0.40063814019916094 1.7293303000042215
48 1.0127641407933075 0.40063814019916094 1.3795603000035044
49 0.9940344657727784 0.38437942318813234 0.9757109000056516
50 0.9831521474437912 0.37284085627473196 0.9125539000087883
51 0.9818239647985805 0.37055839579220834 1.2085015999909956
52 1.0845388230753508
-------------------------------------------------END------------------------------------------------------
-------------------------------------------Krylov LM---------------------------------------------------
385.5251338125567 404.317101961674
102
0 385.5251338125567 404.317101961674 1.5492002999817487
1 385.5251338125567 404.317101961674 0.06387810001615435
2 336.471121450706 340.54582251573515 0.07376649999059737
102
3 295.01546484015506 309.16755930866043 1.758735399984289
102
4 124.04453729494941 122.2597217945035 1.2304400999855716
102
5 124.04453729494941 122.2597217945035 1.233428300009109
6 108.90056043864041 113.39652830100171 0.06348559999605641
102
7 108.90056043864041 113.39652830100171 1.211299799993867
8 69.62585183338945 69.16775075482589 0.07268340000882745
102
9 69.62585183338945 69.16775075482589 1.2222089000279084
10 43.98715849334877 42.199085995500496 0.05662399998982437
102
11 43.98715849334877 42.199085995500496 1.2151175999897532
12 17.97653467883708 16.389895797203803 0.06709160000900738
102
13 11.616267490014469 10.448327847592761 1.2299398999894038
102
14 6.405001473593645 5.45040053564393 1.2503748999733943
102
15 6.405001473593645 5.45040053564393 1.229763399984222
16 5.3478678840297755 4.666340957672428 0.07509910000953823
102
17 2.6646352150938433 2.133073604049623 1.3276130000012927
102
18 2.6646352150938433 2.133073604049623 1.2346057000104338
19 1.7661912855529398 1.1247769182321017 0.056777299992972985
102
20 1.604772200659295 0.9564006958801704 1.2255164999805856
102
21 1.604772200659295 0.9564006958801704 1.216324800014263
22 1.249467924402664 0.6381083146876226 0.058344899996882305
102
23 1.1606720579874334 0.5495837706895178 1.6861490000155754
102
24 1.124109503268189 0.5239711097924336 1.2134321999910753
102
25 1.124109503268189 0.5239711097924336 1.6728857000125572
26 1.124109503268189 0.5239711097924336 0.0652051999932155
27 0.9408765420086653 0.3343811051378943 0.06380619999254122
102
28 0.9241897557909727 0.31902390373560285 1.216544700000668
102
29 0.9216621588919081 0.3152927998204326 1.5041018000047188
102
30 0.8909722857228195 0.27876329545328393 1.2466494999825954
102
31 0.8342133946218786 0.2192037148780226 1.254889399977401
102
32 0.8342133946218786 0.2192037148780226 1.1874690999975428
33 0.7565609408723728 0.14475199056789353 0.046569199999794364
102
34 0.7370696895382811 0.12508346889696778 1.71097300000838
102
35 0.7241939967180854 0.1098112459594939 1.2296090999734588
102
36 0.7241939967180854 0.1098112459594939 1.664174900011858
37 0.7141963312412709 0.10042078041332243 0.06930660002399236
102
38 0.7061814506466165 0.09312643077965936 1.2305008000112139
102
39 0.7061814506466165 0.09312643077965936 1.704572199989343
40 0.7008942151718304 0.08694068912144774 0.06815489998552948
102
41 0.6955111716991603 0.08319241065424102 1.2267487999924924
102
42 0.6955111716991603 0.08319241065424102 1.5746350999979768
43 0.6911674485521924 0.07747350895310266 0.07503450001240708
44 0.9189484318161373
-------------------------------------------------END------------------------------------------------------
------------------------------------Reduced subspace LM---------------------------------------------------
385.5251338125567 404.317101961674
0.9940682088401512 10
0 357.69237976867595 373.5389524916017 0.10548160001053475
0.9929236413144594 10
1 317.9481839619684 329.13257433220764 0.09455680000246502
0.9895546955846832 10
0.9999950748954038 40
2 293.8853794233931 303.0419887055005 0.42286640001111664
0.7952076036813422 10
0.9972773295440419 40
3 147.65138320424956 146.66764047587108 0.4111743000103161
0.803723834242449 10
0.9804538372912527 40
0.9974606950293617 70
4 134.544569802382 130.76055435278695 0.9691311999922618
0.9501669454572917 10
0.9992424008908879 40
5 63.11729830818806 61.67869850859878 0.4464500999893062
0.9449922757166538 10
0.9990183643257102 40
6 46.17626167367869 43.80995913746819 0.4452047999948263
0.9357238666796022 10
0.9995814877254293 40
7 20.764905727479565 20.792303254528417 0.4187949000042863
0.9872521623541766 10
0.9998183339120593 40
8 8.033110547524878 7.338949074479516 0.43444650000310503
0.957143170545969 10
0.9980147501938103 40
9 5.827142053979533 5.3188151403619415 0.542510700004641
0.9895083033626693 10
0.9999206896928026 40
10 3.229816590802628 2.4677518820463558 0.5074406999920029
0.7698079293151426 10
0.9998127447807754 40
11 2.921684004693187 2.238345126151742 0.44159259999287315
0.8976705395853604 10
0.9999318856957471 40
12 2.463939513943632 1.8345876620959543 0.43046100001083687
0.9690523172792653 10
0.999922229277435 40
13 2.364855450888836 1.7403858991862362 0.42027210001833737
0.8792480498049331 10
0.9999640636153336 40
14 2.06833896604579 1.417666095347114 0.42485369998030365
0.9466155228106887 10
0.9999519214549634 40
15 1.9743908212644186 1.3493876648391643 0.4103811999957543
0.8961541376034099 10
0.9999439613953442 40
16 1.8689696008123864 1.2250183935768217 0.40421899998909794
0.9331063799732904 10
0.99989285482048 40
17 1.7996406687321613 1.1504062989989567 0.4223788999952376
0.9418412249835595 10
0.9999303842527245 40
18 1.742596244511375 1.1126008637111406 0.4484584000019822
0.9422013682153084 10
0.9999086254900484 40
19 1.6769761175178588 1.032387062481021 0.41704509998089634
0.9378551063533159 10
0.9998969202637864 40
20 1.608726112473557 0.9890926479336918 0.42083489999640733
0.9355624965562376 10
0.9998045593876868 40
21 1.5769037318397607 0.9185404268737769 0.5595278999826405
0.9391517037507697 10
0.9996610229724237 40
22 1.5048220603460238 0.8926023973333193 0.5354915000207257
0.9440381503745656 10
0.9997915766739531 40
23 1.4551358561817438 0.7882962326963159 0.4189098999777343
0.9435900172487275 10
0.999706305061653 40
24 1.385534394066428 0.7594909793720085 0.435358200018527
0.9447475163466904 10
0.9995845689950739 40
25 1.3344927630735164 0.6634353300246981 0.4379788000078406
0.9506208514918589 10
0.9998738864102099 40
26 1.2782247089209988 0.6419367368453853 0.41670490000979044
0.9463845185932818 10
0.9996250425097783 40
27 1.2265992510137926 0.5576299035840976 0.4441800999920815
0.9476861378356766 10
0.9999064627332692 40
28 1.1816445035293202 0.540505454968676 0.44126600000890903
0.9463450281538892 10
0.9995792254734668 40
29 1.1383896225344279 0.47481513144626597 0.4235208999889437
0.9363773115628391 10
0.9998926964068181 40
30 1.1011244737201147 0.45780672030502445 0.9358437999908347
0.9454296935040378 10
0.999489384162789 40
31 1.0655799887259914 0.40696850141743923 0.427422500011744
0.8959178371623153 10
0.9996474660273619 40
32 1.0362539715226557 0.39107491409621137 0.9307597000151873
0.9513694277616276 10
0.999733718902617 40
33 1.0071185999731602 0.35256124329792143 0.43890840001404285
0.8568172843956253 10
0.999746306141167 40
34 0.9841794483488923 0.3400355704343077 0.8527369000075851
0.952596027549506 10
0.9998737697479472 40
35 0.9637243404836586 0.31116952040830165 0.4575806000211742
0.8163271068215789 10
0.9998923523127862 40
36 0.9467367869677286 0.30406852412468377 0.5613720999972429
0.9388753927583495 10
0.9998623995637447 40
37 0.9305341424279235 0.28128028848560416 0.46394990000408143
0.8555740238312732 10
0.9999160753938293 40
38 0.9165039684830859 0.2742428627846894 0.44099539998569526
0.9258632619253905 10
0.9998406403989802 40
39 0.9032524253463214 0.2568938827882971 0.4445372000045609
0.8776583665735138 10
0.9999386395336716 40
40 0.8916692819331115 0.24999597263588436 0.43696510000154376
0.9070125160958914 10
0.9997604848349798 40
41 0.8810199959520479 0.23699171469988453 0.43585190002340823
0.8867655613793507 10
0.9999524914726186 40
42 0.8712718201972545 0.23067794530304161 0.46090230002300814
0.8839398224871663 10
0.9994288936887554 40
43 0.8624727131789314 0.22027984079031834 0.40946850000182167
0.8942826265464532 10
0.9999690215707047 40
44 0.8542435877903297 0.21445742710277255 0.44438269999227487
0.8563940043415733 10
0.9994846284875772 40
45 0.8466080306284944 0.2064477522231942 0.5615737999905832
0.9106717671104723 10
0.999965730460158 40
46 0.8396174360899671 0.2009670693522273 0.4449291000200901
0.835835610913761 10
0.9996426634169969 40
47 0.8331733232488132 0.19494594293999962 0.4595291999867186
0.903743086158829 10
0.9999559035456217 40
48 0.8270599700631325 0.1897797304318863 0.4205161999852862
0.7894846948682438 10
0.9997489303402246 40
49 0.8212337564798928 0.18453508714075234 0.4496503999980632
0.8868584714285042 10
0.9999594428640084 40
50 0.8156629082687724 0.17967327987702306 0.4650621000037063
0.7498445470478463 10
0.9998218469244726 40
51 0.8103233474791334 0.17504804741914162 0.46363519999431446
0.8565438988873346 10
0.999957316664444 40
52 0.8052189568605242 0.16984958579337162 0.5318292000156362
0.7221887368753249 10
0.9999078439677546 40
53 0.8003467788004044 0.16675886689965874 0.43223370000487193
54 0.4726320185199492
-------------------------------------------------END------------------------------------------------------
33
-------------------------------------------Classical LM---------------------------------------------------
400.9202358789573 420.55868752617425
0 400.9202358789573 420.55868752617425 0.9082753999973647
1 304.40803124540855 304.4642915452612 1.0879634999728296
2 304.40803124540855 304.4642915452612 0.9549106000049505
3 283.02004510851253 288.59064668268707 1.0201221000170335
4 178.4375704615621 179.37457754274016 0.8590253999864217
5 178.4375704615621 179.37457754274016 0.9307795999920927
6 97.34912656717131 97.36493393662703 0.906815700000152
7 97.34912656717131 97.36493393662703 0.8441177000058815
8 50.491732532978794 50.77513918528875 0.9686955999932252
9 50.491732532978794 50.77513918528875 0.9249695000180509
10 50.491732532978794 50.77513918528875 0.930162599979667
11 26.79348560739865 27.836104714589165 0.9862158999894746
12 19.685038828315424 20.19839692308034 0.8968407999782357
13 12.589316060783435 12.129711750152756 0.8760863000061363
14 12.589316060783435 12.129711750152756 0.8356518000073265
15 8.077828578282439 7.757830229750308 0.8740916999813635
16 6.004956119667137 5.461096541655425 0.8636401000258047
17 6.004956119667137 5.461096541655425 0.8853073999925982
18 4.558210424787533 3.86955385107678 0.9826524000091013
19 4.07723156192535 3.489385970023761 0.90503950000857
20 3.8751861998792854 3.2182132801423466 0.9116670000075828
21 3.8751861998792854 3.2182132801423466 0.860136400006013
22 2.3568826633223967 1.7469357111678312 0.9901126000040676
23 2.162247814473893 1.5093181561833584 0.9518976000254042
24 1.9913544804681442 1.351794326321379 0.8713644999952521
25 1.9913544804681442 1.351794326321379 0.9487403000239283
26 1.2607769041255923 0.6523201208168061 0.9507375000102911
27 1.1970104103132508 0.5991885465148873 0.9385495000169612
28 1.1970104103132508 0.5991885465148873 1.0463707999733742
29 1.013063489193318 0.41174364391891877 1.7596404000069015
30 1.013063489193318 0.41174364391891877 0.9668438000080641
31 0.9709910310319055 0.36862004245218416 1.7812054000096396
32 0.9388683822420849 0.33394875765424314 1.4998626000015065
33 0.9208499559028805 0.31348664269442483 0.922654900001362
34 0.8576867673651661 0.250928698457346 0.8517258000210859
35 0.8576867673651661 0.250928698457346 0.9661447000107728
36 0.809874335736414 0.20686822461310272 1.2174779000051785
37 0.794158367397459 0.1937562382151271 0.928022800013423
38 0.794158367397459 0.1937562382151271 0.8864874999853782
39 0.7721789984924604 0.17177448186604788 1.6933149000105914
40 0.7600349757626561 0.1605952535111197 0.931355300010182
41 0.7600349757626561 0.1605952535111197 0.9277215999900363
42 0.7490007345728753 0.14995390312143972 0.96691779998946
43 0.7400809765187554 0.14118438228483682 0.9461846999765839
44 0.7400809765187554 0.14118438228483682 0.9443494000006467
45 0.733505718589881 0.13537558941696706 0.9267621999897528
46 0.7265500920709488 0.12797012748902328 0.8807306000089739
47 0.720496480299422 0.11937933038725161 0.8984931999875698
48 0.720496480299422 0.11937933038725161 0.9088905000244267
49 0.7101096661425153 0.11008337428304028 0.951279999979306
50 0.7044704199050409 0.10245833979886192 1.014854099979857
51 0.7017183286320604 0.09647333236112755 0.8790147000108846
52 0.9915552807702065
-------------------------------------------------END------------------------------------------------------
-------------------------------------------Krylov LM---------------------------------------------------
400.9202358789573 420.55868752617425
102
0 400.9202358789573 420.55868752617425 1.2411724000121467
1 304.40310012604516 304.460268476721 0.07486390002304688
102
2 304.40310012604516 304.460268476721 1.2219107999990229
3 282.94960597232694 288.44958410069626 0.05499470001086593
102
4 175.97989565378157 177.8077148980695 1.2279538000002503
102
5 135.27081158233358 139.18318199278357 1.223635500005912
102
6 135.27081158233358 139.18318199278357 1.2401030999899376
7 135.27081158233358 139.18318199278357 0.062397200003033504
8 54.501922255886335 55.86601802174203 0.05083670001477003
102
9 54.501922255886335 55.86601802174203 1.4542354000150226
10 54.501922255886335 55.86601802174203 0.08488680000300519
11 43.498191580595154 46.7605858054034 0.08090070000616834
102
12 23.027564033270814 21.907260334124803 1.7314188000163995
102
13 13.900955720553652 13.915766627058835 1.220696099975612
102
14 13.900955720553652 13.915766627058835 1.2425749999820255
15 6.9195160499818 6.128285475443946 0.06349560001399368
102
16 5.457346304148076 4.754771101275729 1.2507923999801278
102
17 5.457346304148076 4.754771101275729 1.676081699988572
18 4.7185303724533085 4.017876849771265 0.08762830001069233
102
19 4.247298572114148 3.533464370109802 1.9724450999929104
102
20 3.9852119863241415 3.229076218815328 2.028630799992243
102
21 3.9852119863241415 3.229076218815328 1.696332399995299
22 3.4095965493222247 2.713549608814392 0.08163319999584928
102
23 3.4095965493222247 2.713549608814392 2.120349900011206
24 3.2028587371052635 2.581798826547575 0.06397240000660531
102
25 3.0926582469347386 2.431554942812381 1.9182890999945812
102
26 3.0926582469347386 2.431554942812381 2.0165105999913067
27 2.961604569475334 2.3378584139359844 0.08262979998835362
102
28 2.8609497211076365 2.225649575219033 1.9856134000001475
102
29 2.7141867360238017 2.116095292246621 1.5843595000042114
102
30 2.7141867360238017 2.116095292246621 1.2600506999879144
31 2.616762841950092 2.001623361948348 0.05847619997803122
102
32 2.545157155080526 1.9602682868777748 1.2604987999948207
102
33 2.545157155080526 1.9602682868777748 1.3873852000106126
34 2.4499093656474664 1.821135809556527 0.0654289000085555
102
35 2.3873768499246553 1.783517776840495 1.2437451000150759
102
36 2.3603504133046203 1.79759633040832 1.2609864000114612
102
37 2.3603504133046203 1.79759633040832 1.2683847000007518
38 2.153628133075618 1.5508675855856269 0.07378189999144524
102
39 2.059175488899927 1.4814210965615966 1.2538005000096746
102
40 2.0014551316306517 1.4158377649926488 1.3981728999933694
102
41 2.0014551316306517 1.4158377649926488 1.3602242000051774
42 2.0014551316306517 1.4158377649926488 0.07471740001346916
43 1.7952288846243734 1.2103012134212867 0.0571689999778755
102
44 1.7915151630661683 1.185598516599506 1.2951831000100356
45 0.981318891111813
-------------------------------------------------END------------------------------------------------------
------------------------------------Reduced subspace LM---------------------------------------------------
400.9202358789573 420.55868752617425
0.9914993862307064 10
0 370.30338475557477 387.5437029663704 0.1339480999740772
0.9937589444279155 10
1 325.97373133612376 338.9600470598789 0.12441920000128448
0.9949686981391803 10
2 276.68054406528773 284.4323150003728 0.1017338999954518
0.9800545647863016 10
0.9999981582637201 40
3 274.4638684764949 278.00897247138573 0.7435789000010118
0.8591087344605772 10
0.9998157819487592 40
4 256.6916455256765 259.6034914097327 0.5673662000044715
0.8259784952880457 10
0.9983595656849332 40
5 204.98409796487593 205.13382114707198 0.6507584000064526
0.4408470423947829 10
0.980574186035146 40
0.9959214870665476 70
6 112.36489090983227 113.56998272133642 0.8232392999925651
0.8817879904241612 10
0.9890047777775219 40
0.998557257724722 70
7 58.96342864169062 58.07061239717456 1.2455700000282377
0.9123072091016157 10
0.9978188648103375 40
8 27.304919495308503 25.14395800181089 0.4356293000164442
0.9517474710632332 10
0.9997420691531852 40
9 10.781575944023785 9.943359223168944 0.4502988000167534
0.9701688815702344 10
0.999872287930859 40
10 7.284287228178417 6.293534213378847 0.4658783999911975
0.9429105524881793 10
0.9998895027843793 40
11 6.018660282470909 4.913062473409759 0.4194265999831259
0.9497802858451645 10
0.999805719491117 40
12 5.166356980839351 4.0303231908550945 0.4516386000032071
0.9742358728899558 10
0.9999668478588777 40
13 4.729868725062137 3.612403286084929 0.4383431999885943
0.9581653926279313 10
0.9999651032035237 40
14 4.337996137286048 3.304641687069388 0.4344091000093613
0.9544650796185995 10
0.999965725898406 40
15 4.028056087792183 2.9967860546878207 0.5403017000062391
0.9071769250317774 10
0.9999771249158359 40
16 3.852506199440994 2.928074694970226 0.43151679998845793
0.9457452437178824 10
0.9999586497131961 40
17 3.5941569241195217 2.633671947021615 0.42891710001276806
0.8853176062155256 10
0.9999265668143962 40
18 3.4332238019497656 2.53256950831729 0.45714320000843145
0.9372808063864104 10
0.9999552606125878 40
19 3.249203041976431 2.3391611132576657 0.4420883000129834
0.871445425335184 10
0.9998850198155657 40
20 3.1325328968351425 2.277500158644825 0.5968625000095926
0.9296793541982266 10
0.9999662242310651 40
21 3.0042412412270125 2.1322830982850474 0.6771446999919135
0.8954247043412171 10
0.9999587992481335 40
22 2.9116738286581434 2.0943784178820506 0.6264890999882482
0.9048118324303801 10
0.9999103138639689 40
23 2.8057187953198763 1.9464848221919497 0.41188460000557825
0.899026791771947 10
0.9999592587039372 40
24 2.7253313261363252 1.9233018375017723 0.7115444999944884
0.914789151612232 10
0.9998632223065341 40
25 2.6257984616535377 1.7787713973859187 0.40938090000418015
0.9251023465260297 10
0.9999756932504857 40
26 2.553705034567935 1.761555221834746 0.43969579998520203
0.9335923673949249 10
0.9999179979301565 40
27 2.4693580016276053 1.6296187301913456 0.43661839998094365
0.9259084296030073 10
0.9999771668425761 40
28 2.4058786676005344 1.6362601993663015 0.43887750001158565
0.9545722745392387 10
0.9998773607024113 40
29 2.3350549129855613 1.5131208950458173 0.42882520001148805
0.9447992062959236 10
0.9999894225785342 40
30 2.2782303085595244 1.5113847343522029 0.43987150001339614
0.9486198818212386 10
0.9999689023772442 40
31 2.219903529607307 1.4074081152977787 0.4135181999881752
0.8922163880867239 10
0.9999760212814239 40
32 2.171269651310571 1.4136110178094425 0.4066105999809224
0.910926081532217 10
0.9999361554028591 40
33 2.122159540225762 1.333282867926226 0.5348675999848638
0.8615935729848745 10
0.9999284387610046 40
34 2.077106671422561 1.3346242883768533 0.4266883000091184
0.8881071136238821 10
0.9999736526694867 40
35 2.030923191659023 1.2630823321685467 0.43962990000727586
0.8902931433885749 10
0.9999018982094414 40
36 1.9890105905694182 1.2588152038257046 0.4284730000072159
0.8656579806274494 10
0.9999736899772634 40
37 1.9464623360071185 1.1991963537125658 0.4116009999997914
0.847391234129538 10
0.9998662256860186 40
38 1.9058380267062107 1.1869198417436002 0.4024550000031013
0.8495430804615726 10
0.9999822269102333 40
39 1.8651451239979429 1.1389569932079306 0.5430475000175647
0.8476596772753435 10
0.9998595986148339 40
40 1.8229171738055079 1.1187976095341605 0.4231271000171546
0.8450966051355508 10
0.9999496969850236 40
41 1.7817109666591 1.0749461021069977 0.5056680999987293
0.8522925668943024 10
0.9998194241355168 40
42 1.7387041176139149 1.0482630136066726 0.5432498999871314
0.8345257454638711 10
0.9998244616928443 40
43 1.6963079229332307 1.0056432524648724 0.4552403999841772
0.8189313514140655 10
0.9997737801592473 40
44 1.6543064776874132 0.9754516353652607 0.4579510999901686
0.7851822267173294 10
0.9998141277733211 40
45 1.6123838594014657 0.9348572316637876 0.9297119000111707
0.7648105264674567 10
0.9996509049626626 40
46 1.5700982344409797 0.8991361087803521 0.44379389999085106
0.764734008765502 10
0.9998784893858262 40
47 1.5270081131382423 0.8557155195837349 0.4064201999863144
0.7784932482025166 10
0.9999561588166656 40
48 1.4840652682155018 0.8189462841163909 0.4207955000165384
0.7954343813539266 10
0.9999403329145096 40
49 1.4376865795811657 0.7663590416495506 0.40760159998899326
0.8714297167917425 10
0.9999750204554244 40
50 1.3959535777354737 0.7324588239762847 0.5111788999929558
0.8191589379893846 10
0.9999564944301241 40
51 1.3509324189725267 0.6838953234141134 0.4252291000157129
0.8726114202374268 10
0.9999731584935694 40
52 1.317971452970545 0.6485160795642958 0.4286738999944646
0.7727996871737246 10
0.9999706821186599 40
53 1.2734780357868594 0.6062518363678874 0.5253870000015013
0.831407721642689 10
0.9999638371248007 40
54 1.2405384827543442 0.5710671650371528 0.4265941999910865
0.7897994584852205 10
0.9999821357541139 40
55 1.196537440757081 0.5309795612514993 0.4187023999984376
0.8477111464202489 10
0.9999762075110513 40
56 1.16748972099578 0.5082662442364517 0.4344600000185892
0.7496188531413013 10
0.9999879221792595 40
57 1.1348563176017594 0.4760458478141459 0.43036910000955686
0.8448071524314791 10
0.9999807022631942 40
58 1.1083185103511213 0.4583332430217185 0.4273623999906704
0.8465960136919752 10
0.9999915833576148 40
59 1.0817274996844186 0.4301184259904001 0.42776609997963533
0.8834085429248566 10
0.9999841552978229 40
60 1.0599781953290788 0.41925509637470526 0.42910849998588674
0.905272055767797 10
0.9999921096714581 40
61 1.0407886654825884 0.3944855145553223 0.4188962000189349
0.877284264434012 10
0.9999865507362407 40
62 1.0236579966961443 0.3866054179871245 0.4094333999964874
0.8765550382468419 10
0.9999909625642842 40
63 1.0086739588079303 0.3676954154959694 0.42145500000333413
0.8374318957277465 10
0.9999888487841071 40
64 0.9954550234061553 0.359939936349259 0.4256085999950301
0.8004467844404801 10
0.9999884606819479 40
65 0.9823237497583712 0.3447243756976265 0.4269491999875754
0.7293238778361858 10
0.9999861113597476 40
66 0.9707784760152044 0.3377727743738492 0.431332799984375
0.812526694417739 10
0.9999898445180118 40
67 0.9607761012010116 0.3245589240006132 0.5360497999936342
0.5020174762935631 10
0.9996809177016596 40
68 0.9515033990649996 0.31995448534855914 0.4396212999999989
0.7455570589531143 10
0.9999848732982529 40
69 0.9431330429546259 0.3084183321173497 0.4228612000006251
0.5364371311263566 10
0.9999628301979127 40
70 0.9354162308149786 0.3057346183303391 0.4380640999879688
0.7385344869920903 10
0.9999535742819574 40
71 0.9270511255593741 0.29375904665945607 0.6334457000193652
0.618507299406678 10
0.9999845246733678 40
72 0.9193027955661306 0.29256793587287494 0.7435161000175867
0.7986749335464641 10
0.9999718801373773 40
73 0.9117197304242051 0.2825087886215226 0.4256199999945238
0.7514416254385983 10
0.9999880104880099 40
74 0.904396148130405 0.2794532085130896 0.5352564000058919
0.6909264820780733 10
0.9999483056886557 40
75 0.8981532531422399 0.270626245813955 0.4405016000091564
0.8099007902647715 10
0.9999918525448686 40
76 0.892451990765968 0.2684918909358424 0.9510918000014499
0.6951959437830593 10
0.9999288824376891 40
77 0.8868526869995192 0.2596620432413586 0.5586075999890454
0.7969589518494811 10
0.9999901088767867 40
78 0.88140697733985 0.2582452206893218 1.0511414000065997
0.6279300001131513 10
0.999917067382075 40
79 0.8758992142784302 0.24937363074407418 0.4165991999907419
0.7945495317829249 10
0.9999904953230214 40
80 0.8708167578074612 0.24829846935202762 0.4391646000149194
0.6199922733520723 10
0.9996965864901304 40
81 0.86588057657977 0.24081992057789067 0.5206342999881599
82 0.4923723475608645
-------------------------------------------------END------------------------------------------------------
34
-------------------------------------------Classical LM---------------------------------------------------
387.60928177223514 406.5809241125176
0 387.60928177223514 406.5809241125176 0.8195982000033837
1 387.60928177223514 406.5809241125176 0.7978638999920804
2 276.40417686281165 280.64097582038175 0.7441856999939773
3 276.40417686281165 280.64097582038175 1.7362626000103774
4 276.40417686281165 280.64097582038175 1.7987920000014128
5 276.40417686281165 280.64097582038175 1.0347661999985576
6 252.36013982514902 255.46673087565026 1.8954692000115756
7 89.23525502004435 86.87163115329987 1.7908304000011412
8 36.104278322027504 33.782258811010934 2.6056292000139365
9 13.712399826067776 11.926858745679725 2.3335502999980235
10 13.712399826067776 11.926858745679725 1.7862205999990692
11 6.500832992249122 4.989509748438923 2.4819414999947185
12 4.28975216765551 3.2799736329235785 1.543554400006542
13 2.9592776289492404 2.2852098824829463 0.9369987999962177
14 2.682117069412274 1.9981852646171392 0.8718330999981845
15 2.682117069412274 1.9981852646171392 0.8570763000025181
16 1.3116565435901975 0.6603702219655919 1.1897138999920571
17 1.3116565435901975 0.6603702219655919 0.9730577999871457
18 1.172857285871412 0.5289118578644698 1.8008362999971723
19 1.0992243872379208 0.4653766477833547 0.9366192000015872
20 1.0277467697367768 0.4132180847599784 0.959001699986402
21 0.8938477227488932 0.28773912610124086 1.1001697999890894
22 0.8938477227488932 0.28773912610124086 1.1741362000029767
23 0.8049152152691607 0.19874419221665052 1.330526000005193
24 0.8049152152691607 0.19874419221665052 1.7243234000052325
25 0.7612068572775704 0.15443172449852374 2.3430186999903526
26 0.7487188615384226 0.14288206533271522 1.971386999997776
27 0.7349417774377514 0.1297975690149471 2.385905200004345
28 0.7214486513754782 0.11809814292514084 1.2325734999903943
29 0.7214486513754782 0.11809814292514084 0.8993330000084825
30 0.684972484976713 0.07621260513458755 2.479043300001649
31 0.6771380839613166 0.06745467704385438 1.7137783000071067
32 0.674149279268335 0.06363161881719892 0.9668510999908904
33 1.4913589939387748
-------------------------------------------------END------------------------------------------------------
-------------------------------------------Krylov LM---------------------------------------------------
387.60928177223514 406.5809241125176
102
0 387.60928177223514 406.5809241125176 1.2041254000068875
1 387.60928177223514 406.5809241125176 0.07472750000306405
2 276.4041769020211 280.6409758523568 0.05523889999312814
102
3 276.4041769020211 280.6409758523568 1.228062800000771
4 276.4041769020211 280.6409758523568 0.06303360000310931
5 276.4041769020211 280.6409758523568 0.06263339999713935
6 252.3601400183096 255.46673107444005 0.06995449999521952
102
7 89.23525515082368 86.87163128758708 1.2217472000047565
102
8 36.104278423270095 33.78225894067576 1.1781152999901678
102
9 13.712399799246882 11.926858720482382 1.2294799000083003
102
10 13.712399799246882 11.926858720482382 1.2218864999886137
11 6.5008329158685845 4.989509693943494 0.056872700006351806
102
12 4.289788843373387 3.280012134233159 1.2017412000132026
102
13 2.9589545645032667 2.285059461074063 1.2072035000019241
102
14 2.6571323256135777 1.979023845611626 1.2118759000004502
102
15 2.6571323256135777 1.979023845611626 1.2524963000032585
16 1.3106170306076734 0.6595625635778813 0.06199740000010934
102
17 1.3106170306076734 0.6595625635778813 1.228039000008721
18 1.17397645744219 0.5301762994001065 0.07248670000990387
102
19 1.100544600917122 0.46659567757906506 1.2391783999919426
102
20 1.0250307973394672 0.40872775856790783 1.2285956999985501
102
21 0.9160503994485325 0.3112463446240068 1.236265400002594
102
22 0.9160503994485325 0.3112463446240068 1.1950901000091108
23 0.812633138352996 0.2068985988081518 0.06590370000049006
102
24 0.812633138352996 0.2068985988081518 1.2159904000000097
25 0.7629388728364022 0.15594544195968066 0.046549100006814115
102
26 0.7498023225432682 0.1436640635773319 1.2020300000003772
102
27 0.7377158137233429 0.13224701571971773 1.2238599999982398
102
28 0.72741532915128 0.12311139306983918 1.2141225999948801
102
29 0.72741532915128 0.12311139306983918 1.2128699000022607
30 0.6868350526074121 0.07797327032954533 0.07508100000268314
102
31 0.6781114556814588 0.06842200692664709 1.2224261999945156
102
32 0.6731449575644181 0.06171428815521813 1.2294312000012724
33 0.8336094363648127
-------------------------------------------------END------------------------------------------------------
------------------------------------Reduced subspace LM---------------------------------------------------
387.60928177223514 406.5809241125176
0.9883602849606611 10
0.9999912718015272 40
0 354.023877567001 368.9427978474421 0.4110056999925291
0.97799664846569 10
0.9999867028033519 40
1 315.2214020329458 328.3181357381565 0.4095274999999674
0.88957117029191 10
0.9999156736893438 40
2 264.1036058506768 272.51550567387886 0.4206603999919025
0.8416375634673591 10
0.9959848593315739 40
3 183.1429038061557 183.03540911505735 0.41580709999834653
0.9061116140944938 10
0.9988146872501878 40
4 103.58398804450796 101.15621622191341 0.47817030000442173
0.9074502855367053 10
0.9991710863238065 40
5 64.35803805920415 61.992314696770364 0.4737792999949306
0.9820874990503833 10
0.9999116045305023 40
6 20.64004815353794 20.742668480913068 0.4049029000016162
0.9633607012646539 10
0.9997505912578374 40
7 7.014454667193795 5.958870695073034 0.43187409998790827
0.9380217118964802 10
0.9998498463458225 40
8 4.517005291763951 3.615469475656575 0.4087233999889577
0.9796987583418397 10
0.9998879144273262 40
9 3.33842202109965 2.475834850154178 0.39639369999349583
0.9427205865154681 10
0.9999591334385192 40
10 2.7879335719285643 2.093883106685995 0.425725599998259
0.909666370708056 10
0.9999289942183821 40
11 2.4927711427365224 1.7485573782015558 0.4313707999972394
0.940766840628787 10
0.9999696477133535 40
12 2.3201288169465104 1.639797104286398 0.41701680001278874
0.8589515828304827 10
0.9999273342043983 40
13 2.181051480757177 1.4743270663394428 0.40697530000761617
0.8913316691554557 10
0.9999680156319382 40
14 2.0656348542259764 1.4086164539559662 0.4232305999903474
0.780436845459925 10
0.9999296615908125 40
15 1.9577971037855102 1.2631881041607007 0.4264249999978347
0.8345345451553581 10
0.9999699443549418 40
16 1.8661494420363394 1.2220147393336265 0.4265511000121478
0.6484387267441576 10
0.9998792671507074 40
17 1.7820293174970778 1.1071738858003128 0.4277799999981653
0.5804998750933666 10
0.9998056532939388 40
18 1.7050073619703963 1.0585225847938244 0.4440591000020504
0.8183854298117285 10
0.9999624679273588 40
19 1.6408429506942221 0.9774532031730836 0.42069069998979103
0.8160158236317786 10
0.999964495504197 40
20 1.5871353757806153 0.9347801331349235 0.9186634999932721
0.9097768688955922 10
0.9999638487781882 40
21 1.5250818261082613 0.858869480599151 0.43134129999089055
0.8113100286644136 10
0.9999772781886437 40
22 1.4776514972980517 0.8240984082593654 0.8000859000021592
0.9564879062581578 10
0.9999696137658126 40
23 1.4173000566346374 0.7601296940454826 0.4284297999984119
0.7440008503075979 10
0.9998127124219901 40
24 1.3713694384426809 0.7135566190668101 0.43382029999338556
0.9614947423579708 10
0.9999710231311946 40
25 1.3183188022190675 0.658520754462292 0.7552776999946218
0.8225776038070017 10
0.9998534827896173 40
26 1.2728783495978147 0.6140577649361593 0.7091519999958109
0.9712659451758059 10
0.9999708139296937 40
27 1.2244398971492882 0.5644060687788129 0.4212157000001753
0.8676030240158852 10
0.9998964516517003 40
28 1.1818170853172432 0.5305954873574479 0.42448699999658857
0.9647074209752534 10
0.9999723068226939 40
29 1.14308871049726 0.48109191441777405 0.41391039999143686
0.8454759467436225 10
0.9998335231773372 40
30 1.109113986127346 0.4543672502100019 0.4160803999984637
0.91527758377398 10
0.9999680755985013 40
31 1.0840433601569937 0.429215791177597 0.4407662000012351
0.8582379584095184 10
0.999923734220151 40
32 1.0605273815126355 0.40885997352448045 0.43920320000324864
0.8398222793946215 10
0.9999580554043263 40
33 1.0411173008881696 0.3905811612887135 0.4375445000041509
0.825522950500424 10
0.9999514617262125 40
34 1.0230917177108092 0.3778471582825426 0.46032969999942
0.8247371776641156 10
0.9999548894961443 40
35 1.007039811948789 0.36130252867216933 0.6546293999999762
0.7244781686637832 10
0.9999128565913068 40
36 0.992242491854004 0.3505734597754777 0.4552022999996552
0.8028290620160535 10
0.9999349662527475 40
37 0.9791269482483153 0.3374209525126097 0.46180619999358896
0.6621591524910263 10
0.9997521266872449 40
38 0.9667864208253394 0.32752979990155506 0.6198953999992227
0.8657035773062906 10
0.9999480940391852 40
39 0.9553246795377675 0.31714829913541176 0.5317763999919407
0.6589314800685546 10
0.9994074175707457 40
40 0.944371651320127 0.30658132368763846 0.45871429999533575
0.8872092411004565 10
0.9999421470520065 40
41 0.9341028600460951 0.2985427232162989 0.5801587000023574
0.694594307170056 10
0.9996686155816702 40
42 0.9241482180106656 0.2881032111197294 0.4671347999974387
0.902362507401213 10
0.9999368836219636 40
43 0.9144086542753619 0.28146929882103267 0.5550765999942087
0.6621918030465275 10
0.9997099115165968 40
44 0.9047423610745525 0.2707307029897575 0.5605924999981653
0.9081860667179315 10
0.9999424847623282 40
45 0.896412154337014 0.2654859740963955 0.45079729999997653
0.6807669912995638 10
0.9997810456248216 40
46 0.8874150462533434 0.25586390181814156 0.4413055000040913
0.8693505388008511 10
0.9999476856594873 40
47 0.8796297919018474 0.24987466959645316 0.4163006000017049
0.6690652631098147 10
0.9996972493743201 40
48 0.8699767608830417 0.2399531245242479 0.42038969999703113
0.9172263554561207 10
0.9999699138760307 40
49 0.8620144474205971 0.23288043263336233 0.4316742999944836
0.8566741880234265 10
0.9999127494343899 40
50 0.8547922567045676 0.22545265334044387 0.440298299989081
0.8583944725785375 10
0.999966705410368 40
51 0.8481884414686585 0.22056744470517411 0.4372616000036942
0.7890647739240826 10
0.9999015666754448 40
52 0.8414992992325944 0.21330803106967414 0.429008299994166
0.8368982044752854 10
0.9999749129414024 40
53 0.8350461306550409 0.20913050906110806 0.43174179999914486
0.5604561368967365 10
0.9997036852116654 40
54 0.8289354773822044 0.20126783564315306 0.42067939999105874
0.7470219538836146 10
0.9999139367587165 40
55 0.8234466317715377 0.19823528429975595 0.41457969999464694
0.5630614966610334 10
0.9997334373677331 40
56 0.8172738555865048 0.19165342488857653 0.4330788999941433
0.6503578452730399 10
0.9999286345233098 40
57 0.811588273645844 0.1874425010583005 0.4153694999986328
0.5799013928532513 10
0.9996442320469981 40
58 0.8064956524877193 0.18131460619049108 0.4219135000021197
0.688264619659908 10
0.999913546683005 40
59 0.8018019695224351 0.17852302357591646 0.4388643999991473
60 0.47032043999764334
-------------------------------------------------END------------------------------------------------------
35
-------------------------------------------Classical LM---------------------------------------------------
371.78743835916794 388.1945431205186
0 371.78743835916794 388.1945431205186 0.9400754000089364
1 290.6322409588986 288.1673147315833 0.9387764999992214
2 290.6322409588986 288.1673147315833 0.9326173000008566
3 290.6322409588986 288.1673147315833 0.9180148000014015
4 138.03556534075776 137.48867060449777 0.9155568999995012
5 138.03556534075776 137.48867060449777 0.9513946999941254
6 39.020728540732236 37.98456953966236 1.00772720000532
7 39.020728540732236 37.98456953966236 0.9416479999927105
8 21.43707560542571 20.674597130059606 1.0469532999995863
9 11.965988392563911 10.925215299935298 0.9786147999984678
10 10.986048650375029 10.417543407803366 0.9542230999941239
11 5.830696243320277 5.090146681087839 0.9189449999976205
12 5.830696243320277 5.090146681087839 0.8687684000033187
13 3.3182483559366958 2.7008692669660013 1.0259053999907337
14 2.819842434660416 2.156243730050008 0.879538399996818
15 2.819842434660416 2.156243730050008 0.8402673000091454
16 1.7515790336383703 1.048890807877785 0.9596074000000954
17 1.6191803676414598 0.9348796286393257 1.107233599992469
18 1.6191803676414598 0.9348796286393257 0.8764620000001742
19 1.26754764319162 0.6000530309251553 0.9343418999924324
20 1.26754764319162 0.6000530309251553 0.8814772000041557
21 1.198197612831058 0.5259732555423086 0.9482196000026306
22 1.1351060059888731 0.4838208498288415 0.8888256000063848
23 1.1351060059888731 0.4838208498288415 0.9262891999969725
24 1.087452408104928 0.4357622510802235 1.076562999995076
25 1.0441424791511213 0.4049705947789678 0.8583130999904824
26 1.027450366693133 0.4007015251755717 0.9665965999884065
27 1.027450366693133 0.4007015251755717 0.8730454000033205
28 0.9334715664404774 0.30014132499311436 1.23324469999352
29 0.9119199472203545 0.28708912794502056 0.9832619999942835
30 0.9119199472203545 0.28708912794502056 0.931126099996618
31 0.8761889873715176 0.24646589026495025 1.0082172999973409
32 0.860688506473827 0.23514925155587696 0.9213223999977345
33 0.860688506473827 0.23514925155587696 0.9551382000063313
34 0.8403130100983414 0.2125499986645327 0.9153747000091244
35 0.8301624349919697 0.20469611781296768 1.1046748999942793
36 0.8301624349919697 0.20469611781296768 0.8945200000016484
37 0.8171118274782501 0.1909096633030047 1.0371922999911476
38 0.8087500402973242 0.18391736631520486 0.8858360000012908
39 0.8032214040537367 0.18107386439173087 0.9225475000130245
40 0.8032214040537367 0.18107386439173087 0.8706766000104835
41 0.7848384988965685 0.1622064904797012 0.9582480000099167
42 0.7782073192890618 0.1570114086088968 1.4527180000004591
43 0.7741850797686749 0.15483507040006236 0.9192035000014585
44 0.9624841659087079
-------------------------------------------------END------------------------------------------------------
-------------------------------------------Krylov LM---------------------------------------------------
371.78743835916794 388.1945431205186
102
0 371.78743835916794 388.1945431205186 1.2458408999955282
1 290.63101648918837 288.1660311171204 0.059880600005271845
102
2 290.63101648918837 288.1660311171204 1.2387308000033954
3 290.63101648918837 288.1660311171204 0.07343800000671763
4 137.89885248443247 137.32559456895385 0.05538360000355169
102
5 137.89885248443247 137.32559456895385 1.2305174999928568
6 38.98741896127071 37.95048901689478 0.07104480000270996
102
7 38.98741896127071 37.95048901689478 1.2268243999860715
8 21.430827892986283 20.66200642705723 0.07263370000873692
102
9 11.97568634768842 10.9329934700389 1.235489200000302
102
10 11.009877033669088 10.4424843770939 1.2376235000119777
102
11 5.854038792840371 5.112757478767326 1.2174015999917174
102
12 5.854038792840371 5.112757478767326 1.2438824999990175
13 3.3353807331848 2.7209031961781567 0.058489100003498606
102
14 2.804861920347994 2.1464801648697227 1.2272303999925498
102
15 2.804861920347994 2.1464801648697227 1.226704000000609
16 1.7630666012015426 1.0607588510213446 0.056149800002458505
102
17 1.6050942000971027 0.917943906310791 1.2258055999991484
102
18 1.6050942000971027 0.917943906310791 1.216844199996558
19 1.274208492323429 0.6075809037557764 0.055663699997239746
102
20 1.2727625028616054 0.6412636120831857 1.2232835000031628
102
21 1.2727625028616054 0.6412636120831857 1.4970598999934737
22 1.0608597357998457 0.4239108966033059 0.07770900000468828
102
23 1.0608597357998457 0.4239108966033059 1.2345443000085652
24 1.0046653193161768 0.3624142518194751 0.050339099994744174
102
25 0.9715129775753457 0.3365207773841663 1.2748515999992378
102
26 0.9623280821741702 0.33778821762064 1.2479225999995833
102
27 0.9623280821741702 0.33778821762064 1.823810499990941
28 0.8892098812538352 0.2582219608924737 0.07007220000377856
102
29 0.8758470719392488 0.2504265031856442 1.3885707000008551
102
30 0.8758470719392488 0.2504265031856442 1.82356279999658
31 0.8437146202655277 0.21459458149608168 0.07172870000067633
102
32 0.8356970638690931 0.2093287025904296 1.2772863999998663
102
33 0.8356970638690931 0.2093287025904296 1.2401272999995854
34 0.8150647228068919 0.1876045233505089 0.0681343000032939
102
35 0.806722395732913 0.18079299911539193 1.2380377999943448
102
36 0.806722395732913 0.18079299911539193 1.2463753999909386
37 0.7976599643177981 0.17187378566561776 0.055937999990419485
102
38 0.7908858779398968 0.16611141710751295 1.226760200006538
102
39 0.7850961516885242 0.16180766144042 1.2297703999938676
102
40 0.7850961516885242 0.16180766144042 1.227872399991611
41 0.7731209457491783 0.1505089400981716 0.06419659999664873
102
42 0.7674246980212149 0.14568167608602398 1.2213504999963334
102
43 0.7649525279219291 0.14397313825571245 1.2081509999989066
44 0.871887115908149
-------------------------------------------------END------------------------------------------------------
------------------------------------Reduced subspace LM---------------------------------------------------
371.78743835916794 388.1945431205186
0.9916164094266857 10
0 346.648267275663 360.10381035440264 0.10562100000970531
0.9913217150412531 10
1 310.5006135322718 319.8340934672859 0.11024429999815766
0.9914242225968122 10
2 271.57679112226305 278.00967355506356 0.10430469999846537
0.987731801352141 10
0.9999979153444966 40
3 262.18825313858844 269.3469355921232 0.4986510000017006
0.895492958992879 10
0.9988608109904231 40
4 232.59991768623954 239.5196357608849 0.5117746000032639
0.865551389341849 10
0.9992008472174941 40
5 182.49151246487202 189.36306166441722 0.4522179000050528
0.6971211865210586 10
0.9964720338956157 40
6 71.65897695370246 72.06013403323823 0.4266860999923665
0.7396882282343513 10
0.9964953813508187 40
7 24.26564577281125 23.918220936704905 0.44050360000983346
0.8869276060761748 10
0.9993043733067057 40
8 19.146591430322527 18.24129245335026 0.42783080000663176
0.9611009564904873 10
0.9999153376526418 40
9 5.859747346319079 5.108616634934027 0.420158499997342
0.9591211406862603 10
0.999973447991821 40
10 3.9742933173455137 3.180967250212208 0.4021165000012843
0.9258633891745947 10
0.9999629582580096 40
11 3.1036925509190754 2.28307309813938 0.4149376999994274
0.9011859227038738 10
0.9999669591893493 40
12 2.4423834931052557 1.7175696058988068 0.4207078999897931
0.8880940279488523 10
0.9999650310357836 40
13 2.068961359949213 1.3712414563600406 0.42523189999337774
0.837633475393163 10
0.9999722960921928 40
14 1.78517331847109 1.1623236654096467 0.42681200000515673
0.8221210583379479 10
0.9996550592689701 40
15 1.577188372867715 0.977250044942317 0.4385376999998698
0.8347476083791411 10
0.999958772745484 40
16 1.4292392806101342 0.8502898582841201 0.4326001000008546
0.628708105860567 10
0.9994859101680839 40
17 1.3152895400147513 0.6989194915951732 0.43455039999389555
0.9364603389783606 10
0.9999637576644081 40
18 1.202353539018437 0.6167716171224155 0.41028799999912735
0.7299594856632777 10
0.9998558461627937 40
19 1.127375242035152 0.5079662782318995 0.4294452000031015
0.9207946119298595 10
0.9998908093967191 40
20 1.047531385406163 0.4573206123570826 0.4396520000009332
0.7158638548325785 10
0.9999479325070642 40
21 0.9967005043231159 0.39492883344794577 0.6205988000001526
0.9528881320504828 10
0.999969399284287 40
22 0.9578574194335262 0.37144045706074774 0.4217169999901671
0.9062219361117799 10
0.9999789732891272 40
23 0.9257722559064169 0.3323963413071215 0.7805162000004202
0.911311402451181 10
0.9999635019931603 40
24 0.9015933679141269 0.3125680604143752 0.44159180000133347
0.9246137394235411 10
0.9999801972506995 40
25 0.8813210661566242 0.28982297292128834 0.6021442000055686
0.8867552372060225 10
0.9999651789361548 40
26 0.8647458294382464 0.27397477190408565 0.46865619999880437
0.9353151972192129 10
0.9999738957038431 40
27 0.8499552223098455 0.2555583200730538 0.8792580000008456
0.8981483212581769 10
0.9999584708941422 40
28 0.8360573561240703 0.24397313652586325 0.41885370000090916
0.8909420702806296 10
0.9999487267744469 40
29 0.8248737502453609 0.2310812449925522 0.4236442000110401
0.8660328862626484 10
0.9997301879417603 40
30 0.8135826457660978 0.21811427048346474 0.4278391000116244
0.8460501423186428 10
0.9997271812343165 40
31 0.804948749701391 0.2093528796208601 0.4926965000049677
0.9150477706391981 10
0.99995825550469 40
32 0.7955662581874426 0.19820131785253192 0.501958699998795
0.8783922312223965 10
0.9999720752960535 40
33 0.7886128764268698 0.18948332942725835 0.410567800005083
0.9420466935211615 10
0.9999729530601259 40
34 0.7805820053426024 0.18015497991826943 0.44160640001064166
0.9274864969139562 10
0.9999805408977348 40
35 0.774133475772366 0.172215235613814 0.3909890000068117
0.9533538970813182 10
0.9999765021673908 40
36 0.7675636644785101 0.16543233100341445 0.40293699999165256
0.956887931897239 10
0.999981157577991 40
37 0.7624648468785362 0.15935854125527407 0.42370699999446515
0.9473116694891762 10
0.9999826531887294 40
38 0.7564353812653222 0.15207290012177313 0.4240233000018634
0.9441256478412947 10
0.9999860642357596 40
39 0.7517302642693042 0.14658743492035245 0.4103882000054
40 0.43891412500124716
-------------------------------------------------END------------------------------------------------------
36
-------------------------------------------Classical LM---------------------------------------------------
385.0955234306887 406.09544908326853
0 385.0955234306887 406.09544908326853 0.907313299991074
1 377.0693197147899 382.3009512827424 0.92334250001295
2 246.44134406761665 251.7208993734738 0.8635847000114154
3 246.44134406761665 251.7208993734738 0.9080507000035141
4 145.6931548346636 146.9823024379946 1.014607499993872
5 145.6931548346636 146.9823024379946 0.8944072000012966
6 100.06584520250532 98.56739907235225 0.9887646999995923
7 100.06584520250532 98.56739907235225 0.9051222999987658
8 27.631122819019154 27.03379116430207 0.9088419000036083
9 27.631122819019154 27.03379116430207 0.9159097999945516
10 27.631122819019154 27.03379116430207 1.0959837999980664
11 12.153391984437228 11.915335515773604 1.5229301000072155
12 8.438704692519346 7.715968590510627 1.005907799990382
13 5.503204852324803 5.111312155387499 1.123272700002417
14 3.9711821353360603 3.4083865992227995 1.3685778999933973
15 3.9711821353360603 3.4083865992227995 1.3560608999978285
16 2.515655639179713 1.8657380387297646 1.3646899000013946
17 2.515655639179713 1.8657380387297646 1.58679430000484
18 2.2276840287325346 1.5961922750610724 0.9869811999960802
19 2.0408999141840924 1.399384525167407 0.947465999997803
20 2.0408999141840924 1.399384525167407 0.9357854999980191
21 1.9001503821344912 1.262155583567603 0.9475325999956112
22 1.763146332565161 1.1186200002766853 0.9518580000003567
23 1.6689665796946596 1.0230359180529096 0.8836475999996765
24 1.6689665796946596 1.0230359180529096 0.8925206999992952
25 1.4475686984773386 0.7674844843244208 0.9124748000031104
26 1.4338589686959775 0.7611987007588952 0.8584158000012394
27 1.4338589686959775 0.7611987007588952 0.9448403999995207
28 1.4338589686959775 0.7611987007588952 1.774953899992397
29 1.230972499137852 0.5862348690454805 2.164008299994748
30 1.1997491600283248 0.5585043226050194 0.8943370999913896
31 1.1895966268808718 0.5517982291592118 2.108453799999552
32 1.0178882475410806 0.3819087257179523 0.9105119000014383
33 0.9660219391012949 0.3329584623688933 2.1067508999985876
34 0.904930767089719 0.27383888988279675 0.8598178999964148
35 0.8583317132985958 0.2470610377502315 2.1427196000004187
36 0.8583317132985958 0.2470610377502315 0.914611900007003
37 0.7095980017372749 0.08609899216072994 0.9255628999962937
38 0.703619437221635 0.08401761464296197 2.1188354999903822
39 0.703619437221635 0.08401761464296197 0.9357300999981817
40 0.6884521749876037 0.06707826221561466 1.0236366000026464
41 0.6884521749876037 0.06707826221561466 2.3692387999908533
42 0.6849091005447483 0.06474455967330452 2.7232504000130575
43 1.2299559116272152
-------------------------------------------------END------------------------------------------------------
-------------------------------------------Krylov LM---------------------------------------------------
385.0955234306887 406.09544908326853
102
0 385.0955234306887 406.09544908326853 1.9454022999998415
1 377.11367077334194 382.33947706463607 0.06341380000230856
102
2 181.45486930783815 181.3064936622253 1.9676553000026615
102
3 153.17419513835455 152.8469643019672 1.5514710999996169
102
4 153.17419513835455 152.8469643019672 1.284330399997998
5 153.17419513835455 152.8469643019672 0.06769330000679474
6 54.3214951278797 53.54163554497922 0.06923839999944903
102
7 54.3214951278797 53.54163554497922 1.228862299991306
8 54.3214951278797 53.54163554497922 0.06492189998971298
9 20.947683154310813 20.1080486303132 0.06384430000616703
102
10 20.947683154310813 20.1080486303132 1.2588936000101967
11 12.236876927649835 10.290470178893894 0.05908409999392461
102
12 11.364440507968105 10.068080006534547 1.2199847000010777
102
13 6.884837640703614 5.780586189908309 1.8831128000019817
102
14 6.884837640703614 5.780586189908309 1.2686029000033159
15 4.928887828756135 4.24768284026151 0.048985600005835295
102
16 3.861419560404734 3.317412079472568 1.4303048000001581
102
17 3.861419560404734 3.317412079472568 1.2752413999987766
18 3.1928776048984697 2.572987306912018 0.060413100000005215
102
19 2.721674392337924 2.11155642442084 2.517412200002582
102
20 2.5537502351094097 1.9278594984442672 1.2739334999932908
102
21 2.2325570465872624 1.7455228274276577 2.5111277000105474
102
22 2.0566539859404176 1.5623485802921093 1.4834780000091996
102
23 2.0566539859404176 1.5623485802921093 3.4206605999934254
24 1.875091479415429 1.3614509703871693 0.08694829999876674
102
25 1.8470414136744213 1.3304059931037742 1.979030899994541
102
26 1.8470414136744213 1.3304059931037742 3.4035627000121167
27 1.8470414136744213 1.3304059931037742 0.08269859998836182
28 1.6742869218799137 1.1699558041990006 0.08205940001062118
102
29 1.5816099587602757 1.074736046358059 1.8110056000004988
102
30 1.5424060448774701 1.0286673899431704 1.7496374999900581
102
31 1.5424060448774701 1.0286673899431704 1.252606800000649
32 1.5112407793976295 0.9865135341190396 0.08331650000764057
102
33 1.4817279217738064 0.9534452965771565 1.3934851999947568
102
34 1.4817279217738064 0.9534452965771565 1.2206666999991285
35 1.4565708234527006 0.9211116207760626 0.08465040000737645
102
36 1.4265060035841783 0.8860066619181238 1.2591411999892443
102
37 1.4265060035841783 0.8860066619181238 1.2336628000048222
38 1.4107233901179261 0.8661515956068115 0.06636949999665376
102
39 1.387456199964779 0.8381582480097882 1.2112399999896297
102
40 1.3613117393848675 0.8053141255922411 1.247314499996719
102
41 1.3531031862115328 0.788437179960365 1.2210896000033244
102
42 1.3531031862115328 0.788437179960365 1.2289229000016348
43 1.3531031862115328 0.788437179960365 0.06920230000105221
44 1.3140459368693442 0.7483253056598034 0.06074920001265127
102
45 1.2893555817904183 0.7204905633233514 1.2413387000124203
102
46 1.259764403586984 0.6832542370187086 1.2201339999883203
102
47 1.2255714102355528 0.6375303668894104 1.2312690999970073
102
48 1.2014477928759886 0.5958008369659433 1.2321493999916129
102
49 1.151299870717032 0.5418426371366407 1.218040200008545
102
50 1.151299870717032 0.5418426371366407 1.8929531000030693
51 1.151299870717032 0.5418426371366407 0.07622540000011213
52 1.1274130027410856 0.5226358692140549 0.05411430000094697
102
53 1.0986931623469418 0.4953276497770142 1.2309953999938443
102
54 1.0986931623469418 0.4953276497770142 1.2048643000016455
55 1.0809719949213752 0.477750904520532 0.056624000004376285
102
56 1.0549670727959335 0.4553620762467806 1.2421331999939866
102
57 1.04286557173838 0.42869741213819806 1.2095375000062631
102
58 1.027266435078768 0.41866235830124454 1.2220669999951497
102
59 0.9739143600701665 0.36207455136155725 1.1918090999970445
102
60 0.9575576226323934 0.3588053154824021 1.2259595000068657
102
61 0.9248927407405204 0.3226139461250563 1.239779900002759
102
62 0.898309167854713 0.2986525303603569 1.2322169999970356
102
63 0.8876362340790791 0.28505491974861935 1.2188769000058528
102
64 0.8739897523099236 0.27244872813345894 1.198873100001947
102
65 0.8682385101499296 0.26454061825770814 1.2099733000068227
102
66 0.8565776053806287 0.25242485337040454 1.531507599996985
102
67 0.8516458139588376 0.24611206091972446 1.4799946999992244
68 1.0986303735298861
-------------------------------------------------END------------------------------------------------------
------------------------------------Reduced subspace LM---------------------------------------------------
385.0955234306887 406.09544908326853
0.9959670330166003 10
0 358.1768624947981 375.7186698210781 0.12480340000183787
0.9955010786671656 10
1 319.0795790661124 331.3727861231923 0.12016679999942426
0.9920639205622366 10
2 274.19184847525105 281.2153532314845 0.10562809999100864
0.9537189108279193 10
0.9999869537099385 40
3 222.3588217711764 225.49813584022695 0.494809299998451
0.929275519169356 10
0.9993532816479436 40
4 191.61897542456774 193.87218792023165 0.48332240000308957
0.8831154274990437 10
0.9978850400623075 40
5 135.76526284415587 132.8093824906467 0.4459186000021873
0.7988026383100401 10
0.9990891222467105 40
6 58.88737471766516 58.29209112582256 0.4928059000085341
0.8268628820126206 10
0.999417016726067 40
7 35.34519494119206 33.54529548365275 0.4882274999981746
0.9402496373467564 10
0.9998264281478778 40
8 10.278292759353027 8.946569834652975 0.5674869000067702
0.9328899489048778 10
0.9997063146683544 40
9 6.861473565698665 5.75015553794196 0.44636389998777304
0.9397543819426906 10
0.9999562102648913 40
10 4.144762439921848 3.3245004302314487 0.45025259999965783
0.958612079061862 10
0.9998851056086386 40
11 3.565713230004215 2.8820662776390114 0.43669769998814445
0.9618493613574526 10
0.9999616385196631 40
12 2.577072084919695 1.6917462818040454 0.4300458000070648
0.9581406350946975 10
0.999923488112207 40
13 2.180633943646603 1.5113071898422437 0.4632812999916496
0.7635628535743177 10
0.9999107374644101 40
14 1.8622083875104618 1.0913597009816105 0.5488741000008304
0.9319215187488502 10
0.9998488116669302 40
15 1.5987247863817222 0.9213947037170843 0.6694234000024153
0.7372863563661145 10
0.9997186245158267 40
16 1.440726174679354 0.7384455230719955 0.5005360999930417
0.8641140967890442 10
0.9998474571747247 40
17 1.3309005407933812 0.6647803543440197 0.7596166000002995
0.7605808933584484 10
0.999920853752064 40
18 1.2444223792587177 0.5654915779245093 0.7301402000011876
0.9106801171239409 10
0.9999435327996896 40
19 1.1535172545536978 0.5055137451974953 0.41950839999481104
0.8690059186626841 10
0.9999541489418174 40
20 1.0887576258179874 0.428142729548359 0.43552890000864863
0.9140239273111053 10
0.9999614349938171 40
21 1.0175828315807645 0.37784379253508815 0.42806790000759065
0.8605959876204557 10
0.9999512755018934 40
22 0.9669958698233567 0.32388248543696374 0.4119709999940824
0.9006036317299192 10
0.9999619291740164 40
23 0.9238198779391523 0.288216718948815 0.437186399998609
0.8102275169369384 10
0.9999482921833696 40
24 0.8935884579292713 0.25869190154257904 0.43050630000652745
0.8401396317026267 10
0.9999604763566099 40
25 0.8660283917121233 0.23401691856908396 0.43101829999068286
0.8019804241485784 10
0.9999443035422271 40
26 0.8456877333677181 0.21729362799421117 0.422302100007073
0.8143496673682235 10
0.9999542663404125 40
27 0.8272797943168702 0.2001658326665436 0.4270661000045948
0.820561100079941 10
0.9999524421143668 40
28 0.8129072775702494 0.1880220761710522 0.42552650001016445
0.8326430786396402 10
0.9999662634820714 40
29 0.8004708993965031 0.17560476776918388 0.433664799988037
0.8557516721819963 10
0.9999546981194183 40
30 0.7899634839526518 0.16852397665632554 0.4127561999921454
0.8421105107288487 10
0.9999646631696535 40
31 0.7803960827663845 0.15795190992050526 0.41545729999779724
0.8544272754062878 10
0.9999635032033317 40
32 0.7720056268010627 0.1524641348090713 0.4077194999990752
0.8670681226825548 10
0.9999644583264903 40
33 0.7646036739488187 0.1441460385656107 0.4324393999995664
0.8657144760551801 10
0.9999661055506366 40
34 0.7577703033623964 0.1398336960155553 0.4289907000056701
0.8784413213788314 10
0.9999593740340752 40
35 0.7516989689054648 0.1327424477837336 0.4313862999988487
0.8582292032212699 10
0.9999637871215752 40
36 0.745983964804568 0.12923589064520308 0.5317517999937991
0.9024921845460571 10
0.9999597939556513 40
37 0.7407554717823623 0.12252649376500921 0.41409160000330303
0.8536043566007486 10
0.9999656634629845 40
38 0.735794395621413 0.11950351447204197 0.44578890000411775
39 0.445669974358633
-------------------------------------------------END------------------------------------------------------
37
-------------------------------------------Classical LM---------------------------------------------------
383.0271920331506 400.5322972936598
0 383.0271920331506 400.5322972936598 0.9802544999984093
1 308.936477144887 321.43331971526817 1.2731260000000475
2 137.7297113202102 138.25241803870384 0.9421722999977646
3 137.7297113202102 138.25241803870384 1.0563953000091715
4 137.7297113202102 138.25241803870384 0.963851300009992
5 91.29406023153398 91.14629939050103 1.002077700002701
6 35.68753033449136 36.70647004611848 0.9947274000005564
7 35.68753033449136 36.70647004611848 0.8865577000105986
8 35.68753033449136 36.70647004611848 0.9471214000077453
9 19.49488112282535 19.184173530235487 0.9754229999962263
10 12.763217838929993 12.74909347833992 0.9072553000005428
11 6.962576724032848 6.48854400486806 0.9439797999948496
12 6.962576724032848 6.48854400486806 0.9526724000024842
13 6.962576724032848 6.48854400486806 0.9271775000088383
14 4.45779326440458 3.9441988419690444 0.9678139000025112
15 3.2707857922848342 2.612660721743845 0.921097499987809
16 3.2707857922848342 2.612660721743845 0.9605624999967404
17 2.774406238980795 2.1001088732509317 0.9385346999915782
18 2.499251501099806 1.8137922835799543 0.8852295999968192
19 2.270924412078164 1.5829727552204824 0.9212716000038199
20 1.9043672551053794 1.2224955779160938 0.9104312000126811
21 1.7829383513436166 1.1629997658568558 0.9560736999992514
22 1.7829383513436166 1.1629997658568558 0.905418299997109
23 1.4170558535341293 0.7482792189283598 1.0034677000076044
24 1.3696740340400195 0.7385317328887289 0.8787410000077216
25 1.3696740340400195 0.7385317328887289 0.9459688000060851
26 1.20364550124638 0.5525566619876581 0.9857396000006702
27 1.18556631742848 0.5557161425638868 0.871932599999127
28 1.18556631742848 0.5557161425638868 0.9510603000089759
29 1.0241959685592648 0.3874338588030076 0.9774985999974888
30 0.9768775258996746 0.35032133878626565 0.8854354999930365
31 0.9595373626868877 0.3399653819522905 0.8856762999930652
32 0.9169249817407974 0.3005370692080136 0.9463384999980917
33 0.9169249817407974 0.3005370692080136 0.9509760999935679
34 0.802636195491737 0.18031042257979776 1.7478168000088772
35 0.7972061210343978 0.17383491710371335 1.0209047999960603
36 0.7972061210343978 0.17383491710371335 0.8588790999929188
37 0.7640579108856352 0.1419149332104945 0.9394135999900755
38 0.7640579108856352 0.1419149332104945 0.9558726999966893
39 0.7457546166813647 0.11912706215150166 0.9534760999958962
40 0.7457546166813647 0.11912706215150166 0.899997100001201
41 0.7402248492571413 0.11308201360481236 1.0155795000027865
42 0.7363393050503304 0.1096134027317543 0.9116756000003079
43 0.9698994162794998
-------------------------------------------------END------------------------------------------------------
-------------------------------------------Krylov LM---------------------------------------------------
383.0271920331506 400.5322972936598
102
0 383.0271920331506 400.5322972936598 1.2709868000092683
1 308.9477834857744 321.44399513538673 0.0776039999909699
102
2 146.92646105714795 145.1291676924808 1.2736799999984214
102
3 129.66362634889296 130.8167019945059 1.2134775000013178
102
4 101.79685966766091 95.92770354700859 1.2255689000012353
102
5 59.47212688096063 60.663743604525514 1.2104852000047686
102
6 59.47212688096063 60.663743604525514 1.2088806999963708
7 59.47212688096063 60.663743604525514 0.05778800000553019
8 51.95146310270137 53.9732353959374 0.06834250000247266
102
9 51.95146310270137 53.9732353959374 1.2163226999982726
10 42.66903888825624 42.26795074780475 0.06367819999286439
102
11 42.66903888825624 42.26795074780475 1.2342244000028586
12 38.85963904693139 41.048250558823696 0.05697659999714233
102
13 38.85963904693139 41.048250558823696 1.2154296999942744
14 18.984588805245703 18.25421531847541 0.07128289999673143
102
15 12.883135929279513 12.709098239785408 1.1998425999918254
102
16 10.700788222546606 9.988020096587404 1.22324849999859
102
17 10.700788222546606 9.988020096587404 1.220640600004117
18 10.700788222546606 9.988020096587404 0.05990229999588337
19 8.382752655869218 8.307390356261076 0.061696299992036074
102
20 3.8194718439735063 3.3677262193383086 1.2181090999947628
102
21 2.888836690359456 2.3222644779741546 1.2213632999919355
102
22 2.888836690359456 2.3222644779741546 1.240745999995852
23 2.158757784737392 1.6379649276834451 0.0739869999961229
102
24 2.0768344106798415 1.4673027837127945 1.1928884999942966
102
25 1.8410871318456414 1.245518889080953 1.236049200000707
102
26 1.4883982080789444 0.88680193265125 1.2192781000048853
102
27 1.3552205197895093 0.7457422101244343 1.183277599993744
102
28 1.0242057655408552 0.41274031817027607 1.224839399990742
102
29 0.994166166091937 0.38784411123649315 1.205886299998383
102
30 0.98548102679966 0.3735124900946819 1.2181012000073679
102
31 0.8742276357883911 0.26967057816241513 1.2338555000023916
102
32 0.8742276357883911 0.26967057816241513 1.2079331999993883
33 0.8742276357883911 0.26967057816241513 0.06244270000024699
34 0.8742276357883911 0.26967057816241513 0.047278099998948164
35 0.8742276357883911 0.26967057816241513 0.07552749999740627
36 0.8215789116898086 0.2120356191800741 0.07986779999919236
102
37 0.7819897636180323 0.17367172231191147 1.2282222000067122
102
38 0.7819897636180323 0.17367172231191147 1.2333077999937814
39 0.7691038547174005 0.1577246869187228 0.06084059999557212
102
40 0.7564055409857805 0.14668017333062272 1.2161970000015572
102
41 0.7545629189384173 0.1488100909684729 1.6899415999941994
42 0.8476190023793606
-------------------------------------------------END------------------------------------------------------
------------------------------------Reduced subspace LM---------------------------------------------------
383.0271920331506 400.5322972936598
0.9938053249985462 10
0 355.52290060248345 370.0765371276034 0.16631770000094548
0.9937498060727279 10
1 316.21976302770395 325.81708275670235 0.10462339999503456
0.989218044841617 10
0.999997906016407 40
2 308.03743206343887 308.85338503286465 0.4396153999987291
0.9372426769630444 10
0.9980219093719815 40
3 125.63002808424379 129.86449116988277 0.42086620000191033
0.948372346220378 10
0.9981014757272078 40
4 46.766655528451665 47.72130573964935 0.4245701000036206
0.9809570408390155 10
0.9993201445785805 40
5 12.045327477497995 11.706323340234714 0.42713030001323204
0.9190387054874627 10
0.9996592732135752 40
6 6.325464626665289 5.330160564097502 0.4294138999975985
0.9047693133945058 10
0.9998115762725119 40
7 4.176344080190758 3.225428971607163 0.43169000001216773
0.9489424395290167 10
0.9997069233683876 40
8 3.2181617278554353 2.4040541939478497 0.4258616000006441
0.9674056822627954 10
0.9999050603944984 40
9 2.6630952950543474 1.9712731559485897 0.5217457999970065
0.9586483079631699 10
0.9999701526843846 40
10 2.383521663711512 1.690764053394194 0.42486580001423135
0.7984935684744341 10
0.9999262041888529 40
11 2.216825128744156 1.5178745657575745 0.4136875999975018
0.8713114683482096 10
0.9999676392170295 40
12 2.0843150012193794 1.414456205402198 0.40272949999780394
0.8853574369769718 10
0.9999524361216915 40
13 1.9107064711634207 1.189713394668449 0.429902799995034
0.7921483393435683 10
0.999886108036461 40
14 1.7979231791158439 1.1190815528225877 0.4208848999987822
0.8714142491891576 10
0.9999169641145337 40
15 1.674306077430265 0.9676578527864436 0.42814620000717696
0.812479267359459 10
0.9996339239645488 40
16 1.5900336145403768 0.929168699653985 0.41329729999415576
0.847967539987915 10
0.999942487810653 40
17 1.497510124653881 0.8167029149683455 0.4187160000001313
0.762792310110958 10
0.9998351668442844 40
18 1.4279333800199594 0.7691968160590296 0.43370259999937844
0.661199196902736 10
0.9999344372581233 40
19 1.3562989588360364 0.6871465473409167 0.4264208999957191
0.7217114209696459 10
0.99994774806233 40
20 1.2982674391669964 0.6272160642522563 0.43138909999106545
0.5730968238995391 10
0.9999522820659514 40
21 1.2441276071156622 0.5872829278759012 0.44160310000006575
0.8831896090461355 10
0.9999697829714752 40
22 1.1949974269827879 0.5289462007302006 0.42883200000505894
0.8317579504530964 10
0.9999703906666281 40
23 1.1488239903460595 0.4959087198687057 0.4114984000043478
0.9397300096207472 10
0.9999757095684019 40
24 1.1081763437963885 0.4470410494021877 0.41923749999841675
0.8728494409715463 10
0.9999691743180289 40
25 1.067642846052731 0.42038384624723824 0.41594410000834614
0.9572791870446495 10
0.9999791737005446 40
26 1.0351637744910682 0.3778855672059659 0.41753289999905974
0.8466430675208636 10
0.9999650382223039 40
27 1.0069185875596918 0.36716659328487805 0.4252739999938058
0.9676878917483581 10
0.9999791822707009 40
28 0.982032187365037 0.3316785907930539 0.4349478999938583
0.8573479206857877 10
0.9999579730430883 40
29 0.9598198686433645 0.3285760245358672 0.42624510001041926
0.9749127583487213 10
0.9999728659170116 40
30 0.9369584424188608 0.29446781947739986 0.5438408999907551
0.9056511662691055 10
0.9999669197346857 40
31 0.9208208313427746 0.2924120437580981 0.3916138999920804
0.9745137837315571 10
0.9999764079128339 40
32 0.9035232740777507 0.2669411062155508 0.4293762000015704
0.8977659320381737 10
0.9999685999170718 40
33 0.8908923014212585 0.26365322516740847 0.4057965999963926
0.9730229445896116 10
0.9999707800178832 40
34 0.8762565617228887 0.24476459954414082 0.4199572000070475
0.8893309504317125 10
0.9999547217075067 40
35 0.865018000045864 0.24125691467177177 0.420828000002075
0.9698400186407986 10
0.9999737752745357 40
36 0.8532738327773701 0.22351831235112762 0.43873719999101013
0.8820510050498434 10
0.9999644576776759 40
37 0.8449059100842591 0.22237380226103096 0.4150365999958012
0.9676678246994121 10
0.9999730995767259 40
38 0.8348494779661206 0.20793552013269778 0.41255130000354256
0.917459567088948 10
0.9999718480411595 40
39 0.8278288498001115 0.20581803374473964 0.43880790000548586
0.9679710709115592 10
0.999976214172193 40
40 0.8189643143072183 0.19390549958793105 0.4037465000001248
0.9320333720767091 10
0.9999734789718667 40
41 0.8127233889384583 0.1914032057174399 0.406460900005186
0.9671643639473657 10
0.9999765155228407 40
42 0.8051668330720965 0.18115477639623487 0.4370259999996051
0.9404385212586807 10
0.9999722005794767 40
43 0.7996695725945209 0.17894649325168366 0.42561220000789035
0.9669334609779775 10
0.999976804868733 40
44 0.7930371260746966 0.16990403357087838 0.5177880999981426
0.9488685536222639 10
0.9999719298099675 40
45 0.7881531993478099 0.16791280466355352 0.4224248999962583
46 0.417093402174309
-------------------------------------------------END------------------------------------------------------
38
-------------------------------------------Classical LM---------------------------------------------------
395.5913332683047 412.4834042795934
0 395.5913332683047 412.4834042795934 0.8718323000066448
1 253.0582395012924 256.21737407635527 0.9194573999993736
2 202.84443098809245 212.6273555653046 0.9365058999974281
3 202.84443098809245 212.6273555653046 0.9570381000085035
4 202.84443098809245 212.6273555653046 0.9869758999993792
5 142.67997550982025 145.04464544636818 0.9458376000111457
6 134.67302060360876 133.8178448514464 0.8988558999990346
7 134.67302060360876 133.8178448514464 0.9059890000062296
8 74.60032818998951 73.99146903634292 0.9572654999938095
9 41.97822246726062 41.37307419091837 0.9512901000125566
10 41.97822246726062 41.37307419091837 0.9972707999986596
11 31.810907689605212 30.302111843747262 1.0272187999944435
12 31.810907689605212 30.302111843747262 0.9523469999985537
13 11.832720179555118 11.478053650421476 0.9749812000081874
14 11.832720179555118 11.478053650421476 0.9974196999974083
15 3.925756723840274 3.1637387120280307 1.0212619999947492
16 3.0883287214098023 2.4743635714112617 0.9139950999961002
17 2.6054939902976852 2.120326788183251 0.9784548000025097
18 2.6054939902976852 2.120326788183251 0.8981763999909163
19 2.067063995656428 1.4554987331236735 0.9722365000052378
20 1.7816559634666176 1.1767944593661073 0.9626110999961384
21 1.7816559634666176 1.1767944593661073 0.8915925000037532
22 1.3442386067240066 0.7132918866990624 0.9608085999934701
23 1.2697174812388867 0.6419332675015157 0.9592922000010731
24 1.2697174812388867 0.6419332675015157 1.5300411000062013
25 1.120177065358535 0.4770385222208397 1.0271976000076393
26 1.0579249757457436 0.4089837331396096 0.8854643000086071
27 0.9985422188873617 0.3396091140831226 0.9100025000079768
28 0.9985422188873617 0.3396091140831226 0.9474181000114186
29 0.9450782952608195 0.29112494280170775 0.9560263000021223
30 0.9450782952608195 0.29112494280170775 0.9342883999925107
31 0.9149434523691312 0.2653904901685791 0.9893999999912921
32 0.9002244178671848 0.2509465310363713 0.9173157999903196
33 0.9002244178671848 0.2509465310363713 0.9330075000034412
34 0.8605043742317373 0.2137169179707758 0.9577813000069
35 0.8492666375835067 0.2050367060889697 0.8989237999921897
36 0.8492666375835067 0.2050367060889697 0.9128884999954607
37 0.8155093868730254 0.17306349882557562 0.9629553000122542
38 0.8004797293692494 0.1605326152729383 0.8159924000065075
39 0.7968586534182117 0.16011744015030308 1.194225600003847
40 0.9652910725013498
-------------------------------------------------END------------------------------------------------------
-------------------------------------------Krylov LM---------------------------------------------------
395.5913332683047 412.4834042795934
102
0 395.5913332683047 412.4834042795934 1.2880686999997124
1 253.06407574067563 256.2212531497045 0.04802000000199769
102
2 199.91235508192892 210.8573379715758 1.2939921999932267
102
3 199.91235508192892 210.8573379715758 1.3226185999956215
4 199.91235508192892 210.8573379715758 0.056747499998891726
5 199.91235508192892 210.8573379715758 0.061933399992994964
6 76.53480856091575 77.32583878490334 0.07223250000970438
102
7 62.701926142302995 61.02007083240849 1.257677400004468
102
8 62.701926142302995 61.02007083240849 1.252334900011192
9 28.838065557555517 28.5444956031329 0.07851229999505449
102
10 28.838065557555517 28.5444956031329 1.2358462999982294
11 16.437761913818395 15.599385532282385 0.0731816999905277
102
12 8.386296437590588 7.440823704252391 1.230016200002865
102
13 8.386296437590588 7.440823704252391 1.2571826999919722
14 6.1793940954778614 5.208700718218234 0.06393840000964701
102
15 4.661615115013776 3.8176015936345378 2.1581498000014108
102
16 4.661615115013776 3.8176015936345378 1.8850932999921497
17 3.764573635836064 2.9350255201307958 0.08076799999980722
102
18 3.3103196301595292 2.4900851206530596 1.2619735000043875
102
19 2.799588018970592 2.0746707351980445 1.2236038999981247
102
20 2.799588018970592 2.0746707351980445 1.218626600006246
21 2.2956234488278464 1.5887060645167426 0.056981099987751804
102
22 2.1873156093888775 1.5393899383139555 1.233184299999266
102
23 2.1873156093888775 1.5393899383139555 1.2173715999961132
24 1.841301153238526 1.174496925603269 0.05706020000798162
102
25 1.6929525157541196 1.023563987494894 1.2119993999949656
102
26 1.5484619524220573 0.8000312793135085 1.2080569000099786
102
27 1.5484619524220573 0.8000312793135085 1.2157179000059841
28 1.2513170791592512 0.5526200269329898 0.05425970000214875
102
29 1.1386156436922366 0.45167325893809773 1.198987900002976
102
30 1.011243317592232 0.33426213913541153 1.212029000002076
102
31 0.9194281134273266 0.2646646862382176 1.2151024000049802
102
32 0.9194281134273266 0.2646646862382176 1.227894199997536
33 0.8473838948267061 0.1914194187570724 0.05809419999422971
102
34 0.8206774270897808 0.1725890766822707 1.237162499994156
102
35 0.7972381491224124 0.16087999301073808 1.2215704999980517
102
36 0.7622556206938546 0.12747586375130388 1.2151344000012614
102
37 0.7622556206938546 0.12747586375130388 1.2284720999887213
38 0.7561588764094422 0.1247893401629433 0.05517870000039693
102
39 0.7483243053019146 0.11916166346402272 1.2534162999945693
102
40 0.7483243053019146 0.11916166346402272 1.2243508999963524
41 0.7373805130879383 0.10977661520525342 0.0578152000089176
102
42 0.7282925052216981 0.1025762094786084 1.2193053999944823
102
43 0.7282925052216981 0.1025762094786084 1.2235708000080194
44 0.7184687127660574 0.09344290771174167 0.05985489999875426
102
45 0.7122560495686937 0.08778584392401399 1.2124175000062678
102
46 0.7122560495686937 0.08778584392401399 1.2466041000006953
47 0.70576872132014 0.0818464709369101 0.0569851999898674
102
48 0.7022634927911132 0.07876656065457062 1.2171865999989677
49 0.8840057510200755
-------------------------------------------------END------------------------------------------------------
------------------------------------Reduced subspace LM---------------------------------------------------
395.5913332683047 412.4834042795934
0.994821012399085 10
0 365.8458154522239 379.33176178173824 0.1013362999947276
0.9957223152257016 10
1 323.28617259387823 332.41177775308194 0.11610060000384692
0.9943317442817565 10
2 275.9930998277205 283.5230013862086 0.10030769999139011
0.9789700300383299 10
0.9999976541831362 40
3 251.04240367696775 254.94565116434325 0.49157309999282006
0.5401690216346824 10
0.9923699303033727 40
4 152.6435052238655 151.07306937967374 0.40438919998996425
0.6256733429417576 10
0.9844671576924517 40
0.9962082879879334 70
5 88.97062560954969 85.26875683568255 0.8445921999955317
0.6822891700069535 10
0.9959646115642593 40
6 28.00878022751324 29.449544526605045 0.414483200001996
0.949219986353039 10
0.9990795183332207 40
7 25.694431616236415 26.246610707643217 0.43459629999415483
0.8534850325511368 10
0.9981844892497819 40
8 16.11925760369282 16.313557798926016 0.4248381000070367
0.9811223162128653 10
0.9999222692523971 40
9 10.324579670991426 9.443137509789954 0.4162443999957759
0.9600043156564638 10
0.9997734866089274 40
10 4.510525107631498 3.721282499442904 0.417046799993841
0.986088840910544 10
0.9999633296187687 40
11 3.3348080710054244 2.600179528985488 0.41782260000763927
0.9222013441377005 10
0.9999540570784362 40
12 2.967679244786984 2.2153237268815755 0.40737329999683425
0.9912061854318548 10
13 2.8030099444362886 2.0278083858254385 0.09985810000216588
0.0058133126748568745 10
0.9949313674707486 40
14 2.5937359482759508 1.9243969806028645 0.4099148000095738
0.9802222090223396 10
0.9999502787266398 40
15 2.375053437944198 1.631736546672188 0.6043646000034641
0.9691637238752944 10
0.9999534257061647 40
16 2.161397634389146 1.512489602582045 0.4272322000033455
0.9582068057726016 10
0.9999514632290786 40
17 2.0120685333812203 1.3001432729722442 0.8595535999920685
0.965425036759938 10
0.9999583557189606 40
18 1.8569576361339812 1.203714361588114 0.7034694000030868
0.9209015122311155 10
0.9999249263576773 40
19 1.7611669554875486 1.0779126581735856 0.7355440999963321
0.8681073603448191 10
0.9997795433408322 40
20 1.663405842116975 1.0161221143062176 0.42842799999925774
0.7511793090232685 10
0.9999061582174493 40
21 1.5719600549610977 0.9129416295213324 0.4434512000007089
0.8705880574056509 10
0.999815106238028 40
22 1.5027840442844944 0.8483826505368416 0.4342837000003783
0.7991459661647969 10
0.9998692941268281 40
23 1.4551356406862141 0.7928191915149138 0.4148902999877464
0.8856188524469458 10
0.999907000657446 40
24 1.384052916625717 0.723314407685543 0.40848370001185685
0.760456486429498 10
0.9998117506363269 40
25 1.3597499447930186 0.705769172399192 0.42569270000967663
0.8561766053294304 10
0.9999082618403325 40
26 1.2933973662719092 0.6282264931560023 0.4156173000083072
0.7389703955948207 10
0.9998431547085239 40
27 1.2750925313680637 0.6226078652999927 0.4428120999946259
0.82903384549102 10
0.9999071051312364 40
28 1.227400658746933 0.562739324304604 0.41674920001241844
0.7069307851913536 10
0.9997653861302018 40
29 1.2054457219393275 0.5578195863031679 0.4017481000046246
0.8450708648961818 10
0.9999162031045564 40
30 1.1648238193517546 0.5027338770639896 0.4263537999941036
0.7319693593871055 10
0.9998133760984169 40
31 1.1439411836585258 0.49682611301646834 0.4335145999939414
0.846751501509834 10
0.9999160540020645 40
32 1.114644781828031 0.4551859521190249 0.4277468000072986
0.7349052713540993 10
0.9998029959573672 40
33 1.0952188161917522 0.44740564413290074 0.4288634999975329
0.845216377489961 10
0.9999077323627688 40
34 1.071790956920557 0.4185840275932814 0.4280587000102969
0.7485152008028599 10
0.9997356853099544 40
35 1.0528482198726818 0.4053453073315659 0.4443732999934582
0.8456173045923294 10
0.9999240492870511 40
36 1.0330777073770288 0.3786193837154613 0.42643749999115244
0.750542634178047 10
0.9997306288238991 40
37 1.0169474320855278 0.3687999671427598 0.42603919999965
0.8246549543600042 10
0.9999221636268149 40
38 0.9986694774518597 0.34826525496101063 0.4438042999972822
0.7713116509292544 10
0.9996808011558377 40
39 0.9821400688641599 0.3338851252950696 0.44008230000326876
0.824911230234082 10
0.9999231737189688 40
40 0.9656906931605025 0.31711026504661655 0.432592700002715
0.7807255694355059 10
0.9998053282051533 40
41 0.9518034080465186 0.30443423474110964 0.4161692000052426
0.8298932859264382 10
0.999960393411174 40
42 0.9374866674713439 0.28939313247703397 0.4251947000011569
0.780668174800708 10
0.9998749461440947 40
43 0.9250977627828731 0.27910858781878045 0.421706200009794
0.8494644634117546 10
0.9999566269951964 40
44 0.9120896135486931 0.268047833425309 0.4368677000020398
0.7936184408471613 10
0.9999035784958588 40
45 0.900713768009094 0.2558361212132819 0.4315292999963276
0.848651607114984 10
0.9999670135288308 40
46 0.8892410555770693 0.2481250237261326 0.4736492999945767
0.7837412046402349 10
0.9999281175422762 40
47 0.8790562791811198 0.23650388788720783 0.41195940000761766
0.8849652511680834 10
0.9999556971899437 40
48 0.8684383484676796 0.23131427573357183 0.5725393999891821
0.8274095334894691 10
0.9999256743900389 40
49 0.8591305099434495 0.21839176340621055 0.43068350000248756
0.896249602070784 10
0.9999705508480844 40
50 0.8497261109664233 0.21550086618073017 0.5842337999929441
0.7934784478813592 10
0.9999464743561356 40
51 0.841781964467762 0.2039996459207482 0.42008959999657236
0.8876937673681926 10
0.999965188454795 40
52 0.8334590730148435 0.20114232177361469 0.5063003999966895
0.6764643755188102 10
0.9999339801721135 40
53 0.8261253860419856 0.19036141771437917 0.43266240000957623
0.8932359450745025 10
0.9999789273215093 40
54 0.818957790399514 0.189209393695311 0.4459826999955112
0.7044035031455782 10
0.9999413862212175 40
55 0.8125979782266605 0.17882090569545014 0.43173989999922924
0.8760089991446511 10
0.9999738382085851 40
56 0.806080948320427 0.1780343962065067 0.43999470000562724
0.6182982525398124 10
0.99993275654849 40
57 0.8002642967812968 0.16815299489126387 0.44883939999272116
0.873888984570997 10
0.999976500782443 40
58 0.7943977814863158 0.16808964882134017 0.4140140999952564
0.6329224286123927 10
0.9999326050402152 40
59 0.7893087576712039 0.15918888150866886 0.41721220000181347
0.8836405966658953 10
0.9999717683357192 40
60 0.7842066827900642 0.1589432375203129 0.4378185000095982
0.613556320307976 10
0.9999360548689644 40
61 0.7797006026573204 0.15121421197949403 0.42067029999452643
62 0.43936323064507077
-------------------------------------------------END------------------------------------------------------
39
-------------------------------------------Classical LM---------------------------------------------------
350.31582366140486 362.5673837468818
0 300.4646719546491 285.72445082184134 0.9321550000022398
1 300.4646719546491 285.72445082184134 0.9904517000104534
2 300.4646719546491 285.72445082184134 0.9423666999937268
3 78.29598401652854 77.35739930627993 1.079057399998419
4 78.29598401652854 77.35739930627993 0.9187654000124894
5 78.29598401652854 77.35739930627993 0.9657584999949904
6 54.89737441444256 53.413203532576865 0.9749765000015032
7 54.89737441444256 53.413203532576865 0.9002790999948047
8 48.49899047264579 49.68998254437937 0.8993025999952806
9 22.657080016149678 21.85118923669107 0.9618533999891952
10 15.994686237860366 15.682119023895714 0.8795766999974148
11 15.994686237860366 15.682119023895714 0.9091700999997556
12 10.591514409151616 9.716747823176146 0.9295487999916077
13 5.102084892316369 4.371934277915576 0.912926899996819
14 5.102084892316369 4.371934277915576 0.8517889999930048
15 4.193431881065446 3.3775877682524977 0.9856997000024421
16 3.682054581885641 2.928681950865105 0.9902169999986654
17 3.682054581885641 2.928681950865105 0.963817800002289
18 3.4088840783385725 2.574013494706471 0.9345777999988059
19 3.1894755351251813 2.3859907378224383 0.9482832999929087
20 3.1894755351251813 2.3859907378224383 0.9118958999897586
21 3.0563537502181317 2.289265082298918 0.928294299999834
22 2.941524783137384 2.183051780018166 0.9011731999926269
23 2.868409281573823 2.086596904654382 0.9158734000084223
24 2.868409281573823 2.086596904654382 0.8878632999985712
25 2.695557632465129 1.9886396679635878 0.9802904999960447
26 2.6429904091102747 1.913375308706145 1.358883800014155
27 2.6429904091102747 1.913375308706145 0.9700773999938974
28 2.5686877276651066 1.9041528402971997 0.9247673000063514
29 2.527107379474859 1.85423958388227 2.0949459000112256
30 2.527107379474859 1.85423958388227 0.8410485000058543
31 2.479652634512228 1.8537554038795676 0.946378900000127
32 2.4417998542615234 1.8189834317124187 2.087375000002794
33 2.4417998542615234 1.8189834317124187 0.9094396000000415
34 2.4064255951620384 1.810679029390493 0.9747457999910694
35 2.370922770536494 1.7831964788852146 1.8817651999997906
36 2.370922770536494 1.7831964788852146 0.9176511999976356
37 2.3389797785330315 1.7697407568882348 0.9322046000015689
38 2.2987181195594006 1.7370523384797452 0.9335947999934433
39 2.283843047350371 1.722939137122719 0.8702417000022251
40 2.283843047350371 1.722939137122719 1.810015499999281
41 2.082426168048291 1.5288244073173807 0.9252898999984609
42 2.00778822648067 1.3963178135356797 0.9398808999976609
43 2.00249691821421 1.3638271852124895 1.4871169999969425
44 2.00249691821421 1.3638271852124895 0.903671400010353
45 1.8670298661152054 1.2438889698241993 0.9656729999987874
46 1.8466771188745588 1.215349150003106 0.9970714000082808
47 1.8466771188745588 1.215349150003106 0.9004936999990605
48 1.8031934747417895 1.1626520892043364 0.9332793000066886
49 1.7802950279349068 1.1360427240593285 1.0143296999885933
50 1.755125257899754 1.104579098281351 0.8567734000098426
51 1.755125257899754 1.104579098281351 0.9376554000045871
52 1.715840829555441 1.0685712213433969 0.9398824999952922
53 1.6896615837097462 1.0377594094534592 0.8879484000062803
54 1.6687593753749244 1.0171076489674407 0.9785166999936337
55 1.6687593753749244 1.0171076489674407 0.9001181000057841
56 1.6208586667815423 0.9805154688886826 0.9221491000062088
57 1.598883876414936 0.9582144028626085 0.8879900000029011
58 1.598883876414936 0.9582144028626085 0.9039560999954119
59 1.576898692857602 0.9457422200281501 0.9469132000085665
60 1.5594571641916932 0.9261245247747031 0.9617931000102544
61 1.5453677824959522 0.9088800606336709 0.9151181999914115
62 1.5453677824959522 0.9088800606336709 0.927034200009075
63 1.513107651095271 0.8835936933214431 0.9456735999992816
64 1.4984819603156845 0.8656081917976517 0.900278300003265
65 1.4984819603156845 0.8656081917976517 0.9455443000042578
66 1.4800074979400022 0.8498939386158095 1.11228659999324
67 1.4692883256816036 0.8414250890717658 0.913515299995197
68 1.4692883256816036 0.8414250890717658 0.8885058000014396
69 1.451958029842479 0.8245015585037931 0.9847793000080856
70 1.4387054730449367 0.8144755767363658 0.8930519999994431
71 1.419657022870995 0.8002293707979691 0.9059651999996277
72 1.4085736544815175 0.8050494355228478 0.9745036999956938
73 1.4085736544815175 0.8050494355228478 0.93248339999991
74 1.3443412206633616 0.7611666731300579 0.9436267999990378
75 1.3127632636469566 0.7446150549164856 0.9007238999911351
76 1.2797787171508186 0.7215101082555918 0.9187385999975959
77 1.2797787171508186 0.7215101082555918 0.8521483999938937
78 1.240247374503103 0.7112637798398903 0.9485067999921739
79 1.240247374503103 0.7112637798398903 0.8955378999962704
80 1.159766568465086 0.6026651041599108 0.9101927000010619
81 1.159766568465086 0.6026651041599108 0.8953619000094477
82 1.1286459861793645 0.5674374998887752 0.9927982999943197
83 1.1243339812555317 0.5536442988250394 0.9234305999998469
84 0.9935643726189266
-------------------------------------------------END------------------------------------------------------
-------------------------------------------Krylov LM---------------------------------------------------
350.31582366140486 362.5673837468818
102
0 305.73789537761724 289.5010013059773 1.7535248000058345
102
1 134.72797805683442 133.62351199503837 1.2059547999961069
102
2 134.72797805683442 133.62351199503837 1.401392500003567
3 134.72797805683442 133.62351199503837 0.0759124000032898
4 134.72797805683442 133.62351199503837 0.057388700006413274
5 134.72797805683442 133.62351199503837 0.061133900002459995
6 55.135371374588736 52.37174607846708 0.06644670000241604
102
7 55.135371374588736 52.37174607846708 1.2358740999916336
8 29.54152982524891 28.62174383939249 0.04684320000524167
102
9 20.92071311383081 19.065576860798448 1.2250875000027008
102
10 20.92071311383081 19.065576860798448 1.2304192000010516
11 12.729440265270798 11.892495817641207 0.06480979999469128
102
12 8.108475481280177 7.360133256757355 1.2298077000014018
102
13 6.707591393196561 5.875906094830081 1.1960465000011027
102
14 5.1180696602286755 4.351055800899671 1.2105615000036778
102
15 3.6168950088878513 3.0378938842952645 1.226669600000605
102
16 3.6168950088878513 3.0378938842952645 1.4914230000140378
17 3.6168950088878513 3.0378938842952645 0.06872909999219701
18 3.4493231107877 2.8523672043890347 0.056844899998395704
102
19 3.4493231107877 2.8523672043890347 1.2377672000002349
20 3.3870089154633285 2.7497837688488707 0.05944539999472909
102
21 3.336994043546609 2.691271891684286 1.2767994000023464
102
22 3.320086271165702 2.672270084714161 1.2389260999916587
102
23 3.320086271165702 2.672270084714161 1.2063183999998728
24 3.192485839619155 2.506531392711223 0.058210800008964725
102
25 3.1544043978440417 2.470586770631251 1.22644460000447
102
26 3.1146550908143893 2.433602773365667 1.2303919999976642
102
27 3.1146550908143893 2.433602773365667 1.5825518000056036
28 3.054873943794719 2.35899220373297 0.05888099998992402
102
29 3.023002965311741 2.324645113882758 1.4211426000110805
102
30 3.023002965311741 2.324645113882758 1.2866232999949716
31 2.9835921268626975 2.293379638973068 0.06625089999579359
102
32 2.965494845585348 2.265844051609873 1.2285986999922898
102
33 2.965494845585348 2.265844051609873 1.2143167999893194
34 2.924074704512873 2.243546581929031 0.05823089998739306
102
35 2.8985993366760847 2.2153939534051035 1.2277721999998903
102
36 2.855880559587251 2.178645537501191 2.02468570000201
102
37 2.7825654659107064 2.1281759214087304 1.2110850000026403
102
38 2.7825654659107064 2.1281759214087304 1.2516250000044238
39 2.749370474289424 2.10721890006403 0.05612430001201574
102
40 2.749370474289424 2.10721890006403 1.2203467999934219
41 2.732104133401608 2.0882267944300565 0.05000780000409577
102
42 2.718235477754147 2.0721630147529018 1.2170975000044564
102
43 2.718235477754147 2.0721630147529018 1.221891000008327
44 2.6895393556974523 2.0416420488544547 0.0738240000064252
102
45 2.6895393556974523 2.0416420488544547 1.2077319999953033
46 2.676547929263439 2.028157256813114 0.05600489999051206
102
47 2.6647041748666362 2.0021524660050063 1.219646700003068
102
48 2.6647041748666362 2.0021524660050063 1.2065307000011671
49 2.637630490943209 1.9765490814102427 0.04513020000013057
102
50 2.637630490943209 1.9765490814102427 1.2427171000017552
51 2.6255000586945534 1.9667151279256214 0.07186860000365414
102
52 2.6103371581973005 1.940957328176484 1.228670600001351
102
53 2.6103371581973005 1.940957328176484 1.236824500010698
54 2.598194727540567 1.934440569305164 0.057845600007567555
102
55 2.5855625973825553 1.9141576414196606 1.2052605999924708
102
56 2.578339092309023 1.8919895848388526 1.198449299990898
102
57 2.577028731591055 1.880213305928642 1.217400399997132
58 0.8638674189659751
-------------------------------------------------END------------------------------------------------------
------------------------------------Reduced subspace LM---------------------------------------------------
350.31582366140486 362.5673837468818
0.9949719880606055 10
0 328.6578641115771 338.5611084604262 0.11551430000690743
0.9932213297787944 10
1 297.5796751475775 305.3634702245253 0.1174825000052806
0.9822449289073694 10
0.9999946542355119 40
2 223.64423215910458 226.51350804957568 0.4084614000021247
0.8310720109462069 10
0.976550210242787 40
0.997551487096312 70
3 171.27646192527936 173.72515200029477 0.8339247999974759
0.9042578182341361 10
0.9989292993164804 40
4 111.32443933763383 109.52951467742672 0.450786599991261
0.9755923000260999 10
0.999809051913385 40
5 64.29955473816764 67.77001216603254 0.40941349999047816
0.9654834670815756 10
0.9998368826980003 40
6 29.87880186312055 28.162788982049463 0.7732394999911776
0.9651351070557267 10
0.9999384189887237 40
7 17.659276544414276 16.515309268817962 0.4113760999898659
0.9782431226776204 10
0.999886504633797 40
8 8.698998010333108 7.889334734822491 0.4734738999977708
0.9893851890227817 10
0.9999744891152667 40
9 5.677932673168789 4.823953424015801 0.5077154000027804
0.9823721627517741 10
0.9999854750737116 40
10 4.768439749059936 4.024140853439807 0.4210045999934664
0.9742513515066614 10
0.999987966436181 40
11 3.851642871431786 3.074392482069715 0.4340611999941757
0.8892604047570257 10
0.9999757955433681 40
12 3.523781661596592 2.722822141866597 0.43451310000091325
0.95751176369314 10
0.9999912867750091 40
13 3.2053120801481856 2.4097535614241226 0.4159114999929443
0.8435229069876836 10
0.999920300765649 40
14 2.9635279102445535 2.160013515299568 0.4201184999983525
0.9239778132279198 10
0.9999842884611817 40
15 2.7229236715772727 1.9103549457309454 0.43001149999327026
0.896509767898691 10
0.9999660052132692 40
16 2.471677555481699 1.6430167196780425 0.4375980000040727
0.8939596617625538 10
0.9999894296899915 40
17 2.368367161250154 1.5710042261468327 0.433541200007312
0.8871457944551855 10
0.9999149206382221 40
18 2.055049440157748 1.2615361498434141 0.4229124999983469
0.9122644107153138 10
0.9999836591948151 40
19 2.0226799282205055 1.2590403882109216 0.4129944999876898
0.8714924588468634 10
0.9999778514074397 40
20 1.741607872306661 0.9817222655097987 0.44259670001338236
0.9870481989425366 10
0.9999946214274823 40
21 1.6400525968334005 0.9013947537977144 0.4348979999922449
0.8215287875543308 10
0.9999430212936827 40
22 1.536994923986074 0.7985691129283068 0.5614597999956459
0.9754114384253311 10
0.999993649473257 40
23 1.4659204636939165 0.7404960550581166 0.7553923999948893
0.9237497121569315 10
0.999989398047904 40
24 1.3987983901487118 0.6774785632772039 0.5378302000026451
0.9441040661969722 10
0.9999930821685299 40
25 1.3390460809447853 0.63129981654698 0.5149763999943389
0.9373184219242419 10
0.9999910397285042 40
26 1.2883496218443162 0.579031929467863 0.44574500000453554
0.9037720933464618 10
0.9999930005556121 40
27 1.2395778366274917 0.555915996563279 0.5083211000019219
0.8847616895282407 10
0.999979447688435 40
28 1.2008309764550258 0.509265077541738 0.7219689000048675
0.8634017391210455 10
0.9999889714187479 40
29 1.1689312199298116 0.4984487409341943 0.42069919999630656
0.8205783694712945 10
0.9999776656922127 40
30 1.1403133079902557 0.4584279673568474 0.4098131999926409
0.7533046523465843 10
0.9999753932968997 40
31 1.1153468365969423 0.44993837967179867 0.4156957999948645
0.7938993448172358 10
0.9999266784294639 40
32 1.0913734808585716 0.41918341916140445 0.4196110999910161
0.7533211793057418 10
0.9999629792680038 40
33 1.0688935577855523 0.40736532103460377 0.408704100002069
0.8725044396963149 10
0.999993678402415 40
34 1.0487073727369536 0.3818607711470979 0.39826479999464937
0.8593174148458255 10
0.9999948407864611 40
35 1.0299112378232118 0.3766479105857723 0.40211310000449885
0.8669321273489998 10
0.9999903186810402 40
36 1.0125461783062837 0.35539637350936426 0.4580203000077745
0.8731338285851633 10
0.9999918440598208 40
37 0.9966861528275341 0.3487524155485806 0.44453039999643806
0.894171857054362 10
0.999997131644868 40
38 0.9818513578925114 0.3325272499982233 0.8321493999974336
0.8838387222761556 10
0.999996149958102 40
39 0.967622059449844 0.3215215200265869 0.40163229999598116
0.8909341410389527 10
0.9999962488680518 40
40 0.9532511157768775 0.31092691098331415 0.42431059999216814
0.8618844082463727 10
0.9999936674449946 40
41 0.9412639855918009 0.30312258814555876 0.426816899998812
0.9346801838510665 10
0.999995395180151 40
42 0.9294054353078675 0.29052050130897417 0.3894328000023961
0.8326192218410295 10
0.9999949092383722 40
43 0.9190254844905732 0.2821074291452571 0.41408940000110306
0.9295940880563525 10
0.9999947317071965 40
44 0.9090901228061626 0.2738655344532587 0.4446560999931535
0.878945006450105 10
0.9999949476247697 40
45 0.9003693599970114 0.2658824728756247 0.424960700009251
0.9137146421066972 10
0.9999956301918785 40
46 0.8919043287025755 0.2579972773513201 0.43100399999821093
0.8647633047277951 10
0.9999944172951933 40
47 0.8837283159802886 0.25068355094441414 0.4173621999943862
0.9068587235109691 10
0.9999955058422093 40
48 0.8756829074688183 0.2428448891423548 0.41519299999345094
0.8692094239443232 10
0.9999944567203692 40
49 0.8685629056561942 0.23564249999540382 0.42775060000712983
0.924038975361886 10
0.9999960473142906 40
50 0.8611137700549243 0.22835925801025428 0.4311372000083793
0.8595793211931311 10
0.9999959384729895 40
51 0.8543852121936205 0.22073600248242198 0.43012659999658354
0.9387052135678077 10
0.9999955379383905 40
52 0.8479941953767232 0.21605393967065614 0.43750859999272507
0.8173829707967211 10
0.9999962901163574 40
53 0.841899091702088 0.20738441733892643 0.42558439999993425
0.9344859847393238 10
0.9999964973019372 40
54 0.8363805692988316 0.20368626886901744 0.4787871000007726
0.8714661649615139 10
0.9999966509723235 40
55 0.8308589973021608 0.19558205232052467 0.4121473999985028
0.9073499915966607 10
0.9999969604266241 40
56 0.8257485750089598 0.19247372138760396 0.4266069999866886
0.8622241111625051 10
0.99999713377742 40
57 0.8209552155431329 0.18534700038626847 0.42375560000073165
58 0.4548225344810033
-------------------------------------------------END------------------------------------------------------
40
-------------------------------------------Classical LM---------------------------------------------------
398.17443247950877 418.3348832945827
0 394.27696768857214 398.8044919028331 0.9608626999979606
1 207.3654921450878 212.8388257411023 0.8967741999949794
2 192.4891964810956 192.64967472185597 0.9387597000022652
3 192.4891964810956 192.64967472185597 0.932861099994625
4 168.12661381933356 163.05704457101464 1.0034658000076888
5 168.12661381933356 163.05704457101464 0.9695063999970444
6 168.12661381933356 163.05704457101464 0.9575516999902902
7 53.53749918246418 52.500302388124375 0.9339499000052456
8 53.53749918246418 52.500302388124375 0.9160714000026928
9 53.53749918246418 52.500302388124375 0.9576396999909775
10 34.26635668156057 33.393230182250946 0.9679614000051515
11 34.26635668156057 33.393230182250946 0.8536958000040613
12 24.310114890720037 22.58658126278315 0.9143443000066327
13 11.885865573794549 10.220275134838072 0.8882913999987068
14 10.784776367516681 9.624826843611583 0.8926403999939794
15 10.307695197459628 9.419772787359166 0.864674800002831
16 10.307695197459628 9.419772787359166 1.161678499993286
17 4.064477429737306 3.3849628667606395 1.0179107000003569
18 4.064477429737306 3.3849628667606395 0.9131549000012456
19 2.750638443900272 1.9964172810884246 0.9603164000000106
20 2.460721689495655 1.7424246554126879 0.9411087999906158
21 2.304757772767707 1.6099379229497066 0.8945333000010578
22 2.304757772767707 1.6099379229497066 0.9507959000038682
23 1.836011527157329 1.1323891611743842 0.9820219999965047
24 1.6514752218070834 1.0083516218639008 0.9317257000075188
25 1.5714023211517356 0.9252214190684189 0.9318505999981426
26 1.5714023211517356 0.9252214190684189 1.086379799991846
27 1.3719364902381672 0.7530214296252068 0.9862838000117335
28 1.3719364902381672 0.7530214296252068 1.0649094999971567
29 1.2330519273886715 0.5966505233219672 1.002460699994117
30 1.2101244327213836 0.5804445292666157 0.9306376000022283
31 1.2101244327213836 0.5804445292666157 0.8646333999931812
32 1.1619807157529176 0.5329136397889002 0.9560621000127867
33 1.1619807157529176 0.5329136397889002 0.9092065000004368
34 1.1361828874494622 0.5038041339878275 1.0137312000006204
35 1.1213404055032865 0.4934987737638053 0.8922737000102643
36 1.1186455124406516 0.4990254915200975 0.926400399999693
37 0.9504628702703191
-------------------------------------------------END------------------------------------------------------
-------------------------------------------Krylov LM---------------------------------------------------
398.17443247950877 418.3348832945827
102
0 397.4680686227633 404.41390308696776 1.2249393000092823
102
1 186.32571991369142 192.4007665341601 1.2229303999920376
102
2 122.06550166895371 116.65102992541533 1.2324951000045985
102
3 122.06550166895371 116.65102992541533 1.1994833999924595
4 122.06550166895371 116.65102992541533 0.06139059999259189
5 122.06550166895371 116.65102992541533 0.06751320000330452
6 81.3218919464874 82.96362841948678 0.05191580000973772
102
7 81.3218919464874 82.96362841948678 1.199111099995207
8 60.93407812478588 58.36584341697914 0.06319359999906737
102
9 60.93407812478588 58.36584341697914 1.22742440001457
10 60.93407812478588 58.36584341697914 0.05636520002735779
11 20.919929791391215 21.072328092232492 0.07049710000865161
102
12 9.815560013401548 8.735532504568097 1.224973799980944
102
13 6.690059588455342 5.837286632039284 1.2165376999764703
102
14 5.660434724978257 5.07170321454275 1.1949253999919165
102
15 5.660434724978257 5.07170321454275 1.2503836999821942
16 4.244640966313216 3.4244062247160665 0.07720950001385063
102
17 3.872293562621283 3.137000563525932 1.4421065999777056
102
18 3.872293562621283 3.137000563525932 1.2549206000112463
19 3.7622361228893264 2.9762593531711126 0.07281329997931607
102
20 2.9819613763934036 2.3593458582942093 1.2354186000011396
102
21 2.9819613763934036 2.3593458582942093 1.2514589999918826
22 2.9819613763934036 2.3593458582942093 0.0576221999945119
23 2.595666813867294 1.8993060544512874 0.07219080001232214
102
24 2.437235706694833 1.7688062856821847 1.2280299999983981
102
25 2.2524594339281205 1.5716800824414285 1.2181240000063553
102
26 2.1627824571264163 1.4586961910929321 1.1975894000206608
102
27 2.1627824571264163 1.4586961910929321 1.2243293999927118
28 1.9880711052256388 1.2626000847729282 0.0720599000051152
102
29 1.877000430991569 1.1601032108907374 1.222715599986259
102
30 1.877000430991569 1.1601032108907374 1.2028768000018317
31 1.8215859515146366 1.112104971693812 0.05837519999477081
102
32 1.7541739290825649 1.0503049764553138 1.221586200001184
102
33 1.7359303690198198 1.0364115837546173 1.2426046000036877
102
34 1.7359303690198198 1.0364115837546173 1.2227357999945525
35 1.649016488827626 0.9564653360372578 0.05658799997763708
102
36 1.649016488827626 0.9564653360372578 1.2267251999874134
37 1.5944359032680255 0.9174222840130317 0.056045500008622184
102
38 1.5448933100869557 0.8788861473652935 1.223769700009143
102
39 1.4896368863134988 0.8459952568661445 1.2334315000043716
102
40 1.464018504679801 0.8269963091450527 1.2851389000134077
102
41 1.419157893848867 0.7912604921579268 1.2008715999836568
102
42 1.419157893848867 0.7912604921579268 1.2036804999806918
43 1.3965422025495555 0.7663896115846653 0.06456219998653978
102
44 1.3665111274035528 0.7462210848072356 1.235290399985388
102
45 1.3665111274035528 0.7462210848072356 1.2236641999916174
46 1.335484814868413 0.7139811594557731 0.06375920001300983
102
47 1.305533026152757 0.693532049537689 1.2210238999978174
102
48 1.305533026152757 0.693532049537689 1.2458569000009447
49 1.2638443265027381 0.6481467018733887 0.05717850002110936
102
50 1.2265967286787804 0.6192639916572055 1.186511599982623
102
51 1.2265967286787804 0.6192639916572055 1.2239313000172842
52 1.2001203535839982 0.5840383390159122 0.0679707000090275
102
53 1.177546525951016 0.5655461780100077 1.2093448000086937
102
54 1.1694199617946763 0.5431121119991833 1.2506628000119235
102
55 1.1356770319583485 0.5176781083749938 1.2243370999931358
102
56 1.1356770319583485 0.5176781083749938 1.2149451000150293
57 1.1292817888567215 0.50380389497095 0.0716625000059139
102
58 1.0920470261457227 0.472583946312493 1.2100306999927852
102
59 1.0920470261457227 0.472583946312493 1.2282166999939363
60 1.0886716574809794 0.47369761044400954 0.047490400000242516
61 0.8470743803272108
-------------------------------------------------END------------------------------------------------------
------------------------------------Reduced subspace LM---------------------------------------------------
398.17443247950877 418.3348832945827
0.9884204618850759 10
0.9999899005740676 40
0 365.27729896963297 381.71764714077034 0.42304029999650083
0.9661787399942979 10
0.9999817764606382 40
1 285.37006900005974 294.37553214815176 0.42717859998811036
0.8827278711463417 10
0.9998089325466303 40
2 261.3459077206266 268.43639644587273 0.6295874000061303
0.8447411797934621 10
0.999680547957796 40
3 244.3290745176945 250.64792027190467 0.5800550999992993
0.8534143361252863 10
0.9998180250534957 40
4 225.03583563520885 230.65416226161102 0.5835572000069078
0.9178659481482303 10
0.9998914599809373 40
5 221.9351029038177 219.00489518825788 0.4793129999889061
0.9894470024374733 10
0.9999897298328625 40
6 186.51502903789114 191.16193263435585 0.4532360000011977
0.9563067674994793 10
0.999870833269587 40
7 64.09245873747021 60.44518033135994 0.43228789998102
0.9648705140964197 10
0.9999799669472379 40
8 31.8877711703071 30.58675795223344 0.5110225999960676
0.9735890391470294 10
0.9999905299724965 40
9 16.676580553878104 15.821588195561857 0.5886256999801844
0.915126470200307 10
0.9999586128859391 40
10 12.953583631330718 12.097396160697722 0.8686203000252135
0.9981811498980814 10
11 5.520134909544384 4.347366724255873 0.12000090000219643
0.6954399103399177 10
0.9999765994568033 40
12 4.198656972669212 3.1378207627772734 0.5904131999996025
0.973049797766147 10
0.9999875159451482 40
13 3.4964243204761996 2.43247191136548 0.4381162000063341
0.9289541402971009 10
0.9999295798840983 40
14 3.4683503288120576 2.5271663013617616 0.4301387000014074
0.9279288833677862 10
0.9999682300695195 40
15 2.83471568658181 1.9967487018994388 0.4240824000153225
0.9876718523507803 10
0.9999866245035871 40
16 2.520841667903435 1.693489574748247 0.4260794000001624
0.8908123463970079 10
0.999969122494587 40
17 2.1463330873776902 1.346560669629972 0.42791609998675995
0.9868987608551355 10
0.9999852081203929 40
18 1.854359857608829 1.0764595802088277 0.39919739999459125
0.9090524150497441 10
0.9999812870983819 40
19 1.6952677323400331 0.8938696236230014 0.43117339999298565
0.9670004246808406 10
0.9999447499934421 40
20 1.5684904085351725 0.7962161062821416 0.4263195999956224
0.8933333491178762 10
0.9999789088200961 40
21 1.4840358786185677 0.7103425566363558 0.45290179998846725
0.9618187000827826 10
0.9999856748936286 40
22 1.4040581785250381 0.6577847782605434 0.416430000012042
0.9487483619141588 10
0.999979175720606 40
23 1.3361498717033662 0.5881832695333652 0.42376979999244213
0.9484665648759313 10
0.999975344832321 40
24 1.281664930848285 0.5553623234407432 0.41834830000880174
0.9730634344440842 10
0.9999816295512418 40
25 1.2328524322437089 0.5192079224428546 0.41231760001392104
0.9679599310699023 10
0.9999930160866372 40
26 1.1885311786560722 0.47743984974089304 0.5256288000091445
0.9792939736160262 10
0.999985964687985 40
27 1.1501964842964407 0.4591581442981368 0.4263378999894485
0.9712352201285188 10
0.9999874642450579 40
28 1.1162232251977378 0.41724163164580874 0.4227690999978222
0.9838546306559408 10
0.9999837227614771 40
29 1.0830988506480748 0.40547165062529344 0.4116368000104558
0.9434564883631688 10
0.9999853706809362 40
30 1.050557243741125 0.3669572169366681 0.4280080999888014
0.9697703767621264 10
0.9999821410958039 40
31 1.0153409334915715 0.35268133969018356 0.41079239998362027
0.9379436963729533 10
0.9999809294048987 40
32 0.9837301411297689 0.3158888147061684 0.4117735000036191
0.9474851154596718 10
0.9999825306511166 40
33 0.9536242050224734 0.29842029742997783 0.40187169998534955
0.8810999462477321 10
0.999963144849797 40
34 0.9269349449698325 0.27041248914521326 0.4199145000020508
0.9360310333636029 10
0.9999822458700993 40
35 0.899496535429544 0.2506393618478328 0.41363269998691976
0.7627133339919411 10
0.9997670173259398 40
36 0.877198093896735 0.22979539172287947 0.4273850999888964
0.9147641989971881 10
0.9999815046496132 40
37 0.8595099225884227 0.21743546488724966 0.41296829999191687
0.7181107715143411 10
0.999784410809348 40
38 0.8440395881225399 0.20079371777682012 0.41505000001052395
0.8481245260027052 10
0.9999788325299722 40
39 0.8307757364924744 0.1893307687187455 0.42700900000636466
0.6461847466400186 10
0.9995843552143849 40
40 0.8189903406097707 0.1793579219810511 0.40741529999650083
0.7005918892084003 10
0.9999698310763866 40
41 0.807936062303995 0.1707896966539321 0.4307157000002917
0.6478830567799609 10
0.9998727438896997 40
42 0.7967209158361055 0.16111042516984667 0.43129060001228936
0.5564090741076092 10
0.9999671463643759 40
43 0.7870494775599544 0.151788458523634 0.5331971000123303
0.7731378459944815 10
0.9999639573908637 40
44 0.777980286577284 0.14473628851512693 0.4349328999815043
0.3599061759131472 10
0.999840665439042 40
45 0.77018603996209 0.13688659221304653 0.4436381999985315
0.7663367983510516 10
0.9999648200533581 40
46 0.7640960070346392 0.13300084942777476 0.4505150000040885
0.30317711884108584 10
0.9998860679085941 40
47 0.758548458572422 0.12752453640374792 0.7719839999917895
0.7151119891969742 10
0.9999678234900012 40
48 0.7538252753613062 0.12479591451588759 0.6910498999932315
49 0.4645560306107283
-------------------------------------------------END------------------------------------------------------
41
-------------------------------------------Classical LM---------------------------------------------------
362.93284954906187 381.9629665569954
0 360.1242774613839 381.47167750038346 1.3075604000187013
1 251.43573473965313 251.96910830080057 1.6305261999950744
2 251.43573473965313 251.96910830080057 1.276617499999702
3 251.43573473965313 251.96910830080057 1.0038990999746602
4 251.43573473965313 251.96910830080057 0.9853953999991063
5 251.43573473965313 251.96910830080057 1.0618994000251405
6 210.96574570791628 201.18438295538573 1.2585779999790248
7 210.96574570791628 201.18438295538573 0.9791165000060573
8 115.10675535025536 112.30124703516836 1.0365026999788824
9 50.44585156403714 47.79626814635744 0.8843150000029709
10 50.44585156403714 47.79626814635744 0.9383113000076264
11 43.957669201589816 40.97429133149423 0.9849561000009999
12 21.67193497015844 20.14951473201264 0.9258804999990389
13 21.67193497015844 20.14951473201264 0.9044447999913245
14 14.098649670074334 13.188090243613583 0.9374855000060052
15 9.477685432006654 8.417998699177103 0.8940569999977015
16 9.477685432006654 8.417998699177103 0.8800133000186179
17 6.080255097402506 5.225777349751758 0.8936032000056002
18 5.530300432651032 4.7251017786891545 0.9697480999748223
19 4.787306189114546 3.9627048998531653 0.8736406000098214
20 4.734850656137144 3.9172234288973597 0.9267442999989726
21 3.913428751710702 3.1485111201202356 0.9655001999926753
22 3.913428751710702 3.1485111201202356 1.4135154999967199
23 3.4195944201905384 2.6485431611307027 0.9909087999840267
24 3.028078958707719 2.3834841192782372 0.9006528000172693
25 2.8175453520623672 2.223171951732622 0.9472836999921128
26 2.8175453520623672 2.223171951732622 0.8672545000154059
27 2.365421620404657 1.776028590330815 0.9573099999979604
28 2.365421620404657 1.776028590330815 0.904814899986377
29 2.228729866996873 1.6661466516781491 0.942792100016959
30 2.183847601593017 1.625279002610266 0.9008493000001181
31 2.183847601593017 1.625279002610266 0.9231735999928787
32 2.152373464644335 1.6021002295465927 0.9874272999877576
33 2.152373464644335 1.6021002295465927 0.8569901999726426
34 2.140358099164949 1.5935693280091514 1.0630196999991313
35 2.1318540818631675 1.591385339590695 0.948572899971623
36 2.1318540818631675 1.591385339590695 0.8959421000035945
37 2.1120702066112242 1.567009885759458 0.9533193000243045
38 2.1102268658054477 1.573356645942957 0.8386126999976113
39 0.9951598589727954
-------------------------------------------------END------------------------------------------------------
-------------------------------------------Krylov LM---------------------------------------------------
362.93284954906187 381.9629665569954
102
0 359.91114688101885 382.0401901949168 1.2142010999959894
102
1 135.41338803791345 131.6087598279875 1.1929520999838132
102
2 135.41338803791345 131.6087598279875 1.1740378999966197
3 135.41338803791345 131.6087598279875 0.05280689999926835
4 135.41338803791345 131.6087598279875 0.043424899980891496
5 135.41338803791345 131.6087598279875 0.06714200001442805
6 135.41338803791345 131.6087598279875 0.04786339998827316
7 80.27654281950046 75.7977624859348 0.06594800000311807
102
8 80.27654281950046 75.7977624859348 1.1898271999962162
9 80.27654281950046 75.7977624859348 0.07321479998063296
10 59.98993909599065 56.919685265385965 0.0550560999836307
102
11 47.87646619128248 44.9597011613081 1.2194923000060953
102
12 37.655595444716475 36.04132713520425 1.2441803000110667
102
13 26.500727280782453 24.881535228504802 1.2096457000006922
102
14 20.948024285416324 19.936994570079673 1.1889630999939982
102
15 14.504022491126799 13.818663683917025 1.2242950000218116
102
16 11.341136911468483 9.89708884328316 1.2296554000058677
102
17 7.803423670110811 6.906311614370333 1.20108810000238
102
18 7.803423670110811 6.906311614370333 1.4635138000012375
19 5.5893047019901765 4.718176724552983 0.0733059000049252
102
20 5.5893047019901765 4.718176724552983 1.673561100004008
21 4.676064042413643 3.8780962769379967 0.04962939998949878
102
22 4.412613125442978 3.6358055177286377 1.4532541999942623
102
23 4.062121142384985 3.3335652916906464 1.2590818000026047
102
24 3.7720870750696873 3.0454116699259113 1.366936899983557
102
25 3.4044954794811355 2.714199814884871 1.234539400000358
102
26 3.110301518178771 2.4766301888584583 1.2404121999861673
102
27 3.020550474400275 2.4442827385654713 1.2780133000051137
102
28 2.6201413793502875 1.996984323908508 1.208270100003574
102
29 2.6201413793502875 1.996984323908508 1.2394839999906253
30 2.607665109940979 1.916984618402096 0.06397099999594502
102
31 2.419033977768043 1.766564759371923 1.238412899983814
102
32 2.359403368004794 1.7168738398217993 1.2292742000136059
102
33 2.3097906298089073 1.6715716106278002 1.2176345999760088
102
34 2.3097906298089073 1.6715716106278002 1.2417206999962218
35 2.3097906298089073 1.6715716106278002 0.05696620000526309
36 2.3097906298089073 1.6715716106278002 0.055922300001839176
37 2.3097906298089073 1.6715716106278002 0.0672597999800928
38 2.2521412411963784 1.6140163079945022 0.050475900003220886
102
39 2.215372290614142 1.5638742977027495 1.2057818000030238
102
40 2.1955274592661227 1.5668442982308672 1.2164620000112336
102
41 2.1955274592661227 1.5668442982308672 1.2324047000147402
42 2.166856682405143 1.5232067038347428 0.05861989999539219
102
43 2.144448039703593 1.5169485133983023 1.3295754000137094
102
44 2.144448039703593 1.5169485133983023 1.2240665999997873
45 2.091692810900692 1.447031671221294 0.05594950000522658
102
46 2.0313459428041374 1.389255622213334 1.241944000008516
102
47 2.0313459428041374 1.389255622213334 1.2189829999988433
48 1.974502009566207 1.3344408690578329 0.05379269999684766
102
49 1.939887295328582 1.2841488413985 1.2219291000219528
102
50 1.939887295328582 1.2841488413985 1.2412757000129204
51 1.903517064675517 1.2561296687971437 0.055178399983560666
102
52 1.8812288075739991 1.213342130764676 1.2208205999922939
102
53 1.8812288075739991 1.213342130764676 1.213272599998163
54 1.85086873218837 1.1962587699098928 0.07407399997464381
102
55 1.8266737997518816 1.1635167036481546 1.2239122000173666
102
56 1.819373625458595 1.1644332871708658 1.2225816999853123
102
57 1.819373625458595 1.1644332871708658 1.2283385999908205
58 1.8022309093855102 1.1369979902245664 0.07049589999951422
102
59 1.7899992120559571 1.1388475140939136 1.2038964999956079
102
60 1.7899992120559571 1.1388475140939136 1.2326997999916784
61 1.772254757483865 1.1174571135581313 0.05762099998537451
102
62 1.753287488855719 1.1083454063906817 1.2023433999856934
102
63 1.753287488855719 1.1083454063906817 1.2147967999917455
64 1.7284502840985585 1.0857935296341465 0.07534759998088703
102
65 1.7055865248289512 1.0692928761995422 1.2715162000095006
102
66 1.7055865248289512 1.0692928761995422 1.2554371999867726
67 1.6825165429696014 1.0482394277410172 0.05650639999657869
102
68 1.6607374264269075 1.0334710631447284 1.2385854999884032
102
69 1.6607374264269075 1.0334710631447284 1.2190106000052765
70 1.644561583463554 1.0192992612153633 0.06533650000346825
102
71 1.6253148043222168 1.006237602774123 1.250355900003342
102
72 1.6034028795756095 0.989223378949376 1.3055770999926608
102
73 1.5863497868314023 0.974519278349192 1.232009300001664
102
74 1.5863497868314023 0.974519278349192 1.2101244000077713
75 1.5721624938079468 0.9550386791902394 0.056566699990071356
102
76 1.5035387580662645 0.8820227508235063 1.2218596000166144
102
77 1.5035387580662645 0.8820227508235063 1.2026479999767616
78 1.4603890522101666 0.8395235880022089 0.07173880000482313
102
79 1.3985821384215906 0.7795836597102518 1.200016200018581
102
80 1.3539995648340901 0.7240972747326586 1.2432778000074904
102
81 1.2541857277030812 0.620731178614979 1.2102259999956004
102
82 1.1804362140083204 0.561836777795043 1.2160776999953669
102
83 1.1443066500615278 0.5317510345706752 1.2094868999847677
102
84 1.1322441204406104 0.5156990457163806 1.2399857999989763
102
85 1.1098322666487377 0.49045490496200544 1.2013342000136618
102
86 1.1052663084116219 0.4790633264068961 1.222136500000488
87 0.8902461011475888
-------------------------------------------------END------------------------------------------------------
------------------------------------Reduced subspace LM---------------------------------------------------
362.93284954906187 381.9629665569954
0.9942047707744169 10
0 338.84172132207556 354.5355534904602 0.10125730000436306
0.9920676009638555 10
1 304.6218327495598 314.9277169198052 0.1902942000015173
0.9829752631490721 10
0.9999967783518438 40
2 238.55537080947738 241.03700706648863 0.4320317999809049
0.7566919853162836 10
0.9865418800559289 40
0.9983970220142677 70
3 221.73672104464163 227.7677067447691 1.8286152000073344
0.919714454739079 10
0.9997930187742374 40
4 89.1485305001834 89.01817847899235 0.43479820000356995
0.8767687166143738 10
0.9998041628944846 40
5 33.811105253216894 32.800289014921965 0.9304015999950934
0.9414719292369982 10
0.9998547771061493 40
6 21.67986044091032 20.86967324888538 0.46306720000575297
0.9719439834366231 10
0.9999246764999752 40
7 11.514654684629123 11.566488234082248 0.6146836999978404
0.8741729427867402 10
0.999696436649888 40
8 10.630989760935453 9.571152464551771 0.4089432000182569
0.9454121289599338 10
0.9999197815301978 40
9 5.691457900743957 4.9194311149317524 0.43642759998328984
0.9524495300719286 10
0.9998529155812631 40
10 4.3751780971097745 3.5070093313794155 0.4183729999931529
0.9583598366171635 10
0.9999127239507097 40
11 3.7744690261580094 3.146965882926498 0.5480023999989498
0.9637923334440329 10
0.9999060638903529 40
12 3.473808037970613 2.640103112191178 0.4133216999762226
0.9397488020413276 10
0.99995819450175 40
13 3.1410464032887035 2.503892242524665 0.40882670000428334
0.9297820766752711 10
0.9999464472905459 40
14 2.9762133438655827 2.2324076686836976 0.41889309999533
0.9518186479104387 10
0.9999591160506439 40
15 2.879991157372642 2.2295960269279282 0.41873460001079366
0.9175767433755775 10
0.9999665661404068 40
16 2.756739292589611 2.0229258736085463 0.4059054999961518
0.954999903917606 10
0.999975325079345 40
17 2.617099031444962 1.9414219723484007 0.4144089999899734
0.9036277213234839 10
0.9999747569221918 40
18 2.455568595351171 1.7378662689128024 0.4131934999895748
0.9251662193568078 10
0.9999784603815959 40
19 2.332675839815484 1.650377223296412 0.42125020001549274
0.8666340733918545 10
0.9999734289940444 40
20 2.188350307621848 1.476833369211024 0.5101728999870829
0.7976899254232149 10
0.9999704026704259 40
21 2.0881791270517462 1.4047750633616938 0.43603310000617057
0.8132843716499147 10
0.9999523179102912 40
22 1.9834177905207055 1.276536607532938 0.41216419998090714
0.48717721196522745 10
0.999751036045267 40
23 1.9173970899453099 1.2324909911713973 0.4319334000174422
0.7631612631384589 10
0.9999412943009826 40
24 1.839177963084417 1.129032495021755 0.4124162000080105
0.8416138261086483 10
0.9999658864082728 40
25 1.7846730749611852 1.0928004731453238 0.4203821999835782
0.68162426499202 10
0.9999224627067592 40
26 1.7241215944384785 1.0139812334779248 0.4230043000134174
0.8858227270875317 10
0.9999749744710974 40
27 1.683258505405889 0.9952922289200682 0.40944720001425594
0.6183867308578247 10
0.9997851288435204 40
28 1.6354070694819458 0.930625928387212 0.4125380000041332
0.9066366306023921 10
0.99997776314417 40
29 1.601586925801882 0.921442278006864 0.5238642999902368
0.7000549198112275 10
0.9999065987235696 40
30 1.563470174248551 0.8643779607427254 0.420205900009023
0.9107670298986537 10
0.9999748389442928 40
31 1.5330511069497859 0.8601948358609396 0.41947069999878295
0.8357099357870064 10
0.9999486681089738 40
32 1.5009466225269972 0.8077714092790654 0.40701379999518394
0.9103453015285564 10
0.9999767640514823 40
33 1.472638592960126 0.808641450646244 0.42822719999821857
0.9111793801338404 10
0.9999687546983458 40
34 1.4396122940823486 0.7585324831779103 0.544558199995663
0.9318010681132242 10
0.9999700080895699 40
35 1.4130862328787215 0.7602933575161737 0.4340129000192974
0.9346873378364114 10
0.9999699693076961 40
36 1.383913090529944 0.7145541756842229 0.5317223999882117
0.9460907794761545 10
0.9999679900874271 40
37 1.3563570831358562 0.7119288531073998 0.4246250999858603
0.9422921528367726 10
0.9999741109365273 40
38 1.3239870438402004 0.6674510079516606 0.5609874999790918
0.9543128833593287 10
0.9999795073562436 40
39 1.2994859513932813 0.6613756142354199 0.4321349000092596
0.9543180734792478 10
0.9999816353507224 40
40 1.2743496771521858 0.6248704715006401 0.44153800001367927
0.960450415837424 10
0.999983851422939 40
41 1.2553172909661174 0.6166930940490065 0.44093270000303164
0.9641486256457447 10
0.9999794903043793 40
42 1.2321130450589406 0.588795187563827 0.6498560000036377
0.9614695576225885 10
0.9999802224209278 40
43 1.2140800911743204 0.5748597153700417 0.7172562000050675
0.9697527127559581 10
0.9999820038152123 40
44 1.1918484813943495 0.5534845957419912 0.4320034999982454
0.963602511716019 10
0.9999699259717728 40
45 1.1748203912828123 0.5377930648719844 0.4117059000127483
0.9690539066568663 10
0.9999806484064294 40
46 1.1537986283085164 0.5194817562141484 0.5038715999980923
0.9657973135332214 10
0.9999775188813105 40
47 1.1383913843284859 0.5045944336891007 0.4120831999753136
0.9675465263175873 10
0.9999768910171568 40
48 1.1206607698272815 0.4910393272718051 0.4158336000109557
0.9641811774765734 10
0.999974183830073 40
49 1.1073807032006466 0.4791722674036288 0.43854149998514913
0.9573077712036727 10
0.999976784655642 40
50 1.0924618562748054 0.4677739309146963 0.40956879997975193
0.961894496060374 10
0.999973361352287 40
51 1.081027686011661 0.4586931897890735 0.429741500003729
0.9415698533057839 10
0.9999747503519233 40
52 1.0682208567702929 0.4485550791728454 0.4149162000103388
0.9557284809520561 10
0.9999747710746877 40
53 1.0581211048355916 0.4415383233306968 0.41736130000208504
0.9118513669182264 10
0.9999701605090228 40
54 1.047113235917171 0.43202740388742666 0.4312880999932531
0.9415008685641547 10
0.9999771581580358 40
55 1.0380968636260197 0.42671857294470883 0.4144430000160355
0.8502341089281257 10
0.9999618385751875 40
56 1.0285490496836807 0.4175009082903024 0.527888599986909
0.905714284107175 10
0.9999756307365912 40
57 1.0203952796474376 0.4130967183644497 0.42988519999198616
0.7407178738877745 10
0.9999346364993869 40
58 1.011981330806489 0.4044231809597868 0.43951039999956265
0.8364245284302791 10
0.9999715764626347 40
59 1.0045261477307457 0.4003216396247053 0.4457768000138458
0.6130144440388648 10
0.9998743626583132 40
60 0.9969875944513659 0.3924232071066847 0.6343279000138864
0.7188760851565766 10
0.9999647360801652 40
61 0.9901108855933864 0.38829325456288255 0.40581190001103096
0.5321837390645857 10
0.9998584932190653 40
62 0.9832276332518192 0.38109601641364227 0.411207099998137
0.5831347078365051 10
0.9999635414711701 40
63 0.9768387716771565 0.37688074322380677 0.40477339999051765
0.49354806995357126 10
0.9998413253388247 40
64 0.9704787080173759 0.3704530499088448 0.44949180001276545
0.4505503043337949 10
0.999940880734418 40
65 0.964496355678471 0.3655307592220627 0.4065487000043504
0.5388401079079418 10
0.9998172960279653 40
66 0.9585388549526671 0.35969654040864407 0.4131962000101339
0.34139503918371533 10
0.999953204065111 40
67 0.9529931173903115 0.3550052756938026 0.7618759000033606
0.5461624878797089 10
0.9998407920517033 40
68 0.9473952031028444 0.3499753481528261 0.40317909998702817
0.3823328155275737 10
0.9999289776659889 40
69 0.9419796755171538 0.3447702709397122 0.43752520001726225
0.6044112808561456 10
0.9998697703929533 40
70 0.9364582516265105 0.33995948110783863 0.4211981999978889
0.3949451085789998 10
0.9999230760146006 40
71 0.9310543481622493 0.3339644383077173 0.43192209998960607
0.6442987402030496 10
0.9999136359797915 40
72 0.925542121178186 0.32953768164297287 0.42127500000060536
0.4649957887769304 10
0.9999122729623827 40
73 0.92009545435043 0.32291701783983023 0.4289551999827381
0.6355364473126563 10
0.9999379537064553 40
74 0.9147057602227371 0.3183077298065738 0.42300529999192804
0.5190625295879572 10
0.9998649406086355 40
75 0.9093256873066544 0.3115055538263016 0.511324599996442
0.6190059037670278 10
0.9999471327339569 40
76 0.903893845246959 0.3080251998297654 0.41208469998673536
0.5704122656278519 10
0.9998363552326059 40
77 0.8985961884086552 0.29975843958026877 0.52876750001451
0.5995336029182308 10
0.9999568374270232 40
78 0.8935444179505277 0.2984034395425514 0.4203906000184361
0.6878793766643255 10
0.9998681914532115 40
79 0.8886360671772316 0.28935244937009363 0.42056850000517443
80 0.46859718874984535
-------------------------------------------------END------------------------------------------------------
42
-------------------------------------------Classical LM---------------------------------------------------
357.42468899295034 373.4523840510757
0 357.42468899295034 373.4523840510757 0.8841317000042181
1 310.88076824825856 324.5234490580814 0.9300313999992795
2 253.77627628769454 265.5777487088003 0.9681619000039063
3 135.82780626435132 134.67555384176637 0.941865400003735
4 135.82780626435132 134.67555384176637 0.8347041999804787
5 135.82780626435132 134.67555384176637 0.91710079999757
6 135.82780626435132 134.67555384176637 0.9792952999996487
7 135.82780626435132 134.67555384176637 0.9851740000012796
8 51.59433840246477 49.01810766240988 1.0205590999976266
9 51.59433840246477 49.01810766240988 0.9863923999946564
10 44.909946911800375 44.85732246949928 0.9185262999963015
11 24.178745562721584 24.1302003205308 0.8707672999880742
12 24.178745562721584 24.1302003205308 1.308845299994573
13 19.515772000252564 19.32919946982686 1.4094197000085842
14 13.374784094662457 12.779860711080062 0.9812929999898188
15 10.412308878004296 9.732231166025835 0.9403945000085514
16 10.412308878004296 9.732231166025835 0.9378683000104502
17 8.668328581914228 7.75368001805392 0.9298255000030622
18 7.12224482023086 6.38915302288722 0.9355434000026435
19 5.9403164391184715 5.1427943423799904 0.9268452000105754
20 4.564468631409561 3.8090841051248208 0.9434288000047673
21 4.104604451343825 3.4515121709044077 0.9085515999759082
22 4.104604451343825 3.4515121709044077 0.9480170999886468
23 3.0818253767197534 2.432024628868851 0.9714224000053946
24 2.9114820753715924 2.2901218221764266 1.109724300011294
25 2.9114820753715924 2.2901218221764266 0.9471062000084203
26 2.568008357908057 1.9591892487719669 0.9838729999901261
27 2.568008357908057 1.9591892487719669 0.9719129000150133
28 2.3550009591489633 1.7285395497472196 1.0948245000035968
29 2.314271730492101 1.7130215726874123 0.8915651999996044
30 2.314271730492101 1.7130215726874123 0.9312016000039876
31 2.184845373143175 1.5792892047406357 0.9748515000101179
32 2.1304329164346383 1.5281447465531879 0.9243941999739036
33 2.1304329164346383 1.5281447465531879 1.7263710999977775
34 2.062203639057516 1.4563088263228896 1.2378275000082795
35 2.012059329821961 1.4054312946964518 0.8719262000231538
36 1.9891201639723382 1.3938786052142458 0.9241681999992579
37 1.9891201639723382 1.3938786052142458 0.9120812000182923
38 1.879854952364116 1.2690051264273763 0.9697405000042636
39 1.8362827449148018 1.222544874526724 0.9458643000107259
40 1.8139654901822417 1.201374184428617 0.8450581000070088
41 1.8139654901822417 1.201374184428617 0.9631850000005215
42 1.7097318467499527 1.0836647087375673 1.301534600002924
43 1.6676812925989521 1.0432899967667166 1.0069080000102986
44 1.6676812925989521 1.0432899967667166 0.9203982000180986
45 1.620012629943429 0.9906753137521725 0.9084254000044893
46 1.5729979273325887 0.9378905176257749 0.9360593000019435
47 1.5729979273325887 0.9378905176257749 0.9926778000080958
48 1.546097445263054 0.9050062406361837 0.933796600002097
49 1.5015587175558645 0.8664192010599183 0.8923612000071444
50 1.5015587175558645 0.8664192010599183 0.8970491000218317
51 1.4665703340440375 0.8285227574171438 0.949633400014136
52 1.4392390458909758 0.8055896451779534 0.9306313999986742
53 1.4392390458909758 0.8055896451779534 0.9365232999844011
54 1.4029468668249858 0.7706438202314021 1.2234187999856658
55 1.3668812601443485 0.7372372643650735 1.3901356999995187
56 1.3668812601443485 0.7372372643650735 1.0375186000019312
57 1.3433360924598556 0.7167088757868746 1.012634499988053
58 1.3094759377245246 0.6812063739178555 0.945001800020691
59 1.2732927366498834 0.6378112000059245 0.9460788999858778
60 1.2462693645035707 0.6060194964401839 0.8774186999944504
61 1.2462693645035707 0.6060194964401839 0.8465034000109881
62 1.1434437392440402 0.5178951094984265 1.0903824999986682
63 1.109476817956713 0.4938610556969633 0.9644951999944169
64 1.109476817956713 0.4938610556969633 0.8889775999996345
65 1.0299188633392202 0.4297974107857435 0.9244232999917585
66 1.0077352086146123 0.41288488311973626 0.9176922000187915
67 1.0077352086146123 0.41288488311973626 0.9537218000041321
68 1.0077352086146123 0.41288488311973626 0.9724094000121113
69 0.9661027648032716 0.36700770619975 0.9566167999873869
70 0.9661027648032716 0.36700770619975 0.8782318000157829
71 0.9622860208455415 0.36209699533234474 0.9663563000212889
72 0.9861368847244497
-------------------------------------------------END------------------------------------------------------
-------------------------------------------Krylov LM---------------------------------------------------
357.42468899295034 373.4523840510757
102
0 357.42468899295034 373.4523840510757 1.7409322999883443
1 310.88273089459204 324.5283143775829 0.05845049998606555
102
2 245.80201172070983 255.69302777036327 1.5153424999734852
102
3 95.3904762061727 91.42919946812958 1.6321753000083845
102
4 95.3904762061727 91.42919946812958 1.3468966000073124
5 95.3904762061727 91.42919946812958 0.0594596000155434
6 44.815345996685835 42.39692108336338 0.05608660000143573
102
7 44.815345996685835 42.39692108336338 1.2574840000015683
8 44.815345996685835 42.39692108336338 0.07918410000274889
9 22.98744071043713 21.731354167216704 0.05514810001477599
102
10 21.143520950332803 19.975703025785496 1.2320609999878798
102
11 16.13241228875588 15.721282953322142 1.2249616999761201
102
12 16.13241228875588 15.721282953322142 1.2125680999888573
13 9.225255170255036 8.177016465923405 0.0583086000115145
102
14 5.533293405439426 4.863918559656824 1.2119916999945417
102
15 5.533293405439426 4.863918559656824 1.2237371999945026
16 3.6910915372037145 2.9323194134799553 0.05497970001306385
102
17 3.6910915372037145 2.9323194134799553 1.2199268999975175
18 3.2249746605481016 2.487599545593158 0.059355500008678064
102
19 2.871865671687421 2.1766924282613473 1.2026225999870803
102
20 2.871865671687421 2.1766924282613473 1.2379575000086334
21 2.5421769271262202 1.8572428340089056 0.05041900000651367
102
22 2.261559462089864 1.5473856389381153 1.1822676000010688
102
23 2.261559462089864 1.5473856389381153 1.2131119999976363
24 2.017894077792435 1.2876718573063273 0.054430599993793294
102
25 1.9125411041099785 1.2126443182260995 1.2038720999844372
102
26 1.9125411041099785 1.2126443182260995 1.2022160000051372
27 1.7461695737221827 1.0354094407855636 0.06278330000350252
102
28 1.6605719317866867 0.9668504793655691 1.2246823999739718
102
29 1.5821437325477732 0.9059760567650753 1.2258072999829892
102
30 1.5266556593958431 0.869680188611333 1.3354922000144143
102
31 1.339573959764409 0.7036120823229893 1.208365300000878
102
32 1.339573959764409 0.7036120823229893 1.2494563999935053
33 1.1733022458863949 0.5337884924716356 0.061651900003198534
102
34 1.1733022458863949 0.5337884924716356 1.2018197000143118
35 1.0974819809922254 0.4657494641110688 0.04704700000002049
102
36 1.0974819809922254 0.4657494641110688 1.2231505000090692
37 1.0815902143513916 0.45255315631520737 0.04811550001613796
102
38 1.0682566909551887 0.4382790155133483 1.2061540000140667
102
39 1.0682566909551887 0.4382790155133483 1.2118939999782015
40 1.0572972184717289 0.42971266158014365 0.0649353000044357
102
41 1.046635345473967 0.4181374608109933 1.2359231000009459
102
42 1.046635345473967 0.4181374608109933 1.2084384000045247
43 1.0393387641282603 0.4125043511039302 0.0636858000070788
102
44 1.0305701392261704 0.40323239720063664 1.2003116000269074
102
45 1.0238772476322164 0.395304174893267 1.2288572000106797
102
46 1.0238772476322164 0.395304174893267 1.2306940999988
47 1.005179698887215 0.37986420992908376 0.04925149999326095
102
48 0.9952930810216211 0.3697993694788779 1.2274853000126313
102
49 0.9945019302188852 0.37070731328472434 1.2288134999980684
50 0.8538152540003648
-------------------------------------------------END------------------------------------------------------
------------------------------------Reduced subspace LM---------------------------------------------------
357.42468899295034 373.4523840510757
0.9797773053309456 10
0.999990006489323 40
0 335.18859509987095 348.75013902886957 0.42136999999638647
0.9587770279878957 10
0.9999736604475938 40
1 281.6569589277132 291.1131539725839 0.44782760000089183
0.8795312696239501 10
0.9992411216307482 40
2 273.61235765882276 273.28322891738685 0.43616740001016296
0.8000411490835873 10
0.9994277086369718 40
3 212.47013226234765 209.79198384364986 0.43654070000047795
0.951320185376886 10
0.9993036933196734 40
4 121.87071104006837 120.96712692679424 0.4371157000132371
0.9471809410469677 10
0.9997947937979027 40
5 48.05029481056592 42.54539914457981 0.4262952999852132
0.8625708317033195 10
0.9996672943700398 40
6 13.192193488210128 12.070840724796154 0.42866100001265295
0.899992593938304 10
0.9989657863493018 40
7 5.427065880625587 4.2613263391035625 0.45197550000739284
0.9431528440336484 10
0.9998188583019917 40
8 3.4100456228062 2.3922395292948164 0.4659596999990754
0.957088730563018 10
0.9998671597134303 40
9 2.764263248009406 1.9404361329879338 0.47905290001654066
0.8396256865545298 10
0.9986237439087242 40
10 1.9677432973448234 1.2025286421082115 0.5798244999896269
0.9089917786877691 10
0.9998804672363653 40
11 1.7477765347886913 1.0096901166105408 0.42145170000731014
0.9558666718026329 10
0.9999303421414312 40
12 1.366732379192807 0.690714468023804 0.42924200001289137
0.8891821169775513 10
0.999818379271295 40
13 1.2178160385814503 0.5051255416495105 0.4577149999968242
0.9123764910458108 10
0.9999083659015856 40
14 1.1138182946784725 0.46093174100227036 0.4395070000027772
0.9570121778262511 10
0.9999235637720971 40
15 1.0241067183131234 0.34723900842467104 0.4231240999943111
0.9010281847229473 10
0.9999430549234477 40
16 0.9706502681837864 0.33414669213696074 0.5215587999846321
0.9720542618339375 10
0.9999532066059615 40
17 0.9165914063675311 0.2750163085545827 0.5235159999865573
0.9251488115180457 10
0.9999261671825407 40
18 0.8900584722415955 0.266626331979018 0.885652700002538
0.9766147728196926 10
0.999967698430924 40
19 0.8585583482890735 0.22945880236664645 0.4391681000124663
0.9491598019370303 10
0.9999483848178288 40
20 0.8407681361799345 0.22796472255506778 0.7993081999884453
0.9731999317104598 10
0.9999594551330326 40
21 0.8226712723943032 0.20149385026783972 0.4321291999949608
0.9615958563242867 10
0.9999534998707341 40
22 0.8092198324807368 0.20091478011567657 0.4210314000083599
0.969747694569215 10
0.9999726307249247 40
23 0.7971271236790948 0.18129489391977383 0.45515910000540316
0.9609020112187242 10
0.9999658735511999 40
24 0.7874664696867966 0.18143367450984252 0.4519086999935098
0.9620378269142488 10
0.9999501352346458 40
25 0.7795815082351187 0.16608710724461845 0.42728730000089854
0.9491462165772343 10
0.9999678732785067 40
26 0.7726123646877433 0.16738108009499336 0.4179180999926757
0.9379917495843221 10
0.9999596538258358 40
27 0.7668974259864053 0.15563035817132428 0.42903820000356063
0.9370923469122155 10
0.9999703614779729 40
28 0.7617809469736178 0.15712462527893184 0.42713840000214987
0.8936989994235839 10
0.9999528852382205 40
29 0.7572726172736642 0.14627941531306218 0.4734523000079207
0.9112872999498932 10
0.999954719785461 40
30 0.7522306062790478 0.14502056094628996 0.6246880000107922
0.8040593559350658 10
0.9999451141897157 40
31 0.7479556713770424 0.1365971373606224 0.681168200011598
32 0.4872485250016325
-------------------------------------------------END------------------------------------------------------
43
-------------------------------------------Classical LM---------------------------------------------------
364.8047369603495 379.81642267657213
0 364.8047369603495 379.81642267657213 0.9215580000018235
1 243.1401838890792 257.2703238728857 1.0100705999939237
2 243.1401838890792 257.2703238728857 0.8906215000024531
3 243.1401838890792 257.2703238728857 1.3122714000055566
4 81.92449569658329 80.82598636275792 1.1897483999782708
5 81.92449569658329 80.82598636275792 1.3509614999929909
6 29.44364044363504 28.874086318778385 1.553679500008002
7 18.93798723945175 20.169766989260992 1.3493853000109084
8 9.794059871686981 9.63354589873199 1.0317709000082687
9 9.794059871686981 9.63354589873199 1.0557459999981802
10 5.756121357293935 5.351287955939387 0.9141647999931592
11 4.1212743429565215 3.602959421544428 0.917677299992647
12 4.1212743429565215 3.602959421544428 0.9937651999935042
13 2.430527936119225 1.857609460636704 0.9351358999847434
14 2.430527936119225 1.857609460636704 0.9932833000202663
15 1.953477240960483 1.3540274160097143 0.9897018999909051
16 1.7427430173834266 1.1324376366417304 0.9021213999949396
17 1.553588124754226 0.924528187008763 0.9303303000051528
18 1.553588124754226 0.924528187008763 0.9349984000145923
19 1.1843103940140958 0.5378928015726303 0.9969853000075091
20 1.0938608494793105 0.4489881605692664 0.8999934000021312
21 1.0645515762343134 0.422856710575011 0.9745193000126164
22 0.9373806707032359 0.31841239887580036 0.972759500000393
23 0.9373806707032359 0.31841239887580036 0.9535587999853306
24 0.7378432534213968 0.1073346171585128 1.0853959000087343
25 0.7164969086740955 0.10250223746173051 0.9756586999865249
26 0.7077853726430765 0.09707921767150343 0.8931681999820285
27 0.7077853726430765 0.09707921767150343 0.9045656999805942
28 0.6554192259076644 0.04221360429840713 0.917287899996154
29 0.6511505474293502 0.039229222833914744 0.8714736999827437
30 0.6511505474293502 0.039229222833914744 0.9764337999804411
31 0.6434009081263776 0.03029787168676976 0.953336800012039
32 0.640275799215065 0.027820747149477 0.9292052999953739
33 1.0145858757552395
-------------------------------------------------END------------------------------------------------------
-------------------------------------------Krylov LM---------------------------------------------------
364.8047369603495 379.81642267657213
102
0 364.8047369603495 379.81642267657213 1.225314499984961
1 243.14829225824056 257.2787803756833 0.0652297000051476
102
2 243.14829225824056 257.2787803756833 1.2033643999893684
3 243.14829225824056 257.2787803756833 0.06207780001568608
4 81.92994443237036 80.83512686456706 0.06066390001797117
102
5 81.92994443237036 80.83512686456706 1.2278676000132691
6 29.442397238631937 28.871446857994705 0.06860360002610832
102
7 18.940208575906464 20.17313672837637 1.208840000006603
102
8 9.711588424493655 9.556395875731972 1.1970987000095192
102
9 9.711588424493655 9.556395875731972 1.2023838000022806
10 5.771914983854766 5.349201927435973 0.06462020002072677
102
11 4.131387235357924 3.6050579873458095 1.1982323999982327
102
12 4.131387235357924 3.6050579873458095 1.2183318999886978
13 2.4555341915868683 1.878717263464763 0.07314510000287555
102
14 2.3974628337278205 1.8037589334022377 1.1987679000012577
102
15 2.3974628337278205 1.8037589334022377 1.2294563000032213
16 1.5285263982654615 0.9054477386266415 0.07222800000454299
102
17 1.3683798450354232 0.7300506613181901 1.2213980999949854
102
18 1.2639064317494266 0.5975551747435911 1.2406606000149623
102
19 1.2187963734833385 0.5598514407410226 1.2250842000066768
102
20 1.1096053742807293 0.44986420219411183 1.2106544000271242
102
21 0.9710694571347822 0.34128259386504955 1.2095579000015277
102
22 0.9710694571347822 0.34128259386504955 1.2226779999909922
23 0.9710694571347822 0.34128259386504955 0.07404830001178198
24 0.9710694571347822 0.34128259386504955 0.062139899993781
25 0.7881693584896836 0.15382178402023067 0.04560039998614229
102
26 0.7222023390009559 0.09486232656482829 1.1775403000065126
102
27 0.7064277645970778 0.08308362225368111 1.2103473999886774
102
28 0.6965260211065538 0.07669825927478952 1.2162904999859165
102
29 0.6965260211065538 0.07669825927478952 1.238727599993581
30 0.6909936753920104 0.07256547243973907 0.0590630000224337
102
31 0.6909936753920104 0.07256547243973907 1.2313514000270516
32 0.6734205221028441 0.05539869057835492 0.06013729999540374
102
33 0.6676361880034992 0.05039134475695686 1.2055680000048596
102
34 0.6609415166943969 0.04518892006269542 1.2202764000103343
102
35 0.6548459536158221 0.04047576009858926 1.2056723000132479
102
36 0.6548459536158221 0.04047576009858926 1.4700559000193607
37 0.6525966764745698 0.039043489842663905 0.07895830000052229
38 0.8279483157943774
-------------------------------------------------END------------------------------------------------------
------------------------------------Reduced subspace LM---------------------------------------------------
364.8047369603495 379.81642267657213
0.9956376662860146 10
0 340.95629513178767 353.63054802467195 0.11500240000896156
0.996204757602622 10
1 306.58683658363486 315.7141579903536 0.09541280000121333
0.9960798917115016 10
2 268.7351083641485 274.936926226366 0.11684370000148192
0.9890186069706883 10
0.9999891428329786 40
3 255.7208576512699 260.5265486660512 0.5106385000108276
0.6356420107978141 10
0.9993374121652923 40
4 233.94483976341513 239.79654168873856 0.5871233999787364
0.7962713461943994 10
0.9987659081693162 40
5 220.39221895071046 223.8630397289871 0.5061692000017501
0.8214711979770306 10
0.9967195065172487 40
6 152.1403755371136 153.16290095313528 0.42754629999399185
0.9069777510707411 10
0.99840544469609 40
7 60.05525042286797 56.97378535178488 0.6117308999819215
0.909029846110895 10
0.998044011678059 40
8 40.844996524107785 40.57852769613873 0.5596507999871392
0.9758734879533499 10
0.9998771128514575 40
9 18.008136942504063 17.726920457318716 0.45244279998587444
0.9397022779911135 10
0.999913027907777 40
10 4.513370376136954 3.9392433930067514 0.7226160999853164
0.9185399122590729 10
0.9999039508300451 40
11 3.148600373732302 2.546070584801004 0.6583319999917876
0.4907630035375565 10
0.9997349794753011 40
12 2.67182146993609 2.0466514159966995 0.46557770000072196
0.8057858013244533 10
0.999925552314483 40
13 2.2808248019722805 1.686667481500544 0.5784367999876849
0.5859483535838106 10
0.9998202916102439 40
14 2.1118327669860375 1.4400915120646778 0.5301531000004616
0.7584493644434253 10
0.9999295434073033 40
15 1.8229187111060987 1.1524821005028971 0.5588559999887366
0.5745568772706672 10
0.9990433642997117 40
16 1.7798157959587122 1.0873986807764278 0.5079717999906279
0.6910257722642025 10
0.9995997191314395 40
17 1.5694457765591714 0.9012127387289915 0.43541380000533536
0.5049325688278061 10
0.9997613019019019 40
18 1.563964793862755 0.874245620557497 0.5397491999901831
0.7782003577246764 10
0.9996953743284681 40
19 1.3905400127866872 0.7224091821026857 0.4129652999981772
0.6627255084280088 10
0.9999373553623937 40
20 1.3030602230887784 0.6298683748520926 0.5295219999970868
0.8376233744646769 10
0.9999638576783036 40
21 1.2550090055299103 0.5719553677155939 0.4224539000133518
0.9634119818539651 10
0.9999703800158258 40
22 1.057852474199566 0.38636589505917746 0.9457498000119813
0.9721956231848189 10
0.9999666396543525 40
23 0.9693304309917589 0.32210169088945817 0.40328080000472255
0.9120628751902411 10
0.9999595951685495 40
24 0.9275808272481855 0.2699849055530905 0.893512999988161
0.9642101812068776 10
0.9999665232474599 40
25 0.8894596260803331 0.240957197190593 0.4228061999892816
0.9011190178146677 10
0.9999572197494393 40
26 0.8640043649826957 0.2097585063498024 0.4651649000006728
0.9133320752990441 10
0.9999567552431206 40
27 0.8401837159560451 0.19181219797923083 0.41430340000079013
0.7569919011723767 10
0.9993915776478199 40
28 0.822243723215608 0.17429395299072337 0.4075058000162244
0.7008804403132574 10
0.9997971651919216 40
29 0.8050313277411858 0.16083433516388543 0.4117800000240095
0.9211945330422687 10
0.9999528617989963 40
30 0.7912001343013837 0.14420555973241983 0.4207151999871712
0.7829538493201278 10
0.9998884399808501 40
31 0.7789227784719966 0.1375262227142257 0.4259402000170667
0.9614102891245918 10
0.999969243097902 40
32 0.7686992178928346 0.12650117280503187 0.5186968000198249
0.9058719295861587 10
0.9999513655989795 40
33 0.759864312427868 0.12108609249589884 0.419380999985151
0.963194117186148 10
0.9999704164511227 40
34 0.7514543893892851 0.11272652065717612 0.43850630000815727
0.9311806955028378 10
0.9999609943978144 40
35 0.7444799605443906 0.10851642908128287 0.4463806999847293
0.9649823320073417 10
0.9999707876461654 40
36 0.738115905972314 0.10287629541929164 0.5687477999890689
0.9337544741460776 10
0.9999618884209623 40
37 0.7324886760432494 0.098320572478626 0.49850570000126027
0.9621543182898538 10
0.9999670094042817 40
38 0.7273184415917423 0.09478597756141889 0.42080009999335743
0.9399745729838015 10
0.9999662482283268 40
39 0.7226211446229421 0.09076625442083998 0.4178781000082381
40 0.48210660749828094
-------------------------------------------------END------------------------------------------------------
44
-------------------------------------------Classical LM---------------------------------------------------
384.8338305426304 405.47973678987097
0 384.8338305426304 405.47973678987097 0.9233969000051729
1 297.1235399379258 303.3969590099339 0.9224273000145331
2 217.76578174463484 213.9689176709078 0.9024513000040315
3 217.76578174463484 213.9689176709078 0.9328556999971624
4 125.11576817514803 124.48876063294567 0.9493160000129137
5 125.11576817514803 124.48876063294567 0.8531966999871656
6 108.76934585740953 109.23608787333461 1.7749118999927305
7 108.76934585740953 109.23608787333461 1.6282173999934457
8 99.81001198682607 98.8405361858764 1.0468588000221644
9 99.81001198682607 98.8405361858764 1.2648626000154763
10 36.74723693030623 37.69452044498484 0.9146290000062436
11 36.74723693030623 37.69452044498484 1.2112387999950442
12 30.310949606462383 28.074368387872013 0.9751668999961112
13 15.166457162016659 14.44466188479833 1.0142102999961935
14 15.166457162016659 14.44466188479833 1.0238225999928545
15 9.018096332276365 7.500932035512595 1.04300959999091
16 4.298981900530595 3.636730909312936 0.8871167000033893
17 3.2118288065433505 2.4783225464891845 0.8865649999934249
18 3.2118288065433505 2.4783225464891845 0.9565074999991339
19 3.2118288065433505 2.4783225464891845 0.9939707000157796
20 2.4749589472548044 1.7009935445498319 0.976855400018394
21 2.127295526330347 1.4134586146290171 2.0908914000028744
22 1.8936879303744178 1.1643114410984128 0.9091642000130378
23 1.6338452043470966 0.9091615871591252 1.018001499993261
24 1.6338452043470966 0.9091615871591252 0.8904221999982838
25 1.3637079119936302 0.6568657231539972 1.0261507999966852
26 1.3637079119936302 0.6568657231539972 0.9172191999969073
27 1.3001364469445762 0.601882589606227 0.9512733000156004
28 1.2195558900802792 0.5275501076404147 0.9264849000028335
29 1.124860679483904 0.4435708658242615 0.9088475999888033
30 1.0570985751444741 0.39645689140014334 0.9311792000080459
31 1.0570985751444741 0.39645689140014334 0.9209170000103768
32 0.9758890472593778 0.3138302832983227 0.9769111000059638
33 0.9758890472593778 0.3138302832983227 0.8959304000018165
34 0.9051408713229816 0.24314745792411055 0.9820490000129212
35 0.889255711368499 0.2311819241848747 0.8674755000101868
36 0.889255711368499 0.2311819241848747 0.8846273999952246
37 0.8600480380099466 0.20543394532895928 0.9461010999802966
38 0.8440730458981504 0.1924074364322407 0.866218499984825
39 0.8323842330458546 0.1856464034766823 0.9071960000146646
40 0.8323842330458546 0.1856464034766823 0.9610539999848697
41 0.8025563680694927 0.15951107910091503 0.9602226999995764
42 0.7890356701725479 0.14911465066281435 1.090006300015375
43 0.7803317282282005 0.14525164830306778 0.9554744999913964
44 0.7803317282282005 0.14525164830306778 1.0079033999936655
45 0.7536726839465566 0.12127727379441987 0.9091988999862224
46 0.7428392085097303 0.1126053998112568 0.9228563999931794
47 0.7354180207232528 0.10751566302525484 1.213777900004061
48 0.7321198246663947 0.1052201415711923 1.17432269998244
49 1.0223155959190953
-------------------------------------------------END------------------------------------------------------
-------------------------------------------Krylov LM---------------------------------------------------
384.8338305426304 405.47973678987097
102
0 384.8338305426304 405.47973678987097 1.4950572999950964
1 297.15922181872946 303.43196489338004 0.06768220002413727
102
2 226.48697275124277 224.06675172128286 1.2491570999845862
102
3 222.41073471584497 225.25556080638316 1.2252179000061005
102
4 83.47907288260959 80.88314464980395 1.2331924999889452
102
5 83.47907288260959 80.88314464980395 1.2204107000143267
6 83.47907288260959 80.88314464980395 0.05740590000641532
7 83.47907288260959 80.88314464980395 0.0579052000248339
8 31.29745641758556 30.93964061642322 0.06977899998310022
102
9 31.29745641758556 30.93964061642322 1.2362961000180803
10 31.29745641758556 30.93964061642322 0.06537190001108684
11 20.091401132278623 19.285999156669277 0.05619770000339486
102
12 13.360752826617547 12.041244699048999 1.1966926000022795
102
13 11.055638680796276 9.992308208418818 1.2358288000104949
102
14 8.01475747763546 6.94787253400158 1.2375590000010561
102
15 7.530414132505574 6.6415554074882275 1.5526677000161726
102
16 7.530414132505574 6.6415554074882275 1.228710100025637
17 6.503169417748693 5.678084362928589 0.047621200006688014
102
18 6.503169417748693 5.678084362928589 1.4346309999818914
19 6.503169417748693 5.678084362928589 0.0590403999958653
20 3.7335958361577117 3.125952522258104 0.06508700002450496
102
21 3.7318244512401155 2.896619310384427 1.2057122999976855
102
22 2.8730419263029385 2.047001265508024 1.24370409999392
102
23 2.628925783442246 1.8188063725415626 1.2124326000048313
102
24 2.628925783442246 1.8188063725415626 1.5231660999997985
25 2.1011625532328186 1.4002318426070357 0.06654379999963567
102
26 2.1011625532328186 1.4002318426070357 1.5062927000108175
27 1.821403587413299 1.1407366289123562 0.049684799974784255
102
28 1.7229915238186018 1.0715145959557208 1.2705224999808706
102
29 1.6005145701881516 0.9851319579521587 1.2353607999975793
102
30 1.421582883923088 0.8071429045088823 1.2253225000167731
102
31 1.421582883923088 0.8071429045088823 1.2329966000106651
32 1.2832414743100893 0.6526694712385994 0.057582800014643
102
33 1.2591853427942783 0.6385901779516233 1.2046214000147302
102
34 1.244466110397346 0.6556533543119402 1.2310644999961369
102
35 1.244466110397346 0.6556533543119402 1.2291900000127498
36 1.1974285869662087 0.5303523392942207 0.06010579998837784
102
37 1.135703557037102 0.5309480633994226 1.223718799999915
102
38 1.135703557037102 0.5309480633994226 1.2219695999810938
39 1.03515664107243 0.3669772666939072 0.04924269998446107
102
40 0.9480063122327435 0.320138318461222 1.2281511000182945
102
41 0.8760649546593783 0.22512812495004766 1.218148799991468
102
42 0.8417818143616234 0.2016377744648989 1.2283305000164546
102
43 0.811733552879538 0.17768319651990003 1.2200125999806914
102
44 0.8059079327880941 0.16827856764543553 1.2097523000265937
102
45 0.7855490497805153 0.15639105739267534 1.218597500002943
102
46 0.7809924287326877 0.14751999683064365 1.2651426000229549
47 0.9091251297907141
-------------------------------------------------END------------------------------------------------------
------------------------------------Reduced subspace LM---------------------------------------------------
384.8338305426304 405.47973678987097
0.9819553126667544 10
0.9999953511537054 40
0 348.498836685919 365.27442882838403 0.41862319997744635
0.9873492996828105 10
0.9999686376536704 40
1 337.08427311844787 351.2763780636991 0.4750332999974489
0.776787032666579 10
0.9997708629294173 40
2 237.59229928707927 241.89348409295368 0.4192108000279404
0.6853666327218271 10
0.998961665706946 40
3 217.16791445743794 216.9136499384655 0.42739260001690127
0.4972772573413754 10
0.9954596073875323 40
4 198.59086140404796 203.829741577162 0.5273089999973308
0.9532713659625134 10
0.9995123385313601 40
5 71.46056927154922 72.53795658829502 0.4101397000194993
0.8669948223173137 10
0.999744191734647 40
6 33.69575187115158 32.41448689709727 0.41553749999729916
0.9446401341624401 10
0.9993502398664781 40
7 14.259779609506097 12.919651147787867 0.4210927000094671
0.9568236088189592 10
0.9998887715883993 40
8 5.174107753825118 4.255184331923035 0.4360852999961935
0.9609769425460961 10
0.9999634246592102 40
9 3.686508293812658 2.9065216833046152 0.4802219999837689
0.9603014867173054 10
0.9999728175038336 40
10 3.6018969871150808 3.016749049028349 0.42292969999834895
0.965081608610986 10
0.9997306944506771 40
11 1.995261129235485 1.2961296724563567 0.4181332000007387
0.9615326294950394 10
0.9999215208491848 40
12 1.7900853219335764 1.1120650730406627 0.4220923999964725
0.9861784243439983 10
0.9999745045778768 40
13 1.6322667902659904 0.9712793924177257 0.4132065000012517
0.9722979812763836 10
0.9999593868934517 40
14 1.512597472511008 0.8603702313263863 0.427216199983377
0.9854048631386404 10
0.9999733279960067 40
15 1.4110753271866372 0.7561140645366421 0.4401153000071645
0.9827488488481116 10
0.9999598276511951 40
16 1.3287309498232585 0.690125518636901 0.5131340999796521
0.9816172869091596 10
0.9999680974791524 40
17 1.2644458391040583 0.6252440834790943 0.6115019999851938
0.9697807470661999 10
0.9999557453705938 40
18 1.2127164993757933 0.5841513363738979 0.4386802999943029
0.9754588904035489 10
0.9999632281560003 40
19 1.1662511727295763 0.5362418789213742 0.7172264000109863
0.9369284025494018 10
0.9999493773917023 40
20 1.1255062227542334 0.4956831570849985 0.44979919999605045
0.9550414186158163 10
0.9999559790454792 40
21 1.0872471541289215 0.4599310065148414 0.916980500012869
0.902789442277905 10
0.9999627938383165 40
22 1.0566973748026198 0.4293689884858911 0.4884215000201948
0.9336287246595997 10
0.9999459725755155 40
23 1.028201194505857 0.4013080721396311 0.801674299989827
0.8422255233991772 10
0.9999474137566272 40
24 1.0019504290798436 0.375474135961479 0.6359498999954667
0.9080693939286708 10
0.9999489566637264 40
25 0.9780030640974392 0.35354331583219367 0.39893989998381585
0.8101666622042927 10
0.9999427549955363 40
26 0.9555333777292939 0.3311560498128763 0.5142258999985643
0.8993680321051672 10
0.9999438337043467 40
27 0.9354518094858162 0.31187660290557256 0.4277662999811582
0.7514028801725977 10
0.9998907048835545 40
28 0.9158059880188754 0.29054696317428463 0.42934979998972267
0.845118750166719 10
0.9999354845994542 40
29 0.8985295181795191 0.27513551832499294 0.4171069999865722
0.775938465904967 10
0.9999495526801752 40
30 0.8832009857898633 0.2599680460560947 0.4117264999949839
0.8114873393571651 10
0.9999677315882235 40
31 0.8693128400467606 0.2469511296498274 0.4102697999915108
0.702988516530011 10
0.9999323604558589 40
32 0.8567662684529674 0.2338871473837184 0.41501029999926686
0.7732269215851597 10
0.9999522014376668 40
33 0.8456127803992418 0.22249827876684752 0.42541489997529425
0.6603904259978556 10
0.9999636609179086 40
34 0.8355878975077099 0.21365693100693842 0.4400722999998834
0.7244411505389257 10
0.9999585972342354 40
35 0.8262940979121806 0.20364102135529463 0.4190614999970421
0.531513203666308 10
0.9999379403308578 40
36 0.81794672381505 0.19640867253402605 0.4254042000102345
0.6888139235302987 10
0.9999561585100393 40
37 0.8099278521271732 0.18756209052390158 0.4221483999863267
0.24876493435173672 10
0.9997887877577586 40
38 0.8027214071018419 0.1820294451276669 0.4207594000035897
0.5636143320853596 10
0.9999508464716625 40
39 0.7955780596320657 0.17493557142117494 0.43585429998347536
0.1292202651215616 10
0.9992147146344349 40
40 0.789128293096099 0.17006014000880965 0.43048340000677854
0.3440816035476443 10
0.9998906631776748 40
41 0.7836384533499146 0.16327719904114174 0.4274632000015117
0.12439439542761567 10
0.9996087179753949 40
42 0.7783378732739622 0.16000368485939515 0.41987159999553114
0.16605013084612563 10
0.9953515866329881 40
43 0.7737487540792031 0.15490171433855812 0.40911780000897124
44 0.46926713863385056
-------------------------------------------------END------------------------------------------------------
45
-------------------------------------------Classical LM---------------------------------------------------
348.90339664374363 363.8776886087567
0 280.3458181180654 279.13614798247943 0.893822000012733
1 280.3458181180654 279.13614798247943 0.8632351999985985
2 280.3458181180654 279.13614798247943 0.9311082999920473
3 154.24302875995255 147.73530251736398 0.9778923999983817
4 154.24302875995255 147.73530251736398 0.8730280000017956
5 89.22636441456306 89.54595137157402 0.9856279999949038
6 89.22636441456306 89.54595137157402 0.8841397000069264
7 69.39681839020996 67.57788305941413 0.9912558999785688
8 69.39681839020996 67.57788305941413 0.9207643000117969
9 21.560954937636048 21.443126537314765 0.9705181000172161
10 16.40492412552356 15.57728090699669 0.8530847000074573
11 16.40492412552356 15.57728090699669 0.9642778999987058
12 11.184386366441085 10.502512665888295 1.0632168000156526
13 7.514987237527904 6.63654915135073 0.8935991000034846
14 4.387517867394789 3.9257067479520313 0.9400010999816004
15 4.252014831125291 3.585380612702054 0.9392596000107005
16 2.220441129434941 1.4700918173848017 0.9019404000137001
17 2.220441129434941 1.4700918173848017 0.8547710000129882
18 2.220441129434941 1.4700918173848017 1.0539204999804497
19 1.856649802963298 1.134741104851436 0.9726432999887038
20 1.7082011076593124 0.9649870346959634 0.8473926000006031
21 1.6185691507258237 0.85886766484222 1.2091077000077348
22 1.6133228373258766 0.8422304519610666 1.2132474000100046
23 1.6133228373258766 0.8422304519610666 1.120245599973714
24 1.5106365492045735 0.7470320188605207 1.0082900999987032
25 1.5106365492045735 0.7470320188605207 0.9254255999985617
26 1.4778279585870493 0.7228290328026471 0.9296145999978762
27 1.44335014069914 0.6979822469968702 0.9222462000034284
28 1.44335014069914 0.6979822469968702 0.8611856000206899
29 1.3995281466128748 0.6695161750543018 0.965026999998372
30 1.3995281466128748 0.6695161750543018 0.9046234000124969
31 1.3670589227652952 0.6477686411488294 0.9558797999925446
32 1.335445217562974 0.6264087438909127 0.8443594000127632
33 1.2948993866777851 0.588673067570603 0.8957983999862336
34 1.2630770529988398 0.5613768242417698 0.9836349999823142
35 1.2630770529988398 0.5613768242417698 0.9394236999796703
36 1.2309220420941873 0.5370701483031265 0.9684491000080016
37 1.2166884329838383 0.526057782033319 0.9109465000219643
38 1.2166884329838383 0.526057782033319 0.980827399995178
39 1.1859685466480205 0.5023379533155226 0.9741309999953955
40 1.1706107596960607 0.49194693483924734 0.9786859999876469
41 1.1706107596960607 0.49194693483924734 1.1367155000043567
42 1.1324761244377315 0.4629641879105416 0.9962165000033565
43 1.1324761244377315 0.4629641879105416 0.9146493999869563
44 1.1142676098363082 0.44963895580582675 0.9447794999869075
45 1.0959250301391985 0.434559375642828 0.8945054000068922
46 1.0959250301391985 0.434559375642828 0.9436637999897357
47 1.0765880152653533 0.4184879531703401 1.052553399989847
48 1.0625521911816613 0.4053935690566146 0.8647688000055496
49 1.0625521911816613 0.4053935690566146 0.9491278000059538
50 1.0438859497008064 0.3877390719364381 0.9563226999889594
51 1.0334084646134098 0.37760206189914397 0.9405954999965616
52 1.0334084646134098 0.37760206189914397 1.1846471000171732
53 1.0204213598483034 0.3643525912132826 1.0005017000075895
54 1.011485277218797 0.3557931226261042 0.9050745000131428
55 1.0084329462854487 0.3543515046849375 0.8875308999849949
56 0.9578268017856837
-------------------------------------------------END------------------------------------------------------
-------------------------------------------Krylov LM---------------------------------------------------
348.90339664374363 363.8776886087567
102
0 279.22375806318865 277.9439606832813 1.2335411999956705
102
1 279.22375806318865 277.9439606832813 1.2031275000190362
2 279.22375806318865 277.9439606832813 0.0568877000187058
3 156.07384510577089 148.78534013392644 0.05987289999029599
102
4 156.07384510577089 148.78534013392644 1.239956000004895
5 84.4797715984145 84.51178708396098 0.05875500000547618
102
6 84.4797715984145 84.51178708396098 1.1961961000051815
7 71.93358743923025 70.65191193224248 0.058737399987876415
102
8 68.13520880590475 68.91832316565522 1.219649099977687
102
9 67.6667931036643 68.01522422225226 1.1873599000100512
102
10 67.6667931036643 68.01522422225226 1.1999747999943793
11 67.6667931036643 68.01522422225226 0.06699960000696592
12 33.85050370713184 32.89842329961032 0.05248330000904389
102
13 10.430893439383864 9.501880295731928 1.2116142000013497
102
14 4.005065382756846 3.4852330434881043 1.2248881999985315
102
15 3.755614224999884 3.223174556523635 1.2279994999989867
102
16 3.755614224999884 3.223174556523635 1.245927899988601
17 3.411445641621009 2.8200862353295877 0.06913009998970665
102
18 3.411445641621009 2.8200862353295877 1.22823760000756
19 2.969183061455247 2.313363041840792 0.06130899998242967
102
20 2.868157684034743 2.247320396509107 1.1992718999972567
102
21 2.804321747861336 2.125842173030239 1.2350282999977935
102
22 2.804321747861336 2.125842173030239 1.221682100003818
23 2.4381859046678853 1.756207368419535 0.07106769998790696
102
24 2.1849897823391795 1.4660379589730461 1.2135374000063166
102
25 2.140301561398739 1.465467318736616 1.4955839000176638
102
26 1.8943746342787742 1.183891746325833 1.245184999977937
102
27 1.729812805745181 1.0525159965778996 1.250396899995394
102
28 1.6338960401558007 0.8895142850040497 1.232831300003454
102
29 1.5645645032334532 0.8419754855738625 1.2426743999822065
102
30 1.5166420857359015 0.7847195699224824 1.2267805000010412
102
31 1.4828177998841081 0.759759861699395 2.0924950999906287
102
32 1.4575033030845888 0.724815135424064 1.6676876000128686
102
33 1.439093124212447 0.7120016092693024 1.6824212000065017
102
34 1.4285943129017193 0.6958044902331878 1.414066899975296
102
35 1.4125134928245817 0.6818725147765782 1.196533400012413
102
36 1.4087702293290225 0.6742282083864805 1.2112235999957193
37 1.0000301135123417
-------------------------------------------------END------------------------------------------------------
------------------------------------Reduced subspace LM---------------------------------------------------
348.90339664374363 363.8776886087567
0.9848522784210981 10
0.9999954685673677 40
0 323.43678413680277 335.59971269541154 0.41386930001317523
0.9290285933230118 10
0.9999662164326487 40
1 283.10317991966883 291.73666313622806 0.5309761000098661
0.7571458634871489 10
0.9984606630689543 40
2 266.7209377312386 274.2714130115452 0.5302708999952301
0.9064542252906929 10
0.9986747209734362 40
3 234.464390637724 240.3323716223592 0.4165983999846503
0.6509008546213705 10
0.9893883499801492 40
0.9983783070617785 70
4 159.23703419719268 162.10572634440678 0.7745675999904051
0.7513755841435523 10
0.9952619883850022 40
5 51.59230121927601 50.86621397482019 0.5318377999938093
0.7181250900226577 10
0.9956216803844882 40
6 35.65453477632643 36.238684321857505 0.4114469999913126
0.8535259104834908 10
0.9982947366909533 40
7 11.261642936903147 11.006848015464325 0.42675459999009036
0.685705716026248 10
0.998684900262562 40
8 5.958221892291784 5.267198953776493 0.4345958000048995
0.8332768914269009 10
0.9993365061770052 40
9 3.747118131548022 2.8615711020500503 0.42048860000795685
0.8713018744578118 10
0.9999011535711408 40
10 2.9951230428254134 2.264105832041213 0.41896740000811405
0.8863131080975974 10
0.9997710743476373 40
11 2.5811282025015077 1.9265993522710574 0.4401552999916021
0.8477460860353452 10
0.9999032190744026 40
12 2.304582929983925 1.6686643862354968 0.41417840000940487
0.9086376212615572 10
0.9994829603697182 40
13 2.036918300004933 1.4581554179308174 0.4239845000265632
0.731005472792893 10
0.9994094013280854 40
14 1.8613847339497966 1.2721546027437867 0.4339532000012696
0.8411651145365849 10
0.9995976287272165 40
15 1.7035843804753756 1.1256242539592298 0.4470101000042632
0.8067700512750237 10
0.9994122131572899 40
16 1.535233677177894 0.9871621692044 0.553312600008212
0.8999294052389595 10
0.9998764440695611 40
17 1.4241622412109343 0.8598118113560941 0.732047400000738
0.6256064471554434 10
0.9994300661816528 40
18 1.3288744228910987 0.7800063982513374 0.43360849999589846
0.9121501707164879 10
0.9998865692718093 40
19 1.2699200639081183 0.7125337855678029 0.5215168999857269
0.7517138921013776 10
0.999867576466855 40
20 1.2101411386847052 0.6523890979788225 0.43900730001041666
0.8757637313435812 10
0.9999021180947952 40
21 1.172180445778007 0.6036046836517385 0.4231288000009954
0.7936433586076006 10
0.9998859612158517 40
22 1.1379468727207567 0.5679957433252257 0.4165305999922566
0.8620437415678532 10
0.9998753418524725 40
23 1.1110122336522925 0.5366625595597586 0.41883479998796247
0.7749114299433737 10
0.9998875972964418 40
24 1.0861683732981595 0.5090380461269383 0.4237630999996327
0.8148579906412287 10
0.9998726184053807 40
25 1.065185138644049 0.48613866016037316 0.5189424999989569
0.7517443744803254 10
0.9998807466595169 40
26 1.045747207911385 0.46320571110708614 0.43067290002363734
0.7617146176951589 10
0.9998587143214483 40
27 1.0283858605139158 0.4440068392965306 0.4327301000012085
0.7258771243188785 10
0.9998729592928983 40
28 1.012210021392844 0.4240904452245352 0.4638917999982368
0.7025725361700451 10
0.9998453313063188 40
29 0.9973138425509811 0.4071321357856816 0.9651726000010967
0.6867309192130757 10
0.9998643379819805 40
30 0.9833125224592004 0.38940033553102604 0.6237779000075534
0.6404234784362755 10
0.9998222932350384 40
31 0.9703394768391703 0.37404929336229525 0.7378174999903422
0.6323180759944472 10
0.999846277297505 40
32 0.9580003171318762 0.3584202965852278 0.422930600005202
0.5679031735307332 10
0.9997772647339279 40
33 0.9467133295665698 0.3448366354688086 0.4388584999833256
0.5560117465275543 10
0.9998103338067317 40
34 0.9355732133130982 0.33058912923255906 0.4212315999902785
0.48354099122709443 10
0.999690027351825 40
35 0.9255539505348044 0.3184908544603388 0.4230970999924466
0.4556096652032369 10
0.9997482200464485 40
36 0.9151418590016956 0.3049953671923601 0.547320400015451
0.3996887022884711 10
0.999455903171212 40
37 0.9059174071460274 0.2950737138853042 0.43105620000278577
0.33792316391246596 10
0.9996595403192092 40
38 0.8961781067285974 0.2813848740414913 0.4292872000078205
0.35510962751548963 10
0.9986974589668653 40
39 0.8878522073002292 0.2737348504080444 0.4083790000004228
0.2580048567384501 10
0.9995196198194013 40
40 0.8789930928453806 0.26097170866178315 0.429926400014665
0.3541468747454261 10
0.998826023564296 40
41 0.8714894687502585 0.2564825231759271 0.40115620000869967
0.2514645516872699 10
0.9994671851660933 40
42 0.8634133072674511 0.24269190362838178 0.43012289999751374
0.3394586388054045 10
0.9986448085256675 40
43 0.856484138403687 0.2390665016138995 0.4149401999893598
0.22631300468978285 10
0.9993613591236357 40
44 0.8493163973860992 0.22714642833642099 0.5377940000034869
0.3048356923804242 10
0.9986743076063626 40
45 0.8426902502706651 0.22375378760885742 0.5462297000049148
0.21376363375785526 10
0.9992590371499075 40
46 0.8356972898987642 0.21218775026116032 0.4297290999966208
0.3068652446588747 10
0.9990544142805147 40
47 0.8295069596050627 0.2101584712307451 0.41900289998739026
0.22890496582814096 10
0.9993341502903152 40
48 0.8231123100725554 0.19903383192434074 0.4200088999932632
0.30447349481993385 10
0.9994091281981377 40
49 0.8176299859663935 0.19746596536531605 0.5254293000034522
0.2363456961446422 10
0.9994759989239415 40
50 0.8118710941700752 0.18791098460081035 0.4067458999925293
0.3128693344040526 10
0.9997750028149182 40
51 0.8065967475539001 0.18609098155809467 0.42209020000882447
0.2758034728496718 10
0.9996173924034538 40
52 0.8012226946699949 0.17724673578818176 0.4307614999997895
0.4476356997141999 10
0.9997342546016588 40
53 0.796380743194546 0.17580549580038143 0.5127020000072662
54 0.47876315000057396
-------------------------------------------------END------------------------------------------------------
46
-------------------------------------------Classical LM---------------------------------------------------
366.1277803756037 386.09432058845454
0 326.40261886401055 321.027236193871 0.9156460000085644
1 204.3862635309351 209.1371559543874 0.7905235000071116
2 204.3862635309351 209.1371559543874 0.9616263999778312
3 180.7874204312145 173.8178313176469 0.9636802000168245
4 180.7874204312145 173.8178313176469 0.8905172999948263
5 89.41089060188797 82.774687543605 0.9701363999920432
6 89.41089060188797 82.774687543605 0.9155144999967888
7 89.41089060188797 82.774687543605 1.0514135000121314
8 89.41089060188797 82.774687543605 0.9889546999766026
9 39.60891015516031 36.21556877751681 1.0165038999984972
10 20.82007130315929 18.532178191726583 0.9124716999940574
11 20.82007130315929 18.532178191726583 0.8663813000021037
12 13.31205242521665 11.939051952056062 0.885860699985642
13 6.993748794594394 6.369309847839619 0.9133088999951724
14 6.951409431581071 6.383049928418215 0.9457202000194229
15 6.951409431581071 6.383049928418215 1.148475399997551
16 6.951409431581071 6.383049928418215 0.9285815000184812
17 3.74513286090515 3.0756520263492324 0.9975742999813519
18 3.74513286090515 3.0756520263492324 0.9294269000238273
19 3.2732858672617016 2.6535388176308587 1.1286259999906179
20 3.068264104990878 2.400611635717372 1.2612536000087857
21 2.8090937305225125 2.122541049121003 1.1994413000065833
22 2.5088107388644474 1.8120845947232704 1.1861135000071954
23 2.2397352197293303 1.523485639884476 0.9002846000075806
24 2.015782263193072 1.2683183044086173 0.9245404000103008
25 1.8977020680061185 1.1643829454632337 0.978449099988211
26 1.8977020680061185 1.1643829454632337 0.9900099000078626
27 1.6574805785924314 0.940668198353767 0.9638626000087243
28 1.5414799883603525 0.8253701869015571 0.906808200001251
29 1.4228790952775174 0.7279746151719284 0.9573946000018623
30 1.3708334094422556 0.695118962681789 0.9288451999891549
31 1.3708334094422556 0.695118962681789 0.9498639999947045
32 1.16917457752316 0.5104281800524466 0.9246234000020195
33 1.136823066860691 0.5086465753579174 0.9369866000197362
34 1.136823066860691 0.5086465753579174 0.9607053000072483
35 1.0201776427787566 0.370237989241804 0.9826312999939546
36 1.0201776427787566 0.370237989241804 0.9172150999947917
37 0.9766170171545524 0.3317787846446136 0.9231489999801852
38 0.9766170171545524 0.3317787846446136 0.8743421999970451
39 0.9391404653832207 0.2933954232401054 0.9586357999942265
40 0.9391404653832207 0.2933954232401054 0.909571700001834
41 0.9109441599162983 0.2699201550450822 1.0444756999786478
42 0.8845294342581909 0.24484419985966796 0.9285932000202592
43 0.8507360326362253 0.21293975523634012 1.1879572999896482
44 0.8148837058576204 0.18198328039965173 1.2128845999832265
45 0.8148837058576204 0.18198328039965173 0.9316163999901619
46 0.772730864516646 0.14297778752776377 2.0942519000091124
47 0.7576603135866569 0.13162884557482388 1.2192739000020083
48 0.7441504849322681 0.12238720702490365 1.4029097000020556
49 0.7265585750228518 0.10798804335721948 0.9764507999934722
50 0.7098974624243203 0.09384824652805608 1.1374778999888804
51 0.7098974624243203 0.09384824652805608 0.8805360000114888
52 0.6989520069407115 0.08319746295135627 0.9563142999832053
53 0.6989520069407115 0.08319746295135627 1.8055418999865651
54 0.690502171496583 0.07436179095336305 1.2399989999830723
55 0.690502171496583 0.07436179095336305 0.8948590999934822
56 0.6883115742124645 0.0720221854499392 0.9301891000068281
57 1.026298271928681
-------------------------------------------------END------------------------------------------------------
-------------------------------------------Krylov LM---------------------------------------------------
366.1277803756037 386.09432058845454
102
0 321.74585153934237 317.418796606246 1.361310800013598
102
1 189.9955793924211 196.5647470590596 1.3617519999970682
102
2 189.9955793924211 196.5647470590596 1.3307860000059009
3 189.9955793924211 196.5647470590596 0.07419069999014027
4 99.70648717498074 103.98204374647749 0.06286610002280213
102
5 99.70648717498074 103.98204374647749 1.4481456000066828
6 99.70648717498074 103.98204374647749 0.058546400017803535
7 77.15260897512991 76.1999248290808 0.06458299999940209
102
8 26.642569627596135 26.18435588895359 2.266177499986952
102
9 26.642569627596135 26.18435588895359 1.59670150000602
10 26.642569627596135 26.18435588895359 0.07562639997922815
11 14.406310400532446 14.428110596208672 0.08008329998119734
102
12 10.703555430410107 10.471335224912414 1.991840200003935
102
13 10.250519413271084 9.983534602223374 1.3277804999961518
102
14 10.250519413271084 9.983534602223374 2.3550913000071887
15 6.885930147578278 6.4386735886586015 0.08722899999702349
102
16 6.885930147578278 6.4386735886586015 1.4571662000089418
17 4.660736132572424 4.1738906258507775 0.0846579999779351
102
18 4.1232871586579565 3.524493515182976 1.8733521999965888
102
19 3.578355542711899 2.96473214265323 1.4642063999781385
102
20 3.1618260887510665 2.492397154436312 3.05442130001029
102
21 3.1618260887510665 2.492397154436312 1.7492540999955963
22 2.732265005926935 2.1051943586839177 0.06910069999867119
102
23 2.6435102915401325 1.9932076161351007 3.040234699990833
102
24 2.6435102915401325 1.9932076161351007 1.744149300007848
25 2.3678300819322335 1.710271623383626 0.08067580001079477
102
26 2.275291238725226 1.5856706585351916 2.597612300014589
102
27 2.176312236930522 1.4868206720235526 1.5924266999936663
102
28 1.8185209667400308 1.1692268428631338 3.1195356999814976
102
29 1.6545124937051583 0.9665450254502866 1.7269671999965794
102
30 1.6545124937051583 0.9665450254502866 2.392744800017681
31 1.6545124937051583 0.9665450254502866 0.05798149999463931
32 1.4242293225580676 0.7557285510316478 0.0731705000216607
102
33 1.4119611332554298 0.7490999897366748 1.2774681999871973
102
34 1.4119611332554298 0.7490999897366748 1.6059860000095796
35 1.3096402211886036 0.6524166648939838 0.04786309998598881
102
36 1.2827735202760244 0.6332277659507926 1.259366600017529
102
37 1.2349505155957712 0.5900996145917089 2.366557399975136
102
38 1.2349505155957712 0.5900996145917089 1.4004815999942366
39 1.2349505155957712 0.5900996145917089 0.07470110000576824
40 1.162716360092274 0.5208236662373886 0.055320900020888075
102
41 1.1489382292996786 0.5084015542376913 2.5320962999830954
102
42 1.1489382292996786 0.5084015542376913 1.2557880000094883
43 1.1352253120618143 0.4975964813420299 0.07190760000958107
102
44 1.1239433049135517 0.4875478132652739 2.558433900005184
102
45 1.1239433049135517 0.4875478132652739 1.2778382000105921
46 1.1132057542056741 0.4789904337529355 0.05958830000599846
102
47 1.103200917528345 0.4699155444077531 1.2823988000163808
102
48 1.0982583295438333 0.466242069481796 1.2355510999914259
49 1.2261574448986758
-------------------------------------------------END------------------------------------------------------
------------------------------------Reduced subspace LM---------------------------------------------------
366.1277803756037 386.09432058845454
0.9964984924374385 10
0 341.08975778327664 357.7207502082109 0.23845489998348057
0.9973831077491114 10
1 305.8934204019185 317.6907736786409 0.13632869999855757
0.9965618664125062 10
2 269.07087712016136 275.9204565706664 0.2992563000007067
0.9838673098619495 10
0.9999978490645041 40
3 249.67061866179188 254.46345846742688 0.5965008999919519
0.7824528315736109 10
0.9959335415382065 40
4 159.53710975226792 159.79858493967834 0.43269290000898764
0.9020946206921365 10
0.9910877220738901 40
5 42.88957020755657 41.26181172331032 0.43572899998980574
0.7897930586141395 10
0.9836934116244369 40
0.9972154781128202 70
6 41.142235518459785 39.48366429232136 0.9615015000163112
0.9644314487926725 10
0.999892734021344 40
7 20.9014620883435 20.577939344365376 0.44230130000505596
0.9841005792087223 10
0.9999488223962815 40
8 15.685568191803467 14.670822114835449 0.4563746999774594
0.9101641445949629 10
0.9999266180020683 40
9 4.7999336688618115 4.022958040293615 0.7140341000049375
0.6858005108759537 10
0.9998007458457366 40
10 3.462432855101372 2.7255157250727 0.6089683000172954
0.8932788942501683 10
0.9996340812811187 40
11 2.6888513176166504 1.9747233752718194 0.5304044999938924
0.8872924092831204 10
0.9999460864005452 40
12 2.2722429764873873 1.5653059346853428 0.43608680000761524
0.7806940478774786 10
0.9998542909054305 40
13 2.0139025380555755 1.3134000668927308 0.42526929997256957
0.9512834913547062 10
0.9999636457424239 40
14 1.8022656154410512 1.1099463733904256 0.4451792000036221
0.8876599048158101 10
0.999341465382079 40
15 1.661912833001215 0.9868276184752565 0.4414682999777142
0.9435603699831997 10
0.9999480263699674 40
16 1.5408781921858175 0.8682303027312702 0.5653280999977142
0.8634878862874669 10
0.9998931101229717 40
17 1.4549026716749285 0.7901748337455402 0.4602241000102367
0.9576855520552401 10
0.9999531595514518 40
18 1.36535489998148 0.705127307918217 0.4598777999926824
0.8612422095829328 10
0.9999254036499787 40
19 1.3088923277620925 0.6560314209795295 0.458075500006089
0.962371499707644 10
0.9999629571518761 40
20 1.2453901439781272 0.5981230173399597 0.45062180000240915
0.9338174282868218 10
0.9999515196065929 40
21 1.2056370054450871 0.558461227006678 0.5466577000042889
0.9724949270122828 10
0.9999529802288317 40
22 1.1655137910551334 0.524104612116854 0.44892590001109056
0.9569642746876889 10
0.9999599586062676 40
23 1.1350614475059788 0.49033037266239105 0.40955069998744875
0.9710204061319527 10
0.9999627494234647 40
24 1.1029858181611776 0.4651624335372596 0.41333989999839105
0.9567025663169483 10
0.9999477560581715 40
25 1.0750324313641544 0.430730290861944 0.4281401000043843
0.956382700292395 10
0.9999594059125406 40
26 1.0480762129814023 0.4134451502520448 0.4326443999889307
0.9555261402424464 10
0.9999354962362201 40
27 1.01994383607256 0.38079208234249695 0.4300439000071492
0.9406749029323946 10
0.9999434299209812 40
28 0.9935270410814364 0.36433357279069123 0.517403200006811
0.9680327579818143 10
0.9999347847512485 40
29 0.9603812279304533 0.32813808296091257 0.42447399999946356
0.9366922890303663 10
0.9999155358821459 40
30 0.9353087359545625 0.3173828387982425 0.42890639998950064
0.977871785829372 10
0.9999439913344605 40
31 0.9058596608667278 0.2826460707370227 0.4130625000107102
0.9180288737829086 10
0.9998865254869508 40
32 0.8841834524322618 0.27073919421444065 0.41159499998320825
0.982049071695075 10
0.9999519594986646 40
33 0.8613286964492647 0.24416345377360948 0.5447706000122707
0.9472749195796479 10
0.9999348398851352 40
34 0.8462490677084165 0.23580184094569323 0.43981569999596104
0.9770486142712014 10
0.9999608343071777 40
35 0.8314068342979608 0.21462798032494937 0.4174118999799248
0.9415525340737867 10
0.9999418613078674 40
36 0.8202926067784432 0.2085465863234669 0.427714699995704
0.9741263704744895 10
0.9999617533949816 40
37 0.8092617997116854 0.1929251268242374 0.4390946000057738
0.9302845939106572 10
0.9999278058606431 40
38 0.8005132069921458 0.18755494269013842 0.4158752000075765
0.9654253649700439 10
0.9999634864968321 40
39 0.7918937820929265 0.17438549575293924 0.4184776000038255
0.9113538167582141 10
0.9999353157360875 40
40 0.7846354532039362 0.1698324529077451 0.5277860999922268
0.9544681204587979 10
0.9999680770987868 40
41 0.7775748526027233 0.15998670931379783 0.4320910000242293
0.9140131282480306 10
0.9999369859095353 40
42 0.7718326413081084 0.15620770897423533 0.4257140999834519
0.9423210960139228 10
0.999973925203134 40
43 0.7660465069408042 0.14811594059128969 0.4247085000097286
0.87631136104068 10
0.9999443924469011 40
44 0.761164492798407 0.14489127515241343 0.40908280000439845
45 0.45826587777701205
-------------------------------------------------END------------------------------------------------------
47
-------------------------------------------Classical LM---------------------------------------------------
359.2244216902409 373.74594808582907
0 275.1393764002797 276.918304996133 0.87694570000167
1 192.90666963111798 189.33811496190836 0.9292916000122204
2 192.90666963111798 189.33811496190836 0.8840925999975298
3 192.90666963111798 189.33811496190836 0.9843389999878127
4 141.5629904065193 137.89320027202578 0.9388398999872152
5 104.95501855467823 101.91184719384167 1.1270727000082843
6 104.95501855467823 101.91184719384167 1.051558799983468
7 104.95501855467823 101.91184719384167 0.9575905999809038
8 104.95501855467823 101.91184719384167 0.9306480000086594
9 45.897445715108425 45.02653236233162 1.0425996000121813
10 45.897445715108425 45.02653236233162 0.9697112999856472
11 44.740080188111286 42.886558653941506 1.4067632000078447
12 17.89380351081789 17.88331984257051 0.8855250999913551
13 17.89380351081789 17.88331984257051 0.9862004000169691
14 13.793013545016674 13.4781437868785 0.9848576000076719
15 9.783226994591761 9.066328074645968 0.8515427999955136
16 9.783226994591761 9.066328074645968 0.917887800023891
17 7.791766275251126 6.9960578117625225 0.950580800010357
18 6.861727326342008 5.998367345890904 0.8567243999859784
19 5.673277485989488 4.813395819768057 0.9817902000213508
20 4.7542244250497125 3.946482651985913 0.9079281000012998
21 4.172809687946368 3.291215088935114 0.9344169000105467
22 3.922889457545757 3.0445232899630765 0.8758559999987483
23 3.7135468988222784 2.8482531554206427 0.9996090000204276
24 3.7135468988222784 2.8482531554206427 0.9317656000202987
25 2.8283160167497896 2.0031870266480927 0.9661854000005405
26 2.8283160167497896 2.0031870266480927 0.9420423999836203
27 2.6563474068395707 1.7654325061813834 0.8968556000036187
28 2.22364606322315 1.544182027941206 1.2484364999982063
29 2.074385671375785 1.370390190373032 0.8855382000037935
30 1.8580097243774958 1.219687536283489 0.9419835000007879
31 1.8580097243774958 1.219687536283489 0.873285899986513
32 1.8580097243774958 1.219687536283489 0.9442917999986093
33 1.8580097243774958 1.219687536283489 0.9739356999925803
34 1.7943289470237693 1.1436255373074973 0.9364673999953084
35 1.7638593092546033 1.1295074752643326 0.9294643999892287
36 1.742211165480887 1.116971171839091 0.9165085999993607
37 1.742211165480887 1.116971171839091 0.9525385999877471
38 1.702238009392377 1.085880167770554 0.9101456000062171
39 1.6765599784023164 1.069240755021475 0.9072238999942783
40 1.6765599784023164 1.069240755021475 1.0007476000173483
41 1.6345604559979243 1.0437209915963879 0.946382199996151
42 1.6005615882308957 1.0157468494342585 0.8641687000053935
43 1.6005615882308957 1.0157468494342585 0.9437502000073437
44 1.546704320943336 0.9690213256886882 1.0236860000004526
45 1.496483299070748 0.9130134302568472 0.960857500002021
46 1.496483299070748 0.9130134302568472 0.9056428000039887
47 1.4410944527751723 0.861096229114788 0.9076181999989785
48 1.4007612791266197 0.8085678915832721 0.84093980002217
49 1.390304187629337 0.7808755837022066 0.8647120000096038
50 1.390304187629337 0.7808755837022066 1.6903399000002537
51 1.3096558630473352 0.7101825132595602 1.1138664000027347
52 1.2890656096417477 0.6834546517283352 0.86429309999221
53 1.2592352114511207 0.6526922772147163 0.9390814999933355
54 1.2034682316608571 0.5974212057010928 0.9436614000005648
55 1.2034682316608571 0.5974212057010928 0.905485299997963
56 1.1792278267399665 0.5708944027123068 1.018237499985844
57 1.1602893842664281 0.5509750038688457 0.9119752999977209
58 1.1602893842664281 0.5509750038688457 0.9756837000022642
59 1.1314931288256886 0.5185349602478408 0.983276199985994
60 1.1314931288256886 0.5185349602478408 0.9551274999976158
61 1.1204472134427723 0.5064708281789819 0.9563982000108808
62 1.112633842153301 0.49864125162781453 0.8505906999926083
63 1.112633842153301 0.49864125162781453 0.8663026000140235
64 1.1072861098025362 0.4920504746134455 0.9286550999968313
65 1.1019933631729515 0.4868170052220784 0.8864533000160009
66 1.1006653351197535 0.4863625743446536 0.9878947999968659
67 0.9615652044785883
-------------------------------------------------END------------------------------------------------------
-------------------------------------------Krylov LM---------------------------------------------------
359.2244216902409 373.74594808582907
102
0 280.7793653847385 283.50180508627 1.2288685999810696
102
1 261.25208270346803 266.88739034578424 1.2172331000037957
102
2 140.53463240689643 141.9951520936481 1.2047499000036623
102
3 87.79429836760092 88.79143538847312 1.2283555000030901
102
4 67.40173901543207 68.91722167268611 1.2232781000202522
102
5 67.40173901543207 68.91722167268611 1.6689858000027016
6 67.40173901543207 68.91722167268611 0.06840509999892674
7 67.40173901543207 68.91722167268611 0.06582089999574237
8 67.40173901543207 68.91722167268611 0.06861679998110048
9 57.97425334920201 53.25408914885135 0.0724884000082966
102
10 57.97425334920201 53.25408914885135 1.2407566999900155
11 57.97425334920201 53.25408914885135 0.05713550001382828
12 32.80128403147552 29.787081579684564 0.049363199999788776
102
13 32.80128403147552 29.787081579684564 1.6901766999799293
14 21.477847323165367 19.342616120276915 0.07177499998942949
102
15 14.928731804971312 13.566066700250284 1.2383258999907412
102
16 10.441187508629884 9.190712946609903 1.2380507999914698
102
17 7.517703782953494 6.240425647250351 1.2114348000031896
102
18 7.517703782953494 6.240425647250351 1.2275892999896314
19 7.066100891369427 5.90844023240721 0.05533530001412146
102
20 7.066100891369427 5.90844023240721 1.2100904999824706
21 4.5368876333863595 3.500557921151132 0.06155489999218844
102
22 3.966289956641917 3.0540336743796503 1.2169528999947943
102
23 3.261528715505949 2.4358966670259923 1.2490812000178266
102
24 3.261528715505949 2.4358966670259923 1.2174773000006098
25 2.761635354618634 1.9529649665156863 0.05260559997987002
102
26 2.512118887133991 1.7241723318671047 1.2123204999952577
102
27 2.507154355874063 1.7993778305971164 1.2465243999904487
102
28 2.507154355874063 1.7993778305971164 1.2420519000152126
29 2.368417033548821 1.6500718501798723 0.076600900007179
102
30 2.3133540437316684 1.6153481428739296 1.1959299000154715
102
31 2.3133540437316684 1.6153481428739296 1.2360592000186443
32 2.1829166692181374 1.422151329440722 0.06545170000754297
102
33 2.1829166692181374 1.422151329440722 1.2360635999939404
34 2.05899565488574 1.3059116934029076 0.048250799998641014
102
35 2.05899565488574 1.3059116934029076 1.2350399999995716
36 2.026124343716491 1.2757398940862623 0.06636689999140799
102
37 2.0094689997752417 1.256962119767355 1.2194206999847665
102
38 1.9843998183701093 1.2308747456332971 1.2290276999992784
102
39 1.9556610117406839 1.206735297789828 1.2386735000181943
102
40 1.9556610117406839 1.206735297789828 1.1987040999811143
41 1.9063190600794546 1.1712949245952022 0.05278330002329312
102
42 1.8776043827354763 1.1523474817661816 1.2506666000117548
102
43 1.8501326323726774 1.1418423096837282 1.2063120999955572
102
44 1.8299811615729071 1.155404656593163 1.2219771999807563
102
45 1.8299811615729071 1.155404656593163 1.2258037000137847
46 1.7791273083600743 1.1282391393804088 0.05734550001216121
102
47 1.7791273083600743 1.1282391393804088 1.2610865000169724
48 1.7208052127063203 1.1140400647443605 0.05941929999971762
102
49 1.7208052127063203 1.1140400647443605 1.2135718000063207
50 1.7114875408254417 1.124338966722735 0.07328510002116673
102
51 1.5942254478390223 0.9939617003723545 1.2214837999781594
102
52 1.53687213780341 0.9528478296505247 1.214384799997788
102
53 1.53687213780341 0.9528478296505247 1.2152752000256442
54 1.2197490613543864 0.6027354278696861 0.05580010000267066
102
55 1.1653955750253122 0.537777156095885 1.2024452000041492
102
56 1.1477571410047613 0.514555230771355 1.2318111999775283
102
57 1.0593617840789866 0.4291275242177321 1.2212346000014804
102
58 1.0556327308233913 0.4206519371628791 1.2384949999977835
59 0.8661724508476594
-------------------------------------------------END------------------------------------------------------
------------------------------------Reduced subspace LM---------------------------------------------------
359.2244216902409 373.74594808582907
0.9931132964045137 10
0 336.44803028641667 348.70272336079444 0.10295450000558048
0.9935967767379892 10
1 303.39305449998415 313.1364141082084 0.09057709999615327
0.9905320316617064 10
2 265.77969304657864 273.88505753136315 0.10398670000722632
0.9641969327160744 10
0.9999804458088838 40
3 258.201869167467 265.9415413063737 0.45595309999771416
0.8581080281745838 10
0.9991261495521107 40
4 210.99888734443664 215.7682904712139 0.4600880000216421
0.7608646015364149 10
0.9930737189019554 40
5 162.34588894320058 163.82551275418757 0.46426450001308694
0.8295636177946427 10
0.9971243486056249 40
6 90.68882815778015 87.96084659078899 0.5331415999971796
0.9434513958438762 10
0.9992052795878619 40
7 63.24476232848622 66.26215450739224 0.4130699999805074
0.9755253119504443 10
0.9991209790793416 40
8 12.723605811083686 12.319378545090167 0.4172160000016447
0.8252194876584008 10
0.9991887813621931 40
9 4.896888476855903 3.9045890849337144 0.42090230001485907
0.9137029789294844 10
0.9995638085669799 40
10 3.367136743332962 2.5833287451006197 0.4289676999906078
0.7703776999546951 10
0.999743843617592 40
11 2.5410385004254668 1.819634460874825 0.4438283999916166
0.9759682800204268 10
0.9999436416176434 40
12 2.187639251933148 1.4878981142240633 0.4149713999941014
0.7421469364455976 10
0.9999187444088133 40
13 1.9768049076732885 1.281931431407305 0.4189059999771416
0.9522050826174974 10
0.9998831718970318 40
14 1.8280025306429555 1.1569784582457294 0.4210468999808654
0.7948060581708329 10
0.9992905936638448 40
15 1.715947698379564 1.0486720442268178 0.5358271999866702
0.9549495292333606 10
0.9999371896244788 40
16 1.6120980285916826 0.9544875848730408 0.5408531000139192
0.9114855194014493 10
0.9999103742939257 40
17 1.5352831855938693 0.8737550474978646 0.42956419999245554
0.9386140684116752 10
0.9999138907819315 40
18 1.4649528405769667 0.802616869111911 0.42553780000889674
0.8288406517723462 10
0.9998700323610031 40
19 1.4074125216084001 0.7451595922821281 0.41179350001038983
0.9135320445856754 10
0.9998563829126957 40
20 1.3423442368708711 0.6712232672694315 0.4370450999995228
0.7400826326629536 10
0.9996463062035781 40
21 1.2942227431707403 0.6278928868995517 0.42168349999701604
0.9251831209511034 10
0.9999052349579175 40
22 1.2424213301645421 0.570502588571974 0.4354676999791991
0.7824755154790483 10
0.9996870127888401 40
23 1.2005000037360198 0.5354950032215814 0.42749129998264834
0.9383850692199697 10
0.9998759811856945 40
24 1.157228809184214 0.49207561050142906 0.4364433999871835
0.5641349305547109 10
0.9973838993208858 40
25 1.120413173254619 0.45863900939554353 0.4284552999888547
0.9323502337575288 10
0.9998984934473774 40
26 1.0846556162895162 0.4272666127730269 1.0362904999929015
0.7190697953425886 10
0.9998874433828087 40
27 1.0538654940443875 0.3977460244354545 0.5123817999847233
0.9157022416211101 10
0.9999189989958296 40
28 1.0254008020597605 0.3755141090399709 1.0454682999989018
0.7635142588082636 10
0.9998875547000746 40
29 0.9986979059689114 0.3469682742615436 0.5473812999844085
0.9110553670976188 10
0.9998974198500846 40
30 0.9705675520142477 0.3340097549998027 0.858744500001194
0.8110426206131887 10
0.9998896781077342 40
31 0.9449096176504751 0.297220891198732 0.5204475999926217
0.9429480237019164 10
0.9999328574025219 40
32 0.9241062783967865 0.29093911436431485 0.40284219998284243
0.804169207088605 10
0.9999021186933389 40
33 0.9052192353137783 0.26406943177098824 0.521127299987711
0.8931658911410432 10
0.9999353366117172 40
34 0.888769036902591 0.2602972229219705 0.4275291000085417
0.7586631298176819 10
0.9999184885366336 40
35 0.8730711623724212 0.23659420335757556 0.4268638999783434
0.8063607797110014 10
0.9999254982825887 40
36 0.8593700905507982 0.23476446728551445 0.4231466999917757
0.6729371333070927 10
0.9999216061125769 40
37 0.8456997083370498 0.2130327034129205 0.4052490000030957
0.685057839892876 10
0.9998274574206661 40
38 0.8337261653418405 0.2128264458657595 0.42363340000156313
0.573152541590093 10
0.9998966360417962 40
39 0.8234737744647227 0.19345783158896973 0.42814089998137206
0.606502863794966 10
0.9998605394760601 40
40 0.8140221350708836 0.1937453743228201 0.5103295000153594
0.4484228077548046 10
0.9998115583534432 40
41 0.8053286848556881 0.1770554554225384 0.49386700001196004
0.6465689738259899 10
0.9998299714615472 40
42 0.7971128706239715 0.17744827491770962 0.42534089999389835
0.2513235484787918 10
0.9995122411715592 40
43 0.7896641789577876 0.16221177858648514 0.4302495000010822
0.6653396980483081 10
0.999897063007532 40
44 0.7820506425700918 0.1608068600104047 0.418488499999512
0.2480052759747411 10
0.9994154966743239 40
45 0.7752643627443933 0.14979925869548028 0.48207129997899756
0.6926121860955838 10
0.9998525187207203 40
46 0.7697748889429978 0.15100800311508197 0.4020384000032209
0.23607565911296738 10
0.9980922154938429 40
47 0.764634672854088 0.14073998952368733 0.4308805000036955
0.5777339580844751 10
0.9998586677560662 40
48 0.7591688707437846 0.140022096378482 0.4431378000008408
0.20180945558789187 10
0.9973423315935045 40
49 0.7543817194733202 0.13169426395239497 0.45338249998167157
50 0.4597813739959383
-------------------------------------------------END------------------------------------------------------
48
-------------------------------------------Classical LM---------------------------------------------------
389.73126305693535 411.3660466762535
0 389.73126305693535 411.3660466762535 0.9545274999982212
1 340.7032810120304 353.5557348838529 1.0401868000044487
2 340.7032810120304 353.5557348838529 0.8720116000040434
3 140.68537345095763 135.48257377622156 1.0081437000189908
4 140.68537345095763 135.48257377622156 0.8817014000087511
5 75.84503097486598 74.96663195831698 0.9701194000081159
6 75.84503097486598 74.96663195831698 0.9083762000082061
7 54.96598086831821 52.30001206448044 0.9816441999864765
8 34.980486003332516 34.346790176164944 0.9787354999862146
9 34.980486003332516 34.346790176164944 0.8846611000190023
10 34.980486003332516 34.346790176164944 1.0867900000012014
11 18.9016350814658 17.314443418603403 0.9612980000092648
12 4.989990173411219 4.09917287025197 0.947348299989244
13 4.989990173411219 4.09917287025197 0.9800440999970306
14 3.7788792513472043 2.904303350433799 0.9599716999800876
15 3.036642241429459 2.191047881339343 0.8651019000099041
16 2.640531931878001 1.8391320377105609 0.9686389000271447
17 2.276607337200237 1.5837079610481921 0.9829453999991529
18 2.276607337200237 1.5837079610481921 0.94616049999604
19 1.7234883967310157 1.0160683008634372 0.9386344999948051
20 1.7234883967310157 1.0160683008634372 0.9305924999935087
21 1.5315310484467186 0.8716334002547521 0.9704865000094287
22 1.4488338427194352 0.7790855530315742 0.9142808000033256
23 1.4488338427194352 0.7790855530315742 0.9526620000251569
24 1.2800376564652292 0.614937075600586 1.0357174000237137
25 1.1868736539799152 0.5425163730354877 0.9489444000064395
26 1.087223591589159 0.4626136952617522 0.9677673999976832
27 0.9764040397252353 0.36346870687584326 0.9956994999956805
28 0.9764040397252353 0.36346870687584326 0.9576783999800682
29 0.9073906323221439 0.29186535307853567 1.0142282000160776
30 0.8600524943722312 0.24143347543758703 0.898189800005639
31 0.8600524943722312 0.24143347543758703 1.676913200004492
32 0.8436219931801574 0.22612720569401723 0.9329813999938779
33 0.8108782696416043 0.1909785037612209 1.8167870999895968
34 0.8108782696416043 0.1909785037612209 1.3316430999839213
35 0.7960038933688811 0.1753993468270909 0.9441787000105251
36 0.7724864453964534 0.15197595827555666 0.9546872999926563
37 0.7724864453964534 0.15197595827555666 0.9713020000199322
38 0.7565133851171517 0.13705881042866602 1.015452899999218
39 0.7422085856796542 0.12276717489995564 1.2102145999961067
40 0.7302679614026758 0.11487935118362057 1.0379395999771077
41 0.7145274382448802 0.09805863406813825 1.3341153000073973
42 0.7145274382448802 0.09805863406813825 0.9254515999928117
43 0.7145274382448802 0.09805863406813825 1.020606600010069
44 0.7064897068023777 0.09069762140535298 0.9900519000075292
45 0.7026701159145853 0.08632700354276873 0.8861177999933716
46 1.0163419717409061
-------------------------------------------------END------------------------------------------------------
-------------------------------------------Krylov LM---------------------------------------------------
389.73126305693535 411.3660466762535
102
0 389.73126305693535 411.3660466762535 1.2308344999910332
1 340.69671131831177 353.5451420986202 0.05864040000597015
102
2 316.61860570779845 317.7195121514319 1.2534753999789245
102
3 186.24103652504144 182.42209926136283 1.234081899980083
102
4 105.71017353081005 101.97348068182473 1.4324691999936476
102
5 89.13480817624868 91.41266407709999 1.2807508999831043
102
6 89.13480817624868 91.41266407709999 1.2410758000041824
7 89.13480817624868 91.41266407709999 0.07705419999547303
8 89.13480817624868 91.41266407709999 0.06119800001033582
9 81.32623859215946 80.95894941892209 0.06067919998895377
102
10 81.32623859215946 80.95894941892209 1.2186749000102282
11 67.39035673124124 64.95668035592594 0.07910579998861067
102
12 30.046111493345304 28.44605866317892 1.2515242000226863
102
13 16.89263041806207 15.412509468918648 1.2401900999830104
102
14 14.228869693793461 12.366235544288745 1.2630944000266027
102
15 5.259101626744365 4.406704721538859 1.2539612999826204
102
16 5.259101626744365 4.406704721538859 1.2659521999885328
17 5.259101626744365 4.406704721538859 0.07813229999737814
18 5.259101626744365 4.406704721538859 0.0712405999947805
19 3.8450690453468264 2.9679876576845583 0.06188100000144914
102
20 2.2249527364524613 1.5176666930343519 1.7203330000047572
102
21 2.2249527364524613 1.5176666930343519 1.8277900000102818
22 1.8906055361280583 1.1651744160854027 0.04970149998553097
102
23 1.5214265903709296 0.7931145869298409 1.2744742000068072
102
24 1.5214265903709296 0.7931145869298409 1.281019500020193
25 1.2647929563874578 0.5636545941426035 0.07316169998375699
102
26 1.1020864430200377 0.41657589232608483 1.4699316000042018
102
27 1.1020864430200377 0.41657589232608483 1.8621431999781635
28 1.0407111703679723 0.35071563620052926 0.04979720001574606
102
29 0.9612917780268021 0.2759218093338676 2.0199972999980673
102
30 0.9448695288868166 0.26683111462798254 2.0276012000103947
102
31 0.9133325433887836 0.24770341183821962 1.8200931000174023
102
32 0.9133325433887836 0.24770341183821962 2.139389799995115
33 0.8795574105652478 0.2175495535337944 0.047647800005506724
102
34 0.8342483646794312 0.16922241437775018 1.9723244000051636
102
35 0.8342483646794312 0.16922241437775018 2.02999959999579
36 0.8239781281843556 0.16721118543380367 0.06890440001734532
102
37 0.8048683776506717 0.14467902604218266 2.1745728999958374
102
38 0.8048683776506717 0.14467902604218266 1.7318616000120528
39 0.8007702455623927 0.15021959790753595 0.05970430001616478
40 1.0353616150001472
-------------------------------------------------END------------------------------------------------------
------------------------------------Reduced subspace LM---------------------------------------------------
389.73126305693535 411.3660466762535
0.994768677071609 10
0 361.23507021777806 379.7862734751819 0.12937710000551306
0.9955483557498745 10
1 320.2538549150499 333.50700506856714 0.19163360001402907
0.9961135883939269 10
2 275.326847238009 283.12574937454315 0.19249690001015551
0.9932817893375843 10
3 244.09789799120836 249.6529591092672 0.10793990001548082
0.9778147076213294 10
0.9999992712094736 40
4 228.66023694004397 232.98731130287086 0.5271110000030603
0.8907854198263586 10
0.9963410084217919 40
5 168.93099117482103 171.91736329702695 0.5031930999830365
0.8417496304147666 10
0.9993229751616295 40
6 86.29687392147049 84.10715623334987 0.4217466999834869
0.8386462363152497 10
0.9932550249981129 40
7 50.226480494392305 50.06311518102855 0.42126960001769476
0.9227493128920147 10
0.9986400246021437 40
8 8.551410563732937 7.091216655040094 0.5302074999781325
0.7724348744404061 10
0.9994812221608833 40
9 5.827136258015277 5.089801396013633 0.5480654999846593
0.9373809662941202 10
0.9997223091443862 40
10 2.8287177337013096 2.0729798509160418 0.40048049998586066
0.5814232852177911 10
0.9952526008930818 40
11 2.2585771214628294 1.5804631524596957 0.41640270000789315
0.746435620954676 10
0.9976953139174028 40
12 1.9361118895827807 1.2090814434334434 0.5340694999904372
0.7846007782902845 10
0.998558062733278 40
13 1.5828231036276177 0.8920652394021924 0.42232220000005327
0.848278906540703 10
0.9996145647400265 40
14 1.5785403426248488 0.930313425342764 0.4234791999915615
0.6976982627390717 10
0.9995723272100172 40
15 1.2944430910264022 0.6218313592339152 0.4112267000018619
0.7358419022900533 10
0.9989305564816019 40
16 1.222486295437663 0.5841943129861972 0.507466300012311
0.5224049010886362 10
0.9958433696134231 40
17 1.1286932509489302 0.48387658175230874 0.4233861000102479
0.7118562068514244 10
0.9994194507766845 40
18 1.0611086102037255 0.42508864848620076 0.4126789000001736
0.6907859349775571 10
0.9993900434824045 40
19 1.0086696660928067 0.3793975700410371 0.41754510000464506
0.7364652794894195 10
0.9996092086915047 40
20 0.9629576673947331 0.32722447495506163 0.5151680000126362
0.8201877688578348 10
0.9996835317802576 40
21 0.9297318802264174 0.29995047354082316 0.5491826999932528
0.7357951464242428 10
0.9995003346185688 40
22 0.9032552733602499 0.27007560480152903 0.5379765999969095
0.8151639279275502 10
0.9996206019608843 40
23 0.8782739382161806 0.24999096688143096 0.5371238999941852
0.7128543805173382 10
0.9991296328787412 40
24 0.8597113488102055 0.23021924418842038 0.42514370000571944
0.7854445231990319 10
0.9994578553462239 40
25 0.8390149162700516 0.21401188447975938 0.4241560000227764
0.6835906088643514 10
0.9978251829356387 40
26 0.824304120738127 0.19772056978243743 0.42823089999728836
0.7292801708821921 10
0.9993169320841616 40
27 0.8094027120549324 0.18634559490070507 0.4116052000026684
0.6884818112527281 10
0.9963865769929122 40
28 0.7981433396331709 0.1755228397247825 0.4087784000148531
0.6941398922263005 10
0.9976621471381166 40
29 0.7872712855714983 0.1657195135286707 0.4072073000133969
0.7175988506673121 10
0.9989969892544777 40
30 0.7780696608416319 0.15744532691226293 0.634153300023172
0.6794150237814719 10
0.9977473220835712 40
31 0.7693989120212409 0.14959141151791105 0.6715394999773707
0.7778413203186217 10
0.9995884276177743 40
32 0.7613061418489891 0.14209500155167018 0.7617309000052046
0.7088573461730076 10
0.9994036434017876 40
33 0.7541658725381486 0.13614160220535454 0.5488422999915201
0.8399128726790664 10
0.9997427461493574 40
34 0.7466831740965089 0.12990999136170517 0.7048330999969039
0.7534640326109596 10
0.9997681257046408 40
35 0.7398923486692807 0.1230045632492865 0.4545479000080377
0.8679274741234785 10
0.9998098021035227 40
36 0.7343659894074903 0.11804288388674107 0.45263089999207295
0.8780588780409803 10
0.9998265990726058 40
37 0.7293052398030765 0.11312304822617546 0.5362897999875713
0.8660316618557773 10
0.9997952302809993 40
38 0.7249128816046209 0.1087084609132302 0.45174109999788925
39 0.4564866564111211
-------------------------------------------------END------------------------------------------------------
49
-------------------------------------------Classical LM---------------------------------------------------
391.3686009355363 412.57154184378925
0 257.2051199639719 257.7285105724353 0.9676138999930117
1 252.34054588744993 248.55951972373103 0.8677763999730814
2 252.34054588744993 248.55951972373103 0.9145182000065688
3 252.34054588744993 248.55951972373103 0.9335934999980964
4 124.18700828106029 123.2218444767299 1.088196800003061
5 124.18700828106029 123.2218444767299 0.9246913999959361
6 77.92792015359217 77.49188716466692 1.022509899979923
7 65.0647724443475 63.03787090415777 1.0123275999794714
8 65.0647724443475 63.03787090415777 0.8928775999811478
9 63.9014640067389 59.239702762711474 1.0468356999917887
10 63.9014640067389 59.239702762711474 0.9463753000018187
11 47.37281147803265 46.41412631364104 0.968995699979132
12 47.37281147803265 46.41412631364104 0.9567155000113416
13 14.367821165720716 12.984262357850232 2.0185658000118565
14 5.316991532393591 4.640124837018368 0.9392264999914914
15 4.537089257732032 3.830503375023918 1.2656948000076227
16 4.537089257732032 3.830503375023918 0.864995900017675
17 3.942479242590104 3.3307702780409625 0.8471841999853496
18 3.942479242590104 3.3307702780409625 1.4603246000187937
19 2.6655965630122034 1.9275776201614456 1.2359700000088196
20 2.2372790790623087 1.5559037813898 0.9320313999778591
21 2.2372790790623087 1.5559037813898 1.8389892999839503
22 1.9105990950007536 1.3331501600325897 1.3840936000051443
23 1.6676563668863207 1.0479952119336835 0.9140963000245392
24 1.4620343833140244 0.8215675395082881 1.218191799998749
25 1.4620343833140244 0.8215675395082881 0.9537597000016831
26 1.0540676536219478 0.44520138100345114 1.1198670000012498
27 0.9692718309813787 0.35277341638072074 2.0063395999895874
28 0.854562655769614 0.24361946198769682 0.8770978999964427
29 0.854562655769614 0.24361946198769682 1.4672014999960084
30 0.8227229627271463 0.20921408624913493 1.227726299985079
31 0.7969334008989661 0.1828728079246865 0.9158763999876101
32 0.7933924821329847 0.18465778565498017 1.1904541999974754
33 1.1279004333297384
-------------------------------------------------END------------------------------------------------------
-------------------------------------------Krylov LM---------------------------------------------------
391.3686009355363 412.57154184378925
102
0 257.8077122570858 259.6159960707624 1.2451211000152398
102
1 239.26175923578404 239.12022574130063 1.4936090999981388
102
2 239.26175923578404 239.12022574130063 1.2235928000009153
3 239.26175923578404 239.12022574130063 0.05814259999897331
4 185.90343999669332 184.96258276881474 0.06170609997934662
102
5 185.90343999669332 184.96258276881474 2.557129100023303
6 185.90343999669332 184.96258276881474 0.06423430002178065
7 57.42967210721559 57.84040790788448 0.06610009999712929
102
8 57.42967210721559 57.84040790788448 1.2385347000090405
9 57.42967210721559 57.84040790788448 0.05705380000290461
10 29.394262965053436 29.125852318930356 0.05632659999537282
102
11 21.178450965748663 19.561339733617082 2.552405499998713
102
12 15.381892587400566 14.038139905667297 1.2141848000173923
102
13 13.572134920278046 12.74447431131017 2.5842928999918513
102
14 13.572134920278046 12.74447431131017 1.2284809999982826
15 8.923237197066975 7.667687240214718 0.05590119998669252
102
16 7.596678137720242 6.821270313151028 2.5626750999945216
102
17 7.596678137720242 6.821270313151028 1.218331699987175
18 5.339905972900933 4.461848119888797 0.049111500004073605
102
19 4.629560678069122 3.8288364324743185 2.5473062000237405
102
20 4.086206721793402 3.284698656702372 1.245847899990622
102
21 3.639402696693882 2.9030475125347093 2.581127999990713
102
22 3.262341222174207 2.481587136793616 1.2415664000145625
102
23 3.094668678859682 2.3236059135191587 2.2514193000097293
102
24 2.966491030579523 2.18108369080713 1.2135558000009041
102
25 2.864506039680396 2.048852138026198 2.557045299996389
102
26 2.7823189018081536 1.9917343991040533 1.223510499985423
102
27 2.715253182333628 1.9302402290474834 2.5680412000219803
102
28 2.6299942062571686 1.871356679855184 1.223822600004496
102
29 2.55608878405541 1.7986756726547883 2.648051600001054
102
30 2.4647990984396793 1.6640716857453084 1.2192299999878742
102
31 2.1873239688150403 1.4837931895276069 2.4583483999886084
102
32 1.9811504378305915 1.2210908133445046 1.2098975999979302
102
33 1.8977909684914143 1.146452602519629 2.832969100010814
102
34 1.86169842439841 1.1018191342739825 1.266905399999814
102
35 1.820950110336683 1.0753249492418324 2.545546999986982
102
36 1.795273380592825 1.0404531673894062 1.2390079000033438
102
37 1.7625535652380746 1.0273134008525964 2.481258699990576
102
38 1.747684171734146 0.9926368614150874 1.240190199983772
102
39 1.726174062329757 0.9926045241433322 2.319096100021852
102
40 1.726174062329757 0.9926045241433322 1.247554500005208
41 1.726174062329757 0.9926045241433322 0.06145890001789667
42 1.726174062329757 0.9926045241433322 0.06146309999166988
43 1.726174062329757 0.9926045241433322 0.04614210000727326
44 1.726174062329757 0.9926045241433322 0.06941490000463091
45 1.726174062329757 0.9926045241433322 0.06367890001274645
46 1.726174062329757 0.9926045241433322 0.043212999997194856
47 1.726174062329757 0.9926045241433322 0.043275499978335574
48 1.726174062329757 0.9926045241433322 0.05185629997868091
49 1.726174062329757 0.9926045241433322 0.0630931000050623
50 1.6787547481734841 0.9361823869163466 0.05888480000430718
102
51 1.6579703830708123 0.9238086453859582 2.524515600001905
102
52 1.6579703830708123 0.9238086453859582 1.8367667999991681
53 1.6154158863988708 0.8935828763577309 0.05660350000835024
102
54 1.600769472066854 0.8827134713372307 1.256383799976902
102
55 1.600769472066854 0.8827134713372307 1.2425036999920849
56 1.5611654814655718 0.8590003154816811 0.0800329000048805
102
57 1.5422652015927867 0.8417957890996802 1.618975000019418
102
58 1.5422652015927867 0.8417957890996802 1.221897200011881
59 1.518353024793435 0.8282210052413137 0.05220179999014363
102
60 1.5001159654515497 0.8107364332808652 1.8575610000116285
102
61 1.4859825560034947 0.795675421769201 1.2169527999940328
102
62 1.4859825560034947 0.795675421769201 2.353534599998966
63 1.4481374691770166 0.7658658434672834 0.07967789997928776
102
64 1.4297256157146025 0.7473367832872768 1.2453238999878522
102
65 1.4211204963714688 0.7420784356990167 2.417952100018738
102
66 1.4211204963714688 0.7420784356990167 1.305771499988623
67 1.3772867584211481 0.6999434080854398 0.06354400000418536
102
68 1.3603505364606716 0.6864228560884217 2.5912660000030883
102
69 1.3574154433614463 0.689986363931957 1.268834299989976
70 1.2257287528573735
-------------------------------------------------END------------------------------------------------------
------------------------------------Reduced subspace LM---------------------------------------------------
391.3686009355363 412.57154184378925
0.9889916690643512 10
0.9999928650754184 40
0 356.44542439421116 372.7895631559421 1.1493825000070501
0.9679614916212884 10
0.9999852771959329 40
1 315.70344946827794 325.6765993453798 0.4532730999926571
0.87311345096795 10
0.9997015300780454 40
2 204.71353556007296 209.43901363054005 0.4624818000011146
0.8399960641961486 10
0.994437766292863 40
3 157.6481319030395 156.75012249675643 0.42619420000119135
0.8374943599959033 10
0.9993535479717186 40
4 68.29580861246957 69.87895002725502 0.42905860001337714
0.9589471955503833 10
0.9998479592476167 40
5 30.437075895698968 29.949984854334367 0.41976469999644905
0.984578077256852 10
0.9999317948910965 40
6 8.987681137324937 7.627147410669266 0.4343988999899011
0.8990504429801424 10
0.9996113376987888 40
7 4.757256635813119 3.646179908803394 0.4156714999990072
0.974521994700661 10
0.9999734183978322 40
8 3.4632505759021717 2.435592527707705 0.6169890000019222
0.8122851949658949 10
0.9998693969013038 40
9 2.839895576492386 1.9634428855417192 0.4319627000077162
0.9616148282869189 10
0.9999210039505345 40
10 2.340887026683253 1.5132883936209096 0.411242600006517
0.9378795621641496 10
0.999840048392046 40
11 2.0594974803163217 1.2689235505755996 0.5400834999745712
0.8807741764934015 10
0.9999584730276379 40
12 1.7157731873667923 0.9553308235178128 0.4244472999998834
0.8782612128744904 10
0.9999809318824647 40
13 1.5236113440911985 0.7900859741353187 0.42544410002301447
0.7068803680595891 10
0.9998583835685922 40
14 1.3488988791847047 0.6297477041087708 0.4349082999979146
0.9434322333687812 10
0.9999826709467482 40
15 1.255810066167809 0.5543616526841146 0.4385873999854084
0.7053930045662347 10
0.9999703309314287 40
16 1.1674552556934 0.47424987543480324 0.4239788000122644
0.9426806243713872 10
0.9999857238192205 40
17 1.1151111231495838 0.4316244205511003 0.8375891000032425
0.7948794851256471 10
0.9999789907052864 40
18 1.0574933363744232 0.3812758086108121 0.40777159997378476
0.8537571620516359 10
0.999975920456056 40
19 1.0215300109266012 0.3577549957919242 0.8002618000027724
0.7402522794705905 10
0.9999749155052751 40
20 0.9844252579264248 0.32296252561126026 0.44061650001094677
0.7874725531298592 10
0.9998517905416276 40
21 0.9580544157122164 0.307574725746018 0.5538273999991361
0.6464589801946866 10
0.999864007667499 40
22 0.9317536469325154 0.2824622532505104 0.4411796000204049
0.7929219671843911 10
0.9999074784834749 40
23 0.9110018145462289 0.2714367147372197 0.43617170001380146
0.7305937877300319 10
0.9999450653376472 40
24 0.8903309520114256 0.252229732493229 0.43949449999490753
0.8194062512400841 10
0.9999734315562766 40
25 0.873957342138092 0.24248814654028192 0.7468201000010595
0.7324821391323388 10
0.9999540161296339 40
26 0.8584756513753117 0.22700461227885477 0.8494971000181977
0.8368403661401117 10
0.9999719404614992 40
27 0.8456842184575449 0.22179712026463824 0.8683201000094414
0.7571828049963135 10
0.9999559950657935 40
28 0.8336040428145821 0.20834109597668965 0.42155389999970794
0.808776988944873 10
0.9998936800319235 40
29 0.8229804456071517 0.20355719435337258 0.4076727000065148
0.7862154854584227 10
0.9999357682915548 40
30 0.8126417495318005 0.19268503748315566 0.4293523999804165
0.8065642484546628 10
0.9998533149335589 40
31 0.8045124522522153 0.19001907735659246 0.41833619997487403
0.7748221375486816 10
0.9999052838061462 40
32 0.7965111348988175 0.17943717781687865 0.40857069997582585
0.7847421738744644 10
0.9997862183253369 40
33 0.7898048677282697 0.17856755792393103 0.4321327000216115
0.7723129490705982 10
0.999885530165368 40
34 0.7831272694548108 0.1685134242843448 0.5317848999984562
0.7498646594695152 10
0.9999254894718307 40
35 0.7773691249271224 0.1677009554331597 0.4125326000212226
0.7590905387704765 10
0.9998786894430751 40
36 0.7717812343157607 0.15966733315863216 0.4009638999996241
0.6828079752912894 10
0.9999654405878186 40
37 0.7663792882799285 0.15855211448404372 0.4151508999930229
0.7221236421267957 10
0.9999615167140189 40
38 0.7613059176382194 0.1506485225203849 0.396749000006821
0.6863282613175613 10
0.9999836164353998 40
39 0.756825896300054 0.14975405343866177 0.43338889998267405
40 0.5066901825004606
-------------------------------------------------END------------------------------------------------------